true_activity,pred_activity,confidence,is_correct,traffic_light,y_true_enc,y_pred_enc
lying,stairs_up,0.059,0,RED,0,7
lying,stairs_up,0.059,0,RED,0,7
lying,stairs_up,0.061,0,RED,0,7
lying,stairs_up,0.061,0,RED,0,7
lying,stairs_up,0.057,0,RED,0,7
lying,stairs_up,0.051,0,RED,0,7
lying,stairs_up,0.04,0,RED,0,7
lying,stairs_up,0.032,0,RED,0,7
lying,stairs_up,0.039,0,RED,0,7
lying,stairs_up,0.019,0,RED,0,7
lying,stairs_up,0.007,0,RED,0,7
lying,lying,0.001,1,RED,0,0
lying,lying,0.001,1,RED,0,0
lying,lying,0.008,1,RED,0,0
lying,lying,0.099,1,RED,0,0
lying,lying,0.618,1,YELLOW,0,0
lying,lying,0.747,1,YELLOW,0,0
lying,lying,0.783,1,GREEN,0,0
lying,lying,0.862,1,GREEN,0,0
lying,lying,0.902,1,GREEN,0,0
lying,lying,0.93,1,GREEN,0,0
lying,lying,0.938,1,GREEN,0,0
lying,lying,0.935,1,GREEN,0,0
lying,lying,0.935,1,GREEN,0,0
lying,lying,0.941,1,GREEN,0,0
lying,lying,0.952,1,GREEN,0,0
lying,lying,0.945,1,GREEN,0,0
lying,lying,0.94,1,GREEN,0,0
lying,lying,0.933,1,GREEN,0,0
lying,lying,0.934,1,GREEN,0,0
lying,lying,0.936,1,GREEN,0,0
lying,lying,0.94,1,GREEN,0,0
lying,lying,0.939,1,GREEN,0,0
lying,lying,0.935,1,GREEN,0,0
lying,lying,0.937,1,GREEN,0,0
lying,lying,0.939,1,GREEN,0,0
lying,lying,0.938,1,GREEN,0,0
lying,lying,0.937,1,GREEN,0,0
lying,lying,0.938,1,GREEN,0,0
lying,lying,0.938,1,GREEN,0,0
lying,lying,0.939,1,GREEN,0,0
lying,lying,0.938,1,GREEN,0,0
lying,lying,0.937,1,GREEN,0,0
lying,lying,0.937,1,GREEN,0,0
lying,lying,0.938,1,GREEN,0,0
lying,lying,0.94,1,GREEN,0,0
lying,lying,0.942,1,GREEN,0,0
lying,lying,0.937,1,GREEN,0,0
lying,lying,0.934,1,GREEN,0,0
lying,lying,0.937,1,GREEN,0,0
lying,lying,0.936,1,GREEN,0,0
lying,lying,0.936,1,GREEN,0,0
lying,lying,0.936,1,GREEN,0,0
lying,lying,0.937,1,GREEN,0,0
lying,lying,0.937,1,GREEN,0,0
lying,lying,0.936,1,GREEN,0,0
lying,lying,0.937,1,GREEN,0,0
lying,lying,0.937,1,GREEN,0,0
lying,lying,0.936,1,GREEN,0,0
lying,lying,0.936,1,GREEN,0,0
lying,lying,0.937,1,GREEN,0,0
lying,lying,0.937,1,GREEN,0,0
lying,lying,0.936,1,GREEN,0,0
lying,lying,0.936,1,GREEN,0,0
lying,lying,0.936,1,GREEN,0,0
lying,lying,0.937,1,GREEN,0,0
lying,lying,0.937,1,GREEN,0,0
lying,lying,0.936,1,GREEN,0,0
lying,lying,0.936,1,GREEN,0,0
lying,lying,0.936,1,GREEN,0,0
lying,lying,0.936,1,GREEN,0,0
lying,lying,0.937,1,GREEN,0,0
lying,lying,0.937,1,GREEN,0,0
lying,lying,0.937,1,GREEN,0,0
lying,lying,0.937,1,GREEN,0,0
lying,lying,0.936,1,GREEN,0,0
lying,lying,0.936,1,GREEN,0,0
lying,lying,0.936,1,GREEN,0,0
lying,lying,0.936,1,GREEN,0,0
lying,lying,0.937,1,GREEN,0,0
lying,lying,0.937,1,GREEN,0,0
lying,lying,0.937,1,GREEN,0,0
lying,lying,0.937,1,GREEN,0,0
lying,lying,0.937,1,GREEN,0,0
lying,lying,0.937,1,GREEN,0,0
lying,lying,0.936,1,GREEN,0,0
lying,lying,0.936,1,GREEN,0,0
lying,lying,0.936,1,GREEN,0,0
lying,lying,0.936,1,GREEN,0,0
lying,lying,0.937,1,GREEN,0,0
lying,lying,0.937,1,GREEN,0,0
lying,lying,0.936,1,GREEN,0,0
lying,lying,0.937,1,GREEN,0,0
lying,lying,0.937,1,GREEN,0,0
lying,lying,0.937,1,GREEN,0,0
lying,lying,0.937,1,GREEN,0,0
lying,lying,0.936,1,GREEN,0,0
lying,lying,0.936,1,GREEN,0,0
lying,lying,0.936,1,GREEN,0,0
lying,lying,0.937,1,GREEN,0,0
lying,lying,0.937,1,GREEN,0,0
lying,lying,0.937,1,GREEN,0,0
lying,lying,0.936,1,GREEN,0,0
lying,lying,0.936,1,GREEN,0,0
lying,lying,0.937,1,GREEN,0,0
lying,lying,0.936,1,GREEN,0,0
lying,lying,0.936,1,GREEN,0,0
lying,lying,0.936,1,GREEN,0,0
lying,lying,0.936,1,GREEN,0,0
lying,lying,0.937,1,GREEN,0,0
lying,lying,0.937,1,GREEN,0,0
lying,lying,0.937,1,GREEN,0,0
lying,lying,0.937,1,GREEN,0,0
lying,lying,0.936,1,GREEN,0,0
lying,lying,0.936,1,GREEN,0,0
lying,lying,0.936,1,GREEN,0,0
lying,lying,0.936,1,GREEN,0,0
lying,lying,0.937,1,GREEN,0,0
lying,lying,0.937,1,GREEN,0,0
lying,lying,0.937,1,GREEN,0,0
lying,lying,0.937,1,GREEN,0,0
lying,lying,0.936,1,GREEN,0,0
lying,lying,0.936,1,GREEN,0,0
lying,lying,0.936,1,GREEN,0,0
lying,lying,0.936,1,GREEN,0,0
lying,lying,0.936,1,GREEN,0,0
lying,lying,0.936,1,GREEN,0,0
lying,lying,0.937,1,GREEN,0,0
lying,lying,0.936,1,GREEN,0,0
lying,lying,0.936,1,GREEN,0,0
lying,lying,0.936,1,GREEN,0,0
lying,lying,0.936,1,GREEN,0,0
lying,lying,0.936,1,GREEN,0,0
lying,lying,0.936,1,GREEN,0,0
lying,lying,0.936,1,GREEN,0,0
lying,lying,0.937,1,GREEN,0,0
lying,lying,0.936,1,GREEN,0,0
lying,lying,0.936,1,GREEN,0,0
lying,lying,0.937,1,GREEN,0,0
lying,lying,0.937,1,GREEN,0,0
lying,lying,0.937,1,GREEN,0,0
lying,lying,0.937,1,GREEN,0,0
lying,lying,0.937,1,GREEN,0,0
lying,lying,0.937,1,GREEN,0,0
lying,lying,0.937,1,GREEN,0,0
lying,lying,0.937,1,GREEN,0,0
lying,lying,0.937,1,GREEN,0,0
lying,lying,0.937,1,GREEN,0,0
lying,lying,0.936,1,GREEN,0,0
lying,lying,0.936,1,GREEN,0,0
lying,lying,0.937,1,GREEN,0,0
lying,lying,0.936,1,GREEN,0,0
lying,lying,0.937,1,GREEN,0,0
lying,lying,0.937,1,GREEN,0,0
lying,lying,0.937,1,GREEN,0,0
lying,lying,0.937,1,GREEN,0,0
lying,lying,0.937,1,GREEN,0,0
lying,lying,0.937,1,GREEN,0,0
lying,lying,0.936,1,GREEN,0,0
lying,lying,0.936,1,GREEN,0,0
lying,lying,0.937,1,GREEN,0,0
lying,lying,0.937,1,GREEN,0,0
lying,lying,0.937,1,GREEN,0,0
lying,lying,0.937,1,GREEN,0,0
lying,lying,0.937,1,GREEN,0,0
lying,lying,0.937,1,GREEN,0,0
lying,lying,0.936,1,GREEN,0,0
lying,lying,0.937,1,GREEN,0,0
lying,lying,0.937,1,GREEN,0,0
lying,lying,0.937,1,GREEN,0,0
lying,lying,0.937,1,GREEN,0,0
lying,lying,0.937,1,GREEN,0,0
lying,lying,0.936,1,GREEN,0,0
lying,lying,0.936,1,GREEN,0,0
lying,lying,0.936,1,GREEN,0,0
lying,lying,0.937,1,GREEN,0,0
lying,lying,0.937,1,GREEN,0,0
lying,lying,0.936,1,GREEN,0,0
lying,lying,0.936,1,GREEN,0,0
lying,lying,0.936,1,GREEN,0,0
lying,lying,0.937,1,GREEN,0,0
lying,lying,0.936,1,GREEN,0,0
lying,lying,0.936,1,GREEN,0,0
lying,lying,0.936,1,GREEN,0,0
lying,lying,0.937,1,GREEN,0,0
lying,lying,0.937,1,GREEN,0,0
lying,lying,0.937,1,GREEN,0,0
lying,lying,0.936,1,GREEN,0,0
lying,lying,0.936,1,GREEN,0,0
lying,lying,0.937,1,GREEN,0,0
lying,lying,0.937,1,GREEN,0,0
lying,lying,0.937,1,GREEN,0,0
lying,lying,0.936,1,GREEN,0,0
lying,lying,0.936,1,GREEN,0,0
lying,lying,0.937,1,GREEN,0,0
lying,lying,0.936,1,GREEN,0,0
lying,lying,0.936,1,GREEN,0,0
lying,lying,0.936,1,GREEN,0,0
lying,lying,0.936,1,GREEN,0,0
lying,lying,0.937,1,GREEN,0,0
lying,lying,0.937,1,GREEN,0,0
lying,lying,0.937,1,GREEN,0,0
lying,lying,0.937,1,GREEN,0,0
lying,lying,0.937,1,GREEN,0,0
lying,lying,0.937,1,GREEN,0,0
lying,lying,0.937,1,GREEN,0,0
lying,lying,0.937,1,GREEN,0,0
lying,lying,0.937,1,GREEN,0,0
lying,lying,0.937,1,GREEN,0,0
lying,lying,0.937,1,GREEN,0,0
lying,lying,0.937,1,GREEN,0,0
lying,lying,0.937,1,GREEN,0,0
lying,lying,0.936,1,GREEN,0,0
lying,lying,0.936,1,GREEN,0,0
lying,lying,0.937,1,GREEN,0,0
lying,lying,0.937,1,GREEN,0,0
lying,lying,0.936,1,GREEN,0,0
lying,lying,0.936,1,GREEN,0,0
lying,lying,0.936,1,GREEN,0,0
lying,lying,0.937,1,GREEN,0,0
lying,lying,0.937,1,GREEN,0,0
lying,lying,0.936,1,GREEN,0,0
lying,lying,0.936,1,GREEN,0,0
lying,lying,0.936,1,GREEN,0,0
lying,lying,0.936,1,GREEN,0,0
lying,lying,0.936,1,GREEN,0,0
lying,lying,0.937,1,GREEN,0,0
lying,lying,0.937,1,GREEN,0,0
lying,lying,0.936,1,GREEN,0,0
lying,lying,0.937,1,GREEN,0,0
lying,lying,0.937,1,GREEN,0,0
lying,lying,0.937,1,GREEN,0,0
lying,lying,0.937,1,GREEN,0,0
lying,lying,0.936,1,GREEN,0,0
lying,lying,0.936,1,GREEN,0,0
lying,lying,0.937,1,GREEN,0,0
lying,lying,0.936,1,GREEN,0,0
lying,lying,0.936,1,GREEN,0,0
lying,lying,0.936,1,GREEN,0,0
lying,lying,0.937,1,GREEN,0,0
lying,lying,0.937,1,GREEN,0,0
lying,lying,0.936,1,GREEN,0,0
lying,lying,0.936,1,GREEN,0,0
lying,lying,0.936,1,GREEN,0,0
lying,lying,0.936,1,GREEN,0,0
lying,lying,0.937,1,GREEN,0,0
lying,lying,0.937,1,GREEN,0,0
lying,lying,0.936,1,GREEN,0,0
lying,lying,0.936,1,GREEN,0,0
lying,lying,0.936,1,GREEN,0,0
lying,lying,0.936,1,GREEN,0,0
lying,lying,0.936,1,GREEN,0,0
lying,lying,0.936,1,GREEN,0,0
lying,lying,0.936,1,GREEN,0,0
lying,lying,0.936,1,GREEN,0,0
lying,lying,0.936,1,GREEN,0,0
lying,lying,0.937,1,GREEN,0,0
lying,lying,0.936,1,GREEN,0,0
lying,lying,0.936,1,GREEN,0,0
lying,lying,0.936,1,GREEN,0,0
lying,lying,0.936,1,GREEN,0,0
lying,lying,0.936,1,GREEN,0,0
lying,lying,0.936,1,GREEN,0,0
lying,lying,0.936,1,GREEN,0,0
lying,lying,0.936,1,GREEN,0,0
lying,lying,0.936,1,GREEN,0,0
lying,lying,0.936,1,GREEN,0,0
lying,lying,0.937,1,GREEN,0,0
lying,lying,0.936,1,GREEN,0,0
lying,lying,0.936,1,GREEN,0,0
lying,lying,0.936,1,GREEN,0,0
lying,lying,0.937,1,GREEN,0,0
lying,lying,0.937,1,GREEN,0,0
lying,lying,0.936,1,GREEN,0,0
lying,lying,0.936,1,GREEN,0,0
lying,lying,0.936,1,GREEN,0,0
lying,lying,0.936,1,GREEN,0,0
lying,lying,0.936,1,GREEN,0,0
lying,lying,0.937,1,GREEN,0,0
lying,lying,0.937,1,GREEN,0,0
lying,lying,0.937,1,GREEN,0,0
lying,lying,0.936,1,GREEN,0,0
lying,lying,0.937,1,GREEN,0,0
lying,lying,0.937,1,GREEN,0,0
lying,lying,0.936,1,GREEN,0,0
lying,lying,0.936,1,GREEN,0,0
lying,lying,0.937,1,GREEN,0,0
lying,lying,0.937,1,GREEN,0,0
lying,lying,0.936,1,GREEN,0,0
lying,lying,0.936,1,GREEN,0,0
lying,lying,0.936,1,GREEN,0,0
lying,lying,0.936,1,GREEN,0,0
lying,lying,0.937,1,GREEN,0,0
lying,lying,0.937,1,GREEN,0,0
lying,lying,0.936,1,GREEN,0,0
lying,lying,0.936,1,GREEN,0,0
lying,lying,0.936,1,GREEN,0,0
lying,lying,0.936,1,GREEN,0,0
lying,lying,0.936,1,GREEN,0,0
lying,lying,0.936,1,GREEN,0,0
lying,lying,0.936,1,GREEN,0,0
lying,lying,0.936,1,GREEN,0,0
lying,lying,0.936,1,GREEN,0,0
lying,lying,0.936,1,GREEN,0,0
lying,lying,0.936,1,GREEN,0,0
lying,lying,0.937,1,GREEN,0,0
lying,lying,0.936,1,GREEN,0,0
lying,lying,0.936,1,GREEN,0,0
lying,lying,0.936,1,GREEN,0,0
lying,lying,0.937,1,GREEN,0,0
lying,lying,0.937,1,GREEN,0,0
lying,lying,0.937,1,GREEN,0,0
lying,lying,0.936,1,GREEN,0,0
lying,lying,0.936,1,GREEN,0,0
lying,lying,0.936,1,GREEN,0,0
lying,lying,0.936,1,GREEN,0,0
lying,lying,0.936,1,GREEN,0,0
lying,lying,0.937,1,GREEN,0,0
lying,lying,0.937,1,GREEN,0,0
lying,lying,0.937,1,GREEN,0,0
lying,lying,0.937,1,GREEN,0,0
lying,lying,0.936,1,GREEN,0,0
lying,lying,0.936,1,GREEN,0,0
lying,lying,0.936,1,GREEN,0,0
lying,lying,0.936,1,GREEN,0,0
lying,lying,0.936,1,GREEN,0,0
lying,lying,0.936,1,GREEN,0,0
lying,lying,0.937,1,GREEN,0,0
lying,lying,0.937,1,GREEN,0,0
lying,lying,0.936,1,GREEN,0,0
lying,lying,0.936,1,GREEN,0,0
lying,lying,0.936,1,GREEN,0,0
lying,lying,0.936,1,GREEN,0,0
lying,lying,0.936,1,GREEN,0,0
lying,lying,0.936,1,GREEN,0,0
lying,lying,0.936,1,GREEN,0,0
lying,lying,0.936,1,GREEN,0,0
lying,lying,0.936,1,GREEN,0,0
lying,lying,0.936,1,GREEN,0,0
lying,lying,0.936,1,GREEN,0,0
lying,lying,0.936,1,GREEN,0,0
lying,lying,0.936,1,GREEN,0,0
lying,lying,0.936,1,GREEN,0,0
lying,lying,0.936,1,GREEN,0,0
lying,lying,0.936,1,GREEN,0,0
lying,lying,0.937,1,GREEN,0,0
lying,lying,0.937,1,GREEN,0,0
lying,lying,0.936,1,GREEN,0,0
lying,lying,0.936,1,GREEN,0,0
lying,lying,0.936,1,GREEN,0,0
lying,lying,0.937,1,GREEN,0,0
lying,lying,0.937,1,GREEN,0,0
lying,lying,0.937,1,GREEN,0,0
lying,lying,0.937,1,GREEN,0,0
lying,lying,0.936,1,GREEN,0,0
lying,lying,0.936,1,GREEN,0,0
lying,lying,0.936,1,GREEN,0,0
lying,lying,0.936,1,GREEN,0,0
lying,lying,0.937,1,GREEN,0,0
lying,lying,0.936,1,GREEN,0,0
lying,lying,0.936,1,GREEN,0,0
lying,lying,0.936,1,GREEN,0,0
lying,lying,0.936,1,GREEN,0,0
lying,lying,0.936,1,GREEN,0,0
lying,lying,0.936,1,GREEN,0,0
lying,lying,0.936,1,GREEN,0,0
lying,lying,0.936,1,GREEN,0,0
lying,lying,0.936,1,GREEN,0,0
lying,lying,0.936,1,GREEN,0,0
lying,lying,0.937,1,GREEN,0,0
lying,lying,0.936,1,GREEN,0,0
lying,lying,0.936,1,GREEN,0,0
lying,lying,0.936,1,GREEN,0,0
lying,lying,0.936,1,GREEN,0,0
lying,lying,0.936,1,GREEN,0,0
lying,lying,0.936,1,GREEN,0,0
lying,lying,0.936,1,GREEN,0,0
lying,lying,0.936,1,GREEN,0,0
lying,lying,0.936,1,GREEN,0,0
lying,lying,0.936,1,GREEN,0,0
lying,lying,0.936,1,GREEN,0,0
lying,lying,0.936,1,GREEN,0,0
lying,lying,0.936,1,GREEN,0,0
lying,lying,0.936,1,GREEN,0,0
lying,lying,0.936,1,GREEN,0,0
lying,lying,0.936,1,GREEN,0,0
lying,lying,0.936,1,GREEN,0,0
lying,lying,0.937,1,GREEN,0,0
lying,lying,0.936,1,GREEN,0,0
lying,lying,0.936,1,GREEN,0,0
lying,lying,0.936,1,GREEN,0,0
lying,lying,0.936,1,GREEN,0,0
lying,lying,0.936,1,GREEN,0,0
lying,lying,0.936,1,GREEN,0,0
lying,lying,0.936,1,GREEN,0,0
lying,lying,0.936,1,GREEN,0,0
lying,lying,0.936,1,GREEN,0,0
lying,lying,0.936,1,GREEN,0,0
lying,lying,0.937,1,GREEN,0,0
lying,lying,0.936,1,GREEN,0,0
lying,lying,0.936,1,GREEN,0,0
lying,lying,0.936,1,GREEN,0,0
lying,lying,0.936,1,GREEN,0,0
lying,lying,0.936,1,GREEN,0,0
lying,lying,0.936,1,GREEN,0,0
lying,lying,0.936,1,GREEN,0,0
lying,lying,0.936,1,GREEN,0,0
lying,lying,0.936,1,GREEN,0,0
lying,lying,0.936,1,GREEN,0,0
lying,lying,0.936,1,GREEN,0,0
lying,lying,0.936,1,GREEN,0,0
lying,lying,0.936,1,GREEN,0,0
lying,lying,0.936,1,GREEN,0,0
lying,lying,0.937,1,GREEN,0,0
lying,lying,0.937,1,GREEN,0,0
lying,lying,0.936,1,GREEN,0,0
lying,lying,0.936,1,GREEN,0,0
lying,lying,0.936,1,GREEN,0,0
lying,lying,0.936,1,GREEN,0,0
lying,lying,0.936,1,GREEN,0,0
lying,lying,0.936,1,GREEN,0,0
lying,lying,0.936,1,GREEN,0,0
lying,lying,0.936,1,GREEN,0,0
lying,lying,0.936,1,GREEN,0,0
lying,lying,0.936,1,GREEN,0,0
lying,lying,0.936,1,GREEN,0,0
lying,lying,0.936,1,GREEN,0,0
lying,lying,0.936,1,GREEN,0,0
lying,lying,0.937,1,GREEN,0,0
lying,lying,0.937,1,GREEN,0,0
lying,lying,0.937,1,GREEN,0,0
lying,lying,0.937,1,GREEN,0,0
lying,lying,0.936,1,GREEN,0,0
lying,lying,0.936,1,GREEN,0,0
lying,lying,0.936,1,GREEN,0,0
lying,lying,0.936,1,GREEN,0,0
lying,lying,0.936,1,GREEN,0,0
lying,lying,0.936,1,GREEN,0,0
lying,lying,0.936,1,GREEN,0,0
lying,lying,0.937,1,GREEN,0,0
lying,lying,0.945,1,GREEN,0,0
lying,lying,0.943,1,GREEN,0,0
lying,lying,0.939,1,GREEN,0,0
lying,lying,0.94,1,GREEN,0,0
lying,lying,0.939,1,GREEN,0,0
lying,lying,0.934,1,GREEN,0,0
lying,lying,0.929,1,GREEN,0,0
lying,lying,0.91,1,GREEN,0,0
lying,lying,0.896,1,GREEN,0,0
lying,lying,0.835,1,GREEN,0,0
lying,lying,0.534,1,YELLOW,0,0
lying,lying,0.255,1,RED,0,0
lying,lying,0.27,1,RED,0,0
lying,lying,0.127,1,RED,0,0
lying,lying,0.06,1,RED,0,0
lying,lying,0.274,1,RED,0,0
lying,lying,0.192,1,RED,0,0
lying,standing,0.036,0,RED,0,2
lying,standing,0.055,0,RED,0,2
lying,standing,0.145,0,RED,0,2
lying,standing,0.081,0,RED,0,2
lying,standing,0.066,0,RED,0,2
lying,standing,0.058,0,RED,0,2
lying,standing,0.056,0,RED,0,2
lying,standing,0.045,0,RED,0,2
sitting,standing,0.127,0,RED,1,2
sitting,standing,0.128,0,RED,1,2
sitting,standing,0.13,0,RED,1,2
sitting,standing,0.128,0,RED,1,2
sitting,standing,0.127,0,RED,1,2
sitting,standing,0.125,0,RED,1,2
sitting,standing,0.118,0,RED,1,2
sitting,standing,0.08,0,RED,1,2
sitting,standing,0.06,0,RED,1,2
sitting,standing,0.056,0,RED,1,2
sitting,standing,0.051,0,RED,1,2
sitting,standing,0.267,0,RED,1,2
sitting,sitting,0.211,1,RED,1,1
sitting,sitting,0.032,1,RED,1,1
sitting,sitting,0.026,1,RED,1,1
sitting,sitting,0.031,1,RED,1,1
sitting,sitting,0.084,1,RED,1,1
sitting,sitting,0.116,1,RED,1,1
sitting,sitting,0.131,1,RED,1,1
sitting,sitting,0.654,1,YELLOW,1,1
sitting,sitting,0.914,1,GREEN,1,1
sitting,sitting,0.932,1,GREEN,1,1
sitting,sitting,0.94,1,GREEN,1,1
sitting,sitting,0.946,1,GREEN,1,1
sitting,sitting,0.943,1,GREEN,1,1
sitting,sitting,0.945,1,GREEN,1,1
sitting,sitting,0.942,1,GREEN,1,1
sitting,sitting,0.914,1,GREEN,1,1
sitting,sitting,0.886,1,GREEN,1,1
sitting,sitting,0.913,1,GREEN,1,1
sitting,sitting,0.937,1,GREEN,1,1
sitting,sitting,0.933,1,GREEN,1,1
sitting,sitting,0.948,1,GREEN,1,1
sitting,sitting,0.955,1,GREEN,1,1
sitting,sitting,0.954,1,GREEN,1,1
sitting,sitting,0.951,1,GREEN,1,1
sitting,sitting,0.946,1,GREEN,1,1
sitting,sitting,0.95,1,GREEN,1,1
sitting,sitting,0.955,1,GREEN,1,1
sitting,sitting,0.955,1,GREEN,1,1
sitting,sitting,0.954,1,GREEN,1,1
sitting,sitting,0.955,1,GREEN,1,1
sitting,sitting,0.955,1,GREEN,1,1
sitting,sitting,0.954,1,GREEN,1,1
sitting,sitting,0.955,1,GREEN,1,1
sitting,sitting,0.955,1,GREEN,1,1
sitting,sitting,0.955,1,GREEN,1,1
sitting,sitting,0.954,1,GREEN,1,1
sitting,sitting,0.954,1,GREEN,1,1
sitting,sitting,0.955,1,GREEN,1,1
sitting,sitting,0.955,1,GREEN,1,1
sitting,sitting,0.956,1,GREEN,1,1
sitting,sitting,0.954,1,GREEN,1,1
sitting,sitting,0.951,1,GREEN,1,1
sitting,sitting,0.951,1,GREEN,1,1
sitting,sitting,0.952,1,GREEN,1,1
sitting,sitting,0.952,1,GREEN,1,1
sitting,sitting,0.948,1,GREEN,1,1
sitting,sitting,0.948,1,GREEN,1,1
sitting,sitting,0.952,1,GREEN,1,1
sitting,sitting,0.953,1,GREEN,1,1
sitting,sitting,0.953,1,GREEN,1,1
sitting,sitting,0.953,1,GREEN,1,1
sitting,sitting,0.953,1,GREEN,1,1
sitting,sitting,0.953,1,GREEN,1,1
sitting,sitting,0.953,1,GREEN,1,1
sitting,sitting,0.949,1,GREEN,1,1
sitting,sitting,0.936,1,GREEN,1,1
sitting,sitting,0.908,1,GREEN,1,1
sitting,sitting,0.893,1,GREEN,1,1
sitting,sitting,0.927,1,GREEN,1,1
sitting,sitting,0.948,1,GREEN,1,1
sitting,sitting,0.952,1,GREEN,1,1
sitting,sitting,0.938,1,GREEN,1,1
sitting,sitting,0.92,1,GREEN,1,1
sitting,sitting,0.901,1,GREEN,1,1
sitting,sitting,0.772,1,GREEN,1,1
sitting,sitting,0.631,1,YELLOW,1,1
sitting,sitting,0.86,1,GREEN,1,1
sitting,sitting,0.954,1,GREEN,1,1
sitting,sitting,0.955,1,GREEN,1,1
sitting,sitting,0.952,1,GREEN,1,1
sitting,sitting,0.951,1,GREEN,1,1
sitting,sitting,0.951,1,GREEN,1,1
sitting,sitting,0.95,1,GREEN,1,1
sitting,sitting,0.945,1,GREEN,1,1
sitting,sitting,0.947,1,GREEN,1,1
sitting,sitting,0.95,1,GREEN,1,1
sitting,sitting,0.947,1,GREEN,1,1
sitting,sitting,0.946,1,GREEN,1,1
sitting,sitting,0.937,1,GREEN,1,1
sitting,sitting,0.938,1,GREEN,1,1
sitting,sitting,0.944,1,GREEN,1,1
sitting,sitting,0.943,1,GREEN,1,1
sitting,sitting,0.943,1,GREEN,1,1
sitting,sitting,0.945,1,GREEN,1,1
sitting,sitting,0.946,1,GREEN,1,1
sitting,sitting,0.946,1,GREEN,1,1
sitting,sitting,0.944,1,GREEN,1,1
sitting,sitting,0.943,1,GREEN,1,1
sitting,sitting,0.944,1,GREEN,1,1
sitting,sitting,0.944,1,GREEN,1,1
sitting,sitting,0.944,1,GREEN,1,1
sitting,sitting,0.944,1,GREEN,1,1
sitting,sitting,0.944,1,GREEN,1,1
sitting,sitting,0.944,1,GREEN,1,1
sitting,sitting,0.943,1,GREEN,1,1
sitting,sitting,0.942,1,GREEN,1,1
sitting,sitting,0.943,1,GREEN,1,1
sitting,sitting,0.945,1,GREEN,1,1
sitting,sitting,0.945,1,GREEN,1,1
sitting,sitting,0.945,1,GREEN,1,1
sitting,sitting,0.944,1,GREEN,1,1
sitting,sitting,0.943,1,GREEN,1,1
sitting,sitting,0.945,1,GREEN,1,1
sitting,sitting,0.945,1,GREEN,1,1
sitting,sitting,0.946,1,GREEN,1,1
sitting,sitting,0.944,1,GREEN,1,1
sitting,sitting,0.945,1,GREEN,1,1
sitting,sitting,0.947,1,GREEN,1,1
sitting,sitting,0.945,1,GREEN,1,1
sitting,sitting,0.94,1,GREEN,1,1
sitting,sitting,0.942,1,GREEN,1,1
sitting,sitting,0.946,1,GREEN,1,1
sitting,sitting,0.944,1,GREEN,1,1
sitting,sitting,0.943,1,GREEN,1,1
sitting,sitting,0.943,1,GREEN,1,1
sitting,sitting,0.943,1,GREEN,1,1
sitting,sitting,0.946,1,GREEN,1,1
sitting,sitting,0.947,1,GREEN,1,1
sitting,sitting,0.945,1,GREEN,1,1
sitting,sitting,0.947,1,GREEN,1,1
sitting,sitting,0.947,1,GREEN,1,1
sitting,sitting,0.948,1,GREEN,1,1
sitting,sitting,0.948,1,GREEN,1,1
sitting,sitting,0.945,1,GREEN,1,1
sitting,sitting,0.938,1,GREEN,1,1
sitting,sitting,0.933,1,GREEN,1,1
sitting,sitting,0.921,1,GREEN,1,1
sitting,sitting,0.913,1,GREEN,1,1
sitting,sitting,0.927,1,GREEN,1,1
sitting,sitting,0.94,1,GREEN,1,1
sitting,sitting,0.937,1,GREEN,1,1
sitting,sitting,0.935,1,GREEN,1,1
sitting,sitting,0.936,1,GREEN,1,1
sitting,sitting,0.939,1,GREEN,1,1
sitting,sitting,0.937,1,GREEN,1,1
sitting,sitting,0.936,1,GREEN,1,1
sitting,sitting,0.938,1,GREEN,1,1
sitting,sitting,0.937,1,GREEN,1,1
sitting,sitting,0.936,1,GREEN,1,1
sitting,sitting,0.935,1,GREEN,1,1
sitting,sitting,0.935,1,GREEN,1,1
sitting,sitting,0.926,1,GREEN,1,1
sitting,sitting,0.923,1,GREEN,1,1
sitting,sitting,0.929,1,GREEN,1,1
sitting,sitting,0.897,1,GREEN,1,1
sitting,sitting,0.837,1,GREEN,1,1
sitting,sitting,0.876,1,GREEN,1,1
sitting,sitting,0.94,1,GREEN,1,1
sitting,sitting,0.954,1,GREEN,1,1
sitting,sitting,0.95,1,GREEN,1,1
sitting,sitting,0.94,1,GREEN,1,1
sitting,sitting,0.847,1,GREEN,1,1
sitting,sitting,0.771,1,GREEN,1,1
sitting,sitting,0.884,1,GREEN,1,1
sitting,sitting,0.906,1,GREEN,1,1
sitting,sitting,0.919,1,GREEN,1,1
sitting,sitting,0.944,1,GREEN,1,1
sitting,sitting,0.946,1,GREEN,1,1
sitting,sitting,0.951,1,GREEN,1,1
sitting,sitting,0.95,1,GREEN,1,1
sitting,sitting,0.95,1,GREEN,1,1
sitting,sitting,0.954,1,GREEN,1,1
sitting,sitting,0.954,1,GREEN,1,1
sitting,sitting,0.954,1,GREEN,1,1
sitting,sitting,0.954,1,GREEN,1,1
sitting,sitting,0.948,1,GREEN,1,1
sitting,sitting,0.946,1,GREEN,1,1
sitting,sitting,0.952,1,GREEN,1,1
sitting,sitting,0.953,1,GREEN,1,1
sitting,sitting,0.948,1,GREEN,1,1
sitting,sitting,0.947,1,GREEN,1,1
sitting,sitting,0.954,1,GREEN,1,1
sitting,sitting,0.955,1,GREEN,1,1
sitting,sitting,0.954,1,GREEN,1,1
sitting,sitting,0.953,1,GREEN,1,1
sitting,sitting,0.952,1,GREEN,1,1
sitting,sitting,0.953,1,GREEN,1,1
sitting,sitting,0.953,1,GREEN,1,1
sitting,sitting,0.952,1,GREEN,1,1
sitting,sitting,0.951,1,GREEN,1,1
sitting,sitting,0.952,1,GREEN,1,1
sitting,sitting,0.954,1,GREEN,1,1
sitting,sitting,0.954,1,GREEN,1,1
sitting,sitting,0.955,1,GREEN,1,1
sitting,sitting,0.956,1,GREEN,1,1
sitting,sitting,0.956,1,GREEN,1,1
sitting,sitting,0.956,1,GREEN,1,1
sitting,sitting,0.953,1,GREEN,1,1
sitting,sitting,0.953,1,GREEN,1,1
sitting,sitting,0.932,1,GREEN,1,1
sitting,sitting,0.887,1,GREEN,1,1
sitting,sitting,0.88,1,GREEN,1,1
sitting,sitting,0.815,1,GREEN,1,1
sitting,sitting,0.732,1,YELLOW,1,1
sitting,sitting,0.692,1,YELLOW,1,1
sitting,sitting,0.839,1,GREEN,1,1
sitting,sitting,0.948,1,GREEN,1,1
sitting,sitting,0.953,1,GREEN,1,1
sitting,sitting,0.946,1,GREEN,1,1
sitting,sitting,0.947,1,GREEN,1,1
sitting,sitting,0.941,1,GREEN,1,1
sitting,sitting,0.87,1,GREEN,1,1
sitting,sitting,0.757,1,GREEN,1,1
sitting,sitting,0.796,1,GREEN,1,1
sitting,sitting,0.805,1,GREEN,1,1
sitting,sitting,0.777,1,GREEN,1,1
sitting,sitting,0.695,1,YELLOW,1,1
sitting,sitting,0.803,1,GREEN,1,1
sitting,sitting,0.925,1,GREEN,1,1
sitting,sitting,0.914,1,GREEN,1,1
sitting,sitting,0.868,1,GREEN,1,1
sitting,sitting,0.839,1,GREEN,1,1
sitting,sitting,0.827,1,GREEN,1,1
sitting,sitting,0.827,1,GREEN,1,1
sitting,sitting,0.832,1,GREEN,1,1
sitting,sitting,0.845,1,GREEN,1,1
sitting,sitting,0.843,1,GREEN,1,1
sitting,sitting,0.756,1,GREEN,1,1
sitting,sitting,0.788,1,GREEN,1,1
sitting,sitting,0.915,1,GREEN,1,1
sitting,sitting,0.915,1,GREEN,1,1
sitting,sitting,0.859,1,GREEN,1,1
sitting,sitting,0.755,1,GREEN,1,1
sitting,sitting,0.782,1,GREEN,1,1
sitting,sitting,0.91,1,GREEN,1,1
sitting,sitting,0.922,1,GREEN,1,1
sitting,sitting,0.874,1,GREEN,1,1
sitting,sitting,0.835,1,GREEN,1,1
sitting,sitting,0.842,1,GREEN,1,1
sitting,sitting,0.837,1,GREEN,1,1
sitting,sitting,0.842,1,GREEN,1,1
sitting,sitting,0.845,1,GREEN,1,1
sitting,sitting,0.839,1,GREEN,1,1
sitting,sitting,0.841,1,GREEN,1,1
sitting,sitting,0.839,1,GREEN,1,1
sitting,sitting,0.838,1,GREEN,1,1
sitting,sitting,0.796,1,GREEN,1,1
sitting,sitting,0.8,1,GREEN,1,1
sitting,sitting,0.871,1,GREEN,1,1
sitting,sitting,0.895,1,GREEN,1,1
sitting,sitting,0.899,1,GREEN,1,1
sitting,sitting,0.876,1,GREEN,1,1
sitting,sitting,0.839,1,GREEN,1,1
sitting,sitting,0.831,1,GREEN,1,1
sitting,sitting,0.844,1,GREEN,1,1
sitting,sitting,0.856,1,GREEN,1,1
sitting,sitting,0.877,1,GREEN,1,1
sitting,sitting,0.877,1,GREEN,1,1
sitting,sitting,0.88,1,GREEN,1,1
sitting,sitting,0.881,1,GREEN,1,1
sitting,sitting,0.878,1,GREEN,1,1
sitting,sitting,0.876,1,GREEN,1,1
sitting,sitting,0.88,1,GREEN,1,1
sitting,sitting,0.885,1,GREEN,1,1
sitting,sitting,0.884,1,GREEN,1,1
sitting,sitting,0.882,1,GREEN,1,1
sitting,sitting,0.873,1,GREEN,1,1
sitting,sitting,0.861,1,GREEN,1,1
sitting,sitting,0.866,1,GREEN,1,1
sitting,sitting,0.85,1,GREEN,1,1
sitting,sitting,0.856,1,GREEN,1,1
sitting,sitting,0.903,1,GREEN,1,1
sitting,sitting,0.89,1,GREEN,1,1
sitting,sitting,0.856,1,GREEN,1,1
sitting,sitting,0.851,1,GREEN,1,1
sitting,sitting,0.823,1,GREEN,1,1
sitting,sitting,0.809,1,GREEN,1,1
sitting,sitting,0.873,1,GREEN,1,1
sitting,sitting,0.916,1,GREEN,1,1
sitting,sitting,0.923,1,GREEN,1,1
sitting,sitting,0.924,1,GREEN,1,1
sitting,sitting,0.923,1,GREEN,1,1
sitting,sitting,0.924,1,GREEN,1,1
sitting,sitting,0.923,1,GREEN,1,1
sitting,sitting,0.925,1,GREEN,1,1
sitting,sitting,0.925,1,GREEN,1,1
sitting,sitting,0.923,1,GREEN,1,1
sitting,sitting,0.924,1,GREEN,1,1
sitting,sitting,0.924,1,GREEN,1,1
sitting,sitting,0.926,1,GREEN,1,1
sitting,sitting,0.926,1,GREEN,1,1
sitting,sitting,0.925,1,GREEN,1,1
sitting,sitting,0.929,1,GREEN,1,1
sitting,sitting,0.931,1,GREEN,1,1
sitting,sitting,0.923,1,GREEN,1,1
sitting,sitting,0.919,1,GREEN,1,1
sitting,sitting,0.946,1,GREEN,1,1
sitting,sitting,0.962,1,GREEN,1,1
sitting,sitting,0.968,1,GREEN,1,1
sitting,sitting,0.969,1,GREEN,1,1
sitting,sitting,0.951,1,GREEN,1,1
sitting,sitting,0.928,1,GREEN,1,1
sitting,sitting,0.939,1,GREEN,1,1
sitting,sitting,0.937,1,GREEN,1,1
sitting,sitting,0.937,1,GREEN,1,1
sitting,sitting,0.937,1,GREEN,1,1
sitting,sitting,0.938,1,GREEN,1,1
sitting,sitting,0.939,1,GREEN,1,1
sitting,sitting,0.939,1,GREEN,1,1
sitting,sitting,0.939,1,GREEN,1,1
sitting,sitting,0.94,1,GREEN,1,1
sitting,sitting,0.939,1,GREEN,1,1
sitting,sitting,0.937,1,GREEN,1,1
sitting,sitting,0.938,1,GREEN,1,1
sitting,sitting,0.939,1,GREEN,1,1
sitting,sitting,0.939,1,GREEN,1,1
sitting,sitting,0.939,1,GREEN,1,1
sitting,sitting,0.938,1,GREEN,1,1
sitting,sitting,0.937,1,GREEN,1,1
sitting,sitting,0.936,1,GREEN,1,1
sitting,sitting,0.937,1,GREEN,1,1
sitting,sitting,0.937,1,GREEN,1,1
sitting,sitting,0.938,1,GREEN,1,1
sitting,sitting,0.938,1,GREEN,1,1
sitting,sitting,0.938,1,GREEN,1,1
sitting,sitting,0.94,1,GREEN,1,1
sitting,sitting,0.933,1,GREEN,1,1
sitting,sitting,0.93,1,GREEN,1,1
sitting,sitting,0.927,1,GREEN,1,1
sitting,sitting,0.911,1,GREEN,1,1
sitting,sitting,0.891,1,GREEN,1,1
sitting,sitting,0.903,1,GREEN,1,1
sitting,sitting,0.92,1,GREEN,1,1
sitting,sitting,0.921,1,GREEN,1,1
sitting,sitting,0.919,1,GREEN,1,1
sitting,sitting,0.925,1,GREEN,1,1
sitting,sitting,0.939,1,GREEN,1,1
sitting,sitting,0.94,1,GREEN,1,1
sitting,sitting,0.941,1,GREEN,1,1
sitting,sitting,0.941,1,GREEN,1,1
sitting,sitting,0.952,1,GREEN,1,1
sitting,sitting,0.952,1,GREEN,1,1
sitting,sitting,0.909,1,GREEN,1,1
sitting,sitting,0.894,1,GREEN,1,1
sitting,sitting,0.939,1,GREEN,1,1
sitting,sitting,0.936,1,GREEN,1,1
sitting,sitting,0.935,1,GREEN,1,1
sitting,sitting,0.938,1,GREEN,1,1
sitting,sitting,0.938,1,GREEN,1,1
sitting,sitting,0.939,1,GREEN,1,1
sitting,sitting,0.941,1,GREEN,1,1
sitting,sitting,0.942,1,GREEN,1,1
sitting,sitting,0.928,1,GREEN,1,1
sitting,sitting,0.928,1,GREEN,1,1
sitting,sitting,0.938,1,GREEN,1,1
sitting,sitting,0.935,1,GREEN,1,1
sitting,sitting,0.927,1,GREEN,1,1
sitting,sitting,0.935,1,GREEN,1,1
sitting,sitting,0.937,1,GREEN,1,1
sitting,sitting,0.939,1,GREEN,1,1
sitting,sitting,0.93,1,GREEN,1,1
sitting,sitting,0.902,1,GREEN,1,1
sitting,sitting,0.834,1,GREEN,1,1
sitting,sitting,0.84,1,GREEN,1,1
sitting,sitting,0.787,1,GREEN,1,1
sitting,sitting,0.634,1,YELLOW,1,1
sitting,sitting,0.742,1,YELLOW,1,1
sitting,sitting,0.708,1,YELLOW,1,1
sitting,sitting,0.696,1,YELLOW,1,1
sitting,sitting,0.709,1,YELLOW,1,1
sitting,sitting,0.697,1,YELLOW,1,1
sitting,sitting,0.717,1,YELLOW,1,1
sitting,sitting,0.717,1,YELLOW,1,1
sitting,sitting,0.728,1,YELLOW,1,1
sitting,sitting,0.741,1,YELLOW,1,1
sitting,sitting,0.758,1,GREEN,1,1
sitting,sitting,0.767,1,GREEN,1,1
sitting,sitting,0.762,1,GREEN,1,1
sitting,sitting,0.762,1,GREEN,1,1
sitting,sitting,0.767,1,GREEN,1,1
sitting,sitting,0.766,1,GREEN,1,1
sitting,sitting,0.765,1,GREEN,1,1
sitting,sitting,0.763,1,GREEN,1,1
sitting,sitting,0.763,1,GREEN,1,1
sitting,sitting,0.765,1,GREEN,1,1
sitting,sitting,0.764,1,GREEN,1,1
sitting,sitting,0.749,1,YELLOW,1,1
sitting,sitting,0.784,1,GREEN,1,1
sitting,sitting,0.795,1,GREEN,1,1
sitting,sitting,0.761,1,GREEN,1,1
sitting,sitting,0.781,1,GREEN,1,1
sitting,sitting,0.77,1,GREEN,1,1
sitting,sitting,0.756,1,GREEN,1,1
sitting,sitting,0.763,1,GREEN,1,1
sitting,sitting,0.768,1,GREEN,1,1
sitting,sitting,0.761,1,GREEN,1,1
sitting,sitting,0.757,1,GREEN,1,1
sitting,sitting,0.763,1,GREEN,1,1
sitting,sitting,0.777,1,GREEN,1,1
sitting,sitting,0.768,1,GREEN,1,1
sitting,sitting,0.774,1,GREEN,1,1
sitting,sitting,0.782,1,GREEN,1,1
sitting,sitting,0.777,1,GREEN,1,1
sitting,sitting,0.766,1,GREEN,1,1
sitting,sitting,0.761,1,GREEN,1,1
sitting,sitting,0.757,1,GREEN,1,1
sitting,sitting,0.755,1,GREEN,1,1
sitting,sitting,0.763,1,GREEN,1,1
sitting,sitting,0.763,1,GREEN,1,1
sitting,sitting,0.815,1,GREEN,1,1
sitting,sitting,0.882,1,GREEN,1,1
sitting,sitting,0.886,1,GREEN,1,1
sitting,sitting,0.877,1,GREEN,1,1
sitting,sitting,0.905,1,GREEN,1,1
sitting,sitting,0.912,1,GREEN,1,1
sitting,sitting,0.906,1,GREEN,1,1
sitting,sitting,0.912,1,GREEN,1,1
sitting,sitting,0.921,1,GREEN,1,1
sitting,sitting,0.877,1,GREEN,1,1
sitting,sitting,0.833,1,GREEN,1,1
sitting,sitting,0.891,1,GREEN,1,1
sitting,sitting,0.905,1,GREEN,1,1
sitting,sitting,0.897,1,GREEN,1,1
sitting,sitting,0.899,1,GREEN,1,1
sitting,sitting,0.902,1,GREEN,1,1
sitting,sitting,0.901,1,GREEN,1,1
sitting,sitting,0.901,1,GREEN,1,1
sitting,sitting,0.901,1,GREEN,1,1
sitting,sitting,0.902,1,GREEN,1,1
sitting,sitting,0.897,1,GREEN,1,1
sitting,sitting,0.872,1,GREEN,1,1
sitting,sitting,0.86,1,GREEN,1,1
sitting,sitting,0.878,1,GREEN,1,1
sitting,sitting,0.886,1,GREEN,1,1
sitting,sitting,0.9,1,GREEN,1,1
sitting,sitting,0.905,1,GREEN,1,1
sitting,sitting,0.819,1,GREEN,1,1
sitting,sitting,0.761,1,GREEN,1,1
sitting,sitting,0.882,1,GREEN,1,1
sitting,sitting,0.924,1,GREEN,1,1
sitting,sitting,0.938,1,GREEN,1,1
sitting,sitting,0.929,1,GREEN,1,1
sitting,sitting,0.927,1,GREEN,1,1
sitting,sitting,0.461,1,YELLOW,1,1
sitting,sitting,0.071,1,RED,1,1
sitting,sitting,0.057,1,RED,1,1
sitting,sitting,0.036,1,RED,1,1
sitting,sitting,0.014,1,RED,1,1
sitting,sitting,0.179,1,RED,1,1
sitting,sitting,0.854,1,GREEN,1,1
sitting,sitting,0.789,1,GREEN,1,1
sitting,sitting,0.849,1,GREEN,1,1
standing,sitting,0.062,0,RED,2,1
standing,sitting,0.1,0,RED,2,1
standing,sitting,0.06,0,RED,2,1
standing,sitting,0.023,0,RED,2,1
standing,sitting,0.019,0,RED,2,1
standing,sitting,0.018,0,RED,2,1
standing,sitting,0.019,0,RED,2,1
standing,sitting,0.017,0,RED,2,1
standing,sitting,0.039,0,RED,2,1
standing,sitting,0.244,0,RED,2,1
standing,standing,0.519,1,YELLOW,2,2
standing,standing,0.76,1,GREEN,2,2
standing,standing,0.913,1,GREEN,2,2
standing,standing,0.931,1,GREEN,2,2
standing,standing,0.826,1,GREEN,2,2
standing,standing,0.762,1,GREEN,2,2
standing,standing,0.726,1,YELLOW,2,2
standing,standing,0.312,1,RED,2,2
standing,standing,0.322,1,RED,2,2
standing,standing,0.656,1,YELLOW,2,2
standing,standing,0.708,1,YELLOW,2,2
standing,standing,0.766,1,GREEN,2,2
standing,standing,0.774,1,GREEN,2,2
standing,standing,0.696,1,YELLOW,2,2
standing,standing,0.296,1,RED,2,2
standing,standing,0.27,1,RED,2,2
standing,standing,0.411,1,RED,2,2
standing,standing,0.641,1,YELLOW,2,2
standing,standing,0.923,1,GREEN,2,2
standing,standing,0.855,1,GREEN,2,2
standing,standing,0.546,1,YELLOW,2,2
standing,standing,0.498,1,YELLOW,2,2
standing,standing,0.482,1,YELLOW,2,2
standing,standing,0.611,1,YELLOW,2,2
standing,standing,0.569,1,YELLOW,2,2
standing,standing,0.452,1,YELLOW,2,2
standing,standing,0.403,1,RED,2,2
standing,standing,0.564,1,YELLOW,2,2
standing,standing,0.505,1,YELLOW,2,2
standing,standing,0.483,1,YELLOW,2,2
standing,standing,0.471,1,YELLOW,2,2
standing,standing,0.476,1,YELLOW,2,2
standing,standing,0.486,1,YELLOW,2,2
standing,standing,0.5,1,YELLOW,2,2
standing,standing,0.503,1,YELLOW,2,2
standing,standing,0.5,1,YELLOW,2,2
standing,standing,0.486,1,YELLOW,2,2
standing,standing,0.471,1,YELLOW,2,2
standing,standing,0.476,1,YELLOW,2,2
standing,standing,0.474,1,YELLOW,2,2
standing,standing,0.471,1,YELLOW,2,2
standing,standing,0.47,1,YELLOW,2,2
standing,standing,0.481,1,YELLOW,2,2
standing,standing,0.569,1,YELLOW,2,2
standing,standing,0.378,1,RED,2,2
standing,standing,0.22,1,RED,2,2
standing,standing,0.573,1,YELLOW,2,2
standing,standing,0.669,1,YELLOW,2,2
standing,standing,0.637,1,YELLOW,2,2
standing,standing,0.701,1,YELLOW,2,2
standing,standing,0.671,1,YELLOW,2,2
standing,standing,0.692,1,YELLOW,2,2
standing,standing,0.684,1,YELLOW,2,2
standing,standing,0.678,1,YELLOW,2,2
standing,standing,0.691,1,YELLOW,2,2
standing,standing,0.716,1,YELLOW,2,2
standing,standing,0.753,1,GREEN,2,2
standing,standing,0.758,1,GREEN,2,2
standing,standing,0.75,1,YELLOW,2,2
standing,standing,0.727,1,YELLOW,2,2
standing,standing,0.71,1,YELLOW,2,2
standing,standing,0.705,1,YELLOW,2,2
standing,standing,0.706,1,YELLOW,2,2
standing,standing,0.721,1,YELLOW,2,2
standing,standing,0.741,1,YELLOW,2,2
standing,standing,0.802,1,GREEN,2,2
standing,standing,0.836,1,GREEN,2,2
standing,standing,0.787,1,GREEN,2,2
standing,standing,0.707,1,YELLOW,2,2
standing,standing,0.682,1,YELLOW,2,2
standing,standing,0.702,1,YELLOW,2,2
standing,standing,0.71,1,YELLOW,2,2
standing,standing,0.716,1,YELLOW,2,2
standing,standing,0.705,1,YELLOW,2,2
standing,standing,0.689,1,YELLOW,2,2
standing,standing,0.693,1,YELLOW,2,2
standing,standing,0.7,1,YELLOW,2,2
standing,standing,0.694,1,YELLOW,2,2
standing,standing,0.69,1,YELLOW,2,2
standing,standing,0.69,1,YELLOW,2,2
standing,standing,0.678,1,YELLOW,2,2
standing,standing,0.667,1,YELLOW,2,2
standing,standing,0.653,1,YELLOW,2,2
standing,standing,0.639,1,YELLOW,2,2
standing,standing,0.637,1,YELLOW,2,2
standing,standing,0.634,1,YELLOW,2,2
standing,standing,0.634,1,YELLOW,2,2
standing,standing,0.641,1,YELLOW,2,2
standing,standing,0.668,1,YELLOW,2,2
standing,standing,0.7,1,YELLOW,2,2
standing,standing,0.709,1,YELLOW,2,2
standing,standing,0.709,1,YELLOW,2,2
standing,standing,0.718,1,YELLOW,2,2
standing,standing,0.717,1,YELLOW,2,2
standing,standing,0.703,1,YELLOW,2,2
standing,standing,0.7,1,YELLOW,2,2
standing,standing,0.7,1,YELLOW,2,2
standing,standing,0.695,1,YELLOW,2,2
standing,standing,0.685,1,YELLOW,2,2
standing,standing,0.676,1,YELLOW,2,2
standing,standing,0.658,1,YELLOW,2,2
standing,standing,0.657,1,YELLOW,2,2
standing,standing,0.672,1,YELLOW,2,2
standing,standing,0.667,1,YELLOW,2,2
standing,standing,0.648,1,YELLOW,2,2
standing,standing,0.641,1,YELLOW,2,2
standing,standing,0.654,1,YELLOW,2,2
standing,standing,0.665,1,YELLOW,2,2
standing,standing,0.681,1,YELLOW,2,2
standing,standing,0.699,1,YELLOW,2,2
standing,standing,0.695,1,YELLOW,2,2
standing,standing,0.681,1,YELLOW,2,2
standing,standing,0.673,1,YELLOW,2,2
standing,standing,0.673,1,YELLOW,2,2
standing,standing,0.674,1,YELLOW,2,2
standing,standing,0.686,1,YELLOW,2,2
standing,standing,0.693,1,YELLOW,2,2
standing,standing,0.688,1,YELLOW,2,2
standing,standing,0.674,1,YELLOW,2,2
standing,standing,0.643,1,YELLOW,2,2
standing,standing,0.647,1,YELLOW,2,2
standing,standing,0.682,1,YELLOW,2,2
standing,standing,0.682,1,YELLOW,2,2
standing,standing,0.683,1,YELLOW,2,2
standing,standing,0.69,1,YELLOW,2,2
standing,standing,0.685,1,YELLOW,2,2
standing,standing,0.677,1,YELLOW,2,2
standing,standing,0.677,1,YELLOW,2,2
standing,standing,0.679,1,YELLOW,2,2
standing,standing,0.644,1,YELLOW,2,2
standing,standing,0.455,1,YELLOW,2,2
standing,standing,0.542,1,YELLOW,2,2
standing,standing,0.784,1,GREEN,2,2
standing,standing,0.762,1,GREEN,2,2
standing,standing,0.692,1,YELLOW,2,2
standing,ironing,0.179,0,RED,2,10
standing,ironing,0.066,0,RED,2,10
standing,ironing,0.05,0,RED,2,10
standing,ironing,0.059,0,RED,2,10
standing,ironing,0.08,0,RED,2,10
standing,ironing,0.084,0,RED,2,10
standing,ironing,0.083,0,RED,2,10
standing,ironing,0.086,0,RED,2,10
standing,ironing,0.087,0,RED,2,10
standing,ironing,0.079,0,RED,2,10
standing,ironing,0.071,0,RED,2,10
standing,ironing,0.074,0,RED,2,10
standing,ironing,0.081,0,RED,2,10
standing,ironing,0.08,0,RED,2,10
standing,ironing,0.089,0,RED,2,10
standing,ironing,0.087,0,RED,2,10
standing,ironing,0.158,0,RED,2,10
standing,ironing,0.423,0,RED,2,10
standing,ironing,0.497,0,YELLOW,2,10
standing,ironing,0.451,0,YELLOW,2,10
standing,ironing,0.462,0,YELLOW,2,10
standing,standing,0.475,1,YELLOW,2,2
standing,standing,0.467,1,YELLOW,2,2
standing,standing,0.467,1,YELLOW,2,2
standing,standing,0.457,1,YELLOW,2,2
standing,standing,0.451,1,YELLOW,2,2
standing,standing,0.423,1,RED,2,2
standing,standing,0.309,1,RED,2,2
standing,standing,0.226,1,RED,2,2
standing,standing,0.338,1,RED,2,2
standing,standing,0.465,1,YELLOW,2,2
standing,standing,0.478,1,YELLOW,2,2
standing,standing,0.465,1,YELLOW,2,2
standing,standing,0.453,1,YELLOW,2,2
standing,standing,0.434,1,RED,2,2
standing,standing,0.428,1,RED,2,2
standing,standing,0.448,1,RED,2,2
standing,standing,0.416,1,RED,2,2
standing,standing,0.42,1,RED,2,2
standing,standing,0.435,1,RED,2,2
standing,standing,0.412,1,RED,2,2
standing,standing,0.421,1,RED,2,2
standing,standing,0.438,1,RED,2,2
standing,standing,0.478,1,YELLOW,2,2
standing,standing,0.429,1,RED,2,2
standing,standing,0.396,1,RED,2,2
standing,standing,0.405,1,RED,2,2
standing,standing,0.418,1,RED,2,2
standing,standing,0.423,1,RED,2,2
standing,standing,0.346,1,RED,2,2
standing,standing,0.259,1,RED,2,2
standing,standing,0.36,1,RED,2,2
standing,standing,0.426,1,RED,2,2
standing,standing,0.411,1,RED,2,2
standing,standing,0.396,1,RED,2,2
standing,standing,0.309,1,RED,2,2
standing,standing,0.238,1,RED,2,2
standing,standing,0.357,1,RED,2,2
standing,standing,0.439,1,RED,2,2
standing,standing,0.434,1,RED,2,2
standing,standing,0.428,1,RED,2,2
standing,standing,0.37,1,RED,2,2
standing,standing,0.195,1,RED,2,2
standing,standing,0.202,1,RED,2,2
standing,standing,0.364,1,RED,2,2
standing,standing,0.361,1,RED,2,2
standing,standing,0.375,1,RED,2,2
standing,standing,0.416,1,RED,2,2
standing,standing,0.387,1,RED,2,2
standing,standing,0.243,1,RED,2,2
standing,standing,0.21,1,RED,2,2
standing,standing,0.249,1,RED,2,2
standing,standing,0.228,1,RED,2,2
standing,standing,0.103,1,RED,2,2
standing,standing,0.078,1,RED,2,2
standing,standing,0.166,1,RED,2,2
standing,standing,0.246,1,RED,2,2
standing,standing,0.302,1,RED,2,2
standing,standing,0.332,1,RED,2,2
standing,standing,0.337,1,RED,2,2
standing,standing,0.356,1,RED,2,2
standing,standing,0.361,1,RED,2,2
standing,standing,0.366,1,RED,2,2
standing,standing,0.35,1,RED,2,2
standing,standing,0.349,1,RED,2,2
standing,standing,0.389,1,RED,2,2
standing,standing,0.43,1,RED,2,2
standing,standing,0.466,1,YELLOW,2,2
standing,standing,0.331,1,RED,2,2
standing,standing,0.135,1,RED,2,2
standing,standing,0.08,1,RED,2,2
standing,standing,0.094,1,RED,2,2
standing,standing,0.112,1,RED,2,2
standing,standing,0.141,1,RED,2,2
standing,standing,0.239,1,RED,2,2
standing,standing,0.344,1,RED,2,2
standing,standing,0.401,1,RED,2,2
standing,standing,0.391,1,RED,2,2
standing,standing,0.377,1,RED,2,2
standing,standing,0.398,1,RED,2,2
standing,standing,0.406,1,RED,2,2
standing,standing,0.408,1,RED,2,2
standing,standing,0.414,1,RED,2,2
standing,standing,0.386,1,RED,2,2
standing,standing,0.216,1,RED,2,2
standing,standing,0.116,1,RED,2,2
standing,standing,0.237,1,RED,2,2
standing,standing,0.368,1,RED,2,2
standing,standing,0.365,1,RED,2,2
standing,standing,0.347,1,RED,2,2
standing,standing,0.324,1,RED,2,2
standing,standing,0.33,1,RED,2,2
standing,standing,0.352,1,RED,2,2
standing,standing,0.375,1,RED,2,2
standing,standing,0.406,1,RED,2,2
standing,standing,0.392,1,RED,2,2
standing,standing,0.365,1,RED,2,2
standing,standing,0.402,1,RED,2,2
standing,standing,0.421,1,RED,2,2
standing,standing,0.363,1,RED,2,2
standing,standing,0.343,1,RED,2,2
standing,standing,0.389,1,RED,2,2
standing,standing,0.396,1,RED,2,2
standing,standing,0.402,1,RED,2,2
standing,standing,0.407,1,RED,2,2
standing,standing,0.412,1,RED,2,2
standing,standing,0.406,1,RED,2,2
standing,standing,0.374,1,RED,2,2
standing,standing,0.371,1,RED,2,2
standing,standing,0.402,1,RED,2,2
standing,standing,0.403,1,RED,2,2
standing,standing,0.351,1,RED,2,2
standing,standing,0.238,1,RED,2,2
standing,standing,0.132,1,RED,2,2
standing,standing,0.038,1,RED,2,2
standing,standing,0.061,1,RED,2,2
standing,standing,0.237,1,RED,2,2
standing,standing,0.388,1,RED,2,2
standing,standing,0.318,1,RED,2,2
standing,standing,0.355,1,RED,2,2
standing,standing,0.389,1,RED,2,2
standing,standing,0.384,1,RED,2,2
standing,standing,0.379,1,RED,2,2
standing,standing,0.373,1,RED,2,2
standing,standing,0.377,1,RED,2,2
standing,standing,0.38,1,RED,2,2
standing,standing,0.383,1,RED,2,2
standing,standing,0.387,1,RED,2,2
standing,standing,0.389,1,RED,2,2
standing,standing,0.381,1,RED,2,2
standing,standing,0.378,1,RED,2,2
standing,standing,0.386,1,RED,2,2
standing,standing,0.383,1,RED,2,2
standing,standing,0.383,1,RED,2,2
standing,standing,0.402,1,RED,2,2
standing,standing,0.404,1,RED,2,2
standing,standing,0.396,1,RED,2,2
standing,standing,0.399,1,RED,2,2
standing,standing,0.396,1,RED,2,2
standing,standing,0.398,1,RED,2,2
standing,standing,0.401,1,RED,2,2
standing,standing,0.374,1,RED,2,2
standing,standing,0.408,1,RED,2,2
standing,standing,0.427,1,RED,2,2
standing,standing,0.332,1,RED,2,2
standing,standing,0.309,1,RED,2,2
standing,standing,0.323,1,RED,2,2
standing,standing,0.337,1,RED,2,2
standing,standing,0.366,1,RED,2,2
standing,standing,0.353,1,RED,2,2
standing,standing,0.354,1,RED,2,2
standing,standing,0.378,1,RED,2,2
standing,standing,0.377,1,RED,2,2
standing,standing,0.376,1,RED,2,2
standing,standing,0.37,1,RED,2,2
standing,standing,0.364,1,RED,2,2
standing,standing,0.384,1,RED,2,2
standing,standing,0.404,1,RED,2,2
standing,standing,0.389,1,RED,2,2
standing,standing,0.388,1,RED,2,2
standing,standing,0.387,1,RED,2,2
standing,standing,0.38,1,RED,2,2
standing,standing,0.364,1,RED,2,2
standing,standing,0.312,1,RED,2,2
standing,standing,0.3,1,RED,2,2
standing,standing,0.314,1,RED,2,2
standing,standing,0.298,1,RED,2,2
standing,standing,0.288,1,RED,2,2
standing,standing,0.3,1,RED,2,2
standing,standing,0.329,1,RED,2,2
standing,standing,0.316,1,RED,2,2
standing,standing,0.314,1,RED,2,2
standing,standing,0.317,1,RED,2,2
standing,standing,0.311,1,RED,2,2
standing,standing,0.309,1,RED,2,2
standing,standing,0.32,1,RED,2,2
standing,standing,0.301,1,RED,2,2
standing,standing,0.255,1,RED,2,2
standing,standing,0.263,1,RED,2,2
standing,standing,0.317,1,RED,2,2
standing,standing,0.33,1,RED,2,2
standing,standing,0.308,1,RED,2,2
standing,standing,0.321,1,RED,2,2
standing,standing,0.335,1,RED,2,2
standing,standing,0.329,1,RED,2,2
standing,standing,0.366,1,RED,2,2
standing,standing,0.352,1,RED,2,2
standing,standing,0.228,1,RED,2,2
standing,standing,0.167,1,RED,2,2
standing,standing,0.163,1,RED,2,2
standing,standing,0.125,1,RED,2,2
standing,standing,0.191,1,RED,2,2
standing,standing,0.201,1,RED,2,2
standing,standing,0.152,1,RED,2,2
standing,standing,0.304,1,RED,2,2
standing,standing,0.388,1,RED,2,2
standing,standing,0.323,1,RED,2,2
standing,standing,0.341,1,RED,2,2
standing,standing,0.41,1,RED,2,2
standing,standing,0.387,1,RED,2,2
standing,standing,0.375,1,RED,2,2
standing,standing,0.383,1,RED,2,2
standing,standing,0.371,1,RED,2,2
standing,standing,0.177,1,RED,2,2
standing,standing,0.061,1,RED,2,2
standing,standing,0.141,1,RED,2,2
standing,standing,0.386,1,RED,2,2
standing,standing,0.471,1,YELLOW,2,2
standing,ironing,0.488,0,YELLOW,2,10
standing,ironing,0.447,0,RED,2,10
standing,ironing,0.378,0,RED,2,10
standing,ironing,0.368,0,RED,2,10
standing,ironing,0.412,0,RED,2,10
standing,ironing,0.402,0,RED,2,10
standing,ironing,0.248,0,RED,2,10
standing,ironing,0.065,0,RED,2,10
standing,ironing,0.033,0,RED,2,10
standing,ironing,0.03,0,RED,2,10
standing,ironing,0.03,0,RED,2,10
standing,ironing,0.034,0,RED,2,10
standing,ironing,0.04,0,RED,2,10
standing,ironing,0.043,0,RED,2,10
standing,ironing,0.044,0,RED,2,10
standing,ironing,0.049,0,RED,2,10
standing,ironing,0.047,0,RED,2,10
standing,ironing,0.045,0,RED,2,10
standing,ironing,0.047,0,RED,2,10
standing,ironing,0.048,0,RED,2,10
standing,ironing,0.048,0,RED,2,10
standing,ironing,0.045,0,RED,2,10
standing,ironing,0.043,0,RED,2,10
standing,ironing,0.045,0,RED,2,10
standing,ironing,0.045,0,RED,2,10
standing,ironing,0.042,0,RED,2,10
standing,ironing,0.045,0,RED,2,10
standing,ironing,0.051,0,RED,2,10
standing,ironing,0.047,0,RED,2,10
standing,ironing,0.043,0,RED,2,10
standing,ironing,0.046,0,RED,2,10
standing,ironing,0.047,0,RED,2,10
standing,ironing,0.046,0,RED,2,10
standing,ironing,0.048,0,RED,2,10
standing,ironing,0.049,0,RED,2,10
standing,ironing,0.049,0,RED,2,10
standing,ironing,0.049,0,RED,2,10
standing,ironing,0.048,0,RED,2,10
standing,ironing,0.049,0,RED,2,10
standing,ironing,0.053,0,RED,2,10
standing,ironing,0.049,0,RED,2,10
standing,ironing,0.047,0,RED,2,10
standing,ironing,0.049,0,RED,2,10
standing,ironing,0.048,0,RED,2,10
standing,ironing,0.047,0,RED,2,10
standing,ironing,0.047,0,RED,2,10
standing,ironing,0.048,0,RED,2,10
standing,ironing,0.047,0,RED,2,10
standing,ironing,0.047,0,RED,2,10
standing,ironing,0.048,0,RED,2,10
standing,ironing,0.048,0,RED,2,10
standing,ironing,0.048,0,RED,2,10
standing,ironing,0.048,0,RED,2,10
standing,ironing,0.05,0,RED,2,10
standing,ironing,0.051,0,RED,2,10
standing,ironing,0.054,0,RED,2,10
standing,ironing,0.054,0,RED,2,10
standing,ironing,0.051,0,RED,2,10
standing,ironing,0.05,0,RED,2,10
standing,ironing,0.051,0,RED,2,10
standing,ironing,0.05,0,RED,2,10
standing,ironing,0.048,0,RED,2,10
standing,ironing,0.046,0,RED,2,10
standing,ironing,0.048,0,RED,2,10
standing,ironing,0.052,0,RED,2,10
standing,ironing,0.051,0,RED,2,10
standing,ironing,0.049,0,RED,2,10
standing,ironing,0.048,0,RED,2,10
standing,ironing,0.048,0,RED,2,10
standing,ironing,0.048,0,RED,2,10
standing,ironing,0.048,0,RED,2,10
standing,ironing,0.049,0,RED,2,10
standing,ironing,0.049,0,RED,2,10
standing,ironing,0.051,0,RED,2,10
standing,ironing,0.053,0,RED,2,10
standing,ironing,0.052,0,RED,2,10
standing,ironing,0.05,0,RED,2,10
standing,ironing,0.051,0,RED,2,10
standing,ironing,0.05,0,RED,2,10
standing,ironing,0.049,0,RED,2,10
standing,ironing,0.049,0,RED,2,10
standing,ironing,0.049,0,RED,2,10
standing,ironing,0.05,0,RED,2,10
standing,ironing,0.05,0,RED,2,10
standing,ironing,0.048,0,RED,2,10
standing,ironing,0.047,0,RED,2,10
standing,ironing,0.048,0,RED,2,10
standing,ironing,0.049,0,RED,2,10
standing,ironing,0.052,0,RED,2,10
standing,ironing,0.053,0,RED,2,10
standing,ironing,0.052,0,RED,2,10
standing,ironing,0.051,0,RED,2,10
standing,ironing,0.05,0,RED,2,10
standing,ironing,0.051,0,RED,2,10
standing,ironing,0.054,0,RED,2,10
standing,ironing,0.052,0,RED,2,10
standing,ironing,0.051,0,RED,2,10
standing,ironing,0.053,0,RED,2,10
standing,ironing,0.062,0,RED,2,10
standing,ironing,0.066,0,RED,2,10
standing,ironing,0.063,0,RED,2,10
standing,ironing,0.063,0,RED,2,10
standing,ironing,0.062,0,RED,2,10
standing,ironing,0.062,0,RED,2,10
standing,ironing,0.063,0,RED,2,10
standing,ironing,0.062,0,RED,2,10
standing,ironing,0.059,0,RED,2,10
ironing,ironing,0.775,1,GREEN,10,10
ironing,ironing,0.777,1,GREEN,10,10
ironing,ironing,0.776,1,GREEN,10,10
ironing,ironing,0.779,1,GREEN,10,10
ironing,ironing,0.78,1,GREEN,10,10
ironing,ironing,0.805,1,GREEN,10,10
ironing,ironing,0.561,1,YELLOW,10,10
ironing,ironing,0.107,1,RED,10,10
ironing,ironing,0.033,1,RED,10,10
ironing,ironing,0.199,1,RED,10,10
ironing,ironing,0.577,1,YELLOW,10,10
ironing,ironing,0.692,1,YELLOW,10,10
ironing,ironing,0.775,1,GREEN,10,10
ironing,ironing,0.718,1,YELLOW,10,10
ironing,ironing,0.644,1,YELLOW,10,10
ironing,ironing,0.596,1,YELLOW,10,10
ironing,ironing,0.592,1,YELLOW,10,10
ironing,ironing,0.617,1,YELLOW,10,10
ironing,ironing,0.658,1,YELLOW,10,10
ironing,ironing,0.686,1,YELLOW,10,10
ironing,ironing,0.689,1,YELLOW,10,10
ironing,ironing,0.718,1,YELLOW,10,10
ironing,ironing,0.804,1,GREEN,10,10
ironing,ironing,0.827,1,GREEN,10,10
ironing,ironing,0.813,1,GREEN,10,10
ironing,ironing,0.761,1,GREEN,10,10
ironing,ironing,0.58,1,YELLOW,10,10
ironing,ironing,0.507,1,YELLOW,10,10
ironing,ironing,0.486,1,YELLOW,10,10
ironing,ironing,0.565,1,YELLOW,10,10
ironing,ironing,0.742,1,YELLOW,10,10
ironing,ironing,0.835,1,GREEN,10,10
ironing,ironing,0.843,1,GREEN,10,10
ironing,ironing,0.835,1,GREEN,10,10
ironing,ironing,0.833,1,GREEN,10,10
ironing,ironing,0.835,1,GREEN,10,10
ironing,ironing,0.771,1,GREEN,10,10
ironing,ironing,0.732,1,YELLOW,10,10
ironing,ironing,0.784,1,GREEN,10,10
ironing,ironing,0.793,1,GREEN,10,10
ironing,ironing,0.808,1,GREEN,10,10
ironing,ironing,0.808,1,GREEN,10,10
ironing,ironing,0.794,1,GREEN,10,10
ironing,ironing,0.812,1,GREEN,10,10
ironing,ironing,0.817,1,GREEN,10,10
ironing,ironing,0.808,1,GREEN,10,10
ironing,ironing,0.805,1,GREEN,10,10
ironing,ironing,0.799,1,GREEN,10,10
ironing,ironing,0.795,1,GREEN,10,10
ironing,ironing,0.8,1,GREEN,10,10
ironing,ironing,0.811,1,GREEN,10,10
ironing,ironing,0.816,1,GREEN,10,10
ironing,ironing,0.799,1,GREEN,10,10
ironing,ironing,0.787,1,GREEN,10,10
ironing,ironing,0.772,1,GREEN,10,10
ironing,ironing,0.761,1,GREEN,10,10
ironing,ironing,0.707,1,YELLOW,10,10
ironing,ironing,0.671,1,YELLOW,10,10
ironing,ironing,0.777,1,GREEN,10,10
ironing,ironing,0.823,1,GREEN,10,10
ironing,ironing,0.773,1,GREEN,10,10
ironing,ironing,0.703,1,YELLOW,10,10
ironing,ironing,0.676,1,YELLOW,10,10
ironing,ironing,0.751,1,GREEN,10,10
ironing,ironing,0.761,1,GREEN,10,10
ironing,ironing,0.746,1,YELLOW,10,10
ironing,ironing,0.701,1,YELLOW,10,10
ironing,ironing,0.69,1,YELLOW,10,10
ironing,ironing,0.668,1,YELLOW,10,10
ironing,ironing,0.703,1,YELLOW,10,10
ironing,ironing,0.774,1,GREEN,10,10
ironing,ironing,0.805,1,GREEN,10,10
ironing,ironing,0.817,1,GREEN,10,10
ironing,ironing,0.816,1,GREEN,10,10
ironing,ironing,0.797,1,GREEN,10,10
ironing,ironing,0.751,1,GREEN,10,10
ironing,ironing,0.663,1,YELLOW,10,10
ironing,ironing,0.667,1,YELLOW,10,10
ironing,ironing,0.768,1,GREEN,10,10
ironing,ironing,0.773,1,GREEN,10,10
ironing,ironing,0.77,1,GREEN,10,10
ironing,ironing,0.785,1,GREEN,10,10
ironing,ironing,0.782,1,GREEN,10,10
ironing,ironing,0.799,1,GREEN,10,10
ironing,ironing,0.817,1,GREEN,10,10
ironing,ironing,0.814,1,GREEN,10,10
ironing,ironing,0.809,1,GREEN,10,10
ironing,ironing,0.79,1,GREEN,10,10
ironing,ironing,0.743,1,YELLOW,10,10
ironing,ironing,0.709,1,YELLOW,10,10
ironing,ironing,0.738,1,YELLOW,10,10
ironing,ironing,0.743,1,YELLOW,10,10
ironing,ironing,0.678,1,YELLOW,10,10
ironing,ironing,0.701,1,YELLOW,10,10
ironing,ironing,0.783,1,GREEN,10,10
ironing,ironing,0.804,1,GREEN,10,10
ironing,ironing,0.788,1,GREEN,10,10
ironing,ironing,0.82,1,GREEN,10,10
ironing,ironing,0.827,1,GREEN,10,10
ironing,ironing,0.823,1,GREEN,10,10
ironing,ironing,0.806,1,GREEN,10,10
ironing,ironing,0.767,1,GREEN,10,10
ironing,ironing,0.642,1,YELLOW,10,10
ironing,ironing,0.452,1,YELLOW,10,10
ironing,ironing,0.457,1,YELLOW,10,10
ironing,ironing,0.559,1,YELLOW,10,10
ironing,ironing,0.61,1,YELLOW,10,10
ironing,ironing,0.677,1,YELLOW,10,10
ironing,ironing,0.776,1,GREEN,10,10
ironing,ironing,0.828,1,GREEN,10,10
ironing,ironing,0.852,1,GREEN,10,10
ironing,ironing,0.808,1,GREEN,10,10
ironing,ironing,0.69,1,YELLOW,10,10
ironing,ironing,0.623,1,YELLOW,10,10
ironing,ironing,0.705,1,YELLOW,10,10
ironing,ironing,0.787,1,GREEN,10,10
ironing,ironing,0.794,1,GREEN,10,10
ironing,ironing,0.762,1,GREEN,10,10
ironing,ironing,0.641,1,YELLOW,10,10
ironing,ironing,0.608,1,YELLOW,10,10
ironing,ironing,0.647,1,YELLOW,10,10
ironing,ironing,0.582,1,YELLOW,10,10
ironing,ironing,0.661,1,YELLOW,10,10
ironing,ironing,0.583,1,YELLOW,10,10
ironing,ironing,0.508,1,YELLOW,10,10
ironing,ironing,0.625,1,YELLOW,10,10
ironing,ironing,0.681,1,YELLOW,10,10
ironing,ironing,0.707,1,YELLOW,10,10
ironing,ironing,0.773,1,GREEN,10,10
ironing,ironing,0.828,1,GREEN,10,10
ironing,ironing,0.77,1,GREEN,10,10
ironing,ironing,0.747,1,YELLOW,10,10
ironing,ironing,0.808,1,GREEN,10,10
ironing,ironing,0.833,1,GREEN,10,10
ironing,ironing,0.734,1,YELLOW,10,10
ironing,ironing,0.629,1,YELLOW,10,10
ironing,ironing,0.626,1,YELLOW,10,10
ironing,ironing,0.64,1,YELLOW,10,10
ironing,ironing,0.662,1,YELLOW,10,10
ironing,ironing,0.673,1,YELLOW,10,10
ironing,ironing,0.686,1,YELLOW,10,10
ironing,ironing,0.727,1,YELLOW,10,10
ironing,ironing,0.741,1,YELLOW,10,10
ironing,ironing,0.738,1,YELLOW,10,10
ironing,ironing,0.718,1,YELLOW,10,10
ironing,ironing,0.725,1,YELLOW,10,10
ironing,ironing,0.735,1,YELLOW,10,10
ironing,ironing,0.675,1,YELLOW,10,10
ironing,ironing,0.658,1,YELLOW,10,10
ironing,ironing,0.693,1,YELLOW,10,10
ironing,ironing,0.788,1,GREEN,10,10
ironing,ironing,0.824,1,GREEN,10,10
ironing,ironing,0.837,1,GREEN,10,10
ironing,ironing,0.829,1,GREEN,10,10
ironing,ironing,0.815,1,GREEN,10,10
ironing,ironing,0.809,1,GREEN,10,10
ironing,ironing,0.759,1,GREEN,10,10
ironing,ironing,0.725,1,YELLOW,10,10
ironing,ironing,0.724,1,YELLOW,10,10
ironing,ironing,0.741,1,YELLOW,10,10
ironing,ironing,0.753,1,GREEN,10,10
ironing,ironing,0.776,1,GREEN,10,10
ironing,ironing,0.778,1,GREEN,10,10
ironing,ironing,0.766,1,GREEN,10,10
ironing,ironing,0.758,1,GREEN,10,10
ironing,ironing,0.752,1,GREEN,10,10
ironing,ironing,0.743,1,YELLOW,10,10
ironing,ironing,0.74,1,YELLOW,10,10
ironing,ironing,0.731,1,YELLOW,10,10
ironing,ironing,0.751,1,GREEN,10,10
ironing,ironing,0.741,1,YELLOW,10,10
ironing,ironing,0.693,1,YELLOW,10,10
ironing,ironing,0.708,1,YELLOW,10,10
ironing,ironing,0.726,1,YELLOW,10,10
ironing,ironing,0.739,1,YELLOW,10,10
ironing,ironing,0.74,1,YELLOW,10,10
ironing,ironing,0.753,1,GREEN,10,10
ironing,ironing,0.745,1,YELLOW,10,10
ironing,ironing,0.681,1,YELLOW,10,10
ironing,ironing,0.69,1,YELLOW,10,10
ironing,ironing,0.747,1,YELLOW,10,10
ironing,ironing,0.823,1,GREEN,10,10
ironing,ironing,0.833,1,GREEN,10,10
ironing,ironing,0.704,1,YELLOW,10,10
ironing,ironing,0.68,1,YELLOW,10,10
ironing,ironing,0.8,1,GREEN,10,10
ironing,ironing,0.828,1,GREEN,10,10
ironing,ironing,0.84,1,GREEN,10,10
ironing,ironing,0.778,1,GREEN,10,10
ironing,ironing,0.745,1,YELLOW,10,10
ironing,ironing,0.802,1,GREEN,10,10
ironing,ironing,0.69,1,YELLOW,10,10
ironing,ironing,0.697,1,YELLOW,10,10
ironing,ironing,0.768,1,GREEN,10,10
ironing,ironing,0.751,1,GREEN,10,10
ironing,ironing,0.807,1,GREEN,10,10
ironing,ironing,0.809,1,GREEN,10,10
ironing,ironing,0.774,1,GREEN,10,10
ironing,ironing,0.521,1,YELLOW,10,10
ironing,ironing,0.32,1,RED,10,10
ironing,ironing,0.632,1,YELLOW,10,10
ironing,ironing,0.808,1,GREEN,10,10
ironing,ironing,0.76,1,GREEN,10,10
ironing,ironing,0.76,1,GREEN,10,10
ironing,ironing,0.743,1,YELLOW,10,10
ironing,ironing,0.819,1,GREEN,10,10
ironing,ironing,0.76,1,GREEN,10,10
ironing,ironing,0.669,1,YELLOW,10,10
ironing,ironing,0.669,1,YELLOW,10,10
ironing,ironing,0.763,1,GREEN,10,10
ironing,ironing,0.79,1,GREEN,10,10
ironing,ironing,0.785,1,GREEN,10,10
ironing,ironing,0.824,1,GREEN,10,10
ironing,ironing,0.829,1,GREEN,10,10
ironing,ironing,0.847,1,GREEN,10,10
ironing,ironing,0.799,1,GREEN,10,10
ironing,ironing,0.772,1,GREEN,10,10
ironing,ironing,0.773,1,GREEN,10,10
ironing,ironing,0.719,1,YELLOW,10,10
ironing,ironing,0.706,1,YELLOW,10,10
ironing,ironing,0.604,1,YELLOW,10,10
ironing,ironing,0.692,1,YELLOW,10,10
ironing,ironing,0.73,1,YELLOW,10,10
ironing,ironing,0.56,1,YELLOW,10,10
ironing,ironing,0.675,1,YELLOW,10,10
ironing,ironing,0.837,1,GREEN,10,10
ironing,ironing,0.796,1,GREEN,10,10
ironing,ironing,0.851,1,GREEN,10,10
ironing,ironing,0.883,1,GREEN,10,10
ironing,ironing,0.799,1,GREEN,10,10
ironing,ironing,0.626,1,YELLOW,10,10
ironing,ironing,0.62,1,YELLOW,10,10
ironing,ironing,0.599,1,YELLOW,10,10
ironing,ironing,0.691,1,YELLOW,10,10
ironing,ironing,0.631,1,YELLOW,10,10
ironing,ironing,0.591,1,YELLOW,10,10
ironing,ironing,0.592,1,YELLOW,10,10
ironing,ironing,0.591,1,YELLOW,10,10
ironing,ironing,0.667,1,YELLOW,10,10
ironing,ironing,0.586,1,YELLOW,10,10
ironing,ironing,0.573,1,YELLOW,10,10
ironing,ironing,0.67,1,YELLOW,10,10
ironing,ironing,0.522,1,YELLOW,10,10
ironing,ironing,0.602,1,YELLOW,10,10
ironing,ironing,0.813,1,GREEN,10,10
ironing,ironing,0.802,1,GREEN,10,10
ironing,ironing,0.639,1,YELLOW,10,10
ironing,ironing,0.6,1,YELLOW,10,10
ironing,ironing,0.676,1,YELLOW,10,10
ironing,ironing,0.747,1,YELLOW,10,10
ironing,ironing,0.792,1,GREEN,10,10
ironing,ironing,0.817,1,GREEN,10,10
ironing,ironing,0.81,1,GREEN,10,10
ironing,ironing,0.709,1,YELLOW,10,10
ironing,ironing,0.518,1,YELLOW,10,10
ironing,ironing,0.421,1,RED,10,10
ironing,ironing,0.401,1,RED,10,10
ironing,ironing,0.364,1,RED,10,10
ironing,ironing,0.444,1,RED,10,10
ironing,ironing,0.606,1,YELLOW,10,10
ironing,ironing,0.649,1,YELLOW,10,10
ironing,ironing,0.7,1,YELLOW,10,10
ironing,ironing,0.694,1,YELLOW,10,10
ironing,ironing,0.539,1,YELLOW,10,10
ironing,ironing,0.49,1,YELLOW,10,10
ironing,ironing,0.55,1,YELLOW,10,10
ironing,ironing,0.406,1,RED,10,10
ironing,ironing,0.33,1,RED,10,10
ironing,ironing,0.486,1,YELLOW,10,10
ironing,ironing,0.633,1,YELLOW,10,10
ironing,ironing,0.716,1,YELLOW,10,10
ironing,ironing,0.793,1,GREEN,10,10
ironing,ironing,0.841,1,GREEN,10,10
ironing,ironing,0.806,1,GREEN,10,10
ironing,ironing,0.694,1,YELLOW,10,10
ironing,ironing,0.668,1,YELLOW,10,10
ironing,ironing,0.595,1,YELLOW,10,10
ironing,ironing,0.619,1,YELLOW,10,10
ironing,ironing,0.728,1,YELLOW,10,10
ironing,ironing,0.653,1,YELLOW,10,10
ironing,ironing,0.398,1,RED,10,10
ironing,ironing,0.574,1,YELLOW,10,10
ironing,ironing,0.589,1,YELLOW,10,10
ironing,ironing,0.402,1,RED,10,10
ironing,ironing,0.537,1,YELLOW,10,10
ironing,ironing,0.715,1,YELLOW,10,10
ironing,ironing,0.682,1,YELLOW,10,10
ironing,ironing,0.772,1,GREEN,10,10
ironing,ironing,0.806,1,GREEN,10,10
ironing,ironing,0.72,1,YELLOW,10,10
ironing,ironing,0.624,1,YELLOW,10,10
ironing,ironing,0.614,1,YELLOW,10,10
ironing,ironing,0.554,1,YELLOW,10,10
ironing,ironing,0.533,1,YELLOW,10,10
ironing,ironing,0.528,1,YELLOW,10,10
ironing,ironing,0.723,1,YELLOW,10,10
ironing,ironing,0.811,1,GREEN,10,10
ironing,ironing,0.832,1,GREEN,10,10
ironing,ironing,0.858,1,GREEN,10,10
ironing,ironing,0.876,1,GREEN,10,10
ironing,ironing,0.87,1,GREEN,10,10
ironing,ironing,0.86,1,GREEN,10,10
ironing,ironing,0.869,1,GREEN,10,10
ironing,ironing,0.873,1,GREEN,10,10
ironing,ironing,0.872,1,GREEN,10,10
ironing,ironing,0.864,1,GREEN,10,10
ironing,ironing,0.846,1,GREEN,10,10
ironing,ironing,0.848,1,GREEN,10,10
ironing,ironing,0.847,1,GREEN,10,10
ironing,ironing,0.82,1,GREEN,10,10
ironing,ironing,0.803,1,GREEN,10,10
ironing,ironing,0.847,1,GREEN,10,10
ironing,ironing,0.857,1,GREEN,10,10
ironing,ironing,0.879,1,GREEN,10,10
ironing,ironing,0.87,1,GREEN,10,10
ironing,ironing,0.848,1,GREEN,10,10
ironing,ironing,0.815,1,GREEN,10,10
ironing,ironing,0.742,1,YELLOW,10,10
ironing,ironing,0.692,1,YELLOW,10,10
ironing,ironing,0.742,1,YELLOW,10,10
ironing,ironing,0.728,1,YELLOW,10,10
ironing,ironing,0.42,1,RED,10,10
ironing,ironing,0.308,1,RED,10,10
ironing,ironing,0.317,1,RED,10,10
ironing,ironing,0.455,1,YELLOW,10,10
ironing,ironing,0.643,1,YELLOW,10,10
ironing,ironing,0.519,1,YELLOW,10,10
ironing,ironing,0.565,1,YELLOW,10,10
ironing,ironing,0.671,1,YELLOW,10,10
ironing,ironing,0.403,1,RED,10,10
ironing,ironing,0.454,1,YELLOW,10,10
ironing,ironing,0.662,1,YELLOW,10,10
ironing,ironing,0.69,1,YELLOW,10,10
ironing,ironing,0.436,1,RED,10,10
ironing,ironing,0.254,1,RED,10,10
ironing,ironing,0.508,1,YELLOW,10,10
ironing,ironing,0.608,1,YELLOW,10,10
ironing,ironing,0.608,1,YELLOW,10,10
ironing,ironing,0.572,1,YELLOW,10,10
ironing,ironing,0.4,1,RED,10,10
ironing,ironing,0.212,1,RED,10,10
ironing,ironing,0.381,1,RED,10,10
ironing,ironing,0.599,1,YELLOW,10,10
ironing,ironing,0.683,1,YELLOW,10,10
ironing,ironing,0.656,1,YELLOW,10,10
ironing,ironing,0.729,1,YELLOW,10,10
ironing,ironing,0.844,1,GREEN,10,10
ironing,ironing,0.837,1,GREEN,10,10
ironing,ironing,0.814,1,GREEN,10,10
ironing,ironing,0.809,1,GREEN,10,10
ironing,ironing,0.796,1,GREEN,10,10
ironing,ironing,0.775,1,GREEN,10,10
ironing,ironing,0.755,1,GREEN,10,10
ironing,ironing,0.727,1,YELLOW,10,10
ironing,ironing,0.652,1,YELLOW,10,10
ironing,ironing,0.79,1,GREEN,10,10
ironing,ironing,0.865,1,GREEN,10,10
ironing,ironing,0.849,1,GREEN,10,10
ironing,ironing,0.813,1,GREEN,10,10
ironing,ironing,0.779,1,GREEN,10,10
ironing,ironing,0.76,1,GREEN,10,10
ironing,ironing,0.783,1,GREEN,10,10
ironing,ironing,0.802,1,GREEN,10,10
ironing,ironing,0.714,1,YELLOW,10,10
ironing,ironing,0.495,1,YELLOW,10,10
ironing,ironing,0.374,1,RED,10,10
ironing,ironing,0.684,1,YELLOW,10,10
ironing,ironing,0.811,1,GREEN,10,10
ironing,ironing,0.809,1,GREEN,10,10
ironing,ironing,0.813,1,GREEN,10,10
ironing,ironing,0.838,1,GREEN,10,10
ironing,ironing,0.848,1,GREEN,10,10
ironing,ironing,0.849,1,GREEN,10,10
ironing,ironing,0.814,1,GREEN,10,10
ironing,ironing,0.765,1,GREEN,10,10
ironing,ironing,0.674,1,YELLOW,10,10
ironing,ironing,0.582,1,YELLOW,10,10
ironing,ironing,0.682,1,YELLOW,10,10
ironing,ironing,0.8,1,GREEN,10,10
ironing,ironing,0.632,1,YELLOW,10,10
ironing,ironing,0.518,1,YELLOW,10,10
ironing,ironing,0.72,1,YELLOW,10,10
ironing,ironing,0.788,1,GREEN,10,10
ironing,ironing,0.824,1,GREEN,10,10
ironing,ironing,0.834,1,GREEN,10,10
ironing,ironing,0.822,1,GREEN,10,10
ironing,ironing,0.818,1,GREEN,10,10
ironing,ironing,0.848,1,GREEN,10,10
ironing,ironing,0.834,1,GREEN,10,10
ironing,ironing,0.747,1,YELLOW,10,10
ironing,ironing,0.683,1,YELLOW,10,10
ironing,ironing,0.695,1,YELLOW,10,10
ironing,ironing,0.756,1,GREEN,10,10
ironing,ironing,0.773,1,GREEN,10,10
ironing,ironing,0.729,1,YELLOW,10,10
ironing,ironing,0.617,1,YELLOW,10,10
ironing,ironing,0.702,1,YELLOW,10,10
ironing,ironing,0.79,1,GREEN,10,10
ironing,ironing,0.779,1,GREEN,10,10
ironing,ironing,0.768,1,GREEN,10,10
ironing,ironing,0.78,1,GREEN,10,10
ironing,ironing,0.734,1,YELLOW,10,10
ironing,ironing,0.63,1,YELLOW,10,10
ironing,ironing,0.741,1,YELLOW,10,10
ironing,ironing,0.806,1,GREEN,10,10
ironing,ironing,0.725,1,YELLOW,10,10
ironing,ironing,0.721,1,YELLOW,10,10
ironing,ironing,0.774,1,GREEN,10,10
ironing,ironing,0.707,1,YELLOW,10,10
ironing,ironing,0.667,1,YELLOW,10,10
ironing,ironing,0.637,1,YELLOW,10,10
ironing,ironing,0.363,1,RED,10,10
ironing,ironing,0.289,1,RED,10,10
ironing,ironing,0.487,1,YELLOW,10,10
ironing,ironing,0.466,1,YELLOW,10,10
ironing,ironing,0.507,1,YELLOW,10,10
ironing,ironing,0.451,1,YELLOW,10,10
ironing,ironing,0.644,1,YELLOW,10,10
ironing,ironing,0.775,1,GREEN,10,10
ironing,ironing,0.801,1,GREEN,10,10
ironing,ironing,0.779,1,GREEN,10,10
ironing,ironing,0.623,1,YELLOW,10,10
ironing,ironing,0.233,1,RED,10,10
ironing,ironing,0.113,1,RED,10,10
ironing,ironing,0.115,1,RED,10,10
ironing,ironing,0.244,1,RED,10,10
ironing,ironing,0.643,1,YELLOW,10,10
ironing,ironing,0.778,1,GREEN,10,10
ironing,ironing,0.769,1,GREEN,10,10
ironing,ironing,0.583,1,YELLOW,10,10
ironing,ironing,0.331,1,RED,10,10
ironing,ironing,0.491,1,YELLOW,10,10
ironing,ironing,0.672,1,YELLOW,10,10
ironing,ironing,0.704,1,YELLOW,10,10
ironing,ironing,0.817,1,GREEN,10,10
ironing,ironing,0.819,1,GREEN,10,10
ironing,ironing,0.822,1,GREEN,10,10
ironing,ironing,0.843,1,GREEN,10,10
ironing,ironing,0.846,1,GREEN,10,10
ironing,ironing,0.855,1,GREEN,10,10
ironing,ironing,0.865,1,GREEN,10,10
ironing,ironing,0.864,1,GREEN,10,10
ironing,ironing,0.851,1,GREEN,10,10
ironing,ironing,0.792,1,GREEN,10,10
ironing,ironing,0.696,1,YELLOW,10,10
ironing,ironing,0.757,1,GREEN,10,10
ironing,ironing,0.737,1,YELLOW,10,10
ironing,ironing,0.427,1,RED,10,10
ironing,ironing,0.354,1,RED,10,10
ironing,ironing,0.414,1,RED,10,10
ironing,ironing,0.274,1,RED,10,10
ironing,ironing,0.457,1,YELLOW,10,10
ironing,ironing,0.665,1,YELLOW,10,10
ironing,ironing,0.526,1,YELLOW,10,10
ironing,ironing,0.514,1,YELLOW,10,10
ironing,ironing,0.747,1,YELLOW,10,10
ironing,ironing,0.708,1,YELLOW,10,10
ironing,ironing,0.707,1,YELLOW,10,10
ironing,ironing,0.699,1,YELLOW,10,10
ironing,ironing,0.66,1,YELLOW,10,10
ironing,ironing,0.64,1,YELLOW,10,10
ironing,ironing,0.662,1,YELLOW,10,10
ironing,ironing,0.683,1,YELLOW,10,10
ironing,ironing,0.729,1,YELLOW,10,10
ironing,ironing,0.657,1,YELLOW,10,10
ironing,ironing,0.547,1,YELLOW,10,10
ironing,ironing,0.564,1,YELLOW,10,10
ironing,ironing,0.563,1,YELLOW,10,10
ironing,ironing,0.508,1,YELLOW,10,10
ironing,ironing,0.466,1,YELLOW,10,10
ironing,ironing,0.472,1,YELLOW,10,10
ironing,ironing,0.439,1,RED,10,10
ironing,ironing,0.37,1,RED,10,10
ironing,ironing,0.388,1,RED,10,10
ironing,ironing,0.432,1,RED,10,10
ironing,ironing,0.533,1,YELLOW,10,10
ironing,ironing,0.621,1,YELLOW,10,10
ironing,ironing,0.664,1,YELLOW,10,10
ironing,ironing,0.727,1,YELLOW,10,10
ironing,ironing,0.805,1,GREEN,10,10
ironing,ironing,0.768,1,GREEN,10,10
ironing,ironing,0.598,1,YELLOW,10,10
ironing,ironing,0.483,1,YELLOW,10,10
ironing,ironing,0.433,1,RED,10,10
ironing,ironing,0.581,1,YELLOW,10,10
ironing,ironing,0.769,1,GREEN,10,10
ironing,ironing,0.806,1,GREEN,10,10
ironing,ironing,0.753,1,GREEN,10,10
ironing,ironing,0.728,1,YELLOW,10,10
ironing,ironing,0.635,1,YELLOW,10,10
ironing,ironing,0.393,1,RED,10,10
ironing,ironing,0.354,1,RED,10,10
ironing,ironing,0.432,1,RED,10,10
ironing,ironing,0.6,1,YELLOW,10,10
ironing,ironing,0.722,1,YELLOW,10,10
ironing,ironing,0.776,1,GREEN,10,10
ironing,ironing,0.79,1,GREEN,10,10
ironing,ironing,0.783,1,GREEN,10,10
ironing,ironing,0.743,1,YELLOW,10,10
ironing,ironing,0.677,1,YELLOW,10,10
ironing,ironing,0.688,1,YELLOW,10,10
ironing,ironing,0.765,1,GREEN,10,10
ironing,ironing,0.81,1,GREEN,10,10
ironing,ironing,0.736,1,YELLOW,10,10
ironing,ironing,0.713,1,YELLOW,10,10
ironing,ironing,0.736,1,YELLOW,10,10
ironing,ironing,0.753,1,GREEN,10,10
ironing,ironing,0.718,1,YELLOW,10,10
ironing,ironing,0.694,1,YELLOW,10,10
ironing,ironing,0.731,1,YELLOW,10,10
ironing,ironing,0.728,1,YELLOW,10,10
ironing,ironing,0.742,1,YELLOW,10,10
ironing,ironing,0.769,1,GREEN,10,10
ironing,ironing,0.78,1,GREEN,10,10
ironing,ironing,0.664,1,YELLOW,10,10
ironing,ironing,0.479,1,YELLOW,10,10
ironing,ironing,0.423,1,RED,10,10
ironing,ironing,0.52,1,YELLOW,10,10
ironing,ironing,0.73,1,YELLOW,10,10
ironing,ironing,0.738,1,YELLOW,10,10
ironing,ironing,0.709,1,YELLOW,10,10
ironing,ironing,0.63,1,YELLOW,10,10
ironing,ironing,0.649,1,YELLOW,10,10
ironing,ironing,0.819,1,GREEN,10,10
ironing,ironing,0.827,1,GREEN,10,10
ironing,ironing,0.779,1,GREEN,10,10
ironing,ironing,0.714,1,YELLOW,10,10
ironing,ironing,0.607,1,YELLOW,10,10
ironing,ironing,0.582,1,YELLOW,10,10
ironing,ironing,0.558,1,YELLOW,10,10
ironing,ironing,0.521,1,YELLOW,10,10
ironing,ironing,0.694,1,YELLOW,10,10
ironing,ironing,0.816,1,GREEN,10,10
ironing,ironing,0.842,1,GREEN,10,10
ironing,ironing,0.835,1,GREEN,10,10
ironing,ironing,0.827,1,GREEN,10,10
ironing,ironing,0.798,1,GREEN,10,10
ironing,ironing,0.789,1,GREEN,10,10
ironing,ironing,0.804,1,GREEN,10,10
ironing,ironing,0.801,1,GREEN,10,10
ironing,ironing,0.806,1,GREEN,10,10
ironing,ironing,0.838,1,GREEN,10,10
ironing,ironing,0.801,1,GREEN,10,10
ironing,ironing,0.724,1,YELLOW,10,10
ironing,ironing,0.742,1,YELLOW,10,10
ironing,ironing,0.766,1,GREEN,10,10
ironing,ironing,0.809,1,GREEN,10,10
ironing,ironing,0.845,1,GREEN,10,10
ironing,ironing,0.839,1,GREEN,10,10
ironing,ironing,0.835,1,GREEN,10,10
ironing,ironing,0.821,1,GREEN,10,10
ironing,ironing,0.69,1,YELLOW,10,10
ironing,ironing,0.506,1,YELLOW,10,10
ironing,ironing,0.617,1,YELLOW,10,10
ironing,ironing,0.69,1,YELLOW,10,10
ironing,ironing,0.746,1,YELLOW,10,10
ironing,ironing,0.779,1,GREEN,10,10
ironing,ironing,0.758,1,GREEN,10,10
ironing,ironing,0.758,1,GREEN,10,10
ironing,ironing,0.79,1,GREEN,10,10
ironing,ironing,0.79,1,GREEN,10,10
ironing,ironing,0.783,1,GREEN,10,10
ironing,ironing,0.759,1,GREEN,10,10
ironing,ironing,0.761,1,GREEN,10,10
ironing,ironing,0.777,1,GREEN,10,10
ironing,ironing,0.772,1,GREEN,10,10
ironing,ironing,0.783,1,GREEN,10,10
ironing,ironing,0.761,1,GREEN,10,10
ironing,ironing,0.498,1,YELLOW,10,10
ironing,ironing,0.402,1,RED,10,10
ironing,ironing,0.55,1,YELLOW,10,10
ironing,ironing,0.511,1,YELLOW,10,10
ironing,ironing,0.529,1,YELLOW,10,10
ironing,ironing,0.575,1,YELLOW,10,10
ironing,ironing,0.6,1,YELLOW,10,10
ironing,ironing,0.617,1,YELLOW,10,10
ironing,ironing,0.646,1,YELLOW,10,10
ironing,ironing,0.668,1,YELLOW,10,10
ironing,ironing,0.626,1,YELLOW,10,10
ironing,ironing,0.559,1,YELLOW,10,10
ironing,ironing,0.637,1,YELLOW,10,10
ironing,ironing,0.705,1,YELLOW,10,10
ironing,ironing,0.758,1,GREEN,10,10
ironing,ironing,0.769,1,GREEN,10,10
ironing,ironing,0.713,1,YELLOW,10,10
ironing,ironing,0.752,1,GREEN,10,10
ironing,ironing,0.713,1,YELLOW,10,10
ironing,ironing,0.72,1,YELLOW,10,10
ironing,ironing,0.759,1,GREEN,10,10
ironing,ironing,0.729,1,YELLOW,10,10
ironing,ironing,0.733,1,YELLOW,10,10
ironing,ironing,0.778,1,GREEN,10,10
ironing,ironing,0.792,1,GREEN,10,10
ironing,ironing,0.799,1,GREEN,10,10
ironing,ironing,0.799,1,GREEN,10,10
ironing,ironing,0.815,1,GREEN,10,10
ironing,ironing,0.784,1,GREEN,10,10
ironing,ironing,0.777,1,GREEN,10,10
ironing,ironing,0.795,1,GREEN,10,10
ironing,ironing,0.776,1,GREEN,10,10
ironing,ironing,0.792,1,GREEN,10,10
ironing,ironing,0.81,1,GREEN,10,10
ironing,ironing,0.806,1,GREEN,10,10
ironing,ironing,0.669,1,YELLOW,10,10
ironing,ironing,0.482,1,YELLOW,10,10
ironing,ironing,0.553,1,YELLOW,10,10
ironing,ironing,0.533,1,YELLOW,10,10
ironing,ironing,0.579,1,YELLOW,10,10
ironing,ironing,0.576,1,YELLOW,10,10
ironing,ironing,0.583,1,YELLOW,10,10
ironing,ironing,0.622,1,YELLOW,10,10
ironing,ironing,0.646,1,YELLOW,10,10
ironing,ironing,0.597,1,YELLOW,10,10
ironing,ironing,0.653,1,YELLOW,10,10
ironing,ironing,0.797,1,GREEN,10,10
ironing,ironing,0.812,1,GREEN,10,10
ironing,ironing,0.629,1,YELLOW,10,10
ironing,ironing,0.468,1,YELLOW,10,10
ironing,ironing,0.392,1,RED,10,10
ironing,ironing,0.342,1,RED,10,10
ironing,ironing,0.528,1,YELLOW,10,10
ironing,ironing,0.63,1,YELLOW,10,10
ironing,ironing,0.552,1,YELLOW,10,10
ironing,ironing,0.319,1,RED,10,10
ironing,ironing,0.404,1,RED,10,10
ironing,ironing,0.645,1,YELLOW,10,10
ironing,ironing,0.715,1,YELLOW,10,10
ironing,ironing,0.738,1,YELLOW,10,10
ironing,ironing,0.726,1,YELLOW,10,10
ironing,ironing,0.528,1,YELLOW,10,10
ironing,ironing,0.317,1,RED,10,10
ironing,ironing,0.204,1,RED,10,10
ironing,ironing,0.134,1,RED,10,10
ironing,ironing,0.174,1,RED,10,10
ironing,ironing,0.412,1,RED,10,10
ironing,ironing,0.69,1,YELLOW,10,10
ironing,ironing,0.611,1,YELLOW,10,10
ironing,ironing,0.702,1,YELLOW,10,10
ironing,ironing,0.67,1,YELLOW,10,10
ironing,ironing,0.544,1,YELLOW,10,10
ironing,ironing,0.571,1,YELLOW,10,10
ironing,ironing,0.603,1,YELLOW,10,10
ironing,ironing,0.629,1,YELLOW,10,10
ironing,ironing,0.573,1,YELLOW,10,10
ironing,ironing,0.573,1,YELLOW,10,10
ironing,ironing,0.657,1,YELLOW,10,10
ironing,ironing,0.66,1,YELLOW,10,10
ironing,ironing,0.672,1,YELLOW,10,10
ironing,ironing,0.694,1,YELLOW,10,10
ironing,ironing,0.588,1,YELLOW,10,10
ironing,ironing,0.58,1,YELLOW,10,10
ironing,ironing,0.686,1,YELLOW,10,10
ironing,ironing,0.689,1,YELLOW,10,10
ironing,ironing,0.646,1,YELLOW,10,10
ironing,ironing,0.626,1,YELLOW,10,10
ironing,ironing,0.637,1,YELLOW,10,10
ironing,ironing,0.64,1,YELLOW,10,10
ironing,ironing,0.635,1,YELLOW,10,10
ironing,ironing,0.638,1,YELLOW,10,10
ironing,ironing,0.661,1,YELLOW,10,10
ironing,ironing,0.629,1,YELLOW,10,10
ironing,ironing,0.545,1,YELLOW,10,10
ironing,ironing,0.543,1,YELLOW,10,10
ironing,ironing,0.687,1,YELLOW,10,10
ironing,ironing,0.697,1,YELLOW,10,10
ironing,ironing,0.608,1,YELLOW,10,10
ironing,ironing,0.541,1,YELLOW,10,10
ironing,ironing,0.604,1,YELLOW,10,10
ironing,ironing,0.558,1,YELLOW,10,10
ironing,ironing,0.522,1,YELLOW,10,10
ironing,ironing,0.552,1,YELLOW,10,10
ironing,ironing,0.532,1,YELLOW,10,10
ironing,ironing,0.404,1,RED,10,10
ironing,ironing,0.468,1,YELLOW,10,10
ironing,ironing,0.465,1,YELLOW,10,10
ironing,ironing,0.52,1,YELLOW,10,10
ironing,ironing,0.561,1,YELLOW,10,10
ironing,ironing,0.558,1,YELLOW,10,10
ironing,ironing,0.504,1,YELLOW,10,10
ironing,ironing,0.418,1,RED,10,10
ironing,ironing,0.215,1,RED,10,10
ironing,ironing,0.239,1,RED,10,10
ironing,ironing,0.592,1,YELLOW,10,10
ironing,ironing,0.703,1,YELLOW,10,10
ironing,ironing,0.788,1,GREEN,10,10
ironing,ironing,0.803,1,GREEN,10,10
ironing,ironing,0.798,1,GREEN,10,10
ironing,ironing,0.805,1,GREEN,10,10
ironing,ironing,0.81,1,GREEN,10,10
ironing,ironing,0.786,1,GREEN,10,10
ironing,ironing,0.808,1,GREEN,10,10
ironing,ironing,0.814,1,GREEN,10,10
ironing,ironing,0.784,1,GREEN,10,10
ironing,ironing,0.782,1,GREEN,10,10
ironing,ironing,0.793,1,GREEN,10,10
ironing,ironing,0.815,1,GREEN,10,10
ironing,ironing,0.819,1,GREEN,10,10
ironing,ironing,0.831,1,GREEN,10,10
ironing,ironing,0.836,1,GREEN,10,10
ironing,ironing,0.832,1,GREEN,10,10
ironing,ironing,0.832,1,GREEN,10,10
ironing,ironing,0.832,1,GREEN,10,10
ironing,ironing,0.83,1,GREEN,10,10
ironing,ironing,0.832,1,GREEN,10,10
ironing,ironing,0.836,1,GREEN,10,10
ironing,ironing,0.837,1,GREEN,10,10
ironing,ironing,0.835,1,GREEN,10,10
ironing,ironing,0.834,1,GREEN,10,10
ironing,ironing,0.833,1,GREEN,10,10
ironing,ironing,0.828,1,GREEN,10,10
ironing,ironing,0.824,1,GREEN,10,10
ironing,ironing,0.823,1,GREEN,10,10
ironing,ironing,0.82,1,GREEN,10,10
ironing,ironing,0.813,1,GREEN,10,10
ironing,ironing,0.807,1,GREEN,10,10
ironing,ironing,0.805,1,GREEN,10,10
ironing,ironing,0.808,1,GREEN,10,10
ironing,ironing,0.802,1,GREEN,10,10
ironing,ironing,0.792,1,GREEN,10,10
ironing,ironing,0.787,1,GREEN,10,10
ironing,ironing,0.779,1,GREEN,10,10
ironing,ironing,0.774,1,GREEN,10,10
ironing,ironing,0.784,1,GREEN,10,10
ironing,ironing,0.792,1,GREEN,10,10
ironing,ironing,0.793,1,GREEN,10,10
ironing,ironing,0.801,1,GREEN,10,10
ironing,ironing,0.787,1,GREEN,10,10
ironing,ironing,0.8,1,GREEN,10,10
ironing,ironing,0.799,1,GREEN,10,10
ironing,ironing,0.745,1,YELLOW,10,10
ironing,ironing,0.732,1,YELLOW,10,10
ironing,ironing,0.699,1,YELLOW,10,10
ironing,ironing,0.721,1,YELLOW,10,10
ironing,ironing,0.755,1,GREEN,10,10
ironing,ironing,0.74,1,YELLOW,10,10
ironing,ironing,0.723,1,YELLOW,10,10
ironing,ironing,0.653,1,YELLOW,10,10
ironing,ironing,0.66,1,YELLOW,10,10
ironing,ironing,0.674,1,YELLOW,10,10
ironing,ironing,0.423,1,RED,10,10
ironing,ironing,0.382,1,RED,10,10
ironing,ironing,0.53,1,YELLOW,10,10
ironing,ironing,0.574,1,YELLOW,10,10
ironing,ironing,0.641,1,YELLOW,10,10
ironing,ironing,0.721,1,YELLOW,10,10
ironing,ironing,0.699,1,YELLOW,10,10
ironing,ironing,0.581,1,YELLOW,10,10
ironing,ironing,0.524,1,YELLOW,10,10
ironing,ironing,0.557,1,YELLOW,10,10
ironing,ironing,0.576,1,YELLOW,10,10
vacuuming,ironing,0.045,0,RED,9,10
vacuuming,ironing,0.043,0,RED,9,10
vacuuming,ironing,0.046,0,RED,9,10
vacuuming,ironing,0.05,0,RED,9,10
vacuuming,ironing,0.047,0,RED,9,10
vacuuming,vacuuming,0.063,1,RED,9,9
vacuuming,vacuuming,0.151,1,RED,9,9
vacuuming,vacuuming,0.28,1,RED,9,9
vacuuming,vacuuming,0.179,1,RED,9,9
vacuuming,vacuuming,0.169,1,RED,9,9
vacuuming,vacuuming,0.679,1,YELLOW,9,9
vacuuming,vacuuming,0.811,1,GREEN,9,9
vacuuming,stairs_up,0.886,0,GREEN,9,7
vacuuming,stairs_up,0.959,0,GREEN,9,7
vacuuming,stairs_up,0.967,0,GREEN,9,7
vacuuming,stairs_up,0.937,0,GREEN,9,7
vacuuming,stairs_up,0.398,0,RED,9,7
vacuuming,stairs_up,0.058,0,RED,9,7
vacuuming,stairs_up,0.055,0,RED,9,7
vacuuming,stairs_up,0.101,0,RED,9,7
vacuuming,stairs_up,0.136,0,RED,9,7
vacuuming,stairs_up,0.221,0,RED,9,7
vacuuming,stairs_up,0.251,0,RED,9,7
vacuuming,stairs_up,0.285,0,RED,9,7
vacuuming,stairs_up,0.301,0,RED,9,7
vacuuming,stairs_up,0.298,0,RED,9,7
vacuuming,stairs_up,0.318,0,RED,9,7
vacuuming,stairs_up,0.312,0,RED,9,7
vacuuming,stairs_up,0.253,0,RED,9,7
vacuuming,stairs_up,0.162,0,RED,9,7
vacuuming,stairs_up,0.202,0,RED,9,7
vacuuming,stairs_up,0.321,0,RED,9,7
vacuuming,stairs_up,0.084,0,RED,9,7
vacuuming,stairs_up,0.042,0,RED,9,7
vacuuming,stairs_up,0.2,0,RED,9,7
vacuuming,stairs_up,0.153,0,RED,9,7
vacuuming,stairs_up,0.15,0,RED,9,7
vacuuming,stairs_up,0.333,0,RED,9,7
vacuuming,stairs_up,0.332,0,RED,9,7
vacuuming,stairs_up,0.227,0,RED,9,7
vacuuming,stairs_up,0.321,0,RED,9,7
vacuuming,stairs_up,0.375,0,RED,9,7
vacuuming,stairs_up,0.255,0,RED,9,7
vacuuming,stairs_up,0.319,0,RED,9,7
vacuuming,stairs_up,0.268,0,RED,9,7
vacuuming,stairs_up,0.185,0,RED,9,7
vacuuming,stairs_up,0.151,0,RED,9,7
vacuuming,stairs_up,0.204,0,RED,9,7
vacuuming,stairs_up,0.622,0,YELLOW,9,7
vacuuming,stairs_up,0.339,0,RED,9,7
vacuuming,stairs_up,0.083,0,RED,9,7
vacuuming,stairs_up,0.385,0,RED,9,7
vacuuming,stairs_up,0.474,0,YELLOW,9,7
vacuuming,stairs_up,0.067,0,RED,9,7
vacuuming,stairs_up,0.129,0,RED,9,7
vacuuming,stairs_up,0.465,0,YELLOW,9,7
vacuuming,stairs_up,0.27,0,RED,9,7
vacuuming,stairs_up,0.329,0,RED,9,7
vacuuming,stairs_up,0.344,0,RED,9,7
vacuuming,stairs_up,0.089,0,RED,9,7
vacuuming,stairs_up,0.008,0,RED,9,7
vacuuming,stairs_up,0.082,0,RED,9,7
vacuuming,stairs_up,0.425,0,RED,9,7
vacuuming,stairs_up,0.222,0,RED,9,7
vacuuming,stairs_up,0.156,0,RED,9,7
vacuuming,stairs_up,0.311,0,RED,9,7
vacuuming,stairs_up,0.252,0,RED,9,7
vacuuming,stairs_up,0.201,0,RED,9,7
vacuuming,stairs_up,0.201,0,RED,9,7
vacuuming,stairs_up,0.298,0,RED,9,7
vacuuming,stairs_up,0.455,0,YELLOW,9,7
vacuuming,stairs_up,0.346,0,RED,9,7
vacuuming,stairs_up,0.465,0,YELLOW,9,7
vacuuming,stairs_up,0.415,0,RED,9,7
vacuuming,stairs_up,0.193,0,RED,9,7
vacuuming,stairs_up,0.089,0,RED,9,7
vacuuming,stairs_up,0.117,0,RED,9,7
vacuuming,stairs_up,0.336,0,RED,9,7
vacuuming,stairs_up,0.297,0,RED,9,7
vacuuming,stairs_up,0.357,0,RED,9,7
vacuuming,stairs_up,0.382,0,RED,9,7
vacuuming,stairs_up,0.166,0,RED,9,7
vacuuming,stairs_up,0.048,0,RED,9,7
vacuuming,stairs_up,0.096,0,RED,9,7
vacuuming,stairs_up,0.172,0,RED,9,7
vacuuming,stairs_up,0.307,0,RED,9,7
vacuuming,stairs_up,0.44,0,RED,9,7
vacuuming,vacuuming,0.688,1,YELLOW,9,9
vacuuming,vacuuming,0.574,1,YELLOW,9,9
vacuuming,vacuuming,0.125,1,RED,9,9
vacuuming,vacuuming,0.118,1,RED,9,9
vacuuming,vacuuming,0.311,1,RED,9,9
vacuuming,vacuuming,0.215,1,RED,9,9
vacuuming,vacuuming,0.131,1,RED,9,9
vacuuming,vacuuming,0.094,1,RED,9,9
vacuuming,vacuuming,0.084,1,RED,9,9
vacuuming,vacuuming,0.228,1,RED,9,9
vacuuming,vacuuming,0.472,1,YELLOW,9,9
vacuuming,vacuuming,0.434,1,RED,9,9
vacuuming,vacuuming,0.526,1,YELLOW,9,9
vacuuming,vacuuming,0.556,1,YELLOW,9,9
vacuuming,vacuuming,0.727,1,YELLOW,9,9
vacuuming,vacuuming,0.537,1,YELLOW,9,9
vacuuming,vacuuming,0.316,1,RED,9,9
vacuuming,vacuuming,0.241,1,RED,9,9
vacuuming,vacuuming,0.234,1,RED,9,9
vacuuming,vacuuming,0.269,1,RED,9,9
vacuuming,vacuuming,0.186,1,RED,9,9
vacuuming,vacuuming,0.19,1,RED,9,9
vacuuming,vacuuming,0.611,1,YELLOW,9,9
vacuuming,vacuuming,0.61,1,YELLOW,9,9
vacuuming,vacuuming,0.434,1,RED,9,9
vacuuming,vacuuming,0.6,1,YELLOW,9,9
vacuuming,vacuuming,0.519,1,YELLOW,9,9
vacuuming,vacuuming,0.399,1,RED,9,9
vacuuming,vacuuming,0.599,1,YELLOW,9,9
vacuuming,vacuuming,0.472,1,YELLOW,9,9
vacuuming,vacuuming,0.558,1,YELLOW,9,9
vacuuming,vacuuming,0.653,1,YELLOW,9,9
vacuuming,vacuuming,0.227,1,RED,9,9
vacuuming,vacuuming,0.187,1,RED,9,9
vacuuming,vacuuming,0.345,1,RED,9,9
vacuuming,vacuuming,0.441,1,RED,9,9
vacuuming,vacuuming,0.271,1,RED,9,9
vacuuming,vacuuming,0.222,1,RED,9,9
vacuuming,vacuuming,0.201,1,RED,9,9
vacuuming,vacuuming,0.29,1,RED,9,9
vacuuming,vacuuming,0.212,1,RED,9,9
vacuuming,vacuuming,0.169,1,RED,9,9
vacuuming,vacuuming,0.15,1,RED,9,9
vacuuming,vacuuming,0.181,1,RED,9,9
vacuuming,vacuuming,0.194,1,RED,9,9
vacuuming,vacuuming,0.295,1,RED,9,9
vacuuming,vacuuming,0.488,1,YELLOW,9,9
vacuuming,vacuuming,0.481,1,YELLOW,9,9
vacuuming,vacuuming,0.375,1,RED,9,9
vacuuming,vacuuming,0.311,1,RED,9,9
vacuuming,vacuuming,0.377,1,RED,9,9
vacuuming,vacuuming,0.19,1,RED,9,9
vacuuming,vacuuming,0.151,1,RED,9,9
vacuuming,vacuuming,0.215,1,RED,9,9
vacuuming,vacuuming,0.251,1,RED,9,9
vacuuming,vacuuming,0.304,1,RED,9,9
vacuuming,vacuuming,0.347,1,RED,9,9
vacuuming,vacuuming,0.164,1,RED,9,9
vacuuming,vacuuming,0.292,1,RED,9,9
vacuuming,vacuuming,0.149,1,RED,9,9
vacuuming,vacuuming,0.1,1,RED,9,9
vacuuming,vacuuming,0.103,1,RED,9,9
vacuuming,vacuuming,0.05,1,RED,9,9
vacuuming,vacuuming,0.042,1,RED,9,9
vacuuming,vacuuming,0.215,1,RED,9,9
vacuuming,vacuuming,0.648,1,YELLOW,9,9
vacuuming,vacuuming,0.924,1,GREEN,9,9
vacuuming,vacuuming,0.893,1,GREEN,9,9
vacuuming,vacuuming,0.895,1,GREEN,9,9
vacuuming,vacuuming,0.59,1,YELLOW,9,9
vacuuming,vacuuming,0.243,1,RED,9,9
vacuuming,vacuuming,0.336,1,RED,9,9
vacuuming,vacuuming,0.686,1,YELLOW,9,9
vacuuming,vacuuming,0.685,1,YELLOW,9,9
vacuuming,vacuuming,0.779,1,GREEN,9,9
vacuuming,vacuuming,0.833,1,GREEN,9,9
vacuuming,vacuuming,0.665,1,YELLOW,9,9
vacuuming,vacuuming,0.472,1,YELLOW,9,9
vacuuming,vacuuming,0.276,1,RED,9,9
vacuuming,vacuuming,0.157,1,RED,9,9
vacuuming,vacuuming,0.131,1,RED,9,9
vacuuming,vacuuming,0.202,1,RED,9,9
vacuuming,vacuuming,0.208,1,RED,9,9
vacuuming,vacuuming,0.205,1,RED,9,9
vacuuming,vacuuming,0.231,1,RED,9,9
vacuuming,vacuuming,0.101,1,RED,9,9
vacuuming,vacuuming,0.21,1,RED,9,9
vacuuming,vacuuming,0.28,1,RED,9,9
vacuuming,stairs_up,0.316,0,RED,9,7
vacuuming,stairs_up,0.427,0,RED,9,7
vacuuming,stairs_up,0.182,0,RED,9,7
vacuuming,stairs_up,0.322,0,RED,9,7
vacuuming,stairs_up,0.416,0,RED,9,7
vacuuming,stairs_up,0.352,0,RED,9,7
vacuuming,stairs_up,0.457,0,YELLOW,9,7
vacuuming,stairs_up,0.419,0,RED,9,7
vacuuming,stairs_up,0.348,0,RED,9,7
vacuuming,stairs_up,0.199,0,RED,9,7
vacuuming,vacuuming,0.054,1,RED,9,9
vacuuming,vacuuming,0.141,1,RED,9,9
vacuuming,vacuuming,0.163,1,RED,9,9
vacuuming,vacuuming,0.122,1,RED,9,9
vacuuming,vacuuming,0.373,1,RED,9,9
vacuuming,vacuuming,0.56,1,YELLOW,9,9
vacuuming,vacuuming,0.351,1,RED,9,9
vacuuming,vacuuming,0.329,1,RED,9,9
vacuuming,vacuuming,0.439,1,RED,9,9
vacuuming,vacuuming,0.646,1,YELLOW,9,9
vacuuming,vacuuming,0.551,1,YELLOW,9,9
vacuuming,stairs_up,0.515,0,YELLOW,9,7
vacuuming,stairs_up,0.469,0,YELLOW,9,7
vacuuming,stairs_up,0.193,0,RED,9,7
vacuuming,stairs_up,0.266,0,RED,9,7
vacuuming,stairs_up,0.115,0,RED,9,7
vacuuming,stairs_up,0.044,0,RED,9,7
vacuuming,stairs_up,0.098,0,RED,9,7
vacuuming,stairs_up,0.293,0,RED,9,7
vacuuming,stairs_up,0.435,0,RED,9,7
vacuuming,stairs_up,0.258,0,RED,9,7
vacuuming,stairs_up,0.191,0,RED,9,7
vacuuming,stairs_up,0.135,0,RED,9,7
vacuuming,stairs_up,0.16,0,RED,9,7
vacuuming,stairs_up,0.22,0,RED,9,7
vacuuming,stairs_up,0.153,0,RED,9,7
vacuuming,stairs_up,0.222,0,RED,9,7
vacuuming,stairs_up,0.434,0,RED,9,7
vacuuming,stairs_up,0.146,0,RED,9,7
vacuuming,stairs_up,0.184,0,RED,9,7
vacuuming,stairs_up,0.46,0,YELLOW,9,7
vacuuming,stairs_up,0.197,0,RED,9,7
vacuuming,stairs_up,0.114,0,RED,9,7
vacuuming,stairs_up,0.186,0,RED,9,7
vacuuming,stairs_up,0.327,0,RED,9,7
vacuuming,stairs_up,0.381,0,RED,9,7
vacuuming,stairs_up,0.354,0,RED,9,7
vacuuming,stairs_up,0.437,0,RED,9,7
vacuuming,stairs_up,0.548,0,YELLOW,9,7
vacuuming,stairs_up,0.511,0,YELLOW,9,7
vacuuming,stairs_up,0.367,0,RED,9,7
vacuuming,stairs_up,0.14,0,RED,9,7
vacuuming,vacuuming,0.275,1,RED,9,9
vacuuming,vacuuming,0.437,1,RED,9,9
vacuuming,vacuuming,0.34,1,RED,9,9
vacuuming,vacuuming,0.519,1,YELLOW,9,9
vacuuming,vacuuming,0.517,1,YELLOW,9,9
vacuuming,vacuuming,0.466,1,YELLOW,9,9
vacuuming,vacuuming,0.581,1,YELLOW,9,9
vacuuming,vacuuming,0.318,1,RED,9,9
vacuuming,vacuuming,0.18,1,RED,9,9
vacuuming,vacuuming,0.593,1,YELLOW,9,9
vacuuming,vacuuming,0.42,1,RED,9,9
vacuuming,vacuuming,0.256,1,RED,9,9
vacuuming,vacuuming,0.365,1,RED,9,9
vacuuming,vacuuming,0.322,1,RED,9,9
vacuuming,vacuuming,0.38,1,RED,9,9
vacuuming,vacuuming,0.252,1,RED,9,9
vacuuming,vacuuming,0.32,1,RED,9,9
vacuuming,vacuuming,0.346,1,RED,9,9
vacuuming,vacuuming,0.569,1,YELLOW,9,9
vacuuming,vacuuming,0.447,1,RED,9,9
vacuuming,vacuuming,0.079,1,RED,9,9
vacuuming,vacuuming,0.065,1,RED,9,9
vacuuming,vacuuming,0.126,1,RED,9,9
vacuuming,vacuuming,0.403,1,RED,9,9
vacuuming,vacuuming,0.5,1,YELLOW,9,9
vacuuming,vacuuming,0.545,1,YELLOW,9,9
vacuuming,vacuuming,0.47,1,YELLOW,9,9
vacuuming,vacuuming,0.386,1,RED,9,9
vacuuming,vacuuming,0.301,1,RED,9,9
vacuuming,vacuuming,0.308,1,RED,9,9
vacuuming,vacuuming,0.322,1,RED,9,9
vacuuming,vacuuming,0.428,1,RED,9,9
vacuuming,vacuuming,0.56,1,YELLOW,9,9
vacuuming,vacuuming,0.527,1,YELLOW,9,9
vacuuming,vacuuming,0.294,1,RED,9,9
vacuuming,vacuuming,0.123,1,RED,9,9
vacuuming,vacuuming,0.198,1,RED,9,9
vacuuming,vacuuming,0.308,1,RED,9,9
vacuuming,vacuuming,0.405,1,RED,9,9
vacuuming,vacuuming,0.366,1,RED,9,9
vacuuming,vacuuming,0.514,1,YELLOW,9,9
vacuuming,vacuuming,0.504,1,YELLOW,9,9
vacuuming,vacuuming,0.411,1,RED,9,9
vacuuming,vacuuming,0.377,1,RED,9,9
vacuuming,vacuuming,0.153,1,RED,9,9
vacuuming,vacuuming,0.409,1,RED,9,9
vacuuming,vacuuming,0.463,1,YELLOW,9,9
vacuuming,vacuuming,0.448,1,RED,9,9
vacuuming,vacuuming,0.282,1,RED,9,9
vacuuming,vacuuming,0.439,1,RED,9,9
vacuuming,vacuuming,0.461,1,YELLOW,9,9
vacuuming,vacuuming,0.578,1,YELLOW,9,9
vacuuming,vacuuming,0.475,1,YELLOW,9,9
vacuuming,vacuuming,0.406,1,RED,9,9
vacuuming,vacuuming,0.588,1,YELLOW,9,9
vacuuming,vacuuming,0.601,1,YELLOW,9,9
vacuuming,vacuuming,0.309,1,RED,9,9
vacuuming,vacuuming,0.138,1,RED,9,9
vacuuming,vacuuming,0.113,1,RED,9,9
vacuuming,vacuuming,0.327,1,RED,9,9
vacuuming,vacuuming,0.452,1,YELLOW,9,9
vacuuming,vacuuming,0.136,1,RED,9,9
vacuuming,vacuuming,0.113,1,RED,9,9
vacuuming,nordic_walk,0.199,0,RED,9,6
vacuuming,nordic_walk,0.128,0,RED,9,6
vacuuming,nordic_walk,0.227,0,RED,9,6
vacuuming,nordic_walk,0.391,0,RED,9,6
vacuuming,nordic_walk,0.199,0,RED,9,6
vacuuming,nordic_walk,0.075,0,RED,9,6
vacuuming,nordic_walk,0.091,0,RED,9,6
vacuuming,nordic_walk,0.035,0,RED,9,6
vacuuming,nordic_walk,0.016,0,RED,9,6
vacuuming,vacuuming,0.007,1,RED,9,9
vacuuming,vacuuming,0.011,1,RED,9,9
vacuuming,vacuuming,0.01,1,RED,9,9
vacuuming,vacuuming,0.028,1,RED,9,9
vacuuming,vacuuming,0.156,1,RED,9,9
vacuuming,vacuuming,0.414,1,RED,9,9
vacuuming,vacuuming,0.403,1,RED,9,9
vacuuming,vacuuming,0.458,1,YELLOW,9,9
vacuuming,vacuuming,0.409,1,RED,9,9
vacuuming,vacuuming,0.146,1,RED,9,9
vacuuming,vacuuming,0.535,1,YELLOW,9,9
vacuuming,vacuuming,0.901,1,GREEN,9,9
vacuuming,vacuuming,0.843,1,GREEN,9,9
vacuuming,vacuuming,0.732,1,YELLOW,9,9
vacuuming,vacuuming,0.694,1,YELLOW,9,9
vacuuming,vacuuming,0.38,1,RED,9,9
vacuuming,vacuuming,0.252,1,RED,9,9
vacuuming,vacuuming,0.183,1,RED,9,9
vacuuming,stairs_up,0.22,0,RED,9,7
vacuuming,stairs_up,0.126,0,RED,9,7
vacuuming,stairs_up,0.081,0,RED,9,7
vacuuming,stairs_up,0.088,0,RED,9,7
vacuuming,stairs_up,0.085,0,RED,9,7
vacuuming,stairs_up,0.05,0,RED,9,7
vacuuming,stairs_up,0.219,0,RED,9,7
vacuuming,stairs_up,0.554,0,YELLOW,9,7
vacuuming,stairs_up,0.466,0,YELLOW,9,7
vacuuming,stairs_up,0.369,0,RED,9,7
vacuuming,stairs_up,0.348,0,RED,9,7
vacuuming,stairs_up,0.394,0,RED,9,7
vacuuming,stairs_up,0.339,0,RED,9,7
vacuuming,stairs_up,0.357,0,RED,9,7
vacuuming,stairs_up,0.166,0,RED,9,7
vacuuming,stairs_up,0.151,0,RED,9,7
vacuuming,stairs_up,0.319,0,RED,9,7
vacuuming,stairs_up,0.366,0,RED,9,7
vacuuming,stairs_up,0.297,0,RED,9,7
vacuuming,stairs_up,0.279,0,RED,9,7
vacuuming,stairs_up,0.199,0,RED,9,7
vacuuming,stairs_up,0.264,0,RED,9,7
vacuuming,stairs_up,0.43,0,RED,9,7
vacuuming,stairs_up,0.216,0,RED,9,7
vacuuming,stairs_up,0.146,0,RED,9,7
vacuuming,stairs_up,0.143,0,RED,9,7
vacuuming,stairs_up,0.247,0,RED,9,7
vacuuming,stairs_up,0.516,0,YELLOW,9,7
vacuuming,stairs_up,0.445,0,RED,9,7
vacuuming,stairs_up,0.46,0,YELLOW,9,7
vacuuming,stairs_up,0.714,0,YELLOW,9,7
vacuuming,stairs_up,0.355,0,RED,9,7
vacuuming,stairs_up,0.332,0,RED,9,7
vacuuming,stairs_up,0.247,0,RED,9,7
vacuuming,stairs_up,0.213,0,RED,9,7
vacuuming,stairs_up,0.642,0,YELLOW,9,7
vacuuming,stairs_up,0.36,0,RED,9,7
vacuuming,stairs_up,0.029,0,RED,9,7
vacuuming,stairs_up,0.028,0,RED,9,7
vacuuming,stairs_up,0.237,0,RED,9,7
vacuuming,stairs_up,0.201,0,RED,9,7
vacuuming,stairs_up,0.3,0,RED,9,7
vacuuming,stairs_up,0.133,0,RED,9,7
vacuuming,stairs_up,0.237,0,RED,9,7
vacuuming,stairs_up,0.335,0,RED,9,7
vacuuming,stairs_up,0.156,0,RED,9,7
vacuuming,stairs_up,0.133,0,RED,9,7
vacuuming,stairs_up,0.263,0,RED,9,7
vacuuming,stairs_up,0.415,0,RED,9,7
vacuuming,stairs_up,0.64,0,YELLOW,9,7
vacuuming,stairs_up,0.759,0,GREEN,9,7
vacuuming,stairs_up,0.577,0,YELLOW,9,7
vacuuming,stairs_up,0.481,0,YELLOW,9,7
vacuuming,stairs_up,0.402,0,RED,9,7
vacuuming,stairs_up,0.538,0,YELLOW,9,7
vacuuming,stairs_up,0.604,0,YELLOW,9,7
vacuuming,vacuuming,0.545,1,YELLOW,9,9
vacuuming,vacuuming,0.313,1,RED,9,9
vacuuming,vacuuming,0.268,1,RED,9,9
vacuuming,vacuuming,0.352,1,RED,9,9
vacuuming,vacuuming,0.412,1,RED,9,9
vacuuming,vacuuming,0.212,1,RED,9,9
vacuuming,vacuuming,0.101,1,RED,9,9
vacuuming,vacuuming,0.244,1,RED,9,9
vacuuming,vacuuming,0.218,1,RED,9,9
vacuuming,vacuuming,0.305,1,RED,9,9
vacuuming,vacuuming,0.646,1,YELLOW,9,9
vacuuming,vacuuming,0.653,1,YELLOW,9,9
vacuuming,vacuuming,0.7,1,YELLOW,9,9
vacuuming,vacuuming,0.604,1,YELLOW,9,9
vacuuming,vacuuming,0.638,1,YELLOW,9,9
vacuuming,vacuuming,0.749,1,YELLOW,9,9
vacuuming,vacuuming,0.759,1,GREEN,9,9
vacuuming,vacuuming,0.82,1,GREEN,9,9
vacuuming,vacuuming,0.908,1,GREEN,9,9
vacuuming,vacuuming,0.895,1,GREEN,9,9
vacuuming,vacuuming,0.586,1,YELLOW,9,9
vacuuming,vacuuming,0.255,1,RED,9,9
vacuuming,vacuuming,0.276,1,RED,9,9
vacuuming,vacuuming,0.153,1,RED,9,9
vacuuming,vacuuming,0.119,1,RED,9,9
vacuuming,vacuuming,0.177,1,RED,9,9
vacuuming,vacuuming,0.084,1,RED,9,9
vacuuming,vacuuming,0.058,1,RED,9,9
vacuuming,vacuuming,0.16,1,RED,9,9
vacuuming,vacuuming,0.067,1,RED,9,9
vacuuming,vacuuming,0.129,1,RED,9,9
vacuuming,stairs_down,0.122,0,RED,9,8
vacuuming,stairs_down,0.068,0,RED,9,8
vacuuming,stairs_down,0.196,0,RED,9,8
vacuuming,stairs_down,0.33,0,RED,9,8
vacuuming,stairs_down,0.324,0,RED,9,8
vacuuming,stairs_down,0.325,0,RED,9,8
vacuuming,stairs_down,0.211,0,RED,9,8
vacuuming,stairs_down,0.169,0,RED,9,8
vacuuming,stairs_down,0.187,0,RED,9,8
vacuuming,stairs_down,0.074,0,RED,9,8
vacuuming,standing,0.153,0,RED,9,2
vacuuming,standing,0.178,0,RED,9,2
vacuuming,standing,0.121,0,RED,9,2
vacuuming,stairs_up,0.105,0,RED,9,7
vacuuming,stairs_up,0.153,0,RED,9,7
stairs_up,stairs_up,0.137,1,RED,7,7
stairs_up,stairs_up,0.145,1,RED,7,7
stairs_up,stairs_up,0.145,1,RED,7,7
stairs_up,stairs_up,0.145,1,RED,7,7
stairs_up,stairs_up,0.177,1,RED,7,7
stairs_up,stairs_up,0.162,1,RED,7,7
stairs_up,stairs_up,0.13,1,RED,7,7
stairs_up,stairs_up,0.248,1,RED,7,7
stairs_up,stairs_up,0.638,1,YELLOW,7,7
stairs_up,stairs_up,0.579,1,YELLOW,7,7
stairs_up,stairs_up,0.688,1,YELLOW,7,7
stairs_up,stairs_up,0.618,1,YELLOW,7,7
stairs_up,stairs_up,0.725,1,YELLOW,7,7
stairs_up,stairs_up,0.702,1,YELLOW,7,7
stairs_up,stairs_up,0.459,1,YELLOW,7,7
stairs_up,stairs_up,0.75,1,YELLOW,7,7
stairs_up,stairs_up,0.676,1,YELLOW,7,7
stairs_up,stairs_up,0.923,1,GREEN,7,7
stairs_up,stairs_up,0.981,1,GREEN,7,7
stairs_up,stairs_up,0.937,1,GREEN,7,7
stairs_up,stairs_up,0.944,1,GREEN,7,7
stairs_up,stairs_up,0.8,1,GREEN,7,7
stairs_up,stairs_up,0.684,1,YELLOW,7,7
stairs_up,stairs_up,0.364,1,RED,7,7
stairs_up,stairs_up,0.187,1,RED,7,7
stairs_up,stairs_up,0.204,1,RED,7,7
stairs_up,stairs_up,0.053,1,RED,7,7
stairs_up,stairs_up,0.329,1,RED,7,7
stairs_up,stairs_up,0.852,1,GREEN,7,7
stairs_up,stairs_up,0.994,1,GREEN,7,7
stairs_up,stairs_up,0.993,1,GREEN,7,7
stairs_up,stairs_up,0.877,1,GREEN,7,7
stairs_up,stairs_up,0.762,1,GREEN,7,7
stairs_up,stairs_up,0.659,1,YELLOW,7,7
stairs_up,stairs_up,0.277,1,RED,7,7
stairs_up,stairs_up,0.676,1,YELLOW,7,7
stairs_up,stairs_up,0.663,1,YELLOW,7,7
stairs_up,stairs_up,0.3,1,RED,7,7
stairs_up,stairs_up,0.738,1,YELLOW,7,7
stairs_up,stairs_up,0.56,1,YELLOW,7,7
stairs_up,stairs_up,0.274,1,RED,7,7
stairs_up,stairs_up,0.708,1,YELLOW,7,7
stairs_up,stairs_up,0.885,1,GREEN,7,7
stairs_up,stairs_up,0.968,1,GREEN,7,7
stairs_up,stairs_up,0.943,1,GREEN,7,7
stairs_up,stairs_up,0.547,1,YELLOW,7,7
stairs_up,stairs_up,0.671,1,YELLOW,7,7
stairs_up,stairs_up,0.448,1,RED,7,7
stairs_up,stairs_up,0.342,1,RED,7,7
stairs_up,stairs_up,0.579,1,YELLOW,7,7
stairs_up,stairs_up,0.692,1,YELLOW,7,7
stairs_up,stairs_up,0.878,1,GREEN,7,7
stairs_up,stairs_up,0.928,1,GREEN,7,7
stairs_up,stairs_up,0.931,1,GREEN,7,7
stairs_up,stairs_up,0.92,1,GREEN,7,7
stairs_up,stairs_up,0.797,1,GREEN,7,7
stairs_up,stairs_up,0.758,1,GREEN,7,7
stairs_up,stairs_up,0.718,1,YELLOW,7,7
stairs_up,stairs_up,0.433,1,RED,7,7
stairs_up,stairs_up,0.722,1,YELLOW,7,7
stairs_up,stairs_up,0.697,1,YELLOW,7,7
stairs_up,stairs_up,0.974,1,GREEN,7,7
stairs_up,stairs_up,0.903,1,GREEN,7,7
stairs_up,stairs_up,0.217,1,RED,7,7
stairs_up,stairs_up,0.39,1,RED,7,7
stairs_up,stairs_up,0.569,1,YELLOW,7,7
stairs_up,stairs_up,0.485,1,YELLOW,7,7
stairs_up,stairs_up,0.459,1,YELLOW,7,7
stairs_up,stairs_up,0.707,1,YELLOW,7,7
stairs_up,stairs_up,0.75,1,YELLOW,7,7
stairs_up,stairs_up,0.982,1,GREEN,7,7
stairs_up,stairs_up,0.988,1,GREEN,7,7
stairs_up,stairs_up,0.873,1,GREEN,7,7
stairs_up,stairs_up,0.828,1,GREEN,7,7
stairs_up,stairs_up,0.421,1,RED,7,7
stairs_up,stairs_up,0.179,1,RED,7,7
stairs_up,stairs_up,0.901,1,GREEN,7,7
stairs_up,stairs_up,0.545,1,YELLOW,7,7
stairs_up,stairs_up,0.708,1,YELLOW,7,7
stairs_up,stairs_up,0.939,1,GREEN,7,7
stairs_up,stairs_up,0.887,1,GREEN,7,7
stairs_up,stairs_up,0.932,1,GREEN,7,7
stairs_up,stairs_up,0.779,1,GREEN,7,7
stairs_up,stairs_up,0.604,1,YELLOW,7,7
stairs_up,stairs_up,0.83,1,GREEN,7,7
stairs_up,stairs_up,0.667,1,YELLOW,7,7
stairs_up,stairs_up,0.537,1,YELLOW,7,7
stairs_up,stairs_up,0.786,1,GREEN,7,7
stairs_up,stairs_up,0.632,1,YELLOW,7,7
stairs_up,stairs_up,0.971,1,GREEN,7,7
stairs_up,stairs_up,0.994,1,GREEN,7,7
stairs_up,stairs_up,0.829,1,GREEN,7,7
stairs_up,stairs_up,0.393,1,RED,7,7
stairs_up,stairs_up,0.775,1,GREEN,7,7
stairs_up,stairs_up,0.719,1,YELLOW,7,7
stairs_up,stairs_up,0.692,1,YELLOW,7,7
stairs_up,stairs_up,0.859,1,GREEN,7,7
stairs_up,stairs_up,0.671,1,YELLOW,7,7
stairs_up,stairs_up,0.92,1,GREEN,7,7
stairs_up,stairs_up,0.976,1,GREEN,7,7
stairs_up,stairs_up,0.896,1,GREEN,7,7
stairs_up,stairs_up,0.759,1,GREEN,7,7
stairs_up,stairs_up,0.68,1,YELLOW,7,7
stairs_up,stairs_up,0.705,1,YELLOW,7,7
stairs_up,stairs_up,0.168,1,RED,7,7
stairs_up,stairs_up,0.055,1,RED,7,7
stairs_up,stairs_up,0.602,1,YELLOW,7,7
stairs_up,stairs_up,0.964,1,GREEN,7,7
stairs_up,stairs_up,0.877,1,GREEN,7,7
stairs_up,stairs_up,0.361,1,RED,7,7
stairs_up,stairs_up,0.11,1,RED,7,7
stairs_up,stairs_up,0.091,1,RED,7,7
stairs_up,stairs_up,0.071,1,RED,7,7
stairs_up,stairs_up,0.06,1,RED,7,7
stairs_up,standing,0.074,0,RED,7,2
stairs_up,standing,0.077,0,RED,7,2
stairs_up,standing,0.083,0,RED,7,2
stairs_up,standing,0.081,0,RED,7,2
stairs_up,standing,0.075,0,RED,7,2
stairs_up,standing,0.073,0,RED,7,2
stairs_up,standing,0.073,0,RED,7,2
stairs_up,standing,0.073,0,RED,7,2
stairs_up,standing,0.075,0,RED,7,2
stairs_up,standing,0.079,0,RED,7,2
stairs_down,standing,0.015,0,RED,8,2
stairs_down,sitting,0.01,0,RED,8,1
stairs_down,sitting,0.01,0,RED,8,1
stairs_down,sitting,0.008,0,RED,8,1
stairs_down,sitting,0.009,0,RED,8,1
stairs_down,sitting,0.01,0,RED,8,1
stairs_down,sitting,0.033,0,RED,8,1
stairs_down,sitting,0.07,0,RED,8,1
stairs_down,sitting,0.058,0,RED,8,1
stairs_down,stairs_down,0.049,1,RED,8,8
stairs_down,stairs_down,0.045,1,RED,8,8
stairs_down,stairs_down,0.26,1,RED,8,8
stairs_down,stairs_down,0.479,1,YELLOW,8,8
stairs_down,stairs_down,0.182,1,RED,8,8
stairs_down,stairs_down,0.177,1,RED,8,8
stairs_down,stairs_down,0.386,1,RED,8,8
stairs_down,stairs_down,0.58,1,YELLOW,8,8
stairs_down,stairs_down,0.656,1,YELLOW,8,8
stairs_down,stairs_down,0.763,1,GREEN,8,8
stairs_down,stairs_down,0.906,1,GREEN,8,8
stairs_down,stairs_down,0.941,1,GREEN,8,8
stairs_down,stairs_down,0.884,1,GREEN,8,8
stairs_down,stairs_down,0.674,1,YELLOW,8,8
stairs_down,stairs_down,0.511,1,YELLOW,8,8
stairs_down,stairs_down,0.502,1,YELLOW,8,8
stairs_down,stairs_down,0.47,1,YELLOW,8,8
stairs_down,stairs_down,0.519,1,YELLOW,8,8
stairs_down,stairs_down,0.698,1,YELLOW,8,8
stairs_down,stairs_down,0.745,1,YELLOW,8,8
stairs_down,stairs_down,0.807,1,GREEN,8,8
stairs_down,stairs_down,0.87,1,GREEN,8,8
stairs_down,stairs_down,0.636,1,YELLOW,8,8
stairs_down,stairs_down,0.724,1,YELLOW,8,8
stairs_down,stairs_down,0.647,1,YELLOW,8,8
stairs_down,stairs_down,0.507,1,YELLOW,8,8
stairs_down,stairs_down,0.534,1,YELLOW,8,8
stairs_down,stairs_down,0.589,1,YELLOW,8,8
stairs_down,stairs_down,0.847,1,GREEN,8,8
stairs_down,stairs_down,0.921,1,GREEN,8,8
stairs_down,stairs_down,0.864,1,GREEN,8,8
stairs_down,stairs_down,0.894,1,GREEN,8,8
stairs_down,stairs_down,0.803,1,GREEN,8,8
stairs_down,stairs_down,0.569,1,YELLOW,8,8
stairs_down,stairs_down,0.338,1,RED,8,8
stairs_down,stairs_down,0.174,1,RED,8,8
stairs_down,stairs_down,0.093,1,RED,8,8
stairs_down,stairs_down,0.454,1,YELLOW,8,8
stairs_down,stairs_down,0.829,1,GREEN,8,8
stairs_down,stairs_down,0.908,1,GREEN,8,8
stairs_down,stairs_down,0.907,1,GREEN,8,8
stairs_down,stairs_down,0.81,1,GREEN,8,8
stairs_down,stairs_down,0.586,1,YELLOW,8,8
stairs_down,stairs_down,0.722,1,YELLOW,8,8
stairs_down,stairs_down,0.597,1,YELLOW,8,8
stairs_down,stairs_down,0.631,1,YELLOW,8,8
stairs_down,stairs_down,0.725,1,YELLOW,8,8
stairs_down,stairs_down,0.734,1,YELLOW,8,8
stairs_down,stairs_down,0.479,1,YELLOW,8,8
stairs_down,stairs_down,0.623,1,YELLOW,8,8
stairs_down,stairs_down,0.828,1,GREEN,8,8
stairs_down,stairs_down,0.621,1,YELLOW,8,8
stairs_down,stairs_down,0.652,1,YELLOW,8,8
stairs_down,stairs_down,0.425,1,RED,8,8
stairs_down,stairs_down,0.274,1,RED,8,8
stairs_down,stairs_down,0.278,1,RED,8,8
stairs_down,stairs_down,0.327,1,RED,8,8
stairs_down,stairs_down,0.263,1,RED,8,8
stairs_down,stairs_down,0.585,1,YELLOW,8,8
stairs_down,stairs_down,0.715,1,YELLOW,8,8
stairs_down,stairs_down,0.715,1,YELLOW,8,8
stairs_down,stairs_down,0.272,1,RED,8,8
stairs_down,stairs_down,0.256,1,RED,8,8
stairs_down,stairs_down,0.485,1,YELLOW,8,8
stairs_down,stairs_down,0.392,1,RED,8,8
stairs_down,stairs_down,0.517,1,YELLOW,8,8
stairs_down,stairs_down,0.692,1,YELLOW,8,8
stairs_down,stairs_down,0.805,1,GREEN,8,8
stairs_down,stairs_down,0.807,1,GREEN,8,8
stairs_down,stairs_down,0.694,1,YELLOW,8,8
stairs_down,stairs_down,0.727,1,YELLOW,8,8
stairs_down,stairs_down,0.712,1,YELLOW,8,8
stairs_down,stairs_down,0.447,1,RED,8,8
stairs_down,stairs_down,0.243,1,RED,8,8
stairs_down,stairs_down,0.391,1,RED,8,8
stairs_down,stairs_down,0.47,1,YELLOW,8,8
stairs_down,stairs_down,0.53,1,YELLOW,8,8
stairs_down,stairs_down,0.592,1,YELLOW,8,8
stairs_down,stairs_down,0.551,1,YELLOW,8,8
stairs_down,stairs_down,0.634,1,YELLOW,8,8
stairs_down,stairs_down,0.832,1,GREEN,8,8
stairs_down,stairs_down,0.694,1,YELLOW,8,8
stairs_down,stairs_down,0.749,1,YELLOW,8,8
stairs_down,stairs_down,0.881,1,GREEN,8,8
stairs_down,stairs_down,0.664,1,YELLOW,8,8
stairs_down,stairs_down,0.685,1,YELLOW,8,8
stairs_down,stairs_down,0.529,1,YELLOW,8,8
stairs_down,stairs_down,0.385,1,RED,8,8
stairs_down,stairs_down,0.39,1,RED,8,8
stairs_down,stairs_down,0.763,1,GREEN,8,8
stairs_down,stairs_down,0.816,1,GREEN,8,8
stairs_down,stairs_down,0.631,1,YELLOW,8,8
stairs_down,stairs_down,0.847,1,GREEN,8,8
stairs_down,stairs_down,0.866,1,GREEN,8,8
stairs_down,stairs_down,0.91,1,GREEN,8,8
stairs_down,stairs_down,0.852,1,GREEN,8,8
stairs_down,stairs_down,0.439,1,RED,8,8
stairs_down,stairs_down,0.385,1,RED,8,8
stairs_down,stairs_down,0.673,1,YELLOW,8,8
stairs_down,stairs_down,0.29,1,RED,8,8
stairs_down,stairs_down,0.337,1,RED,8,8
stairs_down,stairs_down,0.614,1,YELLOW,8,8
stairs_down,stairs_down,0.495,1,YELLOW,8,8
stairs_down,stairs_down,0.129,1,RED,8,8
stairs_down,stairs_down,0.058,1,RED,8,8
stairs_down,stairs_down,0.006,1,RED,8,8
stairs_down,stairs_down,0.004,1,RED,8,8
stairs_down,stairs_up,0.007,0,RED,8,7
stairs_down,stairs_up,0.031,0,RED,8,7
stairs_down,stairs_up,0.069,0,RED,8,7
stairs_down,stairs_up,0.114,0,RED,8,7
stairs_down,stairs_up,0.122,0,RED,8,7
stairs_down,stairs_up,0.123,0,RED,8,7
stairs_up,stairs_up,0.295,1,RED,7,7
stairs_up,stairs_up,0.273,1,RED,7,7
stairs_up,stairs_up,0.245,1,RED,7,7
stairs_up,stairs_up,0.266,1,RED,7,7
stairs_up,stairs_up,0.339,1,RED,7,7
stairs_up,stairs_up,0.276,1,RED,7,7
stairs_up,stairs_up,0.182,1,RED,7,7
stairs_up,stairs_up,0.217,1,RED,7,7
stairs_up,stairs_up,0.187,1,RED,7,7
stairs_up,stairs_up,0.272,1,RED,7,7
stairs_up,stairs_up,0.501,1,YELLOW,7,7
stairs_up,stairs_up,0.861,1,GREEN,7,7
stairs_up,stairs_up,0.865,1,GREEN,7,7
stairs_up,stairs_up,0.632,1,YELLOW,7,7
stairs_up,stairs_up,0.653,1,YELLOW,7,7
stairs_up,stairs_up,0.624,1,YELLOW,7,7
stairs_up,stairs_up,0.616,1,YELLOW,7,7
stairs_up,stairs_up,0.525,1,YELLOW,7,7
stairs_up,stairs_up,0.478,1,YELLOW,7,7
stairs_up,stairs_up,0.736,1,YELLOW,7,7
stairs_up,stairs_up,0.714,1,YELLOW,7,7
stairs_up,stairs_up,0.883,1,GREEN,7,7
stairs_up,stairs_up,0.953,1,GREEN,7,7
stairs_up,stairs_up,0.909,1,GREEN,7,7
stairs_up,stairs_up,0.877,1,GREEN,7,7
stairs_up,stairs_up,0.739,1,YELLOW,7,7
stairs_up,stairs_up,0.498,1,YELLOW,7,7
stairs_up,stairs_up,0.243,1,RED,7,7
stairs_up,stairs_up,0.591,1,YELLOW,7,7
stairs_up,stairs_up,0.457,1,YELLOW,7,7
stairs_up,stairs_up,0.36,1,RED,7,7
stairs_up,stairs_up,0.123,1,RED,7,7
stairs_up,stairs_up,0.116,1,RED,7,7
stairs_up,stairs_up,0.746,1,YELLOW,7,7
stairs_up,stairs_up,0.921,1,GREEN,7,7
stairs_up,stairs_up,0.929,1,GREEN,7,7
stairs_up,stairs_up,0.977,1,GREEN,7,7
stairs_up,stairs_up,0.952,1,GREEN,7,7
stairs_up,stairs_up,0.656,1,YELLOW,7,7
stairs_up,stairs_up,0.347,1,RED,7,7
stairs_up,stairs_up,0.458,1,YELLOW,7,7
stairs_up,stairs_up,0.637,1,YELLOW,7,7
stairs_up,stairs_up,0.24,1,RED,7,7
stairs_up,stairs_up,0.696,1,YELLOW,7,7
stairs_up,stairs_up,0.664,1,YELLOW,7,7
stairs_up,stairs_up,0.355,1,RED,7,7
stairs_up,stairs_up,0.228,1,RED,7,7
stairs_up,stairs_up,0.472,1,YELLOW,7,7
stairs_up,stairs_up,0.627,1,YELLOW,7,7
stairs_up,stairs_up,0.332,1,RED,7,7
stairs_up,stairs_up,0.563,1,YELLOW,7,7
stairs_up,stairs_up,0.481,1,YELLOW,7,7
stairs_up,stairs_up,0.727,1,YELLOW,7,7
stairs_up,stairs_up,0.852,1,GREEN,7,7
stairs_up,stairs_up,0.799,1,GREEN,7,7
stairs_up,stairs_up,0.532,1,YELLOW,7,7
stairs_up,stairs_up,0.514,1,YELLOW,7,7
stairs_up,stairs_up,0.645,1,YELLOW,7,7
stairs_up,stairs_up,0.481,1,YELLOW,7,7
stairs_up,stairs_up,0.316,1,RED,7,7
stairs_up,stairs_up,0.453,1,YELLOW,7,7
stairs_up,stairs_up,0.743,1,YELLOW,7,7
stairs_up,stairs_up,0.887,1,GREEN,7,7
stairs_up,stairs_up,0.942,1,GREEN,7,7
stairs_up,stairs_up,0.81,1,GREEN,7,7
stairs_up,stairs_up,0.819,1,GREEN,7,7
stairs_up,stairs_up,0.855,1,GREEN,7,7
stairs_up,stairs_up,0.711,1,YELLOW,7,7
stairs_up,stairs_up,0.479,1,YELLOW,7,7
stairs_up,stairs_up,0.574,1,YELLOW,7,7
stairs_up,stairs_up,0.481,1,YELLOW,7,7
stairs_up,stairs_up,0.35,1,RED,7,7
stairs_up,stairs_up,0.408,1,RED,7,7
stairs_up,stairs_up,0.313,1,RED,7,7
stairs_up,stairs_up,0.54,1,YELLOW,7,7
stairs_up,stairs_up,0.738,1,YELLOW,7,7
stairs_up,stairs_up,0.886,1,GREEN,7,7
stairs_up,stairs_up,0.888,1,GREEN,7,7
stairs_up,stairs_up,0.656,1,YELLOW,7,7
stairs_up,stairs_up,0.258,1,RED,7,7
stairs_up,stairs_up,0.432,1,RED,7,7
stairs_up,stairs_up,0.643,1,YELLOW,7,7
stairs_up,stairs_up,0.617,1,YELLOW,7,7
stairs_up,stairs_up,0.686,1,YELLOW,7,7
stairs_up,stairs_up,0.649,1,YELLOW,7,7
stairs_up,stairs_up,0.51,1,YELLOW,7,7
stairs_up,stairs_up,0.936,1,GREEN,7,7
stairs_up,stairs_up,0.973,1,GREEN,7,7
stairs_up,stairs_up,0.968,1,GREEN,7,7
stairs_up,stairs_up,0.874,1,GREEN,7,7
stairs_up,stairs_up,0.56,1,YELLOW,7,7
stairs_up,stairs_up,0.554,1,YELLOW,7,7
stairs_up,stairs_up,0.404,1,RED,7,7
stairs_up,stairs_up,0.526,1,YELLOW,7,7
stairs_up,stairs_up,0.453,1,YELLOW,7,7
stairs_up,stairs_up,0.347,1,RED,7,7
stairs_up,stairs_up,0.681,1,YELLOW,7,7
stairs_up,stairs_up,0.762,1,GREEN,7,7
stairs_up,stairs_up,0.64,1,YELLOW,7,7
stairs_up,stairs_up,0.869,1,GREEN,7,7
stairs_up,stairs_up,0.933,1,GREEN,7,7
stairs_up,stairs_up,0.74,1,YELLOW,7,7
stairs_up,stairs_up,0.454,1,YELLOW,7,7
stairs_up,stairs_up,0.356,1,RED,7,7
stairs_up,stairs_up,0.721,1,YELLOW,7,7
stairs_up,stairs_up,0.492,1,YELLOW,7,7
stairs_up,stairs_up,0.561,1,YELLOW,7,7
stairs_up,stairs_up,0.728,1,YELLOW,7,7
stairs_up,stairs_up,0.853,1,GREEN,7,7
stairs_up,stairs_up,0.93,1,GREEN,7,7
stairs_up,stairs_up,0.901,1,GREEN,7,7
stairs_up,stairs_up,0.846,1,GREEN,7,7
stairs_up,stairs_up,0.815,1,GREEN,7,7
stairs_up,stairs_up,0.688,1,YELLOW,7,7
stairs_up,stairs_up,0.352,1,RED,7,7
stairs_up,stairs_up,0.291,1,RED,7,7
stairs_up,stairs_up,0.469,1,YELLOW,7,7
stairs_up,stairs_up,0.55,1,YELLOW,7,7
stairs_up,stairs_up,0.482,1,YELLOW,7,7
stairs_up,stairs_up,0.795,1,GREEN,7,7
stairs_up,stairs_up,0.52,1,YELLOW,7,7
stairs_up,stairs_up,0.36,1,RED,7,7
stairs_up,stairs_up,0.882,1,GREEN,7,7
stairs_up,stairs_up,0.872,1,GREEN,7,7
stairs_up,stairs_up,0.728,1,YELLOW,7,7
stairs_up,stairs_up,0.701,1,YELLOW,7,7
stairs_up,stairs_up,0.523,1,YELLOW,7,7
stairs_up,stairs_up,0.477,1,YELLOW,7,7
stairs_up,stairs_up,0.767,1,GREEN,7,7
stairs_up,stairs_up,0.544,1,YELLOW,7,7
stairs_up,stairs_up,0.652,1,YELLOW,7,7
stairs_up,stairs_up,0.927,1,GREEN,7,7
stairs_up,stairs_up,0.865,1,GREEN,7,7
stairs_up,stairs_up,0.574,1,YELLOW,7,7
stairs_up,stairs_up,0.325,1,RED,7,7
stairs_up,stairs_up,0.115,1,RED,7,7
stairs_up,stairs_up,0.082,1,RED,7,7
stairs_up,stairs_up,0.05,1,RED,7,7
stairs_up,stairs_up,0.023,1,RED,7,7
stairs_up,sitting,0.026,0,RED,7,1
stairs_down,sitting,0.015,0,RED,8,1
stairs_down,sitting,0.026,0,RED,8,1
stairs_down,sitting,0.039,0,RED,8,1
stairs_down,sitting,0.042,0,RED,8,1
stairs_down,sitting,0.033,0,RED,8,1
stairs_down,sitting,0.032,0,RED,8,1
stairs_down,sitting,0.023,0,RED,8,1
stairs_down,sitting,0.023,0,RED,8,1
stairs_down,sitting,0.066,0,RED,8,1
stairs_down,sitting,0.116,0,RED,8,1
stairs_down,sitting,0.071,0,RED,8,1
stairs_down,stairs_down,0.123,1,RED,8,8
stairs_down,stairs_down,0.411,1,RED,8,8
stairs_down,stairs_down,0.202,1,RED,8,8
stairs_down,stairs_down,0.128,1,RED,8,8
stairs_down,stairs_down,0.311,1,RED,8,8
stairs_down,stairs_down,0.705,1,YELLOW,8,8
stairs_down,stairs_down,0.93,1,GREEN,8,8
stairs_down,stairs_down,0.91,1,GREEN,8,8
stairs_down,stairs_down,0.878,1,GREEN,8,8
stairs_down,stairs_down,0.63,1,YELLOW,8,8
stairs_down,stairs_down,0.332,1,RED,8,8
stairs_down,stairs_down,0.503,1,YELLOW,8,8
stairs_down,stairs_down,0.466,1,YELLOW,8,8
stairs_down,stairs_down,0.77,1,GREEN,8,8
stairs_down,stairs_down,0.863,1,GREEN,8,8
stairs_down,stairs_down,0.796,1,GREEN,8,8
stairs_down,stairs_down,0.896,1,GREEN,8,8
stairs_down,stairs_down,0.816,1,GREEN,8,8
stairs_down,stairs_down,0.382,1,RED,8,8
stairs_down,stairs_down,0.136,1,RED,8,8
stairs_down,stairs_down,0.398,1,RED,8,8
stairs_down,stairs_down,0.779,1,GREEN,8,8
stairs_down,stairs_down,0.818,1,GREEN,8,8
stairs_down,stairs_down,0.887,1,GREEN,8,8
stairs_down,stairs_down,0.929,1,GREEN,8,8
stairs_down,stairs_down,0.766,1,GREEN,8,8
stairs_down,stairs_down,0.638,1,YELLOW,8,8
stairs_down,stairs_down,0.565,1,YELLOW,8,8
stairs_down,stairs_down,0.597,1,YELLOW,8,8
stairs_down,stairs_down,0.761,1,GREEN,8,8
stairs_down,stairs_down,0.664,1,YELLOW,8,8
stairs_down,stairs_down,0.883,1,GREEN,8,8
stairs_down,stairs_down,0.929,1,GREEN,8,8
stairs_down,stairs_down,0.749,1,YELLOW,8,8
stairs_down,stairs_down,0.58,1,YELLOW,8,8
stairs_down,stairs_down,0.674,1,YELLOW,8,8
stairs_down,stairs_down,0.881,1,GREEN,8,8
stairs_down,stairs_down,0.886,1,GREEN,8,8
stairs_down,stairs_down,0.896,1,GREEN,8,8
stairs_down,stairs_down,0.894,1,GREEN,8,8
stairs_down,stairs_down,0.714,1,YELLOW,8,8
stairs_down,stairs_down,0.667,1,YELLOW,8,8
stairs_down,stairs_down,0.69,1,YELLOW,8,8
stairs_down,stairs_down,0.754,1,GREEN,8,8
stairs_down,stairs_down,0.803,1,GREEN,8,8
stairs_down,stairs_down,0.851,1,GREEN,8,8
stairs_down,stairs_down,0.785,1,GREEN,8,8
stairs_down,stairs_down,0.484,1,YELLOW,8,8
stairs_down,stairs_down,0.294,1,RED,8,8
stairs_down,stairs_down,0.374,1,RED,8,8
stairs_down,stairs_down,0.834,1,GREEN,8,8
stairs_down,stairs_down,0.822,1,GREEN,8,8
stairs_down,stairs_down,0.888,1,GREEN,8,8
stairs_down,stairs_down,0.889,1,GREEN,8,8
stairs_down,stairs_down,0.438,1,RED,8,8
stairs_down,stairs_down,0.259,1,RED,8,8
stairs_down,stairs_down,0.298,1,RED,8,8
stairs_down,stairs_down,0.321,1,RED,8,8
stairs_down,stairs_down,0.415,1,RED,8,8
stairs_down,stairs_down,0.424,1,RED,8,8
stairs_down,stairs_down,0.692,1,YELLOW,8,8
stairs_down,stairs_down,0.64,1,YELLOW,8,8
stairs_down,stairs_down,0.5,1,YELLOW,8,8
stairs_down,stairs_down,0.815,1,GREEN,8,8
stairs_down,stairs_down,0.948,1,GREEN,8,8
stairs_down,stairs_down,0.864,1,GREEN,8,8
stairs_down,stairs_down,0.616,1,YELLOW,8,8
stairs_down,stairs_down,0.155,1,RED,8,8
stairs_down,stairs_down,0.15,1,RED,8,8
stairs_down,stairs_down,0.285,1,RED,8,8
stairs_down,stairs_down,0.596,1,YELLOW,8,8
stairs_down,stairs_down,0.886,1,GREEN,8,8
stairs_down,stairs_down,0.813,1,GREEN,8,8
stairs_down,stairs_down,0.855,1,GREEN,8,8
stairs_down,stairs_down,0.909,1,GREEN,8,8
stairs_down,stairs_down,0.788,1,GREEN,8,8
stairs_down,stairs_down,0.637,1,YELLOW,8,8
stairs_down,stairs_down,0.551,1,YELLOW,8,8
stairs_down,stairs_down,0.373,1,RED,8,8
stairs_down,stairs_down,0.261,1,RED,8,8
stairs_down,stairs_down,0.509,1,YELLOW,8,8
stairs_down,stairs_down,0.051,1,RED,8,8
stairs_down,stairs_down,0.009,1,RED,8,8
stairs_down,stairs_down,0.08,1,RED,8,8
stairs_down,standing,0.201,0,RED,8,2
stairs_down,standing,0.092,0,RED,8,2
stairs_down,standing,0.095,0,RED,8,2
stairs_down,standing,0.089,0,RED,8,2
stairs_down,standing,0.084,0,RED,8,2
stairs_down,standing,0.079,0,RED,8,2
walking,standing,0.012,0,RED,3,2
walking,standing,0.01,0,RED,3,2
walking,standing,0.01,0,RED,3,2
walking,standing,0.011,0,RED,3,2
walking,standing,0.011,0,RED,3,2
walking,standing,0.011,0,RED,3,2
walking,standing,0.012,0,RED,3,2
walking,standing,0.013,0,RED,3,2
walking,standing,0.016,0,RED,3,2
walking,walking,0.043,1,RED,3,3
walking,walking,0.306,1,RED,3,3
walking,walking,0.562,1,YELLOW,3,3
walking,walking,0.465,1,YELLOW,3,3
walking,walking,0.895,1,GREEN,3,3
walking,walking,0.923,1,GREEN,3,3
walking,walking,0.899,1,GREEN,3,3
walking,walking,0.922,1,GREEN,3,3
walking,walking,0.942,1,GREEN,3,3
walking,walking,0.939,1,GREEN,3,3
walking,walking,0.838,1,GREEN,3,3
walking,walking,0.907,1,GREEN,3,3
walking,walking,0.94,1,GREEN,3,3
walking,walking,0.943,1,GREEN,3,3
walking,walking,0.92,1,GREEN,3,3
walking,walking,0.899,1,GREEN,3,3
walking,walking,0.946,1,GREEN,3,3
walking,walking,0.881,1,GREEN,3,3
walking,walking,0.848,1,GREEN,3,3
walking,walking,0.889,1,GREEN,3,3
walking,walking,0.91,1,GREEN,3,3
walking,walking,0.959,1,GREEN,3,3
walking,walking,0.948,1,GREEN,3,3
walking,walking,0.969,1,GREEN,3,3
walking,walking,0.932,1,GREEN,3,3
walking,walking,0.951,1,GREEN,3,3
walking,walking,0.949,1,GREEN,3,3
walking,walking,0.926,1,GREEN,3,3
walking,walking,0.882,1,GREEN,3,3
walking,walking,0.935,1,GREEN,3,3
walking,walking,0.958,1,GREEN,3,3
walking,walking,0.947,1,GREEN,3,3
walking,walking,0.973,1,GREEN,3,3
walking,walking,0.957,1,GREEN,3,3
walking,walking,0.97,1,GREEN,3,3
walking,walking,0.963,1,GREEN,3,3
walking,walking,0.95,1,GREEN,3,3
walking,walking,0.907,1,GREEN,3,3
walking,walking,0.848,1,GREEN,3,3
walking,walking,0.836,1,GREEN,3,3
walking,walking,0.915,1,GREEN,3,3
walking,walking,0.958,1,GREEN,3,3
walking,walking,0.883,1,GREEN,3,3
walking,walking,0.964,1,GREEN,3,3
walking,walking,0.964,1,GREEN,3,3
walking,walking,0.974,1,GREEN,3,3
walking,walking,0.978,1,GREEN,3,3
walking,walking,0.956,1,GREEN,3,3
walking,walking,0.974,1,GREEN,3,3
walking,walking,0.946,1,GREEN,3,3
walking,walking,0.89,1,GREEN,3,3
walking,walking,0.913,1,GREEN,3,3
walking,walking,0.925,1,GREEN,3,3
walking,walking,0.896,1,GREEN,3,3
walking,walking,0.949,1,GREEN,3,3
walking,walking,0.934,1,GREEN,3,3
walking,walking,0.934,1,GREEN,3,3
walking,walking,0.928,1,GREEN,3,3
walking,walking,0.928,1,GREEN,3,3
walking,walking,0.779,1,GREEN,3,3
walking,walking,0.895,1,GREEN,3,3
walking,walking,0.959,1,GREEN,3,3
walking,walking,0.937,1,GREEN,3,3
walking,walking,0.949,1,GREEN,3,3
walking,walking,0.951,1,GREEN,3,3
walking,walking,0.94,1,GREEN,3,3
walking,walking,0.791,1,GREEN,3,3
walking,walking,0.116,1,RED,3,3
walking,walking,0.28,1,RED,3,3
walking,walking,0.869,1,GREEN,3,3
walking,walking,0.826,1,GREEN,3,3
walking,walking,0.698,1,YELLOW,3,3
walking,walking,0.896,1,GREEN,3,3
walking,walking,0.903,1,GREEN,3,3
walking,walking,0.949,1,GREEN,3,3
walking,walking,0.945,1,GREEN,3,3
walking,walking,0.94,1,GREEN,3,3
walking,walking,0.96,1,GREEN,3,3
walking,walking,0.884,1,GREEN,3,3
walking,walking,0.893,1,GREEN,3,3
walking,walking,0.96,1,GREEN,3,3
walking,walking,0.934,1,GREEN,3,3
walking,walking,0.92,1,GREEN,3,3
walking,walking,0.968,1,GREEN,3,3
walking,walking,0.945,1,GREEN,3,3
walking,walking,0.939,1,GREEN,3,3
walking,walking,0.94,1,GREEN,3,3
walking,walking,0.936,1,GREEN,3,3
walking,walking,0.752,1,GREEN,3,3
walking,walking,0.924,1,GREEN,3,3
walking,walking,0.949,1,GREEN,3,3
walking,walking,0.901,1,GREEN,3,3
walking,walking,0.952,1,GREEN,3,3
walking,walking,0.936,1,GREEN,3,3
walking,walking,0.947,1,GREEN,3,3
walking,walking,0.948,1,GREEN,3,3
walking,walking,0.928,1,GREEN,3,3
walking,walking,0.735,1,YELLOW,3,3
walking,walking,0.881,1,GREEN,3,3
walking,walking,0.933,1,GREEN,3,3
walking,walking,0.891,1,GREEN,3,3
walking,walking,0.947,1,GREEN,3,3
walking,walking,0.933,1,GREEN,3,3
walking,walking,0.957,1,GREEN,3,3
walking,walking,0.95,1,GREEN,3,3
walking,walking,0.936,1,GREEN,3,3
walking,walking,0.92,1,GREEN,3,3
walking,walking,0.906,1,GREEN,3,3
walking,walking,0.829,1,GREEN,3,3
walking,walking,0.914,1,GREEN,3,3
walking,walking,0.958,1,GREEN,3,3
walking,walking,0.929,1,GREEN,3,3
walking,walking,0.962,1,GREEN,3,3
walking,walking,0.945,1,GREEN,3,3
walking,walking,0.919,1,GREEN,3,3
walking,walking,0.935,1,GREEN,3,3
walking,walking,0.94,1,GREEN,3,3
walking,walking,0.829,1,GREEN,3,3
walking,walking,0.889,1,GREEN,3,3
walking,walking,0.952,1,GREEN,3,3
walking,walking,0.917,1,GREEN,3,3
walking,walking,0.938,1,GREEN,3,3
walking,walking,0.936,1,GREEN,3,3
walking,walking,0.932,1,GREEN,3,3
walking,walking,0.873,1,GREEN,3,3
walking,walking,0.929,1,GREEN,3,3
walking,walking,0.878,1,GREEN,3,3
walking,walking,0.891,1,GREEN,3,3
walking,walking,0.956,1,GREEN,3,3
walking,walking,0.923,1,GREEN,3,3
walking,walking,0.954,1,GREEN,3,3
walking,walking,0.961,1,GREEN,3,3
walking,walking,0.937,1,GREEN,3,3
walking,walking,0.89,1,GREEN,3,3
walking,walking,0.916,1,GREEN,3,3
walking,walking,0.869,1,GREEN,3,3
walking,walking,0.896,1,GREEN,3,3
walking,walking,0.957,1,GREEN,3,3
walking,walking,0.944,1,GREEN,3,3
walking,walking,0.955,1,GREEN,3,3
walking,walking,0.952,1,GREEN,3,3
walking,walking,0.916,1,GREEN,3,3
walking,walking,0.937,1,GREEN,3,3
walking,walking,0.921,1,GREEN,3,3
walking,walking,0.873,1,GREEN,3,3
walking,walking,0.923,1,GREEN,3,3
walking,walking,0.873,1,GREEN,3,3
walking,walking,0.868,1,GREEN,3,3
walking,walking,0.946,1,GREEN,3,3
walking,walking,0.935,1,GREEN,3,3
walking,walking,0.954,1,GREEN,3,3
walking,walking,0.952,1,GREEN,3,3
walking,walking,0.942,1,GREEN,3,3
walking,walking,0.951,1,GREEN,3,3
walking,walking,0.933,1,GREEN,3,3
walking,walking,0.861,1,GREEN,3,3
walking,walking,0.903,1,GREEN,3,3
walking,walking,0.977,1,GREEN,3,3
walking,walking,0.955,1,GREEN,3,3
walking,walking,0.956,1,GREEN,3,3
walking,walking,0.951,1,GREEN,3,3
walking,walking,0.924,1,GREEN,3,3
walking,walking,0.684,1,YELLOW,3,3
walking,walking,0.887,1,GREEN,3,3
walking,walking,0.933,1,GREEN,3,3
walking,walking,0.903,1,GREEN,3,3
walking,walking,0.946,1,GREEN,3,3
walking,walking,0.951,1,GREEN,3,3
walking,walking,0.933,1,GREEN,3,3
walking,walking,0.796,1,GREEN,3,3
walking,walking,0.905,1,GREEN,3,3
walking,walking,0.92,1,GREEN,3,3
walking,walking,0.883,1,GREEN,3,3
walking,walking,0.949,1,GREEN,3,3
walking,walking,0.934,1,GREEN,3,3
walking,walking,0.94,1,GREEN,3,3
walking,walking,0.849,1,GREEN,3,3
walking,walking,0.887,1,GREEN,3,3
walking,walking,0.867,1,GREEN,3,3
walking,walking,0.874,1,GREEN,3,3
walking,walking,0.945,1,GREEN,3,3
walking,walking,0.934,1,GREEN,3,3
walking,walking,0.92,1,GREEN,3,3
walking,walking,0.863,1,GREEN,3,3
walking,walking,0.915,1,GREEN,3,3
walking,walking,0.871,1,GREEN,3,3
walking,walking,0.897,1,GREEN,3,3
walking,walking,0.953,1,GREEN,3,3
walking,walking,0.934,1,GREEN,3,3
walking,walking,0.935,1,GREEN,3,3
walking,walking,0.903,1,GREEN,3,3
walking,walking,0.893,1,GREEN,3,3
walking,walking,0.766,1,GREEN,3,3
walking,walking,0.863,1,GREEN,3,3
walking,walking,0.94,1,GREEN,3,3
walking,walking,0.901,1,GREEN,3,3
walking,walking,0.882,1,GREEN,3,3
walking,walking,0.598,1,YELLOW,3,3
walking,walking,0.862,1,GREEN,3,3
walking,walking,0.955,1,GREEN,3,3
walking,walking,0.886,1,GREEN,3,3
walking,walking,0.94,1,GREEN,3,3
walking,walking,0.89,1,GREEN,3,3
walking,walking,0.852,1,GREEN,3,3
walking,walking,0.728,1,YELLOW,3,3
walking,walking,0.855,1,GREEN,3,3
walking,walking,0.933,1,GREEN,3,3
walking,walking,0.9,1,GREEN,3,3
walking,walking,0.846,1,GREEN,3,3
walking,walking,0.644,1,YELLOW,3,3
walking,walking,0.774,1,GREEN,3,3
walking,walking,0.899,1,GREEN,3,3
walking,walking,0.845,1,GREEN,3,3
walking,walking,0.819,1,GREEN,3,3
walking,walking,0.729,1,YELLOW,3,3
walking,walking,0.652,1,YELLOW,3,3
walking,walking,0.855,1,GREEN,3,3
walking,walking,0.834,1,GREEN,3,3
walking,walking,0.945,1,GREEN,3,3
walking,walking,0.943,1,GREEN,3,3
walking,walking,0.936,1,GREEN,3,3
walking,walking,0.868,1,GREEN,3,3
walking,walking,0.879,1,GREEN,3,3
walking,walking,0.882,1,GREEN,3,3
walking,walking,0.407,1,RED,3,3
walking,walking,0.668,1,YELLOW,3,3
walking,walking,0.803,1,GREEN,3,3
walking,walking,0.905,1,GREEN,3,3
walking,walking,0.889,1,GREEN,3,3
walking,walking,0.614,1,YELLOW,3,3
walking,walking,0.579,1,YELLOW,3,3
walking,walking,0.7,1,YELLOW,3,3
walking,walking,0.916,1,GREEN,3,3
walking,walking,0.91,1,GREEN,3,3
walking,walking,0.944,1,GREEN,3,3
walking,walking,0.954,1,GREEN,3,3
walking,walking,0.932,1,GREEN,3,3
walking,walking,0.8,1,GREEN,3,3
walking,walking,0.905,1,GREEN,3,3
walking,walking,0.955,1,GREEN,3,3
walking,walking,0.926,1,GREEN,3,3
walking,walking,0.956,1,GREEN,3,3
walking,walking,0.922,1,GREEN,3,3
walking,walking,0.737,1,YELLOW,3,3
walking,walking,0.741,1,YELLOW,3,3
walking,walking,0.41,1,RED,3,3
walking,walking,0.77,1,GREEN,3,3
walking,walking,0.888,1,GREEN,3,3
walking,walking,0.942,1,GREEN,3,3
walking,walking,0.885,1,GREEN,3,3
walking,walking,0.418,1,RED,3,3
walking,walking,0.695,1,YELLOW,3,3
walking,walking,0.928,1,GREEN,3,3
walking,walking,0.965,1,GREEN,3,3
walking,walking,0.94,1,GREEN,3,3
walking,walking,0.9,1,GREEN,3,3
walking,walking,0.91,1,GREEN,3,3
walking,walking,0.888,1,GREEN,3,3
walking,walking,0.783,1,GREEN,3,3
walking,walking,0.873,1,GREEN,3,3
walking,walking,0.948,1,GREEN,3,3
walking,walking,0.91,1,GREEN,3,3
walking,walking,0.958,1,GREEN,3,3
walking,walking,0.96,1,GREEN,3,3
walking,walking,0.876,1,GREEN,3,3
walking,walking,0.603,1,YELLOW,3,3
walking,walking,0.27,1,RED,3,3
walking,walking,0.805,1,GREEN,3,3
walking,walking,0.887,1,GREEN,3,3
walking,walking,0.964,1,GREEN,3,3
walking,walking,0.94,1,GREEN,3,3
walking,walking,0.946,1,GREEN,3,3
walking,walking,0.962,1,GREEN,3,3
walking,walking,0.961,1,GREEN,3,3
walking,walking,0.963,1,GREEN,3,3
walking,walking,0.896,1,GREEN,3,3
walking,walking,0.924,1,GREEN,3,3
walking,walking,0.858,1,GREEN,3,3
walking,walking,0.797,1,GREEN,3,3
walking,walking,0.84,1,GREEN,3,3
walking,walking,0.734,1,YELLOW,3,3
walking,walking,0.838,1,GREEN,3,3
walking,walking,0.916,1,GREEN,3,3
walking,walking,0.924,1,GREEN,3,3
walking,walking,0.958,1,GREEN,3,3
walking,walking,0.957,1,GREEN,3,3
walking,walking,0.949,1,GREEN,3,3
walking,walking,0.965,1,GREEN,3,3
walking,walking,0.947,1,GREEN,3,3
walking,walking,0.948,1,GREEN,3,3
walking,walking,0.926,1,GREEN,3,3
walking,walking,0.884,1,GREEN,3,3
walking,walking,0.905,1,GREEN,3,3
walking,walking,0.934,1,GREEN,3,3
walking,walking,0.903,1,GREEN,3,3
walking,walking,0.944,1,GREEN,3,3
walking,walking,0.961,1,GREEN,3,3
walking,walking,0.966,1,GREEN,3,3
walking,walking,0.969,1,GREEN,3,3
walking,walking,0.964,1,GREEN,3,3
walking,walking,0.948,1,GREEN,3,3
walking,walking,0.915,1,GREEN,3,3
walking,walking,0.906,1,GREEN,3,3
walking,walking,0.938,1,GREEN,3,3
walking,walking,0.966,1,GREEN,3,3
walking,walking,0.933,1,GREEN,3,3
walking,walking,0.96,1,GREEN,3,3
walking,walking,0.968,1,GREEN,3,3
walking,walking,0.959,1,GREEN,3,3
walking,walking,0.962,1,GREEN,3,3
walking,walking,0.93,1,GREEN,3,3
walking,walking,0.952,1,GREEN,3,3
walking,walking,0.935,1,GREEN,3,3
walking,walking,0.92,1,GREEN,3,3
walking,walking,0.919,1,GREEN,3,3
walking,walking,0.872,1,GREEN,3,3
walking,walking,0.915,1,GREEN,3,3
walking,walking,0.954,1,GREEN,3,3
walking,walking,0.928,1,GREEN,3,3
walking,walking,0.919,1,GREEN,3,3
walking,walking,0.915,1,GREEN,3,3
walking,walking,0.949,1,GREEN,3,3
walking,walking,0.915,1,GREEN,3,3
walking,walking,0.885,1,GREEN,3,3
walking,walking,0.915,1,GREEN,3,3
walking,walking,0.944,1,GREEN,3,3
walking,walking,0.949,1,GREEN,3,3
walking,walking,0.955,1,GREEN,3,3
walking,walking,0.963,1,GREEN,3,3
walking,walking,0.952,1,GREEN,3,3
walking,walking,0.964,1,GREEN,3,3
walking,walking,0.938,1,GREEN,3,3
walking,walking,0.96,1,GREEN,3,3
walking,walking,0.918,1,GREEN,3,3
walking,walking,0.895,1,GREEN,3,3
walking,walking,0.929,1,GREEN,3,3
walking,walking,0.909,1,GREEN,3,3
walking,walking,0.917,1,GREEN,3,3
walking,walking,0.947,1,GREEN,3,3
walking,walking,0.937,1,GREEN,3,3
walking,walking,0.96,1,GREEN,3,3
walking,walking,0.951,1,GREEN,3,3
walking,walking,0.953,1,GREEN,3,3
walking,walking,0.96,1,GREEN,3,3
walking,walking,0.361,1,RED,3,3
walking,walking,0.088,1,RED,3,3
walking,walking,0.062,1,RED,3,3
walking,walking,0.108,1,RED,3,3
walking,walking,0.35,1,RED,3,3
walking,walking,0.974,1,GREEN,3,3
walking,walking,0.978,1,GREEN,3,3
walking,walking,0.955,1,GREEN,3,3
walking,walking,0.947,1,GREEN,3,3
walking,walking,0.932,1,GREEN,3,3
walking,walking,0.921,1,GREEN,3,3
walking,walking,0.949,1,GREEN,3,3
walking,walking,0.946,1,GREEN,3,3
walking,walking,0.953,1,GREEN,3,3
walking,walking,0.974,1,GREEN,3,3
walking,walking,0.92,1,GREEN,3,3
walking,walking,0.98,1,GREEN,3,3
walking,walking,0.962,1,GREEN,3,3
walking,walking,0.961,1,GREEN,3,3
walking,walking,0.958,1,GREEN,3,3
walking,walking,0.912,1,GREEN,3,3
walking,walking,0.951,1,GREEN,3,3
walking,walking,0.929,1,GREEN,3,3
walking,walking,0.907,1,GREEN,3,3
walking,walking,0.935,1,GREEN,3,3
walking,walking,0.916,1,GREEN,3,3
walking,walking,0.915,1,GREEN,3,3
walking,walking,0.95,1,GREEN,3,3
walking,walking,0.924,1,GREEN,3,3
walking,walking,0.929,1,GREEN,3,3
walking,walking,0.946,1,GREEN,3,3
walking,walking,0.911,1,GREEN,3,3
walking,walking,0.924,1,GREEN,3,3
walking,walking,0.875,1,GREEN,3,3
walking,walking,0.769,1,GREEN,3,3
walking,walking,0.856,1,GREEN,3,3
walking,walking,0.915,1,GREEN,3,3
walking,walking,0.896,1,GREEN,3,3
walking,walking,0.931,1,GREEN,3,3
walking,walking,0.935,1,GREEN,3,3
walking,walking,0.922,1,GREEN,3,3
walking,walking,0.821,1,GREEN,3,3
walking,walking,0.857,1,GREEN,3,3
walking,walking,0.879,1,GREEN,3,3
walking,walking,0.796,1,GREEN,3,3
walking,walking,0.935,1,GREEN,3,3
walking,walking,0.953,1,GREEN,3,3
walking,walking,0.92,1,GREEN,3,3
walking,walking,0.957,1,GREEN,3,3
walking,walking,0.948,1,GREEN,3,3
walking,walking,0.921,1,GREEN,3,3
walking,walking,0.935,1,GREEN,3,3
walking,walking,0.962,1,GREEN,3,3
walking,walking,0.953,1,GREEN,3,3
walking,walking,0.977,1,GREEN,3,3
walking,walking,0.968,1,GREEN,3,3
walking,walking,0.981,1,GREEN,3,3
walking,walking,0.983,1,GREEN,3,3
walking,walking,0.959,1,GREEN,3,3
walking,walking,0.94,1,GREEN,3,3
walking,walking,0.868,1,GREEN,3,3
walking,walking,0.786,1,GREEN,3,3
walking,walking,0.928,1,GREEN,3,3
walking,walking,0.949,1,GREEN,3,3
walking,walking,0.896,1,GREEN,3,3
walking,walking,0.958,1,GREEN,3,3
walking,walking,0.945,1,GREEN,3,3
walking,walking,0.955,1,GREEN,3,3
walking,walking,0.966,1,GREEN,3,3
walking,walking,0.97,1,GREEN,3,3
walking,walking,0.975,1,GREEN,3,3
walking,walking,0.967,1,GREEN,3,3
walking,walking,0.955,1,GREEN,3,3
walking,walking,0.902,1,GREEN,3,3
walking,walking,0.884,1,GREEN,3,3
walking,walking,0.895,1,GREEN,3,3
walking,walking,0.954,1,GREEN,3,3
walking,walking,0.92,1,GREEN,3,3
walking,walking,0.961,1,GREEN,3,3
walking,walking,0.95,1,GREEN,3,3
walking,walking,0.936,1,GREEN,3,3
walking,walking,0.964,1,GREEN,3,3
walking,walking,0.96,1,GREEN,3,3
walking,walking,0.925,1,GREEN,3,3
walking,walking,0.92,1,GREEN,3,3
walking,walking,0.931,1,GREEN,3,3
walking,walking,0.922,1,GREEN,3,3
walking,walking,0.957,1,GREEN,3,3
walking,walking,0.923,1,GREEN,3,3
walking,walking,0.959,1,GREEN,3,3
walking,walking,0.942,1,GREEN,3,3
walking,walking,0.908,1,GREEN,3,3
walking,walking,0.891,1,GREEN,3,3
walking,walking,0.902,1,GREEN,3,3
walking,walking,0.88,1,GREEN,3,3
walking,walking,0.904,1,GREEN,3,3
walking,walking,0.948,1,GREEN,3,3
walking,walking,0.923,1,GREEN,3,3
walking,walking,0.955,1,GREEN,3,3
walking,walking,0.936,1,GREEN,3,3
walking,walking,0.945,1,GREEN,3,3
walking,walking,0.948,1,GREEN,3,3
walking,walking,0.931,1,GREEN,3,3
walking,walking,0.95,1,GREEN,3,3
walking,walking,0.942,1,GREEN,3,3
walking,walking,0.935,1,GREEN,3,3
walking,walking,0.835,1,GREEN,3,3
walking,walking,0.852,1,GREEN,3,3
walking,walking,0.901,1,GREEN,3,3
walking,walking,0.902,1,GREEN,3,3
walking,walking,0.912,1,GREEN,3,3
walking,walking,0.948,1,GREEN,3,3
walking,walking,0.925,1,GREEN,3,3
walking,walking,0.965,1,GREEN,3,3
walking,walking,0.954,1,GREEN,3,3
walking,walking,0.958,1,GREEN,3,3
walking,walking,0.963,1,GREEN,3,3
walking,walking,0.946,1,GREEN,3,3
walking,walking,0.953,1,GREEN,3,3
walking,walking,0.92,1,GREEN,3,3
walking,walking,0.889,1,GREEN,3,3
walking,walking,0.922,1,GREEN,3,3
walking,walking,0.939,1,GREEN,3,3
walking,walking,0.902,1,GREEN,3,3
walking,walking,0.964,1,GREEN,3,3
walking,walking,0.956,1,GREEN,3,3
walking,walking,0.944,1,GREEN,3,3
walking,walking,0.936,1,GREEN,3,3
walking,walking,0.878,1,GREEN,3,3
walking,walking,0.832,1,GREEN,3,3
walking,walking,0.815,1,GREEN,3,3
walking,walking,0.873,1,GREEN,3,3
walking,walking,0.891,1,GREEN,3,3
walking,walking,0.954,1,GREEN,3,3
walking,walking,0.949,1,GREEN,3,3
walking,walking,0.951,1,GREEN,3,3
walking,walking,0.965,1,GREEN,3,3
walking,walking,0.945,1,GREEN,3,3
walking,walking,0.814,1,GREEN,3,3
walking,walking,0.9,1,GREEN,3,3
walking,walking,0.941,1,GREEN,3,3
walking,walking,0.902,1,GREEN,3,3
walking,walking,0.961,1,GREEN,3,3
walking,walking,0.966,1,GREEN,3,3
walking,walking,0.932,1,GREEN,3,3
walking,walking,0.919,1,GREEN,3,3
walking,walking,0.773,1,GREEN,3,3
walking,walking,0.186,1,RED,3,3
walking,walking,0.114,1,RED,3,3
walking,walking,0.052,1,RED,3,3
walking,walking,0.053,1,RED,3,3
walking,walking,0.04,1,RED,3,3
walking,walking,0.04,1,RED,3,3
nordic_walk,walking,0.201,0,RED,6,3
nordic_walk,nordic_walk,0.306,1,RED,6,6
nordic_walk,nordic_walk,0.305,1,RED,6,6
nordic_walk,nordic_walk,0.241,1,RED,6,6
nordic_walk,nordic_walk,0.22,1,RED,6,6
nordic_walk,nordic_walk,0.263,1,RED,6,6
nordic_walk,nordic_walk,0.28,1,RED,6,6
nordic_walk,nordic_walk,0.297,1,RED,6,6
nordic_walk,nordic_walk,0.123,1,RED,6,6
nordic_walk,nordic_walk,0.054,1,RED,6,6
nordic_walk,nordic_walk,0.65,1,YELLOW,6,6
nordic_walk,nordic_walk,0.868,1,GREEN,6,6
nordic_walk,nordic_walk,0.947,1,GREEN,6,6
nordic_walk,nordic_walk,0.968,1,GREEN,6,6
nordic_walk,nordic_walk,0.964,1,GREEN,6,6
nordic_walk,nordic_walk,0.974,1,GREEN,6,6
nordic_walk,nordic_walk,0.971,1,GREEN,6,6
nordic_walk,nordic_walk,0.969,1,GREEN,6,6
nordic_walk,nordic_walk,0.947,1,GREEN,6,6
nordic_walk,nordic_walk,0.955,1,GREEN,6,6
nordic_walk,nordic_walk,0.942,1,GREEN,6,6
nordic_walk,nordic_walk,0.917,1,GREEN,6,6
nordic_walk,nordic_walk,0.912,1,GREEN,6,6
nordic_walk,nordic_walk,0.911,1,GREEN,6,6
nordic_walk,nordic_walk,0.908,1,GREEN,6,6
nordic_walk,nordic_walk,0.891,1,GREEN,6,6
nordic_walk,nordic_walk,0.931,1,GREEN,6,6
nordic_walk,nordic_walk,0.903,1,GREEN,6,6
nordic_walk,nordic_walk,0.902,1,GREEN,6,6
nordic_walk,nordic_walk,0.925,1,GREEN,6,6
nordic_walk,nordic_walk,0.947,1,GREEN,6,6
nordic_walk,nordic_walk,0.913,1,GREEN,6,6
nordic_walk,nordic_walk,0.92,1,GREEN,6,6
nordic_walk,nordic_walk,0.873,1,GREEN,6,6
nordic_walk,nordic_walk,0.884,1,GREEN,6,6
nordic_walk,nordic_walk,0.863,1,GREEN,6,6
nordic_walk,nordic_walk,0.907,1,GREEN,6,6
nordic_walk,nordic_walk,0.843,1,GREEN,6,6
nordic_walk,nordic_walk,0.935,1,GREEN,6,6
nordic_walk,nordic_walk,0.91,1,GREEN,6,6
nordic_walk,nordic_walk,0.945,1,GREEN,6,6
nordic_walk,nordic_walk,0.934,1,GREEN,6,6
nordic_walk,nordic_walk,0.954,1,GREEN,6,6
nordic_walk,nordic_walk,0.922,1,GREEN,6,6
nordic_walk,nordic_walk,0.957,1,GREEN,6,6
nordic_walk,nordic_walk,0.94,1,GREEN,6,6
nordic_walk,nordic_walk,0.954,1,GREEN,6,6
nordic_walk,nordic_walk,0.937,1,GREEN,6,6
nordic_walk,nordic_walk,0.959,1,GREEN,6,6
nordic_walk,nordic_walk,0.942,1,GREEN,6,6
nordic_walk,nordic_walk,0.948,1,GREEN,6,6
nordic_walk,nordic_walk,0.923,1,GREEN,6,6
nordic_walk,nordic_walk,0.961,1,GREEN,6,6
nordic_walk,nordic_walk,0.944,1,GREEN,6,6
nordic_walk,nordic_walk,0.956,1,GREEN,6,6
nordic_walk,nordic_walk,0.953,1,GREEN,6,6
nordic_walk,nordic_walk,0.971,1,GREEN,6,6
nordic_walk,nordic_walk,0.958,1,GREEN,6,6
nordic_walk,nordic_walk,0.972,1,GREEN,6,6
nordic_walk,nordic_walk,0.961,1,GREEN,6,6
nordic_walk,nordic_walk,0.969,1,GREEN,6,6
nordic_walk,nordic_walk,0.964,1,GREEN,6,6
nordic_walk,nordic_walk,0.962,1,GREEN,6,6
nordic_walk,nordic_walk,0.958,1,GREEN,6,6
nordic_walk,nordic_walk,0.979,1,GREEN,6,6
nordic_walk,nordic_walk,0.966,1,GREEN,6,6
nordic_walk,nordic_walk,0.95,1,GREEN,6,6
nordic_walk,nordic_walk,0.934,1,GREEN,6,6
nordic_walk,nordic_walk,0.947,1,GREEN,6,6
nordic_walk,nordic_walk,0.956,1,GREEN,6,6
nordic_walk,nordic_walk,0.961,1,GREEN,6,6
nordic_walk,nordic_walk,0.957,1,GREEN,6,6
nordic_walk,nordic_walk,0.94,1,GREEN,6,6
nordic_walk,nordic_walk,0.944,1,GREEN,6,6
nordic_walk,nordic_walk,0.956,1,GREEN,6,6
nordic_walk,nordic_walk,0.953,1,GREEN,6,6
nordic_walk,nordic_walk,0.945,1,GREEN,6,6
nordic_walk,nordic_walk,0.945,1,GREEN,6,6
nordic_walk,nordic_walk,0.943,1,GREEN,6,6
nordic_walk,nordic_walk,0.954,1,GREEN,6,6
nordic_walk,nordic_walk,0.939,1,GREEN,6,6
nordic_walk,nordic_walk,0.962,1,GREEN,6,6
nordic_walk,nordic_walk,0.952,1,GREEN,6,6
nordic_walk,nordic_walk,0.961,1,GREEN,6,6
nordic_walk,nordic_walk,0.96,1,GREEN,6,6
nordic_walk,nordic_walk,0.965,1,GREEN,6,6
nordic_walk,nordic_walk,0.951,1,GREEN,6,6
nordic_walk,nordic_walk,0.937,1,GREEN,6,6
nordic_walk,nordic_walk,0.926,1,GREEN,6,6
nordic_walk,nordic_walk,0.937,1,GREEN,6,6
nordic_walk,nordic_walk,0.942,1,GREEN,6,6
nordic_walk,nordic_walk,0.946,1,GREEN,6,6
nordic_walk,nordic_walk,0.935,1,GREEN,6,6
nordic_walk,nordic_walk,0.942,1,GREEN,6,6
nordic_walk,nordic_walk,0.93,1,GREEN,6,6
nordic_walk,nordic_walk,0.937,1,GREEN,6,6
nordic_walk,nordic_walk,0.953,1,GREEN,6,6
nordic_walk,nordic_walk,0.947,1,GREEN,6,6
nordic_walk,nordic_walk,0.954,1,GREEN,6,6
nordic_walk,nordic_walk,0.943,1,GREEN,6,6
nordic_walk,nordic_walk,0.939,1,GREEN,6,6
nordic_walk,nordic_walk,0.944,1,GREEN,6,6
nordic_walk,nordic_walk,0.945,1,GREEN,6,6
nordic_walk,nordic_walk,0.934,1,GREEN,6,6
nordic_walk,nordic_walk,0.939,1,GREEN,6,6
nordic_walk,nordic_walk,0.945,1,GREEN,6,6
nordic_walk,nordic_walk,0.942,1,GREEN,6,6
nordic_walk,nordic_walk,0.947,1,GREEN,6,6
nordic_walk,nordic_walk,0.894,1,GREEN,6,6
nordic_walk,nordic_walk,0.939,1,GREEN,6,6
nordic_walk,nordic_walk,0.928,1,GREEN,6,6
nordic_walk,nordic_walk,0.943,1,GREEN,6,6
nordic_walk,nordic_walk,0.914,1,GREEN,6,6
nordic_walk,nordic_walk,0.953,1,GREEN,6,6
nordic_walk,nordic_walk,0.941,1,GREEN,6,6
nordic_walk,nordic_walk,0.968,1,GREEN,6,6
nordic_walk,nordic_walk,0.951,1,GREEN,6,6
nordic_walk,nordic_walk,0.973,1,GREEN,6,6
nordic_walk,nordic_walk,0.943,1,GREEN,6,6
nordic_walk,nordic_walk,0.969,1,GREEN,6,6
nordic_walk,nordic_walk,0.963,1,GREEN,6,6
nordic_walk,nordic_walk,0.968,1,GREEN,6,6
nordic_walk,nordic_walk,0.956,1,GREEN,6,6
nordic_walk,nordic_walk,0.948,1,GREEN,6,6
nordic_walk,nordic_walk,0.96,1,GREEN,6,6
nordic_walk,nordic_walk,0.946,1,GREEN,6,6
nordic_walk,nordic_walk,0.93,1,GREEN,6,6
nordic_walk,nordic_walk,0.919,1,GREEN,6,6
nordic_walk,nordic_walk,0.939,1,GREEN,6,6
nordic_walk,nordic_walk,0.938,1,GREEN,6,6
nordic_walk,nordic_walk,0.929,1,GREEN,6,6
nordic_walk,nordic_walk,0.904,1,GREEN,6,6
nordic_walk,nordic_walk,0.943,1,GREEN,6,6
nordic_walk,nordic_walk,0.917,1,GREEN,6,6
nordic_walk,nordic_walk,0.949,1,GREEN,6,6
nordic_walk,nordic_walk,0.916,1,GREEN,6,6
nordic_walk,nordic_walk,0.949,1,GREEN,6,6
nordic_walk,nordic_walk,0.908,1,GREEN,6,6
nordic_walk,nordic_walk,0.962,1,GREEN,6,6
nordic_walk,nordic_walk,0.953,1,GREEN,6,6
nordic_walk,nordic_walk,0.959,1,GREEN,6,6
nordic_walk,nordic_walk,0.951,1,GREEN,6,6
nordic_walk,nordic_walk,0.962,1,GREEN,6,6
nordic_walk,nordic_walk,0.947,1,GREEN,6,6
nordic_walk,nordic_walk,0.97,1,GREEN,6,6
nordic_walk,nordic_walk,0.964,1,GREEN,6,6
nordic_walk,nordic_walk,0.957,1,GREEN,6,6
nordic_walk,nordic_walk,0.949,1,GREEN,6,6
nordic_walk,nordic_walk,0.948,1,GREEN,6,6
nordic_walk,nordic_walk,0.96,1,GREEN,6,6
nordic_walk,nordic_walk,0.943,1,GREEN,6,6
nordic_walk,nordic_walk,0.951,1,GREEN,6,6
nordic_walk,nordic_walk,0.955,1,GREEN,6,6
nordic_walk,nordic_walk,0.958,1,GREEN,6,6
nordic_walk,nordic_walk,0.881,1,GREEN,6,6
nordic_walk,nordic_walk,0.813,1,GREEN,6,6
nordic_walk,nordic_walk,0.89,1,GREEN,6,6
nordic_walk,nordic_walk,0.904,1,GREEN,6,6
nordic_walk,nordic_walk,0.928,1,GREEN,6,6
nordic_walk,nordic_walk,0.94,1,GREEN,6,6
nordic_walk,nordic_walk,0.958,1,GREEN,6,6
nordic_walk,nordic_walk,0.942,1,GREEN,6,6
nordic_walk,nordic_walk,0.949,1,GREEN,6,6
nordic_walk,nordic_walk,0.946,1,GREEN,6,6
nordic_walk,nordic_walk,0.935,1,GREEN,6,6
nordic_walk,nordic_walk,0.934,1,GREEN,6,6
nordic_walk,nordic_walk,0.921,1,GREEN,6,6
nordic_walk,nordic_walk,0.936,1,GREEN,6,6
nordic_walk,nordic_walk,0.92,1,GREEN,6,6
nordic_walk,nordic_walk,0.96,1,GREEN,6,6
nordic_walk,nordic_walk,0.938,1,GREEN,6,6
nordic_walk,nordic_walk,0.963,1,GREEN,6,6
nordic_walk,nordic_walk,0.959,1,GREEN,6,6
nordic_walk,nordic_walk,0.971,1,GREEN,6,6
nordic_walk,nordic_walk,0.942,1,GREEN,6,6
nordic_walk,nordic_walk,0.938,1,GREEN,6,6
nordic_walk,nordic_walk,0.882,1,GREEN,6,6
nordic_walk,nordic_walk,0.935,1,GREEN,6,6
nordic_walk,nordic_walk,0.948,1,GREEN,6,6
nordic_walk,nordic_walk,0.958,1,GREEN,6,6
nordic_walk,nordic_walk,0.965,1,GREEN,6,6
nordic_walk,nordic_walk,0.945,1,GREEN,6,6
nordic_walk,nordic_walk,0.97,1,GREEN,6,6
nordic_walk,nordic_walk,0.971,1,GREEN,6,6
nordic_walk,nordic_walk,0.964,1,GREEN,6,6
nordic_walk,nordic_walk,0.961,1,GREEN,6,6
nordic_walk,nordic_walk,0.966,1,GREEN,6,6
nordic_walk,nordic_walk,0.964,1,GREEN,6,6
nordic_walk,nordic_walk,0.955,1,GREEN,6,6
nordic_walk,nordic_walk,0.927,1,GREEN,6,6
nordic_walk,nordic_walk,0.924,1,GREEN,6,6
nordic_walk,nordic_walk,0.905,1,GREEN,6,6
nordic_walk,nordic_walk,0.919,1,GREEN,6,6
nordic_walk,nordic_walk,0.948,1,GREEN,6,6
nordic_walk,nordic_walk,0.943,1,GREEN,6,6
nordic_walk,nordic_walk,0.93,1,GREEN,6,6
nordic_walk,nordic_walk,0.959,1,GREEN,6,6
nordic_walk,nordic_walk,0.965,1,GREEN,6,6
nordic_walk,nordic_walk,0.966,1,GREEN,6,6
nordic_walk,nordic_walk,0.947,1,GREEN,6,6
nordic_walk,nordic_walk,0.945,1,GREEN,6,6
nordic_walk,nordic_walk,0.95,1,GREEN,6,6
nordic_walk,nordic_walk,0.947,1,GREEN,6,6
nordic_walk,nordic_walk,0.95,1,GREEN,6,6
nordic_walk,nordic_walk,0.947,1,GREEN,6,6
nordic_walk,nordic_walk,0.947,1,GREEN,6,6
nordic_walk,nordic_walk,0.938,1,GREEN,6,6
nordic_walk,nordic_walk,0.95,1,GREEN,6,6
nordic_walk,nordic_walk,0.93,1,GREEN,6,6
nordic_walk,nordic_walk,0.95,1,GREEN,6,6
nordic_walk,nordic_walk,0.96,1,GREEN,6,6
nordic_walk,nordic_walk,0.965,1,GREEN,6,6
nordic_walk,nordic_walk,0.948,1,GREEN,6,6
nordic_walk,nordic_walk,0.931,1,GREEN,6,6
nordic_walk,nordic_walk,0.943,1,GREEN,6,6
nordic_walk,nordic_walk,0.923,1,GREEN,6,6
nordic_walk,nordic_walk,0.952,1,GREEN,6,6
nordic_walk,nordic_walk,0.957,1,GREEN,6,6
nordic_walk,nordic_walk,0.934,1,GREEN,6,6
nordic_walk,nordic_walk,0.919,1,GREEN,6,6
nordic_walk,nordic_walk,0.941,1,GREEN,6,6
nordic_walk,nordic_walk,0.919,1,GREEN,6,6
nordic_walk,nordic_walk,0.964,1,GREEN,6,6
nordic_walk,nordic_walk,0.929,1,GREEN,6,6
nordic_walk,nordic_walk,0.95,1,GREEN,6,6
nordic_walk,nordic_walk,0.92,1,GREEN,6,6
nordic_walk,nordic_walk,0.959,1,GREEN,6,6
nordic_walk,nordic_walk,0.938,1,GREEN,6,6
nordic_walk,nordic_walk,0.96,1,GREEN,6,6
nordic_walk,nordic_walk,0.924,1,GREEN,6,6
nordic_walk,nordic_walk,0.955,1,GREEN,6,6
nordic_walk,nordic_walk,0.946,1,GREEN,6,6
nordic_walk,nordic_walk,0.955,1,GREEN,6,6
nordic_walk,nordic_walk,0.938,1,GREEN,6,6
nordic_walk,nordic_walk,0.971,1,GREEN,6,6
nordic_walk,nordic_walk,0.951,1,GREEN,6,6
nordic_walk,nordic_walk,0.964,1,GREEN,6,6
nordic_walk,nordic_walk,0.955,1,GREEN,6,6
nordic_walk,nordic_walk,0.962,1,GREEN,6,6
nordic_walk,nordic_walk,0.951,1,GREEN,6,6
nordic_walk,nordic_walk,0.969,1,GREEN,6,6
nordic_walk,nordic_walk,0.966,1,GREEN,6,6
nordic_walk,nordic_walk,0.958,1,GREEN,6,6
nordic_walk,nordic_walk,0.966,1,GREEN,6,6
nordic_walk,nordic_walk,0.967,1,GREEN,6,6
nordic_walk,nordic_walk,0.966,1,GREEN,6,6
nordic_walk,nordic_walk,0.97,1,GREEN,6,6
nordic_walk,nordic_walk,0.957,1,GREEN,6,6
nordic_walk,nordic_walk,0.941,1,GREEN,6,6
nordic_walk,nordic_walk,0.955,1,GREEN,6,6
nordic_walk,nordic_walk,0.976,1,GREEN,6,6
nordic_walk,nordic_walk,0.965,1,GREEN,6,6
nordic_walk,nordic_walk,0.957,1,GREEN,6,6
nordic_walk,nordic_walk,0.973,1,GREEN,6,6
nordic_walk,nordic_walk,0.978,1,GREEN,6,6
nordic_walk,nordic_walk,0.964,1,GREEN,6,6
nordic_walk,nordic_walk,0.944,1,GREEN,6,6
nordic_walk,nordic_walk,0.966,1,GREEN,6,6
nordic_walk,nordic_walk,0.969,1,GREEN,6,6
nordic_walk,nordic_walk,0.965,1,GREEN,6,6
nordic_walk,nordic_walk,0.965,1,GREEN,6,6
nordic_walk,nordic_walk,0.97,1,GREEN,6,6
nordic_walk,nordic_walk,0.968,1,GREEN,6,6
nordic_walk,nordic_walk,0.959,1,GREEN,6,6
nordic_walk,nordic_walk,0.954,1,GREEN,6,6
nordic_walk,nordic_walk,0.952,1,GREEN,6,6
nordic_walk,nordic_walk,0.937,1,GREEN,6,6
nordic_walk,nordic_walk,0.917,1,GREEN,6,6
nordic_walk,nordic_walk,0.86,1,GREEN,6,6
nordic_walk,nordic_walk,0.873,1,GREEN,6,6
nordic_walk,nordic_walk,0.902,1,GREEN,6,6
nordic_walk,nordic_walk,0.913,1,GREEN,6,6
nordic_walk,nordic_walk,0.918,1,GREEN,6,6
nordic_walk,nordic_walk,0.921,1,GREEN,6,6
nordic_walk,nordic_walk,0.918,1,GREEN,6,6
nordic_walk,nordic_walk,0.929,1,GREEN,6,6
nordic_walk,nordic_walk,0.915,1,GREEN,6,6
nordic_walk,nordic_walk,0.92,1,GREEN,6,6
nordic_walk,nordic_walk,0.928,1,GREEN,6,6
nordic_walk,nordic_walk,0.881,1,GREEN,6,6
nordic_walk,nordic_walk,0.829,1,GREEN,6,6
nordic_walk,nordic_walk,0.784,1,GREEN,6,6
nordic_walk,nordic_walk,0.771,1,GREEN,6,6
nordic_walk,nordic_walk,0.853,1,GREEN,6,6
nordic_walk,nordic_walk,0.929,1,GREEN,6,6
nordic_walk,nordic_walk,0.946,1,GREEN,6,6
nordic_walk,nordic_walk,0.927,1,GREEN,6,6
nordic_walk,nordic_walk,0.934,1,GREEN,6,6
nordic_walk,nordic_walk,0.934,1,GREEN,6,6
nordic_walk,nordic_walk,0.935,1,GREEN,6,6
nordic_walk,nordic_walk,0.936,1,GREEN,6,6
nordic_walk,nordic_walk,0.944,1,GREEN,6,6
nordic_walk,nordic_walk,0.909,1,GREEN,6,6
nordic_walk,nordic_walk,0.93,1,GREEN,6,6
nordic_walk,nordic_walk,0.91,1,GREEN,6,6
nordic_walk,nordic_walk,0.92,1,GREEN,6,6
nordic_walk,nordic_walk,0.924,1,GREEN,6,6
nordic_walk,nordic_walk,0.921,1,GREEN,6,6
nordic_walk,nordic_walk,0.88,1,GREEN,6,6
nordic_walk,nordic_walk,0.941,1,GREEN,6,6
nordic_walk,nordic_walk,0.901,1,GREEN,6,6
nordic_walk,nordic_walk,0.909,1,GREEN,6,6
nordic_walk,nordic_walk,0.89,1,GREEN,6,6
nordic_walk,nordic_walk,0.944,1,GREEN,6,6
nordic_walk,nordic_walk,0.909,1,GREEN,6,6
nordic_walk,nordic_walk,0.933,1,GREEN,6,6
nordic_walk,nordic_walk,0.932,1,GREEN,6,6
nordic_walk,nordic_walk,0.95,1,GREEN,6,6
nordic_walk,nordic_walk,0.915,1,GREEN,6,6
nordic_walk,nordic_walk,0.958,1,GREEN,6,6
nordic_walk,nordic_walk,0.928,1,GREEN,6,6
nordic_walk,nordic_walk,0.946,1,GREEN,6,6
nordic_walk,nordic_walk,0.94,1,GREEN,6,6
nordic_walk,nordic_walk,0.972,1,GREEN,6,6
nordic_walk,nordic_walk,0.955,1,GREEN,6,6
nordic_walk,nordic_walk,0.949,1,GREEN,6,6
nordic_walk,nordic_walk,0.946,1,GREEN,6,6
nordic_walk,nordic_walk,0.965,1,GREEN,6,6
nordic_walk,nordic_walk,0.959,1,GREEN,6,6
nordic_walk,nordic_walk,0.958,1,GREEN,6,6
nordic_walk,nordic_walk,0.958,1,GREEN,6,6
nordic_walk,nordic_walk,0.947,1,GREEN,6,6
nordic_walk,nordic_walk,0.957,1,GREEN,6,6
nordic_walk,nordic_walk,0.951,1,GREEN,6,6
nordic_walk,nordic_walk,0.954,1,GREEN,6,6
nordic_walk,nordic_walk,0.946,1,GREEN,6,6
nordic_walk,nordic_walk,0.943,1,GREEN,6,6
nordic_walk,nordic_walk,0.945,1,GREEN,6,6
nordic_walk,nordic_walk,0.938,1,GREEN,6,6
nordic_walk,nordic_walk,0.942,1,GREEN,6,6
nordic_walk,nordic_walk,0.941,1,GREEN,6,6
nordic_walk,nordic_walk,0.925,1,GREEN,6,6
nordic_walk,nordic_walk,0.921,1,GREEN,6,6
nordic_walk,nordic_walk,0.924,1,GREEN,6,6
nordic_walk,nordic_walk,0.922,1,GREEN,6,6
nordic_walk,nordic_walk,0.878,1,GREEN,6,6
nordic_walk,nordic_walk,0.931,1,GREEN,6,6
nordic_walk,nordic_walk,0.918,1,GREEN,6,6
nordic_walk,nordic_walk,0.926,1,GREEN,6,6
nordic_walk,nordic_walk,0.893,1,GREEN,6,6
nordic_walk,nordic_walk,0.947,1,GREEN,6,6
nordic_walk,nordic_walk,0.933,1,GREEN,6,6
nordic_walk,nordic_walk,0.937,1,GREEN,6,6
nordic_walk,nordic_walk,0.904,1,GREEN,6,6
nordic_walk,nordic_walk,0.949,1,GREEN,6,6
nordic_walk,nordic_walk,0.922,1,GREEN,6,6
nordic_walk,nordic_walk,0.942,1,GREEN,6,6
nordic_walk,nordic_walk,0.924,1,GREEN,6,6
nordic_walk,nordic_walk,0.946,1,GREEN,6,6
nordic_walk,nordic_walk,0.915,1,GREEN,6,6
nordic_walk,nordic_walk,0.955,1,GREEN,6,6
nordic_walk,nordic_walk,0.934,1,GREEN,6,6
nordic_walk,nordic_walk,0.957,1,GREEN,6,6
nordic_walk,nordic_walk,0.941,1,GREEN,6,6
nordic_walk,nordic_walk,0.939,1,GREEN,6,6
nordic_walk,nordic_walk,0.898,1,GREEN,6,6
nordic_walk,nordic_walk,0.95,1,GREEN,6,6
nordic_walk,nordic_walk,0.936,1,GREEN,6,6
nordic_walk,nordic_walk,0.964,1,GREEN,6,6
nordic_walk,nordic_walk,0.954,1,GREEN,6,6
nordic_walk,nordic_walk,0.961,1,GREEN,6,6
nordic_walk,nordic_walk,0.944,1,GREEN,6,6
nordic_walk,nordic_walk,0.959,1,GREEN,6,6
nordic_walk,nordic_walk,0.949,1,GREEN,6,6
nordic_walk,nordic_walk,0.959,1,GREEN,6,6
nordic_walk,nordic_walk,0.952,1,GREEN,6,6
nordic_walk,nordic_walk,0.964,1,GREEN,6,6
nordic_walk,nordic_walk,0.953,1,GREEN,6,6
nordic_walk,nordic_walk,0.956,1,GREEN,6,6
nordic_walk,nordic_walk,0.946,1,GREEN,6,6
nordic_walk,nordic_walk,0.937,1,GREEN,6,6
nordic_walk,nordic_walk,0.948,1,GREEN,6,6
nordic_walk,nordic_walk,0.938,1,GREEN,6,6
nordic_walk,nordic_walk,0.952,1,GREEN,6,6
nordic_walk,nordic_walk,0.939,1,GREEN,6,6
nordic_walk,nordic_walk,0.949,1,GREEN,6,6
nordic_walk,nordic_walk,0.948,1,GREEN,6,6
nordic_walk,nordic_walk,0.934,1,GREEN,6,6
nordic_walk,nordic_walk,0.915,1,GREEN,6,6
nordic_walk,nordic_walk,0.938,1,GREEN,6,6
nordic_walk,nordic_walk,0.932,1,GREEN,6,6
nordic_walk,nordic_walk,0.937,1,GREEN,6,6
nordic_walk,nordic_walk,0.941,1,GREEN,6,6
nordic_walk,nordic_walk,0.945,1,GREEN,6,6
nordic_walk,nordic_walk,0.932,1,GREEN,6,6
nordic_walk,nordic_walk,0.923,1,GREEN,6,6
nordic_walk,nordic_walk,0.907,1,GREEN,6,6
nordic_walk,nordic_walk,0.908,1,GREEN,6,6
nordic_walk,nordic_walk,0.915,1,GREEN,6,6
nordic_walk,nordic_walk,0.908,1,GREEN,6,6
nordic_walk,nordic_walk,0.899,1,GREEN,6,6
nordic_walk,nordic_walk,0.891,1,GREEN,6,6
nordic_walk,nordic_walk,0.919,1,GREEN,6,6
nordic_walk,nordic_walk,0.932,1,GREEN,6,6
nordic_walk,nordic_walk,0.928,1,GREEN,6,6
nordic_walk,nordic_walk,0.896,1,GREEN,6,6
nordic_walk,nordic_walk,0.93,1,GREEN,6,6
nordic_walk,nordic_walk,0.908,1,GREEN,6,6
nordic_walk,nordic_walk,0.938,1,GREEN,6,6
nordic_walk,nordic_walk,0.926,1,GREEN,6,6
nordic_walk,nordic_walk,0.921,1,GREEN,6,6
nordic_walk,nordic_walk,0.905,1,GREEN,6,6
nordic_walk,nordic_walk,0.907,1,GREEN,6,6
nordic_walk,nordic_walk,0.921,1,GREEN,6,6
nordic_walk,nordic_walk,0.953,1,GREEN,6,6
nordic_walk,nordic_walk,0.959,1,GREEN,6,6
nordic_walk,nordic_walk,0.922,1,GREEN,6,6
nordic_walk,nordic_walk,0.757,1,GREEN,6,6
nordic_walk,nordic_walk,0.814,1,GREEN,6,6
nordic_walk,nordic_walk,0.883,1,GREEN,6,6
nordic_walk,nordic_walk,0.905,1,GREEN,6,6
nordic_walk,nordic_walk,0.891,1,GREEN,6,6
nordic_walk,nordic_walk,0.86,1,GREEN,6,6
nordic_walk,nordic_walk,0.892,1,GREEN,6,6
nordic_walk,nordic_walk,0.929,1,GREEN,6,6
nordic_walk,nordic_walk,0.907,1,GREEN,6,6
nordic_walk,nordic_walk,0.925,1,GREEN,6,6
nordic_walk,nordic_walk,0.915,1,GREEN,6,6
nordic_walk,nordic_walk,0.937,1,GREEN,6,6
nordic_walk,nordic_walk,0.925,1,GREEN,6,6
nordic_walk,nordic_walk,0.929,1,GREEN,6,6
nordic_walk,nordic_walk,0.894,1,GREEN,6,6
nordic_walk,nordic_walk,0.917,1,GREEN,6,6
nordic_walk,nordic_walk,0.894,1,GREEN,6,6
nordic_walk,nordic_walk,0.928,1,GREEN,6,6
nordic_walk,nordic_walk,0.919,1,GREEN,6,6
nordic_walk,nordic_walk,0.932,1,GREEN,6,6
nordic_walk,nordic_walk,0.909,1,GREEN,6,6
nordic_walk,nordic_walk,0.902,1,GREEN,6,6
nordic_walk,nordic_walk,0.866,1,GREEN,6,6
nordic_walk,nordic_walk,0.91,1,GREEN,6,6
nordic_walk,nordic_walk,0.887,1,GREEN,6,6
nordic_walk,nordic_walk,0.896,1,GREEN,6,6
nordic_walk,nordic_walk,0.889,1,GREEN,6,6
nordic_walk,nordic_walk,0.919,1,GREEN,6,6
nordic_walk,nordic_walk,0.944,1,GREEN,6,6
nordic_walk,nordic_walk,0.949,1,GREEN,6,6
nordic_walk,nordic_walk,0.939,1,GREEN,6,6
nordic_walk,nordic_walk,0.94,1,GREEN,6,6
nordic_walk,nordic_walk,0.929,1,GREEN,6,6
nordic_walk,nordic_walk,0.905,1,GREEN,6,6
nordic_walk,nordic_walk,0.857,1,GREEN,6,6
nordic_walk,nordic_walk,0.869,1,GREEN,6,6
nordic_walk,nordic_walk,0.834,1,GREEN,6,6
nordic_walk,nordic_walk,0.868,1,GREEN,6,6
nordic_walk,nordic_walk,0.84,1,GREEN,6,6
nordic_walk,nordic_walk,0.906,1,GREEN,6,6
nordic_walk,nordic_walk,0.945,1,GREEN,6,6
nordic_walk,nordic_walk,0.935,1,GREEN,6,6
nordic_walk,nordic_walk,0.946,1,GREEN,6,6
nordic_walk,nordic_walk,0.947,1,GREEN,6,6
nordic_walk,nordic_walk,0.945,1,GREEN,6,6
nordic_walk,nordic_walk,0.914,1,GREEN,6,6
nordic_walk,nordic_walk,0.924,1,GREEN,6,6
nordic_walk,nordic_walk,0.926,1,GREEN,6,6
nordic_walk,nordic_walk,0.929,1,GREEN,6,6
nordic_walk,nordic_walk,0.903,1,GREEN,6,6
nordic_walk,nordic_walk,0.893,1,GREEN,6,6
nordic_walk,nordic_walk,0.84,1,GREEN,6,6
nordic_walk,nordic_walk,0.895,1,GREEN,6,6
nordic_walk,nordic_walk,0.885,1,GREEN,6,6
nordic_walk,nordic_walk,0.938,1,GREEN,6,6
nordic_walk,nordic_walk,0.924,1,GREEN,6,6
nordic_walk,nordic_walk,0.959,1,GREEN,6,6
nordic_walk,nordic_walk,0.915,1,GREEN,6,6
nordic_walk,nordic_walk,0.943,1,GREEN,6,6
nordic_walk,nordic_walk,0.926,1,GREEN,6,6
nordic_walk,nordic_walk,0.79,1,GREEN,6,6
nordic_walk,nordic_walk,0.612,1,YELLOW,6,6
nordic_walk,nordic_walk,0.748,1,YELLOW,6,6
nordic_walk,nordic_walk,0.706,1,YELLOW,6,6
nordic_walk,nordic_walk,0.84,1,GREEN,6,6
nordic_walk,nordic_walk,0.923,1,GREEN,6,6
nordic_walk,nordic_walk,0.951,1,GREEN,6,6
nordic_walk,nordic_walk,0.949,1,GREEN,6,6
nordic_walk,nordic_walk,0.916,1,GREEN,6,6
nordic_walk,nordic_walk,0.954,1,GREEN,6,6
nordic_walk,nordic_walk,0.956,1,GREEN,6,6
nordic_walk,nordic_walk,0.946,1,GREEN,6,6
nordic_walk,nordic_walk,0.94,1,GREEN,6,6
nordic_walk,nordic_walk,0.929,1,GREEN,6,6
nordic_walk,nordic_walk,0.928,1,GREEN,6,6
nordic_walk,nordic_walk,0.875,1,GREEN,6,6
nordic_walk,nordic_walk,0.61,1,YELLOW,6,6
nordic_walk,nordic_walk,0.493,1,YELLOW,6,6
nordic_walk,nordic_walk,0.792,1,GREEN,6,6
nordic_walk,nordic_walk,0.78,1,GREEN,6,6
nordic_walk,nordic_walk,0.924,1,GREEN,6,6
nordic_walk,nordic_walk,0.92,1,GREEN,6,6
nordic_walk,nordic_walk,0.938,1,GREEN,6,6
nordic_walk,nordic_walk,0.958,1,GREEN,6,6
nordic_walk,nordic_walk,0.96,1,GREEN,6,6
nordic_walk,nordic_walk,0.955,1,GREEN,6,6
nordic_walk,nordic_walk,0.959,1,GREEN,6,6
nordic_walk,nordic_walk,0.951,1,GREEN,6,6
nordic_walk,nordic_walk,0.948,1,GREEN,6,6
nordic_walk,nordic_walk,0.946,1,GREEN,6,6
nordic_walk,nordic_walk,0.951,1,GREEN,6,6
nordic_walk,nordic_walk,0.946,1,GREEN,6,6
nordic_walk,nordic_walk,0.959,1,GREEN,6,6
nordic_walk,nordic_walk,0.934,1,GREEN,6,6
nordic_walk,nordic_walk,0.92,1,GREEN,6,6
nordic_walk,nordic_walk,0.915,1,GREEN,6,6
nordic_walk,nordic_walk,0.938,1,GREEN,6,6
nordic_walk,nordic_walk,0.942,1,GREEN,6,6
nordic_walk,nordic_walk,0.93,1,GREEN,6,6
nordic_walk,nordic_walk,0.933,1,GREEN,6,6
nordic_walk,nordic_walk,0.906,1,GREEN,6,6
nordic_walk,nordic_walk,0.946,1,GREEN,6,6
nordic_walk,nordic_walk,0.925,1,GREEN,6,6
nordic_walk,nordic_walk,0.958,1,GREEN,6,6
nordic_walk,nordic_walk,0.914,1,GREEN,6,6
nordic_walk,nordic_walk,0.93,1,GREEN,6,6
nordic_walk,nordic_walk,0.924,1,GREEN,6,6
nordic_walk,nordic_walk,0.944,1,GREEN,6,6
nordic_walk,nordic_walk,0.934,1,GREEN,6,6
nordic_walk,nordic_walk,0.904,1,GREEN,6,6
nordic_walk,nordic_walk,0.87,1,GREEN,6,6
nordic_walk,nordic_walk,0.917,1,GREEN,6,6
nordic_walk,nordic_walk,0.56,1,YELLOW,6,6
nordic_walk,nordic_walk,0.867,1,GREEN,6,6
nordic_walk,nordic_walk,0.738,1,YELLOW,6,6
nordic_walk,nordic_walk,0.133,1,RED,6,6
nordic_walk,nordic_walk,0.157,1,RED,6,6
nordic_walk,nordic_walk,0.176,1,RED,6,6
nordic_walk,cycling,0.218,0,RED,6,5
nordic_walk,cycling,0.17,0,RED,6,5
nordic_walk,cycling,0.127,0,RED,6,5
nordic_walk,cycling,0.137,0,RED,6,5
cycling,cycling,0.939,1,GREEN,5,5
cycling,cycling,0.937,1,GREEN,5,5
cycling,cycling,0.935,1,GREEN,5,5
cycling,cycling,0.935,1,GREEN,5,5
cycling,cycling,0.935,1,GREEN,5,5
cycling,cycling,0.936,1,GREEN,5,5
cycling,cycling,0.935,1,GREEN,5,5
cycling,cycling,0.936,1,GREEN,5,5
cycling,cycling,0.939,1,GREEN,5,5
cycling,cycling,0.926,1,GREEN,5,5
cycling,cycling,0.831,1,GREEN,5,5
cycling,cycling,0.831,1,GREEN,5,5
cycling,cycling,0.873,1,GREEN,5,5
cycling,cycling,0.855,1,GREEN,5,5
cycling,cycling,0.901,1,GREEN,5,5
cycling,cycling,0.908,1,GREEN,5,5
cycling,cycling,0.897,1,GREEN,5,5
cycling,cycling,0.883,1,GREEN,5,5
cycling,cycling,0.735,1,YELLOW,5,5
cycling,cycling,0.781,1,GREEN,5,5
cycling,cycling,0.955,1,GREEN,5,5
cycling,cycling,0.964,1,GREEN,5,5
cycling,cycling,0.974,1,GREEN,5,5
cycling,cycling,0.943,1,GREEN,5,5
cycling,cycling,0.866,1,GREEN,5,5
cycling,cycling,0.829,1,GREEN,5,5
cycling,cycling,0.774,1,GREEN,5,5
cycling,cycling,0.829,1,GREEN,5,5
cycling,cycling,0.734,1,YELLOW,5,5
cycling,cycling,0.805,1,GREEN,5,5
cycling,cycling,0.901,1,GREEN,5,5
cycling,cycling,0.867,1,GREEN,5,5
cycling,cycling,0.9,1,GREEN,5,5
cycling,cycling,0.871,1,GREEN,5,5
cycling,cycling,0.851,1,GREEN,5,5
cycling,cycling,0.806,1,GREEN,5,5
cycling,cycling,0.866,1,GREEN,5,5
cycling,cycling,0.891,1,GREEN,5,5
cycling,cycling,0.579,1,YELLOW,5,5
cycling,cycling,0.345,1,RED,5,5
cycling,cycling,0.788,1,GREEN,5,5
cycling,cycling,0.824,1,GREEN,5,5
cycling,cycling,0.84,1,GREEN,5,5
cycling,cycling,0.893,1,GREEN,5,5
cycling,cycling,0.88,1,GREEN,5,5
cycling,cycling,0.911,1,GREEN,5,5
cycling,cycling,0.911,1,GREEN,5,5
cycling,cycling,0.902,1,GREEN,5,5
cycling,cycling,0.722,1,YELLOW,5,5
cycling,cycling,0.826,1,GREEN,5,5
cycling,cycling,0.938,1,GREEN,5,5
cycling,cycling,0.95,1,GREEN,5,5
cycling,cycling,0.971,1,GREEN,5,5
cycling,cycling,0.975,1,GREEN,5,5
cycling,cycling,0.971,1,GREEN,5,5
cycling,cycling,0.956,1,GREEN,5,5
cycling,cycling,0.928,1,GREEN,5,5
cycling,cycling,0.897,1,GREEN,5,5
cycling,cycling,0.926,1,GREEN,5,5
cycling,cycling,0.95,1,GREEN,5,5
cycling,cycling,0.959,1,GREEN,5,5
cycling,cycling,0.96,1,GREEN,5,5
cycling,cycling,0.925,1,GREEN,5,5
cycling,cycling,0.905,1,GREEN,5,5
cycling,cycling,0.894,1,GREEN,5,5
cycling,cycling,0.594,1,YELLOW,5,5
cycling,cycling,0.475,1,YELLOW,5,5
cycling,cycling,0.754,1,GREEN,5,5
cycling,cycling,0.75,1,GREEN,5,5
cycling,cycling,0.863,1,GREEN,5,5
cycling,cycling,0.873,1,GREEN,5,5
cycling,cycling,0.897,1,GREEN,5,5
cycling,cycling,0.926,1,GREEN,5,5
cycling,cycling,0.91,1,GREEN,5,5
cycling,cycling,0.9,1,GREEN,5,5
cycling,cycling,0.932,1,GREEN,5,5
cycling,cycling,0.936,1,GREEN,5,5
cycling,cycling,0.907,1,GREEN,5,5
cycling,cycling,0.924,1,GREEN,5,5
cycling,cycling,0.94,1,GREEN,5,5
cycling,cycling,0.954,1,GREEN,5,5
cycling,cycling,0.957,1,GREEN,5,5
cycling,cycling,0.95,1,GREEN,5,5
cycling,cycling,0.93,1,GREEN,5,5
cycling,cycling,0.93,1,GREEN,5,5
cycling,cycling,0.939,1,GREEN,5,5
cycling,cycling,0.923,1,GREEN,5,5
cycling,cycling,0.914,1,GREEN,5,5
cycling,cycling,0.878,1,GREEN,5,5
cycling,cycling,0.934,1,GREEN,5,5
cycling,cycling,0.982,1,GREEN,5,5
cycling,cycling,0.976,1,GREEN,5,5
cycling,cycling,0.869,1,GREEN,5,5
cycling,cycling,0.879,1,GREEN,5,5
cycling,cycling,0.964,1,GREEN,5,5
cycling,cycling,0.95,1,GREEN,5,5
cycling,cycling,0.947,1,GREEN,5,5
cycling,cycling,0.932,1,GREEN,5,5
cycling,cycling,0.686,1,YELLOW,5,5
cycling,cycling,0.746,1,YELLOW,5,5
cycling,cycling,0.892,1,GREEN,5,5
cycling,cycling,0.882,1,GREEN,5,5
cycling,cycling,0.919,1,GREEN,5,5
cycling,cycling,0.831,1,GREEN,5,5
cycling,cycling,0.842,1,GREEN,5,5
cycling,cycling,0.872,1,GREEN,5,5
cycling,cycling,0.856,1,GREEN,5,5
cycling,cycling,0.921,1,GREEN,5,5
cycling,cycling,0.857,1,GREEN,5,5
cycling,cycling,0.801,1,GREEN,5,5
cycling,cycling,0.808,1,GREEN,5,5
cycling,cycling,0.862,1,GREEN,5,5
cycling,cycling,0.883,1,GREEN,5,5
cycling,cycling,0.848,1,GREEN,5,5
cycling,cycling,0.862,1,GREEN,5,5
cycling,cycling,0.808,1,GREEN,5,5
cycling,cycling,0.87,1,GREEN,5,5
cycling,cycling,0.878,1,GREEN,5,5
cycling,cycling,0.875,1,GREEN,5,5
cycling,cycling,0.861,1,GREEN,5,5
cycling,cycling,0.864,1,GREEN,5,5
cycling,cycling,0.919,1,GREEN,5,5
cycling,cycling,0.921,1,GREEN,5,5
cycling,cycling,0.87,1,GREEN,5,5
cycling,cycling,0.571,1,YELLOW,5,5
cycling,cycling,0.843,1,GREEN,5,5
cycling,cycling,0.96,1,GREEN,5,5
cycling,cycling,0.974,1,GREEN,5,5
cycling,cycling,0.971,1,GREEN,5,5
cycling,cycling,0.954,1,GREEN,5,5
cycling,cycling,0.941,1,GREEN,5,5
cycling,cycling,0.929,1,GREEN,5,5
cycling,cycling,0.885,1,GREEN,5,5
cycling,cycling,0.893,1,GREEN,5,5
cycling,cycling,0.952,1,GREEN,5,5
cycling,cycling,0.961,1,GREEN,5,5
cycling,cycling,0.96,1,GREEN,5,5
cycling,cycling,0.959,1,GREEN,5,5
cycling,cycling,0.908,1,GREEN,5,5
cycling,cycling,0.485,1,YELLOW,5,5
cycling,cycling,0.589,1,YELLOW,5,5
cycling,cycling,0.771,1,GREEN,5,5
cycling,cycling,0.301,1,RED,5,5
cycling,cycling,0.596,1,YELLOW,5,5
cycling,cycling,0.656,1,YELLOW,5,5
cycling,cycling,0.351,1,RED,5,5
cycling,cycling,0.596,1,YELLOW,5,5
cycling,cycling,0.327,1,RED,5,5
cycling,cycling,0.817,1,GREEN,5,5
cycling,cycling,0.924,1,GREEN,5,5
cycling,cycling,0.895,1,GREEN,5,5
cycling,cycling,0.921,1,GREEN,5,5
cycling,cycling,0.953,1,GREEN,5,5
cycling,cycling,0.949,1,GREEN,5,5
cycling,cycling,0.952,1,GREEN,5,5
cycling,cycling,0.958,1,GREEN,5,5
cycling,cycling,0.953,1,GREEN,5,5
cycling,cycling,0.954,1,GREEN,5,5
cycling,cycling,0.944,1,GREEN,5,5
cycling,cycling,0.934,1,GREEN,5,5
cycling,cycling,0.939,1,GREEN,5,5
cycling,cycling,0.931,1,GREEN,5,5
cycling,cycling,0.914,1,GREEN,5,5
cycling,cycling,0.938,1,GREEN,5,5
cycling,cycling,0.974,1,GREEN,5,5
cycling,cycling,0.984,1,GREEN,5,5
cycling,cycling,0.975,1,GREEN,5,5
cycling,cycling,0.911,1,GREEN,5,5
cycling,cycling,0.921,1,GREEN,5,5
cycling,cycling,0.968,1,GREEN,5,5
cycling,cycling,0.962,1,GREEN,5,5
cycling,cycling,0.89,1,GREEN,5,5
cycling,cycling,0.895,1,GREEN,5,5
cycling,cycling,0.904,1,GREEN,5,5
cycling,cycling,0.64,1,YELLOW,5,5
cycling,cycling,0.596,1,YELLOW,5,5
cycling,cycling,0.797,1,GREEN,5,5
cycling,cycling,0.919,1,GREEN,5,5
cycling,cycling,0.928,1,GREEN,5,5
cycling,cycling,0.913,1,GREEN,5,5
cycling,cycling,0.913,1,GREEN,5,5
cycling,cycling,0.882,1,GREEN,5,5
cycling,cycling,0.911,1,GREEN,5,5
cycling,cycling,0.816,1,GREEN,5,5
cycling,cycling,0.849,1,GREEN,5,5
cycling,cycling,0.908,1,GREEN,5,5
cycling,cycling,0.878,1,GREEN,5,5
cycling,cycling,0.878,1,GREEN,5,5
cycling,cycling,0.828,1,GREEN,5,5
cycling,cycling,0.875,1,GREEN,5,5
cycling,cycling,0.767,1,GREEN,5,5
cycling,cycling,0.728,1,YELLOW,5,5
cycling,cycling,0.807,1,GREEN,5,5
cycling,cycling,0.875,1,GREEN,5,5
cycling,cycling,0.914,1,GREEN,5,5
cycling,cycling,0.897,1,GREEN,5,5
cycling,cycling,0.929,1,GREEN,5,5
cycling,cycling,0.933,1,GREEN,5,5
cycling,cycling,0.926,1,GREEN,5,5
cycling,cycling,0.9,1,GREEN,5,5
cycling,cycling,0.891,1,GREEN,5,5
cycling,cycling,0.878,1,GREEN,5,5
cycling,cycling,0.926,1,GREEN,5,5
cycling,cycling,0.975,1,GREEN,5,5
cycling,cycling,0.967,1,GREEN,5,5
cycling,cycling,0.962,1,GREEN,5,5
cycling,cycling,0.946,1,GREEN,5,5
cycling,cycling,0.895,1,GREEN,5,5
cycling,cycling,0.893,1,GREEN,5,5
cycling,cycling,0.95,1,GREEN,5,5
cycling,cycling,0.962,1,GREEN,5,5
cycling,cycling,0.817,1,GREEN,5,5
cycling,cycling,0.444,1,RED,5,5
cycling,cycling,0.538,1,YELLOW,5,5
cycling,cycling,0.368,1,RED,5,5
cycling,cycling,0.724,1,YELLOW,5,5
cycling,cycling,0.561,1,YELLOW,5,5
cycling,cycling,0.215,1,RED,5,5
cycling,cycling,0.433,1,RED,5,5
cycling,cycling,0.523,1,YELLOW,5,5
cycling,cycling,0.812,1,GREEN,5,5
cycling,cycling,0.909,1,GREEN,5,5
cycling,cycling,0.895,1,GREEN,5,5
cycling,cycling,0.836,1,GREEN,5,5
cycling,cycling,0.92,1,GREEN,5,5
cycling,cycling,0.942,1,GREEN,5,5
cycling,cycling,0.91,1,GREEN,5,5
cycling,cycling,0.931,1,GREEN,5,5
cycling,cycling,0.951,1,GREEN,5,5
cycling,cycling,0.947,1,GREEN,5,5
cycling,cycling,0.955,1,GREEN,5,5
cycling,cycling,0.953,1,GREEN,5,5
cycling,cycling,0.947,1,GREEN,5,5
cycling,cycling,0.934,1,GREEN,5,5
cycling,cycling,0.924,1,GREEN,5,5
cycling,cycling,0.916,1,GREEN,5,5
cycling,cycling,0.924,1,GREEN,5,5
cycling,cycling,0.942,1,GREEN,5,5
cycling,cycling,0.955,1,GREEN,5,5
cycling,cycling,0.971,1,GREEN,5,5
cycling,cycling,0.958,1,GREEN,5,5
cycling,cycling,0.819,1,GREEN,5,5
cycling,cycling,0.864,1,GREEN,5,5
cycling,cycling,0.976,1,GREEN,5,5
cycling,cycling,0.978,1,GREEN,5,5
cycling,cycling,0.977,1,GREEN,5,5
cycling,cycling,0.982,1,GREEN,5,5
cycling,cycling,0.968,1,GREEN,5,5
cycling,cycling,0.71,1,YELLOW,5,5
cycling,cycling,0.409,1,RED,5,5
cycling,cycling,0.59,1,YELLOW,5,5
cycling,cycling,0.803,1,GREEN,5,5
cycling,cycling,0.901,1,GREEN,5,5
cycling,cycling,0.872,1,GREEN,5,5
cycling,cycling,0.911,1,GREEN,5,5
cycling,cycling,0.893,1,GREEN,5,5
cycling,cycling,0.894,1,GREEN,5,5
cycling,cycling,0.88,1,GREEN,5,5
cycling,cycling,0.836,1,GREEN,5,5
cycling,cycling,0.786,1,GREEN,5,5
cycling,cycling,0.828,1,GREEN,5,5
cycling,cycling,0.945,1,GREEN,5,5
cycling,cycling,0.925,1,GREEN,5,5
cycling,cycling,0.86,1,GREEN,5,5
cycling,cycling,0.782,1,GREEN,5,5
cycling,cycling,0.823,1,GREEN,5,5
cycling,cycling,0.858,1,GREEN,5,5
cycling,cycling,0.851,1,GREEN,5,5
cycling,cycling,0.87,1,GREEN,5,5
cycling,cycling,0.883,1,GREEN,5,5
cycling,cycling,0.916,1,GREEN,5,5
cycling,cycling,0.915,1,GREEN,5,5
cycling,cycling,0.939,1,GREEN,5,5
cycling,cycling,0.762,1,GREEN,5,5
cycling,cycling,0.651,1,YELLOW,5,5
cycling,cycling,0.946,1,GREEN,5,5
cycling,cycling,0.971,1,GREEN,5,5
cycling,cycling,0.969,1,GREEN,5,5
cycling,cycling,0.951,1,GREEN,5,5
cycling,cycling,0.934,1,GREEN,5,5
cycling,cycling,0.888,1,GREEN,5,5
cycling,cycling,0.884,1,GREEN,5,5
cycling,cycling,0.888,1,GREEN,5,5
cycling,cycling,0.944,1,GREEN,5,5
cycling,cycling,0.972,1,GREEN,5,5
cycling,cycling,0.959,1,GREEN,5,5
cycling,cycling,0.92,1,GREEN,5,5
cycling,cycling,0.944,1,GREEN,5,5
cycling,cycling,0.743,1,YELLOW,5,5
cycling,cycling,0.229,1,RED,5,5
cycling,cycling,0.51,1,YELLOW,5,5
cycling,cycling,0.391,1,RED,5,5
cycling,cycling,0.774,1,GREEN,5,5
cycling,cycling,0.912,1,GREEN,5,5
cycling,cycling,0.933,1,GREEN,5,5
cycling,cycling,0.896,1,GREEN,5,5
cycling,cycling,0.882,1,GREEN,5,5
cycling,cycling,0.913,1,GREEN,5,5
cycling,cycling,0.913,1,GREEN,5,5
cycling,cycling,0.944,1,GREEN,5,5
cycling,cycling,0.908,1,GREEN,5,5
cycling,cycling,0.894,1,GREEN,5,5
cycling,cycling,0.911,1,GREEN,5,5
cycling,cycling,0.911,1,GREEN,5,5
cycling,cycling,0.959,1,GREEN,5,5
cycling,cycling,0.949,1,GREEN,5,5
cycling,cycling,0.941,1,GREEN,5,5
cycling,cycling,0.886,1,GREEN,5,5
cycling,cycling,0.905,1,GREEN,5,5
cycling,cycling,0.947,1,GREEN,5,5
cycling,cycling,0.924,1,GREEN,5,5
cycling,cycling,0.893,1,GREEN,5,5
cycling,cycling,0.917,1,GREEN,5,5
cycling,cycling,0.969,1,GREEN,5,5
cycling,cycling,0.982,1,GREEN,5,5
cycling,cycling,0.967,1,GREEN,5,5
cycling,cycling,0.765,1,GREEN,5,5
cycling,cycling,0.857,1,GREEN,5,5
cycling,cycling,0.972,1,GREEN,5,5
cycling,cycling,0.976,1,GREEN,5,5
cycling,cycling,0.975,1,GREEN,5,5
cycling,cycling,0.89,1,GREEN,5,5
cycling,cycling,0.646,1,YELLOW,5,5
cycling,cycling,0.711,1,YELLOW,5,5
cycling,cycling,0.863,1,GREEN,5,5
cycling,cycling,0.942,1,GREEN,5,5
cycling,cycling,0.925,1,GREEN,5,5
cycling,cycling,0.867,1,GREEN,5,5
cycling,cycling,0.816,1,GREEN,5,5
cycling,cycling,0.832,1,GREEN,5,5
cycling,cycling,0.922,1,GREEN,5,5
cycling,cycling,0.896,1,GREEN,5,5
cycling,cycling,0.854,1,GREEN,5,5
cycling,cycling,0.734,1,YELLOW,5,5
cycling,cycling,0.818,1,GREEN,5,5
cycling,cycling,0.867,1,GREEN,5,5
cycling,cycling,0.831,1,GREEN,5,5
cycling,cycling,0.889,1,GREEN,5,5
cycling,cycling,0.851,1,GREEN,5,5
cycling,cycling,0.891,1,GREEN,5,5
cycling,cycling,0.888,1,GREEN,5,5
cycling,cycling,0.892,1,GREEN,5,5
cycling,cycling,0.911,1,GREEN,5,5
cycling,cycling,0.9,1,GREEN,5,5
cycling,cycling,0.896,1,GREEN,5,5
cycling,cycling,0.911,1,GREEN,5,5
cycling,cycling,0.928,1,GREEN,5,5
cycling,cycling,0.719,1,YELLOW,5,5
cycling,cycling,0.684,1,YELLOW,5,5
cycling,cycling,0.902,1,GREEN,5,5
cycling,cycling,0.957,1,GREEN,5,5
cycling,cycling,0.96,1,GREEN,5,5
cycling,cycling,0.938,1,GREEN,5,5
cycling,cycling,0.931,1,GREEN,5,5
cycling,cycling,0.909,1,GREEN,5,5
cycling,cycling,0.815,1,GREEN,5,5
cycling,cycling,0.827,1,GREEN,5,5
cycling,cycling,0.95,1,GREEN,5,5
cycling,cycling,0.97,1,GREEN,5,5
cycling,cycling,0.972,1,GREEN,5,5
cycling,cycling,0.879,1,GREEN,5,5
cycling,cycling,0.546,1,YELLOW,5,5
cycling,cycling,0.857,1,GREEN,5,5
cycling,cycling,0.689,1,YELLOW,5,5
cycling,cycling,0.385,1,RED,5,5
cycling,cycling,0.25,1,RED,5,5
cycling,cycling,0.149,1,RED,5,5
cycling,cycling,0.52,1,YELLOW,5,5
cycling,cycling,0.888,1,GREEN,5,5
cycling,cycling,0.941,1,GREEN,5,5
cycling,cycling,0.917,1,GREEN,5,5
cycling,cycling,0.868,1,GREEN,5,5
cycling,cycling,0.9,1,GREEN,5,5
cycling,cycling,0.912,1,GREEN,5,5
cycling,cycling,0.922,1,GREEN,5,5
cycling,cycling,0.934,1,GREEN,5,5
cycling,cycling,0.959,1,GREEN,5,5
cycling,cycling,0.962,1,GREEN,5,5
cycling,cycling,0.966,1,GREEN,5,5
cycling,cycling,0.972,1,GREEN,5,5
cycling,cycling,0.965,1,GREEN,5,5
cycling,cycling,0.956,1,GREEN,5,5
cycling,cycling,0.951,1,GREEN,5,5
cycling,cycling,0.945,1,GREEN,5,5
cycling,cycling,0.961,1,GREEN,5,5
cycling,cycling,0.958,1,GREEN,5,5
cycling,cycling,0.932,1,GREEN,5,5
cycling,cycling,0.948,1,GREEN,5,5
cycling,cycling,0.971,1,GREEN,5,5
cycling,cycling,0.907,1,GREEN,5,5
cycling,cycling,0.262,1,RED,5,5
cycling,cycling,0.512,1,YELLOW,5,5
cycling,cycling,0.909,1,GREEN,5,5
cycling,cycling,0.921,1,GREEN,5,5
cycling,cycling,0.807,1,GREEN,5,5
cycling,cycling,0.597,1,YELLOW,5,5
cycling,cycling,0.345,1,RED,5,5
cycling,cycling,0.055,1,RED,5,5
cycling,cycling,0.037,1,RED,5,5
cycling,cycling,0.022,1,RED,5,5
cycling,cycling,0.018,1,RED,5,5
cycling,cycling,0.018,1,RED,5,5
cycling,cycling,0.015,1,RED,5,5
cycling,cycling,0.015,1,RED,5,5
cycling,cycling,0.017,1,RED,5,5
cycling,standing,0.006,0,RED,5,2
cycling,standing,0.004,0,RED,5,2
running,standing,0.043,0,RED,4,2
running,standing,0.042,0,RED,4,2
running,standing,0.043,0,RED,4,2
running,standing,0.045,0,RED,4,2
running,standing,0.038,0,RED,4,2
running,stairs_up,0.035,0,RED,4,7
running,running,0.029,1,RED,4,4
running,running,0.031,1,RED,4,4
running,running,0.037,1,RED,4,4
running,running,0.039,1,RED,4,4
running,running,0.032,1,RED,4,4
running,running,0.027,1,RED,4,4
running,running,0.029,1,RED,4,4
running,running,0.036,1,RED,4,4
running,running,0.077,1,RED,4,4
running,running,0.914,1,GREEN,4,4
running,running,0.984,1,GREEN,4,4
running,running,0.994,1,GREEN,4,4
running,running,0.995,1,GREEN,4,4
running,running,0.995,1,GREEN,4,4
running,running,0.996,1,GREEN,4,4
running,running,0.998,1,GREEN,4,4
running,running,0.995,1,GREEN,4,4
running,running,0.988,1,GREEN,4,4
running,running,0.998,1,GREEN,4,4
running,running,0.995,1,GREEN,4,4
running,running,0.991,1,GREEN,4,4
running,running,0.999,1,GREEN,4,4
running,running,0.994,1,GREEN,4,4
running,running,0.99,1,GREEN,4,4
running,running,0.999,1,GREEN,4,4
running,running,0.997,1,GREEN,4,4
running,running,0.983,1,GREEN,4,4
running,running,0.998,1,GREEN,4,4
running,running,0.997,1,GREEN,4,4
running,running,0.99,1,GREEN,4,4
running,running,0.998,1,GREEN,4,4
running,running,0.996,1,GREEN,4,4
running,running,0.995,1,GREEN,4,4
running,running,0.995,1,GREEN,4,4
running,running,0.994,1,GREEN,4,4
running,running,0.997,1,GREEN,4,4
running,running,0.989,1,GREEN,4,4
running,running,0.998,1,GREEN,4,4
running,running,0.999,1,GREEN,4,4
running,running,0.994,1,GREEN,4,4
running,running,0.998,1,GREEN,4,4
running,running,0.998,1,GREEN,4,4
running,running,0.998,1,GREEN,4,4
running,running,0.993,1,GREEN,4,4
running,running,0.998,1,GREEN,4,4
running,running,0.997,1,GREEN,4,4
running,running,0.997,1,GREEN,4,4
running,running,0.983,1,GREEN,4,4
running,running,0.998,1,GREEN,4,4
running,running,0.998,1,GREEN,4,4
running,running,0.996,1,GREEN,4,4
running,running,0.981,1,GREEN,4,4
running,running,0.997,1,GREEN,4,4
running,running,0.997,1,GREEN,4,4
running,running,0.966,1,GREEN,4,4
running,running,0.994,1,GREEN,4,4
running,running,0.997,1,GREEN,4,4
running,running,0.995,1,GREEN,4,4
running,running,0.972,1,GREEN,4,4
running,running,0.997,1,GREEN,4,4
running,running,0.997,1,GREEN,4,4
running,running,0.973,1,GREEN,4,4
running,running,0.996,1,GREEN,4,4
running,running,0.998,1,GREEN,4,4
running,running,0.982,1,GREEN,4,4
running,running,0.996,1,GREEN,4,4
running,running,0.997,1,GREEN,4,4
running,running,0.989,1,GREEN,4,4
running,running,0.998,1,GREEN,4,4
running,running,0.992,1,GREEN,4,4
running,running,0.984,1,GREEN,4,4
running,running,0.994,1,GREEN,4,4
running,running,0.996,1,GREEN,4,4
running,running,0.995,1,GREEN,4,4
running,running,0.994,1,GREEN,4,4
running,running,0.998,1,GREEN,4,4
running,running,0.997,1,GREEN,4,4
running,running,0.957,1,GREEN,4,4
running,running,0.99,1,GREEN,4,4
running,running,0.995,1,GREEN,4,4
running,running,0.981,1,GREEN,4,4
running,running,0.996,1,GREEN,4,4
running,running,0.996,1,GREEN,4,4
running,running,0.973,1,GREEN,4,4
running,running,0.99,1,GREEN,4,4
running,running,0.99,1,GREEN,4,4
running,running,0.965,1,GREEN,4,4
running,running,0.995,1,GREEN,4,4
running,running,0.996,1,GREEN,4,4
running,running,0.947,1,GREEN,4,4
running,running,0.993,1,GREEN,4,4
running,running,0.997,1,GREEN,4,4
running,running,0.982,1,GREEN,4,4
running,running,0.979,1,GREEN,4,4
running,running,0.997,1,GREEN,4,4
running,running,0.998,1,GREEN,4,4
running,running,0.996,1,GREEN,4,4
running,running,0.974,1,GREEN,4,4
running,running,0.995,1,GREEN,4,4
running,running,0.992,1,GREEN,4,4
running,running,0.989,1,GREEN,4,4
running,running,0.994,1,GREEN,4,4
running,running,0.996,1,GREEN,4,4
running,running,0.997,1,GREEN,4,4
running,running,0.962,1,GREEN,4,4
running,running,0.989,1,GREEN,4,4
running,running,0.991,1,GREEN,4,4
running,running,0.972,1,GREEN,4,4
running,running,0.994,1,GREEN,4,4
running,running,0.992,1,GREEN,4,4
running,running,0.981,1,GREEN,4,4
running,running,0.993,1,GREEN,4,4
running,running,0.988,1,GREEN,4,4
running,running,0.989,1,GREEN,4,4
running,running,0.994,1,GREEN,4,4
running,running,0.994,1,GREEN,4,4
running,running,0.99,1,GREEN,4,4
running,running,0.984,1,GREEN,4,4
running,running,0.994,1,GREEN,4,4
running,running,0.996,1,GREEN,4,4
running,running,0.986,1,GREEN,4,4
running,running,0.996,1,GREEN,4,4
running,running,0.998,1,GREEN,4,4
running,running,0.971,1,GREEN,4,4
running,running,0.995,1,GREEN,4,4
running,running,0.996,1,GREEN,4,4
running,running,0.965,1,GREEN,4,4
running,running,0.997,1,GREEN,4,4
running,running,0.996,1,GREEN,4,4
running,running,0.981,1,GREEN,4,4
running,running,0.997,1,GREEN,4,4
running,running,0.997,1,GREEN,4,4
running,running,0.983,1,GREEN,4,4
running,running,0.997,1,GREEN,4,4
running,running,0.995,1,GREEN,4,4
running,running,0.976,1,GREEN,4,4
running,running,0.997,1,GREEN,4,4
running,running,0.997,1,GREEN,4,4
running,running,0.993,1,GREEN,4,4
running,running,0.998,1,GREEN,4,4
running,running,0.996,1,GREEN,4,4
running,running,0.979,1,GREEN,4,4
running,running,0.995,1,GREEN,4,4
running,running,0.993,1,GREEN,4,4
running,running,0.975,1,GREEN,4,4
running,running,0.996,1,GREEN,4,4
running,running,0.993,1,GREEN,4,4
running,running,0.98,1,GREEN,4,4
running,running,0.993,1,GREEN,4,4
running,running,0.988,1,GREEN,4,4
running,running,0.981,1,GREEN,4,4
running,running,0.995,1,GREEN,4,4
running,running,0.996,1,GREEN,4,4
running,running,0.994,1,GREEN,4,4
running,running,0.997,1,GREEN,4,4
running,running,0.993,1,GREEN,4,4
running,running,0.989,1,GREEN,4,4
running,running,0.995,1,GREEN,4,4
running,running,0.993,1,GREEN,4,4
running,running,0.991,1,GREEN,4,4
running,running,0.996,1,GREEN,4,4
running,running,0.997,1,GREEN,4,4
running,running,0.997,1,GREEN,4,4
running,running,0.996,1,GREEN,4,4
running,running,0.996,1,GREEN,4,4
running,running,0.994,1,GREEN,4,4
running,running,0.971,1,GREEN,4,4
running,running,0.997,1,GREEN,4,4
running,running,0.998,1,GREEN,4,4
running,running,0.98,1,GREEN,4,4
running,running,0.997,1,GREEN,4,4
running,running,0.997,1,GREEN,4,4
running,running,0.988,1,GREEN,4,4
running,running,0.997,1,GREEN,4,4
running,running,0.997,1,GREEN,4,4
running,running,0.994,1,GREEN,4,4
running,running,0.986,1,GREEN,4,4
running,running,0.998,1,GREEN,4,4
running,running,0.999,1,GREEN,4,4
running,running,0.991,1,GREEN,4,4
running,running,0.989,1,GREEN,4,4
running,running,0.997,1,GREEN,4,4
running,running,0.998,1,GREEN,4,4
running,running,0.991,1,GREEN,4,4
running,running,0.995,1,GREEN,4,4
running,running,0.998,1,GREEN,4,4
running,running,0.999,1,GREEN,4,4
running,running,0.958,1,GREEN,4,4
running,running,0.995,1,GREEN,4,4
running,running,0.997,1,GREEN,4,4
running,running,0.997,1,GREEN,4,4
running,running,0.996,1,GREEN,4,4
running,running,0.998,1,GREEN,4,4
running,running,0.998,1,GREEN,4,4
running,running,0.995,1,GREEN,4,4
running,running,0.995,1,GREEN,4,4
running,running,0.999,1,GREEN,4,4
running,running,0.999,1,GREEN,4,4
running,running,0.987,1,GREEN,4,4
running,running,0.998,1,GREEN,4,4
running,running,0.996,1,GREEN,4,4
running,running,0.993,1,GREEN,4,4
running,running,0.998,1,GREEN,4,4
running,running,0.997,1,GREEN,4,4
running,running,0.996,1,GREEN,4,4
running,running,0.996,1,GREEN,4,4
running,running,0.996,1,GREEN,4,4
running,running,0.996,1,GREEN,4,4
running,running,0.986,1,GREEN,4,4
running,running,0.997,1,GREEN,4,4
running,running,0.998,1,GREEN,4,4
running,running,0.978,1,GREEN,4,4
running,running,0.996,1,GREEN,4,4
running,running,0.997,1,GREEN,4,4
running,running,0.975,1,GREEN,4,4
running,running,0.994,1,GREEN,4,4
running,running,0.994,1,GREEN,4,4
running,running,0.99,1,GREEN,4,4
running,running,0.996,1,GREEN,4,4
running,running,0.993,1,GREEN,4,4
running,running,0.993,1,GREEN,4,4
running,running,0.997,1,GREEN,4,4
running,running,0.994,1,GREEN,4,4
running,running,0.992,1,GREEN,4,4
running,running,0.992,1,GREEN,4,4
running,running,0.993,1,GREEN,4,4
running,running,0.991,1,GREEN,4,4
running,running,0.984,1,GREEN,4,4
running,running,0.998,1,GREEN,4,4
running,running,0.997,1,GREEN,4,4
running,running,0.962,1,GREEN,4,4
running,running,0.995,1,GREEN,4,4
running,running,0.998,1,GREEN,4,4
running,running,0.996,1,GREEN,4,4
running,running,0.994,1,GREEN,4,4
running,running,0.995,1,GREEN,4,4
running,running,0.998,1,GREEN,4,4
running,running,0.998,1,GREEN,4,4
running,running,0.989,1,GREEN,4,4
running,running,0.995,1,GREEN,4,4
running,running,0.995,1,GREEN,4,4
running,running,0.997,1,GREEN,4,4
running,running,0.978,1,GREEN,4,4
running,running,0.995,1,GREEN,4,4
running,running,0.994,1,GREEN,4,4
running,running,0.994,1,GREEN,4,4
running,running,0.995,1,GREEN,4,4
running,running,0.997,1,GREEN,4,4
running,running,0.998,1,GREEN,4,4
running,running,0.977,1,GREEN,4,4
running,running,0.996,1,GREEN,4,4
running,running,0.998,1,GREEN,4,4
running,running,0.989,1,GREEN,4,4
running,running,0.998,1,GREEN,4,4
running,running,0.995,1,GREEN,4,4
running,running,0.99,1,GREEN,4,4
running,running,0.997,1,GREEN,4,4
running,running,0.997,1,GREEN,4,4
running,running,0.998,1,GREEN,4,4
running,running,0.991,1,GREEN,4,4
running,running,0.998,1,GREEN,4,4
running,running,0.999,1,GREEN,4,4
running,running,0.983,1,GREEN,4,4
running,running,0.997,1,GREEN,4,4
running,running,0.997,1,GREEN,4,4
running,running,0.991,1,GREEN,4,4
running,running,0.998,1,GREEN,4,4
running,running,0.997,1,GREEN,4,4
running,running,0.992,1,GREEN,4,4
running,running,0.995,1,GREEN,4,4
running,running,0.993,1,GREEN,4,4
running,running,0.99,1,GREEN,4,4
running,running,0.988,1,GREEN,4,4
running,running,0.997,1,GREEN,4,4
running,running,0.997,1,GREEN,4,4
running,running,0.971,1,GREEN,4,4
running,running,0.995,1,GREEN,4,4
running,running,0.998,1,GREEN,4,4
running,running,0.98,1,GREEN,4,4
running,running,0.996,1,GREEN,4,4
running,running,0.997,1,GREEN,4,4
running,running,0.989,1,GREEN,4,4
running,running,0.998,1,GREEN,4,4
running,running,0.997,1,GREEN,4,4
running,running,0.996,1,GREEN,4,4
running,running,0.998,1,GREEN,4,4
running,running,0.996,1,GREEN,4,4
running,running,0.996,1,GREEN,4,4
running,running,0.991,1,GREEN,4,4
running,running,0.997,1,GREEN,4,4
running,running,0.998,1,GREEN,4,4
running,running,0.983,1,GREEN,4,4
running,running,0.996,1,GREEN,4,4
running,running,0.995,1,GREEN,4,4
running,running,0.985,1,GREEN,4,4
running,running,0.998,1,GREEN,4,4
running,running,0.996,1,GREEN,4,4
running,running,0.995,1,GREEN,4,4
running,running,0.999,1,GREEN,4,4
running,running,0.997,1,GREEN,4,4
running,running,0.996,1,GREEN,4,4
running,running,0.998,1,GREEN,4,4
running,running,0.998,1,GREEN,4,4
running,running,0.997,1,GREEN,4,4
running,running,0.983,1,GREEN,4,4
running,running,0.998,1,GREEN,4,4
running,running,0.998,1,GREEN,4,4
running,running,0.983,1,GREEN,4,4
running,running,0.997,1,GREEN,4,4
running,running,0.998,1,GREEN,4,4
running,running,0.996,1,GREEN,4,4
running,running,0.98,1,GREEN,4,4
running,running,0.997,1,GREEN,4,4
running,running,0.997,1,GREEN,4,4
running,running,0.994,1,GREEN,4,4
running,running,0.996,1,GREEN,4,4
running,running,0.998,1,GREEN,4,4
running,running,0.999,1,GREEN,4,4
running,running,0.995,1,GREEN,4,4
running,running,0.997,1,GREEN,4,4
running,running,0.998,1,GREEN,4,4
running,running,0.998,1,GREEN,4,4
running,running,0.983,1,GREEN,4,4
running,running,0.998,1,GREEN,4,4
running,running,0.998,1,GREEN,4,4
running,running,0.992,1,GREEN,4,4
running,running,0.998,1,GREEN,4,4
running,running,0.999,1,GREEN,4,4
running,running,0.999,1,GREEN,4,4
running,running,0.981,1,GREEN,4,4
running,running,0.997,1,GREEN,4,4
running,running,0.997,1,GREEN,4,4
running,running,0.995,1,GREEN,4,4
running,running,0.997,1,GREEN,4,4
running,running,0.999,1,GREEN,4,4
running,running,0.999,1,GREEN,4,4
running,running,0.998,1,GREEN,4,4
running,running,0.989,1,GREEN,4,4
running,running,0.998,1,GREEN,4,4
running,running,0.996,1,GREEN,4,4
running,running,0.995,1,GREEN,4,4
running,running,0.998,1,GREEN,4,4
running,running,0.998,1,GREEN,4,4
running,running,0.998,1,GREEN,4,4
running,running,0.983,1,GREEN,4,4
running,running,0.998,1,GREEN,4,4
running,running,0.999,1,GREEN,4,4
running,running,0.99,1,GREEN,4,4
running,running,0.998,1,GREEN,4,4
running,running,0.996,1,GREEN,4,4
running,running,0.992,1,GREEN,4,4
running,running,0.997,1,GREEN,4,4
running,running,0.996,1,GREEN,4,4
running,running,0.997,1,GREEN,4,4
running,running,0.998,1,GREEN,4,4
running,running,0.998,1,GREEN,4,4
running,running,0.998,1,GREEN,4,4
running,running,0.99,1,GREEN,4,4
running,running,0.998,1,GREEN,4,4
running,running,0.997,1,GREEN,4,4
running,running,0.973,1,GREEN,4,4
running,running,0.997,1,GREEN,4,4
running,running,0.999,1,GREEN,4,4
running,running,0.986,1,GREEN,4,4
running,running,0.996,1,GREEN,4,4
running,running,0.997,1,GREEN,4,4
running,running,0.993,1,GREEN,4,4
running,running,0.993,1,GREEN,4,4
running,running,0.996,1,GREEN,4,4
running,running,0.997,1,GREEN,4,4
running,running,0.996,1,GREEN,4,4
running,running,0.995,1,GREEN,4,4
running,running,0.991,1,GREEN,4,4
running,running,0.998,1,GREEN,4,4
running,running,0.996,1,GREEN,4,4
running,running,0.995,1,GREEN,4,4
running,running,0.996,1,GREEN,4,4
running,running,0.998,1,GREEN,4,4
running,running,0.997,1,GREEN,4,4
running,running,0.977,1,GREEN,4,4
running,running,0.996,1,GREEN,4,4
running,running,0.995,1,GREEN,4,4
running,running,0.989,1,GREEN,4,4
running,running,0.997,1,GREEN,4,4
running,running,0.995,1,GREEN,4,4
running,running,0.996,1,GREEN,4,4
running,running,0.998,1,GREEN,4,4
running,running,0.997,1,GREEN,4,4
running,running,0.996,1,GREEN,4,4
running,running,0.983,1,GREEN,4,4
running,running,0.998,1,GREEN,4,4
running,running,0.998,1,GREEN,4,4
running,running,0.991,1,GREEN,4,4
running,running,0.998,1,GREEN,4,4
running,running,0.999,1,GREEN,4,4
running,running,0.987,1,GREEN,4,4
running,running,0.997,1,GREEN,4,4
running,running,0.997,1,GREEN,4,4
running,running,0.988,1,GREEN,4,4
running,running,0.996,1,GREEN,4,4
running,running,0.992,1,GREEN,4,4
running,running,0.991,1,GREEN,4,4
running,running,0.998,1,GREEN,4,4
running,running,0.996,1,GREEN,4,4
running,running,0.992,1,GREEN,4,4
running,running,0.997,1,GREEN,4,4
running,running,0.993,1,GREEN,4,4
running,running,0.991,1,GREEN,4,4
running,running,0.997,1,GREEN,4,4
running,running,0.993,1,GREEN,4,4
running,running,0.989,1,GREEN,4,4
running,running,0.996,1,GREEN,4,4
running,running,0.987,1,GREEN,4,4
running,running,0.973,1,GREEN,4,4
running,running,0.988,1,GREEN,4,4
running,running,0.972,1,GREEN,4,4
running,running,0.899,1,GREEN,4,4
running,running,0.647,1,YELLOW,4,4
running,running,0.006,1,RED,4,4
running,running,0.024,1,RED,4,4
running,running,0.128,1,RED,4,4
running,running,0.057,1,RED,4,4
running,running,0.056,1,RED,4,4
running,running,0.054,1,RED,4,4
running,running,0.057,1,RED,4,4
running,standing,0.059,0,RED,4,2
running,standing,0.05,0,RED,4,2
running,standing,0.044,0,RED,4,2
running,standing,0.045,0,RED,4,2
running,standing,0.044,0,RED,4,2
running,standing,0.043,0,RED,4,2
running,standing,0.039,0,RED,4,2
running,standing,0.039,0,RED,4,2
running,standing,0.035,0,RED,4,2
running,standing,0.027,0,RED,4,2
running,standing,0.025,0,RED,4,2
