true_activity,pred_activity,confidence,is_correct,traffic_light,routed
lying,lying,0.655,1,YELLOW,1
lying,lying,0.591,1,YELLOW,1
lying,lying,0.631,1,YELLOW,1
lying,lying,0.92,1,GREEN,1
lying,lying,0.919,1,GREEN,1
lying,lying,0.924,1,GREEN,1
lying,lying,0.932,1,GREEN,1
lying,lying,0.943,1,GREEN,1
lying,lying,0.965,1,GREEN,1
lying,lying,0.981,1,GREEN,1
lying,lying,0.994,1,GREEN,1
lying,lying,1.0,1,GREEN,1
lying,lying,1.0,1,GREEN,1
lying,lying,1.0,1,GREEN,1
lying,lying,1.0,1,GREEN,1
lying,lying,1.0,1,GREEN,1
lying,lying,1.0,1,GREEN,1
lying,lying,1.0,1,GREEN,1
lying,lying,1.0,1,GREEN,1
lying,lying,1.0,1,GREEN,1
lying,lying,1.0,1,GREEN,1
lying,lying,1.0,1,GREEN,1
lying,lying,1.0,1,GREEN,1
lying,lying,1.0,1,GREEN,1
lying,lying,1.0,1,GREEN,1
lying,lying,1.0,1,GREEN,1
lying,lying,1.0,1,GREEN,1
lying,lying,1.0,1,GREEN,1
lying,lying,1.0,1,GREEN,1
lying,lying,1.0,1,GREEN,1
lying,lying,1.0,1,GREEN,1
lying,lying,1.0,1,GREEN,1
lying,lying,1.0,1,GREEN,1
lying,lying,1.0,1,GREEN,1
lying,lying,1.0,1,GREEN,1
lying,lying,1.0,1,GREEN,1
lying,lying,1.0,1,GREEN,1
lying,lying,1.0,1,GREEN,0
lying,lying,1.0,1,GREEN,0
lying,lying,1.0,1,GREEN,0
lying,lying,1.0,1,GREEN,0
lying,lying,1.0,1,GREEN,0
lying,lying,1.0,1,GREEN,0
lying,lying,1.0,1,GREEN,0
lying,lying,1.0,1,GREEN,0
lying,lying,1.0,1,GREEN,0
lying,lying,1.0,1,GREEN,0
lying,lying,1.0,1,GREEN,0
lying,lying,1.0,1,GREEN,0
lying,lying,1.0,1,GREEN,0
lying,lying,1.0,1,GREEN,0
lying,lying,1.0,1,GREEN,0
lying,lying,1.0,1,GREEN,0
lying,lying,1.0,1,GREEN,0
lying,lying,1.0,1,GREEN,0
lying,lying,1.0,1,GREEN,0
lying,lying,1.0,1,GREEN,0
lying,lying,1.0,1,GREEN,0
lying,lying,1.0,1,GREEN,0
lying,lying,1.0,1,GREEN,0
lying,lying,1.0,1,GREEN,0
lying,lying,1.0,1,GREEN,0
lying,lying,1.0,1,GREEN,0
lying,lying,1.0,1,GREEN,0
lying,lying,1.0,1,GREEN,0
lying,lying,1.0,1,GREEN,0
lying,lying,1.0,1,GREEN,0
lying,lying,1.0,1,GREEN,0
lying,lying,1.0,1,GREEN,0
lying,lying,1.0,1,GREEN,0
lying,lying,1.0,1,GREEN,0
lying,lying,1.0,1,GREEN,0
lying,lying,1.0,1,GREEN,0
lying,lying,1.0,1,GREEN,0
lying,lying,1.0,1,GREEN,0
lying,lying,1.0,1,GREEN,0
lying,lying,1.0,1,GREEN,0
lying,lying,1.0,1,GREEN,0
lying,lying,1.0,1,GREEN,0
lying,lying,1.0,1,GREEN,0
lying,lying,1.0,1,GREEN,0
lying,lying,1.0,1,GREEN,0
lying,lying,1.0,1,GREEN,0
lying,lying,1.0,1,GREEN,0
lying,lying,1.0,1,GREEN,0
lying,lying,1.0,1,GREEN,0
lying,lying,1.0,1,GREEN,0
lying,lying,1.0,1,GREEN,0
lying,lying,1.0,1,GREEN,0
lying,lying,1.0,1,GREEN,0
lying,lying,1.0,1,GREEN,0
lying,lying,1.0,1,GREEN,0
lying,lying,1.0,1,GREEN,0
lying,lying,1.0,1,GREEN,0
lying,lying,1.0,1,GREEN,0
lying,lying,1.0,1,GREEN,0
lying,lying,1.0,1,GREEN,0
lying,lying,1.0,1,GREEN,0
lying,lying,1.0,1,GREEN,0
lying,lying,1.0,1,GREEN,0
lying,lying,1.0,1,GREEN,0
lying,lying,1.0,1,GREEN,0
lying,lying,1.0,1,GREEN,0
lying,lying,1.0,1,GREEN,0
lying,lying,1.0,1,GREEN,0
lying,lying,1.0,1,GREEN,0
lying,lying,1.0,1,GREEN,0
lying,lying,1.0,1,GREEN,0
lying,lying,1.0,1,GREEN,0
lying,lying,1.0,1,GREEN,0
lying,lying,1.0,1,GREEN,0
lying,lying,1.0,1,GREEN,0
lying,lying,1.0,1,GREEN,0
lying,lying,1.0,1,GREEN,0
lying,lying,1.0,1,GREEN,0
lying,lying,1.0,1,GREEN,0
lying,lying,1.0,1,GREEN,0
lying,lying,1.0,1,GREEN,0
lying,lying,1.0,1,GREEN,0
lying,lying,1.0,1,GREEN,0
lying,lying,1.0,1,GREEN,0
lying,lying,1.0,1,GREEN,0
lying,lying,1.0,1,GREEN,0
lying,lying,1.0,1,GREEN,0
lying,lying,1.0,1,GREEN,0
lying,lying,1.0,1,GREEN,0
lying,lying,1.0,1,GREEN,0
lying,lying,1.0,1,GREEN,0
lying,lying,1.0,1,GREEN,0
lying,lying,1.0,1,GREEN,0
lying,lying,1.0,1,GREEN,0
lying,lying,1.0,1,GREEN,0
lying,lying,1.0,1,GREEN,0
lying,lying,1.0,1,GREEN,0
lying,lying,1.0,1,GREEN,0
lying,lying,1.0,1,GREEN,0
lying,lying,1.0,1,GREEN,0
lying,lying,1.0,1,GREEN,0
lying,lying,1.0,1,GREEN,0
lying,lying,1.0,1,GREEN,0
lying,lying,1.0,1,GREEN,0
lying,lying,1.0,1,GREEN,0
lying,lying,1.0,1,GREEN,0
lying,lying,1.0,1,GREEN,0
lying,lying,1.0,1,GREEN,0
lying,lying,1.0,1,GREEN,0
lying,lying,1.0,1,GREEN,0
lying,lying,1.0,1,GREEN,0
lying,lying,1.0,1,GREEN,0
lying,lying,1.0,1,GREEN,0
lying,lying,1.0,1,GREEN,0
lying,lying,1.0,1,GREEN,0
lying,lying,1.0,1,GREEN,0
lying,lying,1.0,1,GREEN,0
lying,lying,1.0,1,GREEN,0
lying,lying,1.0,1,GREEN,0
lying,lying,1.0,1,GREEN,0
lying,lying,1.0,1,GREEN,0
lying,lying,1.0,1,GREEN,0
lying,lying,1.0,1,GREEN,0
lying,lying,1.0,1,GREEN,0
lying,lying,1.0,1,GREEN,0
lying,lying,1.0,1,GREEN,0
lying,lying,1.0,1,GREEN,0
lying,lying,1.0,1,GREEN,0
lying,lying,1.0,1,GREEN,0
lying,lying,1.0,1,GREEN,0
lying,lying,1.0,1,GREEN,0
lying,lying,1.0,1,GREEN,0
lying,lying,1.0,1,GREEN,0
lying,lying,1.0,1,GREEN,0
lying,lying,1.0,1,GREEN,0
lying,lying,1.0,1,GREEN,0
lying,lying,1.0,1,GREEN,0
lying,lying,1.0,1,GREEN,0
lying,lying,1.0,1,GREEN,0
lying,lying,1.0,1,GREEN,0
lying,lying,1.0,1,GREEN,0
lying,lying,1.0,1,GREEN,0
lying,lying,1.0,1,GREEN,0
lying,lying,1.0,1,GREEN,0
lying,lying,1.0,1,GREEN,0
lying,lying,1.0,1,GREEN,0
lying,lying,1.0,1,GREEN,0
lying,lying,1.0,1,GREEN,0
lying,lying,1.0,1,GREEN,0
lying,lying,1.0,1,GREEN,0
lying,lying,1.0,1,GREEN,0
lying,lying,1.0,1,GREEN,0
lying,lying,1.0,1,GREEN,0
lying,lying,1.0,1,GREEN,0
lying,lying,1.0,1,GREEN,0
lying,lying,1.0,1,GREEN,0
lying,lying,1.0,1,GREEN,0
lying,lying,1.0,1,GREEN,0
lying,lying,1.0,1,GREEN,0
lying,lying,1.0,1,GREEN,0
lying,lying,1.0,1,GREEN,0
lying,lying,1.0,1,GREEN,0
lying,lying,1.0,1,GREEN,0
lying,lying,1.0,1,GREEN,0
lying,lying,1.0,1,GREEN,0
lying,lying,1.0,1,GREEN,0
lying,lying,1.0,1,GREEN,0
lying,lying,1.0,1,GREEN,0
lying,lying,1.0,1,GREEN,0
lying,lying,1.0,1,GREEN,0
lying,lying,1.0,1,GREEN,0
lying,lying,1.0,1,GREEN,0
lying,lying,1.0,1,GREEN,0
lying,lying,1.0,1,GREEN,0
lying,lying,1.0,1,GREEN,0
lying,lying,1.0,1,GREEN,0
lying,lying,1.0,1,GREEN,0
lying,lying,1.0,1,GREEN,0
lying,lying,1.0,1,GREEN,0
lying,lying,1.0,1,GREEN,0
lying,lying,1.0,1,GREEN,0
lying,lying,1.0,1,GREEN,0
lying,lying,1.0,1,GREEN,0
lying,lying,1.0,1,GREEN,0
lying,lying,1.0,1,GREEN,0
lying,lying,1.0,1,GREEN,0
lying,lying,1.0,1,GREEN,0
lying,lying,1.0,1,GREEN,0
lying,lying,1.0,1,GREEN,0
lying,lying,1.0,1,GREEN,0
lying,lying,1.0,1,GREEN,0
lying,lying,1.0,1,GREEN,0
lying,lying,1.0,1,GREEN,0
lying,lying,1.0,1,GREEN,0
lying,lying,1.0,1,GREEN,0
lying,lying,1.0,1,GREEN,0
lying,lying,1.0,1,GREEN,0
lying,lying,1.0,1,GREEN,0
lying,lying,1.0,1,GREEN,0
lying,lying,1.0,1,GREEN,0
lying,lying,1.0,1,GREEN,0
lying,lying,1.0,1,GREEN,0
lying,lying,1.0,1,GREEN,0
lying,lying,1.0,1,GREEN,0
lying,lying,1.0,1,GREEN,0
lying,lying,1.0,1,GREEN,0
lying,lying,1.0,1,GREEN,0
lying,lying,1.0,1,GREEN,0
lying,lying,1.0,1,GREEN,0
lying,lying,1.0,1,GREEN,0
lying,lying,1.0,1,GREEN,0
lying,lying,1.0,1,GREEN,0
lying,lying,1.0,1,GREEN,0
lying,lying,1.0,1,GREEN,0
lying,lying,1.0,1,GREEN,0
lying,lying,1.0,1,GREEN,0
lying,lying,1.0,1,GREEN,0
lying,lying,1.0,1,GREEN,0
lying,lying,1.0,1,GREEN,0
lying,lying,1.0,1,GREEN,0
lying,lying,1.0,1,GREEN,0
lying,lying,1.0,1,GREEN,0
lying,lying,1.0,1,GREEN,0
lying,lying,1.0,1,GREEN,0
lying,lying,1.0,1,GREEN,0
lying,lying,1.0,1,GREEN,0
lying,lying,1.0,1,GREEN,0
lying,lying,1.0,1,GREEN,0
lying,lying,1.0,1,GREEN,0
lying,lying,1.0,1,GREEN,0
lying,lying,1.0,1,GREEN,0
lying,lying,1.0,1,GREEN,0
lying,lying,1.0,1,GREEN,0
lying,lying,1.0,1,GREEN,0
lying,lying,1.0,1,GREEN,0
lying,lying,1.0,1,GREEN,0
lying,lying,1.0,1,GREEN,0
lying,lying,1.0,1,GREEN,0
lying,lying,1.0,1,GREEN,0
lying,lying,1.0,1,GREEN,0
lying,lying,1.0,1,GREEN,0
lying,lying,1.0,1,GREEN,0
lying,lying,1.0,1,GREEN,0
lying,lying,1.0,1,GREEN,0
lying,lying,1.0,1,GREEN,0
lying,lying,1.0,1,GREEN,0
lying,lying,1.0,1,GREEN,0
lying,lying,1.0,1,GREEN,0
lying,lying,1.0,1,GREEN,0
lying,lying,1.0,1,GREEN,0
lying,lying,1.0,1,GREEN,0
lying,lying,1.0,1,GREEN,0
lying,lying,1.0,1,GREEN,0
lying,lying,1.0,1,GREEN,0
lying,lying,1.0,1,GREEN,0
lying,lying,1.0,1,GREEN,0
lying,lying,1.0,1,GREEN,0
lying,lying,1.0,1,GREEN,0
lying,lying,1.0,1,GREEN,0
lying,lying,1.0,1,GREEN,0
lying,lying,1.0,1,GREEN,0
lying,lying,1.0,1,GREEN,0
lying,lying,1.0,1,GREEN,0
lying,lying,1.0,1,GREEN,0
lying,lying,1.0,1,GREEN,0
lying,lying,1.0,1,GREEN,0
lying,lying,1.0,1,GREEN,0
lying,lying,1.0,1,GREEN,0
lying,lying,1.0,1,GREEN,0
lying,lying,1.0,1,GREEN,0
lying,lying,1.0,1,GREEN,0
lying,lying,1.0,1,GREEN,0
lying,lying,1.0,1,GREEN,0
lying,lying,1.0,1,GREEN,0
lying,lying,1.0,1,GREEN,0
lying,lying,1.0,1,GREEN,0
lying,lying,1.0,1,GREEN,0
lying,lying,1.0,1,GREEN,0
lying,lying,1.0,1,GREEN,0
lying,lying,1.0,1,GREEN,0
lying,lying,1.0,1,GREEN,0
lying,lying,1.0,1,GREEN,0
lying,lying,1.0,1,GREEN,0
lying,lying,1.0,1,GREEN,0
lying,lying,1.0,1,GREEN,0
lying,lying,1.0,1,GREEN,0
lying,lying,1.0,1,GREEN,0
lying,lying,1.0,1,GREEN,0
lying,lying,1.0,1,GREEN,0
lying,lying,1.0,1,GREEN,0
lying,lying,1.0,1,GREEN,0
lying,lying,1.0,1,GREEN,0
lying,lying,1.0,1,GREEN,0
lying,lying,1.0,1,GREEN,0
lying,lying,1.0,1,GREEN,0
lying,lying,1.0,1,GREEN,0
lying,lying,1.0,1,GREEN,0
lying,lying,1.0,1,GREEN,0
lying,lying,1.0,1,GREEN,0
lying,lying,1.0,1,GREEN,0
lying,lying,1.0,1,GREEN,0
lying,lying,1.0,1,GREEN,0
lying,lying,1.0,1,GREEN,0
lying,lying,1.0,1,GREEN,0
lying,lying,1.0,1,GREEN,0
lying,lying,1.0,1,GREEN,0
lying,lying,1.0,1,GREEN,0
lying,lying,1.0,1,GREEN,0
lying,lying,1.0,1,GREEN,0
lying,lying,1.0,1,GREEN,0
lying,lying,1.0,1,GREEN,0
lying,lying,1.0,1,GREEN,0
lying,lying,1.0,1,GREEN,0
lying,lying,1.0,1,GREEN,0
lying,lying,1.0,1,GREEN,0
lying,lying,1.0,1,GREEN,0
lying,lying,1.0,1,GREEN,0
lying,lying,1.0,1,GREEN,0
lying,lying,1.0,1,GREEN,0
lying,lying,1.0,1,GREEN,0
lying,lying,1.0,1,GREEN,0
lying,lying,1.0,1,GREEN,0
lying,lying,1.0,1,GREEN,0
lying,lying,1.0,1,GREEN,0
lying,lying,1.0,1,GREEN,0
lying,lying,1.0,1,GREEN,0
lying,lying,1.0,1,GREEN,0
lying,lying,1.0,1,GREEN,0
lying,lying,1.0,1,GREEN,0
lying,lying,1.0,1,GREEN,0
lying,lying,1.0,1,GREEN,0
lying,lying,1.0,1,GREEN,0
lying,lying,1.0,1,GREEN,0
lying,lying,1.0,1,GREEN,0
lying,lying,1.0,1,GREEN,0
lying,lying,1.0,1,GREEN,0
lying,lying,1.0,1,GREEN,0
lying,lying,1.0,1,GREEN,0
lying,lying,1.0,1,GREEN,0
lying,lying,1.0,1,GREEN,0
lying,lying,1.0,1,GREEN,0
lying,lying,1.0,1,GREEN,0
lying,lying,1.0,1,GREEN,0
lying,lying,1.0,1,GREEN,0
lying,lying,1.0,1,GREEN,0
lying,lying,1.0,1,GREEN,0
lying,lying,1.0,1,GREEN,0
lying,lying,1.0,1,GREEN,0
lying,lying,1.0,1,GREEN,0
lying,lying,1.0,1,GREEN,0
lying,lying,1.0,1,GREEN,0
lying,lying,1.0,1,GREEN,0
lying,lying,1.0,1,GREEN,0
lying,lying,1.0,1,GREEN,0
lying,lying,1.0,1,GREEN,0
lying,lying,1.0,1,GREEN,0
lying,lying,1.0,1,GREEN,0
lying,lying,1.0,1,GREEN,0
lying,lying,1.0,1,GREEN,0
lying,lying,1.0,1,GREEN,0
lying,lying,1.0,1,GREEN,0
lying,lying,1.0,1,GREEN,0
lying,lying,1.0,1,GREEN,0
lying,lying,1.0,1,GREEN,0
lying,lying,1.0,1,GREEN,0
lying,lying,1.0,1,GREEN,0
lying,lying,1.0,1,GREEN,0
lying,lying,1.0,1,GREEN,0
lying,lying,1.0,1,GREEN,0
lying,lying,1.0,1,GREEN,0
lying,lying,1.0,1,GREEN,0
lying,lying,1.0,1,GREEN,0
lying,lying,1.0,1,GREEN,0
lying,lying,1.0,1,GREEN,0
lying,lying,1.0,1,GREEN,0
lying,lying,1.0,1,GREEN,0
lying,lying,1.0,1,GREEN,0
lying,lying,1.0,1,GREEN,0
lying,lying,1.0,1,GREEN,0
lying,lying,1.0,1,GREEN,0
lying,lying,1.0,1,GREEN,0
lying,lying,1.0,1,GREEN,0
lying,lying,1.0,1,GREEN,0
lying,lying,1.0,1,GREEN,0
lying,lying,1.0,1,GREEN,0
lying,lying,1.0,1,GREEN,0
lying,lying,1.0,1,GREEN,0
lying,lying,1.0,1,GREEN,0
lying,lying,1.0,1,GREEN,0
lying,lying,1.0,1,GREEN,0
lying,lying,1.0,1,GREEN,0
lying,lying,1.0,1,GREEN,0
lying,lying,1.0,1,GREEN,0
lying,lying,1.0,1,GREEN,0
lying,lying,1.0,1,GREEN,0
lying,lying,1.0,1,GREEN,0
lying,lying,1.0,1,GREEN,0
lying,lying,1.0,1,GREEN,0
lying,lying,1.0,1,GREEN,0
lying,lying,1.0,1,GREEN,0
lying,lying,1.0,1,GREEN,0
lying,lying,1.0,1,GREEN,0
lying,lying,1.0,1,GREEN,0
lying,lying,1.0,1,GREEN,0
lying,lying,1.0,1,GREEN,0
lying,lying,1.0,1,GREEN,0
lying,lying,1.0,1,GREEN,0
lying,lying,1.0,1,GREEN,0
lying,lying,1.0,1,GREEN,0
lying,lying,1.0,1,GREEN,0
lying,lying,1.0,1,GREEN,0
lying,lying,1.0,1,GREEN,0
lying,lying,1.0,1,GREEN,0
lying,lying,1.0,1,GREEN,0
lying,lying,1.0,1,GREEN,0
lying,lying,1.0,1,GREEN,0
lying,lying,1.0,1,GREEN,0
lying,lying,1.0,1,GREEN,0
lying,lying,1.0,1,GREEN,0
lying,lying,1.0,1,GREEN,0
lying,lying,0.952,1,GREEN,0
lying,lying,0.91,1,GREEN,0
lying,lying,0.942,1,GREEN,0
lying,lying,0.971,1,GREEN,0
lying,lying,0.982,1,GREEN,0
lying,lying,0.984,1,GREEN,0
lying,lying,0.984,1,GREEN,0
lying,lying,0.987,1,GREEN,0
sitting,lying,0.95,0,GREEN,0
sitting,lying,0.79,0,GREEN,0
sitting,lying,0.616,0,YELLOW,0
sitting,sitting,0.654,1,YELLOW,0
sitting,sitting,0.624,1,YELLOW,0
sitting,sitting,0.558,1,YELLOW,0
sitting,sitting,0.615,1,YELLOW,0
sitting,sitting,0.594,1,YELLOW,0
sitting,sitting,0.778,1,GREEN,0
sitting,sitting,0.94,1,GREEN,0
sitting,sitting,0.959,1,GREEN,0
sitting,sitting,0.801,1,GREEN,0
sitting,sitting,1.0,1,GREEN,0
sitting,sitting,1.0,1,GREEN,0
sitting,sitting,1.0,1,GREEN,0
sitting,sitting,1.0,1,GREEN,0
sitting,sitting,1.0,1,GREEN,0
sitting,sitting,1.0,1,GREEN,0
sitting,sitting,1.0,1,GREEN,0
sitting,sitting,1.0,1,GREEN,0
sitting,sitting,1.0,1,GREEN,0
sitting,sitting,1.0,1,GREEN,0
sitting,sitting,1.0,1,GREEN,0
sitting,sitting,1.0,1,GREEN,0
sitting,sitting,1.0,1,GREEN,0
sitting,sitting,1.0,1,GREEN,0
sitting,sitting,1.0,1,GREEN,0
sitting,sitting,1.0,1,GREEN,0
sitting,sitting,1.0,1,GREEN,0
sitting,sitting,1.0,1,GREEN,0
sitting,sitting,1.0,1,GREEN,0
sitting,sitting,1.0,1,GREEN,0
sitting,sitting,1.0,1,GREEN,0
sitting,sitting,1.0,1,GREEN,0
sitting,sitting,1.0,1,GREEN,0
sitting,sitting,1.0,1,GREEN,0
sitting,sitting,1.0,1,GREEN,0
sitting,sitting,1.0,1,GREEN,0
sitting,sitting,1.0,1,GREEN,0
sitting,sitting,1.0,1,GREEN,0
sitting,sitting,1.0,1,GREEN,0
sitting,sitting,1.0,1,GREEN,0
sitting,sitting,1.0,1,GREEN,0
sitting,sitting,1.0,1,GREEN,0
sitting,sitting,1.0,1,GREEN,0
sitting,sitting,1.0,1,GREEN,0
sitting,sitting,1.0,1,GREEN,0
sitting,sitting,1.0,1,GREEN,0
sitting,sitting,1.0,1,GREEN,0
sitting,sitting,1.0,1,GREEN,0
sitting,sitting,1.0,1,GREEN,0
sitting,sitting,1.0,1,GREEN,0
sitting,sitting,1.0,1,GREEN,0
sitting,sitting,1.0,1,GREEN,0
sitting,sitting,1.0,1,GREEN,0
sitting,sitting,1.0,1,GREEN,0
sitting,sitting,1.0,1,GREEN,0
sitting,sitting,1.0,1,GREEN,0
sitting,sitting,1.0,1,GREEN,0
sitting,sitting,1.0,1,GREEN,0
sitting,sitting,1.0,1,GREEN,0
sitting,sitting,1.0,1,GREEN,0
sitting,sitting,1.0,1,GREEN,0
sitting,sitting,1.0,1,GREEN,0
sitting,sitting,1.0,1,GREEN,0
sitting,sitting,1.0,1,GREEN,0
sitting,sitting,1.0,1,GREEN,0
sitting,sitting,1.0,1,GREEN,0
sitting,sitting,1.0,1,GREEN,0
sitting,sitting,1.0,1,GREEN,0
sitting,sitting,1.0,1,GREEN,0
sitting,sitting,1.0,1,GREEN,0
sitting,sitting,1.0,1,GREEN,0
sitting,sitting,1.0,1,GREEN,0
sitting,sitting,1.0,1,GREEN,0
sitting,sitting,1.0,1,GREEN,0
sitting,sitting,1.0,1,GREEN,0
sitting,sitting,1.0,1,GREEN,0
sitting,sitting,1.0,1,GREEN,0
sitting,sitting,1.0,1,GREEN,0
sitting,sitting,1.0,1,GREEN,0
sitting,sitting,1.0,1,GREEN,0
sitting,sitting,1.0,1,GREEN,0
sitting,sitting,1.0,1,GREEN,0
sitting,sitting,1.0,1,GREEN,0
sitting,sitting,1.0,1,GREEN,0
sitting,sitting,1.0,1,GREEN,0
sitting,sitting,1.0,1,GREEN,0
sitting,sitting,1.0,1,GREEN,0
sitting,sitting,1.0,1,GREEN,0
sitting,sitting,1.0,1,GREEN,0
sitting,sitting,1.0,1,GREEN,0
sitting,sitting,1.0,1,GREEN,0
sitting,sitting,1.0,1,GREEN,0
sitting,sitting,1.0,1,GREEN,0
sitting,sitting,1.0,1,GREEN,0
sitting,sitting,1.0,1,GREEN,0
sitting,sitting,1.0,1,GREEN,0
sitting,sitting,1.0,1,GREEN,0
sitting,sitting,1.0,1,GREEN,0
sitting,sitting,1.0,1,GREEN,0
sitting,sitting,1.0,1,GREEN,0
sitting,sitting,1.0,1,GREEN,0
sitting,sitting,1.0,1,GREEN,0
sitting,sitting,1.0,1,GREEN,0
sitting,sitting,1.0,1,GREEN,0
sitting,sitting,1.0,1,GREEN,0
sitting,sitting,1.0,1,GREEN,0
sitting,sitting,1.0,1,GREEN,0
sitting,sitting,1.0,1,GREEN,0
sitting,sitting,1.0,1,GREEN,0
sitting,sitting,1.0,1,GREEN,0
sitting,sitting,1.0,1,GREEN,0
sitting,sitting,1.0,1,GREEN,0
sitting,sitting,1.0,1,GREEN,0
sitting,sitting,1.0,1,GREEN,0
sitting,sitting,1.0,1,GREEN,0
sitting,sitting,1.0,1,GREEN,0
sitting,sitting,1.0,1,GREEN,0
sitting,sitting,1.0,1,GREEN,0
sitting,sitting,1.0,1,GREEN,0
sitting,sitting,1.0,1,GREEN,0
sitting,sitting,1.0,1,GREEN,0
sitting,sitting,1.0,1,GREEN,0
sitting,sitting,1.0,1,GREEN,0
sitting,sitting,1.0,1,GREEN,0
sitting,sitting,1.0,1,GREEN,0
sitting,sitting,1.0,1,GREEN,0
sitting,sitting,1.0,1,GREEN,0
sitting,sitting,1.0,1,GREEN,0
sitting,sitting,1.0,1,GREEN,0
sitting,sitting,1.0,1,GREEN,0
sitting,sitting,1.0,1,GREEN,0
sitting,sitting,1.0,1,GREEN,0
sitting,sitting,1.0,1,GREEN,0
sitting,sitting,1.0,1,GREEN,0
sitting,sitting,1.0,1,GREEN,0
sitting,sitting,1.0,1,GREEN,0
sitting,sitting,1.0,1,GREEN,0
sitting,sitting,1.0,1,GREEN,0
sitting,sitting,1.0,1,GREEN,0
sitting,sitting,1.0,1,GREEN,0
sitting,sitting,1.0,1,GREEN,0
sitting,sitting,1.0,1,GREEN,0
sitting,sitting,1.0,1,GREEN,0
sitting,sitting,1.0,1,GREEN,0
sitting,sitting,1.0,1,GREEN,0
sitting,sitting,1.0,1,GREEN,0
sitting,sitting,1.0,1,GREEN,0
sitting,sitting,1.0,1,GREEN,0
sitting,sitting,1.0,1,GREEN,0
sitting,sitting,1.0,1,GREEN,0
sitting,sitting,1.0,1,GREEN,0
sitting,sitting,1.0,1,GREEN,0
sitting,sitting,1.0,1,GREEN,0
sitting,sitting,1.0,1,GREEN,0
sitting,sitting,1.0,1,GREEN,0
sitting,sitting,1.0,1,GREEN,0
sitting,sitting,1.0,1,GREEN,0
sitting,sitting,1.0,1,GREEN,0
sitting,sitting,1.0,1,GREEN,0
sitting,sitting,1.0,1,GREEN,0
sitting,sitting,1.0,1,GREEN,0
sitting,sitting,1.0,1,GREEN,0
sitting,sitting,1.0,1,GREEN,0
sitting,sitting,1.0,1,GREEN,0
sitting,sitting,1.0,1,GREEN,0
sitting,sitting,1.0,1,GREEN,0
sitting,sitting,1.0,1,GREEN,0
sitting,sitting,1.0,1,GREEN,0
sitting,sitting,1.0,1,GREEN,0
sitting,sitting,1.0,1,GREEN,0
sitting,sitting,1.0,1,GREEN,0
sitting,sitting,1.0,1,GREEN,0
sitting,sitting,1.0,1,GREEN,0
sitting,sitting,1.0,1,GREEN,0
sitting,sitting,1.0,1,GREEN,0
sitting,sitting,1.0,1,GREEN,0
sitting,sitting,1.0,1,GREEN,0
sitting,sitting,1.0,1,GREEN,0
sitting,sitting,1.0,1,GREEN,0
sitting,sitting,1.0,1,GREEN,0
sitting,sitting,1.0,1,GREEN,0
sitting,sitting,1.0,1,GREEN,0
sitting,sitting,1.0,1,GREEN,0
sitting,sitting,1.0,1,GREEN,0
sitting,sitting,1.0,1,GREEN,0
sitting,sitting,1.0,1,GREEN,0
sitting,sitting,1.0,1,GREEN,0
sitting,sitting,1.0,1,GREEN,0
sitting,sitting,1.0,1,GREEN,0
sitting,sitting,1.0,1,GREEN,0
sitting,sitting,1.0,1,GREEN,0
sitting,sitting,1.0,1,GREEN,0
sitting,sitting,1.0,1,GREEN,0
sitting,sitting,1.0,1,GREEN,0
sitting,sitting,1.0,1,GREEN,0
sitting,sitting,1.0,1,GREEN,0
sitting,sitting,1.0,1,GREEN,0
sitting,sitting,1.0,1,GREEN,0
sitting,sitting,1.0,1,GREEN,0
sitting,sitting,1.0,1,GREEN,0
sitting,sitting,1.0,1,GREEN,0
sitting,sitting,1.0,1,GREEN,0
sitting,sitting,1.0,1,GREEN,0
sitting,sitting,1.0,1,GREEN,0
sitting,sitting,1.0,1,GREEN,0
sitting,sitting,1.0,1,GREEN,0
sitting,sitting,1.0,1,GREEN,0
sitting,sitting,1.0,1,GREEN,0
sitting,sitting,1.0,1,GREEN,0
sitting,sitting,1.0,1,GREEN,0
sitting,sitting,1.0,1,GREEN,0
sitting,sitting,1.0,1,GREEN,0
sitting,sitting,1.0,1,GREEN,0
sitting,sitting,1.0,1,GREEN,0
sitting,sitting,1.0,1,GREEN,0
sitting,sitting,1.0,1,GREEN,0
sitting,sitting,1.0,1,GREEN,0
sitting,sitting,1.0,1,GREEN,0
sitting,sitting,1.0,1,GREEN,0
sitting,sitting,1.0,1,GREEN,0
sitting,sitting,1.0,1,GREEN,0
sitting,sitting,1.0,1,GREEN,0
sitting,sitting,1.0,1,GREEN,0
sitting,sitting,1.0,1,GREEN,0
sitting,sitting,1.0,1,GREEN,0
sitting,sitting,1.0,1,GREEN,0
sitting,sitting,1.0,1,GREEN,0
sitting,sitting,1.0,1,GREEN,0
sitting,sitting,1.0,1,GREEN,0
sitting,sitting,1.0,1,GREEN,0
sitting,sitting,1.0,1,GREEN,0
sitting,sitting,1.0,1,GREEN,0
sitting,sitting,1.0,1,GREEN,0
sitting,sitting,1.0,1,GREEN,0
sitting,sitting,1.0,1,GREEN,0
sitting,sitting,1.0,1,GREEN,0
sitting,sitting,1.0,1,GREEN,0
sitting,sitting,1.0,1,GREEN,0
sitting,sitting,1.0,1,GREEN,0
sitting,sitting,1.0,1,GREEN,0
sitting,sitting,1.0,1,GREEN,0
sitting,sitting,1.0,1,GREEN,0
sitting,sitting,1.0,1,GREEN,0
sitting,sitting,1.0,1,GREEN,0
sitting,sitting,1.0,1,GREEN,0
sitting,sitting,1.0,1,GREEN,0
sitting,sitting,1.0,1,GREEN,0
sitting,sitting,1.0,1,GREEN,0
sitting,sitting,1.0,1,GREEN,0
sitting,sitting,1.0,1,GREEN,0
sitting,sitting,1.0,1,GREEN,0
sitting,sitting,1.0,1,GREEN,0
sitting,sitting,1.0,1,GREEN,0
sitting,sitting,1.0,1,GREEN,0
sitting,sitting,1.0,1,GREEN,0
sitting,sitting,1.0,1,GREEN,0
sitting,sitting,1.0,1,GREEN,0
sitting,sitting,1.0,1,GREEN,0
sitting,sitting,1.0,1,GREEN,0
sitting,sitting,1.0,1,GREEN,0
sitting,sitting,1.0,1,GREEN,0
sitting,sitting,1.0,1,GREEN,0
sitting,sitting,1.0,1,GREEN,0
sitting,sitting,1.0,1,GREEN,0
sitting,sitting,1.0,1,GREEN,0
sitting,sitting,1.0,1,GREEN,0
sitting,sitting,1.0,1,GREEN,0
sitting,sitting,1.0,1,GREEN,0
sitting,sitting,1.0,1,GREEN,0
sitting,sitting,1.0,1,GREEN,0
sitting,sitting,1.0,1,GREEN,0
sitting,sitting,1.0,1,GREEN,0
sitting,sitting,1.0,1,GREEN,0
sitting,sitting,1.0,1,GREEN,0
sitting,sitting,1.0,1,GREEN,0
sitting,sitting,1.0,1,GREEN,0
sitting,sitting,1.0,1,GREEN,0
sitting,sitting,1.0,1,GREEN,0
sitting,sitting,1.0,1,GREEN,0
sitting,sitting,1.0,1,GREEN,0
sitting,sitting,1.0,1,GREEN,0
sitting,sitting,1.0,1,GREEN,0
sitting,sitting,1.0,1,GREEN,0
sitting,sitting,1.0,1,GREEN,0
sitting,sitting,1.0,1,GREEN,0
sitting,sitting,1.0,1,GREEN,0
sitting,sitting,1.0,1,GREEN,0
sitting,sitting,1.0,1,GREEN,0
sitting,sitting,1.0,1,GREEN,0
sitting,sitting,1.0,1,GREEN,0
sitting,sitting,1.0,1,GREEN,0
sitting,sitting,1.0,1,GREEN,0
sitting,sitting,1.0,1,GREEN,0
sitting,sitting,1.0,1,GREEN,0
sitting,sitting,1.0,1,GREEN,0
sitting,sitting,1.0,1,GREEN,0
sitting,sitting,1.0,1,GREEN,0
sitting,sitting,1.0,1,GREEN,0
sitting,sitting,1.0,1,GREEN,0
sitting,sitting,1.0,1,GREEN,0
sitting,sitting,1.0,1,GREEN,0
sitting,sitting,1.0,1,GREEN,0
sitting,sitting,1.0,1,GREEN,0
sitting,sitting,1.0,1,GREEN,0
sitting,sitting,1.0,1,GREEN,0
sitting,sitting,1.0,1,GREEN,0
sitting,sitting,1.0,1,GREEN,0
sitting,sitting,1.0,1,GREEN,0
sitting,sitting,1.0,1,GREEN,0
sitting,sitting,1.0,1,GREEN,0
sitting,sitting,1.0,1,GREEN,0
sitting,sitting,1.0,1,GREEN,0
sitting,sitting,1.0,1,GREEN,0
sitting,sitting,1.0,1,GREEN,0
sitting,sitting,1.0,1,GREEN,0
sitting,sitting,1.0,1,GREEN,0
sitting,sitting,1.0,1,GREEN,0
sitting,sitting,1.0,1,GREEN,0
sitting,sitting,1.0,1,GREEN,0
sitting,sitting,1.0,1,GREEN,0
sitting,sitting,1.0,1,GREEN,0
sitting,sitting,1.0,1,GREEN,0
sitting,sitting,1.0,1,GREEN,0
sitting,sitting,1.0,1,GREEN,0
sitting,sitting,1.0,1,GREEN,0
sitting,sitting,1.0,1,GREEN,0
sitting,sitting,1.0,1,GREEN,0
sitting,sitting,1.0,1,GREEN,0
sitting,sitting,1.0,1,GREEN,0
sitting,sitting,1.0,1,GREEN,0
sitting,sitting,1.0,1,GREEN,0
sitting,sitting,1.0,1,GREEN,0
sitting,sitting,1.0,1,GREEN,0
sitting,sitting,1.0,1,GREEN,0
sitting,sitting,1.0,1,GREEN,0
sitting,sitting,1.0,1,GREEN,0
sitting,sitting,1.0,1,GREEN,0
sitting,sitting,1.0,1,GREEN,0
sitting,sitting,1.0,1,GREEN,0
sitting,sitting,1.0,1,GREEN,0
sitting,sitting,1.0,1,GREEN,0
sitting,sitting,1.0,1,GREEN,0
sitting,sitting,1.0,1,GREEN,0
sitting,sitting,1.0,1,GREEN,0
sitting,sitting,1.0,1,GREEN,0
sitting,sitting,1.0,1,GREEN,0
sitting,sitting,1.0,1,GREEN,0
sitting,sitting,1.0,1,GREEN,0
sitting,sitting,1.0,1,GREEN,0
sitting,sitting,1.0,1,GREEN,0
sitting,sitting,1.0,1,GREEN,0
sitting,sitting,1.0,1,GREEN,0
sitting,sitting,1.0,1,GREEN,0
sitting,sitting,1.0,1,GREEN,0
sitting,sitting,1.0,1,GREEN,0
sitting,sitting,1.0,1,GREEN,0
sitting,sitting,1.0,1,GREEN,0
sitting,sitting,1.0,1,GREEN,0
sitting,sitting,1.0,1,GREEN,0
sitting,sitting,1.0,1,GREEN,0
sitting,sitting,1.0,1,GREEN,0
sitting,sitting,1.0,1,GREEN,0
sitting,sitting,1.0,1,GREEN,0
sitting,sitting,1.0,1,GREEN,0
sitting,sitting,1.0,1,GREEN,0
sitting,sitting,1.0,1,GREEN,0
sitting,sitting,0.982,1,GREEN,0
sitting,sitting,0.955,1,GREEN,0
sitting,sitting,0.919,1,GREEN,0
sitting,sitting,0.941,1,GREEN,0
sitting,sitting,0.953,1,GREEN,0
sitting,sitting,0.927,1,GREEN,0
sitting,sitting,0.935,1,GREEN,0
sitting,sitting,0.951,1,GREEN,0
sitting,sitting,0.961,1,GREEN,0
sitting,sitting,0.958,1,GREEN,0
sitting,sitting,0.96,1,GREEN,0
sitting,sitting,0.958,1,GREEN,0
sitting,sitting,0.952,1,GREEN,0
sitting,sitting,0.952,1,GREEN,0
sitting,sitting,0.957,1,GREEN,0
sitting,sitting,0.956,1,GREEN,0
sitting,sitting,0.96,1,GREEN,0
sitting,sitting,0.96,1,GREEN,0
sitting,sitting,0.956,1,GREEN,0
sitting,sitting,0.954,1,GREEN,0
sitting,sitting,0.963,1,GREEN,0
sitting,sitting,0.964,1,GREEN,0
sitting,sitting,0.953,1,GREEN,0
sitting,sitting,0.956,1,GREEN,0
sitting,sitting,0.95,1,GREEN,0
sitting,sitting,0.949,1,GREEN,0
sitting,sitting,0.949,1,GREEN,0
sitting,sitting,0.952,1,GREEN,0
sitting,sitting,0.955,1,GREEN,0
sitting,sitting,0.954,1,GREEN,0
sitting,sitting,0.951,1,GREEN,0
sitting,sitting,0.961,1,GREEN,0
sitting,sitting,0.964,1,GREEN,0
sitting,sitting,0.957,1,GREEN,0
sitting,sitting,0.956,1,GREEN,0
sitting,sitting,0.965,1,GREEN,0
sitting,sitting,0.963,1,GREEN,0
sitting,sitting,0.961,1,GREEN,0
sitting,sitting,0.957,1,GREEN,0
sitting,sitting,0.955,1,GREEN,0
sitting,sitting,0.953,1,GREEN,0
sitting,sitting,0.955,1,GREEN,0
sitting,sitting,0.943,1,GREEN,0
sitting,sitting,1.0,1,GREEN,0
sitting,sitting,1.0,1,GREEN,0
sitting,sitting,1.0,1,GREEN,0
sitting,sitting,1.0,1,GREEN,0
sitting,sitting,1.0,1,GREEN,0
sitting,sitting,1.0,1,GREEN,0
sitting,sitting,1.0,1,GREEN,0
sitting,sitting,1.0,1,GREEN,0
sitting,sitting,1.0,1,GREEN,0
sitting,sitting,1.0,1,GREEN,0
sitting,sitting,1.0,1,GREEN,0
sitting,sitting,1.0,1,GREEN,0
sitting,sitting,1.0,1,GREEN,0
sitting,sitting,1.0,1,GREEN,0
sitting,sitting,1.0,1,GREEN,0
sitting,sitting,1.0,1,GREEN,0
sitting,sitting,1.0,1,GREEN,0
sitting,sitting,1.0,1,GREEN,0
sitting,sitting,1.0,1,GREEN,0
sitting,sitting,1.0,1,GREEN,0
sitting,sitting,1.0,1,GREEN,0
sitting,sitting,1.0,1,GREEN,0
sitting,sitting,1.0,1,GREEN,0
sitting,sitting,1.0,1,GREEN,0
sitting,sitting,1.0,1,GREEN,0
sitting,sitting,1.0,1,GREEN,0
sitting,sitting,1.0,1,GREEN,0
sitting,sitting,1.0,1,GREEN,0
sitting,sitting,1.0,1,GREEN,0
sitting,sitting,1.0,1,GREEN,0
sitting,sitting,1.0,1,GREEN,0
sitting,sitting,1.0,1,GREEN,0
sitting,sitting,1.0,1,GREEN,0
sitting,sitting,1.0,1,GREEN,0
sitting,sitting,1.0,1,GREEN,0
sitting,sitting,0.916,1,GREEN,0
sitting,sitting,0.797,1,GREEN,0
sitting,sitting,0.962,1,GREEN,0
sitting,sitting,0.93,1,GREEN,0
sitting,sitting,0.779,1,GREEN,0
sitting,standing,0.609,0,YELLOW,0
sitting,standing,0.573,0,YELLOW,0
sitting,standing,0.526,0,YELLOW,0
standing,standing,0.958,1,GREEN,0
standing,standing,0.925,1,GREEN,0
standing,standing,0.967,1,GREEN,0
standing,standing,0.987,1,GREEN,0
standing,standing,0.99,1,GREEN,0
standing,standing,0.991,1,GREEN,0
standing,standing,0.991,1,GREEN,0
standing,standing,0.991,1,GREEN,0
standing,standing,0.981,1,GREEN,0
standing,standing,0.883,1,GREEN,0
standing,standing,1.0,1,GREEN,0
standing,standing,1.0,1,GREEN,0
standing,standing,1.0,1,GREEN,0
standing,standing,1.0,1,GREEN,0
standing,standing,1.0,1,GREEN,0
standing,standing,1.0,1,GREEN,0
standing,standing,1.0,1,GREEN,0
standing,standing,1.0,1,GREEN,0
standing,standing,1.0,1,GREEN,0
standing,standing,1.0,1,GREEN,0
standing,standing,1.0,1,GREEN,0
standing,standing,1.0,1,GREEN,0
standing,standing,1.0,1,GREEN,0
standing,standing,1.0,1,GREEN,0
standing,standing,1.0,1,GREEN,0
standing,standing,1.0,1,GREEN,0
standing,standing,1.0,1,GREEN,0
standing,standing,1.0,1,GREEN,0
standing,standing,1.0,1,GREEN,0
standing,standing,1.0,1,GREEN,0
standing,standing,1.0,1,GREEN,0
standing,standing,1.0,1,GREEN,0
standing,standing,1.0,1,GREEN,0
standing,standing,1.0,1,GREEN,0
standing,standing,1.0,1,GREEN,0
standing,standing,1.0,1,GREEN,0
standing,standing,1.0,1,GREEN,0
standing,standing,1.0,1,GREEN,0
standing,standing,1.0,1,GREEN,0
standing,standing,1.0,1,GREEN,0
standing,standing,1.0,1,GREEN,0
standing,standing,1.0,1,GREEN,0
standing,standing,1.0,1,GREEN,0
standing,standing,1.0,1,GREEN,0
standing,standing,1.0,1,GREEN,0
standing,standing,1.0,1,GREEN,0
standing,standing,1.0,1,GREEN,0
standing,standing,1.0,1,GREEN,0
standing,standing,1.0,1,GREEN,0
standing,standing,1.0,1,GREEN,0
standing,standing,1.0,1,GREEN,0
standing,standing,1.0,1,GREEN,0
standing,standing,1.0,1,GREEN,0
standing,standing,1.0,1,GREEN,0
standing,standing,1.0,1,GREEN,0
standing,standing,1.0,1,GREEN,0
standing,standing,1.0,1,GREEN,0
standing,standing,1.0,1,GREEN,0
standing,standing,1.0,1,GREEN,0
standing,standing,1.0,1,GREEN,0
standing,standing,1.0,1,GREEN,0
standing,standing,1.0,1,GREEN,0
standing,standing,1.0,1,GREEN,0
standing,standing,1.0,1,GREEN,0
standing,standing,1.0,1,GREEN,0
standing,standing,1.0,1,GREEN,0
standing,standing,1.0,1,GREEN,0
standing,standing,1.0,1,GREEN,0
standing,standing,1.0,1,GREEN,0
standing,standing,1.0,1,GREEN,0
standing,standing,1.0,1,GREEN,0
standing,standing,1.0,1,GREEN,0
standing,standing,1.0,1,GREEN,0
standing,standing,1.0,1,GREEN,0
standing,standing,1.0,1,GREEN,0
standing,standing,1.0,1,GREEN,0
standing,standing,1.0,1,GREEN,0
standing,standing,1.0,1,GREEN,0
standing,standing,1.0,1,GREEN,0
standing,standing,1.0,1,GREEN,0
standing,standing,1.0,1,GREEN,0
standing,standing,1.0,1,GREEN,0
standing,standing,1.0,1,GREEN,0
standing,standing,1.0,1,GREEN,0
standing,standing,1.0,1,GREEN,0
standing,standing,1.0,1,GREEN,0
standing,standing,1.0,1,GREEN,0
standing,standing,1.0,1,GREEN,0
standing,standing,1.0,1,GREEN,0
standing,standing,1.0,1,GREEN,0
standing,standing,1.0,1,GREEN,0
standing,standing,1.0,1,GREEN,0
standing,standing,1.0,1,GREEN,0
standing,standing,1.0,1,GREEN,0
standing,standing,1.0,1,GREEN,0
standing,standing,1.0,1,GREEN,0
standing,standing,1.0,1,GREEN,0
standing,standing,1.0,1,GREEN,0
standing,standing,1.0,1,GREEN,0
standing,standing,1.0,1,GREEN,0
standing,standing,1.0,1,GREEN,0
standing,standing,1.0,1,GREEN,0
standing,standing,1.0,1,GREEN,0
standing,standing,1.0,1,GREEN,0
standing,standing,1.0,1,GREEN,0
standing,standing,1.0,1,GREEN,0
standing,standing,1.0,1,GREEN,0
standing,standing,1.0,1,GREEN,0
standing,standing,1.0,1,GREEN,0
standing,standing,1.0,1,GREEN,0
standing,standing,1.0,1,GREEN,0
standing,standing,1.0,1,GREEN,0
standing,standing,1.0,1,GREEN,0
standing,standing,1.0,1,GREEN,0
standing,standing,1.0,1,GREEN,0
standing,standing,1.0,1,GREEN,0
standing,standing,1.0,1,GREEN,0
standing,standing,1.0,1,GREEN,0
standing,standing,1.0,1,GREEN,0
standing,standing,1.0,1,GREEN,0
standing,standing,1.0,1,GREEN,0
standing,standing,1.0,1,GREEN,0
standing,standing,1.0,1,GREEN,0
standing,standing,1.0,1,GREEN,0
standing,standing,1.0,1,GREEN,0
standing,standing,1.0,1,GREEN,0
standing,standing,1.0,1,GREEN,0
standing,standing,1.0,1,GREEN,0
standing,standing,1.0,1,GREEN,0
standing,standing,1.0,1,GREEN,0
standing,standing,1.0,1,GREEN,0
standing,standing,1.0,1,GREEN,0
standing,standing,1.0,1,GREEN,0
standing,standing,1.0,1,GREEN,0
standing,standing,1.0,1,GREEN,0
standing,standing,1.0,1,GREEN,0
standing,standing,1.0,1,GREEN,0
standing,standing,1.0,1,GREEN,0
standing,standing,1.0,1,GREEN,0
standing,standing,1.0,1,GREEN,0
standing,standing,1.0,1,GREEN,0
standing,standing,1.0,1,GREEN,0
standing,standing,1.0,1,GREEN,0
standing,standing,0.941,1,GREEN,0
standing,ironing,0.52,0,YELLOW,0
standing,ironing,1.0,0,GREEN,0
standing,ironing,1.0,0,GREEN,0
standing,ironing,1.0,0,GREEN,0
standing,ironing,1.0,0,GREEN,0
standing,ironing,1.0,0,GREEN,0
standing,ironing,1.0,0,GREEN,0
standing,ironing,1.0,0,GREEN,0
standing,ironing,1.0,0,GREEN,0
standing,ironing,1.0,0,GREEN,0
standing,ironing,1.0,0,GREEN,0
standing,ironing,1.0,0,GREEN,0
standing,ironing,1.0,0,GREEN,0
standing,ironing,1.0,0,GREEN,0
standing,ironing,1.0,0,GREEN,0
standing,ironing,1.0,0,GREEN,0
standing,ironing,1.0,0,GREEN,0
standing,ironing,1.0,0,GREEN,0
standing,ironing,1.0,0,GREEN,0
standing,ironing,1.0,0,GREEN,0
standing,ironing,1.0,0,GREEN,0
standing,ironing,1.0,0,GREEN,0
standing,ironing,0.757,0,GREEN,0
standing,ironing,0.76,0,GREEN,0
standing,standing,0.654,1,YELLOW,0
standing,standing,0.777,1,GREEN,0
standing,standing,0.95,1,GREEN,0
standing,standing,0.976,1,GREEN,0
standing,standing,0.989,1,GREEN,0
standing,standing,0.99,1,GREEN,0
standing,standing,0.986,1,GREEN,0
standing,standing,0.942,1,GREEN,0
standing,standing,0.979,1,GREEN,0
standing,standing,0.985,1,GREEN,0
standing,standing,0.934,1,GREEN,0
standing,standing,0.957,1,GREEN,0
standing,standing,0.982,1,GREEN,0
standing,standing,0.985,1,GREEN,0
standing,standing,0.987,1,GREEN,0
standing,standing,0.946,1,GREEN,0
standing,standing,0.882,1,GREEN,0
standing,standing,0.985,1,GREEN,0
standing,standing,0.988,1,GREEN,0
standing,standing,0.988,1,GREEN,0
standing,standing,0.886,1,GREEN,0
standing,standing,0.988,1,GREEN,0
standing,standing,0.988,1,GREEN,0
standing,standing,0.988,1,GREEN,0
standing,standing,0.987,1,GREEN,0
standing,standing,0.987,1,GREEN,0
standing,standing,0.991,1,GREEN,0
standing,standing,0.983,1,GREEN,0
standing,standing,0.986,1,GREEN,0
standing,standing,0.984,1,GREEN,0
standing,standing,0.984,1,GREEN,0
standing,standing,0.987,1,GREEN,0
standing,standing,0.98,1,GREEN,0
standing,standing,0.974,1,GREEN,0
standing,standing,0.984,1,GREEN,0
standing,standing,0.834,1,GREEN,0
standing,standing,0.815,1,GREEN,0
standing,standing,0.723,1,YELLOW,0
standing,standing,0.653,1,YELLOW,0
standing,ironing,0.617,0,YELLOW,0
standing,ironing,0.757,0,GREEN,0
standing,ironing,0.623,0,YELLOW,0
standing,ironing,0.686,0,YELLOW,0
standing,ironing,0.695,0,YELLOW,0
standing,ironing,0.717,0,YELLOW,0
standing,ironing,0.626,0,YELLOW,0
standing,ironing,0.764,0,GREEN,0
standing,ironing,0.815,0,GREEN,0
standing,ironing,0.781,0,GREEN,0
standing,ironing,0.819,0,GREEN,0
standing,ironing,0.905,0,GREEN,0
standing,ironing,0.931,0,GREEN,0
standing,ironing,0.848,0,GREEN,0
standing,ironing,0.772,0,GREEN,0
standing,ironing,0.752,0,GREEN,0
standing,ironing,0.693,0,YELLOW,0
standing,ironing,0.703,0,YELLOW,0
standing,ironing,0.678,0,YELLOW,0
standing,ironing,0.661,0,YELLOW,0
standing,ironing,0.695,0,YELLOW,0
standing,ironing,0.709,0,YELLOW,0
standing,ironing,0.739,0,YELLOW,0
standing,ironing,0.725,0,YELLOW,0
standing,ironing,0.719,0,YELLOW,0
standing,ironing,0.703,0,YELLOW,0
standing,ironing,0.75,0,YELLOW,0
standing,ironing,0.886,0,GREEN,0
standing,ironing,0.925,0,GREEN,0
standing,ironing,0.914,0,GREEN,0
standing,ironing,0.898,0,GREEN,0
standing,ironing,0.87,0,GREEN,0
standing,ironing,0.808,0,GREEN,0
standing,ironing,0.743,0,YELLOW,0
standing,ironing,0.647,0,YELLOW,0
standing,ironing,0.625,0,YELLOW,0
standing,ironing,0.64,0,YELLOW,0
standing,ironing,0.648,0,YELLOW,0
standing,ironing,0.637,0,YELLOW,0
standing,ironing,0.641,0,YELLOW,0
standing,ironing,0.653,0,YELLOW,0
standing,standing,0.649,1,YELLOW,0
standing,standing,0.928,1,GREEN,0
standing,standing,0.933,1,GREEN,0
standing,standing,0.831,1,GREEN,0
standing,standing,0.675,1,YELLOW,0
standing,standing,0.744,1,YELLOW,0
standing,standing,0.771,1,GREEN,0
standing,standing,0.76,1,GREEN,0
standing,standing,0.77,1,GREEN,0
standing,standing,0.791,1,GREEN,0
standing,standing,0.762,1,GREEN,0
standing,standing,0.701,1,YELLOW,0
standing,standing,0.745,1,YELLOW,0
standing,standing,0.733,1,YELLOW,0
standing,standing,0.792,1,GREEN,0
standing,standing,0.889,1,GREEN,0
standing,standing,0.89,1,GREEN,0
standing,standing,0.863,1,GREEN,0
standing,standing,0.828,1,GREEN,0
standing,standing,0.841,1,GREEN,0
standing,standing,0.88,1,GREEN,0
standing,standing,0.86,1,GREEN,0
standing,standing,0.866,1,GREEN,0
standing,standing,0.87,1,GREEN,0
standing,standing,0.869,1,GREEN,0
standing,standing,0.877,1,GREEN,0
standing,standing,0.896,1,GREEN,0
standing,standing,0.858,1,GREEN,0
standing,standing,0.885,1,GREEN,0
standing,standing,0.971,1,GREEN,0
standing,standing,0.988,1,GREEN,0
standing,standing,0.983,1,GREEN,0
standing,standing,0.956,1,GREEN,0
standing,standing,0.931,1,GREEN,0
standing,standing,0.957,1,GREEN,0
standing,standing,0.973,1,GREEN,0
standing,standing,0.972,1,GREEN,0
standing,standing,0.982,1,GREEN,0
standing,standing,0.982,1,GREEN,0
standing,standing,0.984,1,GREEN,0
standing,standing,0.983,1,GREEN,0
standing,standing,0.98,1,GREEN,0
standing,standing,0.982,1,GREEN,0
standing,standing,0.978,1,GREEN,0
standing,standing,0.982,1,GREEN,0
standing,standing,0.982,1,GREEN,0
standing,standing,0.982,1,GREEN,0
standing,standing,0.982,1,GREEN,0
standing,standing,0.982,1,GREEN,0
standing,standing,0.981,1,GREEN,0
standing,standing,0.983,1,GREEN,0
standing,standing,0.985,1,GREEN,0
standing,standing,0.986,1,GREEN,0
standing,standing,0.984,1,GREEN,0
standing,standing,0.984,1,GREEN,0
standing,standing,0.982,1,GREEN,0
standing,standing,0.982,1,GREEN,0
standing,standing,0.982,1,GREEN,0
standing,standing,0.947,1,GREEN,0
standing,standing,0.859,1,GREEN,0
standing,standing,0.804,1,GREEN,0
standing,standing,0.962,1,GREEN,0
standing,standing,0.974,1,GREEN,0
standing,standing,0.972,1,GREEN,0
standing,standing,0.976,1,GREEN,0
standing,standing,0.974,1,GREEN,0
standing,standing,0.973,1,GREEN,0
standing,standing,0.976,1,GREEN,0
standing,standing,0.977,1,GREEN,0
standing,standing,0.978,1,GREEN,0
standing,standing,0.975,1,GREEN,0
standing,standing,0.975,1,GREEN,0
standing,standing,0.975,1,GREEN,0
standing,standing,0.976,1,GREEN,0
standing,standing,0.977,1,GREEN,0
standing,standing,0.978,1,GREEN,0
standing,standing,0.981,1,GREEN,0
standing,standing,0.979,1,GREEN,0
standing,standing,0.978,1,GREEN,0
standing,standing,0.843,1,GREEN,0
standing,standing,0.852,1,GREEN,0
standing,standing,0.878,1,GREEN,0
standing,standing,0.875,1,GREEN,0
standing,standing,0.875,1,GREEN,0
standing,standing,0.808,1,GREEN,0
standing,standing,0.784,1,GREEN,0
standing,standing,0.759,1,GREEN,0
standing,standing,0.704,1,YELLOW,0
standing,standing,0.746,1,YELLOW,0
standing,standing,0.723,1,YELLOW,0
standing,standing,0.7,1,YELLOW,0
standing,standing,0.74,1,YELLOW,0
standing,standing,0.716,1,YELLOW,0
standing,standing,0.745,1,YELLOW,0
standing,standing,0.738,1,YELLOW,0
standing,standing,0.789,1,GREEN,0
standing,standing,0.752,1,GREEN,0
standing,standing,0.7,1,YELLOW,0
standing,standing,0.713,1,YELLOW,0
standing,standing,0.727,1,YELLOW,0
standing,standing,0.68,1,YELLOW,0
standing,ironing,0.71,0,YELLOW,0
standing,ironing,0.685,0,YELLOW,0
standing,ironing,0.624,0,YELLOW,0
standing,ironing,0.632,0,YELLOW,0
standing,ironing,0.827,0,GREEN,0
standing,ironing,0.781,0,GREEN,0
standing,ironing,0.819,0,GREEN,0
standing,ironing,0.738,0,YELLOW,0
standing,ironing,0.747,0,YELLOW,0
standing,ironing,0.82,0,GREEN,0
standing,ironing,0.659,0,YELLOW,0
standing,ironing,0.666,0,YELLOW,0
standing,ironing,0.72,0,YELLOW,0
standing,ironing,0.665,0,YELLOW,0
standing,ironing,0.6,0,YELLOW,0
standing,ironing,0.603,0,YELLOW,0
standing,ironing,0.59,0,YELLOW,0
standing,ironing,0.603,0,YELLOW,0
standing,ironing,0.646,0,YELLOW,0
standing,ironing,0.85,0,GREEN,0
standing,ironing,0.943,0,GREEN,0
standing,ironing,0.874,0,GREEN,0
standing,ironing,0.688,0,YELLOW,0
standing,ironing,0.636,0,YELLOW,0
standing,ironing,1.0,0,GREEN,0
standing,ironing,1.0,0,GREEN,0
standing,ironing,1.0,0,GREEN,0
standing,ironing,1.0,0,GREEN,0
standing,ironing,1.0,0,GREEN,0
standing,ironing,1.0,0,GREEN,0
standing,ironing,1.0,0,GREEN,0
standing,ironing,1.0,0,GREEN,0
standing,ironing,1.0,0,GREEN,0
standing,ironing,1.0,0,GREEN,0
standing,ironing,1.0,0,GREEN,0
standing,ironing,1.0,0,GREEN,0
standing,ironing,1.0,0,GREEN,0
standing,ironing,1.0,0,GREEN,0
standing,ironing,1.0,0,GREEN,0
standing,ironing,1.0,0,GREEN,0
standing,ironing,1.0,0,GREEN,0
standing,ironing,1.0,0,GREEN,0
standing,ironing,1.0,0,GREEN,0
standing,ironing,1.0,0,GREEN,0
standing,ironing,1.0,0,GREEN,0
standing,ironing,1.0,0,GREEN,0
standing,ironing,1.0,0,GREEN,0
standing,ironing,1.0,0,GREEN,0
standing,ironing,1.0,0,GREEN,0
standing,ironing,1.0,0,GREEN,0
standing,ironing,1.0,0,GREEN,0
standing,ironing,1.0,0,GREEN,0
standing,ironing,0.886,0,GREEN,0
standing,standing,0.874,1,GREEN,0
standing,standing,0.78,1,GREEN,0
standing,standing,0.779,1,GREEN,0
standing,standing,0.804,1,GREEN,0
standing,standing,0.79,1,GREEN,0
standing,standing,0.785,1,GREEN,0
standing,standing,0.788,1,GREEN,0
standing,standing,0.759,1,GREEN,0
standing,standing,0.763,1,GREEN,0
standing,standing,0.83,1,GREEN,0
standing,standing,0.749,1,YELLOW,0
standing,standing,0.831,1,GREEN,0
standing,standing,0.817,1,GREEN,0
standing,standing,0.771,1,GREEN,0
standing,standing,0.76,1,GREEN,0
standing,standing,0.8,1,GREEN,0
standing,standing,0.807,1,GREEN,0
standing,standing,0.798,1,GREEN,0
standing,standing,0.784,1,GREEN,0
standing,standing,0.821,1,GREEN,0
standing,standing,0.815,1,GREEN,0
standing,standing,0.815,1,GREEN,0
standing,standing,0.81,1,GREEN,0
standing,standing,0.818,1,GREEN,0
standing,standing,0.827,1,GREEN,0
standing,standing,0.811,1,GREEN,0
standing,standing,0.802,1,GREEN,0
standing,standing,0.796,1,GREEN,0
standing,standing,0.795,1,GREEN,0
standing,standing,0.803,1,GREEN,0
standing,standing,0.802,1,GREEN,0
standing,standing,0.802,1,GREEN,0
standing,standing,0.789,1,GREEN,0
standing,standing,0.787,1,GREEN,0
standing,standing,0.789,1,GREEN,0
standing,standing,0.788,1,GREEN,0
standing,standing,0.767,1,GREEN,0
standing,standing,0.748,1,YELLOW,0
standing,standing,0.777,1,GREEN,0
standing,standing,0.798,1,GREEN,0
standing,standing,0.806,1,GREEN,0
standing,standing,0.808,1,GREEN,0
standing,standing,0.826,1,GREEN,0
standing,standing,0.829,1,GREEN,0
standing,standing,0.8,1,GREEN,0
standing,standing,0.82,1,GREEN,0
standing,standing,0.802,1,GREEN,0
standing,standing,0.803,1,GREEN,0
standing,standing,0.81,1,GREEN,0
standing,standing,0.805,1,GREEN,0
standing,standing,0.787,1,GREEN,0
standing,standing,0.799,1,GREEN,0
standing,standing,0.811,1,GREEN,0
standing,standing,0.787,1,GREEN,0
standing,standing,0.762,1,GREEN,0
standing,standing,0.78,1,GREEN,0
standing,standing,0.801,1,GREEN,0
standing,standing,0.808,1,GREEN,0
standing,standing,0.833,1,GREEN,0
standing,standing,0.804,1,GREEN,0
standing,standing,0.81,1,GREEN,0
standing,standing,0.799,1,GREEN,0
standing,standing,0.789,1,GREEN,0
standing,standing,0.792,1,GREEN,0
standing,standing,0.779,1,GREEN,0
standing,standing,0.783,1,GREEN,0
standing,standing,0.788,1,GREEN,0
standing,standing,0.791,1,GREEN,0
standing,standing,0.769,1,GREEN,0
standing,standing,0.795,1,GREEN,0
standing,standing,0.753,1,GREEN,0
standing,standing,0.767,1,GREEN,0
standing,standing,0.802,1,GREEN,0
standing,standing,0.791,1,GREEN,0
standing,standing,0.79,1,GREEN,0
standing,standing,0.8,1,GREEN,0
standing,standing,0.799,1,GREEN,0
standing,ironing,0.8,0,GREEN,0
ironing,ironing,0.883,1,GREEN,0
ironing,ironing,1.0,1,GREEN,0
ironing,ironing,1.0,1,GREEN,0
ironing,ironing,1.0,1,GREEN,0
ironing,ironing,1.0,1,GREEN,0
ironing,ironing,1.0,1,GREEN,0
ironing,ironing,1.0,1,GREEN,0
ironing,ironing,1.0,1,GREEN,0
ironing,ironing,1.0,1,GREEN,0
ironing,ironing,1.0,1,GREEN,0
ironing,ironing,1.0,1,GREEN,0
ironing,ironing,1.0,1,GREEN,0
ironing,ironing,1.0,1,GREEN,0
ironing,ironing,1.0,1,GREEN,0
ironing,ironing,1.0,1,GREEN,0
ironing,ironing,1.0,1,GREEN,0
ironing,ironing,1.0,1,GREEN,0
ironing,ironing,1.0,1,GREEN,0
ironing,ironing,1.0,1,GREEN,0
ironing,ironing,1.0,1,GREEN,0
ironing,ironing,1.0,1,GREEN,0
ironing,ironing,1.0,1,GREEN,0
ironing,ironing,1.0,1,GREEN,0
ironing,ironing,1.0,1,GREEN,0
ironing,ironing,1.0,1,GREEN,0
ironing,ironing,1.0,1,GREEN,0
ironing,ironing,1.0,1,GREEN,0
ironing,ironing,1.0,1,GREEN,0
ironing,ironing,1.0,1,GREEN,0
ironing,ironing,1.0,1,GREEN,0
ironing,ironing,1.0,1,GREEN,0
ironing,ironing,1.0,1,GREEN,0
ironing,ironing,1.0,1,GREEN,0
ironing,ironing,1.0,1,GREEN,0
ironing,ironing,1.0,1,GREEN,0
ironing,ironing,1.0,1,GREEN,0
ironing,ironing,1.0,1,GREEN,0
ironing,ironing,1.0,1,GREEN,0
ironing,ironing,1.0,1,GREEN,0
ironing,ironing,1.0,1,GREEN,0
ironing,ironing,1.0,1,GREEN,0
ironing,ironing,1.0,1,GREEN,0
ironing,ironing,1.0,1,GREEN,0
ironing,ironing,1.0,1,GREEN,0
ironing,ironing,1.0,1,GREEN,0
ironing,ironing,1.0,1,GREEN,0
ironing,ironing,1.0,1,GREEN,0
ironing,ironing,1.0,1,GREEN,0
ironing,ironing,1.0,1,GREEN,0
ironing,ironing,1.0,1,GREEN,0
ironing,ironing,1.0,1,GREEN,0
ironing,ironing,1.0,1,GREEN,0
ironing,ironing,1.0,1,GREEN,0
ironing,ironing,1.0,1,GREEN,0
ironing,ironing,1.0,1,GREEN,0
ironing,ironing,1.0,1,GREEN,0
ironing,ironing,1.0,1,GREEN,0
ironing,ironing,1.0,1,GREEN,0
ironing,ironing,1.0,1,GREEN,0
ironing,ironing,1.0,1,GREEN,0
ironing,ironing,1.0,1,GREEN,0
ironing,ironing,1.0,1,GREEN,0
ironing,ironing,1.0,1,GREEN,0
ironing,ironing,1.0,1,GREEN,0
ironing,ironing,1.0,1,GREEN,0
ironing,ironing,1.0,1,GREEN,0
ironing,ironing,1.0,1,GREEN,0
ironing,ironing,1.0,1,GREEN,0
ironing,ironing,1.0,1,GREEN,0
ironing,ironing,1.0,1,GREEN,0
ironing,ironing,1.0,1,GREEN,0
ironing,ironing,1.0,1,GREEN,0
ironing,ironing,1.0,1,GREEN,0
ironing,ironing,1.0,1,GREEN,0
ironing,ironing,1.0,1,GREEN,0
ironing,ironing,1.0,1,GREEN,0
ironing,ironing,1.0,1,GREEN,0
ironing,ironing,1.0,1,GREEN,0
ironing,ironing,1.0,1,GREEN,0
ironing,ironing,1.0,1,GREEN,0
ironing,ironing,1.0,1,GREEN,0
ironing,ironing,1.0,1,GREEN,0
ironing,ironing,1.0,1,GREEN,0
ironing,ironing,1.0,1,GREEN,0
ironing,ironing,1.0,1,GREEN,0
ironing,ironing,1.0,1,GREEN,0
ironing,ironing,1.0,1,GREEN,0
ironing,ironing,1.0,1,GREEN,0
ironing,ironing,1.0,1,GREEN,0
ironing,ironing,1.0,1,GREEN,0
ironing,ironing,1.0,1,GREEN,0
ironing,ironing,1.0,1,GREEN,0
ironing,ironing,1.0,1,GREEN,0
ironing,ironing,1.0,1,GREEN,0
ironing,ironing,1.0,1,GREEN,0
ironing,ironing,1.0,1,GREEN,0
ironing,ironing,1.0,1,GREEN,0
ironing,ironing,1.0,1,GREEN,0
ironing,ironing,1.0,1,GREEN,0
ironing,ironing,1.0,1,GREEN,0
ironing,ironing,1.0,1,GREEN,0
ironing,ironing,1.0,1,GREEN,0
ironing,ironing,1.0,1,GREEN,0
ironing,ironing,1.0,1,GREEN,0
ironing,ironing,1.0,1,GREEN,0
ironing,ironing,1.0,1,GREEN,0
ironing,ironing,1.0,1,GREEN,0
ironing,ironing,1.0,1,GREEN,0
ironing,ironing,1.0,1,GREEN,0
ironing,ironing,1.0,1,GREEN,0
ironing,ironing,1.0,1,GREEN,0
ironing,ironing,1.0,1,GREEN,0
ironing,ironing,1.0,1,GREEN,0
ironing,ironing,1.0,1,GREEN,0
ironing,ironing,1.0,1,GREEN,0
ironing,ironing,1.0,1,GREEN,0
ironing,ironing,1.0,1,GREEN,0
ironing,ironing,1.0,1,GREEN,0
ironing,ironing,1.0,1,GREEN,0
ironing,ironing,1.0,1,GREEN,0
ironing,ironing,1.0,1,GREEN,0
ironing,ironing,1.0,1,GREEN,0
ironing,ironing,1.0,1,GREEN,0
ironing,ironing,1.0,1,GREEN,0
ironing,ironing,1.0,1,GREEN,0
ironing,ironing,1.0,1,GREEN,0
ironing,ironing,1.0,1,GREEN,0
ironing,ironing,1.0,1,GREEN,0
ironing,ironing,1.0,1,GREEN,0
ironing,ironing,1.0,1,GREEN,0
ironing,ironing,1.0,1,GREEN,0
ironing,ironing,1.0,1,GREEN,0
ironing,ironing,1.0,1,GREEN,0
ironing,ironing,1.0,1,GREEN,0
ironing,ironing,1.0,1,GREEN,0
ironing,ironing,1.0,1,GREEN,0
ironing,ironing,1.0,1,GREEN,0
ironing,ironing,1.0,1,GREEN,0
ironing,ironing,1.0,1,GREEN,0
ironing,ironing,1.0,1,GREEN,0
ironing,ironing,1.0,1,GREEN,0
ironing,ironing,1.0,1,GREEN,0
ironing,ironing,1.0,1,GREEN,0
ironing,ironing,1.0,1,GREEN,0
ironing,ironing,1.0,1,GREEN,0
ironing,ironing,1.0,1,GREEN,0
ironing,ironing,1.0,1,GREEN,0
ironing,ironing,1.0,1,GREEN,0
ironing,ironing,1.0,1,GREEN,0
ironing,ironing,1.0,1,GREEN,0
ironing,ironing,1.0,1,GREEN,0
ironing,ironing,1.0,1,GREEN,0
ironing,ironing,1.0,1,GREEN,0
ironing,ironing,1.0,1,GREEN,0
ironing,ironing,1.0,1,GREEN,0
ironing,ironing,1.0,1,GREEN,0
ironing,ironing,1.0,1,GREEN,0
ironing,ironing,1.0,1,GREEN,0
ironing,ironing,1.0,1,GREEN,0
ironing,ironing,1.0,1,GREEN,0
ironing,ironing,1.0,1,GREEN,0
ironing,ironing,1.0,1,GREEN,0
ironing,ironing,1.0,1,GREEN,0
ironing,ironing,1.0,1,GREEN,0
ironing,ironing,1.0,1,GREEN,0
ironing,ironing,1.0,1,GREEN,0
ironing,ironing,1.0,1,GREEN,0
ironing,ironing,1.0,1,GREEN,0
ironing,ironing,1.0,1,GREEN,0
ironing,ironing,1.0,1,GREEN,0
ironing,ironing,1.0,1,GREEN,0
ironing,ironing,1.0,1,GREEN,0
ironing,ironing,1.0,1,GREEN,0
ironing,ironing,1.0,1,GREEN,0
ironing,ironing,1.0,1,GREEN,0
ironing,ironing,1.0,1,GREEN,0
ironing,ironing,1.0,1,GREEN,0
ironing,ironing,1.0,1,GREEN,0
ironing,ironing,1.0,1,GREEN,0
ironing,ironing,1.0,1,GREEN,0
ironing,ironing,1.0,1,GREEN,0
ironing,ironing,1.0,1,GREEN,0
ironing,ironing,1.0,1,GREEN,0
ironing,ironing,1.0,1,GREEN,0
ironing,ironing,1.0,1,GREEN,0
ironing,ironing,1.0,1,GREEN,0
ironing,ironing,1.0,1,GREEN,0
ironing,ironing,1.0,1,GREEN,0
ironing,ironing,1.0,1,GREEN,0
ironing,ironing,1.0,1,GREEN,0
ironing,ironing,1.0,1,GREEN,0
ironing,ironing,1.0,1,GREEN,0
ironing,ironing,1.0,1,GREEN,0
ironing,ironing,1.0,1,GREEN,0
ironing,ironing,1.0,1,GREEN,0
ironing,ironing,1.0,1,GREEN,0
ironing,ironing,1.0,1,GREEN,0
ironing,ironing,1.0,1,GREEN,0
ironing,ironing,1.0,1,GREEN,0
ironing,ironing,1.0,1,GREEN,0
ironing,ironing,1.0,1,GREEN,0
ironing,ironing,1.0,1,GREEN,0
ironing,ironing,1.0,1,GREEN,0
ironing,ironing,1.0,1,GREEN,0
ironing,ironing,1.0,1,GREEN,0
ironing,ironing,1.0,1,GREEN,0
ironing,ironing,1.0,1,GREEN,0
ironing,ironing,1.0,1,GREEN,0
ironing,ironing,1.0,1,GREEN,0
ironing,ironing,1.0,1,GREEN,0
ironing,ironing,1.0,1,GREEN,0
ironing,ironing,1.0,1,GREEN,0
ironing,ironing,1.0,1,GREEN,0
ironing,ironing,1.0,1,GREEN,0
ironing,ironing,1.0,1,GREEN,0
ironing,ironing,1.0,1,GREEN,0
ironing,ironing,1.0,1,GREEN,0
ironing,ironing,1.0,1,GREEN,0
ironing,ironing,1.0,1,GREEN,0
ironing,ironing,1.0,1,GREEN,0
ironing,ironing,1.0,1,GREEN,0
ironing,ironing,1.0,1,GREEN,0
ironing,ironing,1.0,1,GREEN,0
ironing,ironing,1.0,1,GREEN,0
ironing,ironing,1.0,1,GREEN,0
ironing,ironing,1.0,1,GREEN,0
ironing,ironing,1.0,1,GREEN,0
ironing,ironing,1.0,1,GREEN,0
ironing,ironing,1.0,1,GREEN,0
ironing,ironing,1.0,1,GREEN,0
ironing,ironing,1.0,1,GREEN,0
ironing,ironing,1.0,1,GREEN,0
ironing,ironing,1.0,1,GREEN,0
ironing,ironing,1.0,1,GREEN,0
ironing,ironing,1.0,1,GREEN,0
ironing,ironing,1.0,1,GREEN,0
ironing,ironing,1.0,1,GREEN,0
ironing,ironing,1.0,1,GREEN,0
ironing,ironing,1.0,1,GREEN,0
ironing,ironing,1.0,1,GREEN,0
ironing,ironing,1.0,1,GREEN,0
ironing,ironing,1.0,1,GREEN,0
ironing,ironing,1.0,1,GREEN,0
ironing,ironing,1.0,1,GREEN,0
ironing,ironing,1.0,1,GREEN,0
ironing,ironing,1.0,1,GREEN,0
ironing,ironing,1.0,1,GREEN,0
ironing,ironing,1.0,1,GREEN,0
ironing,ironing,1.0,1,GREEN,0
ironing,ironing,1.0,1,GREEN,0
ironing,ironing,1.0,1,GREEN,0
ironing,ironing,1.0,1,GREEN,0
ironing,ironing,1.0,1,GREEN,0
ironing,ironing,1.0,1,GREEN,0
ironing,ironing,1.0,1,GREEN,0
ironing,ironing,1.0,1,GREEN,0
ironing,ironing,1.0,1,GREEN,0
ironing,ironing,1.0,1,GREEN,0
ironing,ironing,1.0,1,GREEN,0
ironing,ironing,1.0,1,GREEN,0
ironing,ironing,1.0,1,GREEN,0
ironing,ironing,1.0,1,GREEN,0
ironing,ironing,1.0,1,GREEN,0
ironing,ironing,1.0,1,GREEN,0
ironing,ironing,1.0,1,GREEN,0
ironing,ironing,1.0,1,GREEN,0
ironing,ironing,1.0,1,GREEN,0
ironing,ironing,1.0,1,GREEN,0
ironing,ironing,1.0,1,GREEN,0
ironing,ironing,1.0,1,GREEN,0
ironing,ironing,1.0,1,GREEN,0
ironing,ironing,1.0,1,GREEN,0
ironing,ironing,1.0,1,GREEN,0
ironing,ironing,1.0,1,GREEN,0
ironing,ironing,1.0,1,GREEN,0
ironing,ironing,1.0,1,GREEN,0
ironing,ironing,1.0,1,GREEN,0
ironing,ironing,1.0,1,GREEN,0
ironing,ironing,1.0,1,GREEN,0
ironing,ironing,1.0,1,GREEN,0
ironing,ironing,1.0,1,GREEN,0
ironing,ironing,1.0,1,GREEN,0
ironing,ironing,1.0,1,GREEN,0
ironing,ironing,1.0,1,GREEN,0
ironing,ironing,1.0,1,GREEN,0
ironing,ironing,1.0,1,GREEN,0
ironing,ironing,1.0,1,GREEN,0
ironing,ironing,1.0,1,GREEN,0
ironing,ironing,1.0,1,GREEN,0
ironing,ironing,1.0,1,GREEN,0
ironing,ironing,1.0,1,GREEN,0
ironing,ironing,1.0,1,GREEN,0
ironing,ironing,1.0,1,GREEN,0
ironing,ironing,1.0,1,GREEN,0
ironing,ironing,1.0,1,GREEN,0
ironing,ironing,1.0,1,GREEN,0
ironing,ironing,1.0,1,GREEN,0
ironing,ironing,1.0,1,GREEN,0
ironing,ironing,1.0,1,GREEN,0
ironing,ironing,1.0,1,GREEN,0
ironing,ironing,1.0,1,GREEN,0
ironing,ironing,1.0,1,GREEN,0
ironing,ironing,1.0,1,GREEN,0
ironing,ironing,1.0,1,GREEN,0
ironing,ironing,1.0,1,GREEN,0
ironing,ironing,1.0,1,GREEN,0
ironing,ironing,1.0,1,GREEN,0
ironing,ironing,1.0,1,GREEN,0
ironing,ironing,1.0,1,GREEN,0
ironing,ironing,1.0,1,GREEN,0
ironing,ironing,1.0,1,GREEN,0
ironing,ironing,1.0,1,GREEN,0
ironing,ironing,1.0,1,GREEN,0
ironing,ironing,1.0,1,GREEN,0
ironing,ironing,1.0,1,GREEN,0
ironing,ironing,1.0,1,GREEN,0
ironing,ironing,1.0,1,GREEN,0
ironing,ironing,1.0,1,GREEN,0
ironing,ironing,1.0,1,GREEN,0
ironing,ironing,1.0,1,GREEN,0
ironing,ironing,1.0,1,GREEN,0
ironing,ironing,1.0,1,GREEN,0
ironing,ironing,1.0,1,GREEN,0
ironing,ironing,1.0,1,GREEN,0
ironing,ironing,1.0,1,GREEN,0
ironing,ironing,1.0,1,GREEN,0
ironing,ironing,1.0,1,GREEN,0
ironing,ironing,1.0,1,GREEN,0
ironing,ironing,1.0,1,GREEN,0
ironing,ironing,1.0,1,GREEN,0
ironing,ironing,1.0,1,GREEN,0
ironing,ironing,1.0,1,GREEN,0
ironing,ironing,1.0,1,GREEN,0
ironing,ironing,1.0,1,GREEN,0
ironing,ironing,1.0,1,GREEN,0
ironing,ironing,1.0,1,GREEN,0
ironing,ironing,1.0,1,GREEN,0
ironing,ironing,1.0,1,GREEN,0
ironing,ironing,1.0,1,GREEN,0
ironing,ironing,1.0,1,GREEN,0
ironing,ironing,1.0,1,GREEN,0
ironing,ironing,1.0,1,GREEN,0
ironing,ironing,1.0,1,GREEN,0
ironing,ironing,1.0,1,GREEN,0
ironing,ironing,1.0,1,GREEN,0
ironing,ironing,1.0,1,GREEN,0
ironing,ironing,1.0,1,GREEN,0
ironing,ironing,1.0,1,GREEN,0
ironing,ironing,1.0,1,GREEN,0
ironing,ironing,1.0,1,GREEN,0
ironing,ironing,1.0,1,GREEN,0
ironing,ironing,1.0,1,GREEN,0
ironing,ironing,1.0,1,GREEN,0
ironing,ironing,1.0,1,GREEN,0
ironing,ironing,1.0,1,GREEN,0
ironing,ironing,1.0,1,GREEN,0
ironing,ironing,1.0,1,GREEN,0
ironing,ironing,1.0,1,GREEN,0
ironing,ironing,1.0,1,GREEN,0
ironing,ironing,1.0,1,GREEN,0
ironing,ironing,1.0,1,GREEN,0
ironing,ironing,1.0,1,GREEN,0
ironing,ironing,1.0,1,GREEN,0
ironing,ironing,1.0,1,GREEN,0
ironing,ironing,1.0,1,GREEN,0
ironing,ironing,1.0,1,GREEN,0
ironing,ironing,1.0,1,GREEN,0
ironing,ironing,1.0,1,GREEN,0
ironing,ironing,1.0,1,GREEN,0
ironing,ironing,1.0,1,GREEN,0
ironing,ironing,1.0,1,GREEN,0
ironing,ironing,1.0,1,GREEN,0
ironing,ironing,1.0,1,GREEN,0
ironing,ironing,1.0,1,GREEN,0
ironing,ironing,1.0,1,GREEN,0
ironing,ironing,1.0,1,GREEN,0
ironing,ironing,1.0,1,GREEN,0
ironing,ironing,1.0,1,GREEN,0
ironing,ironing,1.0,1,GREEN,0
ironing,ironing,1.0,1,GREEN,0
ironing,ironing,1.0,1,GREEN,0
ironing,ironing,1.0,1,GREEN,0
ironing,ironing,1.0,1,GREEN,0
ironing,ironing,1.0,1,GREEN,0
ironing,ironing,1.0,1,GREEN,0
ironing,ironing,1.0,1,GREEN,0
ironing,ironing,1.0,1,GREEN,0
ironing,ironing,1.0,1,GREEN,0
ironing,ironing,1.0,1,GREEN,0
ironing,ironing,1.0,1,GREEN,0
ironing,ironing,1.0,1,GREEN,0
ironing,ironing,1.0,1,GREEN,0
ironing,ironing,1.0,1,GREEN,0
ironing,ironing,1.0,1,GREEN,0
ironing,ironing,1.0,1,GREEN,0
ironing,ironing,1.0,1,GREEN,0
ironing,ironing,1.0,1,GREEN,0
ironing,ironing,1.0,1,GREEN,0
ironing,ironing,1.0,1,GREEN,0
ironing,ironing,1.0,1,GREEN,0
ironing,ironing,1.0,1,GREEN,0
ironing,ironing,1.0,1,GREEN,0
ironing,ironing,1.0,1,GREEN,0
ironing,ironing,1.0,1,GREEN,0
ironing,ironing,1.0,1,GREEN,0
ironing,ironing,1.0,1,GREEN,0
ironing,ironing,1.0,1,GREEN,0
ironing,ironing,1.0,1,GREEN,0
ironing,ironing,1.0,1,GREEN,0
ironing,ironing,1.0,1,GREEN,0
ironing,ironing,1.0,1,GREEN,0
ironing,ironing,1.0,1,GREEN,0
ironing,ironing,1.0,1,GREEN,0
ironing,ironing,1.0,1,GREEN,0
ironing,ironing,1.0,1,GREEN,0
ironing,ironing,1.0,1,GREEN,0
ironing,ironing,1.0,1,GREEN,0
ironing,ironing,1.0,1,GREEN,0
ironing,ironing,1.0,1,GREEN,0
ironing,ironing,1.0,1,GREEN,0
ironing,ironing,1.0,1,GREEN,0
ironing,ironing,1.0,1,GREEN,0
ironing,ironing,1.0,1,GREEN,0
ironing,ironing,1.0,1,GREEN,0
ironing,ironing,1.0,1,GREEN,0
ironing,ironing,1.0,1,GREEN,0
ironing,ironing,1.0,1,GREEN,0
ironing,ironing,1.0,1,GREEN,0
ironing,ironing,1.0,1,GREEN,0
ironing,ironing,1.0,1,GREEN,0
ironing,ironing,1.0,1,GREEN,0
ironing,ironing,1.0,1,GREEN,0
ironing,ironing,1.0,1,GREEN,0
ironing,ironing,1.0,1,GREEN,0
ironing,ironing,1.0,1,GREEN,0
ironing,ironing,1.0,1,GREEN,0
ironing,ironing,1.0,1,GREEN,0
ironing,ironing,1.0,1,GREEN,0
ironing,ironing,1.0,1,GREEN,0
ironing,ironing,1.0,1,GREEN,0
ironing,ironing,1.0,1,GREEN,0
ironing,ironing,1.0,1,GREEN,0
ironing,ironing,1.0,1,GREEN,0
ironing,ironing,1.0,1,GREEN,0
ironing,ironing,1.0,1,GREEN,0
ironing,ironing,1.0,1,GREEN,0
ironing,ironing,1.0,1,GREEN,0
ironing,ironing,1.0,1,GREEN,0
ironing,ironing,1.0,1,GREEN,0
ironing,ironing,1.0,1,GREEN,0
ironing,ironing,1.0,1,GREEN,0
ironing,ironing,1.0,1,GREEN,0
ironing,ironing,1.0,1,GREEN,0
ironing,ironing,1.0,1,GREEN,0
ironing,ironing,1.0,1,GREEN,0
ironing,ironing,1.0,1,GREEN,0
ironing,ironing,1.0,1,GREEN,0
ironing,ironing,1.0,1,GREEN,0
ironing,ironing,1.0,1,GREEN,0
ironing,ironing,1.0,1,GREEN,0
ironing,ironing,1.0,1,GREEN,0
ironing,ironing,1.0,1,GREEN,0
ironing,ironing,1.0,1,GREEN,0
ironing,ironing,1.0,1,GREEN,0
ironing,ironing,1.0,1,GREEN,0
ironing,ironing,1.0,1,GREEN,0
ironing,ironing,1.0,1,GREEN,0
ironing,ironing,1.0,1,GREEN,0
ironing,ironing,1.0,1,GREEN,0
ironing,ironing,1.0,1,GREEN,0
ironing,ironing,1.0,1,GREEN,0
ironing,ironing,1.0,1,GREEN,0
ironing,ironing,1.0,1,GREEN,0
ironing,ironing,1.0,1,GREEN,0
ironing,ironing,1.0,1,GREEN,0
ironing,ironing,1.0,1,GREEN,0
ironing,ironing,1.0,1,GREEN,0
ironing,ironing,1.0,1,GREEN,0
ironing,ironing,1.0,1,GREEN,0
ironing,ironing,1.0,1,GREEN,0
ironing,ironing,1.0,1,GREEN,0
ironing,ironing,1.0,1,GREEN,0
ironing,ironing,1.0,1,GREEN,0
ironing,ironing,1.0,1,GREEN,0
ironing,ironing,1.0,1,GREEN,0
ironing,ironing,1.0,1,GREEN,0
ironing,ironing,1.0,1,GREEN,0
ironing,ironing,1.0,1,GREEN,0
ironing,ironing,1.0,1,GREEN,0
ironing,ironing,1.0,1,GREEN,0
ironing,ironing,1.0,1,GREEN,0
ironing,ironing,1.0,1,GREEN,0
ironing,ironing,1.0,1,GREEN,0
ironing,ironing,1.0,1,GREEN,0
ironing,ironing,1.0,1,GREEN,0
ironing,ironing,1.0,1,GREEN,0
ironing,ironing,1.0,1,GREEN,0
ironing,ironing,1.0,1,GREEN,0
ironing,ironing,1.0,1,GREEN,0
ironing,ironing,1.0,1,GREEN,0
ironing,ironing,1.0,1,GREEN,0
ironing,ironing,1.0,1,GREEN,0
ironing,ironing,1.0,1,GREEN,0
ironing,ironing,1.0,1,GREEN,0
ironing,ironing,1.0,1,GREEN,0
ironing,ironing,1.0,1,GREEN,0
ironing,ironing,1.0,1,GREEN,0
ironing,ironing,1.0,1,GREEN,0
ironing,ironing,1.0,1,GREEN,0
ironing,ironing,1.0,1,GREEN,0
ironing,ironing,1.0,1,GREEN,0
ironing,ironing,1.0,1,GREEN,0
ironing,ironing,1.0,1,GREEN,0
ironing,ironing,1.0,1,GREEN,0
ironing,ironing,1.0,1,GREEN,0
ironing,ironing,1.0,1,GREEN,0
ironing,ironing,1.0,1,GREEN,0
ironing,ironing,1.0,1,GREEN,0
ironing,ironing,1.0,1,GREEN,0
ironing,ironing,1.0,1,GREEN,0
ironing,ironing,1.0,1,GREEN,0
ironing,ironing,1.0,1,GREEN,0
ironing,ironing,1.0,1,GREEN,0
ironing,ironing,1.0,1,GREEN,0
ironing,ironing,1.0,1,GREEN,0
ironing,ironing,1.0,1,GREEN,0
ironing,ironing,1.0,1,GREEN,0
ironing,ironing,1.0,1,GREEN,0
ironing,ironing,1.0,1,GREEN,0
ironing,ironing,1.0,1,GREEN,0
ironing,ironing,1.0,1,GREEN,0
ironing,ironing,1.0,1,GREEN,0
ironing,ironing,1.0,1,GREEN,0
ironing,ironing,1.0,1,GREEN,0
ironing,ironing,1.0,1,GREEN,0
ironing,ironing,1.0,1,GREEN,0
ironing,ironing,1.0,1,GREEN,0
ironing,ironing,1.0,1,GREEN,0
ironing,ironing,1.0,1,GREEN,0
ironing,ironing,1.0,1,GREEN,0
ironing,ironing,1.0,1,GREEN,0
ironing,ironing,1.0,1,GREEN,0
ironing,ironing,1.0,1,GREEN,0
ironing,ironing,1.0,1,GREEN,0
ironing,ironing,1.0,1,GREEN,0
ironing,ironing,1.0,1,GREEN,0
ironing,ironing,1.0,1,GREEN,0
ironing,ironing,1.0,1,GREEN,0
ironing,ironing,1.0,1,GREEN,0
ironing,ironing,1.0,1,GREEN,0
ironing,ironing,1.0,1,GREEN,0
ironing,ironing,1.0,1,GREEN,0
ironing,ironing,1.0,1,GREEN,0
ironing,ironing,1.0,1,GREEN,0
ironing,ironing,1.0,1,GREEN,0
ironing,ironing,1.0,1,GREEN,0
ironing,ironing,1.0,1,GREEN,0
ironing,ironing,1.0,1,GREEN,0
ironing,ironing,1.0,1,GREEN,0
ironing,ironing,1.0,1,GREEN,0
ironing,ironing,1.0,1,GREEN,0
ironing,ironing,1.0,1,GREEN,0
ironing,ironing,1.0,1,GREEN,0
ironing,ironing,1.0,1,GREEN,0
ironing,ironing,1.0,1,GREEN,0
ironing,ironing,1.0,1,GREEN,0
ironing,ironing,1.0,1,GREEN,0
ironing,ironing,1.0,1,GREEN,0
ironing,ironing,1.0,1,GREEN,0
ironing,ironing,1.0,1,GREEN,0
ironing,ironing,1.0,1,GREEN,0
ironing,ironing,1.0,1,GREEN,0
ironing,ironing,1.0,1,GREEN,0
ironing,ironing,1.0,1,GREEN,0
ironing,ironing,1.0,1,GREEN,0
ironing,ironing,1.0,1,GREEN,0
ironing,ironing,1.0,1,GREEN,0
ironing,ironing,1.0,1,GREEN,0
ironing,ironing,1.0,1,GREEN,0
ironing,ironing,1.0,1,GREEN,0
ironing,ironing,1.0,1,GREEN,0
ironing,ironing,1.0,1,GREEN,0
ironing,ironing,1.0,1,GREEN,0
ironing,ironing,1.0,1,GREEN,0
ironing,ironing,1.0,1,GREEN,0
ironing,ironing,1.0,1,GREEN,0
ironing,ironing,1.0,1,GREEN,0
ironing,ironing,1.0,1,GREEN,0
ironing,ironing,1.0,1,GREEN,0
ironing,ironing,1.0,1,GREEN,0
ironing,ironing,1.0,1,GREEN,0
ironing,ironing,1.0,1,GREEN,0
ironing,ironing,1.0,1,GREEN,0
ironing,ironing,1.0,1,GREEN,0
ironing,ironing,1.0,1,GREEN,0
ironing,ironing,1.0,1,GREEN,0
ironing,ironing,1.0,1,GREEN,0
ironing,ironing,1.0,1,GREEN,0
ironing,ironing,1.0,1,GREEN,0
ironing,ironing,1.0,1,GREEN,0
ironing,ironing,1.0,1,GREEN,0
ironing,ironing,1.0,1,GREEN,0
ironing,ironing,1.0,1,GREEN,0
ironing,ironing,1.0,1,GREEN,0
ironing,ironing,1.0,1,GREEN,0
ironing,ironing,1.0,1,GREEN,0
ironing,ironing,1.0,1,GREEN,0
ironing,ironing,1.0,1,GREEN,0
ironing,ironing,1.0,1,GREEN,0
ironing,ironing,1.0,1,GREEN,0
ironing,ironing,1.0,1,GREEN,0
ironing,ironing,1.0,1,GREEN,0
ironing,ironing,1.0,1,GREEN,0
ironing,ironing,1.0,1,GREEN,0
ironing,ironing,1.0,1,GREEN,0
ironing,ironing,1.0,1,GREEN,0
ironing,ironing,1.0,1,GREEN,0
ironing,ironing,1.0,1,GREEN,0
ironing,ironing,1.0,1,GREEN,0
ironing,ironing,1.0,1,GREEN,0
ironing,ironing,1.0,1,GREEN,0
ironing,ironing,1.0,1,GREEN,0
ironing,ironing,1.0,1,GREEN,0
ironing,ironing,1.0,1,GREEN,0
ironing,ironing,1.0,1,GREEN,0
ironing,ironing,1.0,1,GREEN,0
ironing,ironing,1.0,1,GREEN,0
ironing,ironing,1.0,1,GREEN,0
ironing,ironing,1.0,1,GREEN,0
ironing,ironing,1.0,1,GREEN,0
ironing,ironing,1.0,1,GREEN,0
ironing,ironing,1.0,1,GREEN,0
ironing,ironing,1.0,1,GREEN,0
ironing,ironing,1.0,1,GREEN,0
ironing,ironing,1.0,1,GREEN,0
ironing,ironing,1.0,1,GREEN,0
ironing,ironing,1.0,1,GREEN,0
ironing,ironing,1.0,1,GREEN,0
ironing,ironing,1.0,1,GREEN,0
ironing,ironing,1.0,1,GREEN,0
ironing,ironing,1.0,1,GREEN,0
ironing,ironing,1.0,1,GREEN,0
ironing,ironing,1.0,1,GREEN,0
ironing,ironing,1.0,1,GREEN,0
ironing,ironing,1.0,1,GREEN,0
ironing,ironing,1.0,1,GREEN,0
ironing,ironing,1.0,1,GREEN,0
ironing,ironing,1.0,1,GREEN,0
ironing,ironing,1.0,1,GREEN,0
ironing,ironing,0.812,1,GREEN,0
ironing,ironing,0.992,1,GREEN,0
ironing,ironing,0.993,1,GREEN,0
ironing,ironing,0.988,1,GREEN,0
ironing,ironing,0.985,1,GREEN,0
ironing,ironing,0.953,1,GREEN,0
ironing,ironing,0.96,1,GREEN,0
ironing,ironing,0.986,1,GREEN,0
ironing,ironing,0.994,1,GREEN,0
ironing,ironing,0.988,1,GREEN,0
ironing,ironing,0.976,1,GREEN,0
ironing,ironing,0.981,1,GREEN,0
ironing,ironing,0.995,1,GREEN,0
ironing,ironing,0.99,1,GREEN,0
ironing,ironing,0.982,1,GREEN,0
ironing,ironing,0.832,1,GREEN,0
ironing,ironing,0.862,1,GREEN,0
ironing,ironing,1.0,1,GREEN,0
ironing,ironing,1.0,1,GREEN,0
ironing,ironing,1.0,1,GREEN,0
ironing,ironing,1.0,1,GREEN,0
ironing,ironing,1.0,1,GREEN,0
ironing,ironing,1.0,1,GREEN,0
ironing,ironing,1.0,1,GREEN,0
ironing,ironing,1.0,1,GREEN,0
ironing,ironing,1.0,1,GREEN,0
ironing,ironing,1.0,1,GREEN,0
ironing,ironing,1.0,1,GREEN,0
ironing,ironing,1.0,1,GREEN,0
ironing,ironing,1.0,1,GREEN,0
ironing,ironing,1.0,1,GREEN,0
ironing,ironing,1.0,1,GREEN,0
ironing,ironing,1.0,1,GREEN,0
ironing,ironing,1.0,1,GREEN,0
ironing,ironing,1.0,1,GREEN,0
ironing,ironing,1.0,1,GREEN,0
ironing,ironing,1.0,1,GREEN,0
ironing,ironing,1.0,1,GREEN,0
ironing,ironing,1.0,1,GREEN,0
ironing,ironing,1.0,1,GREEN,0
ironing,ironing,1.0,1,GREEN,0
ironing,ironing,1.0,1,GREEN,0
ironing,ironing,1.0,1,GREEN,0
ironing,ironing,1.0,1,GREEN,0
ironing,ironing,1.0,1,GREEN,0
ironing,ironing,1.0,1,GREEN,0
ironing,ironing,1.0,1,GREEN,0
ironing,ironing,1.0,1,GREEN,0
ironing,ironing,1.0,1,GREEN,0
ironing,ironing,1.0,1,GREEN,0
ironing,ironing,1.0,1,GREEN,0
ironing,ironing,1.0,1,GREEN,0
ironing,ironing,1.0,1,GREEN,0
ironing,ironing,1.0,1,GREEN,0
ironing,ironing,1.0,1,GREEN,0
ironing,ironing,1.0,1,GREEN,0
ironing,ironing,1.0,1,GREEN,0
ironing,ironing,1.0,1,GREEN,0
ironing,ironing,1.0,1,GREEN,0
ironing,ironing,1.0,1,GREEN,0
ironing,ironing,1.0,1,GREEN,0
ironing,ironing,1.0,1,GREEN,0
ironing,ironing,1.0,1,GREEN,0
ironing,ironing,1.0,1,GREEN,0
ironing,ironing,1.0,1,GREEN,0
ironing,ironing,1.0,1,GREEN,0
ironing,ironing,1.0,1,GREEN,0
ironing,ironing,1.0,1,GREEN,0
ironing,ironing,1.0,1,GREEN,0
ironing,ironing,1.0,1,GREEN,0
ironing,ironing,1.0,1,GREEN,0
ironing,ironing,1.0,1,GREEN,0
ironing,ironing,1.0,1,GREEN,0
ironing,ironing,1.0,1,GREEN,0
ironing,ironing,1.0,1,GREEN,0
ironing,ironing,1.0,1,GREEN,0
ironing,ironing,1.0,1,GREEN,0
ironing,ironing,1.0,1,GREEN,0
ironing,ironing,1.0,1,GREEN,0
ironing,ironing,1.0,1,GREEN,0
ironing,ironing,1.0,1,GREEN,0
ironing,ironing,1.0,1,GREEN,0
ironing,ironing,1.0,1,GREEN,0
ironing,ironing,1.0,1,GREEN,0
ironing,ironing,1.0,1,GREEN,0
ironing,ironing,1.0,1,GREEN,0
ironing,ironing,1.0,1,GREEN,0
ironing,ironing,1.0,1,GREEN,0
ironing,ironing,1.0,1,GREEN,0
ironing,ironing,1.0,1,GREEN,0
ironing,ironing,1.0,1,GREEN,0
ironing,ironing,1.0,1,GREEN,0
ironing,ironing,1.0,1,GREEN,0
ironing,ironing,1.0,1,GREEN,0
ironing,ironing,1.0,1,GREEN,0
ironing,ironing,1.0,1,GREEN,0
ironing,ironing,1.0,1,GREEN,0
ironing,ironing,1.0,1,GREEN,0
ironing,ironing,1.0,1,GREEN,0
ironing,ironing,1.0,1,GREEN,0
ironing,ironing,1.0,1,GREEN,0
vacuuming,ironing,1.0,0,GREEN,0
vacuuming,ironing,1.0,0,GREEN,0
vacuuming,vacuuming,0.754,1,GREEN,0
vacuuming,vacuuming,0.827,1,GREEN,0
vacuuming,vacuuming,0.953,1,GREEN,0
vacuuming,vacuuming,1.0,1,GREEN,0
vacuuming,vacuuming,1.0,1,GREEN,0
vacuuming,vacuuming,1.0,1,GREEN,0
vacuuming,vacuuming,1.0,1,GREEN,0
vacuuming,vacuuming,1.0,1,GREEN,0
vacuuming,vacuuming,1.0,1,GREEN,0
vacuuming,vacuuming,1.0,1,GREEN,0
vacuuming,vacuuming,0.923,1,GREEN,0
vacuuming,vacuuming,0.921,1,GREEN,0
vacuuming,vacuuming,0.922,1,GREEN,0
vacuuming,vacuuming,0.92,1,GREEN,0
vacuuming,vacuuming,0.959,1,GREEN,0
vacuuming,vacuuming,0.975,1,GREEN,0
vacuuming,vacuuming,0.973,1,GREEN,0
vacuuming,vacuuming,0.982,1,GREEN,0
vacuuming,vacuuming,0.983,1,GREEN,0
vacuuming,vacuuming,0.96,1,GREEN,0
vacuuming,vacuuming,0.961,1,GREEN,0
vacuuming,vacuuming,0.962,1,GREEN,0
vacuuming,vacuuming,0.957,1,GREEN,0
vacuuming,vacuuming,0.969,1,GREEN,0
vacuuming,vacuuming,0.969,1,GREEN,0
vacuuming,vacuuming,0.973,1,GREEN,0
vacuuming,vacuuming,0.978,1,GREEN,0
vacuuming,vacuuming,0.986,1,GREEN,0
vacuuming,vacuuming,0.981,1,GREEN,0
vacuuming,vacuuming,0.969,1,GREEN,0
vacuuming,vacuuming,0.989,1,GREEN,0
vacuuming,vacuuming,0.992,1,GREEN,0
vacuuming,vacuuming,0.976,1,GREEN,0
vacuuming,vacuuming,0.983,1,GREEN,0
vacuuming,vacuuming,0.976,1,GREEN,0
vacuuming,vacuuming,0.957,1,GREEN,0
vacuuming,vacuuming,0.943,1,GREEN,0
vacuuming,vacuuming,0.862,1,GREEN,0
vacuuming,vacuuming,0.891,1,GREEN,0
vacuuming,vacuuming,0.936,1,GREEN,0
vacuuming,vacuuming,0.924,1,GREEN,0
vacuuming,vacuuming,0.871,1,GREEN,0
vacuuming,vacuuming,0.792,1,GREEN,0
vacuuming,vacuuming,0.813,1,GREEN,0
vacuuming,vacuuming,0.878,1,GREEN,0
vacuuming,vacuuming,0.944,1,GREEN,0
vacuuming,vacuuming,0.906,1,GREEN,0
vacuuming,vacuuming,0.807,1,GREEN,0
vacuuming,vacuuming,0.932,1,GREEN,0
vacuuming,vacuuming,0.765,1,GREEN,0
vacuuming,vacuuming,0.808,1,GREEN,0
vacuuming,vacuuming,0.903,1,GREEN,0
vacuuming,vacuuming,0.843,1,GREEN,0
vacuuming,vacuuming,0.798,1,GREEN,0
vacuuming,vacuuming,0.798,1,GREEN,0
vacuuming,vacuuming,0.896,1,GREEN,0
vacuuming,vacuuming,0.592,1,YELLOW,0
vacuuming,vacuuming,0.83,1,GREEN,0
vacuuming,vacuuming,0.995,1,GREEN,0
vacuuming,vacuuming,0.973,1,GREEN,0
vacuuming,vacuuming,0.947,1,GREEN,0
vacuuming,vacuuming,0.97,1,GREEN,0
vacuuming,vacuuming,0.979,1,GREEN,0
vacuuming,vacuuming,0.955,1,GREEN,0
vacuuming,vacuuming,0.973,1,GREEN,0
vacuuming,vacuuming,0.982,1,GREEN,0
vacuuming,vacuuming,0.982,1,GREEN,0
vacuuming,vacuuming,0.972,1,GREEN,0
vacuuming,vacuuming,0.956,1,GREEN,0
vacuuming,vacuuming,0.968,1,GREEN,0
vacuuming,vacuuming,0.959,1,GREEN,0
vacuuming,vacuuming,0.96,1,GREEN,0
vacuuming,vacuuming,0.977,1,GREEN,0
vacuuming,vacuuming,0.983,1,GREEN,0
vacuuming,vacuuming,0.986,1,GREEN,0
vacuuming,vacuuming,0.972,1,GREEN,0
vacuuming,vacuuming,0.973,1,GREEN,0
vacuuming,vacuuming,0.969,1,GREEN,0
vacuuming,vacuuming,0.968,1,GREEN,0
vacuuming,vacuuming,0.983,1,GREEN,0
vacuuming,vacuuming,0.991,1,GREEN,0
vacuuming,vacuuming,0.966,1,GREEN,0
vacuuming,vacuuming,0.916,1,GREEN,0
vacuuming,vacuuming,0.951,1,GREEN,0
vacuuming,vacuuming,0.901,1,GREEN,0
vacuuming,vacuuming,1.0,1,GREEN,0
vacuuming,vacuuming,1.0,1,GREEN,0
vacuuming,vacuuming,1.0,1,GREEN,0
vacuuming,vacuuming,1.0,1,GREEN,0
vacuuming,vacuuming,1.0,1,GREEN,0
vacuuming,vacuuming,1.0,1,GREEN,0
vacuuming,vacuuming,1.0,1,GREEN,0
vacuuming,vacuuming,1.0,1,GREEN,0
vacuuming,vacuuming,1.0,1,GREEN,0
vacuuming,vacuuming,1.0,1,GREEN,0
vacuuming,vacuuming,1.0,1,GREEN,0
vacuuming,vacuuming,1.0,1,GREEN,0
vacuuming,vacuuming,1.0,1,GREEN,0
vacuuming,vacuuming,1.0,1,GREEN,0
vacuuming,vacuuming,1.0,1,GREEN,0
vacuuming,vacuuming,1.0,1,GREEN,0
vacuuming,vacuuming,1.0,1,GREEN,0
vacuuming,vacuuming,1.0,1,GREEN,0
vacuuming,vacuuming,1.0,1,GREEN,0
vacuuming,vacuuming,1.0,1,GREEN,0
vacuuming,vacuuming,1.0,1,GREEN,0
vacuuming,vacuuming,1.0,1,GREEN,0
vacuuming,vacuuming,1.0,1,GREEN,0
vacuuming,vacuuming,1.0,1,GREEN,0
vacuuming,vacuuming,1.0,1,GREEN,0
vacuuming,vacuuming,1.0,1,GREEN,0
vacuuming,vacuuming,1.0,1,GREEN,0
vacuuming,vacuuming,1.0,1,GREEN,0
vacuuming,vacuuming,1.0,1,GREEN,0
vacuuming,vacuuming,1.0,1,GREEN,0
vacuuming,vacuuming,1.0,1,GREEN,0
vacuuming,vacuuming,1.0,1,GREEN,0
vacuuming,vacuuming,1.0,1,GREEN,0
vacuuming,vacuuming,1.0,1,GREEN,0
vacuuming,vacuuming,1.0,1,GREEN,0
vacuuming,vacuuming,1.0,1,GREEN,0
vacuuming,vacuuming,1.0,1,GREEN,0
vacuuming,vacuuming,1.0,1,GREEN,0
vacuuming,vacuuming,1.0,1,GREEN,0
vacuuming,vacuuming,1.0,1,GREEN,0
vacuuming,vacuuming,1.0,1,GREEN,0
vacuuming,vacuuming,1.0,1,GREEN,0
vacuuming,vacuuming,1.0,1,GREEN,0
vacuuming,vacuuming,1.0,1,GREEN,0
vacuuming,vacuuming,1.0,1,GREEN,0
vacuuming,vacuuming,1.0,1,GREEN,0
vacuuming,vacuuming,1.0,1,GREEN,0
vacuuming,vacuuming,1.0,1,GREEN,0
vacuuming,vacuuming,1.0,1,GREEN,0
vacuuming,vacuuming,1.0,1,GREEN,0
vacuuming,vacuuming,1.0,1,GREEN,0
vacuuming,vacuuming,1.0,1,GREEN,0
vacuuming,vacuuming,1.0,1,GREEN,0
vacuuming,vacuuming,1.0,1,GREEN,0
vacuuming,vacuuming,1.0,1,GREEN,0
vacuuming,vacuuming,1.0,1,GREEN,0
vacuuming,vacuuming,1.0,1,GREEN,0
vacuuming,vacuuming,1.0,1,GREEN,0
vacuuming,vacuuming,1.0,1,GREEN,0
vacuuming,vacuuming,1.0,1,GREEN,0
vacuuming,vacuuming,1.0,1,GREEN,0
vacuuming,vacuuming,1.0,1,GREEN,0
vacuuming,vacuuming,1.0,1,GREEN,0
vacuuming,vacuuming,1.0,1,GREEN,0
vacuuming,vacuuming,1.0,1,GREEN,0
vacuuming,vacuuming,1.0,1,GREEN,0
vacuuming,vacuuming,1.0,1,GREEN,0
vacuuming,vacuuming,1.0,1,GREEN,0
vacuuming,vacuuming,1.0,1,GREEN,0
vacuuming,vacuuming,1.0,1,GREEN,0
vacuuming,vacuuming,1.0,1,GREEN,0
vacuuming,vacuuming,1.0,1,GREEN,0
vacuuming,vacuuming,1.0,1,GREEN,0
vacuuming,vacuuming,1.0,1,GREEN,0
vacuuming,vacuuming,1.0,1,GREEN,0
vacuuming,vacuuming,1.0,1,GREEN,0
vacuuming,vacuuming,1.0,1,GREEN,0
vacuuming,vacuuming,1.0,1,GREEN,0
vacuuming,vacuuming,1.0,1,GREEN,0
vacuuming,vacuuming,1.0,1,GREEN,0
vacuuming,vacuuming,1.0,1,GREEN,0
vacuuming,vacuuming,1.0,1,GREEN,0
vacuuming,vacuuming,1.0,1,GREEN,0
vacuuming,vacuuming,1.0,1,GREEN,0
vacuuming,vacuuming,1.0,1,GREEN,0
vacuuming,vacuuming,1.0,1,GREEN,0
vacuuming,vacuuming,1.0,1,GREEN,0
vacuuming,vacuuming,1.0,1,GREEN,0
vacuuming,vacuuming,0.946,1,GREEN,0
vacuuming,vacuuming,0.938,1,GREEN,0
vacuuming,vacuuming,0.978,1,GREEN,0
vacuuming,vacuuming,0.966,1,GREEN,0
vacuuming,vacuuming,0.961,1,GREEN,0
vacuuming,vacuuming,0.967,1,GREEN,0
vacuuming,vacuuming,0.956,1,GREEN,0
vacuuming,vacuuming,0.961,1,GREEN,0
vacuuming,vacuuming,0.965,1,GREEN,0
vacuuming,vacuuming,0.962,1,GREEN,0
vacuuming,vacuuming,1.0,1,GREEN,0
vacuuming,vacuuming,1.0,1,GREEN,0
vacuuming,vacuuming,1.0,1,GREEN,0
vacuuming,vacuuming,1.0,1,GREEN,0
vacuuming,vacuuming,1.0,1,GREEN,0
vacuuming,vacuuming,1.0,1,GREEN,0
vacuuming,vacuuming,1.0,1,GREEN,0
vacuuming,vacuuming,1.0,1,GREEN,0
vacuuming,vacuuming,1.0,1,GREEN,0
vacuuming,vacuuming,1.0,1,GREEN,0
vacuuming,vacuuming,1.0,1,GREEN,0
vacuuming,vacuuming,0.934,1,GREEN,0
vacuuming,vacuuming,0.937,1,GREEN,0
vacuuming,vacuuming,0.974,1,GREEN,0
vacuuming,vacuuming,0.965,1,GREEN,0
vacuuming,vacuuming,0.983,1,GREEN,0
vacuuming,vacuuming,0.992,1,GREEN,0
vacuuming,vacuuming,0.982,1,GREEN,0
vacuuming,vacuuming,0.959,1,GREEN,0
vacuuming,vacuuming,0.957,1,GREEN,0
vacuuming,vacuuming,0.936,1,GREEN,0
vacuuming,vacuuming,0.857,1,GREEN,0
vacuuming,vacuuming,0.9,1,GREEN,0
vacuuming,vacuuming,0.976,1,GREEN,0
vacuuming,vacuuming,0.973,1,GREEN,0
vacuuming,vacuuming,0.892,1,GREEN,0
vacuuming,vacuuming,0.944,1,GREEN,0
vacuuming,vacuuming,0.957,1,GREEN,0
vacuuming,vacuuming,0.967,1,GREEN,0
vacuuming,vacuuming,0.923,1,GREEN,0
vacuuming,vacuuming,0.939,1,GREEN,0
vacuuming,vacuuming,0.973,1,GREEN,0
vacuuming,vacuuming,0.979,1,GREEN,0
vacuuming,vacuuming,0.982,1,GREEN,0
vacuuming,vacuuming,0.972,1,GREEN,0
vacuuming,vacuuming,0.965,1,GREEN,0
vacuuming,vacuuming,0.964,1,GREEN,0
vacuuming,vacuuming,0.957,1,GREEN,0
vacuuming,vacuuming,0.949,1,GREEN,0
vacuuming,vacuuming,0.95,1,GREEN,0
vacuuming,vacuuming,0.964,1,GREEN,0
vacuuming,vacuuming,0.973,1,GREEN,0
vacuuming,vacuuming,1.0,1,GREEN,0
vacuuming,vacuuming,1.0,1,GREEN,0
vacuuming,vacuuming,1.0,1,GREEN,0
vacuuming,vacuuming,1.0,1,GREEN,0
vacuuming,vacuuming,1.0,1,GREEN,0
vacuuming,vacuuming,1.0,1,GREEN,0
vacuuming,vacuuming,1.0,1,GREEN,0
vacuuming,vacuuming,1.0,1,GREEN,0
vacuuming,vacuuming,1.0,1,GREEN,0
vacuuming,vacuuming,1.0,1,GREEN,0
vacuuming,vacuuming,1.0,1,GREEN,0
vacuuming,vacuuming,1.0,1,GREEN,0
vacuuming,vacuuming,1.0,1,GREEN,0
vacuuming,vacuuming,1.0,1,GREEN,0
vacuuming,vacuuming,1.0,1,GREEN,0
vacuuming,vacuuming,1.0,1,GREEN,0
vacuuming,vacuuming,1.0,1,GREEN,0
vacuuming,vacuuming,1.0,1,GREEN,0
vacuuming,vacuuming,1.0,1,GREEN,0
vacuuming,vacuuming,1.0,1,GREEN,0
vacuuming,vacuuming,1.0,1,GREEN,0
vacuuming,vacuuming,1.0,1,GREEN,0
vacuuming,vacuuming,1.0,1,GREEN,0
vacuuming,vacuuming,1.0,1,GREEN,0
vacuuming,vacuuming,1.0,1,GREEN,0
vacuuming,vacuuming,1.0,1,GREEN,0
vacuuming,vacuuming,1.0,1,GREEN,0
vacuuming,vacuuming,1.0,1,GREEN,0
vacuuming,vacuuming,1.0,1,GREEN,0
vacuuming,vacuuming,1.0,1,GREEN,0
vacuuming,vacuuming,1.0,1,GREEN,0
vacuuming,vacuuming,1.0,1,GREEN,0
vacuuming,vacuuming,1.0,1,GREEN,0
vacuuming,vacuuming,1.0,1,GREEN,0
vacuuming,vacuuming,1.0,1,GREEN,0
vacuuming,vacuuming,1.0,1,GREEN,0
vacuuming,vacuuming,1.0,1,GREEN,0
vacuuming,vacuuming,1.0,1,GREEN,0
vacuuming,vacuuming,1.0,1,GREEN,0
vacuuming,vacuuming,1.0,1,GREEN,0
vacuuming,vacuuming,1.0,1,GREEN,0
vacuuming,vacuuming,1.0,1,GREEN,0
vacuuming,vacuuming,1.0,1,GREEN,0
vacuuming,vacuuming,1.0,1,GREEN,0
vacuuming,vacuuming,1.0,1,GREEN,0
vacuuming,vacuuming,1.0,1,GREEN,0
vacuuming,vacuuming,1.0,1,GREEN,0
vacuuming,vacuuming,1.0,1,GREEN,0
vacuuming,vacuuming,1.0,1,GREEN,0
vacuuming,vacuuming,1.0,1,GREEN,0
vacuuming,vacuuming,1.0,1,GREEN,0
vacuuming,vacuuming,1.0,1,GREEN,0
vacuuming,vacuuming,1.0,1,GREEN,0
vacuuming,vacuuming,1.0,1,GREEN,0
vacuuming,vacuuming,1.0,1,GREEN,0
vacuuming,vacuuming,1.0,1,GREEN,0
vacuuming,vacuuming,1.0,1,GREEN,0
vacuuming,vacuuming,1.0,1,GREEN,0
vacuuming,vacuuming,1.0,1,GREEN,0
vacuuming,vacuuming,1.0,1,GREEN,0
vacuuming,vacuuming,1.0,1,GREEN,0
vacuuming,vacuuming,1.0,1,GREEN,0
vacuuming,vacuuming,1.0,1,GREEN,0
vacuuming,vacuuming,0.949,1,GREEN,0
vacuuming,vacuuming,0.959,1,GREEN,0
vacuuming,vacuuming,0.937,1,GREEN,0
vacuuming,vacuuming,0.896,1,GREEN,0
vacuuming,vacuuming,0.957,1,GREEN,0
vacuuming,vacuuming,0.985,1,GREEN,0
vacuuming,vacuuming,0.963,1,GREEN,0
vacuuming,vacuuming,0.979,1,GREEN,0
vacuuming,vacuuming,0.991,1,GREEN,0
vacuuming,vacuuming,1.0,1,GREEN,0
vacuuming,vacuuming,1.0,1,GREEN,0
vacuuming,vacuuming,1.0,1,GREEN,0
vacuuming,vacuuming,1.0,1,GREEN,0
vacuuming,vacuuming,1.0,1,GREEN,0
vacuuming,vacuuming,1.0,1,GREEN,0
vacuuming,vacuuming,1.0,1,GREEN,0
vacuuming,vacuuming,1.0,1,GREEN,0
vacuuming,vacuuming,1.0,1,GREEN,0
vacuuming,vacuuming,1.0,1,GREEN,0
vacuuming,vacuuming,1.0,1,GREEN,0
vacuuming,vacuuming,1.0,1,GREEN,0
vacuuming,vacuuming,1.0,1,GREEN,0
vacuuming,vacuuming,1.0,1,GREEN,0
vacuuming,vacuuming,1.0,1,GREEN,0
vacuuming,vacuuming,1.0,1,GREEN,0
vacuuming,vacuuming,1.0,1,GREEN,0
vacuuming,vacuuming,1.0,1,GREEN,0
vacuuming,vacuuming,0.955,1,GREEN,0
vacuuming,vacuuming,0.975,1,GREEN,0
vacuuming,vacuuming,0.983,1,GREEN,0
vacuuming,vacuuming,0.981,1,GREEN,0
vacuuming,vacuuming,0.981,1,GREEN,0
vacuuming,vacuuming,0.988,1,GREEN,0
vacuuming,vacuuming,0.969,1,GREEN,0
vacuuming,vacuuming,0.95,1,GREEN,0
vacuuming,vacuuming,0.961,1,GREEN,0
vacuuming,vacuuming,0.969,1,GREEN,0
vacuuming,vacuuming,0.97,1,GREEN,0
vacuuming,vacuuming,0.966,1,GREEN,0
vacuuming,vacuuming,0.967,1,GREEN,0
vacuuming,vacuuming,0.963,1,GREEN,0
vacuuming,vacuuming,0.98,1,GREEN,0
vacuuming,vacuuming,0.974,1,GREEN,0
vacuuming,vacuuming,0.948,1,GREEN,0
vacuuming,vacuuming,0.957,1,GREEN,0
vacuuming,vacuuming,0.968,1,GREEN,0
vacuuming,vacuuming,0.969,1,GREEN,0
vacuuming,vacuuming,0.977,1,GREEN,0
vacuuming,vacuuming,0.975,1,GREEN,0
vacuuming,vacuuming,0.961,1,GREEN,0
vacuuming,vacuuming,0.963,1,GREEN,0
vacuuming,vacuuming,0.971,1,GREEN,0
vacuuming,vacuuming,0.971,1,GREEN,0
vacuuming,vacuuming,0.967,1,GREEN,0
vacuuming,vacuuming,0.911,1,GREEN,0
vacuuming,vacuuming,0.938,1,GREEN,0
vacuuming,vacuuming,0.945,1,GREEN,0
vacuuming,vacuuming,0.899,1,GREEN,0
vacuuming,vacuuming,0.947,1,GREEN,0
vacuuming,vacuuming,0.965,1,GREEN,0
vacuuming,vacuuming,0.971,1,GREEN,0
vacuuming,vacuuming,0.97,1,GREEN,0
vacuuming,vacuuming,0.935,1,GREEN,0
vacuuming,vacuuming,0.932,1,GREEN,0
vacuuming,vacuuming,0.99,1,GREEN,0
vacuuming,vacuuming,0.989,1,GREEN,0
vacuuming,vacuuming,0.971,1,GREEN,0
vacuuming,vacuuming,0.976,1,GREEN,0
vacuuming,vacuuming,0.96,1,GREEN,0
vacuuming,vacuuming,0.986,1,GREEN,0
vacuuming,vacuuming,0.976,1,GREEN,0
vacuuming,vacuuming,0.969,1,GREEN,0
vacuuming,vacuuming,0.986,1,GREEN,0
vacuuming,vacuuming,0.987,1,GREEN,0
vacuuming,vacuuming,0.975,1,GREEN,0
vacuuming,vacuuming,0.961,1,GREEN,0
vacuuming,vacuuming,0.938,1,GREEN,0
vacuuming,vacuuming,0.931,1,GREEN,0
vacuuming,vacuuming,0.946,1,GREEN,0
vacuuming,vacuuming,0.949,1,GREEN,0
vacuuming,vacuuming,0.942,1,GREEN,0
vacuuming,vacuuming,0.937,1,GREEN,0
vacuuming,vacuuming,0.927,1,GREEN,0
vacuuming,vacuuming,1.0,1,GREEN,0
vacuuming,vacuuming,1.0,1,GREEN,0
vacuuming,vacuuming,1.0,1,GREEN,0
vacuuming,vacuuming,1.0,1,GREEN,0
vacuuming,vacuuming,1.0,1,GREEN,0
vacuuming,vacuuming,1.0,1,GREEN,0
vacuuming,vacuuming,1.0,1,GREEN,0
vacuuming,vacuuming,1.0,1,GREEN,0
vacuuming,vacuuming,1.0,1,GREEN,0
vacuuming,vacuuming,1.0,1,GREEN,0
vacuuming,vacuuming,1.0,1,GREEN,0
vacuuming,vacuuming,1.0,1,GREEN,0
vacuuming,vacuuming,1.0,1,GREEN,0
vacuuming,vacuuming,1.0,1,GREEN,0
vacuuming,vacuuming,1.0,1,GREEN,0
vacuuming,vacuuming,1.0,1,GREEN,0
vacuuming,vacuuming,1.0,1,GREEN,0
vacuuming,vacuuming,1.0,1,GREEN,0
vacuuming,vacuuming,1.0,1,GREEN,0
vacuuming,vacuuming,1.0,1,GREEN,0
vacuuming,vacuuming,1.0,1,GREEN,0
vacuuming,vacuuming,1.0,1,GREEN,0
vacuuming,vacuuming,1.0,1,GREEN,0
vacuuming,vacuuming,1.0,1,GREEN,0
vacuuming,vacuuming,1.0,1,GREEN,0
vacuuming,vacuuming,1.0,1,GREEN,0
vacuuming,vacuuming,1.0,1,GREEN,0
vacuuming,vacuuming,1.0,1,GREEN,0
vacuuming,vacuuming,1.0,1,GREEN,0
vacuuming,vacuuming,1.0,1,GREEN,0
vacuuming,vacuuming,1.0,1,GREEN,0
vacuuming,vacuuming,0.749,1,YELLOW,0
vacuuming,vacuuming,0.704,1,YELLOW,0
vacuuming,vacuuming,0.829,1,GREEN,0
vacuuming,vacuuming,0.749,1,YELLOW,0
vacuuming,vacuuming,0.904,1,GREEN,0
vacuuming,vacuuming,0.5,1,YELLOW,0
vacuuming,vacuuming,0.439,1,RED,0
vacuuming,vacuuming,0.698,1,YELLOW,0
vacuuming,vacuuming,0.605,1,YELLOW,0
vacuuming,stairs_up,0.809,0,GREEN,0
vacuuming,stairs_up,0.616,0,YELLOW,0
vacuuming,stairs_up,0.649,0,YELLOW,0
vacuuming,stairs_up,0.83,0,GREEN,0
vacuuming,stairs_up,0.916,0,GREEN,0
vacuuming,stairs_up,0.912,0,GREEN,0
stairs_up,stairs_up,0.896,1,GREEN,0
stairs_up,stairs_up,0.956,1,GREEN,0
stairs_up,stairs_up,0.967,1,GREEN,0
stairs_up,stairs_up,0.912,1,GREEN,0
stairs_up,stairs_up,0.951,1,GREEN,0
stairs_up,stairs_up,0.954,1,GREEN,0
stairs_up,stairs_up,0.942,1,GREEN,0
stairs_up,stairs_up,0.985,1,GREEN,0
stairs_up,stairs_up,1.0,1,GREEN,0
stairs_up,stairs_up,1.0,1,GREEN,0
stairs_up,stairs_up,1.0,1,GREEN,0
stairs_up,stairs_up,1.0,1,GREEN,0
stairs_up,stairs_up,1.0,1,GREEN,0
stairs_up,stairs_up,1.0,1,GREEN,0
stairs_up,stairs_up,1.0,1,GREEN,0
stairs_up,stairs_up,1.0,1,GREEN,0
stairs_up,stairs_up,1.0,1,GREEN,0
stairs_up,stairs_up,1.0,1,GREEN,0
stairs_up,stairs_up,1.0,1,GREEN,0
stairs_up,stairs_up,1.0,1,GREEN,0
stairs_up,stairs_up,1.0,1,GREEN,0
stairs_up,stairs_up,1.0,1,GREEN,0
stairs_up,stairs_up,1.0,1,GREEN,0
stairs_up,stairs_up,1.0,1,GREEN,0
stairs_up,stairs_up,1.0,1,GREEN,0
stairs_up,stairs_up,1.0,1,GREEN,0
stairs_up,stairs_up,1.0,1,GREEN,0
stairs_up,stairs_up,1.0,1,GREEN,0
stairs_up,stairs_up,1.0,1,GREEN,0
stairs_up,stairs_up,1.0,1,GREEN,0
stairs_up,stairs_up,1.0,1,GREEN,0
stairs_up,stairs_up,1.0,1,GREEN,0
stairs_up,stairs_up,1.0,1,GREEN,0
stairs_up,stairs_up,1.0,1,GREEN,0
stairs_up,stairs_up,1.0,1,GREEN,0
stairs_up,stairs_up,1.0,1,GREEN,0
stairs_up,stairs_up,1.0,1,GREEN,0
stairs_up,stairs_up,1.0,1,GREEN,0
stairs_up,stairs_up,1.0,1,GREEN,0
stairs_up,stairs_up,1.0,1,GREEN,0
stairs_up,stairs_up,1.0,1,GREEN,0
stairs_up,stairs_up,1.0,1,GREEN,0
stairs_up,stairs_up,1.0,1,GREEN,0
stairs_up,stairs_up,1.0,1,GREEN,0
stairs_up,stairs_up,1.0,1,GREEN,0
stairs_up,stairs_up,1.0,1,GREEN,0
stairs_up,stairs_up,1.0,1,GREEN,0
stairs_up,stairs_up,1.0,1,GREEN,0
stairs_up,stairs_up,1.0,1,GREEN,0
stairs_up,stairs_up,1.0,1,GREEN,0
stairs_up,stairs_up,1.0,1,GREEN,0
stairs_up,stairs_up,1.0,1,GREEN,0
stairs_up,stairs_up,1.0,1,GREEN,0
stairs_up,stairs_up,1.0,1,GREEN,0
stairs_up,stairs_up,1.0,1,GREEN,0
stairs_up,stairs_up,1.0,1,GREEN,0
stairs_up,stairs_up,1.0,1,GREEN,0
stairs_up,stairs_up,1.0,1,GREEN,0
stairs_up,stairs_up,1.0,1,GREEN,0
stairs_up,stairs_up,1.0,1,GREEN,0
stairs_up,stairs_up,1.0,1,GREEN,0
stairs_up,stairs_up,1.0,1,GREEN,0
stairs_up,stairs_up,1.0,1,GREEN,0
stairs_up,stairs_up,1.0,1,GREEN,0
stairs_up,stairs_up,1.0,1,GREEN,0
stairs_up,stairs_up,1.0,1,GREEN,0
stairs_up,stairs_up,1.0,1,GREEN,0
stairs_up,stairs_up,1.0,1,GREEN,0
stairs_up,stairs_up,1.0,1,GREEN,0
stairs_up,stairs_up,1.0,1,GREEN,0
stairs_up,stairs_up,1.0,1,GREEN,0
stairs_up,stairs_up,1.0,1,GREEN,0
stairs_up,stairs_up,1.0,1,GREEN,0
stairs_up,stairs_up,1.0,1,GREEN,0
stairs_up,stairs_up,1.0,1,GREEN,0
stairs_up,stairs_up,1.0,1,GREEN,0
stairs_up,stairs_up,1.0,1,GREEN,0
stairs_up,stairs_up,1.0,1,GREEN,0
stairs_up,stairs_up,1.0,1,GREEN,0
stairs_up,stairs_up,1.0,1,GREEN,0
stairs_up,stairs_up,1.0,1,GREEN,0
stairs_up,stairs_up,1.0,1,GREEN,0
stairs_up,stairs_up,1.0,1,GREEN,0
stairs_up,stairs_up,1.0,1,GREEN,0
stairs_up,stairs_up,1.0,1,GREEN,0
stairs_up,stairs_up,1.0,1,GREEN,0
stairs_up,stairs_up,1.0,1,GREEN,0
stairs_up,stairs_up,1.0,1,GREEN,0
stairs_up,stairs_up,1.0,1,GREEN,0
stairs_up,stairs_up,1.0,1,GREEN,0
stairs_up,stairs_up,1.0,1,GREEN,0
stairs_up,stairs_up,1.0,1,GREEN,0
stairs_up,stairs_up,1.0,1,GREEN,0
stairs_up,stairs_up,1.0,1,GREEN,0
stairs_up,stairs_up,1.0,1,GREEN,0
stairs_up,stairs_up,1.0,1,GREEN,0
stairs_up,stairs_up,1.0,1,GREEN,0
stairs_up,stairs_up,1.0,1,GREEN,0
stairs_up,stairs_up,1.0,1,GREEN,0
stairs_up,stairs_up,1.0,1,GREEN,0
stairs_up,stairs_up,1.0,1,GREEN,0
stairs_up,stairs_up,1.0,1,GREEN,0
stairs_up,stairs_up,1.0,1,GREEN,0
stairs_up,stairs_up,1.0,1,GREEN,0
stairs_up,stairs_up,1.0,1,GREEN,0
stairs_up,stairs_up,1.0,1,GREEN,0
stairs_up,stairs_up,1.0,1,GREEN,0
stairs_up,stairs_up,1.0,1,GREEN,0
stairs_up,stairs_up,1.0,1,GREEN,0
stairs_up,stairs_up,1.0,1,GREEN,0
stairs_up,stairs_up,1.0,1,GREEN,0
stairs_up,stairs_up,1.0,1,GREEN,0
stairs_up,stairs_up,1.0,1,GREEN,0
stairs_up,stairs_up,1.0,1,GREEN,0
stairs_up,stairs_up,0.963,1,GREEN,0
stairs_up,stairs_up,0.865,1,GREEN,0
stairs_up,stairs_up,0.692,1,YELLOW,0
stairs_up,stairs_up,0.693,1,YELLOW,0
stairs_up,stairs_up,0.676,1,YELLOW,0
stairs_up,stairs_up,0.685,1,YELLOW,0
stairs_up,stairs_up,0.694,1,YELLOW,0
stairs_up,stairs_up,0.686,1,YELLOW,0
stairs_up,stairs_up,0.666,1,YELLOW,0
stairs_up,stairs_up,0.585,1,YELLOW,0
stairs_down,stairs_down,0.975,1,GREEN,0
stairs_down,stairs_down,0.99,1,GREEN,0
stairs_down,stairs_down,0.966,1,GREEN,0
stairs_down,stairs_down,0.965,1,GREEN,0
stairs_down,stairs_down,0.974,1,GREEN,0
stairs_down,stairs_down,0.962,1,GREEN,0
stairs_down,stairs_down,0.952,1,GREEN,0
stairs_down,stairs_down,0.881,1,GREEN,0
stairs_down,stairs_down,0.922,1,GREEN,0
stairs_down,stairs_down,1.0,1,GREEN,0
stairs_down,stairs_down,1.0,1,GREEN,0
stairs_down,stairs_down,1.0,1,GREEN,0
stairs_down,stairs_down,1.0,1,GREEN,0
stairs_down,stairs_down,1.0,1,GREEN,0
stairs_down,stairs_down,1.0,1,GREEN,0
stairs_down,stairs_down,1.0,1,GREEN,0
stairs_down,stairs_down,1.0,1,GREEN,0
stairs_down,stairs_down,1.0,1,GREEN,0
stairs_down,stairs_down,1.0,1,GREEN,0
stairs_down,stairs_down,1.0,1,GREEN,0
stairs_down,stairs_down,1.0,1,GREEN,0
stairs_down,stairs_down,1.0,1,GREEN,0
stairs_down,stairs_down,1.0,1,GREEN,0
stairs_down,stairs_down,1.0,1,GREEN,0
stairs_down,stairs_down,1.0,1,GREEN,0
stairs_down,stairs_down,1.0,1,GREEN,0
stairs_down,stairs_down,1.0,1,GREEN,0
stairs_down,stairs_down,1.0,1,GREEN,0
stairs_down,stairs_down,1.0,1,GREEN,0
stairs_down,stairs_down,1.0,1,GREEN,0
stairs_down,stairs_down,1.0,1,GREEN,0
stairs_down,stairs_down,1.0,1,GREEN,0
stairs_down,stairs_down,1.0,1,GREEN,0
stairs_down,stairs_down,1.0,1,GREEN,0
stairs_down,stairs_down,1.0,1,GREEN,0
stairs_down,stairs_down,1.0,1,GREEN,0
stairs_down,stairs_down,1.0,1,GREEN,0
stairs_down,stairs_down,1.0,1,GREEN,0
stairs_down,stairs_down,1.0,1,GREEN,0
stairs_down,stairs_down,1.0,1,GREEN,0
stairs_down,stairs_down,1.0,1,GREEN,0
stairs_down,stairs_down,1.0,1,GREEN,0
stairs_down,stairs_down,1.0,1,GREEN,0
stairs_down,stairs_down,1.0,1,GREEN,0
stairs_down,stairs_down,1.0,1,GREEN,0
stairs_down,stairs_down,1.0,1,GREEN,0
stairs_down,stairs_down,1.0,1,GREEN,0
stairs_down,stairs_down,1.0,1,GREEN,0
stairs_down,stairs_down,1.0,1,GREEN,0
stairs_down,stairs_down,1.0,1,GREEN,0
stairs_down,stairs_down,1.0,1,GREEN,0
stairs_down,stairs_down,1.0,1,GREEN,0
stairs_down,stairs_down,1.0,1,GREEN,0
stairs_down,stairs_down,1.0,1,GREEN,0
stairs_down,stairs_down,1.0,1,GREEN,0
stairs_down,stairs_down,1.0,1,GREEN,0
stairs_down,stairs_down,1.0,1,GREEN,0
stairs_down,stairs_down,1.0,1,GREEN,0
stairs_down,stairs_down,1.0,1,GREEN,0
stairs_down,stairs_down,1.0,1,GREEN,0
stairs_down,stairs_down,1.0,1,GREEN,0
stairs_down,stairs_down,1.0,1,GREEN,0
stairs_down,stairs_down,1.0,1,GREEN,0
stairs_down,stairs_down,1.0,1,GREEN,0
stairs_down,stairs_down,1.0,1,GREEN,0
stairs_down,stairs_down,1.0,1,GREEN,0
stairs_down,stairs_down,1.0,1,GREEN,0
stairs_down,stairs_down,1.0,1,GREEN,0
stairs_down,stairs_down,1.0,1,GREEN,0
stairs_down,stairs_down,1.0,1,GREEN,0
stairs_down,stairs_down,1.0,1,GREEN,0
stairs_down,stairs_down,1.0,1,GREEN,0
stairs_down,stairs_down,1.0,1,GREEN,0
stairs_down,stairs_down,1.0,1,GREEN,0
stairs_down,stairs_down,1.0,1,GREEN,0
stairs_down,stairs_down,1.0,1,GREEN,0
stairs_down,stairs_down,1.0,1,GREEN,0
stairs_down,stairs_down,1.0,1,GREEN,0
stairs_down,stairs_down,1.0,1,GREEN,0
stairs_down,stairs_down,1.0,1,GREEN,0
stairs_down,stairs_down,1.0,1,GREEN,0
stairs_down,stairs_down,1.0,1,GREEN,0
stairs_down,stairs_down,1.0,1,GREEN,0
stairs_down,stairs_down,1.0,1,GREEN,0
stairs_down,stairs_down,1.0,1,GREEN,0
stairs_down,stairs_down,1.0,1,GREEN,0
stairs_down,stairs_down,1.0,1,GREEN,0
stairs_down,stairs_down,1.0,1,GREEN,0
stairs_down,stairs_down,1.0,1,GREEN,0
stairs_down,stairs_down,1.0,1,GREEN,0
stairs_down,stairs_down,1.0,1,GREEN,0
stairs_down,stairs_down,1.0,1,GREEN,0
stairs_down,stairs_down,1.0,1,GREEN,0
stairs_down,stairs_down,1.0,1,GREEN,0
stairs_down,stairs_down,1.0,1,GREEN,0
stairs_down,stairs_down,1.0,1,GREEN,0
stairs_down,stairs_down,1.0,1,GREEN,0
stairs_down,stairs_down,1.0,1,GREEN,0
stairs_down,stairs_down,1.0,1,GREEN,0
stairs_down,stairs_down,1.0,1,GREEN,0
stairs_down,stairs_down,1.0,1,GREEN,0
stairs_down,stairs_down,1.0,1,GREEN,0
stairs_down,stairs_down,1.0,1,GREEN,0
stairs_down,stairs_down,1.0,1,GREEN,0
stairs_down,stairs_down,1.0,1,GREEN,0
stairs_down,stairs_down,1.0,1,GREEN,0
stairs_down,stairs_down,1.0,1,GREEN,0
stairs_down,stairs_down,1.0,1,GREEN,0
stairs_down,stairs_down,1.0,1,GREEN,0
stairs_down,stairs_down,1.0,1,GREEN,0
stairs_down,stairs_down,1.0,1,GREEN,0
stairs_down,stairs_down,1.0,1,GREEN,0
stairs_down,stairs_down,1.0,1,GREEN,0
stairs_down,stairs_down,1.0,1,GREEN,0
stairs_down,stairs_down,1.0,1,GREEN,0
stairs_down,stairs_down,1.0,1,GREEN,0
stairs_down,stairs_down,0.993,1,GREEN,0
stairs_down,stairs_down,0.97,1,GREEN,0
stairs_down,stairs_down,0.965,1,GREEN,0
stairs_down,stairs_down,0.968,1,GREEN,0
stairs_down,stairs_down,0.883,1,GREEN,0
stairs_down,stairs_down,0.813,1,GREEN,0
stairs_up,stairs_down,0.52,0,YELLOW,0
stairs_up,stairs_down,0.528,0,YELLOW,0
stairs_up,stairs_up,0.744,1,YELLOW,0
stairs_up,stairs_up,0.744,1,YELLOW,0
stairs_up,stairs_up,0.973,1,GREEN,0
stairs_up,stairs_up,0.976,1,GREEN,0
stairs_up,stairs_up,0.98,1,GREEN,0
stairs_up,stairs_up,0.975,1,GREEN,0
stairs_up,stairs_up,1.0,1,GREEN,0
stairs_up,stairs_up,1.0,1,GREEN,0
stairs_up,stairs_up,1.0,1,GREEN,0
stairs_up,stairs_up,1.0,1,GREEN,0
stairs_up,stairs_up,1.0,1,GREEN,0
stairs_up,stairs_up,1.0,1,GREEN,0
stairs_up,stairs_up,1.0,1,GREEN,0
stairs_up,stairs_up,1.0,1,GREEN,0
stairs_up,stairs_up,1.0,1,GREEN,0
stairs_up,stairs_up,1.0,1,GREEN,0
stairs_up,stairs_up,1.0,1,GREEN,0
stairs_up,stairs_up,1.0,1,GREEN,0
stairs_up,stairs_up,1.0,1,GREEN,0
stairs_up,stairs_up,1.0,1,GREEN,0
stairs_up,stairs_up,1.0,1,GREEN,0
stairs_up,stairs_up,1.0,1,GREEN,0
stairs_up,stairs_up,1.0,1,GREEN,0
stairs_up,stairs_up,1.0,1,GREEN,0
stairs_up,stairs_up,1.0,1,GREEN,0
stairs_up,stairs_up,1.0,1,GREEN,0
stairs_up,stairs_up,1.0,1,GREEN,0
stairs_up,stairs_up,1.0,1,GREEN,0
stairs_up,stairs_up,1.0,1,GREEN,0
stairs_up,stairs_up,1.0,1,GREEN,0
stairs_up,stairs_up,1.0,1,GREEN,0
stairs_up,stairs_up,1.0,1,GREEN,0
stairs_up,stairs_up,1.0,1,GREEN,0
stairs_up,stairs_up,1.0,1,GREEN,0
stairs_up,stairs_up,1.0,1,GREEN,0
stairs_up,stairs_up,1.0,1,GREEN,0
stairs_up,stairs_up,1.0,1,GREEN,0
stairs_up,stairs_up,1.0,1,GREEN,0
stairs_up,stairs_up,1.0,1,GREEN,0
stairs_up,stairs_up,1.0,1,GREEN,0
stairs_up,stairs_up,1.0,1,GREEN,0
stairs_up,stairs_up,1.0,1,GREEN,0
stairs_up,stairs_up,1.0,1,GREEN,0
stairs_up,stairs_up,1.0,1,GREEN,0
stairs_up,stairs_up,1.0,1,GREEN,0
stairs_up,stairs_up,1.0,1,GREEN,0
stairs_up,stairs_up,1.0,1,GREEN,0
stairs_up,stairs_up,1.0,1,GREEN,0
stairs_up,stairs_up,1.0,1,GREEN,0
stairs_up,stairs_up,1.0,1,GREEN,0
stairs_up,stairs_up,1.0,1,GREEN,0
stairs_up,stairs_up,1.0,1,GREEN,0
stairs_up,stairs_up,1.0,1,GREEN,0
stairs_up,stairs_up,1.0,1,GREEN,0
stairs_up,stairs_up,1.0,1,GREEN,0
stairs_up,stairs_up,1.0,1,GREEN,0
stairs_up,stairs_up,1.0,1,GREEN,0
stairs_up,stairs_up,1.0,1,GREEN,0
stairs_up,stairs_up,1.0,1,GREEN,0
stairs_up,stairs_up,1.0,1,GREEN,0
stairs_up,stairs_up,1.0,1,GREEN,0
stairs_up,stairs_up,1.0,1,GREEN,0
stairs_up,stairs_up,1.0,1,GREEN,0
stairs_up,stairs_up,1.0,1,GREEN,0
stairs_up,stairs_up,1.0,1,GREEN,0
stairs_up,stairs_up,1.0,1,GREEN,0
stairs_up,stairs_up,1.0,1,GREEN,0
stairs_up,stairs_up,1.0,1,GREEN,0
stairs_up,stairs_up,1.0,1,GREEN,0
stairs_up,stairs_up,1.0,1,GREEN,0
stairs_up,stairs_up,1.0,1,GREEN,0
stairs_up,stairs_up,1.0,1,GREEN,0
stairs_up,stairs_up,1.0,1,GREEN,0
stairs_up,stairs_up,1.0,1,GREEN,0
stairs_up,stairs_up,1.0,1,GREEN,0
stairs_up,stairs_up,1.0,1,GREEN,0
stairs_up,stairs_up,1.0,1,GREEN,0
stairs_up,stairs_up,1.0,1,GREEN,0
stairs_up,stairs_up,1.0,1,GREEN,0
stairs_up,stairs_up,1.0,1,GREEN,0
stairs_up,stairs_up,1.0,1,GREEN,0
stairs_up,stairs_up,1.0,1,GREEN,0
stairs_up,stairs_up,1.0,1,GREEN,0
stairs_up,stairs_up,1.0,1,GREEN,0
stairs_up,stairs_up,1.0,1,GREEN,0
stairs_up,stairs_up,1.0,1,GREEN,0
stairs_up,stairs_up,1.0,1,GREEN,0
stairs_up,stairs_up,1.0,1,GREEN,0
stairs_up,stairs_up,1.0,1,GREEN,0
stairs_up,stairs_up,1.0,1,GREEN,0
stairs_up,stairs_up,1.0,1,GREEN,0
stairs_up,stairs_up,1.0,1,GREEN,0
stairs_up,stairs_up,1.0,1,GREEN,0
stairs_up,stairs_up,1.0,1,GREEN,0
stairs_up,stairs_up,1.0,1,GREEN,0
stairs_up,stairs_up,1.0,1,GREEN,0
stairs_up,stairs_up,1.0,1,GREEN,0
stairs_up,stairs_up,1.0,1,GREEN,0
stairs_up,stairs_up,1.0,1,GREEN,0
stairs_up,stairs_up,1.0,1,GREEN,0
stairs_up,stairs_up,1.0,1,GREEN,0
stairs_up,stairs_up,1.0,1,GREEN,0
stairs_up,stairs_up,1.0,1,GREEN,0
stairs_up,stairs_up,1.0,1,GREEN,0
stairs_up,stairs_up,1.0,1,GREEN,0
stairs_up,stairs_up,1.0,1,GREEN,0
stairs_up,stairs_up,1.0,1,GREEN,0
stairs_up,stairs_up,1.0,1,GREEN,0
stairs_up,stairs_up,1.0,1,GREEN,0
stairs_up,stairs_up,1.0,1,GREEN,0
stairs_up,stairs_up,1.0,1,GREEN,0
stairs_up,stairs_up,1.0,1,GREEN,0
stairs_up,stairs_up,1.0,1,GREEN,0
stairs_up,stairs_up,1.0,1,GREEN,0
stairs_up,stairs_up,1.0,1,GREEN,0
stairs_up,stairs_up,1.0,1,GREEN,0
stairs_up,stairs_up,1.0,1,GREEN,0
stairs_up,stairs_up,1.0,1,GREEN,0
stairs_up,stairs_up,1.0,1,GREEN,0
stairs_up,stairs_up,1.0,1,GREEN,0
stairs_up,stairs_up,1.0,1,GREEN,0
stairs_up,stairs_up,1.0,1,GREEN,0
stairs_up,stairs_up,1.0,1,GREEN,0
stairs_up,stairs_up,1.0,1,GREEN,0
stairs_up,stairs_up,1.0,1,GREEN,0
stairs_up,stairs_up,1.0,1,GREEN,0
stairs_up,stairs_up,1.0,1,GREEN,0
stairs_up,stairs_up,1.0,1,GREEN,0
stairs_up,stairs_up,1.0,1,GREEN,0
stairs_up,stairs_up,1.0,1,GREEN,0
stairs_up,stairs_up,1.0,1,GREEN,0
stairs_up,stairs_up,1.0,1,GREEN,0
stairs_up,stairs_up,0.99,1,GREEN,0
stairs_up,stairs_up,0.99,1,GREEN,0
stairs_up,stairs_up,0.991,1,GREEN,0
stairs_up,stairs_up,0.989,1,GREEN,0
stairs_up,stairs_up,0.988,1,GREEN,0
stairs_up,stairs_up,0.959,1,GREEN,0
stairs_down,stairs_up,0.799,0,GREEN,0
stairs_down,stairs_down,0.819,1,GREEN,0
stairs_down,stairs_down,0.757,1,GREEN,0
stairs_down,stairs_down,0.906,1,GREEN,0
stairs_down,stairs_down,0.93,1,GREEN,0
stairs_down,stairs_down,0.951,1,GREEN,0
stairs_down,stairs_down,0.965,1,GREEN,0
stairs_down,stairs_down,0.962,1,GREEN,0
stairs_down,stairs_down,0.923,1,GREEN,0
stairs_down,stairs_down,0.939,1,GREEN,0
stairs_down,stairs_down,0.962,1,GREEN,0
stairs_down,stairs_down,1.0,1,GREEN,0
stairs_down,stairs_down,1.0,1,GREEN,0
stairs_down,stairs_down,1.0,1,GREEN,0
stairs_down,stairs_down,1.0,1,GREEN,0
stairs_down,stairs_down,1.0,1,GREEN,0
stairs_down,stairs_down,1.0,1,GREEN,0
stairs_down,stairs_down,1.0,1,GREEN,0
stairs_down,stairs_down,1.0,1,GREEN,0
stairs_down,stairs_down,1.0,1,GREEN,0
stairs_down,stairs_down,1.0,1,GREEN,0
stairs_down,stairs_down,1.0,1,GREEN,0
stairs_down,stairs_down,1.0,1,GREEN,0
stairs_down,stairs_down,1.0,1,GREEN,0
stairs_down,stairs_down,1.0,1,GREEN,0
stairs_down,stairs_down,1.0,1,GREEN,0
stairs_down,stairs_down,1.0,1,GREEN,0
stairs_down,stairs_down,1.0,1,GREEN,0
stairs_down,stairs_down,1.0,1,GREEN,0
stairs_down,stairs_down,1.0,1,GREEN,0
stairs_down,stairs_down,1.0,1,GREEN,0
stairs_down,stairs_down,1.0,1,GREEN,0
stairs_down,stairs_down,1.0,1,GREEN,0
stairs_down,stairs_down,1.0,1,GREEN,0
stairs_down,stairs_down,1.0,1,GREEN,0
stairs_down,stairs_down,1.0,1,GREEN,0
stairs_down,stairs_down,1.0,1,GREEN,0
stairs_down,stairs_down,1.0,1,GREEN,0
stairs_down,stairs_down,1.0,1,GREEN,0
stairs_down,stairs_down,1.0,1,GREEN,0
stairs_down,stairs_down,1.0,1,GREEN,0
stairs_down,stairs_down,1.0,1,GREEN,0
stairs_down,stairs_down,1.0,1,GREEN,0
stairs_down,stairs_down,1.0,1,GREEN,0
stairs_down,stairs_down,1.0,1,GREEN,0
stairs_down,stairs_down,1.0,1,GREEN,0
stairs_down,stairs_down,1.0,1,GREEN,0
stairs_down,stairs_down,1.0,1,GREEN,0
stairs_down,stairs_down,1.0,1,GREEN,0
stairs_down,stairs_down,1.0,1,GREEN,0
stairs_down,stairs_down,1.0,1,GREEN,0
stairs_down,stairs_down,1.0,1,GREEN,0
stairs_down,stairs_down,1.0,1,GREEN,0
stairs_down,stairs_down,1.0,1,GREEN,0
stairs_down,stairs_down,1.0,1,GREEN,0
stairs_down,stairs_down,1.0,1,GREEN,0
stairs_down,stairs_down,1.0,1,GREEN,0
stairs_down,stairs_down,1.0,1,GREEN,0
stairs_down,stairs_down,1.0,1,GREEN,0
stairs_down,stairs_down,1.0,1,GREEN,0
stairs_down,stairs_down,1.0,1,GREEN,0
stairs_down,stairs_down,1.0,1,GREEN,0
stairs_down,stairs_down,1.0,1,GREEN,0
stairs_down,stairs_down,1.0,1,GREEN,0
stairs_down,stairs_down,1.0,1,GREEN,0
stairs_down,stairs_down,1.0,1,GREEN,0
stairs_down,stairs_down,1.0,1,GREEN,0
stairs_down,stairs_down,1.0,1,GREEN,0
stairs_down,stairs_down,1.0,1,GREEN,0
stairs_down,stairs_down,1.0,1,GREEN,0
stairs_down,stairs_down,1.0,1,GREEN,0
stairs_down,stairs_down,1.0,1,GREEN,0
stairs_down,stairs_down,1.0,1,GREEN,0
stairs_down,stairs_down,1.0,1,GREEN,0
stairs_down,stairs_down,1.0,1,GREEN,0
stairs_down,stairs_down,1.0,1,GREEN,0
stairs_down,stairs_down,1.0,1,GREEN,0
stairs_down,stairs_down,1.0,1,GREEN,0
stairs_down,stairs_down,1.0,1,GREEN,0
stairs_down,stairs_down,1.0,1,GREEN,0
stairs_down,stairs_down,1.0,1,GREEN,0
stairs_down,stairs_down,1.0,1,GREEN,0
stairs_down,stairs_down,1.0,1,GREEN,0
stairs_down,stairs_down,1.0,1,GREEN,0
stairs_down,stairs_down,1.0,1,GREEN,0
stairs_down,stairs_down,1.0,1,GREEN,0
stairs_down,stairs_down,1.0,1,GREEN,0
stairs_down,stairs_down,1.0,1,GREEN,0
stairs_down,stairs_down,1.0,1,GREEN,0
stairs_down,stairs_down,1.0,1,GREEN,0
stairs_down,stairs_down,1.0,1,GREEN,0
stairs_down,stairs_down,1.0,1,GREEN,0
stairs_down,stairs_down,1.0,1,GREEN,0
stairs_down,stairs_down,1.0,1,GREEN,0
stairs_down,stairs_down,1.0,1,GREEN,0
stairs_down,stairs_down,0.922,1,GREEN,0
stairs_down,stairs_down,0.972,1,GREEN,0
stairs_down,stairs_down,0.971,1,GREEN,0
stairs_down,stairs_down,0.973,1,GREEN,0
stairs_down,stairs_down,0.869,1,GREEN,0
stairs_down,stairs_down,0.808,1,GREEN,0
walking,stairs_down,0.45,0,YELLOW,0
walking,walking,0.461,1,YELLOW,0
walking,walking,0.8,1,GREEN,0
walking,walking,0.877,1,GREEN,0
walking,walking,0.879,1,GREEN,0
walking,walking,0.892,1,GREEN,0
walking,walking,0.989,1,GREEN,0
walking,walking,0.986,1,GREEN,0
walking,walking,0.981,1,GREEN,0
walking,walking,1.0,1,GREEN,0
walking,walking,1.0,1,GREEN,0
walking,walking,1.0,1,GREEN,0
walking,walking,1.0,1,GREEN,0
walking,walking,1.0,1,GREEN,0
walking,walking,1.0,1,GREEN,0
walking,walking,1.0,1,GREEN,0
walking,walking,1.0,1,GREEN,0
walking,walking,1.0,1,GREEN,0
walking,walking,1.0,1,GREEN,0
walking,walking,1.0,1,GREEN,0
walking,walking,1.0,1,GREEN,0
walking,walking,1.0,1,GREEN,0
walking,walking,1.0,1,GREEN,0
walking,walking,1.0,1,GREEN,0
walking,walking,1.0,1,GREEN,0
walking,walking,1.0,1,GREEN,0
walking,walking,1.0,1,GREEN,0
walking,walking,1.0,1,GREEN,0
walking,walking,1.0,1,GREEN,0
walking,walking,1.0,1,GREEN,0
walking,walking,1.0,1,GREEN,0
walking,walking,1.0,1,GREEN,0
walking,walking,1.0,1,GREEN,0
walking,walking,1.0,1,GREEN,0
walking,walking,1.0,1,GREEN,0
walking,walking,1.0,1,GREEN,0
walking,walking,1.0,1,GREEN,0
walking,walking,1.0,1,GREEN,0
walking,walking,1.0,1,GREEN,0
walking,walking,1.0,1,GREEN,0
walking,walking,1.0,1,GREEN,0
walking,walking,1.0,1,GREEN,0
walking,walking,1.0,1,GREEN,0
walking,walking,1.0,1,GREEN,0
walking,walking,1.0,1,GREEN,0
walking,walking,1.0,1,GREEN,0
walking,walking,1.0,1,GREEN,0
walking,walking,1.0,1,GREEN,0
walking,walking,1.0,1,GREEN,0
walking,walking,1.0,1,GREEN,0
walking,walking,1.0,1,GREEN,0
walking,walking,1.0,1,GREEN,0
walking,walking,1.0,1,GREEN,0
walking,walking,1.0,1,GREEN,0
walking,walking,1.0,1,GREEN,0
walking,walking,1.0,1,GREEN,0
walking,walking,1.0,1,GREEN,0
walking,walking,1.0,1,GREEN,0
walking,walking,1.0,1,GREEN,0
walking,walking,1.0,1,GREEN,0
walking,walking,1.0,1,GREEN,0
walking,walking,1.0,1,GREEN,0
walking,walking,1.0,1,GREEN,0
walking,walking,1.0,1,GREEN,0
walking,walking,1.0,1,GREEN,0
walking,walking,1.0,1,GREEN,0
walking,walking,1.0,1,GREEN,0
walking,walking,1.0,1,GREEN,0
walking,walking,1.0,1,GREEN,0
walking,walking,1.0,1,GREEN,0
walking,walking,1.0,1,GREEN,0
walking,walking,1.0,1,GREEN,0
walking,walking,1.0,1,GREEN,0
walking,walking,1.0,1,GREEN,0
walking,walking,1.0,1,GREEN,0
walking,walking,1.0,1,GREEN,0
walking,walking,1.0,1,GREEN,0
walking,walking,1.0,1,GREEN,0
walking,walking,1.0,1,GREEN,0
walking,walking,1.0,1,GREEN,0
walking,walking,1.0,1,GREEN,0
walking,walking,1.0,1,GREEN,0
walking,walking,1.0,1,GREEN,0
walking,walking,1.0,1,GREEN,0
walking,walking,1.0,1,GREEN,0
walking,walking,1.0,1,GREEN,0
walking,walking,1.0,1,GREEN,0
walking,walking,1.0,1,GREEN,0
walking,walking,1.0,1,GREEN,0
walking,walking,1.0,1,GREEN,0
walking,walking,1.0,1,GREEN,0
walking,walking,1.0,1,GREEN,0
walking,walking,1.0,1,GREEN,0
walking,walking,1.0,1,GREEN,0
walking,walking,1.0,1,GREEN,0
walking,walking,1.0,1,GREEN,0
walking,walking,1.0,1,GREEN,0
walking,walking,1.0,1,GREEN,0
walking,walking,1.0,1,GREEN,0
walking,walking,1.0,1,GREEN,0
walking,walking,1.0,1,GREEN,0
walking,walking,1.0,1,GREEN,0
walking,walking,1.0,1,GREEN,0
walking,walking,1.0,1,GREEN,0
walking,walking,1.0,1,GREEN,0
walking,walking,1.0,1,GREEN,0
walking,walking,1.0,1,GREEN,0
walking,walking,1.0,1,GREEN,0
walking,walking,1.0,1,GREEN,0
walking,walking,1.0,1,GREEN,0
walking,walking,1.0,1,GREEN,0
walking,walking,1.0,1,GREEN,0
walking,walking,1.0,1,GREEN,0
walking,walking,1.0,1,GREEN,0
walking,walking,1.0,1,GREEN,0
walking,walking,1.0,1,GREEN,0
walking,walking,1.0,1,GREEN,0
walking,walking,1.0,1,GREEN,0
walking,walking,1.0,1,GREEN,0
walking,walking,1.0,1,GREEN,0
walking,walking,1.0,1,GREEN,0
walking,walking,1.0,1,GREEN,0
walking,walking,1.0,1,GREEN,0
walking,walking,1.0,1,GREEN,0
walking,walking,1.0,1,GREEN,0
walking,walking,1.0,1,GREEN,0
walking,walking,1.0,1,GREEN,0
walking,walking,1.0,1,GREEN,0
walking,walking,1.0,1,GREEN,0
walking,walking,1.0,1,GREEN,0
walking,walking,1.0,1,GREEN,0
walking,walking,1.0,1,GREEN,0
walking,walking,1.0,1,GREEN,0
walking,walking,1.0,1,GREEN,0
walking,walking,1.0,1,GREEN,0
walking,walking,1.0,1,GREEN,0
walking,walking,1.0,1,GREEN,0
walking,walking,1.0,1,GREEN,0
walking,walking,1.0,1,GREEN,0
walking,walking,1.0,1,GREEN,0
walking,walking,1.0,1,GREEN,0
walking,walking,1.0,1,GREEN,0
walking,walking,1.0,1,GREEN,0
walking,walking,1.0,1,GREEN,0
walking,walking,1.0,1,GREEN,0
walking,walking,1.0,1,GREEN,0
walking,walking,1.0,1,GREEN,0
walking,walking,1.0,1,GREEN,0
walking,walking,1.0,1,GREEN,0
walking,walking,1.0,1,GREEN,0
walking,walking,1.0,1,GREEN,0
walking,walking,1.0,1,GREEN,0
walking,walking,1.0,1,GREEN,0
walking,walking,1.0,1,GREEN,0
walking,walking,1.0,1,GREEN,0
walking,walking,1.0,1,GREEN,0
walking,walking,1.0,1,GREEN,0
walking,walking,1.0,1,GREEN,0
walking,walking,1.0,1,GREEN,0
walking,walking,1.0,1,GREEN,0
walking,walking,1.0,1,GREEN,0
walking,walking,1.0,1,GREEN,0
walking,walking,1.0,1,GREEN,0
walking,walking,1.0,1,GREEN,0
walking,walking,1.0,1,GREEN,0
walking,walking,1.0,1,GREEN,0
walking,walking,1.0,1,GREEN,0
walking,walking,1.0,1,GREEN,0
walking,walking,1.0,1,GREEN,0
walking,walking,1.0,1,GREEN,0
walking,walking,1.0,1,GREEN,0
walking,walking,1.0,1,GREEN,0
walking,walking,1.0,1,GREEN,0
walking,walking,1.0,1,GREEN,0
walking,walking,1.0,1,GREEN,0
walking,walking,1.0,1,GREEN,0
walking,walking,1.0,1,GREEN,0
walking,walking,1.0,1,GREEN,0
walking,walking,1.0,1,GREEN,0
walking,walking,1.0,1,GREEN,0
walking,walking,1.0,1,GREEN,0
walking,walking,1.0,1,GREEN,0
walking,walking,1.0,1,GREEN,0
walking,walking,1.0,1,GREEN,0
walking,walking,1.0,1,GREEN,0
walking,walking,1.0,1,GREEN,0
walking,walking,1.0,1,GREEN,0
walking,walking,1.0,1,GREEN,0
walking,walking,1.0,1,GREEN,0
walking,walking,1.0,1,GREEN,0
walking,walking,1.0,1,GREEN,0
walking,walking,1.0,1,GREEN,0
walking,walking,1.0,1,GREEN,0
walking,walking,1.0,1,GREEN,0
walking,walking,1.0,1,GREEN,0
walking,walking,1.0,1,GREEN,0
walking,walking,1.0,1,GREEN,0
walking,walking,1.0,1,GREEN,0
walking,walking,1.0,1,GREEN,0
walking,walking,1.0,1,GREEN,0
walking,walking,1.0,1,GREEN,0
walking,walking,1.0,1,GREEN,0
walking,walking,1.0,1,GREEN,0
walking,walking,1.0,1,GREEN,0
walking,walking,1.0,1,GREEN,0
walking,walking,1.0,1,GREEN,0
walking,walking,1.0,1,GREEN,0
walking,walking,1.0,1,GREEN,0
walking,walking,1.0,1,GREEN,0
walking,walking,1.0,1,GREEN,0
walking,walking,1.0,1,GREEN,0
walking,walking,1.0,1,GREEN,0
walking,walking,1.0,1,GREEN,0
walking,walking,1.0,1,GREEN,0
walking,walking,1.0,1,GREEN,0
walking,walking,1.0,1,GREEN,0
walking,walking,1.0,1,GREEN,0
walking,walking,1.0,1,GREEN,0
walking,walking,1.0,1,GREEN,0
walking,walking,1.0,1,GREEN,0
walking,walking,1.0,1,GREEN,0
walking,walking,1.0,1,GREEN,0
walking,walking,1.0,1,GREEN,0
walking,walking,1.0,1,GREEN,0
walking,walking,1.0,1,GREEN,0
walking,walking,1.0,1,GREEN,0
walking,walking,1.0,1,GREEN,0
walking,walking,1.0,1,GREEN,0
walking,walking,1.0,1,GREEN,0
walking,walking,1.0,1,GREEN,0
walking,walking,1.0,1,GREEN,0
walking,walking,1.0,1,GREEN,0
walking,walking,1.0,1,GREEN,0
walking,walking,1.0,1,GREEN,0
walking,walking,1.0,1,GREEN,0
walking,walking,1.0,1,GREEN,0
walking,walking,1.0,1,GREEN,0
walking,walking,1.0,1,GREEN,0
walking,walking,1.0,1,GREEN,0
walking,walking,1.0,1,GREEN,0
walking,walking,1.0,1,GREEN,0
walking,walking,1.0,1,GREEN,0
walking,walking,1.0,1,GREEN,0
walking,walking,1.0,1,GREEN,0
walking,walking,1.0,1,GREEN,0
walking,walking,1.0,1,GREEN,0
walking,walking,1.0,1,GREEN,0
walking,walking,1.0,1,GREEN,0
walking,walking,1.0,1,GREEN,0
walking,walking,1.0,1,GREEN,0
walking,walking,1.0,1,GREEN,0
walking,walking,1.0,1,GREEN,0
walking,walking,1.0,1,GREEN,0
walking,walking,1.0,1,GREEN,0
walking,walking,1.0,1,GREEN,0
walking,walking,1.0,1,GREEN,0
walking,walking,1.0,1,GREEN,0
walking,walking,1.0,1,GREEN,0
walking,walking,1.0,1,GREEN,0
walking,walking,1.0,1,GREEN,0
walking,walking,1.0,1,GREEN,0
walking,walking,1.0,1,GREEN,0
walking,walking,1.0,1,GREEN,0
walking,walking,1.0,1,GREEN,0
walking,walking,1.0,1,GREEN,0
walking,walking,1.0,1,GREEN,0
walking,walking,1.0,1,GREEN,0
walking,walking,1.0,1,GREEN,0
walking,walking,1.0,1,GREEN,0
walking,walking,1.0,1,GREEN,0
walking,walking,1.0,1,GREEN,0
walking,walking,1.0,1,GREEN,0
walking,walking,1.0,1,GREEN,0
walking,walking,1.0,1,GREEN,0
walking,walking,1.0,1,GREEN,0
walking,walking,1.0,1,GREEN,0
walking,walking,1.0,1,GREEN,0
walking,walking,1.0,1,GREEN,0
walking,walking,1.0,1,GREEN,0
walking,walking,1.0,1,GREEN,0
walking,walking,1.0,1,GREEN,0
walking,walking,1.0,1,GREEN,0
walking,walking,1.0,1,GREEN,0
walking,walking,1.0,1,GREEN,0
walking,walking,1.0,1,GREEN,0
walking,walking,1.0,1,GREEN,0
walking,walking,1.0,1,GREEN,0
walking,walking,1.0,1,GREEN,0
walking,walking,1.0,1,GREEN,0
walking,walking,1.0,1,GREEN,0
walking,walking,1.0,1,GREEN,0
walking,walking,1.0,1,GREEN,0
walking,walking,1.0,1,GREEN,0
walking,walking,1.0,1,GREEN,0
walking,walking,1.0,1,GREEN,0
walking,walking,1.0,1,GREEN,0
walking,walking,1.0,1,GREEN,0
walking,walking,1.0,1,GREEN,0
walking,walking,1.0,1,GREEN,0
walking,walking,1.0,1,GREEN,0
walking,walking,1.0,1,GREEN,0
walking,walking,1.0,1,GREEN,0
walking,walking,1.0,1,GREEN,0
walking,walking,1.0,1,GREEN,0
walking,walking,1.0,1,GREEN,0
walking,walking,1.0,1,GREEN,0
walking,walking,1.0,1,GREEN,0
walking,walking,1.0,1,GREEN,0
walking,walking,1.0,1,GREEN,0
walking,walking,1.0,1,GREEN,0
walking,walking,1.0,1,GREEN,0
walking,walking,1.0,1,GREEN,0
walking,walking,1.0,1,GREEN,0
walking,walking,1.0,1,GREEN,0
walking,walking,1.0,1,GREEN,0
walking,walking,1.0,1,GREEN,0
walking,walking,1.0,1,GREEN,0
walking,walking,1.0,1,GREEN,0
walking,walking,1.0,1,GREEN,0
walking,walking,1.0,1,GREEN,0
walking,walking,1.0,1,GREEN,0
walking,walking,1.0,1,GREEN,0
walking,walking,1.0,1,GREEN,0
walking,walking,1.0,1,GREEN,0
walking,walking,1.0,1,GREEN,0
walking,walking,1.0,1,GREEN,0
walking,walking,1.0,1,GREEN,0
walking,walking,1.0,1,GREEN,0
walking,walking,1.0,1,GREEN,0
walking,walking,1.0,1,GREEN,0
walking,walking,1.0,1,GREEN,0
walking,walking,1.0,1,GREEN,0
walking,walking,1.0,1,GREEN,0
walking,walking,1.0,1,GREEN,0
walking,walking,1.0,1,GREEN,0
walking,walking,1.0,1,GREEN,0
walking,walking,1.0,1,GREEN,0
walking,walking,1.0,1,GREEN,0
walking,walking,1.0,1,GREEN,0
walking,walking,1.0,1,GREEN,0
walking,walking,1.0,1,GREEN,0
walking,walking,1.0,1,GREEN,0
walking,walking,1.0,1,GREEN,0
walking,walking,1.0,1,GREEN,0
walking,walking,1.0,1,GREEN,0
walking,walking,1.0,1,GREEN,0
walking,walking,1.0,1,GREEN,0
walking,walking,1.0,1,GREEN,0
walking,walking,1.0,1,GREEN,0
walking,walking,1.0,1,GREEN,0
walking,walking,1.0,1,GREEN,0
walking,walking,1.0,1,GREEN,0
walking,walking,1.0,1,GREEN,0
walking,walking,1.0,1,GREEN,0
walking,walking,1.0,1,GREEN,0
walking,walking,1.0,1,GREEN,0
walking,walking,1.0,1,GREEN,0
walking,walking,1.0,1,GREEN,0
walking,walking,1.0,1,GREEN,0
walking,walking,1.0,1,GREEN,0
walking,walking,1.0,1,GREEN,0
walking,walking,1.0,1,GREEN,0
walking,walking,1.0,1,GREEN,0
walking,walking,1.0,1,GREEN,0
walking,walking,1.0,1,GREEN,0
walking,walking,1.0,1,GREEN,0
walking,walking,1.0,1,GREEN,0
walking,walking,1.0,1,GREEN,0
walking,walking,1.0,1,GREEN,0
walking,walking,1.0,1,GREEN,0
walking,walking,1.0,1,GREEN,0
walking,walking,1.0,1,GREEN,0
walking,walking,1.0,1,GREEN,0
walking,walking,1.0,1,GREEN,0
walking,walking,1.0,1,GREEN,0
walking,walking,1.0,1,GREEN,0
walking,walking,1.0,1,GREEN,0
walking,walking,1.0,1,GREEN,0
walking,walking,1.0,1,GREEN,0
walking,walking,1.0,1,GREEN,0
walking,walking,1.0,1,GREEN,0
walking,walking,1.0,1,GREEN,0
walking,walking,1.0,1,GREEN,0
walking,walking,1.0,1,GREEN,0
walking,walking,1.0,1,GREEN,0
walking,walking,1.0,1,GREEN,0
walking,walking,1.0,1,GREEN,0
walking,walking,1.0,1,GREEN,0
walking,walking,1.0,1,GREEN,0
walking,walking,1.0,1,GREEN,0
walking,walking,1.0,1,GREEN,0
walking,walking,1.0,1,GREEN,0
walking,walking,1.0,1,GREEN,0
walking,walking,1.0,1,GREEN,0
walking,walking,1.0,1,GREEN,0
walking,walking,1.0,1,GREEN,0
walking,walking,1.0,1,GREEN,0
walking,walking,1.0,1,GREEN,0
walking,walking,1.0,1,GREEN,0
walking,walking,1.0,1,GREEN,0
walking,walking,1.0,1,GREEN,0
walking,walking,1.0,1,GREEN,0
walking,walking,1.0,1,GREEN,0
walking,walking,1.0,1,GREEN,0
walking,walking,1.0,1,GREEN,0
walking,walking,1.0,1,GREEN,0
walking,walking,1.0,1,GREEN,0
walking,walking,1.0,1,GREEN,0
walking,walking,1.0,1,GREEN,0
walking,walking,1.0,1,GREEN,0
walking,walking,1.0,1,GREEN,0
walking,walking,1.0,1,GREEN,0
walking,walking,1.0,1,GREEN,0
walking,walking,1.0,1,GREEN,0
walking,walking,1.0,1,GREEN,0
walking,walking,1.0,1,GREEN,0
walking,walking,1.0,1,GREEN,0
walking,walking,1.0,1,GREEN,0
walking,walking,1.0,1,GREEN,0
walking,walking,1.0,1,GREEN,0
walking,walking,1.0,1,GREEN,0
walking,walking,1.0,1,GREEN,0
walking,walking,1.0,1,GREEN,0
walking,walking,1.0,1,GREEN,0
walking,walking,1.0,1,GREEN,0
walking,walking,1.0,1,GREEN,0
walking,walking,1.0,1,GREEN,0
walking,walking,1.0,1,GREEN,0
walking,walking,1.0,1,GREEN,0
walking,walking,1.0,1,GREEN,0
walking,walking,1.0,1,GREEN,0
walking,walking,1.0,1,GREEN,0
walking,walking,1.0,1,GREEN,0
walking,walking,1.0,1,GREEN,0
walking,walking,1.0,1,GREEN,0
walking,walking,1.0,1,GREEN,0
walking,walking,1.0,1,GREEN,0
walking,walking,1.0,1,GREEN,0
walking,walking,1.0,1,GREEN,0
walking,walking,1.0,1,GREEN,0
walking,walking,1.0,1,GREEN,0
walking,walking,1.0,1,GREEN,0
walking,walking,1.0,1,GREEN,0
walking,walking,1.0,1,GREEN,0
walking,walking,1.0,1,GREEN,0
walking,walking,1.0,1,GREEN,0
walking,walking,1.0,1,GREEN,0
walking,walking,1.0,1,GREEN,0
walking,walking,1.0,1,GREEN,0
walking,walking,1.0,1,GREEN,0
walking,walking,1.0,1,GREEN,0
walking,walking,1.0,1,GREEN,0
walking,walking,1.0,1,GREEN,0
walking,walking,1.0,1,GREEN,0
walking,walking,1.0,1,GREEN,0
walking,walking,1.0,1,GREEN,0
walking,walking,1.0,1,GREEN,0
walking,walking,1.0,1,GREEN,0
walking,walking,1.0,1,GREEN,0
walking,walking,1.0,1,GREEN,0
walking,walking,1.0,1,GREEN,0
walking,walking,1.0,1,GREEN,0
walking,walking,1.0,1,GREEN,0
walking,walking,1.0,1,GREEN,0
walking,walking,1.0,1,GREEN,0
walking,walking,1.0,1,GREEN,0
walking,walking,1.0,1,GREEN,0
walking,walking,1.0,1,GREEN,0
walking,walking,1.0,1,GREEN,0
walking,walking,1.0,1,GREEN,0
walking,walking,1.0,1,GREEN,0
walking,walking,1.0,1,GREEN,0
walking,walking,1.0,1,GREEN,0
walking,walking,1.0,1,GREEN,0
walking,walking,1.0,1,GREEN,0
walking,walking,1.0,1,GREEN,0
walking,walking,1.0,1,GREEN,0
walking,walking,1.0,1,GREEN,0
walking,walking,1.0,1,GREEN,0
walking,walking,1.0,1,GREEN,0
walking,walking,1.0,1,GREEN,0
walking,walking,1.0,1,GREEN,0
walking,walking,1.0,1,GREEN,0
walking,walking,1.0,1,GREEN,0
walking,walking,1.0,1,GREEN,0
walking,walking,1.0,1,GREEN,0
walking,walking,1.0,1,GREEN,0
walking,walking,1.0,1,GREEN,0
walking,walking,1.0,1,GREEN,0
walking,walking,1.0,1,GREEN,0
walking,walking,1.0,1,GREEN,0
walking,walking,1.0,1,GREEN,0
walking,walking,1.0,1,GREEN,0
walking,walking,1.0,1,GREEN,0
walking,walking,1.0,1,GREEN,0
walking,walking,1.0,1,GREEN,0
walking,walking,1.0,1,GREEN,0
walking,walking,1.0,1,GREEN,0
walking,walking,1.0,1,GREEN,0
walking,walking,1.0,1,GREEN,0
walking,walking,1.0,1,GREEN,0
walking,walking,1.0,1,GREEN,0
walking,walking,1.0,1,GREEN,0
walking,walking,1.0,1,GREEN,0
walking,walking,1.0,1,GREEN,0
walking,walking,0.976,1,GREEN,0
nordic_walk,walking,0.648,0,YELLOW,0
nordic_walk,nordic_walk,0.548,1,YELLOW,0
nordic_walk,nordic_walk,0.775,1,GREEN,0
nordic_walk,nordic_walk,1.0,1,GREEN,0
nordic_walk,nordic_walk,1.0,1,GREEN,0
nordic_walk,nordic_walk,1.0,1,GREEN,0
nordic_walk,nordic_walk,1.0,1,GREEN,0
nordic_walk,nordic_walk,1.0,1,GREEN,0
nordic_walk,nordic_walk,1.0,1,GREEN,0
nordic_walk,nordic_walk,1.0,1,GREEN,0
nordic_walk,nordic_walk,1.0,1,GREEN,0
nordic_walk,nordic_walk,1.0,1,GREEN,0
nordic_walk,nordic_walk,1.0,1,GREEN,0
nordic_walk,nordic_walk,1.0,1,GREEN,0
nordic_walk,nordic_walk,1.0,1,GREEN,0
nordic_walk,nordic_walk,1.0,1,GREEN,0
nordic_walk,nordic_walk,1.0,1,GREEN,0
nordic_walk,nordic_walk,1.0,1,GREEN,0
nordic_walk,nordic_walk,1.0,1,GREEN,0
nordic_walk,nordic_walk,1.0,1,GREEN,0
nordic_walk,nordic_walk,1.0,1,GREEN,0
nordic_walk,nordic_walk,1.0,1,GREEN,0
nordic_walk,nordic_walk,1.0,1,GREEN,0
nordic_walk,nordic_walk,1.0,1,GREEN,0
nordic_walk,nordic_walk,1.0,1,GREEN,0
nordic_walk,nordic_walk,1.0,1,GREEN,0
nordic_walk,nordic_walk,1.0,1,GREEN,0
nordic_walk,nordic_walk,1.0,1,GREEN,0
nordic_walk,nordic_walk,1.0,1,GREEN,0
nordic_walk,nordic_walk,1.0,1,GREEN,0
nordic_walk,nordic_walk,1.0,1,GREEN,0
nordic_walk,nordic_walk,1.0,1,GREEN,0
nordic_walk,nordic_walk,1.0,1,GREEN,0
nordic_walk,nordic_walk,1.0,1,GREEN,0
nordic_walk,nordic_walk,1.0,1,GREEN,0
nordic_walk,nordic_walk,1.0,1,GREEN,0
nordic_walk,nordic_walk,1.0,1,GREEN,0
nordic_walk,nordic_walk,1.0,1,GREEN,0
nordic_walk,nordic_walk,1.0,1,GREEN,0
nordic_walk,nordic_walk,1.0,1,GREEN,0
nordic_walk,nordic_walk,1.0,1,GREEN,0
nordic_walk,nordic_walk,1.0,1,GREEN,0
nordic_walk,nordic_walk,1.0,1,GREEN,0
nordic_walk,nordic_walk,1.0,1,GREEN,0
nordic_walk,nordic_walk,1.0,1,GREEN,0
nordic_walk,nordic_walk,1.0,1,GREEN,0
nordic_walk,nordic_walk,1.0,1,GREEN,0
nordic_walk,nordic_walk,1.0,1,GREEN,0
nordic_walk,nordic_walk,1.0,1,GREEN,0
nordic_walk,nordic_walk,1.0,1,GREEN,0
nordic_walk,nordic_walk,1.0,1,GREEN,0
nordic_walk,nordic_walk,1.0,1,GREEN,0
nordic_walk,nordic_walk,1.0,1,GREEN,0
nordic_walk,nordic_walk,1.0,1,GREEN,0
nordic_walk,nordic_walk,1.0,1,GREEN,0
nordic_walk,nordic_walk,1.0,1,GREEN,0
nordic_walk,nordic_walk,1.0,1,GREEN,0
nordic_walk,nordic_walk,1.0,1,GREEN,0
nordic_walk,nordic_walk,1.0,1,GREEN,0
nordic_walk,nordic_walk,1.0,1,GREEN,0
nordic_walk,nordic_walk,1.0,1,GREEN,0
nordic_walk,nordic_walk,1.0,1,GREEN,0
nordic_walk,nordic_walk,1.0,1,GREEN,0
nordic_walk,nordic_walk,1.0,1,GREEN,0
nordic_walk,nordic_walk,1.0,1,GREEN,0
nordic_walk,nordic_walk,1.0,1,GREEN,0
nordic_walk,nordic_walk,1.0,1,GREEN,0
nordic_walk,nordic_walk,1.0,1,GREEN,0
nordic_walk,nordic_walk,1.0,1,GREEN,0
nordic_walk,nordic_walk,1.0,1,GREEN,0
nordic_walk,nordic_walk,1.0,1,GREEN,0
nordic_walk,nordic_walk,1.0,1,GREEN,0
nordic_walk,nordic_walk,1.0,1,GREEN,0
nordic_walk,nordic_walk,1.0,1,GREEN,0
nordic_walk,nordic_walk,1.0,1,GREEN,0
nordic_walk,nordic_walk,1.0,1,GREEN,0
nordic_walk,nordic_walk,1.0,1,GREEN,0
nordic_walk,nordic_walk,1.0,1,GREEN,0
nordic_walk,nordic_walk,1.0,1,GREEN,0
nordic_walk,nordic_walk,1.0,1,GREEN,0
nordic_walk,nordic_walk,1.0,1,GREEN,0
nordic_walk,nordic_walk,1.0,1,GREEN,0
nordic_walk,nordic_walk,1.0,1,GREEN,0
nordic_walk,nordic_walk,1.0,1,GREEN,0
nordic_walk,nordic_walk,1.0,1,GREEN,0
nordic_walk,nordic_walk,1.0,1,GREEN,0
nordic_walk,nordic_walk,1.0,1,GREEN,0
nordic_walk,nordic_walk,1.0,1,GREEN,0
nordic_walk,nordic_walk,1.0,1,GREEN,0
nordic_walk,nordic_walk,1.0,1,GREEN,0
nordic_walk,nordic_walk,1.0,1,GREEN,0
nordic_walk,nordic_walk,1.0,1,GREEN,0
nordic_walk,nordic_walk,1.0,1,GREEN,0
nordic_walk,nordic_walk,1.0,1,GREEN,0
nordic_walk,nordic_walk,1.0,1,GREEN,0
nordic_walk,nordic_walk,1.0,1,GREEN,0
nordic_walk,nordic_walk,1.0,1,GREEN,0
nordic_walk,nordic_walk,1.0,1,GREEN,0
nordic_walk,nordic_walk,1.0,1,GREEN,0
nordic_walk,nordic_walk,1.0,1,GREEN,0
nordic_walk,nordic_walk,1.0,1,GREEN,0
nordic_walk,nordic_walk,1.0,1,GREEN,0
nordic_walk,nordic_walk,1.0,1,GREEN,0
nordic_walk,nordic_walk,1.0,1,GREEN,0
nordic_walk,nordic_walk,1.0,1,GREEN,0
nordic_walk,nordic_walk,1.0,1,GREEN,0
nordic_walk,nordic_walk,1.0,1,GREEN,0
nordic_walk,nordic_walk,1.0,1,GREEN,0
nordic_walk,nordic_walk,1.0,1,GREEN,0
nordic_walk,nordic_walk,1.0,1,GREEN,0
nordic_walk,nordic_walk,1.0,1,GREEN,0
nordic_walk,nordic_walk,1.0,1,GREEN,0
nordic_walk,nordic_walk,1.0,1,GREEN,0
nordic_walk,nordic_walk,1.0,1,GREEN,0
nordic_walk,nordic_walk,1.0,1,GREEN,0
nordic_walk,nordic_walk,1.0,1,GREEN,0
nordic_walk,nordic_walk,1.0,1,GREEN,0
nordic_walk,nordic_walk,1.0,1,GREEN,0
nordic_walk,nordic_walk,1.0,1,GREEN,0
nordic_walk,nordic_walk,1.0,1,GREEN,0
nordic_walk,nordic_walk,1.0,1,GREEN,0
nordic_walk,nordic_walk,1.0,1,GREEN,0
nordic_walk,nordic_walk,1.0,1,GREEN,0
nordic_walk,nordic_walk,1.0,1,GREEN,0
nordic_walk,nordic_walk,1.0,1,GREEN,0
nordic_walk,nordic_walk,1.0,1,GREEN,0
nordic_walk,nordic_walk,1.0,1,GREEN,0
nordic_walk,nordic_walk,1.0,1,GREEN,0
nordic_walk,nordic_walk,1.0,1,GREEN,0
nordic_walk,nordic_walk,1.0,1,GREEN,0
nordic_walk,nordic_walk,1.0,1,GREEN,0
nordic_walk,nordic_walk,1.0,1,GREEN,0
nordic_walk,nordic_walk,1.0,1,GREEN,0
nordic_walk,nordic_walk,1.0,1,GREEN,0
nordic_walk,nordic_walk,1.0,1,GREEN,0
nordic_walk,nordic_walk,1.0,1,GREEN,0
nordic_walk,nordic_walk,1.0,1,GREEN,0
nordic_walk,nordic_walk,1.0,1,GREEN,0
nordic_walk,nordic_walk,1.0,1,GREEN,0
nordic_walk,nordic_walk,1.0,1,GREEN,0
nordic_walk,nordic_walk,1.0,1,GREEN,0
nordic_walk,nordic_walk,1.0,1,GREEN,0
nordic_walk,nordic_walk,1.0,1,GREEN,0
nordic_walk,nordic_walk,1.0,1,GREEN,0
nordic_walk,nordic_walk,1.0,1,GREEN,0
nordic_walk,nordic_walk,1.0,1,GREEN,0
nordic_walk,nordic_walk,1.0,1,GREEN,0
nordic_walk,nordic_walk,1.0,1,GREEN,0
nordic_walk,nordic_walk,1.0,1,GREEN,0
nordic_walk,nordic_walk,1.0,1,GREEN,0
nordic_walk,nordic_walk,1.0,1,GREEN,0
nordic_walk,nordic_walk,1.0,1,GREEN,0
nordic_walk,nordic_walk,1.0,1,GREEN,0
nordic_walk,nordic_walk,1.0,1,GREEN,0
nordic_walk,nordic_walk,1.0,1,GREEN,0
nordic_walk,nordic_walk,1.0,1,GREEN,0
nordic_walk,nordic_walk,1.0,1,GREEN,0
nordic_walk,nordic_walk,1.0,1,GREEN,0
nordic_walk,nordic_walk,1.0,1,GREEN,0
nordic_walk,nordic_walk,1.0,1,GREEN,0
nordic_walk,nordic_walk,1.0,1,GREEN,0
nordic_walk,nordic_walk,1.0,1,GREEN,0
nordic_walk,nordic_walk,1.0,1,GREEN,0
nordic_walk,nordic_walk,1.0,1,GREEN,0
nordic_walk,nordic_walk,1.0,1,GREEN,0
nordic_walk,nordic_walk,1.0,1,GREEN,0
nordic_walk,nordic_walk,1.0,1,GREEN,0
nordic_walk,nordic_walk,1.0,1,GREEN,0
nordic_walk,nordic_walk,1.0,1,GREEN,0
nordic_walk,nordic_walk,1.0,1,GREEN,0
nordic_walk,nordic_walk,1.0,1,GREEN,0
nordic_walk,nordic_walk,1.0,1,GREEN,0
nordic_walk,nordic_walk,1.0,1,GREEN,0
nordic_walk,nordic_walk,1.0,1,GREEN,0
nordic_walk,nordic_walk,1.0,1,GREEN,0
nordic_walk,nordic_walk,1.0,1,GREEN,0
nordic_walk,nordic_walk,1.0,1,GREEN,0
nordic_walk,nordic_walk,1.0,1,GREEN,0
nordic_walk,nordic_walk,1.0,1,GREEN,0
nordic_walk,nordic_walk,1.0,1,GREEN,0
nordic_walk,nordic_walk,1.0,1,GREEN,0
nordic_walk,nordic_walk,1.0,1,GREEN,0
nordic_walk,nordic_walk,1.0,1,GREEN,0
nordic_walk,nordic_walk,1.0,1,GREEN,0
nordic_walk,nordic_walk,1.0,1,GREEN,0
nordic_walk,nordic_walk,1.0,1,GREEN,0
nordic_walk,nordic_walk,1.0,1,GREEN,0
nordic_walk,nordic_walk,1.0,1,GREEN,0
nordic_walk,nordic_walk,1.0,1,GREEN,0
nordic_walk,nordic_walk,1.0,1,GREEN,0
nordic_walk,nordic_walk,1.0,1,GREEN,0
nordic_walk,nordic_walk,1.0,1,GREEN,0
nordic_walk,nordic_walk,1.0,1,GREEN,0
nordic_walk,nordic_walk,1.0,1,GREEN,0
nordic_walk,nordic_walk,1.0,1,GREEN,0
nordic_walk,nordic_walk,1.0,1,GREEN,0
nordic_walk,nordic_walk,1.0,1,GREEN,0
nordic_walk,nordic_walk,1.0,1,GREEN,0
nordic_walk,nordic_walk,1.0,1,GREEN,0
nordic_walk,nordic_walk,1.0,1,GREEN,0
nordic_walk,nordic_walk,1.0,1,GREEN,0
nordic_walk,nordic_walk,1.0,1,GREEN,0
nordic_walk,nordic_walk,1.0,1,GREEN,0
nordic_walk,nordic_walk,1.0,1,GREEN,0
nordic_walk,nordic_walk,1.0,1,GREEN,0
nordic_walk,nordic_walk,1.0,1,GREEN,0
nordic_walk,nordic_walk,1.0,1,GREEN,0
nordic_walk,nordic_walk,1.0,1,GREEN,0
nordic_walk,nordic_walk,1.0,1,GREEN,0
nordic_walk,nordic_walk,1.0,1,GREEN,0
nordic_walk,nordic_walk,1.0,1,GREEN,0
nordic_walk,nordic_walk,1.0,1,GREEN,0
nordic_walk,nordic_walk,1.0,1,GREEN,0
nordic_walk,nordic_walk,1.0,1,GREEN,0
nordic_walk,nordic_walk,1.0,1,GREEN,0
nordic_walk,nordic_walk,1.0,1,GREEN,0
nordic_walk,nordic_walk,1.0,1,GREEN,0
nordic_walk,nordic_walk,1.0,1,GREEN,0
nordic_walk,nordic_walk,1.0,1,GREEN,0
nordic_walk,nordic_walk,1.0,1,GREEN,0
nordic_walk,nordic_walk,1.0,1,GREEN,0
nordic_walk,nordic_walk,1.0,1,GREEN,0
nordic_walk,nordic_walk,1.0,1,GREEN,0
nordic_walk,nordic_walk,1.0,1,GREEN,0
nordic_walk,nordic_walk,1.0,1,GREEN,0
nordic_walk,nordic_walk,1.0,1,GREEN,0
nordic_walk,nordic_walk,1.0,1,GREEN,0
nordic_walk,nordic_walk,1.0,1,GREEN,0
nordic_walk,nordic_walk,1.0,1,GREEN,0
nordic_walk,nordic_walk,1.0,1,GREEN,0
nordic_walk,nordic_walk,1.0,1,GREEN,0
nordic_walk,nordic_walk,1.0,1,GREEN,0
nordic_walk,nordic_walk,1.0,1,GREEN,0
nordic_walk,nordic_walk,1.0,1,GREEN,0
nordic_walk,nordic_walk,1.0,1,GREEN,0
nordic_walk,nordic_walk,1.0,1,GREEN,0
nordic_walk,nordic_walk,1.0,1,GREEN,0
nordic_walk,nordic_walk,1.0,1,GREEN,0
nordic_walk,nordic_walk,1.0,1,GREEN,0
nordic_walk,nordic_walk,1.0,1,GREEN,0
nordic_walk,nordic_walk,1.0,1,GREEN,0
nordic_walk,nordic_walk,1.0,1,GREEN,0
nordic_walk,nordic_walk,1.0,1,GREEN,0
nordic_walk,nordic_walk,1.0,1,GREEN,0
nordic_walk,nordic_walk,1.0,1,GREEN,0
nordic_walk,nordic_walk,1.0,1,GREEN,0
nordic_walk,nordic_walk,1.0,1,GREEN,0
nordic_walk,nordic_walk,1.0,1,GREEN,0
nordic_walk,nordic_walk,1.0,1,GREEN,0
nordic_walk,nordic_walk,1.0,1,GREEN,0
nordic_walk,nordic_walk,1.0,1,GREEN,0
nordic_walk,nordic_walk,1.0,1,GREEN,0
nordic_walk,nordic_walk,1.0,1,GREEN,0
nordic_walk,nordic_walk,1.0,1,GREEN,0
nordic_walk,nordic_walk,1.0,1,GREEN,0
nordic_walk,nordic_walk,1.0,1,GREEN,0
nordic_walk,nordic_walk,1.0,1,GREEN,0
nordic_walk,nordic_walk,1.0,1,GREEN,0
nordic_walk,nordic_walk,1.0,1,GREEN,0
nordic_walk,nordic_walk,1.0,1,GREEN,0
nordic_walk,nordic_walk,1.0,1,GREEN,0
nordic_walk,nordic_walk,1.0,1,GREEN,0
nordic_walk,nordic_walk,1.0,1,GREEN,0
nordic_walk,nordic_walk,1.0,1,GREEN,0
nordic_walk,nordic_walk,1.0,1,GREEN,0
nordic_walk,nordic_walk,1.0,1,GREEN,0
nordic_walk,nordic_walk,1.0,1,GREEN,0
nordic_walk,nordic_walk,1.0,1,GREEN,0
nordic_walk,nordic_walk,1.0,1,GREEN,0
nordic_walk,nordic_walk,1.0,1,GREEN,0
nordic_walk,nordic_walk,1.0,1,GREEN,0
nordic_walk,nordic_walk,1.0,1,GREEN,0
nordic_walk,nordic_walk,1.0,1,GREEN,0
nordic_walk,nordic_walk,1.0,1,GREEN,0
nordic_walk,nordic_walk,1.0,1,GREEN,0
nordic_walk,nordic_walk,1.0,1,GREEN,0
nordic_walk,nordic_walk,1.0,1,GREEN,0
nordic_walk,nordic_walk,1.0,1,GREEN,0
nordic_walk,nordic_walk,1.0,1,GREEN,0
nordic_walk,nordic_walk,1.0,1,GREEN,0
nordic_walk,nordic_walk,1.0,1,GREEN,0
nordic_walk,nordic_walk,1.0,1,GREEN,0
nordic_walk,nordic_walk,1.0,1,GREEN,0
nordic_walk,nordic_walk,1.0,1,GREEN,0
nordic_walk,nordic_walk,1.0,1,GREEN,0
nordic_walk,nordic_walk,1.0,1,GREEN,0
nordic_walk,nordic_walk,1.0,1,GREEN,0
nordic_walk,nordic_walk,1.0,1,GREEN,0
nordic_walk,nordic_walk,1.0,1,GREEN,0
nordic_walk,nordic_walk,1.0,1,GREEN,0
nordic_walk,nordic_walk,1.0,1,GREEN,0
nordic_walk,nordic_walk,1.0,1,GREEN,0
nordic_walk,nordic_walk,1.0,1,GREEN,0
nordic_walk,nordic_walk,1.0,1,GREEN,0
nordic_walk,nordic_walk,1.0,1,GREEN,0
nordic_walk,nordic_walk,1.0,1,GREEN,0
nordic_walk,nordic_walk,1.0,1,GREEN,0
nordic_walk,nordic_walk,1.0,1,GREEN,0
nordic_walk,nordic_walk,1.0,1,GREEN,0
nordic_walk,nordic_walk,1.0,1,GREEN,0
nordic_walk,nordic_walk,1.0,1,GREEN,0
nordic_walk,nordic_walk,1.0,1,GREEN,0
nordic_walk,nordic_walk,1.0,1,GREEN,0
nordic_walk,nordic_walk,1.0,1,GREEN,0
nordic_walk,nordic_walk,1.0,1,GREEN,0
nordic_walk,nordic_walk,1.0,1,GREEN,0
nordic_walk,nordic_walk,1.0,1,GREEN,0
nordic_walk,nordic_walk,1.0,1,GREEN,0
nordic_walk,nordic_walk,1.0,1,GREEN,0
nordic_walk,nordic_walk,1.0,1,GREEN,0
nordic_walk,nordic_walk,1.0,1,GREEN,0
nordic_walk,nordic_walk,1.0,1,GREEN,0
nordic_walk,nordic_walk,1.0,1,GREEN,0
nordic_walk,nordic_walk,1.0,1,GREEN,0
nordic_walk,nordic_walk,1.0,1,GREEN,0
nordic_walk,nordic_walk,1.0,1,GREEN,0
nordic_walk,nordic_walk,1.0,1,GREEN,0
nordic_walk,nordic_walk,1.0,1,GREEN,0
nordic_walk,nordic_walk,1.0,1,GREEN,0
nordic_walk,nordic_walk,1.0,1,GREEN,0
nordic_walk,nordic_walk,1.0,1,GREEN,0
nordic_walk,nordic_walk,1.0,1,GREEN,0
nordic_walk,nordic_walk,1.0,1,GREEN,0
nordic_walk,nordic_walk,1.0,1,GREEN,0
nordic_walk,nordic_walk,1.0,1,GREEN,0
nordic_walk,nordic_walk,1.0,1,GREEN,0
nordic_walk,nordic_walk,1.0,1,GREEN,0
nordic_walk,nordic_walk,1.0,1,GREEN,0
nordic_walk,nordic_walk,1.0,1,GREEN,0
nordic_walk,nordic_walk,1.0,1,GREEN,0
nordic_walk,nordic_walk,1.0,1,GREEN,0
nordic_walk,nordic_walk,1.0,1,GREEN,0
nordic_walk,nordic_walk,1.0,1,GREEN,0
nordic_walk,nordic_walk,1.0,1,GREEN,0
nordic_walk,nordic_walk,1.0,1,GREEN,0
nordic_walk,nordic_walk,1.0,1,GREEN,0
nordic_walk,nordic_walk,1.0,1,GREEN,0
nordic_walk,nordic_walk,1.0,1,GREEN,0
nordic_walk,nordic_walk,1.0,1,GREEN,0
nordic_walk,nordic_walk,1.0,1,GREEN,0
nordic_walk,nordic_walk,1.0,1,GREEN,0
nordic_walk,nordic_walk,1.0,1,GREEN,0
nordic_walk,nordic_walk,1.0,1,GREEN,0
nordic_walk,nordic_walk,1.0,1,GREEN,0
nordic_walk,nordic_walk,1.0,1,GREEN,0
nordic_walk,nordic_walk,1.0,1,GREEN,0
nordic_walk,nordic_walk,1.0,1,GREEN,0
nordic_walk,nordic_walk,1.0,1,GREEN,0
nordic_walk,nordic_walk,1.0,1,GREEN,0
nordic_walk,nordic_walk,1.0,1,GREEN,0
nordic_walk,nordic_walk,1.0,1,GREEN,0
nordic_walk,nordic_walk,1.0,1,GREEN,0
nordic_walk,nordic_walk,1.0,1,GREEN,0
nordic_walk,nordic_walk,1.0,1,GREEN,0
nordic_walk,nordic_walk,1.0,1,GREEN,0
nordic_walk,nordic_walk,1.0,1,GREEN,0
nordic_walk,nordic_walk,1.0,1,GREEN,0
nordic_walk,nordic_walk,1.0,1,GREEN,0
nordic_walk,nordic_walk,1.0,1,GREEN,0
nordic_walk,nordic_walk,1.0,1,GREEN,0
nordic_walk,nordic_walk,1.0,1,GREEN,0
nordic_walk,nordic_walk,1.0,1,GREEN,0
nordic_walk,nordic_walk,1.0,1,GREEN,0
nordic_walk,nordic_walk,1.0,1,GREEN,0
nordic_walk,nordic_walk,1.0,1,GREEN,0
nordic_walk,nordic_walk,1.0,1,GREEN,0
nordic_walk,nordic_walk,1.0,1,GREEN,0
nordic_walk,nordic_walk,1.0,1,GREEN,0
nordic_walk,nordic_walk,1.0,1,GREEN,0
nordic_walk,nordic_walk,1.0,1,GREEN,0
nordic_walk,nordic_walk,1.0,1,GREEN,0
nordic_walk,nordic_walk,1.0,1,GREEN,0
nordic_walk,nordic_walk,1.0,1,GREEN,0
nordic_walk,nordic_walk,1.0,1,GREEN,0
nordic_walk,nordic_walk,1.0,1,GREEN,0
nordic_walk,nordic_walk,1.0,1,GREEN,0
nordic_walk,nordic_walk,1.0,1,GREEN,0
nordic_walk,nordic_walk,1.0,1,GREEN,0
nordic_walk,nordic_walk,1.0,1,GREEN,0
nordic_walk,nordic_walk,1.0,1,GREEN,0
nordic_walk,nordic_walk,1.0,1,GREEN,0
nordic_walk,nordic_walk,1.0,1,GREEN,0
nordic_walk,nordic_walk,1.0,1,GREEN,0
nordic_walk,nordic_walk,1.0,1,GREEN,0
nordic_walk,nordic_walk,1.0,1,GREEN,0
nordic_walk,nordic_walk,1.0,1,GREEN,0
nordic_walk,nordic_walk,1.0,1,GREEN,0
nordic_walk,nordic_walk,1.0,1,GREEN,0
nordic_walk,nordic_walk,1.0,1,GREEN,0
nordic_walk,nordic_walk,1.0,1,GREEN,0
nordic_walk,nordic_walk,1.0,1,GREEN,0
nordic_walk,nordic_walk,1.0,1,GREEN,0
nordic_walk,nordic_walk,1.0,1,GREEN,0
nordic_walk,nordic_walk,1.0,1,GREEN,0
nordic_walk,nordic_walk,1.0,1,GREEN,0
nordic_walk,nordic_walk,1.0,1,GREEN,0
nordic_walk,nordic_walk,1.0,1,GREEN,0
nordic_walk,nordic_walk,1.0,1,GREEN,0
nordic_walk,nordic_walk,1.0,1,GREEN,0
nordic_walk,nordic_walk,1.0,1,GREEN,0
nordic_walk,nordic_walk,1.0,1,GREEN,0
nordic_walk,nordic_walk,1.0,1,GREEN,0
nordic_walk,nordic_walk,1.0,1,GREEN,0
nordic_walk,nordic_walk,1.0,1,GREEN,0
nordic_walk,nordic_walk,1.0,1,GREEN,0
nordic_walk,nordic_walk,1.0,1,GREEN,0
nordic_walk,nordic_walk,1.0,1,GREEN,0
nordic_walk,nordic_walk,1.0,1,GREEN,0
nordic_walk,nordic_walk,1.0,1,GREEN,0
nordic_walk,nordic_walk,1.0,1,GREEN,0
nordic_walk,nordic_walk,1.0,1,GREEN,0
nordic_walk,nordic_walk,1.0,1,GREEN,0
nordic_walk,nordic_walk,1.0,1,GREEN,0
nordic_walk,nordic_walk,1.0,1,GREEN,0
nordic_walk,nordic_walk,1.0,1,GREEN,0
nordic_walk,nordic_walk,1.0,1,GREEN,0
nordic_walk,nordic_walk,1.0,1,GREEN,0
nordic_walk,nordic_walk,1.0,1,GREEN,0
nordic_walk,nordic_walk,1.0,1,GREEN,0
nordic_walk,nordic_walk,1.0,1,GREEN,0
nordic_walk,nordic_walk,1.0,1,GREEN,0
nordic_walk,nordic_walk,1.0,1,GREEN,0
nordic_walk,nordic_walk,1.0,1,GREEN,0
nordic_walk,nordic_walk,1.0,1,GREEN,0
nordic_walk,nordic_walk,1.0,1,GREEN,0
nordic_walk,nordic_walk,1.0,1,GREEN,0
nordic_walk,nordic_walk,1.0,1,GREEN,0
nordic_walk,nordic_walk,1.0,1,GREEN,0
nordic_walk,nordic_walk,1.0,1,GREEN,0
nordic_walk,nordic_walk,1.0,1,GREEN,0
nordic_walk,nordic_walk,1.0,1,GREEN,0
nordic_walk,nordic_walk,1.0,1,GREEN,0
nordic_walk,nordic_walk,1.0,1,GREEN,0
nordic_walk,nordic_walk,1.0,1,GREEN,0
nordic_walk,nordic_walk,1.0,1,GREEN,0
nordic_walk,nordic_walk,1.0,1,GREEN,0
nordic_walk,nordic_walk,1.0,1,GREEN,0
nordic_walk,nordic_walk,1.0,1,GREEN,0
nordic_walk,nordic_walk,1.0,1,GREEN,0
nordic_walk,nordic_walk,1.0,1,GREEN,0
nordic_walk,nordic_walk,1.0,1,GREEN,0
nordic_walk,nordic_walk,1.0,1,GREEN,0
nordic_walk,nordic_walk,1.0,1,GREEN,0
nordic_walk,nordic_walk,1.0,1,GREEN,0
nordic_walk,nordic_walk,1.0,1,GREEN,0
nordic_walk,nordic_walk,1.0,1,GREEN,0
nordic_walk,nordic_walk,1.0,1,GREEN,0
nordic_walk,nordic_walk,1.0,1,GREEN,0
nordic_walk,nordic_walk,1.0,1,GREEN,0
nordic_walk,nordic_walk,1.0,1,GREEN,0
nordic_walk,nordic_walk,1.0,1,GREEN,0
nordic_walk,nordic_walk,1.0,1,GREEN,0
nordic_walk,nordic_walk,1.0,1,GREEN,0
nordic_walk,nordic_walk,1.0,1,GREEN,0
nordic_walk,nordic_walk,1.0,1,GREEN,0
nordic_walk,nordic_walk,1.0,1,GREEN,0
nordic_walk,nordic_walk,1.0,1,GREEN,0
nordic_walk,nordic_walk,1.0,1,GREEN,0
nordic_walk,nordic_walk,1.0,1,GREEN,0
nordic_walk,nordic_walk,1.0,1,GREEN,0
nordic_walk,nordic_walk,1.0,1,GREEN,0
nordic_walk,nordic_walk,1.0,1,GREEN,0
nordic_walk,nordic_walk,1.0,1,GREEN,0
nordic_walk,nordic_walk,1.0,1,GREEN,0
nordic_walk,nordic_walk,1.0,1,GREEN,0
nordic_walk,nordic_walk,1.0,1,GREEN,0
nordic_walk,nordic_walk,1.0,1,GREEN,0
nordic_walk,nordic_walk,1.0,1,GREEN,0
nordic_walk,nordic_walk,1.0,1,GREEN,0
nordic_walk,nordic_walk,1.0,1,GREEN,0
nordic_walk,nordic_walk,1.0,1,GREEN,0
nordic_walk,nordic_walk,1.0,1,GREEN,0
nordic_walk,nordic_walk,1.0,1,GREEN,0
nordic_walk,nordic_walk,1.0,1,GREEN,0
nordic_walk,nordic_walk,1.0,1,GREEN,0
nordic_walk,nordic_walk,1.0,1,GREEN,0
nordic_walk,nordic_walk,1.0,1,GREEN,0
nordic_walk,nordic_walk,1.0,1,GREEN,0
nordic_walk,nordic_walk,1.0,1,GREEN,0
nordic_walk,nordic_walk,1.0,1,GREEN,0
nordic_walk,nordic_walk,1.0,1,GREEN,0
nordic_walk,nordic_walk,1.0,1,GREEN,0
nordic_walk,nordic_walk,1.0,1,GREEN,0
nordic_walk,nordic_walk,1.0,1,GREEN,0
nordic_walk,nordic_walk,1.0,1,GREEN,0
nordic_walk,nordic_walk,1.0,1,GREEN,0
nordic_walk,nordic_walk,1.0,1,GREEN,0
nordic_walk,nordic_walk,1.0,1,GREEN,0
nordic_walk,nordic_walk,1.0,1,GREEN,0
nordic_walk,nordic_walk,1.0,1,GREEN,0
nordic_walk,nordic_walk,1.0,1,GREEN,0
nordic_walk,nordic_walk,1.0,1,GREEN,0
nordic_walk,nordic_walk,1.0,1,GREEN,0
nordic_walk,nordic_walk,1.0,1,GREEN,0
nordic_walk,nordic_walk,1.0,1,GREEN,0
nordic_walk,nordic_walk,1.0,1,GREEN,0
nordic_walk,nordic_walk,1.0,1,GREEN,0
nordic_walk,nordic_walk,1.0,1,GREEN,0
nordic_walk,nordic_walk,1.0,1,GREEN,0
nordic_walk,nordic_walk,1.0,1,GREEN,0
nordic_walk,nordic_walk,1.0,1,GREEN,0
nordic_walk,nordic_walk,1.0,1,GREEN,0
nordic_walk,nordic_walk,1.0,1,GREEN,0
nordic_walk,nordic_walk,1.0,1,GREEN,0
nordic_walk,nordic_walk,1.0,1,GREEN,0
nordic_walk,nordic_walk,1.0,1,GREEN,0
nordic_walk,nordic_walk,1.0,1,GREEN,0
nordic_walk,nordic_walk,1.0,1,GREEN,0
nordic_walk,nordic_walk,1.0,1,GREEN,0
nordic_walk,nordic_walk,1.0,1,GREEN,0
nordic_walk,nordic_walk,1.0,1,GREEN,0
nordic_walk,nordic_walk,1.0,1,GREEN,0
nordic_walk,nordic_walk,1.0,1,GREEN,0
nordic_walk,nordic_walk,1.0,1,GREEN,0
nordic_walk,nordic_walk,1.0,1,GREEN,0
nordic_walk,nordic_walk,1.0,1,GREEN,0
nordic_walk,nordic_walk,1.0,1,GREEN,0
nordic_walk,nordic_walk,1.0,1,GREEN,0
nordic_walk,nordic_walk,1.0,1,GREEN,0
nordic_walk,nordic_walk,1.0,1,GREEN,0
nordic_walk,nordic_walk,1.0,1,GREEN,0
nordic_walk,nordic_walk,1.0,1,GREEN,0
nordic_walk,nordic_walk,1.0,1,GREEN,0
nordic_walk,nordic_walk,1.0,1,GREEN,0
nordic_walk,nordic_walk,1.0,1,GREEN,0
nordic_walk,nordic_walk,0.948,1,GREEN,0
nordic_walk,nordic_walk,0.77,1,GREEN,0
nordic_walk,nordic_walk,0.769,1,GREEN,0
nordic_walk,nordic_walk,0.528,1,YELLOW,0
cycling,cycling,0.83,1,GREEN,0
cycling,cycling,1.0,1,GREEN,0
cycling,cycling,1.0,1,GREEN,0
cycling,cycling,1.0,1,GREEN,0
cycling,cycling,1.0,1,GREEN,0
cycling,cycling,1.0,1,GREEN,0
cycling,cycling,1.0,1,GREEN,0
cycling,cycling,1.0,1,GREEN,0
cycling,cycling,1.0,1,GREEN,0
cycling,cycling,1.0,1,GREEN,0
cycling,cycling,1.0,1,GREEN,0
cycling,cycling,1.0,1,GREEN,0
cycling,cycling,1.0,1,GREEN,0
cycling,cycling,1.0,1,GREEN,0
cycling,cycling,1.0,1,GREEN,0
cycling,cycling,1.0,1,GREEN,0
cycling,cycling,1.0,1,GREEN,0
cycling,cycling,1.0,1,GREEN,0
cycling,cycling,1.0,1,GREEN,0
cycling,cycling,1.0,1,GREEN,0
cycling,cycling,1.0,1,GREEN,0
cycling,cycling,1.0,1,GREEN,0
cycling,cycling,1.0,1,GREEN,0
cycling,cycling,1.0,1,GREEN,0
cycling,cycling,1.0,1,GREEN,0
cycling,cycling,1.0,1,GREEN,0
cycling,cycling,1.0,1,GREEN,0
cycling,cycling,1.0,1,GREEN,0
cycling,cycling,1.0,1,GREEN,0
cycling,cycling,1.0,1,GREEN,0
cycling,cycling,1.0,1,GREEN,0
cycling,cycling,1.0,1,GREEN,0
cycling,cycling,1.0,1,GREEN,0
cycling,cycling,1.0,1,GREEN,0
cycling,cycling,1.0,1,GREEN,0
cycling,cycling,1.0,1,GREEN,0
cycling,cycling,1.0,1,GREEN,0
cycling,cycling,1.0,1,GREEN,0
cycling,cycling,1.0,1,GREEN,0
cycling,cycling,1.0,1,GREEN,0
cycling,cycling,1.0,1,GREEN,0
cycling,cycling,1.0,1,GREEN,0
cycling,cycling,1.0,1,GREEN,0
cycling,cycling,1.0,1,GREEN,0
cycling,cycling,1.0,1,GREEN,0
cycling,cycling,1.0,1,GREEN,0
cycling,cycling,1.0,1,GREEN,0
cycling,cycling,1.0,1,GREEN,0
cycling,cycling,1.0,1,GREEN,0
cycling,cycling,1.0,1,GREEN,0
cycling,cycling,1.0,1,GREEN,0
cycling,cycling,1.0,1,GREEN,0
cycling,cycling,1.0,1,GREEN,0
cycling,cycling,1.0,1,GREEN,0
cycling,cycling,1.0,1,GREEN,0
cycling,cycling,1.0,1,GREEN,0
cycling,cycling,1.0,1,GREEN,0
cycling,cycling,1.0,1,GREEN,0
cycling,cycling,1.0,1,GREEN,0
cycling,cycling,1.0,1,GREEN,0
cycling,cycling,1.0,1,GREEN,0
cycling,cycling,1.0,1,GREEN,0
cycling,cycling,1.0,1,GREEN,0
cycling,cycling,1.0,1,GREEN,0
cycling,cycling,1.0,1,GREEN,0
cycling,cycling,1.0,1,GREEN,0
cycling,cycling,1.0,1,GREEN,0
cycling,cycling,1.0,1,GREEN,0
cycling,cycling,1.0,1,GREEN,0
cycling,cycling,1.0,1,GREEN,0
cycling,cycling,1.0,1,GREEN,0
cycling,cycling,1.0,1,GREEN,0
cycling,cycling,1.0,1,GREEN,0
cycling,cycling,1.0,1,GREEN,0
cycling,cycling,1.0,1,GREEN,0
cycling,cycling,1.0,1,GREEN,0
cycling,cycling,1.0,1,GREEN,0
cycling,cycling,1.0,1,GREEN,0
cycling,cycling,1.0,1,GREEN,0
cycling,cycling,1.0,1,GREEN,0
cycling,cycling,1.0,1,GREEN,0
cycling,cycling,1.0,1,GREEN,0
cycling,cycling,1.0,1,GREEN,0
cycling,cycling,1.0,1,GREEN,0
cycling,cycling,1.0,1,GREEN,0
cycling,cycling,1.0,1,GREEN,0
cycling,cycling,1.0,1,GREEN,0
cycling,cycling,1.0,1,GREEN,0
cycling,cycling,1.0,1,GREEN,0
cycling,cycling,1.0,1,GREEN,0
cycling,cycling,1.0,1,GREEN,0
cycling,cycling,1.0,1,GREEN,0
cycling,cycling,1.0,1,GREEN,0
cycling,cycling,1.0,1,GREEN,0
cycling,cycling,1.0,1,GREEN,0
cycling,cycling,1.0,1,GREEN,0
cycling,cycling,1.0,1,GREEN,0
cycling,cycling,1.0,1,GREEN,0
cycling,cycling,1.0,1,GREEN,0
cycling,cycling,1.0,1,GREEN,0
cycling,cycling,1.0,1,GREEN,0
cycling,cycling,1.0,1,GREEN,0
cycling,cycling,1.0,1,GREEN,0
cycling,cycling,1.0,1,GREEN,0
cycling,cycling,1.0,1,GREEN,0
cycling,cycling,1.0,1,GREEN,0
cycling,cycling,1.0,1,GREEN,0
cycling,cycling,1.0,1,GREEN,0
cycling,cycling,1.0,1,GREEN,0
cycling,cycling,1.0,1,GREEN,0
cycling,cycling,1.0,1,GREEN,0
cycling,cycling,1.0,1,GREEN,0
cycling,cycling,1.0,1,GREEN,0
cycling,cycling,1.0,1,GREEN,0
cycling,cycling,1.0,1,GREEN,0
cycling,cycling,1.0,1,GREEN,0
cycling,cycling,1.0,1,GREEN,0
cycling,cycling,1.0,1,GREEN,0
cycling,cycling,1.0,1,GREEN,0
cycling,cycling,1.0,1,GREEN,0
cycling,cycling,1.0,1,GREEN,0
cycling,cycling,1.0,1,GREEN,0
cycling,cycling,1.0,1,GREEN,0
cycling,cycling,1.0,1,GREEN,0
cycling,cycling,1.0,1,GREEN,0
cycling,cycling,1.0,1,GREEN,0
cycling,cycling,1.0,1,GREEN,0
cycling,cycling,1.0,1,GREEN,0
cycling,cycling,1.0,1,GREEN,0
cycling,cycling,1.0,1,GREEN,0
cycling,cycling,1.0,1,GREEN,0
cycling,cycling,1.0,1,GREEN,0
cycling,cycling,1.0,1,GREEN,0
cycling,cycling,1.0,1,GREEN,0
cycling,cycling,1.0,1,GREEN,0
cycling,cycling,1.0,1,GREEN,0
cycling,cycling,1.0,1,GREEN,0
cycling,cycling,1.0,1,GREEN,0
cycling,cycling,1.0,1,GREEN,0
cycling,cycling,1.0,1,GREEN,0
cycling,cycling,1.0,1,GREEN,0
cycling,cycling,1.0,1,GREEN,0
cycling,cycling,1.0,1,GREEN,0
cycling,cycling,1.0,1,GREEN,0
cycling,cycling,1.0,1,GREEN,0
cycling,cycling,1.0,1,GREEN,0
cycling,cycling,1.0,1,GREEN,0
cycling,cycling,1.0,1,GREEN,0
cycling,cycling,1.0,1,GREEN,0
cycling,cycling,1.0,1,GREEN,0
cycling,cycling,1.0,1,GREEN,0
cycling,cycling,1.0,1,GREEN,0
cycling,cycling,1.0,1,GREEN,0
cycling,cycling,1.0,1,GREEN,0
cycling,cycling,1.0,1,GREEN,0
cycling,cycling,1.0,1,GREEN,0
cycling,cycling,1.0,1,GREEN,0
cycling,cycling,1.0,1,GREEN,0
cycling,cycling,1.0,1,GREEN,0
cycling,cycling,1.0,1,GREEN,0
cycling,cycling,1.0,1,GREEN,0
cycling,cycling,1.0,1,GREEN,0
cycling,cycling,1.0,1,GREEN,0
cycling,cycling,1.0,1,GREEN,0
cycling,cycling,1.0,1,GREEN,0
cycling,cycling,1.0,1,GREEN,0
cycling,cycling,1.0,1,GREEN,0
cycling,cycling,1.0,1,GREEN,0
cycling,cycling,1.0,1,GREEN,0
cycling,cycling,1.0,1,GREEN,0
cycling,cycling,1.0,1,GREEN,0
cycling,cycling,1.0,1,GREEN,0
cycling,cycling,1.0,1,GREEN,0
cycling,cycling,1.0,1,GREEN,0
cycling,cycling,1.0,1,GREEN,0
cycling,cycling,1.0,1,GREEN,0
cycling,cycling,1.0,1,GREEN,0
cycling,cycling,1.0,1,GREEN,0
cycling,cycling,1.0,1,GREEN,0
cycling,cycling,1.0,1,GREEN,0
cycling,cycling,1.0,1,GREEN,0
cycling,cycling,1.0,1,GREEN,0
cycling,cycling,1.0,1,GREEN,0
cycling,cycling,1.0,1,GREEN,0
cycling,cycling,1.0,1,GREEN,0
cycling,cycling,1.0,1,GREEN,0
cycling,cycling,1.0,1,GREEN,0
cycling,cycling,1.0,1,GREEN,0
cycling,cycling,1.0,1,GREEN,0
cycling,cycling,1.0,1,GREEN,0
cycling,cycling,1.0,1,GREEN,0
cycling,cycling,1.0,1,GREEN,0
cycling,cycling,1.0,1,GREEN,0
cycling,cycling,1.0,1,GREEN,0
cycling,cycling,1.0,1,GREEN,0
cycling,cycling,1.0,1,GREEN,0
cycling,cycling,1.0,1,GREEN,0
cycling,cycling,1.0,1,GREEN,0
cycling,cycling,1.0,1,GREEN,0
cycling,cycling,1.0,1,GREEN,0
cycling,cycling,1.0,1,GREEN,0
cycling,cycling,1.0,1,GREEN,0
cycling,cycling,1.0,1,GREEN,0
cycling,cycling,1.0,1,GREEN,0
cycling,cycling,1.0,1,GREEN,0
cycling,cycling,1.0,1,GREEN,0
cycling,cycling,1.0,1,GREEN,0
cycling,cycling,1.0,1,GREEN,0
cycling,cycling,1.0,1,GREEN,0
cycling,cycling,1.0,1,GREEN,0
cycling,cycling,1.0,1,GREEN,0
cycling,cycling,1.0,1,GREEN,0
cycling,cycling,1.0,1,GREEN,0
cycling,cycling,1.0,1,GREEN,0
cycling,cycling,1.0,1,GREEN,0
cycling,cycling,1.0,1,GREEN,0
cycling,cycling,1.0,1,GREEN,0
cycling,cycling,1.0,1,GREEN,0
cycling,cycling,1.0,1,GREEN,0
cycling,cycling,1.0,1,GREEN,0
cycling,cycling,1.0,1,GREEN,0
cycling,cycling,1.0,1,GREEN,0
cycling,cycling,1.0,1,GREEN,0
cycling,cycling,1.0,1,GREEN,0
cycling,cycling,1.0,1,GREEN,0
cycling,cycling,1.0,1,GREEN,0
cycling,cycling,1.0,1,GREEN,0
cycling,cycling,1.0,1,GREEN,0
cycling,cycling,1.0,1,GREEN,0
cycling,cycling,1.0,1,GREEN,0
cycling,cycling,1.0,1,GREEN,0
cycling,cycling,1.0,1,GREEN,0
cycling,cycling,1.0,1,GREEN,0
cycling,cycling,1.0,1,GREEN,0
cycling,cycling,1.0,1,GREEN,0
cycling,cycling,1.0,1,GREEN,0
cycling,cycling,1.0,1,GREEN,0
cycling,cycling,1.0,1,GREEN,0
cycling,cycling,1.0,1,GREEN,0
cycling,cycling,1.0,1,GREEN,0
cycling,cycling,1.0,1,GREEN,0
cycling,cycling,1.0,1,GREEN,0
cycling,cycling,1.0,1,GREEN,0
cycling,cycling,1.0,1,GREEN,0
cycling,cycling,1.0,1,GREEN,0
cycling,cycling,1.0,1,GREEN,0
cycling,cycling,1.0,1,GREEN,0
cycling,cycling,1.0,1,GREEN,0
cycling,cycling,1.0,1,GREEN,0
cycling,cycling,1.0,1,GREEN,0
cycling,cycling,1.0,1,GREEN,0
cycling,cycling,1.0,1,GREEN,0
cycling,cycling,1.0,1,GREEN,0
cycling,cycling,1.0,1,GREEN,0
cycling,cycling,1.0,1,GREEN,0
cycling,cycling,1.0,1,GREEN,0
cycling,cycling,1.0,1,GREEN,0
cycling,cycling,1.0,1,GREEN,0
cycling,cycling,1.0,1,GREEN,0
cycling,cycling,1.0,1,GREEN,0
cycling,cycling,1.0,1,GREEN,0
cycling,cycling,1.0,1,GREEN,0
cycling,cycling,1.0,1,GREEN,0
cycling,cycling,1.0,1,GREEN,0
cycling,cycling,1.0,1,GREEN,0
cycling,cycling,1.0,1,GREEN,0
cycling,cycling,1.0,1,GREEN,0
cycling,cycling,1.0,1,GREEN,0
cycling,cycling,1.0,1,GREEN,0
cycling,cycling,1.0,1,GREEN,0
cycling,cycling,1.0,1,GREEN,0
cycling,cycling,1.0,1,GREEN,0
cycling,cycling,1.0,1,GREEN,0
cycling,cycling,1.0,1,GREEN,0
cycling,cycling,1.0,1,GREEN,0
cycling,cycling,1.0,1,GREEN,0
cycling,cycling,1.0,1,GREEN,0
cycling,cycling,1.0,1,GREEN,0
cycling,cycling,1.0,1,GREEN,0
cycling,cycling,1.0,1,GREEN,0
cycling,cycling,1.0,1,GREEN,0
cycling,cycling,1.0,1,GREEN,0
cycling,cycling,1.0,1,GREEN,0
cycling,cycling,1.0,1,GREEN,0
cycling,cycling,1.0,1,GREEN,0
cycling,cycling,1.0,1,GREEN,0
cycling,cycling,1.0,1,GREEN,0
cycling,cycling,1.0,1,GREEN,0
cycling,cycling,1.0,1,GREEN,0
cycling,cycling,1.0,1,GREEN,0
cycling,cycling,1.0,1,GREEN,0
cycling,cycling,1.0,1,GREEN,0
cycling,cycling,1.0,1,GREEN,0
cycling,cycling,1.0,1,GREEN,0
cycling,cycling,1.0,1,GREEN,0
cycling,cycling,1.0,1,GREEN,0
cycling,cycling,1.0,1,GREEN,0
cycling,cycling,1.0,1,GREEN,0
cycling,cycling,1.0,1,GREEN,0
cycling,cycling,1.0,1,GREEN,0
cycling,cycling,1.0,1,GREEN,0
cycling,cycling,1.0,1,GREEN,0
cycling,cycling,1.0,1,GREEN,0
cycling,cycling,1.0,1,GREEN,0
cycling,cycling,1.0,1,GREEN,0
cycling,cycling,1.0,1,GREEN,0
cycling,cycling,1.0,1,GREEN,0
cycling,cycling,1.0,1,GREEN,0
cycling,cycling,1.0,1,GREEN,0
cycling,cycling,1.0,1,GREEN,0
cycling,cycling,1.0,1,GREEN,0
cycling,cycling,1.0,1,GREEN,0
cycling,cycling,1.0,1,GREEN,0
cycling,cycling,1.0,1,GREEN,0
cycling,cycling,1.0,1,GREEN,0
cycling,cycling,1.0,1,GREEN,0
cycling,cycling,1.0,1,GREEN,0
cycling,cycling,1.0,1,GREEN,0
cycling,cycling,1.0,1,GREEN,0
cycling,cycling,1.0,1,GREEN,0
cycling,cycling,1.0,1,GREEN,0
cycling,cycling,1.0,1,GREEN,0
cycling,cycling,1.0,1,GREEN,0
cycling,cycling,1.0,1,GREEN,0
cycling,cycling,1.0,1,GREEN,0
cycling,cycling,1.0,1,GREEN,0
cycling,cycling,1.0,1,GREEN,0
cycling,cycling,1.0,1,GREEN,0
cycling,cycling,1.0,1,GREEN,0
cycling,cycling,1.0,1,GREEN,0
cycling,cycling,1.0,1,GREEN,0
cycling,cycling,1.0,1,GREEN,0
cycling,cycling,1.0,1,GREEN,0
cycling,cycling,1.0,1,GREEN,0
cycling,cycling,1.0,1,GREEN,0
cycling,cycling,1.0,1,GREEN,0
cycling,cycling,1.0,1,GREEN,0
cycling,cycling,1.0,1,GREEN,0
cycling,cycling,1.0,1,GREEN,0
cycling,cycling,1.0,1,GREEN,0
cycling,cycling,1.0,1,GREEN,0
cycling,cycling,1.0,1,GREEN,0
cycling,cycling,1.0,1,GREEN,0
cycling,cycling,1.0,1,GREEN,0
cycling,cycling,1.0,1,GREEN,0
cycling,cycling,1.0,1,GREEN,0
cycling,cycling,1.0,1,GREEN,0
cycling,cycling,1.0,1,GREEN,0
cycling,cycling,1.0,1,GREEN,0
cycling,cycling,1.0,1,GREEN,0
cycling,cycling,1.0,1,GREEN,0
cycling,cycling,1.0,1,GREEN,0
cycling,cycling,1.0,1,GREEN,0
cycling,cycling,1.0,1,GREEN,0
cycling,cycling,1.0,1,GREEN,0
cycling,cycling,1.0,1,GREEN,0
cycling,cycling,1.0,1,GREEN,0
cycling,cycling,1.0,1,GREEN,0
cycling,cycling,1.0,1,GREEN,0
cycling,cycling,1.0,1,GREEN,0
cycling,cycling,1.0,1,GREEN,0
cycling,cycling,1.0,1,GREEN,0
cycling,cycling,1.0,1,GREEN,0
cycling,cycling,1.0,1,GREEN,0
cycling,cycling,1.0,1,GREEN,0
cycling,cycling,1.0,1,GREEN,0
cycling,cycling,1.0,1,GREEN,0
cycling,cycling,1.0,1,GREEN,0
cycling,cycling,1.0,1,GREEN,0
cycling,cycling,1.0,1,GREEN,0
cycling,cycling,1.0,1,GREEN,0
cycling,cycling,1.0,1,GREEN,0
cycling,cycling,1.0,1,GREEN,0
cycling,cycling,1.0,1,GREEN,0
cycling,cycling,1.0,1,GREEN,0
cycling,cycling,1.0,1,GREEN,0
cycling,cycling,1.0,1,GREEN,0
cycling,cycling,1.0,1,GREEN,0
cycling,cycling,1.0,1,GREEN,0
cycling,cycling,1.0,1,GREEN,0
cycling,cycling,1.0,1,GREEN,0
cycling,cycling,1.0,1,GREEN,0
cycling,cycling,1.0,1,GREEN,0
cycling,cycling,1.0,1,GREEN,0
cycling,cycling,1.0,1,GREEN,0
cycling,cycling,1.0,1,GREEN,0
cycling,cycling,1.0,1,GREEN,0
cycling,cycling,1.0,1,GREEN,0
cycling,cycling,1.0,1,GREEN,0
cycling,cycling,1.0,1,GREEN,0
cycling,cycling,1.0,1,GREEN,0
cycling,cycling,1.0,1,GREEN,0
cycling,cycling,1.0,1,GREEN,0
cycling,cycling,1.0,1,GREEN,0
cycling,cycling,1.0,1,GREEN,0
cycling,cycling,1.0,1,GREEN,0
cycling,cycling,1.0,1,GREEN,0
cycling,cycling,1.0,1,GREEN,0
cycling,cycling,1.0,1,GREEN,0
cycling,cycling,1.0,1,GREEN,0
cycling,cycling,1.0,1,GREEN,0
cycling,cycling,1.0,1,GREEN,0
cycling,cycling,0.971,1,GREEN,0
cycling,cycling,0.924,1,GREEN,0
cycling,cycling,0.857,1,GREEN,0
cycling,cycling,0.797,1,GREEN,0
cycling,cycling,0.887,1,GREEN,0
running,cycling,0.68,0,YELLOW,0
running,cycling,0.694,0,YELLOW,0
running,running,0.69,1,YELLOW,0
running,running,0.688,1,YELLOW,0
running,running,0.727,1,YELLOW,0
running,running,0.731,1,YELLOW,0
running,running,0.893,1,GREEN,0
running,running,0.951,1,GREEN,0
running,running,0.97,1,GREEN,0
running,running,0.971,1,GREEN,0
running,running,1.0,1,GREEN,0
running,running,1.0,1,GREEN,0
running,running,1.0,1,GREEN,0
running,running,1.0,1,GREEN,0
running,running,1.0,1,GREEN,0
running,running,1.0,1,GREEN,0
running,running,1.0,1,GREEN,0
running,running,1.0,1,GREEN,0
running,running,1.0,1,GREEN,0
running,running,1.0,1,GREEN,0
running,running,1.0,1,GREEN,0
running,running,1.0,1,GREEN,0
running,running,1.0,1,GREEN,0
running,running,1.0,1,GREEN,0
running,running,1.0,1,GREEN,0
running,running,1.0,1,GREEN,0
running,running,1.0,1,GREEN,0
running,running,1.0,1,GREEN,0
running,running,1.0,1,GREEN,0
running,running,1.0,1,GREEN,0
running,running,1.0,1,GREEN,0
running,running,1.0,1,GREEN,0
running,running,1.0,1,GREEN,0
running,running,1.0,1,GREEN,0
running,running,1.0,1,GREEN,0
running,running,1.0,1,GREEN,0
running,running,1.0,1,GREEN,0
running,running,1.0,1,GREEN,0
running,running,1.0,1,GREEN,0
running,running,1.0,1,GREEN,0
running,running,1.0,1,GREEN,0
running,running,1.0,1,GREEN,0
running,running,1.0,1,GREEN,0
running,running,1.0,1,GREEN,0
running,running,1.0,1,GREEN,0
running,running,1.0,1,GREEN,0
running,running,1.0,1,GREEN,0
running,running,1.0,1,GREEN,0
running,running,1.0,1,GREEN,0
running,running,1.0,1,GREEN,0
running,running,1.0,1,GREEN,0
running,running,1.0,1,GREEN,0
running,running,1.0,1,GREEN,0
running,running,1.0,1,GREEN,0
running,running,1.0,1,GREEN,0
running,running,1.0,1,GREEN,0
running,running,1.0,1,GREEN,0
running,running,1.0,1,GREEN,0
running,running,1.0,1,GREEN,0
running,running,1.0,1,GREEN,0
running,running,1.0,1,GREEN,0
running,running,1.0,1,GREEN,0
running,running,1.0,1,GREEN,0
running,running,1.0,1,GREEN,0
running,running,1.0,1,GREEN,0
running,running,1.0,1,GREEN,0
running,running,1.0,1,GREEN,0
running,running,1.0,1,GREEN,0
running,running,1.0,1,GREEN,0
running,running,1.0,1,GREEN,0
running,running,1.0,1,GREEN,0
running,running,1.0,1,GREEN,0
running,running,1.0,1,GREEN,0
running,running,1.0,1,GREEN,0
running,running,1.0,1,GREEN,0
running,running,1.0,1,GREEN,0
running,running,1.0,1,GREEN,0
running,running,1.0,1,GREEN,0
running,running,1.0,1,GREEN,0
running,running,1.0,1,GREEN,0
running,running,1.0,1,GREEN,0
running,running,1.0,1,GREEN,0
running,running,1.0,1,GREEN,0
running,running,1.0,1,GREEN,0
running,running,1.0,1,GREEN,0
running,running,1.0,1,GREEN,0
running,running,1.0,1,GREEN,0
running,running,1.0,1,GREEN,0
running,running,1.0,1,GREEN,0
running,running,1.0,1,GREEN,0
running,running,1.0,1,GREEN,0
running,running,1.0,1,GREEN,0
running,running,1.0,1,GREEN,0
running,running,1.0,1,GREEN,0
running,running,1.0,1,GREEN,0
running,running,1.0,1,GREEN,0
running,running,1.0,1,GREEN,0
running,running,1.0,1,GREEN,0
running,running,1.0,1,GREEN,0
running,running,1.0,1,GREEN,0
running,running,1.0,1,GREEN,0
running,running,1.0,1,GREEN,0
running,running,1.0,1,GREEN,0
running,running,1.0,1,GREEN,0
running,running,1.0,1,GREEN,0
running,running,1.0,1,GREEN,0
running,running,1.0,1,GREEN,0
running,running,1.0,1,GREEN,0
running,running,1.0,1,GREEN,0
running,running,1.0,1,GREEN,0
running,running,1.0,1,GREEN,0
running,running,1.0,1,GREEN,0
running,running,1.0,1,GREEN,0
running,running,1.0,1,GREEN,0
running,running,1.0,1,GREEN,0
running,running,1.0,1,GREEN,0
running,running,1.0,1,GREEN,0
running,running,1.0,1,GREEN,0
running,running,1.0,1,GREEN,0
running,running,1.0,1,GREEN,0
running,running,1.0,1,GREEN,0
running,running,1.0,1,GREEN,0
running,running,1.0,1,GREEN,0
running,running,1.0,1,GREEN,0
running,running,1.0,1,GREEN,0
running,running,1.0,1,GREEN,0
running,running,1.0,1,GREEN,0
running,running,1.0,1,GREEN,0
running,running,1.0,1,GREEN,0
running,running,1.0,1,GREEN,0
running,running,1.0,1,GREEN,0
running,running,1.0,1,GREEN,0
running,running,1.0,1,GREEN,0
running,running,1.0,1,GREEN,0
running,running,1.0,1,GREEN,0
running,running,1.0,1,GREEN,0
running,running,1.0,1,GREEN,0
running,running,1.0,1,GREEN,0
running,running,1.0,1,GREEN,0
running,running,1.0,1,GREEN,0
running,running,1.0,1,GREEN,0
running,running,1.0,1,GREEN,0
running,running,1.0,1,GREEN,0
running,running,1.0,1,GREEN,0
running,running,1.0,1,GREEN,0
running,running,1.0,1,GREEN,0
running,running,1.0,1,GREEN,0
running,running,1.0,1,GREEN,0
running,running,1.0,1,GREEN,0
running,running,1.0,1,GREEN,0
running,running,1.0,1,GREEN,0
running,running,1.0,1,GREEN,0
running,running,1.0,1,GREEN,0
running,running,1.0,1,GREEN,0
running,running,1.0,1,GREEN,0
running,running,1.0,1,GREEN,0
running,running,1.0,1,GREEN,0
running,running,1.0,1,GREEN,0
running,running,1.0,1,GREEN,0
running,running,1.0,1,GREEN,0
running,running,1.0,1,GREEN,0
running,running,1.0,1,GREEN,0
running,running,1.0,1,GREEN,0
running,running,1.0,1,GREEN,0
running,running,1.0,1,GREEN,0
running,running,1.0,1,GREEN,0
running,running,1.0,1,GREEN,0
running,running,1.0,1,GREEN,0
running,running,1.0,1,GREEN,0
running,running,1.0,1,GREEN,0
running,running,1.0,1,GREEN,0
running,running,1.0,1,GREEN,0
running,running,1.0,1,GREEN,0
running,running,1.0,1,GREEN,0
running,running,1.0,1,GREEN,0
running,running,1.0,1,GREEN,0
running,running,1.0,1,GREEN,0
running,running,1.0,1,GREEN,0
running,running,1.0,1,GREEN,0
running,running,1.0,1,GREEN,0
running,running,1.0,1,GREEN,0
running,running,1.0,1,GREEN,0
running,running,1.0,1,GREEN,0
running,running,1.0,1,GREEN,0
running,running,1.0,1,GREEN,0
running,running,1.0,1,GREEN,0
running,running,1.0,1,GREEN,0
running,running,1.0,1,GREEN,0
running,running,1.0,1,GREEN,0
running,running,1.0,1,GREEN,0
running,running,1.0,1,GREEN,0
running,running,1.0,1,GREEN,0
running,running,1.0,1,GREEN,0
running,running,1.0,1,GREEN,0
running,running,1.0,1,GREEN,0
running,running,1.0,1,GREEN,0
running,running,1.0,1,GREEN,0
running,running,1.0,1,GREEN,0
running,running,1.0,1,GREEN,0
running,running,1.0,1,GREEN,0
running,running,1.0,1,GREEN,0
running,running,1.0,1,GREEN,0
running,running,1.0,1,GREEN,0
running,running,1.0,1,GREEN,0
running,running,1.0,1,GREEN,0
running,running,1.0,1,GREEN,0
running,running,1.0,1,GREEN,0
running,running,1.0,1,GREEN,0
running,running,1.0,1,GREEN,0
running,running,1.0,1,GREEN,0
running,running,1.0,1,GREEN,0
running,running,1.0,1,GREEN,0
running,running,1.0,1,GREEN,0
running,running,1.0,1,GREEN,0
running,running,1.0,1,GREEN,0
running,running,1.0,1,GREEN,0
running,running,1.0,1,GREEN,0
running,running,1.0,1,GREEN,0
running,running,1.0,1,GREEN,0
running,running,1.0,1,GREEN,0
running,running,1.0,1,GREEN,0
running,running,1.0,1,GREEN,0
running,running,1.0,1,GREEN,0
running,running,1.0,1,GREEN,0
running,running,1.0,1,GREEN,0
running,running,1.0,1,GREEN,0
running,running,1.0,1,GREEN,0
running,running,1.0,1,GREEN,0
running,running,1.0,1,GREEN,0
running,running,1.0,1,GREEN,0
running,running,1.0,1,GREEN,0
running,running,1.0,1,GREEN,0
running,running,1.0,1,GREEN,0
running,running,1.0,1,GREEN,0
running,running,1.0,1,GREEN,0
running,running,1.0,1,GREEN,0
running,running,1.0,1,GREEN,0
running,running,1.0,1,GREEN,0
running,running,1.0,1,GREEN,0
running,running,1.0,1,GREEN,0
running,running,1.0,1,GREEN,0
running,running,1.0,1,GREEN,0
running,running,1.0,1,GREEN,0
running,running,1.0,1,GREEN,0
running,running,1.0,1,GREEN,0
running,running,1.0,1,GREEN,0
running,running,1.0,1,GREEN,0
running,running,1.0,1,GREEN,0
running,running,1.0,1,GREEN,0
running,running,1.0,1,GREEN,0
running,running,1.0,1,GREEN,0
running,running,1.0,1,GREEN,0
running,running,1.0,1,GREEN,0
running,running,1.0,1,GREEN,0
running,running,1.0,1,GREEN,0
running,running,1.0,1,GREEN,0
running,running,1.0,1,GREEN,0
running,running,1.0,1,GREEN,0
running,running,1.0,1,GREEN,0
running,running,1.0,1,GREEN,0
running,running,1.0,1,GREEN,0
running,running,1.0,1,GREEN,0
running,running,1.0,1,GREEN,0
running,running,1.0,1,GREEN,0
running,running,1.0,1,GREEN,0
running,running,1.0,1,GREEN,0
running,running,1.0,1,GREEN,0
running,running,1.0,1,GREEN,0
running,running,1.0,1,GREEN,0
running,running,1.0,1,GREEN,0
running,running,1.0,1,GREEN,0
running,running,1.0,1,GREEN,0
running,running,1.0,1,GREEN,0
running,running,1.0,1,GREEN,0
running,running,1.0,1,GREEN,0
running,running,1.0,1,GREEN,0
running,running,1.0,1,GREEN,0
running,running,1.0,1,GREEN,0
running,running,1.0,1,GREEN,0
running,running,1.0,1,GREEN,0
running,running,1.0,1,GREEN,0
running,running,1.0,1,GREEN,0
running,running,1.0,1,GREEN,0
running,running,1.0,1,GREEN,0
running,running,1.0,1,GREEN,0
running,running,1.0,1,GREEN,0
running,running,1.0,1,GREEN,0
running,running,1.0,1,GREEN,0
running,running,1.0,1,GREEN,0
running,running,1.0,1,GREEN,0
running,running,1.0,1,GREEN,0
running,running,1.0,1,GREEN,0
running,running,1.0,1,GREEN,0
running,running,1.0,1,GREEN,0
running,running,1.0,1,GREEN,0
running,running,1.0,1,GREEN,0
running,running,1.0,1,GREEN,0
running,running,1.0,1,GREEN,0
running,running,1.0,1,GREEN,0
running,running,1.0,1,GREEN,0
running,running,1.0,1,GREEN,0
running,running,1.0,1,GREEN,0
running,running,1.0,1,GREEN,0
running,running,1.0,1,GREEN,0
running,running,1.0,1,GREEN,0
running,running,1.0,1,GREEN,0
running,running,1.0,1,GREEN,0
running,running,1.0,1,GREEN,0
running,running,1.0,1,GREEN,0
running,running,1.0,1,GREEN,0
running,running,1.0,1,GREEN,0
running,running,1.0,1,GREEN,0
running,running,1.0,1,GREEN,0
running,running,1.0,1,GREEN,0
running,running,1.0,1,GREEN,0
running,running,1.0,1,GREEN,0
running,running,1.0,1,GREEN,0
running,running,1.0,1,GREEN,0
running,running,1.0,1,GREEN,0
running,running,1.0,1,GREEN,0
running,running,1.0,1,GREEN,0
running,running,1.0,1,GREEN,0
running,running,1.0,1,GREEN,0
running,running,1.0,1,GREEN,0
running,running,1.0,1,GREEN,0
running,running,1.0,1,GREEN,0
running,running,1.0,1,GREEN,0
running,running,1.0,1,GREEN,0
running,running,1.0,1,GREEN,0
running,running,1.0,1,GREEN,0
running,running,1.0,1,GREEN,0
running,running,1.0,1,GREEN,0
running,running,1.0,1,GREEN,0
running,running,1.0,1,GREEN,0
running,running,1.0,1,GREEN,0
running,running,1.0,1,GREEN,0
running,running,1.0,1,GREEN,0
running,running,1.0,1,GREEN,0
running,running,1.0,1,GREEN,0
running,running,1.0,1,GREEN,0
running,running,1.0,1,GREEN,0
running,running,1.0,1,GREEN,0
running,running,1.0,1,GREEN,0
running,running,1.0,1,GREEN,0
running,running,1.0,1,GREEN,0
running,running,1.0,1,GREEN,0
running,running,1.0,1,GREEN,0
running,running,1.0,1,GREEN,0
running,running,1.0,1,GREEN,0
running,running,1.0,1,GREEN,0
running,running,1.0,1,GREEN,0
running,running,1.0,1,GREEN,0
running,running,1.0,1,GREEN,0
running,running,1.0,1,GREEN,0
running,running,1.0,1,GREEN,0
running,running,1.0,1,GREEN,0
running,running,1.0,1,GREEN,0
running,running,1.0,1,GREEN,0
running,running,1.0,1,GREEN,0
running,running,1.0,1,GREEN,0
running,running,1.0,1,GREEN,0
running,running,1.0,1,GREEN,0
running,running,1.0,1,GREEN,0
running,running,1.0,1,GREEN,0
running,running,1.0,1,GREEN,0
running,running,1.0,1,GREEN,0
running,running,1.0,1,GREEN,0
running,running,1.0,1,GREEN,0
running,running,1.0,1,GREEN,0
running,running,1.0,1,GREEN,0
running,running,1.0,1,GREEN,0
running,running,1.0,1,GREEN,0
running,running,1.0,1,GREEN,0
running,running,1.0,1,GREEN,0
running,running,1.0,1,GREEN,0
running,running,1.0,1,GREEN,0
running,running,1.0,1,GREEN,0
running,running,1.0,1,GREEN,0
running,running,1.0,1,GREEN,0
running,running,1.0,1,GREEN,0
running,running,1.0,1,GREEN,0
running,running,1.0,1,GREEN,0
running,running,1.0,1,GREEN,0
running,running,1.0,1,GREEN,0
running,running,1.0,1,GREEN,0
running,running,1.0,1,GREEN,0
running,running,1.0,1,GREEN,0
running,running,1.0,1,GREEN,0
running,running,1.0,1,GREEN,0
running,running,1.0,1,GREEN,0
running,running,1.0,1,GREEN,0
running,running,1.0,1,GREEN,0
running,running,1.0,1,GREEN,0
running,running,1.0,1,GREEN,0
running,running,1.0,1,GREEN,0
running,running,1.0,1,GREEN,0
running,running,1.0,1,GREEN,0
running,running,1.0,1,GREEN,0
running,running,1.0,1,GREEN,0
running,running,1.0,1,GREEN,0
running,running,1.0,1,GREEN,0
running,running,1.0,1,GREEN,0
running,running,1.0,1,GREEN,0
running,running,1.0,1,GREEN,0
running,running,1.0,1,GREEN,0
running,running,1.0,1,GREEN,0
running,running,1.0,1,GREEN,0
running,running,1.0,1,GREEN,0
running,running,1.0,1,GREEN,0
running,running,1.0,1,GREEN,0
running,running,1.0,1,GREEN,0
running,running,1.0,1,GREEN,0
running,running,1.0,1,GREEN,0
running,running,1.0,1,GREEN,0
running,running,1.0,1,GREEN,0
running,running,1.0,1,GREEN,0
running,running,1.0,1,GREEN,0
running,running,1.0,1,GREEN,0
running,running,1.0,1,GREEN,0
running,running,1.0,1,GREEN,0
running,running,1.0,1,GREEN,0
running,running,1.0,1,GREEN,0
running,running,1.0,1,GREEN,0
running,running,1.0,1,GREEN,0
running,running,1.0,1,GREEN,0
running,running,1.0,1,GREEN,0
running,running,1.0,1,GREEN,0
running,running,1.0,1,GREEN,0
running,running,0.938,1,GREEN,0
running,running,0.876,1,GREEN,0
running,running,0.876,1,GREEN,0
running,running,0.755,1,GREEN,0
running,running,0.771,1,GREEN,0
running,running,0.836,1,GREEN,0
running,running,0.879,1,GREEN,0
running,running,0.878,1,GREEN,0
running,running,0.868,1,GREEN,0
running,running,0.891,1,GREEN,0
running,running,0.851,1,GREEN,0
running,lying,0.827,0,GREEN,0
running,lying,0.848,0,GREEN,0
running,lying,0.879,0,GREEN,0
