true_activity,pred_activity,confidence,is_correct,traffic_light
lying,cycling,0.03,0,RED
lying,cycling,0.03,0,RED
lying,cycling,0.031,0,RED
lying,cycling,0.031,0,RED
lying,cycling,0.031,0,RED
lying,cycling,0.03,0,RED
lying,cycling,0.031,0,RED
lying,cycling,0.034,0,RED
lying,lying,0.033,1,RED
lying,lying,0.01,1,RED
lying,lying,0.027,1,RED
lying,lying,0.049,1,RED
lying,lying,0.009,1,RED
lying,lying,0.342,1,RED
lying,lying,0.916,1,GREEN
lying,lying,0.921,1,GREEN
lying,lying,0.912,1,GREEN
lying,lying,0.92,1,GREEN
lying,lying,0.921,1,GREEN
lying,lying,0.925,1,GREEN
lying,lying,0.923,1,GREEN
lying,lying,0.924,1,GREEN
lying,lying,0.924,1,GREEN
lying,lying,0.924,1,GREEN
lying,lying,0.924,1,GREEN
lying,lying,0.924,1,GREEN
lying,lying,0.924,1,GREEN
lying,lying,0.924,1,GREEN
lying,lying,0.922,1,GREEN
lying,lying,0.924,1,GREEN
lying,lying,0.923,1,GREEN
lying,lying,0.924,1,GREEN
lying,lying,0.924,1,GREEN
lying,lying,0.923,1,GREEN
lying,lying,0.923,1,GREEN
lying,lying,0.923,1,GREEN
lying,lying,0.924,1,GREEN
lying,lying,0.923,1,GREEN
lying,lying,0.923,1,GREEN
lying,lying,0.923,1,GREEN
lying,lying,0.923,1,GREEN
lying,lying,0.923,1,GREEN
lying,lying,0.923,1,GREEN
lying,lying,0.923,1,GREEN
lying,lying,0.923,1,GREEN
lying,lying,0.924,1,GREEN
lying,lying,0.924,1,GREEN
lying,lying,0.923,1,GREEN
lying,lying,0.923,1,GREEN
lying,lying,0.924,1,GREEN
lying,lying,0.923,1,GREEN
lying,lying,0.923,1,GREEN
lying,lying,0.923,1,GREEN
lying,lying,0.923,1,GREEN
lying,lying,0.923,1,GREEN
lying,lying,0.923,1,GREEN
lying,lying,0.923,1,GREEN
lying,lying,0.923,1,GREEN
lying,lying,0.923,1,GREEN
lying,lying,0.923,1,GREEN
lying,lying,0.923,1,GREEN
lying,lying,0.923,1,GREEN
lying,lying,0.923,1,GREEN
lying,lying,0.923,1,GREEN
lying,lying,0.923,1,GREEN
lying,lying,0.923,1,GREEN
lying,lying,0.923,1,GREEN
lying,lying,0.923,1,GREEN
lying,lying,0.923,1,GREEN
lying,lying,0.923,1,GREEN
lying,lying,0.923,1,GREEN
lying,lying,0.923,1,GREEN
lying,lying,0.923,1,GREEN
lying,lying,0.923,1,GREEN
lying,lying,0.923,1,GREEN
lying,lying,0.923,1,GREEN
lying,lying,0.923,1,GREEN
lying,lying,0.923,1,GREEN
lying,lying,0.923,1,GREEN
lying,lying,0.923,1,GREEN
lying,lying,0.923,1,GREEN
lying,lying,0.923,1,GREEN
lying,lying,0.923,1,GREEN
lying,lying,0.923,1,GREEN
lying,lying,0.923,1,GREEN
lying,lying,0.923,1,GREEN
lying,lying,0.923,1,GREEN
lying,lying,0.923,1,GREEN
lying,lying,0.923,1,GREEN
lying,lying,0.923,1,GREEN
lying,lying,0.923,1,GREEN
lying,lying,0.923,1,GREEN
lying,lying,0.923,1,GREEN
lying,lying,0.923,1,GREEN
lying,lying,0.923,1,GREEN
lying,lying,0.923,1,GREEN
lying,lying,0.923,1,GREEN
lying,lying,0.923,1,GREEN
lying,lying,0.923,1,GREEN
lying,lying,0.923,1,GREEN
lying,lying,0.923,1,GREEN
lying,lying,0.923,1,GREEN
lying,lying,0.923,1,GREEN
lying,lying,0.923,1,GREEN
lying,lying,0.923,1,GREEN
lying,lying,0.923,1,GREEN
lying,lying,0.923,1,GREEN
lying,lying,0.923,1,GREEN
lying,lying,0.923,1,GREEN
lying,lying,0.923,1,GREEN
lying,lying,0.923,1,GREEN
lying,lying,0.923,1,GREEN
lying,lying,0.923,1,GREEN
lying,lying,0.923,1,GREEN
lying,lying,0.923,1,GREEN
lying,lying,0.923,1,GREEN
lying,lying,0.923,1,GREEN
lying,lying,0.923,1,GREEN
lying,lying,0.923,1,GREEN
lying,lying,0.923,1,GREEN
lying,lying,0.924,1,GREEN
lying,lying,0.923,1,GREEN
lying,lying,0.923,1,GREEN
lying,lying,0.923,1,GREEN
lying,lying,0.923,1,GREEN
lying,lying,0.923,1,GREEN
lying,lying,0.923,1,GREEN
lying,lying,0.923,1,GREEN
lying,lying,0.923,1,GREEN
lying,lying,0.923,1,GREEN
lying,lying,0.923,1,GREEN
lying,lying,0.923,1,GREEN
lying,lying,0.923,1,GREEN
lying,lying,0.923,1,GREEN
lying,lying,0.923,1,GREEN
lying,lying,0.923,1,GREEN
lying,lying,0.923,1,GREEN
lying,lying,0.923,1,GREEN
lying,lying,0.923,1,GREEN
lying,lying,0.923,1,GREEN
lying,lying,0.923,1,GREEN
lying,lying,0.923,1,GREEN
lying,lying,0.923,1,GREEN
lying,lying,0.923,1,GREEN
lying,lying,0.923,1,GREEN
lying,lying,0.923,1,GREEN
lying,lying,0.923,1,GREEN
lying,lying,0.923,1,GREEN
lying,lying,0.923,1,GREEN
lying,lying,0.923,1,GREEN
lying,lying,0.923,1,GREEN
lying,lying,0.923,1,GREEN
lying,lying,0.923,1,GREEN
lying,lying,0.923,1,GREEN
lying,lying,0.923,1,GREEN
lying,lying,0.923,1,GREEN
lying,lying,0.923,1,GREEN
lying,lying,0.923,1,GREEN
lying,lying,0.923,1,GREEN
lying,lying,0.923,1,GREEN
lying,lying,0.923,1,GREEN
lying,lying,0.923,1,GREEN
lying,lying,0.923,1,GREEN
lying,lying,0.923,1,GREEN
lying,lying,0.923,1,GREEN
lying,lying,0.923,1,GREEN
lying,lying,0.923,1,GREEN
lying,lying,0.923,1,GREEN
lying,lying,0.923,1,GREEN
lying,lying,0.923,1,GREEN
lying,lying,0.923,1,GREEN
lying,lying,0.923,1,GREEN
lying,lying,0.923,1,GREEN
lying,lying,0.923,1,GREEN
lying,lying,0.923,1,GREEN
lying,lying,0.923,1,GREEN
lying,lying,0.923,1,GREEN
lying,lying,0.923,1,GREEN
lying,lying,0.923,1,GREEN
lying,lying,0.923,1,GREEN
lying,lying,0.923,1,GREEN
lying,lying,0.923,1,GREEN
lying,lying,0.923,1,GREEN
lying,lying,0.923,1,GREEN
lying,lying,0.923,1,GREEN
lying,lying,0.923,1,GREEN
lying,lying,0.923,1,GREEN
lying,lying,0.923,1,GREEN
lying,lying,0.923,1,GREEN
lying,lying,0.923,1,GREEN
lying,lying,0.923,1,GREEN
lying,lying,0.923,1,GREEN
lying,lying,0.923,1,GREEN
lying,lying,0.923,1,GREEN
lying,lying,0.923,1,GREEN
lying,lying,0.923,1,GREEN
lying,lying,0.923,1,GREEN
lying,lying,0.923,1,GREEN
lying,lying,0.923,1,GREEN
lying,lying,0.923,1,GREEN
lying,lying,0.923,1,GREEN
lying,lying,0.923,1,GREEN
lying,lying,0.923,1,GREEN
lying,lying,0.923,1,GREEN
lying,lying,0.923,1,GREEN
lying,lying,0.923,1,GREEN
lying,lying,0.923,1,GREEN
lying,lying,0.923,1,GREEN
lying,lying,0.923,1,GREEN
lying,lying,0.923,1,GREEN
lying,lying,0.923,1,GREEN
lying,lying,0.923,1,GREEN
lying,lying,0.923,1,GREEN
lying,lying,0.923,1,GREEN
lying,lying,0.923,1,GREEN
lying,lying,0.923,1,GREEN
lying,lying,0.923,1,GREEN
lying,lying,0.923,1,GREEN
lying,lying,0.923,1,GREEN
lying,lying,0.923,1,GREEN
lying,lying,0.923,1,GREEN
lying,lying,0.923,1,GREEN
lying,lying,0.923,1,GREEN
lying,lying,0.923,1,GREEN
lying,lying,0.923,1,GREEN
lying,lying,0.923,1,GREEN
lying,lying,0.923,1,GREEN
lying,lying,0.923,1,GREEN
lying,lying,0.923,1,GREEN
lying,lying,0.923,1,GREEN
lying,lying,0.923,1,GREEN
lying,lying,0.923,1,GREEN
lying,lying,0.923,1,GREEN
lying,lying,0.923,1,GREEN
lying,lying,0.923,1,GREEN
lying,lying,0.923,1,GREEN
lying,lying,0.923,1,GREEN
lying,lying,0.923,1,GREEN
lying,lying,0.923,1,GREEN
lying,lying,0.923,1,GREEN
lying,lying,0.923,1,GREEN
lying,lying,0.923,1,GREEN
lying,lying,0.923,1,GREEN
lying,lying,0.923,1,GREEN
lying,lying,0.923,1,GREEN
lying,lying,0.923,1,GREEN
lying,lying,0.923,1,GREEN
lying,lying,0.923,1,GREEN
lying,lying,0.923,1,GREEN
lying,lying,0.923,1,GREEN
lying,lying,0.923,1,GREEN
lying,lying,0.923,1,GREEN
lying,lying,0.923,1,GREEN
lying,lying,0.923,1,GREEN
lying,lying,0.923,1,GREEN
lying,lying,0.923,1,GREEN
lying,lying,0.923,1,GREEN
lying,lying,0.923,1,GREEN
lying,lying,0.923,1,GREEN
lying,lying,0.923,1,GREEN
lying,lying,0.923,1,GREEN
lying,lying,0.923,1,GREEN
lying,lying,0.923,1,GREEN
lying,lying,0.923,1,GREEN
lying,lying,0.923,1,GREEN
lying,lying,0.923,1,GREEN
lying,lying,0.923,1,GREEN
lying,lying,0.923,1,GREEN
lying,lying,0.923,1,GREEN
lying,lying,0.923,1,GREEN
lying,lying,0.923,1,GREEN
lying,lying,0.923,1,GREEN
lying,lying,0.923,1,GREEN
lying,lying,0.923,1,GREEN
lying,lying,0.923,1,GREEN
lying,lying,0.923,1,GREEN
lying,lying,0.923,1,GREEN
lying,lying,0.923,1,GREEN
lying,lying,0.923,1,GREEN
lying,lying,0.923,1,GREEN
lying,lying,0.923,1,GREEN
lying,lying,0.923,1,GREEN
lying,lying,0.923,1,GREEN
lying,lying,0.923,1,GREEN
lying,lying,0.923,1,GREEN
lying,lying,0.923,1,GREEN
lying,lying,0.923,1,GREEN
lying,lying,0.923,1,GREEN
lying,lying,0.923,1,GREEN
lying,lying,0.923,1,GREEN
lying,lying,0.923,1,GREEN
lying,lying,0.923,1,GREEN
lying,lying,0.923,1,GREEN
lying,lying,0.923,1,GREEN
lying,lying,0.923,1,GREEN
lying,lying,0.923,1,GREEN
lying,lying,0.923,1,GREEN
lying,lying,0.923,1,GREEN
lying,lying,0.923,1,GREEN
lying,lying,0.923,1,GREEN
lying,lying,0.923,1,GREEN
lying,lying,0.923,1,GREEN
lying,lying,0.923,1,GREEN
lying,lying,0.923,1,GREEN
lying,lying,0.923,1,GREEN
lying,lying,0.923,1,GREEN
lying,lying,0.923,1,GREEN
lying,lying,0.923,1,GREEN
lying,lying,0.923,1,GREEN
lying,lying,0.923,1,GREEN
lying,lying,0.923,1,GREEN
lying,lying,0.923,1,GREEN
lying,lying,0.923,1,GREEN
lying,lying,0.923,1,GREEN
lying,lying,0.923,1,GREEN
lying,lying,0.923,1,GREEN
lying,lying,0.923,1,GREEN
lying,lying,0.923,1,GREEN
lying,lying,0.923,1,GREEN
lying,lying,0.923,1,GREEN
lying,lying,0.923,1,GREEN
lying,lying,0.923,1,GREEN
lying,lying,0.923,1,GREEN
lying,lying,0.923,1,GREEN
lying,lying,0.923,1,GREEN
lying,lying,0.923,1,GREEN
lying,lying,0.923,1,GREEN
lying,lying,0.923,1,GREEN
lying,lying,0.923,1,GREEN
lying,lying,0.923,1,GREEN
lying,lying,0.923,1,GREEN
lying,lying,0.923,1,GREEN
lying,lying,0.923,1,GREEN
lying,lying,0.923,1,GREEN
lying,lying,0.923,1,GREEN
lying,lying,0.923,1,GREEN
lying,lying,0.923,1,GREEN
lying,lying,0.923,1,GREEN
lying,lying,0.923,1,GREEN
lying,lying,0.923,1,GREEN
lying,lying,0.923,1,GREEN
lying,lying,0.923,1,GREEN
lying,lying,0.923,1,GREEN
lying,lying,0.923,1,GREEN
lying,lying,0.923,1,GREEN
lying,lying,0.923,1,GREEN
lying,lying,0.923,1,GREEN
lying,lying,0.923,1,GREEN
lying,lying,0.923,1,GREEN
lying,lying,0.923,1,GREEN
lying,lying,0.923,1,GREEN
lying,lying,0.923,1,GREEN
lying,lying,0.923,1,GREEN
lying,lying,0.923,1,GREEN
lying,lying,0.923,1,GREEN
lying,lying,0.923,1,GREEN
lying,lying,0.923,1,GREEN
lying,lying,0.923,1,GREEN
lying,lying,0.923,1,GREEN
lying,lying,0.923,1,GREEN
lying,lying,0.923,1,GREEN
lying,lying,0.923,1,GREEN
lying,lying,0.923,1,GREEN
lying,lying,0.923,1,GREEN
lying,lying,0.923,1,GREEN
lying,lying,0.923,1,GREEN
lying,lying,0.923,1,GREEN
lying,lying,0.923,1,GREEN
lying,lying,0.923,1,GREEN
lying,lying,0.923,1,GREEN
lying,lying,0.923,1,GREEN
lying,lying,0.923,1,GREEN
lying,lying,0.923,1,GREEN
lying,lying,0.923,1,GREEN
lying,lying,0.923,1,GREEN
lying,lying,0.923,1,GREEN
lying,lying,0.923,1,GREEN
lying,lying,0.923,1,GREEN
lying,lying,0.923,1,GREEN
lying,lying,0.923,1,GREEN
lying,lying,0.923,1,GREEN
lying,lying,0.923,1,GREEN
lying,lying,0.923,1,GREEN
lying,lying,0.923,1,GREEN
lying,lying,0.923,1,GREEN
lying,lying,0.923,1,GREEN
lying,lying,0.923,1,GREEN
lying,lying,0.923,1,GREEN
lying,lying,0.923,1,GREEN
lying,lying,0.923,1,GREEN
lying,lying,0.923,1,GREEN
lying,lying,0.923,1,GREEN
lying,lying,0.923,1,GREEN
lying,lying,0.923,1,GREEN
lying,lying,0.923,1,GREEN
lying,lying,0.923,1,GREEN
lying,lying,0.923,1,GREEN
lying,lying,0.923,1,GREEN
lying,lying,0.923,1,GREEN
lying,lying,0.923,1,GREEN
lying,lying,0.923,1,GREEN
lying,lying,0.923,1,GREEN
lying,lying,0.923,1,GREEN
lying,lying,0.923,1,GREEN
lying,lying,0.923,1,GREEN
lying,lying,0.923,1,GREEN
lying,lying,0.923,1,GREEN
lying,lying,0.923,1,GREEN
lying,lying,0.923,1,GREEN
lying,lying,0.923,1,GREEN
lying,lying,0.923,1,GREEN
lying,lying,0.923,1,GREEN
lying,lying,0.923,1,GREEN
lying,lying,0.923,1,GREEN
lying,lying,0.923,1,GREEN
lying,lying,0.923,1,GREEN
lying,lying,0.923,1,GREEN
lying,lying,0.923,1,GREEN
lying,lying,0.923,1,GREEN
lying,lying,0.923,1,GREEN
lying,lying,0.923,1,GREEN
lying,lying,0.923,1,GREEN
lying,lying,0.923,1,GREEN
lying,lying,0.923,1,GREEN
lying,lying,0.923,1,GREEN
lying,lying,0.923,1,GREEN
lying,lying,0.923,1,GREEN
lying,lying,0.923,1,GREEN
lying,lying,0.923,1,GREEN
lying,lying,0.923,1,GREEN
lying,lying,0.923,1,GREEN
lying,lying,0.923,1,GREEN
lying,lying,0.923,1,GREEN
lying,lying,0.923,1,GREEN
lying,lying,0.923,1,GREEN
lying,lying,0.923,1,GREEN
lying,lying,0.923,1,GREEN
lying,lying,0.923,1,GREEN
lying,lying,0.923,1,GREEN
lying,lying,0.924,1,GREEN
lying,lying,0.924,1,GREEN
lying,lying,0.924,1,GREEN
lying,lying,0.925,1,GREEN
lying,lying,0.924,1,GREEN
lying,lying,0.923,1,GREEN
lying,lying,0.923,1,GREEN
lying,lying,0.924,1,GREEN
lying,lying,0.925,1,GREEN
lying,lying,0.922,1,GREEN
lying,lying,0.922,1,GREEN
lying,lying,0.921,1,GREEN
lying,lying,0.924,1,GREEN
lying,lying,0.927,1,GREEN
lying,lying,0.928,1,GREEN
lying,lying,0.928,1,GREEN
lying,lying,0.927,1,GREEN
lying,lying,0.591,1,YELLOW
lying,lying,0.012,1,RED
lying,lying,0.012,1,RED
lying,lying,0.909,1,GREEN
lying,lying,0.916,1,GREEN
lying,lying,0.909,1,GREEN
lying,lying,0.787,1,GREEN
lying,lying,0.804,1,GREEN
lying,lying,0.779,1,GREEN
sitting,lying,0.908,0,GREEN
sitting,lying,0.893,0,GREEN
sitting,sitting,0.898,1,GREEN
sitting,sitting,0.932,1,GREEN
sitting,sitting,0.936,1,GREEN
sitting,sitting,0.825,1,GREEN
sitting,sitting,0.146,1,RED
sitting,sitting,0.278,1,RED
sitting,sitting,0.682,1,YELLOW
sitting,sitting,0.088,1,RED
sitting,sitting,0.011,1,RED
sitting,sitting,0.086,1,RED
sitting,sitting,0.199,1,RED
sitting,sitting,0.803,1,GREEN
sitting,sitting,0.877,1,GREEN
sitting,sitting,0.93,1,GREEN
sitting,sitting,0.933,1,GREEN
sitting,sitting,0.593,1,YELLOW
sitting,sitting,0.829,1,GREEN
sitting,sitting,0.772,1,GREEN
sitting,sitting,0.932,1,GREEN
sitting,sitting,0.936,1,GREEN
sitting,sitting,0.934,1,GREEN
sitting,sitting,0.931,1,GREEN
sitting,sitting,0.932,1,GREEN
sitting,sitting,0.932,1,GREEN
sitting,sitting,0.933,1,GREEN
sitting,sitting,0.935,1,GREEN
sitting,sitting,0.938,1,GREEN
sitting,sitting,0.936,1,GREEN
sitting,sitting,0.934,1,GREEN
sitting,sitting,0.933,1,GREEN
sitting,sitting,0.935,1,GREEN
sitting,sitting,0.937,1,GREEN
sitting,sitting,0.937,1,GREEN
sitting,sitting,0.936,1,GREEN
sitting,sitting,0.935,1,GREEN
sitting,sitting,0.933,1,GREEN
sitting,sitting,0.936,1,GREEN
sitting,sitting,0.936,1,GREEN
sitting,sitting,0.936,1,GREEN
sitting,sitting,0.936,1,GREEN
sitting,sitting,0.936,1,GREEN
sitting,sitting,0.936,1,GREEN
sitting,sitting,0.936,1,GREEN
sitting,sitting,0.936,1,GREEN
sitting,sitting,0.937,1,GREEN
sitting,sitting,0.936,1,GREEN
sitting,sitting,0.936,1,GREEN
sitting,sitting,0.935,1,GREEN
sitting,sitting,0.935,1,GREEN
sitting,sitting,0.936,1,GREEN
sitting,sitting,0.938,1,GREEN
sitting,sitting,0.939,1,GREEN
sitting,sitting,0.937,1,GREEN
sitting,sitting,0.938,1,GREEN
sitting,sitting,0.938,1,GREEN
sitting,sitting,0.936,1,GREEN
sitting,sitting,0.936,1,GREEN
sitting,sitting,0.938,1,GREEN
sitting,sitting,0.937,1,GREEN
sitting,sitting,0.936,1,GREEN
sitting,sitting,0.936,1,GREEN
sitting,sitting,0.936,1,GREEN
sitting,sitting,0.936,1,GREEN
sitting,sitting,0.937,1,GREEN
sitting,sitting,0.938,1,GREEN
sitting,sitting,0.94,1,GREEN
sitting,sitting,0.936,1,GREEN
sitting,sitting,0.934,1,GREEN
sitting,sitting,0.934,1,GREEN
sitting,sitting,0.936,1,GREEN
sitting,sitting,0.936,1,GREEN
sitting,sitting,0.93,1,GREEN
sitting,sitting,0.933,1,GREEN
sitting,sitting,0.934,1,GREEN
sitting,sitting,0.933,1,GREEN
sitting,sitting,0.934,1,GREEN
sitting,sitting,0.935,1,GREEN
sitting,sitting,0.936,1,GREEN
sitting,sitting,0.936,1,GREEN
sitting,sitting,0.936,1,GREEN
sitting,sitting,0.936,1,GREEN
sitting,sitting,0.937,1,GREEN
sitting,sitting,0.936,1,GREEN
sitting,sitting,0.935,1,GREEN
sitting,sitting,0.936,1,GREEN
sitting,sitting,0.936,1,GREEN
sitting,sitting,0.936,1,GREEN
sitting,sitting,0.937,1,GREEN
sitting,sitting,0.936,1,GREEN
sitting,sitting,0.938,1,GREEN
sitting,sitting,0.938,1,GREEN
sitting,sitting,0.936,1,GREEN
sitting,sitting,0.936,1,GREEN
sitting,sitting,0.936,1,GREEN
sitting,sitting,0.937,1,GREEN
sitting,sitting,0.936,1,GREEN
sitting,sitting,0.937,1,GREEN
sitting,sitting,0.936,1,GREEN
sitting,sitting,0.936,1,GREEN
sitting,sitting,0.936,1,GREEN
sitting,sitting,0.936,1,GREEN
sitting,sitting,0.937,1,GREEN
sitting,sitting,0.936,1,GREEN
sitting,sitting,0.936,1,GREEN
sitting,sitting,0.936,1,GREEN
sitting,sitting,0.936,1,GREEN
sitting,sitting,0.936,1,GREEN
sitting,sitting,0.936,1,GREEN
sitting,sitting,0.936,1,GREEN
sitting,sitting,0.937,1,GREEN
sitting,sitting,0.936,1,GREEN
sitting,sitting,0.936,1,GREEN
sitting,sitting,0.936,1,GREEN
sitting,sitting,0.937,1,GREEN
sitting,sitting,0.936,1,GREEN
sitting,sitting,0.936,1,GREEN
sitting,sitting,0.937,1,GREEN
sitting,sitting,0.938,1,GREEN
sitting,sitting,0.937,1,GREEN
sitting,sitting,0.935,1,GREEN
sitting,sitting,0.938,1,GREEN
sitting,sitting,0.938,1,GREEN
sitting,sitting,0.937,1,GREEN
sitting,sitting,0.936,1,GREEN
sitting,sitting,0.936,1,GREEN
sitting,sitting,0.936,1,GREEN
sitting,sitting,0.937,1,GREEN
sitting,sitting,0.937,1,GREEN
sitting,sitting,0.937,1,GREEN
sitting,sitting,0.937,1,GREEN
sitting,sitting,0.937,1,GREEN
sitting,sitting,0.937,1,GREEN
sitting,sitting,0.937,1,GREEN
sitting,sitting,0.936,1,GREEN
sitting,sitting,0.936,1,GREEN
sitting,sitting,0.935,1,GREEN
sitting,sitting,0.935,1,GREEN
sitting,sitting,0.937,1,GREEN
sitting,sitting,0.939,1,GREEN
sitting,sitting,0.937,1,GREEN
sitting,sitting,0.936,1,GREEN
sitting,sitting,0.937,1,GREEN
sitting,sitting,0.937,1,GREEN
sitting,sitting,0.937,1,GREEN
sitting,sitting,0.937,1,GREEN
sitting,sitting,0.937,1,GREEN
sitting,sitting,0.937,1,GREEN
sitting,sitting,0.937,1,GREEN
sitting,sitting,0.937,1,GREEN
sitting,sitting,0.937,1,GREEN
sitting,sitting,0.937,1,GREEN
sitting,sitting,0.936,1,GREEN
sitting,sitting,0.937,1,GREEN
sitting,sitting,0.937,1,GREEN
sitting,sitting,0.934,1,GREEN
sitting,sitting,0.937,1,GREEN
sitting,sitting,0.934,1,GREEN
sitting,sitting,0.934,1,GREEN
sitting,sitting,0.936,1,GREEN
sitting,sitting,0.934,1,GREEN
sitting,sitting,0.938,1,GREEN
sitting,sitting,0.936,1,GREEN
sitting,sitting,0.937,1,GREEN
sitting,sitting,0.935,1,GREEN
sitting,sitting,0.935,1,GREEN
sitting,sitting,0.936,1,GREEN
sitting,sitting,0.935,1,GREEN
sitting,sitting,0.935,1,GREEN
sitting,sitting,0.935,1,GREEN
sitting,sitting,0.935,1,GREEN
sitting,sitting,0.935,1,GREEN
sitting,sitting,0.935,1,GREEN
sitting,sitting,0.935,1,GREEN
sitting,sitting,0.935,1,GREEN
sitting,sitting,0.936,1,GREEN
sitting,sitting,0.935,1,GREEN
sitting,sitting,0.935,1,GREEN
sitting,sitting,0.935,1,GREEN
sitting,sitting,0.935,1,GREEN
sitting,sitting,0.935,1,GREEN
sitting,sitting,0.935,1,GREEN
sitting,sitting,0.935,1,GREEN
sitting,sitting,0.935,1,GREEN
sitting,sitting,0.935,1,GREEN
sitting,sitting,0.935,1,GREEN
sitting,sitting,0.935,1,GREEN
sitting,sitting,0.935,1,GREEN
sitting,sitting,0.935,1,GREEN
sitting,sitting,0.935,1,GREEN
sitting,sitting,0.935,1,GREEN
sitting,sitting,0.935,1,GREEN
sitting,sitting,0.935,1,GREEN
sitting,sitting,0.935,1,GREEN
sitting,sitting,0.935,1,GREEN
sitting,sitting,0.935,1,GREEN
sitting,sitting,0.935,1,GREEN
sitting,sitting,0.935,1,GREEN
sitting,sitting,0.935,1,GREEN
sitting,sitting,0.935,1,GREEN
sitting,sitting,0.933,1,GREEN
sitting,sitting,0.927,1,GREEN
sitting,sitting,0.935,1,GREEN
sitting,sitting,0.935,1,GREEN
sitting,sitting,0.935,1,GREEN
sitting,sitting,0.935,1,GREEN
sitting,sitting,0.934,1,GREEN
sitting,sitting,0.934,1,GREEN
sitting,sitting,0.934,1,GREEN
sitting,sitting,0.935,1,GREEN
sitting,sitting,0.934,1,GREEN
sitting,sitting,0.934,1,GREEN
sitting,sitting,0.934,1,GREEN
sitting,sitting,0.934,1,GREEN
sitting,sitting,0.934,1,GREEN
sitting,sitting,0.934,1,GREEN
sitting,sitting,0.934,1,GREEN
sitting,sitting,0.936,1,GREEN
sitting,sitting,0.936,1,GREEN
sitting,sitting,0.935,1,GREEN
sitting,sitting,0.935,1,GREEN
sitting,sitting,0.934,1,GREEN
sitting,sitting,0.934,1,GREEN
sitting,sitting,0.934,1,GREEN
sitting,sitting,0.934,1,GREEN
sitting,sitting,0.934,1,GREEN
sitting,sitting,0.934,1,GREEN
sitting,sitting,0.934,1,GREEN
sitting,sitting,0.935,1,GREEN
sitting,sitting,0.936,1,GREEN
sitting,sitting,0.936,1,GREEN
sitting,sitting,0.935,1,GREEN
sitting,sitting,0.935,1,GREEN
sitting,sitting,0.935,1,GREEN
sitting,sitting,0.936,1,GREEN
sitting,sitting,0.936,1,GREEN
sitting,sitting,0.935,1,GREEN
sitting,sitting,0.935,1,GREEN
sitting,sitting,0.934,1,GREEN
sitting,sitting,0.935,1,GREEN
sitting,sitting,0.935,1,GREEN
sitting,sitting,0.934,1,GREEN
sitting,sitting,0.934,1,GREEN
sitting,sitting,0.934,1,GREEN
sitting,sitting,0.935,1,GREEN
sitting,sitting,0.935,1,GREEN
sitting,sitting,0.934,1,GREEN
sitting,sitting,0.935,1,GREEN
sitting,sitting,0.936,1,GREEN
sitting,sitting,0.935,1,GREEN
sitting,sitting,0.935,1,GREEN
sitting,sitting,0.935,1,GREEN
sitting,sitting,0.935,1,GREEN
sitting,sitting,0.935,1,GREEN
sitting,sitting,0.935,1,GREEN
sitting,sitting,0.935,1,GREEN
sitting,sitting,0.935,1,GREEN
sitting,sitting,0.935,1,GREEN
sitting,sitting,0.935,1,GREEN
sitting,sitting,0.935,1,GREEN
sitting,sitting,0.935,1,GREEN
sitting,sitting,0.935,1,GREEN
sitting,sitting,0.935,1,GREEN
sitting,sitting,0.935,1,GREEN
sitting,sitting,0.935,1,GREEN
sitting,sitting,0.935,1,GREEN
sitting,sitting,0.935,1,GREEN
sitting,sitting,0.935,1,GREEN
sitting,sitting,0.935,1,GREEN
sitting,sitting,0.935,1,GREEN
sitting,sitting,0.935,1,GREEN
sitting,sitting,0.938,1,GREEN
sitting,sitting,0.937,1,GREEN
sitting,sitting,0.936,1,GREEN
sitting,sitting,0.936,1,GREEN
sitting,sitting,0.936,1,GREEN
sitting,sitting,0.937,1,GREEN
sitting,sitting,0.936,1,GREEN
sitting,sitting,0.93,1,GREEN
sitting,sitting,0.868,1,GREEN
sitting,sitting,0.878,1,GREEN
sitting,sitting,0.9,1,GREEN
sitting,sitting,0.907,1,GREEN
sitting,sitting,0.914,1,GREEN
sitting,sitting,0.916,1,GREEN
sitting,sitting,0.914,1,GREEN
sitting,sitting,0.915,1,GREEN
sitting,sitting,0.916,1,GREEN
sitting,sitting,0.916,1,GREEN
sitting,sitting,0.918,1,GREEN
sitting,sitting,0.915,1,GREEN
sitting,sitting,0.907,1,GREEN
sitting,sitting,0.906,1,GREEN
sitting,sitting,0.916,1,GREEN
sitting,sitting,0.92,1,GREEN
sitting,sitting,0.925,1,GREEN
sitting,sitting,0.935,1,GREEN
sitting,sitting,0.937,1,GREEN
sitting,sitting,0.936,1,GREEN
sitting,sitting,0.936,1,GREEN
sitting,sitting,0.935,1,GREEN
sitting,sitting,0.936,1,GREEN
sitting,sitting,0.937,1,GREEN
sitting,sitting,0.937,1,GREEN
sitting,sitting,0.938,1,GREEN
sitting,sitting,0.938,1,GREEN
sitting,sitting,0.938,1,GREEN
sitting,sitting,0.938,1,GREEN
sitting,sitting,0.938,1,GREEN
sitting,sitting,0.938,1,GREEN
sitting,sitting,0.938,1,GREEN
sitting,sitting,0.938,1,GREEN
sitting,sitting,0.938,1,GREEN
sitting,sitting,0.938,1,GREEN
sitting,sitting,0.938,1,GREEN
sitting,sitting,0.938,1,GREEN
sitting,sitting,0.938,1,GREEN
sitting,sitting,0.938,1,GREEN
sitting,sitting,0.938,1,GREEN
sitting,sitting,0.937,1,GREEN
sitting,sitting,0.938,1,GREEN
sitting,sitting,0.938,1,GREEN
sitting,sitting,0.938,1,GREEN
sitting,sitting,0.938,1,GREEN
sitting,sitting,0.938,1,GREEN
sitting,sitting,0.938,1,GREEN
sitting,sitting,0.938,1,GREEN
sitting,sitting,0.937,1,GREEN
sitting,sitting,0.937,1,GREEN
sitting,sitting,0.937,1,GREEN
sitting,sitting,0.937,1,GREEN
sitting,sitting,0.924,1,GREEN
sitting,sitting,0.705,1,YELLOW
sitting,sitting,0.874,1,GREEN
sitting,sitting,0.894,1,GREEN
sitting,sitting,0.91,1,GREEN
sitting,sitting,0.919,1,GREEN
sitting,sitting,0.931,1,GREEN
sitting,sitting,0.93,1,GREEN
sitting,sitting,0.931,1,GREEN
sitting,sitting,0.931,1,GREEN
sitting,sitting,0.937,1,GREEN
sitting,sitting,0.935,1,GREEN
sitting,sitting,0.935,1,GREEN
sitting,sitting,0.938,1,GREEN
sitting,sitting,0.938,1,GREEN
sitting,sitting,0.939,1,GREEN
sitting,sitting,0.938,1,GREEN
sitting,sitting,0.937,1,GREEN
sitting,sitting,0.936,1,GREEN
sitting,sitting,0.935,1,GREEN
sitting,sitting,0.936,1,GREEN
sitting,sitting,0.938,1,GREEN
sitting,sitting,0.937,1,GREEN
sitting,sitting,0.936,1,GREEN
sitting,sitting,0.938,1,GREEN
sitting,sitting,0.937,1,GREEN
sitting,sitting,0.937,1,GREEN
sitting,sitting,0.935,1,GREEN
sitting,sitting,0.936,1,GREEN
sitting,sitting,0.937,1,GREEN
sitting,sitting,0.937,1,GREEN
sitting,sitting,0.937,1,GREEN
sitting,sitting,0.938,1,GREEN
sitting,sitting,0.638,1,YELLOW
sitting,sitting,0.395,1,RED
sitting,sitting,0.131,1,RED
sitting,standing,0.089,0,RED
sitting,standing,0.227,0,RED
sitting,standing,0.411,0,RED
sitting,standing,0.306,0,RED
sitting,standing,0.243,0,RED
sitting,standing,0.385,0,RED
sitting,standing,0.335,0,RED
sitting,standing,0.262,0,RED
sitting,standing,0.206,0,RED
sitting,standing,0.219,0,RED
sitting,standing,0.211,0,RED
sitting,standing,0.223,0,RED
sitting,standing,0.255,0,RED
sitting,standing,0.254,0,RED
sitting,standing,0.229,0,RED
sitting,standing,0.233,0,RED
sitting,standing,0.213,0,RED
sitting,standing,0.21,0,RED
sitting,standing,0.233,0,RED
sitting,standing,0.245,0,RED
sitting,standing,0.189,0,RED
sitting,standing,0.185,0,RED
sitting,standing,0.242,0,RED
sitting,standing,0.229,0,RED
sitting,standing,0.265,0,RED
sitting,standing,0.27,0,RED
sitting,standing,0.272,0,RED
sitting,standing,0.256,0,RED
sitting,standing,0.237,0,RED
sitting,standing,0.238,0,RED
sitting,standing,0.256,0,RED
sitting,standing,0.206,0,RED
sitting,standing,0.19,0,RED
sitting,standing,0.228,0,RED
sitting,standing,0.234,0,RED
sitting,standing,0.186,0,RED
sitting,standing,0.197,0,RED
sitting,standing,0.204,0,RED
sitting,standing,0.228,0,RED
sitting,standing,0.235,0,RED
sitting,standing,0.248,0,RED
sitting,standing,0.237,0,RED
sitting,standing,0.305,0,RED
sitting,sitting,0.342,1,RED
sitting,sitting,0.35,1,RED
sitting,sitting,0.53,1,YELLOW
sitting,sitting,0.728,1,YELLOW
sitting,sitting,0.601,1,YELLOW
sitting,sitting,0.86,1,GREEN
sitting,sitting,0.898,1,GREEN
sitting,sitting,0.917,1,GREEN
sitting,sitting,0.937,1,GREEN
sitting,sitting,0.939,1,GREEN
sitting,sitting,0.876,1,GREEN
sitting,sitting,0.729,1,YELLOW
sitting,sitting,0.746,1,YELLOW
sitting,sitting,0.879,1,GREEN
sitting,sitting,0.93,1,GREEN
sitting,sitting,0.921,1,GREEN
sitting,sitting,0.928,1,GREEN
sitting,sitting,0.928,1,GREEN
sitting,sitting,0.925,1,GREEN
sitting,sitting,0.928,1,GREEN
sitting,sitting,0.925,1,GREEN
sitting,sitting,0.936,1,GREEN
sitting,sitting,0.938,1,GREEN
sitting,sitting,0.873,1,GREEN
sitting,sitting,0.879,1,GREEN
sitting,sitting,0.896,1,GREEN
sitting,sitting,0.903,1,GREEN
sitting,sitting,0.649,1,YELLOW
sitting,sitting,0.489,1,YELLOW
sitting,sitting,0.276,1,RED
sitting,sitting,0.479,1,YELLOW
sitting,sitting,0.905,1,GREEN
sitting,sitting,0.934,1,GREEN
sitting,sitting,0.936,1,GREEN
sitting,sitting,0.944,1,GREEN
sitting,sitting,0.938,1,GREEN
sitting,standing,0.289,0,RED
sitting,standing,0.008,0,RED
sitting,standing,0.008,0,RED
sitting,standing,0.009,0,RED
sitting,standing,0.011,0,RED
sitting,standing,0.01,0,RED
sitting,standing,0.01,0,RED
standing,standing,0.008,1,RED
standing,standing,0.042,1,RED
standing,standing,0.87,1,GREEN
standing,standing,0.889,1,GREEN
standing,standing,0.89,1,GREEN
standing,standing,0.866,1,GREEN
standing,standing,0.803,1,GREEN
standing,standing,0.818,1,GREEN
standing,standing,0.811,1,GREEN
standing,standing,0.927,1,GREEN
standing,standing,0.915,1,GREEN
standing,standing,0.904,1,GREEN
standing,standing,0.92,1,GREEN
standing,standing,0.933,1,GREEN
standing,standing,0.929,1,GREEN
standing,standing,0.933,1,GREEN
standing,standing,0.915,1,GREEN
standing,standing,0.846,1,GREEN
standing,standing,0.151,1,RED
standing,standing,0.377,1,RED
standing,standing,0.752,1,GREEN
standing,standing,0.783,1,GREEN
standing,standing,0.59,1,YELLOW
standing,standing,0.791,1,GREEN
standing,standing,0.794,1,GREEN
standing,standing,0.724,1,YELLOW
standing,standing,0.857,1,GREEN
standing,standing,0.937,1,GREEN
standing,standing,0.937,1,GREEN
standing,standing,0.911,1,GREEN
standing,standing,0.904,1,GREEN
standing,standing,0.834,1,GREEN
standing,standing,0.934,1,GREEN
standing,standing,0.898,1,GREEN
standing,standing,0.914,1,GREEN
standing,standing,0.935,1,GREEN
standing,standing,0.934,1,GREEN
standing,standing,0.93,1,GREEN
standing,standing,0.93,1,GREEN
standing,standing,0.93,1,GREEN
standing,standing,0.931,1,GREEN
standing,standing,0.931,1,GREEN
standing,standing,0.931,1,GREEN
standing,standing,0.931,1,GREEN
standing,standing,0.931,1,GREEN
standing,standing,0.931,1,GREEN
standing,standing,0.93,1,GREEN
standing,standing,0.93,1,GREEN
standing,standing,0.93,1,GREEN
standing,standing,0.931,1,GREEN
standing,standing,0.931,1,GREEN
standing,standing,0.931,1,GREEN
standing,standing,0.93,1,GREEN
standing,standing,0.922,1,GREEN
standing,standing,0.895,1,GREEN
standing,standing,0.795,1,GREEN
standing,standing,0.933,1,GREEN
standing,standing,0.876,1,GREEN
standing,standing,0.937,1,GREEN
standing,standing,0.927,1,GREEN
standing,standing,0.921,1,GREEN
standing,standing,0.925,1,GREEN
standing,standing,0.926,1,GREEN
standing,standing,0.926,1,GREEN
standing,standing,0.927,1,GREEN
standing,standing,0.927,1,GREEN
standing,standing,0.927,1,GREEN
standing,standing,0.927,1,GREEN
standing,standing,0.927,1,GREEN
standing,standing,0.926,1,GREEN
standing,standing,0.926,1,GREEN
standing,standing,0.926,1,GREEN
standing,standing,0.927,1,GREEN
standing,standing,0.926,1,GREEN
standing,standing,0.927,1,GREEN
standing,standing,0.93,1,GREEN
standing,standing,0.931,1,GREEN
standing,standing,0.927,1,GREEN
standing,standing,0.925,1,GREEN
standing,standing,0.926,1,GREEN
standing,standing,0.927,1,GREEN
standing,standing,0.927,1,GREEN
standing,standing,0.927,1,GREEN
standing,standing,0.926,1,GREEN
standing,standing,0.927,1,GREEN
standing,standing,0.926,1,GREEN
standing,standing,0.927,1,GREEN
standing,standing,0.926,1,GREEN
standing,standing,0.926,1,GREEN
standing,standing,0.926,1,GREEN
standing,standing,0.925,1,GREEN
standing,standing,0.925,1,GREEN
standing,standing,0.923,1,GREEN
standing,standing,0.923,1,GREEN
standing,standing,0.923,1,GREEN
standing,standing,0.924,1,GREEN
standing,standing,0.924,1,GREEN
standing,standing,0.923,1,GREEN
standing,standing,0.926,1,GREEN
standing,standing,0.926,1,GREEN
standing,standing,0.926,1,GREEN
standing,standing,0.926,1,GREEN
standing,standing,0.926,1,GREEN
standing,standing,0.927,1,GREEN
standing,standing,0.926,1,GREEN
standing,standing,0.927,1,GREEN
standing,standing,0.926,1,GREEN
standing,standing,0.926,1,GREEN
standing,standing,0.925,1,GREEN
standing,standing,0.924,1,GREEN
standing,standing,0.925,1,GREEN
standing,standing,0.925,1,GREEN
standing,standing,0.926,1,GREEN
standing,standing,0.924,1,GREEN
standing,standing,0.924,1,GREEN
standing,standing,0.925,1,GREEN
standing,standing,0.925,1,GREEN
standing,standing,0.926,1,GREEN
standing,standing,0.926,1,GREEN
standing,standing,0.926,1,GREEN
standing,standing,0.926,1,GREEN
standing,standing,0.926,1,GREEN
standing,standing,0.925,1,GREEN
standing,standing,0.925,1,GREEN
standing,standing,0.926,1,GREEN
standing,standing,0.926,1,GREEN
standing,standing,0.927,1,GREEN
standing,standing,0.926,1,GREEN
standing,standing,0.924,1,GREEN
standing,standing,0.923,1,GREEN
standing,standing,0.926,1,GREEN
standing,standing,0.926,1,GREEN
standing,standing,0.926,1,GREEN
standing,standing,0.926,1,GREEN
standing,standing,0.926,1,GREEN
standing,standing,0.926,1,GREEN
standing,standing,0.926,1,GREEN
standing,standing,0.926,1,GREEN
standing,standing,0.926,1,GREEN
standing,standing,0.914,1,GREEN
standing,standing,0.889,1,GREEN
standing,standing,0.918,1,GREEN
standing,standing,0.872,1,GREEN
standing,standing,0.106,1,RED
standing,standing,0.512,1,YELLOW
standing,ironing,0.781,0,GREEN
standing,ironing,0.061,0,RED
standing,ironing,0.009,0,RED
standing,ironing,0.008,0,RED
standing,ironing,0.008,0,RED
standing,ironing,0.008,0,RED
standing,ironing,0.008,0,RED
standing,ironing,0.008,0,RED
standing,ironing,0.008,0,RED
standing,ironing,0.008,0,RED
standing,ironing,0.008,0,RED
standing,ironing,0.008,0,RED
standing,ironing,0.008,0,RED
standing,ironing,0.008,0,RED
standing,ironing,0.008,0,RED
standing,ironing,0.008,0,RED
standing,ironing,0.01,0,RED
standing,ironing,0.165,0,RED
standing,ironing,0.102,0,RED
standing,ironing,0.091,0,RED
standing,ironing,0.061,0,RED
standing,ironing,0.181,0,RED
standing,ironing,0.521,0,YELLOW
standing,ironing,0.177,0,RED
standing,ironing,0.155,0,RED
standing,ironing,0.174,0,RED
standing,ironing,0.033,0,RED
standing,ironing,0.009,0,RED
standing,ironing,0.009,0,RED
standing,ironing,0.013,0,RED
standing,ironing,0.186,0,RED
standing,ironing,0.035,0,RED
standing,ironing,0.018,0,RED
standing,ironing,0.231,0,RED
standing,ironing,0.129,0,RED
standing,ironing,0.034,0,RED
standing,ironing,0.021,0,RED
standing,ironing,0.018,0,RED
standing,ironing,0.21,0,RED
standing,ironing,0.534,0,YELLOW
standing,ironing,0.016,0,RED
standing,ironing,0.009,0,RED
standing,ironing,0.018,0,RED
standing,ironing,0.543,0,YELLOW
standing,ironing,0.014,0,RED
standing,ironing,0.012,0,RED
standing,ironing,0.013,0,RED
standing,ironing,0.014,0,RED
standing,ironing,0.014,0,RED
standing,ironing,0.01,0,RED
standing,ironing,0.028,0,RED
standing,vacuuming,0.009,0,RED
standing,vacuuming,0.008,0,RED
standing,vacuuming,0.018,0,RED
standing,vacuuming,0.013,0,RED
standing,vacuuming,0.03,0,RED
standing,vacuuming,0.052,0,RED
standing,vacuuming,0.014,0,RED
standing,vacuuming,0.013,0,RED
standing,vacuuming,0.008,0,RED
standing,vacuuming,0.014,0,RED
standing,vacuuming,0.232,0,RED
standing,vacuuming,0.481,0,YELLOW
standing,vacuuming,0.013,0,RED
standing,vacuuming,0.008,0,RED
standing,vacuuming,0.013,0,RED
standing,vacuuming,0.027,0,RED
standing,ironing,0.033,0,RED
standing,ironing,0.045,0,RED
standing,ironing,0.03,0,RED
standing,ironing,0.009,0,RED
standing,ironing,0.01,0,RED
standing,ironing,0.01,0,RED
standing,ironing,0.008,0,RED
standing,ironing,0.008,0,RED
standing,ironing,0.011,0,RED
standing,ironing,0.01,0,RED
standing,ironing,0.01,0,RED
standing,ironing,0.011,0,RED
standing,ironing,0.012,0,RED
standing,ironing,0.024,0,RED
standing,ironing,0.019,0,RED
standing,ironing,0.028,0,RED
standing,ironing,0.047,0,RED
standing,ironing,0.037,0,RED
standing,ironing,0.029,0,RED
standing,ironing,0.038,0,RED
standing,ironing,0.046,0,RED
standing,ironing,0.012,0,RED
standing,ironing,0.008,0,RED
standing,ironing,0.008,0,RED
standing,ironing,0.008,0,RED
standing,ironing,0.008,0,RED
standing,ironing,0.008,0,RED
standing,ironing,0.027,0,RED
standing,ironing,0.021,0,RED
standing,ironing,0.008,0,RED
standing,ironing,0.008,0,RED
standing,ironing,0.009,0,RED
standing,ironing,0.008,0,RED
standing,vacuuming,0.008,0,RED
standing,vacuuming,0.008,0,RED
standing,vacuuming,0.008,0,RED
standing,vacuuming,0.015,0,RED
standing,vacuuming,0.017,0,RED
standing,vacuuming,0.008,0,RED
standing,vacuuming,0.013,0,RED
standing,vacuuming,0.017,0,RED
standing,vacuuming,0.021,0,RED
standing,vacuuming,0.036,0,RED
standing,vacuuming,0.043,0,RED
standing,vacuuming,0.038,0,RED
standing,vacuuming,0.022,0,RED
standing,vacuuming,0.016,0,RED
standing,vacuuming,0.012,0,RED
standing,vacuuming,0.009,0,RED
standing,vacuuming,0.011,0,RED
standing,vacuuming,0.011,0,RED
standing,vacuuming,0.007,0,RED
standing,vacuuming,0.009,0,RED
standing,vacuuming,0.014,0,RED
standing,vacuuming,0.011,0,RED
standing,vacuuming,0.009,0,RED
standing,vacuuming,0.009,0,RED
standing,vacuuming,0.01,0,RED
standing,vacuuming,0.01,0,RED
standing,vacuuming,0.01,0,RED
standing,vacuuming,0.01,0,RED
standing,vacuuming,0.011,0,RED
standing,vacuuming,0.012,0,RED
standing,vacuuming,0.011,0,RED
standing,vacuuming,0.018,0,RED
standing,vacuuming,0.043,0,RED
standing,vacuuming,0.017,0,RED
standing,vacuuming,0.01,0,RED
standing,vacuuming,0.013,0,RED
standing,vacuuming,0.061,0,RED
standing,vacuuming,0.081,0,RED
standing,vacuuming,0.045,0,RED
standing,vacuuming,0.057,0,RED
standing,vacuuming,0.018,0,RED
standing,vacuuming,0.018,0,RED
standing,vacuuming,0.021,0,RED
standing,vacuuming,0.023,0,RED
standing,vacuuming,0.03,0,RED
standing,vacuuming,0.03,0,RED
standing,vacuuming,0.036,0,RED
standing,vacuuming,0.024,0,RED
standing,vacuuming,0.03,0,RED
standing,vacuuming,0.026,0,RED
standing,vacuuming,0.021,0,RED
standing,vacuuming,0.023,0,RED
standing,vacuuming,0.021,0,RED
standing,vacuuming,0.021,0,RED
standing,vacuuming,0.018,0,RED
standing,vacuuming,0.016,0,RED
standing,vacuuming,0.017,0,RED
standing,vacuuming,0.018,0,RED
standing,vacuuming,0.018,0,RED
standing,vacuuming,0.021,0,RED
standing,vacuuming,0.027,0,RED
standing,vacuuming,0.176,0,RED
standing,vacuuming,0.622,0,YELLOW
standing,vacuuming,0.748,0,YELLOW
standing,vacuuming,0.062,0,RED
standing,vacuuming,0.043,0,RED
standing,vacuuming,0.056,0,RED
standing,vacuuming,0.047,0,RED
standing,vacuuming,0.049,0,RED
standing,vacuuming,0.055,0,RED
standing,vacuuming,0.054,0,RED
standing,vacuuming,0.038,0,RED
standing,vacuuming,0.035,0,RED
standing,vacuuming,0.033,0,RED
standing,vacuuming,0.036,0,RED
standing,vacuuming,0.042,0,RED
standing,vacuuming,0.045,0,RED
standing,vacuuming,0.05,0,RED
standing,vacuuming,0.035,0,RED
standing,vacuuming,0.023,0,RED
standing,vacuuming,0.029,0,RED
standing,ironing,0.03,0,RED
standing,ironing,0.058,0,RED
standing,ironing,0.047,0,RED
standing,ironing,0.058,0,RED
standing,ironing,0.074,0,RED
standing,ironing,0.055,0,RED
standing,ironing,0.047,0,RED
standing,ironing,0.022,0,RED
standing,ironing,0.04,0,RED
standing,ironing,0.024,0,RED
standing,ironing,0.048,0,RED
standing,ironing,0.045,0,RED
standing,ironing,0.045,0,RED
standing,ironing,0.027,0,RED
standing,ironing,0.016,0,RED
standing,ironing,0.023,0,RED
standing,ironing,0.024,0,RED
standing,ironing,0.011,0,RED
standing,ironing,0.037,0,RED
standing,ironing,0.04,0,RED
standing,ironing,0.046,0,RED
standing,ironing,0.035,0,RED
standing,ironing,0.023,0,RED
standing,ironing,0.031,0,RED
standing,ironing,0.016,0,RED
standing,ironing,0.011,0,RED
standing,ironing,0.132,0,RED
standing,ironing,0.142,0,RED
standing,ironing,0.016,0,RED
standing,ironing,0.03,0,RED
standing,ironing,0.039,0,RED
standing,ironing,0.021,0,RED
standing,ironing,0.013,0,RED
standing,ironing,0.04,0,RED
standing,ironing,0.007,0,RED
standing,ironing,0.04,0,RED
standing,ironing,0.047,0,RED
standing,ironing,0.009,0,RED
standing,ironing,0.016,0,RED
standing,ironing,0.011,0,RED
standing,ironing,0.009,0,RED
standing,ironing,0.032,0,RED
standing,ironing,0.03,0,RED
standing,ironing,0.044,0,RED
standing,ironing,0.018,0,RED
standing,ironing,0.017,0,RED
standing,ironing,0.011,0,RED
standing,ironing,0.036,0,RED
standing,ironing,0.011,0,RED
standing,ironing,0.021,0,RED
standing,ironing,0.037,0,RED
standing,ironing,0.017,0,RED
standing,ironing,0.032,0,RED
standing,ironing,0.008,0,RED
standing,ironing,0.008,0,RED
standing,ironing,0.008,0,RED
standing,ironing,0.008,0,RED
standing,ironing,0.009,0,RED
standing,ironing,0.009,0,RED
standing,ironing,0.009,0,RED
standing,ironing,0.009,0,RED
standing,ironing,0.008,0,RED
standing,ironing,0.009,0,RED
standing,ironing,0.009,0,RED
standing,ironing,0.009,0,RED
standing,ironing,0.009,0,RED
standing,ironing,0.009,0,RED
standing,ironing,0.009,0,RED
standing,ironing,0.009,0,RED
standing,ironing,0.009,0,RED
standing,ironing,0.009,0,RED
standing,ironing,0.009,0,RED
standing,ironing,0.009,0,RED
standing,ironing,0.009,0,RED
standing,ironing,0.009,0,RED
standing,ironing,0.009,0,RED
standing,ironing,0.009,0,RED
standing,ironing,0.009,0,RED
standing,ironing,0.009,0,RED
standing,ironing,0.009,0,RED
standing,ironing,0.009,0,RED
standing,ironing,0.009,0,RED
standing,ironing,0.009,0,RED
standing,ironing,0.009,0,RED
standing,ironing,0.009,0,RED
standing,ironing,0.009,0,RED
standing,ironing,0.009,0,RED
standing,ironing,0.009,0,RED
standing,ironing,0.009,0,RED
standing,ironing,0.009,0,RED
standing,ironing,0.009,0,RED
standing,ironing,0.009,0,RED
standing,ironing,0.009,0,RED
standing,ironing,0.009,0,RED
standing,ironing,0.009,0,RED
standing,ironing,0.009,0,RED
standing,ironing,0.009,0,RED
standing,ironing,0.009,0,RED
standing,ironing,0.009,0,RED
standing,ironing,0.009,0,RED
standing,ironing,0.009,0,RED
standing,ironing,0.009,0,RED
standing,ironing,0.009,0,RED
standing,ironing,0.009,0,RED
standing,ironing,0.009,0,RED
standing,ironing,0.009,0,RED
standing,ironing,0.009,0,RED
standing,ironing,0.009,0,RED
standing,ironing,0.009,0,RED
standing,ironing,0.009,0,RED
standing,ironing,0.009,0,RED
standing,ironing,0.009,0,RED
standing,ironing,0.009,0,RED
standing,ironing,0.009,0,RED
standing,ironing,0.009,0,RED
standing,ironing,0.009,0,RED
standing,ironing,0.009,0,RED
standing,ironing,0.009,0,RED
standing,ironing,0.009,0,RED
standing,ironing,0.009,0,RED
standing,ironing,0.009,0,RED
standing,ironing,0.009,0,RED
standing,ironing,0.009,0,RED
standing,ironing,0.009,0,RED
standing,ironing,0.009,0,RED
standing,ironing,0.009,0,RED
standing,ironing,0.009,0,RED
standing,ironing,0.009,0,RED
standing,ironing,0.009,0,RED
standing,ironing,0.009,0,RED
standing,ironing,0.009,0,RED
standing,ironing,0.009,0,RED
standing,ironing,0.009,0,RED
standing,ironing,0.009,0,RED
standing,ironing,0.009,0,RED
standing,ironing,0.009,0,RED
standing,ironing,0.009,0,RED
standing,ironing,0.009,0,RED
standing,ironing,0.009,0,RED
standing,ironing,0.009,0,RED
standing,ironing,0.009,0,RED
standing,ironing,0.009,0,RED
standing,ironing,0.009,0,RED
standing,ironing,0.009,0,RED
standing,ironing,0.009,0,RED
standing,ironing,0.009,0,RED
standing,ironing,0.009,0,RED
standing,ironing,0.009,0,RED
standing,ironing,0.009,0,RED
standing,ironing,0.009,0,RED
standing,ironing,0.009,0,RED
standing,ironing,0.009,0,RED
standing,ironing,0.009,0,RED
standing,ironing,0.009,0,RED
ironing,ironing,0.926,1,GREEN
ironing,ironing,0.926,1,GREEN
ironing,ironing,0.926,1,GREEN
ironing,ironing,0.926,1,GREEN
ironing,ironing,0.926,1,GREEN
ironing,ironing,0.924,1,GREEN
ironing,ironing,0.924,1,GREEN
ironing,ironing,0.166,1,RED
ironing,ironing,0.095,1,RED
ironing,ironing,0.929,1,GREEN
ironing,ironing,0.929,1,GREEN
ironing,ironing,0.931,1,GREEN
ironing,ironing,0.931,1,GREEN
ironing,ironing,0.93,1,GREEN
ironing,ironing,0.932,1,GREEN
ironing,ironing,0.931,1,GREEN
ironing,ironing,0.933,1,GREEN
ironing,ironing,0.935,1,GREEN
ironing,ironing,0.933,1,GREEN
ironing,ironing,0.93,1,GREEN
ironing,ironing,0.931,1,GREEN
ironing,ironing,0.928,1,GREEN
ironing,ironing,0.931,1,GREEN
ironing,ironing,0.932,1,GREEN
ironing,ironing,0.928,1,GREEN
ironing,ironing,0.929,1,GREEN
ironing,ironing,0.93,1,GREEN
ironing,ironing,0.931,1,GREEN
ironing,ironing,0.93,1,GREEN
ironing,ironing,0.931,1,GREEN
ironing,ironing,0.93,1,GREEN
ironing,ironing,0.931,1,GREEN
ironing,ironing,0.93,1,GREEN
ironing,ironing,0.931,1,GREEN
ironing,ironing,0.929,1,GREEN
ironing,ironing,0.929,1,GREEN
ironing,ironing,0.93,1,GREEN
ironing,ironing,0.929,1,GREEN
ironing,ironing,0.928,1,GREEN
ironing,ironing,0.928,1,GREEN
ironing,ironing,0.928,1,GREEN
ironing,ironing,0.929,1,GREEN
ironing,ironing,0.929,1,GREEN
ironing,ironing,0.929,1,GREEN
ironing,ironing,0.929,1,GREEN
ironing,ironing,0.928,1,GREEN
ironing,ironing,0.927,1,GREEN
ironing,ironing,0.927,1,GREEN
ironing,ironing,0.929,1,GREEN
ironing,ironing,0.93,1,GREEN
ironing,ironing,0.93,1,GREEN
ironing,ironing,0.929,1,GREEN
ironing,ironing,0.929,1,GREEN
ironing,ironing,0.929,1,GREEN
ironing,ironing,0.929,1,GREEN
ironing,ironing,0.929,1,GREEN
ironing,ironing,0.929,1,GREEN
ironing,ironing,0.93,1,GREEN
ironing,ironing,0.93,1,GREEN
ironing,ironing,0.93,1,GREEN
ironing,ironing,0.931,1,GREEN
ironing,ironing,0.929,1,GREEN
ironing,ironing,0.93,1,GREEN
ironing,ironing,0.929,1,GREEN
ironing,ironing,0.929,1,GREEN
ironing,ironing,0.929,1,GREEN
ironing,ironing,0.93,1,GREEN
ironing,ironing,0.93,1,GREEN
ironing,ironing,0.929,1,GREEN
ironing,ironing,0.929,1,GREEN
ironing,ironing,0.929,1,GREEN
ironing,ironing,0.929,1,GREEN
ironing,ironing,0.93,1,GREEN
ironing,ironing,0.931,1,GREEN
ironing,ironing,0.931,1,GREEN
ironing,ironing,0.93,1,GREEN
ironing,ironing,0.93,1,GREEN
ironing,ironing,0.928,1,GREEN
ironing,ironing,0.929,1,GREEN
ironing,ironing,0.928,1,GREEN
ironing,ironing,0.928,1,GREEN
ironing,ironing,0.928,1,GREEN
ironing,ironing,0.928,1,GREEN
ironing,ironing,0.928,1,GREEN
ironing,ironing,0.929,1,GREEN
ironing,ironing,0.93,1,GREEN
ironing,ironing,0.93,1,GREEN
ironing,ironing,0.93,1,GREEN
ironing,ironing,0.93,1,GREEN
ironing,ironing,0.929,1,GREEN
ironing,ironing,0.929,1,GREEN
ironing,ironing,0.928,1,GREEN
ironing,ironing,0.928,1,GREEN
ironing,ironing,0.929,1,GREEN
ironing,ironing,0.929,1,GREEN
ironing,ironing,0.929,1,GREEN
ironing,ironing,0.929,1,GREEN
ironing,ironing,0.928,1,GREEN
ironing,ironing,0.929,1,GREEN
ironing,ironing,0.929,1,GREEN
ironing,ironing,0.929,1,GREEN
ironing,ironing,0.929,1,GREEN
ironing,ironing,0.928,1,GREEN
ironing,ironing,0.927,1,GREEN
ironing,ironing,0.928,1,GREEN
ironing,ironing,0.93,1,GREEN
ironing,ironing,0.93,1,GREEN
ironing,ironing,0.932,1,GREEN
ironing,ironing,0.931,1,GREEN
ironing,ironing,0.931,1,GREEN
ironing,ironing,0.929,1,GREEN
ironing,ironing,0.928,1,GREEN
ironing,ironing,0.928,1,GREEN
ironing,ironing,0.93,1,GREEN
ironing,ironing,0.928,1,GREEN
ironing,ironing,0.929,1,GREEN
ironing,ironing,0.93,1,GREEN
ironing,ironing,0.929,1,GREEN
ironing,ironing,0.929,1,GREEN
ironing,ironing,0.93,1,GREEN
ironing,ironing,0.933,1,GREEN
ironing,ironing,0.931,1,GREEN
ironing,ironing,0.93,1,GREEN
ironing,ironing,0.927,1,GREEN
ironing,ironing,0.932,1,GREEN
ironing,ironing,0.929,1,GREEN
ironing,ironing,0.929,1,GREEN
ironing,ironing,0.927,1,GREEN
ironing,ironing,0.928,1,GREEN
ironing,ironing,0.929,1,GREEN
ironing,ironing,0.929,1,GREEN
ironing,ironing,0.929,1,GREEN
ironing,ironing,0.929,1,GREEN
ironing,ironing,0.927,1,GREEN
ironing,ironing,0.93,1,GREEN
ironing,ironing,0.93,1,GREEN
ironing,ironing,0.93,1,GREEN
ironing,ironing,0.929,1,GREEN
ironing,ironing,0.93,1,GREEN
ironing,ironing,0.93,1,GREEN
ironing,ironing,0.93,1,GREEN
ironing,ironing,0.929,1,GREEN
ironing,ironing,0.93,1,GREEN
ironing,ironing,0.931,1,GREEN
ironing,ironing,0.932,1,GREEN
ironing,ironing,0.932,1,GREEN
ironing,ironing,0.93,1,GREEN
ironing,ironing,0.932,1,GREEN
ironing,ironing,0.932,1,GREEN
ironing,ironing,0.933,1,GREEN
ironing,ironing,0.927,1,GREEN
ironing,ironing,0.929,1,GREEN
ironing,ironing,0.927,1,GREEN
ironing,ironing,0.928,1,GREEN
ironing,ironing,0.927,1,GREEN
ironing,ironing,0.928,1,GREEN
ironing,ironing,0.926,1,GREEN
ironing,ironing,0.926,1,GREEN
ironing,ironing,0.926,1,GREEN
ironing,ironing,0.927,1,GREEN
ironing,ironing,0.927,1,GREEN
ironing,ironing,0.927,1,GREEN
ironing,ironing,0.927,1,GREEN
ironing,ironing,0.928,1,GREEN
ironing,ironing,0.929,1,GREEN
ironing,ironing,0.93,1,GREEN
ironing,ironing,0.93,1,GREEN
ironing,ironing,0.93,1,GREEN
ironing,ironing,0.931,1,GREEN
ironing,ironing,0.929,1,GREEN
ironing,ironing,0.93,1,GREEN
ironing,ironing,0.929,1,GREEN
ironing,ironing,0.928,1,GREEN
ironing,ironing,0.929,1,GREEN
ironing,ironing,0.93,1,GREEN
ironing,ironing,0.929,1,GREEN
ironing,ironing,0.931,1,GREEN
ironing,ironing,0.93,1,GREEN
ironing,ironing,0.93,1,GREEN
ironing,ironing,0.93,1,GREEN
ironing,ironing,0.929,1,GREEN
ironing,ironing,0.928,1,GREEN
ironing,ironing,0.929,1,GREEN
ironing,ironing,0.928,1,GREEN
ironing,ironing,0.928,1,GREEN
ironing,ironing,0.928,1,GREEN
ironing,ironing,0.928,1,GREEN
ironing,ironing,0.928,1,GREEN
ironing,ironing,0.928,1,GREEN
ironing,ironing,0.929,1,GREEN
ironing,ironing,0.928,1,GREEN
ironing,ironing,0.928,1,GREEN
ironing,ironing,0.929,1,GREEN
ironing,ironing,0.931,1,GREEN
ironing,ironing,0.93,1,GREEN
ironing,ironing,0.931,1,GREEN
ironing,ironing,0.933,1,GREEN
ironing,ironing,0.929,1,GREEN
ironing,ironing,0.928,1,GREEN
ironing,ironing,0.932,1,GREEN
ironing,ironing,0.93,1,GREEN
ironing,ironing,0.93,1,GREEN
ironing,ironing,0.93,1,GREEN
ironing,ironing,0.929,1,GREEN
ironing,ironing,0.931,1,GREEN
ironing,ironing,0.931,1,GREEN
ironing,ironing,0.931,1,GREEN
ironing,ironing,0.931,1,GREEN
ironing,ironing,0.928,1,GREEN
ironing,ironing,0.928,1,GREEN
ironing,ironing,0.931,1,GREEN
ironing,ironing,0.931,1,GREEN
ironing,ironing,0.929,1,GREEN
ironing,ironing,0.93,1,GREEN
ironing,ironing,0.928,1,GREEN
ironing,ironing,0.93,1,GREEN
ironing,ironing,0.928,1,GREEN
ironing,ironing,0.93,1,GREEN
ironing,ironing,0.93,1,GREEN
ironing,ironing,0.93,1,GREEN
ironing,ironing,0.931,1,GREEN
ironing,ironing,0.932,1,GREEN
ironing,ironing,0.922,1,GREEN
ironing,ironing,0.911,1,GREEN
ironing,ironing,0.932,1,GREEN
ironing,ironing,0.927,1,GREEN
ironing,ironing,0.932,1,GREEN
ironing,ironing,0.926,1,GREEN
ironing,ironing,0.931,1,GREEN
ironing,ironing,0.935,1,GREEN
ironing,ironing,0.932,1,GREEN
ironing,ironing,0.933,1,GREEN
ironing,ironing,0.929,1,GREEN
ironing,ironing,0.928,1,GREEN
ironing,ironing,0.931,1,GREEN
ironing,ironing,0.929,1,GREEN
ironing,ironing,0.93,1,GREEN
ironing,ironing,0.929,1,GREEN
ironing,ironing,0.928,1,GREEN
ironing,ironing,0.932,1,GREEN
ironing,ironing,0.924,1,GREEN
ironing,ironing,0.93,1,GREEN
ironing,ironing,0.932,1,GREEN
ironing,ironing,0.93,1,GREEN
ironing,ironing,0.93,1,GREEN
ironing,ironing,0.928,1,GREEN
ironing,ironing,0.93,1,GREEN
ironing,ironing,0.932,1,GREEN
ironing,ironing,0.931,1,GREEN
ironing,ironing,0.932,1,GREEN
ironing,ironing,0.931,1,GREEN
ironing,ironing,0.931,1,GREEN
ironing,ironing,0.931,1,GREEN
ironing,ironing,0.93,1,GREEN
ironing,ironing,0.93,1,GREEN
ironing,ironing,0.93,1,GREEN
ironing,ironing,0.929,1,GREEN
ironing,ironing,0.934,1,GREEN
ironing,ironing,0.932,1,GREEN
ironing,ironing,0.933,1,GREEN
ironing,ironing,0.932,1,GREEN
ironing,ironing,0.93,1,GREEN
ironing,ironing,0.93,1,GREEN
ironing,ironing,0.921,1,GREEN
ironing,ironing,0.877,1,GREEN
ironing,ironing,0.928,1,GREEN
ironing,ironing,0.929,1,GREEN
ironing,ironing,0.928,1,GREEN
ironing,ironing,0.932,1,GREEN
ironing,ironing,0.932,1,GREEN
ironing,ironing,0.929,1,GREEN
ironing,ironing,0.929,1,GREEN
ironing,ironing,0.932,1,GREEN
ironing,ironing,0.93,1,GREEN
ironing,ironing,0.93,1,GREEN
ironing,ironing,0.931,1,GREEN
ironing,ironing,0.927,1,GREEN
ironing,ironing,0.932,1,GREEN
ironing,ironing,0.931,1,GREEN
ironing,ironing,0.928,1,GREEN
ironing,ironing,0.926,1,GREEN
ironing,ironing,0.933,1,GREEN
ironing,ironing,0.932,1,GREEN
ironing,ironing,0.9,1,GREEN
ironing,ironing,0.919,1,GREEN
ironing,ironing,0.933,1,GREEN
ironing,ironing,0.934,1,GREEN
ironing,ironing,0.925,1,GREEN
ironing,ironing,0.931,1,GREEN
ironing,ironing,0.933,1,GREEN
ironing,ironing,0.931,1,GREEN
ironing,ironing,0.93,1,GREEN
ironing,ironing,0.93,1,GREEN
ironing,ironing,0.929,1,GREEN
ironing,ironing,0.933,1,GREEN
ironing,ironing,0.873,1,GREEN
ironing,ironing,0.93,1,GREEN
ironing,ironing,0.929,1,GREEN
ironing,ironing,0.929,1,GREEN
ironing,ironing,0.927,1,GREEN
ironing,ironing,0.929,1,GREEN
ironing,ironing,0.928,1,GREEN
ironing,ironing,0.929,1,GREEN
ironing,ironing,0.929,1,GREEN
ironing,ironing,0.929,1,GREEN
ironing,ironing,0.931,1,GREEN
ironing,ironing,0.93,1,GREEN
ironing,ironing,0.93,1,GREEN
ironing,ironing,0.929,1,GREEN
ironing,ironing,0.929,1,GREEN
ironing,ironing,0.929,1,GREEN
ironing,ironing,0.929,1,GREEN
ironing,ironing,0.929,1,GREEN
ironing,ironing,0.93,1,GREEN
ironing,ironing,0.93,1,GREEN
ironing,ironing,0.929,1,GREEN
ironing,ironing,0.93,1,GREEN
ironing,ironing,0.929,1,GREEN
ironing,ironing,0.931,1,GREEN
ironing,ironing,0.931,1,GREEN
ironing,ironing,0.932,1,GREEN
ironing,ironing,0.929,1,GREEN
ironing,ironing,0.93,1,GREEN
ironing,ironing,0.93,1,GREEN
ironing,ironing,0.929,1,GREEN
ironing,ironing,0.93,1,GREEN
ironing,ironing,0.932,1,GREEN
ironing,ironing,0.933,1,GREEN
ironing,ironing,0.929,1,GREEN
ironing,ironing,0.934,1,GREEN
ironing,ironing,0.923,1,GREEN
ironing,ironing,0.929,1,GREEN
ironing,ironing,0.932,1,GREEN
ironing,ironing,0.919,1,GREEN
ironing,ironing,0.592,1,YELLOW
ironing,ironing,0.908,1,GREEN
ironing,ironing,0.933,1,GREEN
ironing,ironing,0.926,1,GREEN
ironing,ironing,0.926,1,GREEN
ironing,ironing,0.929,1,GREEN
ironing,ironing,0.895,1,GREEN
ironing,ironing,0.877,1,GREEN
ironing,ironing,0.933,1,GREEN
ironing,ironing,0.54,1,YELLOW
ironing,ironing,0.898,1,GREEN
ironing,ironing,0.932,1,GREEN
ironing,ironing,0.932,1,GREEN
ironing,ironing,0.933,1,GREEN
ironing,ironing,0.933,1,GREEN
ironing,ironing,0.928,1,GREEN
ironing,ironing,0.933,1,GREEN
ironing,ironing,0.93,1,GREEN
ironing,ironing,0.932,1,GREEN
ironing,ironing,0.936,1,GREEN
ironing,ironing,0.932,1,GREEN
ironing,ironing,0.931,1,GREEN
ironing,ironing,0.931,1,GREEN
ironing,ironing,0.931,1,GREEN
ironing,ironing,0.932,1,GREEN
ironing,ironing,0.929,1,GREEN
ironing,ironing,0.929,1,GREEN
ironing,ironing,0.929,1,GREEN
ironing,ironing,0.93,1,GREEN
ironing,ironing,0.931,1,GREEN
ironing,ironing,0.929,1,GREEN
ironing,ironing,0.936,1,GREEN
ironing,ironing,0.932,1,GREEN
ironing,ironing,0.928,1,GREEN
ironing,ironing,0.928,1,GREEN
ironing,ironing,0.928,1,GREEN
ironing,ironing,0.928,1,GREEN
ironing,ironing,0.929,1,GREEN
ironing,ironing,0.932,1,GREEN
ironing,ironing,0.931,1,GREEN
ironing,ironing,0.931,1,GREEN
ironing,ironing,0.931,1,GREEN
ironing,ironing,0.933,1,GREEN
ironing,ironing,0.934,1,GREEN
ironing,ironing,0.933,1,GREEN
ironing,ironing,0.93,1,GREEN
ironing,ironing,0.931,1,GREEN
ironing,ironing,0.931,1,GREEN
ironing,ironing,0.93,1,GREEN
ironing,ironing,0.93,1,GREEN
ironing,ironing,0.93,1,GREEN
ironing,ironing,0.929,1,GREEN
ironing,ironing,0.931,1,GREEN
ironing,ironing,0.671,1,YELLOW
ironing,ironing,0.835,1,GREEN
ironing,ironing,0.929,1,GREEN
ironing,ironing,0.929,1,GREEN
ironing,ironing,0.85,1,GREEN
ironing,ironing,0.897,1,GREEN
ironing,ironing,0.899,1,GREEN
ironing,ironing,0.933,1,GREEN
ironing,ironing,0.929,1,GREEN
ironing,ironing,0.931,1,GREEN
ironing,ironing,0.931,1,GREEN
ironing,ironing,0.931,1,GREEN
ironing,ironing,0.931,1,GREEN
ironing,ironing,0.924,1,GREEN
ironing,ironing,0.928,1,GREEN
ironing,ironing,0.927,1,GREEN
ironing,ironing,0.932,1,GREEN
ironing,ironing,0.932,1,GREEN
ironing,ironing,0.93,1,GREEN
ironing,ironing,0.928,1,GREEN
ironing,ironing,0.932,1,GREEN
ironing,ironing,0.931,1,GREEN
ironing,ironing,0.933,1,GREEN
ironing,ironing,0.936,1,GREEN
ironing,ironing,0.934,1,GREEN
ironing,ironing,0.344,1,RED
ironing,ironing,0.93,1,GREEN
ironing,ironing,0.931,1,GREEN
ironing,ironing,0.933,1,GREEN
ironing,ironing,0.931,1,GREEN
ironing,ironing,0.929,1,GREEN
ironing,ironing,0.928,1,GREEN
ironing,ironing,0.929,1,GREEN
ironing,ironing,0.932,1,GREEN
ironing,ironing,0.931,1,GREEN
ironing,ironing,0.93,1,GREEN
ironing,ironing,0.912,1,GREEN
ironing,ironing,0.916,1,GREEN
ironing,ironing,0.931,1,GREEN
ironing,ironing,0.908,1,GREEN
ironing,ironing,0.773,1,GREEN
ironing,ironing,0.821,1,GREEN
ironing,ironing,0.794,1,GREEN
ironing,ironing,0.93,1,GREEN
ironing,ironing,0.931,1,GREEN
ironing,ironing,0.933,1,GREEN
ironing,ironing,0.933,1,GREEN
ironing,ironing,0.933,1,GREEN
ironing,ironing,0.932,1,GREEN
ironing,ironing,0.931,1,GREEN
ironing,ironing,0.93,1,GREEN
ironing,ironing,0.932,1,GREEN
ironing,ironing,0.93,1,GREEN
ironing,ironing,0.93,1,GREEN
ironing,ironing,0.93,1,GREEN
ironing,ironing,0.929,1,GREEN
ironing,ironing,0.931,1,GREEN
ironing,ironing,0.932,1,GREEN
ironing,ironing,0.931,1,GREEN
ironing,ironing,0.931,1,GREEN
ironing,ironing,0.934,1,GREEN
ironing,ironing,0.932,1,GREEN
ironing,ironing,0.932,1,GREEN
ironing,ironing,0.935,1,GREEN
ironing,ironing,0.919,1,GREEN
ironing,ironing,0.933,1,GREEN
ironing,ironing,0.924,1,GREEN
ironing,ironing,0.91,1,GREEN
ironing,ironing,0.932,1,GREEN
ironing,ironing,0.928,1,GREEN
ironing,ironing,0.927,1,GREEN
ironing,ironing,0.926,1,GREEN
ironing,ironing,0.924,1,GREEN
ironing,ironing,0.926,1,GREEN
ironing,ironing,0.928,1,GREEN
ironing,ironing,0.925,1,GREEN
ironing,ironing,0.925,1,GREEN
ironing,ironing,0.926,1,GREEN
ironing,ironing,0.933,1,GREEN
ironing,ironing,0.931,1,GREEN
ironing,ironing,0.93,1,GREEN
ironing,ironing,0.931,1,GREEN
ironing,ironing,0.931,1,GREEN
ironing,ironing,0.931,1,GREEN
ironing,ironing,0.93,1,GREEN
ironing,ironing,0.931,1,GREEN
ironing,ironing,0.931,1,GREEN
ironing,ironing,0.93,1,GREEN
ironing,ironing,0.931,1,GREEN
ironing,ironing,0.927,1,GREEN
ironing,ironing,0.922,1,GREEN
ironing,ironing,0.903,1,GREEN
ironing,ironing,0.929,1,GREEN
ironing,ironing,0.932,1,GREEN
ironing,ironing,0.933,1,GREEN
ironing,ironing,0.923,1,GREEN
ironing,ironing,0.929,1,GREEN
ironing,ironing,0.933,1,GREEN
ironing,ironing,0.901,1,GREEN
ironing,ironing,0.872,1,GREEN
ironing,ironing,0.926,1,GREEN
ironing,ironing,0.899,1,GREEN
ironing,ironing,0.35,1,RED
ironing,ironing,0.778,1,GREEN
ironing,ironing,0.927,1,GREEN
ironing,ironing,0.915,1,GREEN
ironing,ironing,0.923,1,GREEN
ironing,ironing,0.931,1,GREEN
ironing,ironing,0.93,1,GREEN
ironing,ironing,0.93,1,GREEN
ironing,ironing,0.93,1,GREEN
ironing,ironing,0.934,1,GREEN
ironing,ironing,0.933,1,GREEN
ironing,ironing,0.933,1,GREEN
ironing,ironing,0.931,1,GREEN
ironing,ironing,0.93,1,GREEN
ironing,ironing,0.929,1,GREEN
ironing,ironing,0.928,1,GREEN
ironing,ironing,0.928,1,GREEN
ironing,ironing,0.93,1,GREEN
ironing,ironing,0.93,1,GREEN
ironing,ironing,0.933,1,GREEN
ironing,ironing,0.93,1,GREEN
ironing,ironing,0.933,1,GREEN
ironing,ironing,0.929,1,GREEN
ironing,ironing,0.935,1,GREEN
ironing,ironing,0.933,1,GREEN
ironing,ironing,0.928,1,GREEN
ironing,ironing,0.929,1,GREEN
ironing,ironing,0.927,1,GREEN
ironing,ironing,0.927,1,GREEN
ironing,ironing,0.932,1,GREEN
ironing,ironing,0.929,1,GREEN
ironing,ironing,0.928,1,GREEN
ironing,ironing,0.928,1,GREEN
ironing,ironing,0.929,1,GREEN
ironing,ironing,0.93,1,GREEN
ironing,ironing,0.932,1,GREEN
ironing,ironing,0.93,1,GREEN
ironing,ironing,0.928,1,GREEN
ironing,ironing,0.93,1,GREEN
ironing,ironing,0.93,1,GREEN
ironing,ironing,0.931,1,GREEN
ironing,ironing,0.934,1,GREEN
ironing,ironing,0.932,1,GREEN
ironing,ironing,0.933,1,GREEN
ironing,ironing,0.931,1,GREEN
ironing,ironing,0.929,1,GREEN
ironing,ironing,0.929,1,GREEN
ironing,ironing,0.929,1,GREEN
ironing,ironing,0.928,1,GREEN
ironing,ironing,0.929,1,GREEN
ironing,ironing,0.929,1,GREEN
ironing,ironing,0.927,1,GREEN
ironing,ironing,0.93,1,GREEN
ironing,ironing,0.932,1,GREEN
ironing,ironing,0.933,1,GREEN
ironing,ironing,0.931,1,GREEN
ironing,ironing,0.93,1,GREEN
ironing,ironing,0.93,1,GREEN
ironing,ironing,0.933,1,GREEN
ironing,ironing,0.932,1,GREEN
ironing,ironing,0.93,1,GREEN
ironing,ironing,0.932,1,GREEN
ironing,ironing,0.931,1,GREEN
ironing,ironing,0.934,1,GREEN
ironing,ironing,0.931,1,GREEN
ironing,ironing,0.932,1,GREEN
ironing,ironing,0.933,1,GREEN
ironing,ironing,0.931,1,GREEN
ironing,ironing,0.934,1,GREEN
ironing,ironing,0.93,1,GREEN
ironing,ironing,0.711,1,YELLOW
ironing,ironing,0.662,1,YELLOW
ironing,ironing,0.875,1,GREEN
ironing,ironing,0.926,1,GREEN
ironing,ironing,0.926,1,GREEN
ironing,ironing,0.926,1,GREEN
ironing,ironing,0.931,1,GREEN
ironing,ironing,0.931,1,GREEN
ironing,ironing,0.932,1,GREEN
ironing,ironing,0.015,1,RED
ironing,ironing,0.696,1,YELLOW
ironing,ironing,0.931,1,GREEN
ironing,ironing,0.927,1,GREEN
ironing,ironing,0.928,1,GREEN
ironing,ironing,0.927,1,GREEN
ironing,ironing,0.927,1,GREEN
ironing,ironing,0.926,1,GREEN
ironing,ironing,0.927,1,GREEN
ironing,ironing,0.928,1,GREEN
ironing,ironing,0.928,1,GREEN
ironing,ironing,0.935,1,GREEN
ironing,ironing,0.931,1,GREEN
ironing,ironing,0.931,1,GREEN
ironing,ironing,0.932,1,GREEN
ironing,ironing,0.928,1,GREEN
ironing,ironing,0.93,1,GREEN
ironing,ironing,0.928,1,GREEN
ironing,ironing,0.929,1,GREEN
ironing,ironing,0.929,1,GREEN
ironing,ironing,0.928,1,GREEN
ironing,ironing,0.93,1,GREEN
ironing,ironing,0.929,1,GREEN
ironing,ironing,0.929,1,GREEN
ironing,ironing,0.929,1,GREEN
ironing,ironing,0.929,1,GREEN
ironing,ironing,0.928,1,GREEN
ironing,ironing,0.929,1,GREEN
ironing,ironing,0.929,1,GREEN
ironing,ironing,0.929,1,GREEN
ironing,ironing,0.929,1,GREEN
ironing,ironing,0.93,1,GREEN
ironing,ironing,0.928,1,GREEN
ironing,ironing,0.929,1,GREEN
ironing,ironing,0.932,1,GREEN
ironing,ironing,0.931,1,GREEN
ironing,ironing,0.933,1,GREEN
ironing,ironing,0.927,1,GREEN
ironing,ironing,0.928,1,GREEN
ironing,ironing,0.928,1,GREEN
ironing,ironing,0.928,1,GREEN
ironing,ironing,0.929,1,GREEN
ironing,ironing,0.927,1,GREEN
ironing,ironing,0.928,1,GREEN
ironing,ironing,0.928,1,GREEN
ironing,ironing,0.93,1,GREEN
ironing,ironing,0.933,1,GREEN
ironing,ironing,0.925,1,GREEN
ironing,ironing,0.932,1,GREEN
ironing,ironing,0.902,1,GREEN
ironing,ironing,0.026,1,RED
ironing,ironing,0.16,1,RED
ironing,ironing,0.932,1,GREEN
ironing,ironing,0.932,1,GREEN
ironing,ironing,0.932,1,GREEN
ironing,ironing,0.928,1,GREEN
ironing,ironing,0.933,1,GREEN
ironing,ironing,0.933,1,GREEN
ironing,ironing,0.93,1,GREEN
ironing,ironing,0.929,1,GREEN
ironing,ironing,0.93,1,GREEN
ironing,ironing,0.931,1,GREEN
ironing,ironing,0.932,1,GREEN
ironing,ironing,0.932,1,GREEN
ironing,ironing,0.93,1,GREEN
ironing,ironing,0.93,1,GREEN
ironing,ironing,0.93,1,GREEN
ironing,ironing,0.933,1,GREEN
ironing,ironing,0.878,1,GREEN
ironing,ironing,0.902,1,GREEN
ironing,ironing,0.933,1,GREEN
ironing,ironing,0.929,1,GREEN
ironing,ironing,0.91,1,GREEN
ironing,ironing,0.93,1,GREEN
ironing,ironing,0.924,1,GREEN
ironing,ironing,0.169,1,RED
ironing,ironing,0.052,1,RED
ironing,ironing,0.015,1,RED
ironing,ironing,0.08,1,RED
ironing,ironing,0.574,1,YELLOW
ironing,ironing,0.931,1,GREEN
ironing,standing,0.852,0,GREEN
ironing,standing,0.03,0,RED
ironing,standing,0.027,0,RED
ironing,standing,0.041,0,RED
ironing,standing,0.047,0,RED
ironing,standing,0.152,0,RED
ironing,standing,0.155,0,RED
ironing,standing,0.055,0,RED
ironing,standing,0.025,0,RED
ironing,standing,0.049,0,RED
ironing,standing,0.093,0,RED
ironing,standing,0.071,0,RED
ironing,standing,0.019,0,RED
ironing,standing,0.028,0,RED
ironing,standing,0.059,0,RED
ironing,standing,0.777,0,GREEN
ironing,standing,0.592,0,YELLOW
ironing,ironing,0.831,1,GREEN
ironing,ironing,0.777,1,GREEN
ironing,ironing,0.451,1,YELLOW
ironing,ironing,0.329,1,RED
ironing,ironing,0.896,1,GREEN
ironing,ironing,0.855,1,GREEN
ironing,ironing,0.031,1,RED
ironing,ironing,0.027,1,RED
ironing,ironing,0.922,1,GREEN
ironing,ironing,0.932,1,GREEN
ironing,ironing,0.92,1,GREEN
ironing,ironing,0.883,1,GREEN
ironing,ironing,0.858,1,GREEN
ironing,ironing,0.92,1,GREEN
ironing,ironing,0.938,1,GREEN
ironing,ironing,0.901,1,GREEN
ironing,ironing,0.912,1,GREEN
ironing,ironing,0.931,1,GREEN
ironing,ironing,0.929,1,GREEN
ironing,ironing,0.928,1,GREEN
ironing,ironing,0.928,1,GREEN
ironing,ironing,0.927,1,GREEN
ironing,ironing,0.927,1,GREEN
ironing,ironing,0.927,1,GREEN
ironing,ironing,0.927,1,GREEN
ironing,ironing,0.928,1,GREEN
ironing,ironing,0.928,1,GREEN
ironing,ironing,0.928,1,GREEN
ironing,ironing,0.928,1,GREEN
ironing,ironing,0.928,1,GREEN
ironing,ironing,0.927,1,GREEN
ironing,ironing,0.928,1,GREEN
ironing,ironing,0.928,1,GREEN
ironing,ironing,0.929,1,GREEN
ironing,ironing,0.929,1,GREEN
ironing,ironing,0.929,1,GREEN
ironing,ironing,0.929,1,GREEN
ironing,ironing,0.929,1,GREEN
ironing,ironing,0.929,1,GREEN
ironing,ironing,0.929,1,GREEN
ironing,ironing,0.928,1,GREEN
ironing,ironing,0.928,1,GREEN
ironing,ironing,0.928,1,GREEN
ironing,ironing,0.928,1,GREEN
ironing,ironing,0.928,1,GREEN
ironing,ironing,0.928,1,GREEN
ironing,ironing,0.928,1,GREEN
ironing,ironing,0.928,1,GREEN
ironing,ironing,0.928,1,GREEN
ironing,ironing,0.928,1,GREEN
ironing,ironing,0.928,1,GREEN
ironing,ironing,0.928,1,GREEN
ironing,ironing,0.928,1,GREEN
ironing,ironing,0.928,1,GREEN
ironing,ironing,0.929,1,GREEN
ironing,ironing,0.929,1,GREEN
ironing,ironing,0.928,1,GREEN
ironing,ironing,0.928,1,GREEN
ironing,ironing,0.928,1,GREEN
ironing,ironing,0.929,1,GREEN
ironing,ironing,0.928,1,GREEN
ironing,ironing,0.929,1,GREEN
ironing,ironing,0.929,1,GREEN
ironing,ironing,0.93,1,GREEN
ironing,ironing,0.93,1,GREEN
ironing,ironing,0.931,1,GREEN
ironing,ironing,0.93,1,GREEN
ironing,ironing,0.929,1,GREEN
ironing,ironing,0.929,1,GREEN
ironing,ironing,0.928,1,GREEN
ironing,ironing,0.926,1,GREEN
ironing,ironing,0.931,1,GREEN
ironing,ironing,0.931,1,GREEN
ironing,ironing,0.613,1,YELLOW
ironing,ironing,0.919,1,GREEN
ironing,ironing,0.929,1,GREEN
ironing,ironing,0.896,1,GREEN
ironing,ironing,0.755,1,GREEN
ironing,ironing,0.912,1,GREEN
ironing,ironing,0.896,1,GREEN
ironing,ironing,0.608,1,YELLOW
ironing,ironing,0.895,1,GREEN
ironing,ironing,0.185,1,RED
ironing,ironing,0.906,1,GREEN
vacuuming,ironing,0.007,0,RED
vacuuming,ironing,0.007,0,RED
vacuuming,ironing,0.006,0,RED
vacuuming,vacuuming,0.007,1,RED
vacuuming,vacuuming,0.008,1,RED
vacuuming,vacuuming,0.046,1,RED
vacuuming,vacuuming,0.007,1,RED
vacuuming,vacuuming,0.015,1,RED
vacuuming,vacuuming,0.735,1,YELLOW
vacuuming,vacuuming,0.933,1,GREEN
vacuuming,vacuuming,0.934,1,GREEN
vacuuming,vacuuming,0.929,1,GREEN
vacuuming,vacuuming,0.909,1,GREEN
vacuuming,vacuuming,0.916,1,GREEN
vacuuming,vacuuming,0.927,1,GREEN
vacuuming,vacuuming,0.929,1,GREEN
vacuuming,vacuuming,0.899,1,GREEN
vacuuming,vacuuming,0.007,1,RED
vacuuming,vacuuming,0.008,1,RED
vacuuming,vacuuming,0.924,1,GREEN
vacuuming,vacuuming,0.907,1,GREEN
vacuuming,vacuuming,0.011,1,RED
vacuuming,vacuuming,0.01,1,RED
vacuuming,vacuuming,0.05,1,RED
vacuuming,vacuuming,0.031,1,RED
vacuuming,vacuuming,0.916,1,GREEN
vacuuming,vacuuming,0.933,1,GREEN
vacuuming,vacuuming,0.934,1,GREEN
vacuuming,vacuuming,0.934,1,GREEN
vacuuming,vacuuming,0.936,1,GREEN
vacuuming,vacuuming,0.936,1,GREEN
vacuuming,vacuuming,0.908,1,GREEN
vacuuming,vacuuming,0.229,1,RED
vacuuming,vacuuming,0.02,1,RED
vacuuming,vacuuming,0.473,1,YELLOW
vacuuming,vacuuming,0.902,1,GREEN
vacuuming,vacuuming,0.034,1,RED
vacuuming,vacuuming,0.608,1,YELLOW
vacuuming,vacuuming,0.036,1,RED
vacuuming,vacuuming,0.217,1,RED
vacuuming,vacuuming,0.928,1,GREEN
vacuuming,vacuuming,0.938,1,GREEN
vacuuming,vacuuming,0.938,1,GREEN
vacuuming,vacuuming,0.931,1,GREEN
vacuuming,vacuuming,0.937,1,GREEN
vacuuming,vacuuming,0.937,1,GREEN
vacuuming,vacuuming,0.643,1,YELLOW
vacuuming,vacuuming,0.072,1,RED
vacuuming,vacuuming,0.921,1,GREEN
vacuuming,vacuuming,0.936,1,GREEN
vacuuming,vacuuming,0.942,1,GREEN
vacuuming,vacuuming,0.934,1,GREEN
vacuuming,vacuuming,0.935,1,GREEN
vacuuming,vacuuming,0.941,1,GREEN
vacuuming,vacuuming,0.842,1,GREEN
vacuuming,vacuuming,0.927,1,GREEN
vacuuming,vacuuming,0.019,1,RED
vacuuming,vacuuming,0.011,1,RED
vacuuming,vacuuming,0.011,1,RED
vacuuming,vacuuming,0.151,1,RED
vacuuming,vacuuming,0.028,1,RED
vacuuming,vacuuming,0.047,1,RED
vacuuming,vacuuming,0.814,1,GREEN
vacuuming,vacuuming,0.026,1,RED
vacuuming,vacuuming,0.056,1,RED
vacuuming,vacuuming,0.02,1,RED
vacuuming,vacuuming,0.932,1,GREEN
vacuuming,vacuuming,0.934,1,GREEN
vacuuming,vacuuming,0.938,1,GREEN
vacuuming,vacuuming,0.93,1,GREEN
vacuuming,vacuuming,0.934,1,GREEN
vacuuming,vacuuming,0.937,1,GREEN
vacuuming,vacuuming,0.935,1,GREEN
vacuuming,vacuuming,0.932,1,GREEN
vacuuming,vacuuming,0.937,1,GREEN
vacuuming,vacuuming,0.938,1,GREEN
vacuuming,vacuuming,0.927,1,GREEN
vacuuming,vacuuming,0.932,1,GREEN
vacuuming,vacuuming,0.935,1,GREEN
vacuuming,vacuuming,0.934,1,GREEN
vacuuming,vacuuming,0.937,1,GREEN
vacuuming,vacuuming,0.931,1,GREEN
vacuuming,vacuuming,0.056,1,RED
vacuuming,vacuuming,0.012,1,RED
vacuuming,vacuuming,0.035,1,RED
vacuuming,vacuuming,0.583,1,YELLOW
vacuuming,vacuuming,0.015,1,RED
vacuuming,vacuuming,0.841,1,GREEN
vacuuming,vacuuming,0.934,1,GREEN
vacuuming,vacuuming,0.929,1,GREEN
vacuuming,vacuuming,0.795,1,GREEN
vacuuming,vacuuming,0.94,1,GREEN
vacuuming,vacuuming,0.933,1,GREEN
vacuuming,vacuuming,0.937,1,GREEN
vacuuming,vacuuming,0.887,1,GREEN
vacuuming,vacuuming,0.007,1,RED
vacuuming,vacuuming,0.022,1,RED
vacuuming,vacuuming,0.01,1,RED
vacuuming,vacuuming,0.654,1,YELLOW
vacuuming,vacuuming,0.859,1,GREEN
vacuuming,vacuuming,0.013,1,RED
vacuuming,vacuuming,0.398,1,RED
vacuuming,vacuuming,0.902,1,GREEN
vacuuming,vacuuming,0.814,1,GREEN
vacuuming,vacuuming,0.938,1,GREEN
vacuuming,vacuuming,0.937,1,GREEN
vacuuming,vacuuming,0.926,1,GREEN
vacuuming,vacuuming,0.806,1,GREEN
vacuuming,vacuuming,0.935,1,GREEN
vacuuming,vacuuming,0.937,1,GREEN
vacuuming,vacuuming,0.937,1,GREEN
vacuuming,vacuuming,0.935,1,GREEN
vacuuming,vacuuming,0.938,1,GREEN
vacuuming,vacuuming,0.935,1,GREEN
vacuuming,vacuuming,0.937,1,GREEN
vacuuming,vacuuming,0.934,1,GREEN
vacuuming,vacuuming,0.933,1,GREEN
vacuuming,vacuuming,0.935,1,GREEN
vacuuming,vacuuming,0.936,1,GREEN
vacuuming,vacuuming,0.939,1,GREEN
vacuuming,vacuuming,0.888,1,GREEN
vacuuming,vacuuming,0.083,1,RED
vacuuming,vacuuming,0.87,1,GREEN
vacuuming,vacuuming,0.938,1,GREEN
vacuuming,vacuuming,0.938,1,GREEN
vacuuming,vacuuming,0.924,1,GREEN
vacuuming,vacuuming,0.933,1,GREEN
vacuuming,vacuuming,0.939,1,GREEN
vacuuming,vacuuming,0.928,1,GREEN
vacuuming,vacuuming,0.668,1,YELLOW
vacuuming,vacuuming,0.775,1,GREEN
vacuuming,vacuuming,0.919,1,GREEN
vacuuming,vacuuming,0.936,1,GREEN
vacuuming,vacuuming,0.93,1,GREEN
vacuuming,vacuuming,0.932,1,GREEN
vacuuming,vacuuming,0.936,1,GREEN
vacuuming,vacuuming,0.932,1,GREEN
vacuuming,vacuuming,0.937,1,GREEN
vacuuming,vacuuming,0.929,1,GREEN
vacuuming,vacuuming,0.766,1,GREEN
vacuuming,vacuuming,0.008,1,RED
vacuuming,vacuuming,0.88,1,GREEN
vacuuming,vacuuming,0.924,1,GREEN
vacuuming,vacuuming,0.902,1,GREEN
vacuuming,vacuuming,0.925,1,GREEN
vacuuming,vacuuming,0.936,1,GREEN
vacuuming,vacuuming,0.936,1,GREEN
vacuuming,vacuuming,0.938,1,GREEN
vacuuming,vacuuming,0.88,1,GREEN
vacuuming,vacuuming,0.84,1,GREEN
vacuuming,vacuuming,0.927,1,GREEN
vacuuming,vacuuming,0.929,1,GREEN
vacuuming,vacuuming,0.935,1,GREEN
vacuuming,vacuuming,0.936,1,GREEN
vacuuming,vacuuming,0.931,1,GREEN
vacuuming,vacuuming,0.932,1,GREEN
vacuuming,vacuuming,0.929,1,GREEN
vacuuming,vacuuming,0.935,1,GREEN
vacuuming,vacuuming,0.934,1,GREEN
vacuuming,vacuuming,0.937,1,GREEN
vacuuming,vacuuming,0.922,1,GREEN
vacuuming,vacuuming,0.869,1,GREEN
vacuuming,vacuuming,0.936,1,GREEN
vacuuming,vacuuming,0.932,1,GREEN
vacuuming,vacuuming,0.937,1,GREEN
vacuuming,vacuuming,0.927,1,GREEN
vacuuming,vacuuming,0.891,1,GREEN
vacuuming,vacuuming,0.936,1,GREEN
vacuuming,vacuuming,0.789,1,GREEN
vacuuming,vacuuming,0.921,1,GREEN
vacuuming,vacuuming,0.847,1,GREEN
vacuuming,vacuuming,0.932,1,GREEN
vacuuming,vacuuming,0.939,1,GREEN
vacuuming,vacuuming,0.897,1,GREEN
vacuuming,vacuuming,0.025,1,RED
vacuuming,vacuuming,0.825,1,GREEN
vacuuming,vacuuming,0.938,1,GREEN
vacuuming,vacuuming,0.922,1,GREEN
vacuuming,vacuuming,0.884,1,GREEN
vacuuming,vacuuming,0.931,1,GREEN
vacuuming,vacuuming,0.92,1,GREEN
vacuuming,vacuuming,0.935,1,GREEN
vacuuming,vacuuming,0.926,1,GREEN
vacuuming,vacuuming,0.931,1,GREEN
vacuuming,vacuuming,0.917,1,GREEN
vacuuming,vacuuming,0.008,1,RED
vacuuming,vacuuming,0.007,1,RED
vacuuming,vacuuming,0.035,1,RED
vacuuming,vacuuming,0.007,1,RED
vacuuming,vacuuming,0.102,1,RED
vacuuming,vacuuming,0.932,1,GREEN
vacuuming,vacuuming,0.932,1,GREEN
vacuuming,vacuuming,0.934,1,GREEN
vacuuming,vacuuming,0.935,1,GREEN
vacuuming,vacuuming,0.924,1,GREEN
vacuuming,vacuuming,0.418,1,RED
vacuuming,vacuuming,0.24,1,RED
vacuuming,vacuuming,0.478,1,YELLOW
vacuuming,vacuuming,0.94,1,GREEN
vacuuming,vacuuming,0.939,1,GREEN
vacuuming,vacuuming,0.891,1,GREEN
vacuuming,vacuuming,0.539,1,YELLOW
vacuuming,vacuuming,0.787,1,GREEN
vacuuming,vacuuming,0.869,1,GREEN
vacuuming,vacuuming,0.934,1,GREEN
vacuuming,vacuuming,0.916,1,GREEN
vacuuming,vacuuming,0.012,1,RED
vacuuming,vacuuming,0.006,1,RED
vacuuming,vacuuming,0.925,1,GREEN
vacuuming,vacuuming,0.798,1,GREEN
vacuuming,vacuuming,0.018,1,RED
vacuuming,vacuuming,0.022,1,RED
vacuuming,vacuuming,0.907,1,GREEN
vacuuming,vacuuming,0.68,1,YELLOW
vacuuming,vacuuming,0.014,1,RED
vacuuming,vacuuming,0.934,1,GREEN
vacuuming,vacuuming,0.94,1,GREEN
vacuuming,vacuuming,0.94,1,GREEN
vacuuming,vacuuming,0.935,1,GREEN
vacuuming,vacuuming,0.931,1,GREEN
vacuuming,vacuuming,0.938,1,GREEN
vacuuming,vacuuming,0.934,1,GREEN
vacuuming,vacuuming,0.918,1,GREEN
vacuuming,vacuuming,0.937,1,GREEN
vacuuming,vacuuming,0.937,1,GREEN
vacuuming,vacuuming,0.938,1,GREEN
vacuuming,vacuuming,0.937,1,GREEN
vacuuming,vacuuming,0.933,1,GREEN
vacuuming,vacuuming,0.936,1,GREEN
vacuuming,vacuuming,0.934,1,GREEN
vacuuming,vacuuming,0.934,1,GREEN
vacuuming,vacuuming,0.933,1,GREEN
vacuuming,vacuuming,0.937,1,GREEN
vacuuming,vacuuming,0.936,1,GREEN
vacuuming,vacuuming,0.936,1,GREEN
vacuuming,vacuuming,0.098,1,RED
vacuuming,vacuuming,0.926,1,GREEN
vacuuming,vacuuming,0.931,1,GREEN
vacuuming,vacuuming,0.925,1,GREEN
vacuuming,vacuuming,0.939,1,GREEN
vacuuming,vacuuming,0.939,1,GREEN
vacuuming,vacuuming,0.927,1,GREEN
vacuuming,vacuuming,0.933,1,GREEN
vacuuming,vacuuming,0.935,1,GREEN
vacuuming,vacuuming,0.941,1,GREEN
vacuuming,vacuuming,0.935,1,GREEN
vacuuming,vacuuming,0.938,1,GREEN
vacuuming,vacuuming,0.346,1,RED
vacuuming,vacuuming,0.035,1,RED
vacuuming,vacuuming,0.018,1,RED
vacuuming,vacuuming,0.013,1,RED
vacuuming,vacuuming,0.905,1,GREEN
vacuuming,vacuuming,0.938,1,GREEN
vacuuming,vacuuming,0.938,1,GREEN
vacuuming,vacuuming,0.934,1,GREEN
vacuuming,vacuuming,0.933,1,GREEN
vacuuming,vacuuming,0.934,1,GREEN
vacuuming,vacuuming,0.901,1,GREEN
vacuuming,vacuuming,0.933,1,GREEN
vacuuming,vacuuming,0.932,1,GREEN
vacuuming,vacuuming,0.798,1,GREEN
vacuuming,vacuuming,0.007,1,RED
vacuuming,vacuuming,0.007,1,RED
vacuuming,vacuuming,0.371,1,RED
vacuuming,vacuuming,0.926,1,GREEN
vacuuming,vacuuming,0.933,1,GREEN
vacuuming,vacuuming,0.935,1,GREEN
vacuuming,vacuuming,0.932,1,GREEN
vacuuming,vacuuming,0.934,1,GREEN
vacuuming,vacuuming,0.935,1,GREEN
vacuuming,vacuuming,0.934,1,GREEN
vacuuming,vacuuming,0.934,1,GREEN
vacuuming,vacuuming,0.139,1,RED
vacuuming,vacuuming,0.926,1,GREEN
vacuuming,vacuuming,0.934,1,GREEN
vacuuming,vacuuming,0.936,1,GREEN
vacuuming,vacuuming,0.939,1,GREEN
vacuuming,vacuuming,0.933,1,GREEN
vacuuming,vacuuming,0.935,1,GREEN
vacuuming,vacuuming,0.937,1,GREEN
vacuuming,vacuuming,0.933,1,GREEN
vacuuming,vacuuming,0.931,1,GREEN
vacuuming,vacuuming,0.933,1,GREEN
vacuuming,vacuuming,0.088,1,RED
vacuuming,vacuuming,0.008,1,RED
vacuuming,vacuuming,0.007,1,RED
vacuuming,vacuuming,0.016,1,RED
vacuuming,vacuuming,0.936,1,GREEN
vacuuming,vacuuming,0.933,1,GREEN
vacuuming,vacuuming,0.034,1,RED
vacuuming,vacuuming,0.013,1,RED
vacuuming,vacuuming,0.079,1,RED
vacuuming,vacuuming,0.018,1,RED
vacuuming,vacuuming,0.251,1,RED
vacuuming,vacuuming,0.685,1,YELLOW
vacuuming,vacuuming,0.938,1,GREEN
vacuuming,vacuuming,0.119,1,RED
vacuuming,vacuuming,0.006,1,RED
vacuuming,vacuuming,0.006,1,RED
vacuuming,vacuuming,0.006,1,RED
vacuuming,vacuuming,0.006,1,RED
vacuuming,vacuuming,0.007,1,RED
vacuuming,vacuuming,0.011,1,RED
vacuuming,vacuuming,0.155,1,RED
vacuuming,vacuuming,0.928,1,GREEN
vacuuming,vacuuming,0.932,1,GREEN
vacuuming,vacuuming,0.932,1,GREEN
vacuuming,vacuuming,0.931,1,GREEN
vacuuming,vacuuming,0.791,1,GREEN
vacuuming,vacuuming,0.122,1,RED
vacuuming,vacuuming,0.603,1,YELLOW
vacuuming,vacuuming,0.039,1,RED
vacuuming,vacuuming,0.021,1,RED
vacuuming,vacuuming,0.127,1,RED
vacuuming,vacuuming,0.029,1,RED
vacuuming,vacuuming,0.04,1,RED
vacuuming,vacuuming,0.027,1,RED
vacuuming,vacuuming,0.013,1,RED
vacuuming,vacuuming,0.08,1,RED
vacuuming,vacuuming,0.009,1,RED
vacuuming,vacuuming,0.014,1,RED
vacuuming,vacuuming,0.013,1,RED
vacuuming,vacuuming,0.013,1,RED
vacuuming,vacuuming,0.864,1,GREEN
vacuuming,vacuuming,0.936,1,GREEN
vacuuming,vacuuming,0.933,1,GREEN
vacuuming,vacuuming,0.932,1,GREEN
vacuuming,vacuuming,0.933,1,GREEN
vacuuming,vacuuming,0.935,1,GREEN
vacuuming,vacuuming,0.934,1,GREEN
vacuuming,vacuuming,0.932,1,GREEN
vacuuming,vacuuming,0.883,1,GREEN
vacuuming,vacuuming,0.015,1,RED
vacuuming,vacuuming,0.222,1,RED
vacuuming,vacuuming,0.889,1,GREEN
vacuuming,vacuuming,0.937,1,GREEN
vacuuming,vacuuming,0.846,1,GREEN
vacuuming,vacuuming,0.619,1,YELLOW
vacuuming,vacuuming,0.929,1,GREEN
vacuuming,vacuuming,0.94,1,GREEN
vacuuming,vacuuming,0.064,1,RED
vacuuming,vacuuming,0.033,1,RED
vacuuming,vacuuming,0.26,1,RED
vacuuming,vacuuming,0.844,1,GREEN
vacuuming,vacuuming,0.152,1,RED
vacuuming,vacuuming,0.489,1,YELLOW
vacuuming,vacuuming,0.472,1,YELLOW
vacuuming,vacuuming,0.12,1,RED
vacuuming,vacuuming,0.164,1,RED
vacuuming,vacuuming,0.815,1,GREEN
vacuuming,vacuuming,0.917,1,GREEN
vacuuming,vacuuming,0.933,1,GREEN
vacuuming,vacuuming,0.934,1,GREEN
vacuuming,vacuuming,0.094,1,RED
vacuuming,vacuuming,0.527,1,YELLOW
vacuuming,vacuuming,0.434,1,RED
vacuuming,vacuuming,0.88,1,GREEN
vacuuming,vacuuming,0.931,1,GREEN
vacuuming,vacuuming,0.933,1,GREEN
vacuuming,vacuuming,0.937,1,GREEN
vacuuming,vacuuming,0.914,1,GREEN
vacuuming,vacuuming,0.933,1,GREEN
vacuuming,vacuuming,0.936,1,GREEN
vacuuming,vacuuming,0.938,1,GREEN
vacuuming,vacuuming,0.896,1,GREEN
vacuuming,vacuuming,0.934,1,GREEN
vacuuming,vacuuming,0.932,1,GREEN
vacuuming,vacuuming,0.936,1,GREEN
vacuuming,vacuuming,0.924,1,GREEN
vacuuming,vacuuming,0.933,1,GREEN
vacuuming,vacuuming,0.341,1,RED
vacuuming,vacuuming,0.509,1,YELLOW
vacuuming,vacuuming,0.929,1,GREEN
vacuuming,vacuuming,0.935,1,GREEN
vacuuming,vacuuming,0.93,1,GREEN
vacuuming,vacuuming,0.92,1,GREEN
vacuuming,vacuuming,0.937,1,GREEN
vacuuming,vacuuming,0.936,1,GREEN
vacuuming,vacuuming,0.941,1,GREEN
vacuuming,vacuuming,0.914,1,GREEN
vacuuming,vacuuming,0.936,1,GREEN
vacuuming,vacuuming,0.928,1,GREEN
vacuuming,vacuuming,0.937,1,GREEN
vacuuming,vacuuming,0.936,1,GREEN
vacuuming,vacuuming,0.936,1,GREEN
vacuuming,vacuuming,0.933,1,GREEN
vacuuming,vacuuming,0.306,1,RED
vacuuming,vacuuming,0.932,1,GREEN
vacuuming,vacuuming,0.933,1,GREEN
vacuuming,vacuuming,0.916,1,GREEN
vacuuming,vacuuming,0.928,1,GREEN
vacuuming,vacuuming,0.931,1,GREEN
vacuuming,vacuuming,0.931,1,GREEN
vacuuming,vacuuming,0.937,1,GREEN
vacuuming,vacuuming,0.919,1,GREEN
vacuuming,vacuuming,0.936,1,GREEN
vacuuming,vacuuming,0.534,1,YELLOW
vacuuming,vacuuming,0.922,1,GREEN
vacuuming,vacuuming,0.717,1,YELLOW
vacuuming,vacuuming,0.102,1,RED
vacuuming,vacuuming,0.034,1,RED
vacuuming,vacuuming,0.051,1,RED
vacuuming,vacuuming,0.048,1,RED
vacuuming,vacuuming,0.586,1,YELLOW
vacuuming,vacuuming,0.016,1,RED
vacuuming,vacuuming,0.04,1,RED
vacuuming,vacuuming,0.921,1,GREEN
vacuuming,vacuuming,0.903,1,GREEN
vacuuming,vacuuming,0.926,1,GREEN
vacuuming,vacuuming,0.928,1,GREEN
vacuuming,stairs_down,0.14,0,RED
vacuuming,stairs_down,0.023,0,RED
vacuuming,stairs_down,0.939,0,GREEN
vacuuming,stairs_down,0.803,0,GREEN
vacuuming,stairs_down,0.038,0,RED
vacuuming,stairs_down,0.008,0,RED
vacuuming,stairs_down,0.016,0,RED
vacuuming,stairs_down,0.01,0,RED
vacuuming,stairs_down,0.006,0,RED
stairs_up,stairs_down,0.044,0,RED
stairs_up,stairs_down,0.029,0,RED
stairs_up,stairs_down,0.049,0,RED
stairs_up,stairs_down,0.138,0,RED
stairs_up,stairs_down,0.078,0,RED
stairs_up,stairs_down,0.071,0,RED
stairs_up,stairs_down,0.086,0,RED
stairs_up,stairs_down,0.03,0,RED
stairs_up,stairs_up,0.011,1,RED
stairs_up,stairs_up,0.367,1,RED
stairs_up,stairs_up,0.905,1,GREEN
stairs_up,stairs_up,0.935,1,GREEN
stairs_up,stairs_up,0.928,1,GREEN
stairs_up,stairs_up,0.925,1,GREEN
stairs_up,stairs_up,0.929,1,GREEN
stairs_up,stairs_up,0.93,1,GREEN
stairs_up,stairs_up,0.925,1,GREEN
stairs_up,stairs_up,0.932,1,GREEN
stairs_up,stairs_up,0.931,1,GREEN
stairs_up,stairs_up,0.934,1,GREEN
stairs_up,stairs_up,0.929,1,GREEN
stairs_up,stairs_up,0.925,1,GREEN
stairs_up,stairs_up,0.932,1,GREEN
stairs_up,stairs_up,0.924,1,GREEN
stairs_up,stairs_up,0.924,1,GREEN
stairs_up,stairs_up,0.92,1,GREEN
stairs_up,stairs_up,0.719,1,YELLOW
stairs_up,stairs_up,0.929,1,GREEN
stairs_up,stairs_up,0.932,1,GREEN
stairs_up,stairs_up,0.925,1,GREEN
stairs_up,stairs_up,0.922,1,GREEN
stairs_up,stairs_up,0.936,1,GREEN
stairs_up,stairs_up,0.93,1,GREEN
stairs_up,stairs_up,0.93,1,GREEN
stairs_up,stairs_up,0.936,1,GREEN
stairs_up,stairs_up,0.931,1,GREEN
stairs_up,stairs_up,0.93,1,GREEN
stairs_up,stairs_up,0.933,1,GREEN
stairs_up,stairs_up,0.931,1,GREEN
stairs_up,stairs_up,0.936,1,GREEN
stairs_up,stairs_up,0.934,1,GREEN
stairs_up,stairs_up,0.933,1,GREEN
stairs_up,stairs_up,0.932,1,GREEN
stairs_up,stairs_up,0.931,1,GREEN
stairs_up,stairs_up,0.929,1,GREEN
stairs_up,stairs_up,0.935,1,GREEN
stairs_up,stairs_up,0.933,1,GREEN
stairs_up,stairs_up,0.931,1,GREEN
stairs_up,stairs_up,0.912,1,GREEN
stairs_up,stairs_up,0.935,1,GREEN
stairs_up,stairs_up,0.933,1,GREEN
stairs_up,stairs_up,0.933,1,GREEN
stairs_up,stairs_up,0.925,1,GREEN
stairs_up,stairs_up,0.932,1,GREEN
stairs_up,stairs_up,0.928,1,GREEN
stairs_up,stairs_up,0.924,1,GREEN
stairs_up,stairs_up,0.933,1,GREEN
stairs_up,stairs_up,0.923,1,GREEN
stairs_up,stairs_up,0.935,1,GREEN
stairs_up,stairs_up,0.932,1,GREEN
stairs_up,stairs_up,0.928,1,GREEN
stairs_up,stairs_up,0.93,1,GREEN
stairs_up,stairs_up,0.932,1,GREEN
stairs_up,stairs_up,0.922,1,GREEN
stairs_up,stairs_up,0.921,1,GREEN
stairs_up,stairs_up,0.932,1,GREEN
stairs_up,stairs_up,0.916,1,GREEN
stairs_up,stairs_up,0.858,1,GREEN
stairs_up,stairs_up,0.934,1,GREEN
stairs_up,stairs_up,0.932,1,GREEN
stairs_up,stairs_up,0.928,1,GREEN
stairs_up,stairs_up,0.921,1,GREEN
stairs_up,stairs_up,0.931,1,GREEN
stairs_up,stairs_up,0.936,1,GREEN
stairs_up,stairs_up,0.912,1,GREEN
stairs_up,stairs_up,0.927,1,GREEN
stairs_up,stairs_up,0.932,1,GREEN
stairs_up,stairs_up,0.923,1,GREEN
stairs_up,stairs_up,0.93,1,GREEN
stairs_up,stairs_up,0.932,1,GREEN
stairs_up,stairs_up,0.93,1,GREEN
stairs_up,stairs_up,0.93,1,GREEN
stairs_up,stairs_up,0.921,1,GREEN
stairs_up,stairs_up,0.936,1,GREEN
stairs_up,stairs_up,0.931,1,GREEN
stairs_up,stairs_up,0.927,1,GREEN
stairs_up,stairs_up,0.935,1,GREEN
stairs_up,stairs_up,0.933,1,GREEN
stairs_up,stairs_up,0.92,1,GREEN
stairs_up,stairs_up,0.931,1,GREEN
stairs_up,stairs_up,0.928,1,GREEN
stairs_up,stairs_up,0.929,1,GREEN
stairs_up,stairs_up,0.916,1,GREEN
stairs_up,stairs_up,0.928,1,GREEN
stairs_up,stairs_up,0.932,1,GREEN
stairs_up,stairs_up,0.927,1,GREEN
stairs_up,stairs_up,0.927,1,GREEN
stairs_up,stairs_up,0.933,1,GREEN
stairs_up,stairs_up,0.929,1,GREEN
stairs_up,stairs_up,0.913,1,GREEN
stairs_up,stairs_up,0.932,1,GREEN
stairs_up,stairs_up,0.931,1,GREEN
stairs_up,stairs_up,0.93,1,GREEN
stairs_up,stairs_up,0.778,1,GREEN
stairs_up,stairs_up,0.114,1,RED
stairs_up,stairs_up,0.056,1,RED
stairs_up,stairs_up,0.826,1,GREEN
stairs_up,stairs_up,0.9,1,GREEN
stairs_up,stairs_up,0.015,1,RED
stairs_up,stairs_up,0.8,1,GREEN
stairs_up,stairs_up,0.017,1,RED
stairs_up,stairs_up,0.044,1,RED
stairs_up,stairs_up,0.71,1,YELLOW
stairs_up,stairs_up,0.82,1,GREEN
stairs_up,stairs_up,0.804,1,GREEN
stairs_up,stairs_up,0.828,1,GREEN
stairs_up,stairs_up,0.871,1,GREEN
stairs_up,stairs_up,0.852,1,GREEN
stairs_up,stairs_up,0.814,1,GREEN
stairs_up,stairs_up,0.813,1,GREEN
stairs_up,stairs_up,0.818,1,GREEN
stairs_up,stairs_up,0.866,1,GREEN
stairs_up,stairs_up,0.887,1,GREEN
stairs_up,stairs_up,0.74,1,YELLOW
stairs_down,stairs_up,0.009,0,RED
stairs_down,stairs_up,0.009,0,RED
stairs_down,stairs_up,0.011,0,RED
stairs_down,stairs_up,0.011,0,RED
stairs_down,stairs_up,0.009,0,RED
stairs_down,stairs_up,0.011,0,RED
stairs_down,stairs_down,0.022,1,RED
stairs_down,stairs_down,0.018,1,RED
stairs_down,stairs_down,0.021,1,RED
stairs_down,stairs_down,0.007,1,RED
stairs_down,stairs_down,0.02,1,RED
stairs_down,stairs_down,0.214,1,RED
stairs_down,stairs_down,0.938,1,GREEN
stairs_down,stairs_down,0.942,1,GREEN
stairs_down,stairs_down,0.943,1,GREEN
stairs_down,stairs_down,0.941,1,GREEN
stairs_down,stairs_down,0.937,1,GREEN
stairs_down,stairs_down,0.941,1,GREEN
stairs_down,stairs_down,0.94,1,GREEN
stairs_down,stairs_down,0.945,1,GREEN
stairs_down,stairs_down,0.946,1,GREEN
stairs_down,stairs_down,0.946,1,GREEN
stairs_down,stairs_down,0.944,1,GREEN
stairs_down,stairs_down,0.94,1,GREEN
stairs_down,stairs_down,0.938,1,GREEN
stairs_down,stairs_down,0.942,1,GREEN
stairs_down,stairs_down,0.943,1,GREEN
stairs_down,stairs_down,0.943,1,GREEN
stairs_down,stairs_down,0.939,1,GREEN
stairs_down,stairs_down,0.945,1,GREEN
stairs_down,stairs_down,0.939,1,GREEN
stairs_down,stairs_down,0.938,1,GREEN
stairs_down,stairs_down,0.941,1,GREEN
stairs_down,stairs_down,0.941,1,GREEN
stairs_down,stairs_down,0.938,1,GREEN
stairs_down,stairs_down,0.942,1,GREEN
stairs_down,stairs_down,0.94,1,GREEN
stairs_down,stairs_down,0.943,1,GREEN
stairs_down,stairs_down,0.942,1,GREEN
stairs_down,stairs_down,0.94,1,GREEN
stairs_down,stairs_down,0.946,1,GREEN
stairs_down,stairs_down,0.945,1,GREEN
stairs_down,stairs_down,0.941,1,GREEN
stairs_down,stairs_down,0.941,1,GREEN
stairs_down,stairs_down,0.945,1,GREEN
stairs_down,stairs_down,0.939,1,GREEN
stairs_down,stairs_down,0.94,1,GREEN
stairs_down,stairs_down,0.936,1,GREEN
stairs_down,stairs_down,0.94,1,GREEN
stairs_down,stairs_down,0.943,1,GREEN
stairs_down,stairs_down,0.943,1,GREEN
stairs_down,stairs_down,0.944,1,GREEN
stairs_down,stairs_down,0.941,1,GREEN
stairs_down,stairs_down,0.94,1,GREEN
stairs_down,stairs_down,0.941,1,GREEN
stairs_down,stairs_down,0.943,1,GREEN
stairs_down,stairs_down,0.944,1,GREEN
stairs_down,stairs_down,0.942,1,GREEN
stairs_down,stairs_down,0.937,1,GREEN
stairs_down,stairs_down,0.881,1,GREEN
stairs_down,stairs_down,0.94,1,GREEN
stairs_down,stairs_down,0.942,1,GREEN
stairs_down,stairs_down,0.924,1,GREEN
stairs_down,stairs_down,0.932,1,GREEN
stairs_down,stairs_down,0.939,1,GREEN
stairs_down,stairs_down,0.943,1,GREEN
stairs_down,stairs_down,0.939,1,GREEN
stairs_down,stairs_down,0.943,1,GREEN
stairs_down,stairs_down,0.908,1,GREEN
stairs_down,stairs_down,0.942,1,GREEN
stairs_down,stairs_down,0.938,1,GREEN
stairs_down,stairs_down,0.939,1,GREEN
stairs_down,stairs_down,0.945,1,GREEN
stairs_down,stairs_down,0.939,1,GREEN
stairs_down,stairs_down,0.941,1,GREEN
stairs_down,stairs_down,0.94,1,GREEN
stairs_down,stairs_down,0.937,1,GREEN
stairs_down,stairs_down,0.938,1,GREEN
stairs_down,stairs_down,0.941,1,GREEN
stairs_down,stairs_down,0.932,1,GREEN
stairs_down,stairs_down,0.939,1,GREEN
stairs_down,stairs_down,0.941,1,GREEN
stairs_down,stairs_down,0.945,1,GREEN
stairs_down,stairs_down,0.943,1,GREEN
stairs_down,stairs_down,0.941,1,GREEN
stairs_down,stairs_down,0.946,1,GREEN
stairs_down,stairs_down,0.947,1,GREEN
stairs_down,stairs_down,0.942,1,GREEN
stairs_down,stairs_down,0.945,1,GREEN
stairs_down,stairs_down,0.947,1,GREEN
stairs_down,stairs_down,0.945,1,GREEN
stairs_down,stairs_down,0.943,1,GREEN
stairs_down,stairs_down,0.341,1,RED
stairs_down,stairs_down,0.458,1,YELLOW
stairs_down,stairs_down,0.934,1,GREEN
stairs_down,stairs_down,0.936,1,GREEN
stairs_down,stairs_down,0.939,1,GREEN
stairs_down,stairs_down,0.918,1,GREEN
stairs_down,stairs_down,0.939,1,GREEN
stairs_down,stairs_down,0.936,1,GREEN
stairs_down,stairs_down,0.943,1,GREEN
stairs_down,stairs_down,0.94,1,GREEN
stairs_down,stairs_down,0.939,1,GREEN
stairs_down,stairs_down,0.945,1,GREEN
stairs_down,stairs_down,0.944,1,GREEN
stairs_down,stairs_down,0.951,1,GREEN
stairs_down,stairs_down,0.943,1,GREEN
stairs_down,stairs_down,0.942,1,GREEN
stairs_down,stairs_down,0.946,1,GREEN
stairs_down,stairs_down,0.944,1,GREEN
stairs_down,stairs_down,0.944,1,GREEN
stairs_down,stairs_down,0.941,1,GREEN
stairs_down,stairs_down,0.867,1,GREEN
stairs_down,stairs_down,0.064,1,RED
stairs_down,stairs_down,0.014,1,RED
stairs_down,stairs_down,0.006,1,RED
stairs_down,stairs_down,0.008,1,RED
stairs_down,stairs_down,0.038,1,RED
stairs_down,stairs_down,0.59,1,YELLOW
stairs_down,stairs_down,0.937,1,GREEN
stairs_down,stairs_down,0.943,1,GREEN
stairs_down,stairs_down,0.912,1,GREEN
stairs_up,stairs_down,0.622,0,YELLOW
stairs_up,stairs_down,0.63,0,YELLOW
stairs_up,stairs_up,0.563,1,YELLOW
stairs_up,stairs_up,0.456,1,YELLOW
stairs_up,stairs_up,0.507,1,YELLOW
stairs_up,stairs_up,0.544,1,YELLOW
stairs_up,stairs_up,0.417,1,RED
stairs_up,stairs_up,0.196,1,RED
stairs_up,stairs_up,0.07,1,RED
stairs_up,stairs_up,0.037,1,RED
stairs_up,stairs_up,0.918,1,GREEN
stairs_up,stairs_up,0.934,1,GREEN
stairs_up,stairs_up,0.927,1,GREEN
stairs_up,stairs_up,0.927,1,GREEN
stairs_up,stairs_up,0.93,1,GREEN
stairs_up,stairs_up,0.93,1,GREEN
stairs_up,stairs_up,0.931,1,GREEN
stairs_up,stairs_up,0.932,1,GREEN
stairs_up,stairs_up,0.934,1,GREEN
stairs_up,stairs_up,0.932,1,GREEN
stairs_up,stairs_up,0.933,1,GREEN
stairs_up,stairs_up,0.934,1,GREEN
stairs_up,stairs_up,0.931,1,GREEN
stairs_up,stairs_up,0.928,1,GREEN
stairs_up,stairs_up,0.935,1,GREEN
stairs_up,stairs_up,0.927,1,GREEN
stairs_up,stairs_up,0.925,1,GREEN
stairs_up,stairs_up,0.932,1,GREEN
stairs_up,stairs_up,0.932,1,GREEN
stairs_up,stairs_up,0.922,1,GREEN
stairs_up,stairs_up,0.933,1,GREEN
stairs_up,stairs_up,0.934,1,GREEN
stairs_up,stairs_up,0.929,1,GREEN
stairs_up,stairs_up,0.934,1,GREEN
stairs_up,stairs_up,0.93,1,GREEN
stairs_up,stairs_up,0.926,1,GREEN
stairs_up,stairs_up,0.929,1,GREEN
stairs_up,stairs_up,0.921,1,GREEN
stairs_up,stairs_up,0.931,1,GREEN
stairs_up,stairs_up,0.939,1,GREEN
stairs_up,stairs_up,0.925,1,GREEN
stairs_up,stairs_up,0.925,1,GREEN
stairs_up,stairs_up,0.933,1,GREEN
stairs_up,stairs_up,0.93,1,GREEN
stairs_up,stairs_up,0.928,1,GREEN
stairs_up,stairs_up,0.936,1,GREEN
stairs_up,stairs_up,0.937,1,GREEN
stairs_up,stairs_up,0.931,1,GREEN
stairs_up,stairs_up,0.932,1,GREEN
stairs_up,stairs_up,0.934,1,GREEN
stairs_up,stairs_up,0.931,1,GREEN
stairs_up,stairs_up,0.925,1,GREEN
stairs_up,stairs_up,0.116,1,RED
stairs_up,stairs_up,0.847,1,GREEN
stairs_up,stairs_up,0.928,1,GREEN
stairs_up,stairs_up,0.935,1,GREEN
stairs_up,stairs_up,0.936,1,GREEN
stairs_up,stairs_up,0.923,1,GREEN
stairs_up,stairs_up,0.926,1,GREEN
stairs_up,stairs_up,0.934,1,GREEN
stairs_up,stairs_up,0.927,1,GREEN
stairs_up,stairs_up,0.926,1,GREEN
stairs_up,stairs_up,0.934,1,GREEN
stairs_up,stairs_up,0.932,1,GREEN
stairs_up,stairs_up,0.931,1,GREEN
stairs_up,stairs_up,0.934,1,GREEN
stairs_up,stairs_up,0.931,1,GREEN
stairs_up,stairs_up,0.925,1,GREEN
stairs_up,stairs_up,0.922,1,GREEN
stairs_up,stairs_up,0.933,1,GREEN
stairs_up,stairs_up,0.925,1,GREEN
stairs_up,stairs_up,0.92,1,GREEN
stairs_up,stairs_up,0.938,1,GREEN
stairs_up,stairs_up,0.925,1,GREEN
stairs_up,stairs_up,0.806,1,GREEN
stairs_up,stairs_up,0.931,1,GREEN
stairs_up,stairs_up,0.934,1,GREEN
stairs_up,stairs_up,0.921,1,GREEN
stairs_up,stairs_up,0.934,1,GREEN
stairs_up,stairs_up,0.941,1,GREEN
stairs_up,stairs_up,0.935,1,GREEN
stairs_up,stairs_up,0.917,1,GREEN
stairs_up,stairs_up,0.929,1,GREEN
stairs_up,stairs_up,0.936,1,GREEN
stairs_up,stairs_up,0.935,1,GREEN
stairs_up,stairs_up,0.934,1,GREEN
stairs_up,stairs_up,0.932,1,GREEN
stairs_up,stairs_up,0.926,1,GREEN
stairs_up,stairs_up,0.927,1,GREEN
stairs_up,stairs_up,0.934,1,GREEN
stairs_up,stairs_up,0.927,1,GREEN
stairs_up,stairs_up,0.928,1,GREEN
stairs_up,stairs_up,0.937,1,GREEN
stairs_up,stairs_up,0.93,1,GREEN
stairs_up,stairs_up,0.924,1,GREEN
stairs_up,stairs_up,0.935,1,GREEN
stairs_up,stairs_up,0.934,1,GREEN
stairs_up,stairs_up,0.926,1,GREEN
stairs_up,stairs_up,0.931,1,GREEN
stairs_up,stairs_up,0.931,1,GREEN
stairs_up,stairs_up,0.929,1,GREEN
stairs_up,stairs_up,0.935,1,GREEN
stairs_up,stairs_up,0.941,1,GREEN
stairs_up,stairs_up,0.934,1,GREEN
stairs_up,stairs_up,0.93,1,GREEN
stairs_up,stairs_up,0.941,1,GREEN
stairs_up,stairs_up,0.936,1,GREEN
stairs_up,stairs_up,0.925,1,GREEN
stairs_up,stairs_up,0.934,1,GREEN
stairs_up,stairs_up,0.931,1,GREEN
stairs_up,stairs_up,0.927,1,GREEN
stairs_up,stairs_up,0.934,1,GREEN
stairs_up,stairs_up,0.93,1,GREEN
stairs_up,stairs_up,0.927,1,GREEN
stairs_up,stairs_up,0.936,1,GREEN
stairs_up,stairs_up,0.934,1,GREEN
stairs_up,stairs_up,0.928,1,GREEN
stairs_up,stairs_up,0.933,1,GREEN
stairs_up,stairs_up,0.936,1,GREEN
stairs_up,stairs_up,0.924,1,GREEN
stairs_up,stairs_up,0.921,1,GREEN
stairs_up,stairs_up,0.919,1,GREEN
stairs_up,stairs_up,0.932,1,GREEN
stairs_up,stairs_up,0.926,1,GREEN
stairs_up,stairs_up,0.935,1,GREEN
stairs_up,stairs_up,0.933,1,GREEN
stairs_up,stairs_up,0.933,1,GREEN
stairs_up,stairs_up,0.927,1,GREEN
stairs_up,stairs_up,0.931,1,GREEN
stairs_up,stairs_up,0.93,1,GREEN
stairs_up,stairs_up,0.931,1,GREEN
stairs_up,stairs_up,0.927,1,GREEN
stairs_up,stairs_up,0.057,1,RED
stairs_up,stairs_up,0.016,1,RED
stairs_up,sitting,0.014,0,RED
stairs_up,sitting,0.01,0,RED
stairs_up,sitting,0.007,0,RED
stairs_up,sitting,0.006,0,RED
stairs_up,sitting,0.007,0,RED
stairs_up,sitting,0.007,0,RED
stairs_down,sitting,0.009,0,RED
stairs_down,sitting,0.007,0,RED
stairs_down,sitting,0.007,0,RED
stairs_down,sitting,0.01,0,RED
stairs_down,sitting,0.015,0,RED
stairs_down,sitting,0.007,0,RED
stairs_down,sitting,0.007,0,RED
stairs_down,sitting,0.007,0,RED
stairs_down,sitting,0.019,0,RED
stairs_down,sitting,0.028,0,RED
stairs_down,sitting,0.007,0,RED
stairs_down,stairs_down,0.207,1,RED
stairs_down,stairs_down,0.944,1,GREEN
stairs_down,stairs_down,0.941,1,GREEN
stairs_down,stairs_down,0.937,1,GREEN
stairs_down,stairs_down,0.934,1,GREEN
stairs_down,stairs_down,0.939,1,GREEN
stairs_down,stairs_down,0.938,1,GREEN
stairs_down,stairs_down,0.942,1,GREEN
stairs_down,stairs_down,0.945,1,GREEN
stairs_down,stairs_down,0.94,1,GREEN
stairs_down,stairs_down,0.949,1,GREEN
stairs_down,stairs_down,0.941,1,GREEN
stairs_down,stairs_down,0.94,1,GREEN
stairs_down,stairs_down,0.936,1,GREEN
stairs_down,stairs_down,0.947,1,GREEN
stairs_down,stairs_down,0.94,1,GREEN
stairs_down,stairs_down,0.939,1,GREEN
stairs_down,stairs_down,0.94,1,GREEN
stairs_down,stairs_down,0.939,1,GREEN
stairs_down,stairs_down,0.933,1,GREEN
stairs_down,stairs_down,0.939,1,GREEN
stairs_down,stairs_down,0.939,1,GREEN
stairs_down,stairs_down,0.94,1,GREEN
stairs_down,stairs_down,0.942,1,GREEN
stairs_down,stairs_down,0.939,1,GREEN
stairs_down,stairs_down,0.943,1,GREEN
stairs_down,stairs_down,0.936,1,GREEN
stairs_down,stairs_down,0.938,1,GREEN
stairs_down,stairs_down,0.941,1,GREEN
stairs_down,stairs_down,0.936,1,GREEN
stairs_down,stairs_down,0.941,1,GREEN
stairs_down,stairs_down,0.946,1,GREEN
stairs_down,stairs_down,0.939,1,GREEN
stairs_down,stairs_down,0.94,1,GREEN
stairs_down,stairs_down,0.939,1,GREEN
stairs_down,stairs_down,0.937,1,GREEN
stairs_down,stairs_down,0.942,1,GREEN
stairs_down,stairs_down,0.939,1,GREEN
stairs_down,stairs_down,0.94,1,GREEN
stairs_down,stairs_down,0.943,1,GREEN
stairs_down,stairs_down,0.944,1,GREEN
stairs_down,stairs_down,0.941,1,GREEN
stairs_down,stairs_down,0.933,1,GREEN
stairs_down,stairs_down,0.933,1,GREEN
stairs_down,stairs_down,0.939,1,GREEN
stairs_down,stairs_down,0.943,1,GREEN
stairs_down,stairs_down,0.943,1,GREEN
stairs_down,stairs_down,0.94,1,GREEN
stairs_down,stairs_down,0.943,1,GREEN
stairs_down,stairs_down,0.942,1,GREEN
stairs_down,stairs_down,0.937,1,GREEN
stairs_down,stairs_down,0.936,1,GREEN
stairs_down,stairs_down,0.942,1,GREEN
stairs_down,stairs_down,0.94,1,GREEN
stairs_down,stairs_down,0.94,1,GREEN
stairs_down,stairs_down,0.936,1,GREEN
stairs_down,stairs_down,0.938,1,GREEN
stairs_down,stairs_down,0.94,1,GREEN
stairs_down,stairs_down,0.936,1,GREEN
stairs_down,stairs_down,0.943,1,GREEN
stairs_down,stairs_down,0.943,1,GREEN
stairs_down,stairs_down,0.941,1,GREEN
stairs_down,stairs_down,0.934,1,GREEN
stairs_down,stairs_down,0.943,1,GREEN
stairs_down,stairs_down,0.937,1,GREEN
stairs_down,stairs_down,0.935,1,GREEN
stairs_down,stairs_down,0.941,1,GREEN
stairs_down,stairs_down,0.941,1,GREEN
stairs_down,stairs_down,0.943,1,GREEN
stairs_down,stairs_down,0.944,1,GREEN
stairs_down,stairs_down,0.936,1,GREEN
stairs_down,stairs_down,0.938,1,GREEN
stairs_down,stairs_down,0.939,1,GREEN
stairs_down,stairs_down,0.946,1,GREEN
stairs_down,stairs_down,0.94,1,GREEN
stairs_down,stairs_down,0.943,1,GREEN
stairs_down,stairs_down,0.941,1,GREEN
stairs_down,stairs_down,0.936,1,GREEN
stairs_down,stairs_down,0.934,1,GREEN
stairs_down,stairs_down,0.912,1,GREEN
stairs_down,stairs_down,0.938,1,GREEN
stairs_down,stairs_down,0.009,1,RED
stairs_down,stairs_down,0.01,1,RED
stairs_down,stairs_down,0.847,1,GREEN
stairs_down,stairs_down,0.938,1,GREEN
stairs_down,stairs_down,0.933,1,GREEN
stairs_down,stairs_down,0.934,1,GREEN
stairs_down,stairs_down,0.936,1,GREEN
stairs_down,stairs_down,0.936,1,GREEN
stairs_down,stairs_down,0.94,1,GREEN
walking,stairs_down,0.018,0,RED
walking,stairs_down,0.017,0,RED
walking,stairs_down,0.016,0,RED
walking,stairs_down,0.017,0,RED
walking,stairs_down,0.017,0,RED
walking,walking,0.017,1,RED
walking,walking,0.017,1,RED
walking,walking,0.017,1,RED
walking,walking,0.019,1,RED
walking,walking,0.057,1,RED
walking,walking,0.933,1,GREEN
walking,walking,0.929,1,GREEN
walking,walking,0.933,1,GREEN
walking,walking,0.931,1,GREEN
walking,walking,0.934,1,GREEN
walking,walking,0.934,1,GREEN
walking,walking,0.932,1,GREEN
walking,walking,0.931,1,GREEN
walking,walking,0.93,1,GREEN
walking,walking,0.928,1,GREEN
walking,walking,0.93,1,GREEN
walking,walking,0.932,1,GREEN
walking,walking,0.929,1,GREEN
walking,walking,0.927,1,GREEN
walking,walking,0.928,1,GREEN
walking,walking,0.931,1,GREEN
walking,walking,0.922,1,GREEN
walking,walking,0.929,1,GREEN
walking,walking,0.93,1,GREEN
walking,walking,0.933,1,GREEN
walking,walking,0.932,1,GREEN
walking,walking,0.933,1,GREEN
walking,walking,0.933,1,GREEN
walking,walking,0.931,1,GREEN
walking,walking,0.922,1,GREEN
walking,walking,0.929,1,GREEN
walking,walking,0.93,1,GREEN
walking,walking,0.926,1,GREEN
walking,walking,0.933,1,GREEN
walking,walking,0.933,1,GREEN
walking,walking,0.932,1,GREEN
walking,walking,0.93,1,GREEN
walking,walking,0.93,1,GREEN
walking,walking,0.93,1,GREEN
walking,walking,0.928,1,GREEN
walking,walking,0.93,1,GREEN
walking,walking,0.927,1,GREEN
walking,walking,0.927,1,GREEN
walking,walking,0.93,1,GREEN
walking,walking,0.935,1,GREEN
walking,walking,0.932,1,GREEN
walking,walking,0.932,1,GREEN
walking,walking,0.929,1,GREEN
walking,walking,0.929,1,GREEN
walking,walking,0.93,1,GREEN
walking,walking,0.927,1,GREEN
walking,walking,0.93,1,GREEN
walking,walking,0.931,1,GREEN
walking,walking,0.927,1,GREEN
walking,walking,0.927,1,GREEN
walking,walking,0.93,1,GREEN
walking,walking,0.931,1,GREEN
walking,walking,0.931,1,GREEN
walking,walking,0.927,1,GREEN
walking,walking,0.929,1,GREEN
walking,walking,0.929,1,GREEN
walking,walking,0.931,1,GREEN
walking,walking,0.928,1,GREEN
walking,walking,0.932,1,GREEN
walking,walking,0.931,1,GREEN
walking,walking,0.929,1,GREEN
walking,walking,0.929,1,GREEN
walking,walking,0.928,1,GREEN
walking,walking,0.931,1,GREEN
walking,walking,0.922,1,GREEN
walking,walking,0.929,1,GREEN
walking,walking,0.864,1,GREEN
walking,walking,0.939,1,GREEN
walking,walking,0.929,1,GREEN
walking,walking,0.922,1,GREEN
walking,walking,0.931,1,GREEN
walking,walking,0.931,1,GREEN
walking,walking,0.931,1,GREEN
walking,walking,0.93,1,GREEN
walking,walking,0.929,1,GREEN
walking,walking,0.929,1,GREEN
walking,walking,0.931,1,GREEN
walking,walking,0.929,1,GREEN
walking,walking,0.931,1,GREEN
walking,walking,0.928,1,GREEN
walking,walking,0.93,1,GREEN
walking,walking,0.931,1,GREEN
walking,walking,0.928,1,GREEN
walking,walking,0.928,1,GREEN
walking,walking,0.928,1,GREEN
walking,walking,0.931,1,GREEN
walking,walking,0.928,1,GREEN
walking,walking,0.928,1,GREEN
walking,walking,0.929,1,GREEN
walking,walking,0.93,1,GREEN
walking,walking,0.931,1,GREEN
walking,walking,0.928,1,GREEN
walking,walking,0.928,1,GREEN
walking,walking,0.929,1,GREEN
walking,walking,0.932,1,GREEN
walking,walking,0.927,1,GREEN
walking,walking,0.926,1,GREEN
walking,walking,0.929,1,GREEN
walking,walking,0.928,1,GREEN
walking,walking,0.931,1,GREEN
walking,walking,0.93,1,GREEN
walking,walking,0.929,1,GREEN
walking,walking,0.927,1,GREEN
walking,walking,0.927,1,GREEN
walking,walking,0.929,1,GREEN
walking,walking,0.93,1,GREEN
walking,walking,0.925,1,GREEN
walking,walking,0.93,1,GREEN
walking,walking,0.931,1,GREEN
walking,walking,0.929,1,GREEN
walking,walking,0.93,1,GREEN
walking,walking,0.925,1,GREEN
walking,walking,0.928,1,GREEN
walking,walking,0.932,1,GREEN
walking,walking,0.93,1,GREEN
walking,walking,0.926,1,GREEN
walking,walking,0.932,1,GREEN
walking,walking,0.931,1,GREEN
walking,walking,0.929,1,GREEN
walking,walking,0.93,1,GREEN
walking,walking,0.928,1,GREEN
walking,walking,0.933,1,GREEN
walking,walking,0.93,1,GREEN
walking,walking,0.931,1,GREEN
walking,walking,0.928,1,GREEN
walking,walking,0.932,1,GREEN
walking,walking,0.93,1,GREEN
walking,walking,0.929,1,GREEN
walking,walking,0.929,1,GREEN
walking,walking,0.929,1,GREEN
walking,walking,0.929,1,GREEN
walking,walking,0.928,1,GREEN
walking,walking,0.93,1,GREEN
walking,walking,0.927,1,GREEN
walking,walking,0.931,1,GREEN
walking,walking,0.931,1,GREEN
walking,walking,0.929,1,GREEN
walking,walking,0.929,1,GREEN
walking,walking,0.926,1,GREEN
walking,walking,0.929,1,GREEN
walking,walking,0.928,1,GREEN
walking,walking,0.931,1,GREEN
walking,walking,0.926,1,GREEN
walking,walking,0.931,1,GREEN
walking,walking,0.927,1,GREEN
walking,walking,0.932,1,GREEN
walking,walking,0.932,1,GREEN
walking,walking,0.931,1,GREEN
walking,walking,0.93,1,GREEN
walking,walking,0.926,1,GREEN
walking,walking,0.931,1,GREEN
walking,walking,0.926,1,GREEN
walking,walking,0.931,1,GREEN
walking,walking,0.926,1,GREEN
walking,walking,0.93,1,GREEN
walking,walking,0.932,1,GREEN
walking,walking,0.929,1,GREEN
walking,walking,0.929,1,GREEN
walking,walking,0.928,1,GREEN
walking,walking,0.93,1,GREEN
walking,walking,0.928,1,GREEN
walking,walking,0.929,1,GREEN
walking,walking,0.93,1,GREEN
walking,walking,0.93,1,GREEN
walking,walking,0.929,1,GREEN
walking,walking,0.927,1,GREEN
walking,walking,0.931,1,GREEN
walking,walking,0.93,1,GREEN
walking,walking,0.93,1,GREEN
walking,walking,0.929,1,GREEN
walking,walking,0.929,1,GREEN
walking,walking,0.931,1,GREEN
walking,walking,0.928,1,GREEN
walking,walking,0.928,1,GREEN
walking,walking,0.931,1,GREEN
walking,walking,0.931,1,GREEN
walking,walking,0.93,1,GREEN
walking,walking,0.931,1,GREEN
walking,walking,0.93,1,GREEN
walking,walking,0.928,1,GREEN
walking,walking,0.929,1,GREEN
walking,walking,0.929,1,GREEN
walking,walking,0.932,1,GREEN
walking,walking,0.928,1,GREEN
walking,walking,0.931,1,GREEN
walking,walking,0.932,1,GREEN
walking,walking,0.927,1,GREEN
walking,walking,0.928,1,GREEN
walking,walking,0.929,1,GREEN
walking,walking,0.931,1,GREEN
walking,walking,0.928,1,GREEN
walking,walking,0.933,1,GREEN
walking,walking,0.932,1,GREEN
walking,walking,0.927,1,GREEN
walking,walking,0.93,1,GREEN
walking,walking,0.928,1,GREEN
walking,walking,0.929,1,GREEN
walking,walking,0.932,1,GREEN
walking,walking,0.929,1,GREEN
walking,walking,0.929,1,GREEN
walking,walking,0.928,1,GREEN
walking,walking,0.928,1,GREEN
walking,walking,0.921,1,GREEN
walking,walking,0.932,1,GREEN
walking,walking,0.932,1,GREEN
walking,walking,0.928,1,GREEN
walking,walking,0.931,1,GREEN
walking,walking,0.736,1,YELLOW
walking,walking,0.927,1,GREEN
walking,walking,0.927,1,GREEN
walking,walking,0.887,1,GREEN
walking,walking,0.036,1,RED
walking,walking,0.151,1,RED
walking,walking,0.602,1,YELLOW
walking,walking,0.048,1,RED
walking,walking,0.921,1,GREEN
walking,walking,0.933,1,GREEN
walking,walking,0.93,1,GREEN
walking,walking,0.872,1,GREEN
walking,walking,0.007,1,RED
walking,walking,0.913,1,GREEN
walking,walking,0.935,1,GREEN
walking,walking,0.546,1,YELLOW
walking,walking,0.011,1,RED
walking,walking,0.141,1,RED
walking,walking,0.027,1,RED
walking,walking,0.469,1,YELLOW
walking,walking,0.046,1,RED
walking,walking,0.009,1,RED
walking,walking,0.026,1,RED
walking,walking,0.665,1,YELLOW
walking,walking,0.779,1,GREEN
walking,walking,0.606,1,YELLOW
walking,walking,0.931,1,GREEN
walking,walking,0.933,1,GREEN
walking,walking,0.918,1,GREEN
walking,walking,0.932,1,GREEN
walking,walking,0.933,1,GREEN
walking,walking,0.931,1,GREEN
walking,walking,0.93,1,GREEN
walking,walking,0.927,1,GREEN
walking,walking,0.861,1,GREEN
walking,walking,0.008,1,RED
walking,walking,0.137,1,RED
walking,walking,0.933,1,GREEN
walking,walking,0.931,1,GREEN
walking,walking,0.93,1,GREEN
walking,walking,0.931,1,GREEN
walking,walking,0.925,1,GREEN
walking,walking,0.036,1,RED
walking,walking,0.922,1,GREEN
walking,walking,0.931,1,GREEN
walking,walking,0.931,1,GREEN
walking,walking,0.928,1,GREEN
walking,walking,0.926,1,GREEN
walking,walking,0.057,1,RED
walking,walking,0.77,1,GREEN
walking,walking,0.159,1,RED
walking,walking,0.93,1,GREEN
walking,walking,0.93,1,GREEN
walking,walking,0.927,1,GREEN
walking,walking,0.927,1,GREEN
walking,walking,0.927,1,GREEN
walking,walking,0.927,1,GREEN
walking,walking,0.04,1,RED
walking,walking,0.183,1,RED
walking,walking,0.932,1,GREEN
walking,walking,0.933,1,GREEN
walking,walking,0.929,1,GREEN
walking,walking,0.93,1,GREEN
walking,walking,0.931,1,GREEN
walking,walking,0.927,1,GREEN
walking,walking,0.928,1,GREEN
walking,walking,0.926,1,GREEN
walking,walking,0.927,1,GREEN
walking,walking,0.928,1,GREEN
walking,walking,0.924,1,GREEN
walking,walking,0.927,1,GREEN
walking,walking,0.932,1,GREEN
walking,walking,0.935,1,GREEN
walking,walking,0.936,1,GREEN
walking,walking,0.932,1,GREEN
walking,walking,0.932,1,GREEN
walking,walking,0.928,1,GREEN
walking,walking,0.927,1,GREEN
walking,walking,0.929,1,GREEN
walking,walking,0.928,1,GREEN
walking,walking,0.927,1,GREEN
walking,walking,0.928,1,GREEN
walking,walking,0.928,1,GREEN
walking,walking,0.934,1,GREEN
walking,walking,0.931,1,GREEN
walking,walking,0.93,1,GREEN
walking,walking,0.931,1,GREEN
walking,walking,0.93,1,GREEN
walking,walking,0.926,1,GREEN
walking,walking,0.929,1,GREEN
walking,walking,0.932,1,GREEN
walking,walking,0.926,1,GREEN
walking,walking,0.924,1,GREEN
walking,walking,0.928,1,GREEN
walking,walking,0.932,1,GREEN
walking,walking,0.929,1,GREEN
walking,walking,0.929,1,GREEN
walking,walking,0.928,1,GREEN
walking,walking,0.928,1,GREEN
walking,walking,0.927,1,GREEN
walking,walking,0.928,1,GREEN
walking,walking,0.926,1,GREEN
walking,walking,0.929,1,GREEN
walking,walking,0.93,1,GREEN
walking,walking,0.929,1,GREEN
walking,walking,0.927,1,GREEN
walking,walking,0.93,1,GREEN
walking,walking,0.931,1,GREEN
walking,walking,0.93,1,GREEN
walking,walking,0.933,1,GREEN
walking,walking,0.93,1,GREEN
walking,walking,0.928,1,GREEN
walking,walking,0.93,1,GREEN
walking,walking,0.93,1,GREEN
walking,walking,0.929,1,GREEN
walking,walking,0.93,1,GREEN
walking,walking,0.93,1,GREEN
walking,walking,0.928,1,GREEN
walking,walking,0.928,1,GREEN
walking,walking,0.929,1,GREEN
walking,walking,0.927,1,GREEN
walking,walking,0.928,1,GREEN
walking,walking,0.93,1,GREEN
walking,walking,0.927,1,GREEN
walking,walking,0.929,1,GREEN
walking,walking,0.929,1,GREEN
walking,walking,0.928,1,GREEN
walking,walking,0.93,1,GREEN
walking,walking,0.931,1,GREEN
walking,walking,0.93,1,GREEN
walking,walking,0.932,1,GREEN
walking,walking,0.931,1,GREEN
walking,walking,0.929,1,GREEN
walking,walking,0.927,1,GREEN
walking,walking,0.929,1,GREEN
walking,walking,0.931,1,GREEN
walking,walking,0.01,1,RED
walking,walking,0.02,1,RED
walking,walking,0.007,1,RED
walking,walking,0.926,1,GREEN
walking,walking,0.935,1,GREEN
walking,walking,0.932,1,GREEN
walking,walking,0.928,1,GREEN
walking,walking,0.929,1,GREEN
walking,walking,0.929,1,GREEN
walking,walking,0.928,1,GREEN
walking,walking,0.929,1,GREEN
walking,walking,0.929,1,GREEN
walking,walking,0.934,1,GREEN
walking,walking,0.931,1,GREEN
walking,walking,0.931,1,GREEN
walking,walking,0.186,1,RED
walking,walking,0.933,1,GREEN
walking,walking,0.928,1,GREEN
walking,walking,0.932,1,GREEN
walking,walking,0.922,1,GREEN
walking,walking,0.926,1,GREEN
walking,walking,0.931,1,GREEN
walking,walking,0.929,1,GREEN
walking,walking,0.93,1,GREEN
walking,walking,0.928,1,GREEN
walking,walking,0.933,1,GREEN
walking,walking,0.93,1,GREEN
walking,walking,0.929,1,GREEN
walking,walking,0.927,1,GREEN
walking,walking,0.928,1,GREEN
walking,walking,0.927,1,GREEN
walking,walking,0.929,1,GREEN
walking,walking,0.93,1,GREEN
walking,walking,0.928,1,GREEN
walking,walking,0.929,1,GREEN
walking,walking,0.932,1,GREEN
walking,walking,0.931,1,GREEN
walking,walking,0.93,1,GREEN
walking,walking,0.929,1,GREEN
walking,walking,0.929,1,GREEN
walking,walking,0.93,1,GREEN
walking,walking,0.93,1,GREEN
walking,walking,0.93,1,GREEN
walking,walking,0.922,1,GREEN
walking,walking,0.925,1,GREEN
walking,walking,0.913,1,GREEN
walking,walking,0.914,1,GREEN
walking,walking,0.923,1,GREEN
walking,walking,0.929,1,GREEN
walking,walking,0.929,1,GREEN
walking,walking,0.926,1,GREEN
walking,walking,0.926,1,GREEN
walking,walking,0.929,1,GREEN
walking,walking,0.928,1,GREEN
walking,walking,0.928,1,GREEN
walking,walking,0.928,1,GREEN
walking,walking,0.925,1,GREEN
walking,walking,0.923,1,GREEN
walking,walking,0.925,1,GREEN
walking,walking,0.932,1,GREEN
walking,walking,0.929,1,GREEN
walking,walking,0.927,1,GREEN
walking,walking,0.931,1,GREEN
walking,walking,0.933,1,GREEN
walking,walking,0.931,1,GREEN
walking,walking,0.93,1,GREEN
walking,walking,0.93,1,GREEN
walking,walking,0.929,1,GREEN
walking,walking,0.927,1,GREEN
walking,walking,0.93,1,GREEN
walking,walking,0.929,1,GREEN
walking,walking,0.928,1,GREEN
walking,walking,0.931,1,GREEN
walking,walking,0.927,1,GREEN
walking,walking,0.931,1,GREEN
walking,walking,0.933,1,GREEN
walking,walking,0.93,1,GREEN
walking,walking,0.932,1,GREEN
walking,walking,0.932,1,GREEN
walking,walking,0.928,1,GREEN
walking,walking,0.928,1,GREEN
walking,walking,0.933,1,GREEN
walking,walking,0.929,1,GREEN
walking,walking,0.931,1,GREEN
walking,walking,0.931,1,GREEN
walking,walking,0.93,1,GREEN
walking,walking,0.932,1,GREEN
walking,walking,0.93,1,GREEN
walking,walking,0.931,1,GREEN
walking,walking,0.928,1,GREEN
walking,walking,0.928,1,GREEN
walking,walking,0.93,1,GREEN
walking,walking,0.931,1,GREEN
walking,walking,0.927,1,GREEN
walking,walking,0.931,1,GREEN
walking,walking,0.93,1,GREEN
walking,walking,0.93,1,GREEN
walking,walking,0.93,1,GREEN
walking,walking,0.928,1,GREEN
walking,walking,0.931,1,GREEN
walking,walking,0.927,1,GREEN
walking,walking,0.929,1,GREEN
walking,walking,0.93,1,GREEN
walking,walking,0.931,1,GREEN
walking,walking,0.925,1,GREEN
walking,walking,0.931,1,GREEN
walking,walking,0.894,1,GREEN
walking,walking,0.899,1,GREEN
walking,walking,0.929,1,GREEN
walking,walking,0.935,1,GREEN
walking,walking,0.931,1,GREEN
walking,walking,0.931,1,GREEN
walking,walking,0.931,1,GREEN
walking,walking,0.931,1,GREEN
walking,walking,0.93,1,GREEN
walking,walking,0.93,1,GREEN
walking,walking,0.931,1,GREEN
walking,walking,0.929,1,GREEN
walking,walking,0.931,1,GREEN
walking,walking,0.932,1,GREEN
walking,walking,0.932,1,GREEN
walking,walking,0.932,1,GREEN
walking,walking,0.931,1,GREEN
walking,walking,0.933,1,GREEN
walking,walking,0.931,1,GREEN
walking,walking,0.93,1,GREEN
walking,walking,0.929,1,GREEN
walking,walking,0.928,1,GREEN
walking,walking,0.738,1,YELLOW
walking,walking,0.931,1,GREEN
walking,walking,0.932,1,GREEN
walking,walking,0.933,1,GREEN
walking,walking,0.933,1,GREEN
walking,walking,0.93,1,GREEN
walking,walking,0.928,1,GREEN
walking,walking,0.928,1,GREEN
walking,walking,0.931,1,GREEN
walking,walking,0.93,1,GREEN
walking,walking,0.919,1,GREEN
walking,walking,0.927,1,GREEN
walking,walking,0.929,1,GREEN
walking,walking,0.928,1,GREEN
walking,walking,0.928,1,GREEN
walking,walking,0.93,1,GREEN
walking,walking,0.932,1,GREEN
walking,walking,0.919,1,GREEN
walking,walking,0.72,1,YELLOW
walking,walking,0.025,1,RED
walking,walking,0.797,1,GREEN
walking,walking,0.873,1,GREEN
walking,walking,0.123,1,RED
walking,walking,0.043,1,RED
walking,nordic_walk,0.058,0,RED
nordic_walk,nordic_walk,0.937,1,GREEN
nordic_walk,nordic_walk,0.934,1,GREEN
nordic_walk,nordic_walk,0.934,1,GREEN
nordic_walk,nordic_walk,0.934,1,GREEN
nordic_walk,nordic_walk,0.932,1,GREEN
nordic_walk,nordic_walk,0.921,1,GREEN
nordic_walk,nordic_walk,0.86,1,GREEN
nordic_walk,nordic_walk,0.262,1,RED
nordic_walk,nordic_walk,0.014,1,RED
nordic_walk,nordic_walk,0.081,1,RED
nordic_walk,nordic_walk,0.932,1,GREEN
nordic_walk,nordic_walk,0.936,1,GREEN
nordic_walk,nordic_walk,0.937,1,GREEN
nordic_walk,nordic_walk,0.937,1,GREEN
nordic_walk,nordic_walk,0.936,1,GREEN
nordic_walk,nordic_walk,0.938,1,GREEN
nordic_walk,nordic_walk,0.937,1,GREEN
nordic_walk,nordic_walk,0.936,1,GREEN
nordic_walk,nordic_walk,0.936,1,GREEN
nordic_walk,nordic_walk,0.935,1,GREEN
nordic_walk,nordic_walk,0.938,1,GREEN
nordic_walk,nordic_walk,0.934,1,GREEN
nordic_walk,nordic_walk,0.935,1,GREEN
nordic_walk,nordic_walk,0.936,1,GREEN
nordic_walk,nordic_walk,0.938,1,GREEN
nordic_walk,nordic_walk,0.935,1,GREEN
nordic_walk,nordic_walk,0.933,1,GREEN
nordic_walk,nordic_walk,0.938,1,GREEN
nordic_walk,nordic_walk,0.936,1,GREEN
nordic_walk,nordic_walk,0.934,1,GREEN
nordic_walk,nordic_walk,0.933,1,GREEN
nordic_walk,nordic_walk,0.932,1,GREEN
nordic_walk,nordic_walk,0.933,1,GREEN
nordic_walk,nordic_walk,0.936,1,GREEN
nordic_walk,nordic_walk,0.934,1,GREEN
nordic_walk,nordic_walk,0.939,1,GREEN
nordic_walk,nordic_walk,0.936,1,GREEN
nordic_walk,nordic_walk,0.939,1,GREEN
nordic_walk,nordic_walk,0.935,1,GREEN
nordic_walk,nordic_walk,0.938,1,GREEN
nordic_walk,nordic_walk,0.935,1,GREEN
nordic_walk,nordic_walk,0.938,1,GREEN
nordic_walk,nordic_walk,0.936,1,GREEN
nordic_walk,nordic_walk,0.938,1,GREEN
nordic_walk,nordic_walk,0.937,1,GREEN
nordic_walk,nordic_walk,0.938,1,GREEN
nordic_walk,nordic_walk,0.936,1,GREEN
nordic_walk,nordic_walk,0.938,1,GREEN
nordic_walk,nordic_walk,0.937,1,GREEN
nordic_walk,nordic_walk,0.939,1,GREEN
nordic_walk,nordic_walk,0.937,1,GREEN
nordic_walk,nordic_walk,0.939,1,GREEN
nordic_walk,nordic_walk,0.936,1,GREEN
nordic_walk,nordic_walk,0.937,1,GREEN
nordic_walk,nordic_walk,0.937,1,GREEN
nordic_walk,nordic_walk,0.938,1,GREEN
nordic_walk,nordic_walk,0.936,1,GREEN
nordic_walk,nordic_walk,0.938,1,GREEN
nordic_walk,nordic_walk,0.936,1,GREEN
nordic_walk,nordic_walk,0.938,1,GREEN
nordic_walk,nordic_walk,0.936,1,GREEN
nordic_walk,nordic_walk,0.937,1,GREEN
nordic_walk,nordic_walk,0.936,1,GREEN
nordic_walk,nordic_walk,0.937,1,GREEN
nordic_walk,nordic_walk,0.937,1,GREEN
nordic_walk,nordic_walk,0.937,1,GREEN
nordic_walk,nordic_walk,0.939,1,GREEN
nordic_walk,nordic_walk,0.937,1,GREEN
nordic_walk,nordic_walk,0.939,1,GREEN
nordic_walk,nordic_walk,0.938,1,GREEN
nordic_walk,nordic_walk,0.939,1,GREEN
nordic_walk,nordic_walk,0.937,1,GREEN
nordic_walk,nordic_walk,0.939,1,GREEN
nordic_walk,nordic_walk,0.937,1,GREEN
nordic_walk,nordic_walk,0.939,1,GREEN
nordic_walk,nordic_walk,0.939,1,GREEN
nordic_walk,nordic_walk,0.939,1,GREEN
nordic_walk,nordic_walk,0.936,1,GREEN
nordic_walk,nordic_walk,0.937,1,GREEN
nordic_walk,nordic_walk,0.937,1,GREEN
nordic_walk,nordic_walk,0.939,1,GREEN
nordic_walk,nordic_walk,0.936,1,GREEN
nordic_walk,nordic_walk,0.938,1,GREEN
nordic_walk,nordic_walk,0.937,1,GREEN
nordic_walk,nordic_walk,0.937,1,GREEN
nordic_walk,nordic_walk,0.936,1,GREEN
nordic_walk,nordic_walk,0.938,1,GREEN
nordic_walk,nordic_walk,0.935,1,GREEN
nordic_walk,nordic_walk,0.939,1,GREEN
nordic_walk,nordic_walk,0.937,1,GREEN
nordic_walk,nordic_walk,0.939,1,GREEN
nordic_walk,nordic_walk,0.937,1,GREEN
nordic_walk,nordic_walk,0.937,1,GREEN
nordic_walk,nordic_walk,0.936,1,GREEN
nordic_walk,nordic_walk,0.938,1,GREEN
nordic_walk,nordic_walk,0.933,1,GREEN
nordic_walk,nordic_walk,0.937,1,GREEN
nordic_walk,nordic_walk,0.932,1,GREEN
nordic_walk,nordic_walk,0.936,1,GREEN
nordic_walk,nordic_walk,0.933,1,GREEN
nordic_walk,nordic_walk,0.936,1,GREEN
nordic_walk,nordic_walk,0.934,1,GREEN
nordic_walk,nordic_walk,0.937,1,GREEN
nordic_walk,nordic_walk,0.932,1,GREEN
nordic_walk,nordic_walk,0.937,1,GREEN
nordic_walk,nordic_walk,0.935,1,GREEN
nordic_walk,nordic_walk,0.936,1,GREEN
nordic_walk,nordic_walk,0.936,1,GREEN
nordic_walk,nordic_walk,0.937,1,GREEN
nordic_walk,nordic_walk,0.935,1,GREEN
nordic_walk,nordic_walk,0.939,1,GREEN
nordic_walk,nordic_walk,0.934,1,GREEN
nordic_walk,nordic_walk,0.94,1,GREEN
nordic_walk,nordic_walk,0.936,1,GREEN
nordic_walk,nordic_walk,0.939,1,GREEN
nordic_walk,nordic_walk,0.936,1,GREEN
nordic_walk,nordic_walk,0.939,1,GREEN
nordic_walk,nordic_walk,0.937,1,GREEN
nordic_walk,nordic_walk,0.938,1,GREEN
nordic_walk,nordic_walk,0.938,1,GREEN
nordic_walk,nordic_walk,0.939,1,GREEN
nordic_walk,nordic_walk,0.939,1,GREEN
nordic_walk,nordic_walk,0.936,1,GREEN
nordic_walk,nordic_walk,0.937,1,GREEN
nordic_walk,nordic_walk,0.934,1,GREEN
nordic_walk,nordic_walk,0.937,1,GREEN
nordic_walk,nordic_walk,0.936,1,GREEN
nordic_walk,nordic_walk,0.938,1,GREEN
nordic_walk,nordic_walk,0.938,1,GREEN
nordic_walk,nordic_walk,0.936,1,GREEN
nordic_walk,nordic_walk,0.936,1,GREEN
nordic_walk,nordic_walk,0.939,1,GREEN
nordic_walk,nordic_walk,0.935,1,GREEN
nordic_walk,nordic_walk,0.939,1,GREEN
nordic_walk,nordic_walk,0.935,1,GREEN
nordic_walk,nordic_walk,0.938,1,GREEN
nordic_walk,nordic_walk,0.937,1,GREEN
nordic_walk,nordic_walk,0.939,1,GREEN
nordic_walk,nordic_walk,0.937,1,GREEN
nordic_walk,nordic_walk,0.936,1,GREEN
nordic_walk,nordic_walk,0.937,1,GREEN
nordic_walk,nordic_walk,0.938,1,GREEN
nordic_walk,nordic_walk,0.939,1,GREEN
nordic_walk,nordic_walk,0.938,1,GREEN
nordic_walk,nordic_walk,0.94,1,GREEN
nordic_walk,nordic_walk,0.938,1,GREEN
nordic_walk,nordic_walk,0.939,1,GREEN
nordic_walk,nordic_walk,0.939,1,GREEN
nordic_walk,nordic_walk,0.939,1,GREEN
nordic_walk,nordic_walk,0.937,1,GREEN
nordic_walk,nordic_walk,0.938,1,GREEN
nordic_walk,nordic_walk,0.934,1,GREEN
nordic_walk,nordic_walk,0.938,1,GREEN
nordic_walk,nordic_walk,0.935,1,GREEN
nordic_walk,nordic_walk,0.937,1,GREEN
nordic_walk,nordic_walk,0.934,1,GREEN
nordic_walk,nordic_walk,0.937,1,GREEN
nordic_walk,nordic_walk,0.934,1,GREEN
nordic_walk,nordic_walk,0.937,1,GREEN
nordic_walk,nordic_walk,0.932,1,GREEN
nordic_walk,nordic_walk,0.935,1,GREEN
nordic_walk,nordic_walk,0.935,1,GREEN
nordic_walk,nordic_walk,0.936,1,GREEN
nordic_walk,nordic_walk,0.935,1,GREEN
nordic_walk,nordic_walk,0.936,1,GREEN
nordic_walk,nordic_walk,0.936,1,GREEN
nordic_walk,nordic_walk,0.936,1,GREEN
nordic_walk,nordic_walk,0.936,1,GREEN
nordic_walk,nordic_walk,0.938,1,GREEN
nordic_walk,nordic_walk,0.936,1,GREEN
nordic_walk,nordic_walk,0.938,1,GREEN
nordic_walk,nordic_walk,0.936,1,GREEN
nordic_walk,nordic_walk,0.938,1,GREEN
nordic_walk,nordic_walk,0.936,1,GREEN
nordic_walk,nordic_walk,0.936,1,GREEN
nordic_walk,nordic_walk,0.937,1,GREEN
nordic_walk,nordic_walk,0.938,1,GREEN
nordic_walk,nordic_walk,0.933,1,GREEN
nordic_walk,nordic_walk,0.934,1,GREEN
nordic_walk,nordic_walk,0.936,1,GREEN
nordic_walk,nordic_walk,0.934,1,GREEN
nordic_walk,nordic_walk,0.938,1,GREEN
nordic_walk,nordic_walk,0.939,1,GREEN
nordic_walk,nordic_walk,0.936,1,GREEN
nordic_walk,nordic_walk,0.94,1,GREEN
nordic_walk,nordic_walk,0.938,1,GREEN
nordic_walk,nordic_walk,0.937,1,GREEN
nordic_walk,nordic_walk,0.935,1,GREEN
nordic_walk,nordic_walk,0.934,1,GREEN
nordic_walk,nordic_walk,0.935,1,GREEN
nordic_walk,nordic_walk,0.937,1,GREEN
nordic_walk,nordic_walk,0.935,1,GREEN
nordic_walk,nordic_walk,0.938,1,GREEN
nordic_walk,nordic_walk,0.935,1,GREEN
nordic_walk,nordic_walk,0.937,1,GREEN
nordic_walk,nordic_walk,0.936,1,GREEN
nordic_walk,nordic_walk,0.938,1,GREEN
nordic_walk,nordic_walk,0.934,1,GREEN
nordic_walk,nordic_walk,0.936,1,GREEN
nordic_walk,nordic_walk,0.933,1,GREEN
nordic_walk,nordic_walk,0.934,1,GREEN
nordic_walk,nordic_walk,0.936,1,GREEN
nordic_walk,nordic_walk,0.933,1,GREEN
nordic_walk,nordic_walk,0.933,1,GREEN
nordic_walk,nordic_walk,0.933,1,GREEN
nordic_walk,nordic_walk,0.935,1,GREEN
nordic_walk,nordic_walk,0.931,1,GREEN
nordic_walk,nordic_walk,0.935,1,GREEN
nordic_walk,nordic_walk,0.936,1,GREEN
nordic_walk,nordic_walk,0.936,1,GREEN
nordic_walk,nordic_walk,0.934,1,GREEN
nordic_walk,nordic_walk,0.935,1,GREEN
nordic_walk,nordic_walk,0.932,1,GREEN
nordic_walk,nordic_walk,0.936,1,GREEN
nordic_walk,nordic_walk,0.934,1,GREEN
nordic_walk,nordic_walk,0.936,1,GREEN
nordic_walk,nordic_walk,0.932,1,GREEN
nordic_walk,nordic_walk,0.934,1,GREEN
nordic_walk,nordic_walk,0.936,1,GREEN
nordic_walk,nordic_walk,0.937,1,GREEN
nordic_walk,nordic_walk,0.934,1,GREEN
nordic_walk,nordic_walk,0.938,1,GREEN
nordic_walk,nordic_walk,0.935,1,GREEN
nordic_walk,nordic_walk,0.937,1,GREEN
nordic_walk,nordic_walk,0.937,1,GREEN
nordic_walk,nordic_walk,0.938,1,GREEN
nordic_walk,nordic_walk,0.936,1,GREEN
nordic_walk,nordic_walk,0.937,1,GREEN
nordic_walk,nordic_walk,0.937,1,GREEN
nordic_walk,nordic_walk,0.937,1,GREEN
nordic_walk,nordic_walk,0.936,1,GREEN
nordic_walk,nordic_walk,0.937,1,GREEN
nordic_walk,nordic_walk,0.936,1,GREEN
nordic_walk,nordic_walk,0.937,1,GREEN
nordic_walk,nordic_walk,0.936,1,GREEN
nordic_walk,nordic_walk,0.937,1,GREEN
nordic_walk,nordic_walk,0.936,1,GREEN
nordic_walk,nordic_walk,0.938,1,GREEN
nordic_walk,nordic_walk,0.936,1,GREEN
nordic_walk,nordic_walk,0.936,1,GREEN
nordic_walk,nordic_walk,0.937,1,GREEN
nordic_walk,nordic_walk,0.936,1,GREEN
nordic_walk,nordic_walk,0.937,1,GREEN
nordic_walk,nordic_walk,0.937,1,GREEN
nordic_walk,nordic_walk,0.936,1,GREEN
nordic_walk,nordic_walk,0.936,1,GREEN
nordic_walk,nordic_walk,0.937,1,GREEN
nordic_walk,nordic_walk,0.936,1,GREEN
nordic_walk,nordic_walk,0.937,1,GREEN
nordic_walk,nordic_walk,0.937,1,GREEN
nordic_walk,nordic_walk,0.937,1,GREEN
nordic_walk,nordic_walk,0.935,1,GREEN
nordic_walk,nordic_walk,0.938,1,GREEN
nordic_walk,nordic_walk,0.939,1,GREEN
nordic_walk,nordic_walk,0.938,1,GREEN
nordic_walk,nordic_walk,0.939,1,GREEN
nordic_walk,nordic_walk,0.937,1,GREEN
nordic_walk,nordic_walk,0.938,1,GREEN
nordic_walk,nordic_walk,0.938,1,GREEN
nordic_walk,nordic_walk,0.939,1,GREEN
nordic_walk,nordic_walk,0.938,1,GREEN
nordic_walk,nordic_walk,0.937,1,GREEN
nordic_walk,nordic_walk,0.939,1,GREEN
nordic_walk,nordic_walk,0.937,1,GREEN
nordic_walk,nordic_walk,0.936,1,GREEN
nordic_walk,nordic_walk,0.939,1,GREEN
nordic_walk,nordic_walk,0.937,1,GREEN
nordic_walk,nordic_walk,0.938,1,GREEN
nordic_walk,nordic_walk,0.936,1,GREEN
nordic_walk,nordic_walk,0.936,1,GREEN
nordic_walk,nordic_walk,0.936,1,GREEN
nordic_walk,nordic_walk,0.938,1,GREEN
nordic_walk,nordic_walk,0.935,1,GREEN
nordic_walk,nordic_walk,0.936,1,GREEN
nordic_walk,nordic_walk,0.937,1,GREEN
nordic_walk,nordic_walk,0.933,1,GREEN
nordic_walk,nordic_walk,0.933,1,GREEN
nordic_walk,nordic_walk,0.933,1,GREEN
nordic_walk,nordic_walk,0.935,1,GREEN
nordic_walk,nordic_walk,0.936,1,GREEN
nordic_walk,nordic_walk,0.937,1,GREEN
nordic_walk,nordic_walk,0.936,1,GREEN
nordic_walk,nordic_walk,0.94,1,GREEN
nordic_walk,nordic_walk,0.935,1,GREEN
nordic_walk,nordic_walk,0.938,1,GREEN
nordic_walk,nordic_walk,0.935,1,GREEN
nordic_walk,nordic_walk,0.939,1,GREEN
nordic_walk,nordic_walk,0.938,1,GREEN
nordic_walk,nordic_walk,0.939,1,GREEN
nordic_walk,nordic_walk,0.936,1,GREEN
nordic_walk,nordic_walk,0.939,1,GREEN
nordic_walk,nordic_walk,0.937,1,GREEN
nordic_walk,nordic_walk,0.938,1,GREEN
nordic_walk,nordic_walk,0.937,1,GREEN
nordic_walk,nordic_walk,0.94,1,GREEN
nordic_walk,nordic_walk,0.936,1,GREEN
nordic_walk,nordic_walk,0.937,1,GREEN
nordic_walk,nordic_walk,0.937,1,GREEN
nordic_walk,nordic_walk,0.938,1,GREEN
nordic_walk,nordic_walk,0.935,1,GREEN
nordic_walk,nordic_walk,0.938,1,GREEN
nordic_walk,nordic_walk,0.937,1,GREEN
nordic_walk,nordic_walk,0.939,1,GREEN
nordic_walk,nordic_walk,0.936,1,GREEN
nordic_walk,nordic_walk,0.938,1,GREEN
nordic_walk,nordic_walk,0.937,1,GREEN
nordic_walk,nordic_walk,0.94,1,GREEN
nordic_walk,nordic_walk,0.937,1,GREEN
nordic_walk,nordic_walk,0.939,1,GREEN
nordic_walk,nordic_walk,0.937,1,GREEN
nordic_walk,nordic_walk,0.937,1,GREEN
nordic_walk,nordic_walk,0.937,1,GREEN
nordic_walk,nordic_walk,0.938,1,GREEN
nordic_walk,nordic_walk,0.937,1,GREEN
nordic_walk,nordic_walk,0.937,1,GREEN
nordic_walk,nordic_walk,0.939,1,GREEN
nordic_walk,nordic_walk,0.938,1,GREEN
nordic_walk,nordic_walk,0.94,1,GREEN
nordic_walk,nordic_walk,0.939,1,GREEN
nordic_walk,nordic_walk,0.939,1,GREEN
nordic_walk,nordic_walk,0.936,1,GREEN
nordic_walk,nordic_walk,0.939,1,GREEN
nordic_walk,nordic_walk,0.937,1,GREEN
nordic_walk,nordic_walk,0.937,1,GREEN
nordic_walk,nordic_walk,0.936,1,GREEN
nordic_walk,nordic_walk,0.938,1,GREEN
nordic_walk,nordic_walk,0.935,1,GREEN
nordic_walk,nordic_walk,0.937,1,GREEN
nordic_walk,nordic_walk,0.936,1,GREEN
nordic_walk,nordic_walk,0.938,1,GREEN
nordic_walk,nordic_walk,0.937,1,GREEN
nordic_walk,nordic_walk,0.939,1,GREEN
nordic_walk,nordic_walk,0.935,1,GREEN
nordic_walk,nordic_walk,0.94,1,GREEN
nordic_walk,nordic_walk,0.938,1,GREEN
nordic_walk,nordic_walk,0.938,1,GREEN
nordic_walk,nordic_walk,0.937,1,GREEN
nordic_walk,nordic_walk,0.938,1,GREEN
nordic_walk,nordic_walk,0.937,1,GREEN
nordic_walk,nordic_walk,0.939,1,GREEN
nordic_walk,nordic_walk,0.936,1,GREEN
nordic_walk,nordic_walk,0.94,1,GREEN
nordic_walk,nordic_walk,0.936,1,GREEN
nordic_walk,nordic_walk,0.94,1,GREEN
nordic_walk,nordic_walk,0.937,1,GREEN
nordic_walk,nordic_walk,0.939,1,GREEN
nordic_walk,nordic_walk,0.937,1,GREEN
nordic_walk,nordic_walk,0.937,1,GREEN
nordic_walk,nordic_walk,0.937,1,GREEN
nordic_walk,nordic_walk,0.938,1,GREEN
nordic_walk,nordic_walk,0.936,1,GREEN
nordic_walk,nordic_walk,0.938,1,GREEN
nordic_walk,nordic_walk,0.936,1,GREEN
nordic_walk,nordic_walk,0.938,1,GREEN
nordic_walk,nordic_walk,0.937,1,GREEN
nordic_walk,nordic_walk,0.938,1,GREEN
nordic_walk,nordic_walk,0.936,1,GREEN
nordic_walk,nordic_walk,0.937,1,GREEN
nordic_walk,nordic_walk,0.936,1,GREEN
nordic_walk,nordic_walk,0.937,1,GREEN
nordic_walk,nordic_walk,0.937,1,GREEN
nordic_walk,nordic_walk,0.938,1,GREEN
nordic_walk,nordic_walk,0.937,1,GREEN
nordic_walk,nordic_walk,0.936,1,GREEN
nordic_walk,nordic_walk,0.938,1,GREEN
nordic_walk,nordic_walk,0.938,1,GREEN
nordic_walk,nordic_walk,0.938,1,GREEN
nordic_walk,nordic_walk,0.939,1,GREEN
nordic_walk,nordic_walk,0.94,1,GREEN
nordic_walk,nordic_walk,0.938,1,GREEN
nordic_walk,nordic_walk,0.939,1,GREEN
nordic_walk,nordic_walk,0.939,1,GREEN
nordic_walk,nordic_walk,0.937,1,GREEN
nordic_walk,nordic_walk,0.933,1,GREEN
nordic_walk,nordic_walk,0.936,1,GREEN
nordic_walk,nordic_walk,0.936,1,GREEN
nordic_walk,nordic_walk,0.937,1,GREEN
nordic_walk,nordic_walk,0.936,1,GREEN
nordic_walk,nordic_walk,0.939,1,GREEN
nordic_walk,nordic_walk,0.934,1,GREEN
nordic_walk,nordic_walk,0.939,1,GREEN
nordic_walk,nordic_walk,0.935,1,GREEN
nordic_walk,nordic_walk,0.937,1,GREEN
nordic_walk,nordic_walk,0.936,1,GREEN
nordic_walk,nordic_walk,0.939,1,GREEN
nordic_walk,nordic_walk,0.934,1,GREEN
nordic_walk,nordic_walk,0.94,1,GREEN
nordic_walk,nordic_walk,0.935,1,GREEN
nordic_walk,nordic_walk,0.939,1,GREEN
nordic_walk,nordic_walk,0.936,1,GREEN
nordic_walk,nordic_walk,0.938,1,GREEN
nordic_walk,nordic_walk,0.932,1,GREEN
nordic_walk,nordic_walk,0.938,1,GREEN
nordic_walk,nordic_walk,0.937,1,GREEN
nordic_walk,nordic_walk,0.939,1,GREEN
nordic_walk,nordic_walk,0.935,1,GREEN
nordic_walk,nordic_walk,0.938,1,GREEN
nordic_walk,nordic_walk,0.936,1,GREEN
nordic_walk,nordic_walk,0.937,1,GREEN
nordic_walk,nordic_walk,0.935,1,GREEN
nordic_walk,nordic_walk,0.938,1,GREEN
nordic_walk,nordic_walk,0.939,1,GREEN
nordic_walk,nordic_walk,0.939,1,GREEN
nordic_walk,nordic_walk,0.937,1,GREEN
nordic_walk,nordic_walk,0.939,1,GREEN
nordic_walk,nordic_walk,0.934,1,GREEN
nordic_walk,nordic_walk,0.937,1,GREEN
nordic_walk,nordic_walk,0.937,1,GREEN
nordic_walk,nordic_walk,0.936,1,GREEN
nordic_walk,nordic_walk,0.936,1,GREEN
nordic_walk,nordic_walk,0.937,1,GREEN
nordic_walk,nordic_walk,0.935,1,GREEN
nordic_walk,nordic_walk,0.939,1,GREEN
nordic_walk,nordic_walk,0.935,1,GREEN
nordic_walk,nordic_walk,0.936,1,GREEN
nordic_walk,nordic_walk,0.935,1,GREEN
nordic_walk,nordic_walk,0.936,1,GREEN
nordic_walk,nordic_walk,0.933,1,GREEN
nordic_walk,nordic_walk,0.938,1,GREEN
nordic_walk,nordic_walk,0.936,1,GREEN
nordic_walk,nordic_walk,0.938,1,GREEN
nordic_walk,nordic_walk,0.935,1,GREEN
nordic_walk,nordic_walk,0.937,1,GREEN
nordic_walk,nordic_walk,0.936,1,GREEN
nordic_walk,nordic_walk,0.938,1,GREEN
nordic_walk,nordic_walk,0.937,1,GREEN
nordic_walk,nordic_walk,0.936,1,GREEN
nordic_walk,nordic_walk,0.936,1,GREEN
nordic_walk,nordic_walk,0.937,1,GREEN
nordic_walk,nordic_walk,0.936,1,GREEN
nordic_walk,nordic_walk,0.935,1,GREEN
nordic_walk,nordic_walk,0.935,1,GREEN
nordic_walk,nordic_walk,0.936,1,GREEN
nordic_walk,nordic_walk,0.938,1,GREEN
nordic_walk,nordic_walk,0.936,1,GREEN
nordic_walk,nordic_walk,0.937,1,GREEN
nordic_walk,nordic_walk,0.935,1,GREEN
nordic_walk,nordic_walk,0.938,1,GREEN
nordic_walk,nordic_walk,0.935,1,GREEN
nordic_walk,nordic_walk,0.938,1,GREEN
nordic_walk,nordic_walk,0.935,1,GREEN
nordic_walk,nordic_walk,0.938,1,GREEN
nordic_walk,nordic_walk,0.936,1,GREEN
nordic_walk,nordic_walk,0.938,1,GREEN
nordic_walk,nordic_walk,0.938,1,GREEN
nordic_walk,nordic_walk,0.937,1,GREEN
nordic_walk,nordic_walk,0.937,1,GREEN
nordic_walk,nordic_walk,0.939,1,GREEN
nordic_walk,nordic_walk,0.937,1,GREEN
nordic_walk,nordic_walk,0.936,1,GREEN
nordic_walk,nordic_walk,0.936,1,GREEN
nordic_walk,nordic_walk,0.939,1,GREEN
nordic_walk,nordic_walk,0.936,1,GREEN
nordic_walk,nordic_walk,0.938,1,GREEN
nordic_walk,nordic_walk,0.935,1,GREEN
nordic_walk,nordic_walk,0.936,1,GREEN
nordic_walk,nordic_walk,0.936,1,GREEN
nordic_walk,nordic_walk,0.939,1,GREEN
nordic_walk,nordic_walk,0.936,1,GREEN
nordic_walk,nordic_walk,0.938,1,GREEN
nordic_walk,nordic_walk,0.938,1,GREEN
nordic_walk,nordic_walk,0.936,1,GREEN
nordic_walk,nordic_walk,0.937,1,GREEN
nordic_walk,nordic_walk,0.935,1,GREEN
nordic_walk,nordic_walk,0.935,1,GREEN
nordic_walk,nordic_walk,0.937,1,GREEN
nordic_walk,nordic_walk,0.938,1,GREEN
nordic_walk,nordic_walk,0.937,1,GREEN
nordic_walk,nordic_walk,0.927,1,GREEN
nordic_walk,nordic_walk,0.937,1,GREEN
nordic_walk,nordic_walk,0.936,1,GREEN
nordic_walk,nordic_walk,0.938,1,GREEN
nordic_walk,nordic_walk,0.938,1,GREEN
nordic_walk,nordic_walk,0.937,1,GREEN
nordic_walk,nordic_walk,0.937,1,GREEN
nordic_walk,nordic_walk,0.938,1,GREEN
nordic_walk,nordic_walk,0.937,1,GREEN
nordic_walk,nordic_walk,0.936,1,GREEN
nordic_walk,nordic_walk,0.937,1,GREEN
nordic_walk,nordic_walk,0.936,1,GREEN
nordic_walk,nordic_walk,0.938,1,GREEN
nordic_walk,nordic_walk,0.935,1,GREEN
nordic_walk,nordic_walk,0.937,1,GREEN
nordic_walk,nordic_walk,0.937,1,GREEN
nordic_walk,nordic_walk,0.938,1,GREEN
nordic_walk,nordic_walk,0.937,1,GREEN
nordic_walk,nordic_walk,0.937,1,GREEN
nordic_walk,nordic_walk,0.938,1,GREEN
nordic_walk,nordic_walk,0.938,1,GREEN
nordic_walk,nordic_walk,0.936,1,GREEN
nordic_walk,nordic_walk,0.936,1,GREEN
nordic_walk,nordic_walk,0.936,1,GREEN
nordic_walk,nordic_walk,0.937,1,GREEN
nordic_walk,nordic_walk,0.935,1,GREEN
nordic_walk,nordic_walk,0.936,1,GREEN
nordic_walk,nordic_walk,0.937,1,GREEN
nordic_walk,nordic_walk,0.936,1,GREEN
nordic_walk,nordic_walk,0.936,1,GREEN
nordic_walk,nordic_walk,0.936,1,GREEN
nordic_walk,nordic_walk,0.935,1,GREEN
nordic_walk,nordic_walk,0.937,1,GREEN
nordic_walk,nordic_walk,0.937,1,GREEN
nordic_walk,nordic_walk,0.937,1,GREEN
nordic_walk,nordic_walk,0.936,1,GREEN
nordic_walk,nordic_walk,0.937,1,GREEN
nordic_walk,nordic_walk,0.936,1,GREEN
nordic_walk,nordic_walk,0.937,1,GREEN
nordic_walk,nordic_walk,0.938,1,GREEN
nordic_walk,nordic_walk,0.936,1,GREEN
nordic_walk,nordic_walk,0.938,1,GREEN
nordic_walk,nordic_walk,0.937,1,GREEN
nordic_walk,nordic_walk,0.937,1,GREEN
nordic_walk,nordic_walk,0.936,1,GREEN
nordic_walk,nordic_walk,0.938,1,GREEN
nordic_walk,nordic_walk,0.937,1,GREEN
nordic_walk,nordic_walk,0.938,1,GREEN
nordic_walk,nordic_walk,0.937,1,GREEN
nordic_walk,nordic_walk,0.937,1,GREEN
nordic_walk,nordic_walk,0.934,1,GREEN
nordic_walk,nordic_walk,0.93,1,GREEN
nordic_walk,nordic_walk,0.936,1,GREEN
nordic_walk,nordic_walk,0.936,1,GREEN
nordic_walk,nordic_walk,0.934,1,GREEN
nordic_walk,nordic_walk,0.936,1,GREEN
nordic_walk,nordic_walk,0.936,1,GREEN
nordic_walk,nordic_walk,0.932,1,GREEN
nordic_walk,nordic_walk,0.934,1,GREEN
nordic_walk,nordic_walk,0.936,1,GREEN
nordic_walk,nordic_walk,0.936,1,GREEN
cycling,cycling,0.937,1,GREEN
cycling,cycling,0.937,1,GREEN
cycling,cycling,0.937,1,GREEN
cycling,cycling,0.937,1,GREEN
cycling,cycling,0.937,1,GREEN
cycling,cycling,0.937,1,GREEN
cycling,cycling,0.937,1,GREEN
cycling,cycling,0.937,1,GREEN
cycling,cycling,0.937,1,GREEN
cycling,cycling,0.936,1,GREEN
cycling,cycling,0.937,1,GREEN
cycling,cycling,0.94,1,GREEN
cycling,cycling,0.943,1,GREEN
cycling,cycling,0.939,1,GREEN
cycling,cycling,0.938,1,GREEN
cycling,cycling,0.94,1,GREEN
cycling,cycling,0.935,1,GREEN
cycling,cycling,0.938,1,GREEN
cycling,cycling,0.935,1,GREEN
cycling,cycling,0.936,1,GREEN
cycling,cycling,0.935,1,GREEN
cycling,cycling,0.935,1,GREEN
cycling,cycling,0.933,1,GREEN
cycling,cycling,0.938,1,GREEN
cycling,cycling,0.933,1,GREEN
cycling,cycling,0.94,1,GREEN
cycling,cycling,0.937,1,GREEN
cycling,cycling,0.934,1,GREEN
cycling,cycling,0.94,1,GREEN
cycling,cycling,0.937,1,GREEN
cycling,cycling,0.941,1,GREEN
cycling,cycling,0.938,1,GREEN
cycling,cycling,0.936,1,GREEN
cycling,cycling,0.938,1,GREEN
cycling,cycling,0.935,1,GREEN
cycling,cycling,0.94,1,GREEN
cycling,cycling,0.936,1,GREEN
cycling,cycling,0.942,1,GREEN
cycling,cycling,0.936,1,GREEN
cycling,cycling,0.939,1,GREEN
cycling,cycling,0.936,1,GREEN
cycling,cycling,0.938,1,GREEN
cycling,cycling,0.937,1,GREEN
cycling,cycling,0.936,1,GREEN
cycling,cycling,0.937,1,GREEN
cycling,cycling,0.937,1,GREEN
cycling,cycling,0.937,1,GREEN
cycling,cycling,0.935,1,GREEN
cycling,cycling,0.94,1,GREEN
cycling,cycling,0.939,1,GREEN
cycling,cycling,0.939,1,GREEN
cycling,cycling,0.936,1,GREEN
cycling,cycling,0.937,1,GREEN
cycling,cycling,0.936,1,GREEN
cycling,cycling,0.935,1,GREEN
cycling,cycling,0.936,1,GREEN
cycling,cycling,0.938,1,GREEN
cycling,cycling,0.935,1,GREEN
cycling,cycling,0.936,1,GREEN
cycling,cycling,0.934,1,GREEN
cycling,cycling,0.933,1,GREEN
cycling,cycling,0.935,1,GREEN
cycling,cycling,0.935,1,GREEN
cycling,cycling,0.936,1,GREEN
cycling,cycling,0.935,1,GREEN
cycling,cycling,0.938,1,GREEN
cycling,cycling,0.934,1,GREEN
cycling,cycling,0.94,1,GREEN
cycling,cycling,0.936,1,GREEN
cycling,cycling,0.939,1,GREEN
cycling,cycling,0.936,1,GREEN
cycling,cycling,0.936,1,GREEN
cycling,cycling,0.936,1,GREEN
cycling,cycling,0.937,1,GREEN
cycling,cycling,0.938,1,GREEN
cycling,cycling,0.937,1,GREEN
cycling,cycling,0.938,1,GREEN
cycling,cycling,0.935,1,GREEN
cycling,cycling,0.938,1,GREEN
cycling,cycling,0.935,1,GREEN
cycling,cycling,0.937,1,GREEN
cycling,cycling,0.934,1,GREEN
cycling,cycling,0.934,1,GREEN
cycling,cycling,0.938,1,GREEN
cycling,cycling,0.934,1,GREEN
cycling,cycling,0.936,1,GREEN
cycling,cycling,0.936,1,GREEN
cycling,cycling,0.936,1,GREEN
cycling,cycling,0.938,1,GREEN
cycling,cycling,0.934,1,GREEN
cycling,cycling,0.934,1,GREEN
cycling,cycling,0.933,1,GREEN
cycling,cycling,0.938,1,GREEN
cycling,cycling,0.934,1,GREEN
cycling,cycling,0.934,1,GREEN
cycling,cycling,0.935,1,GREEN
cycling,cycling,0.934,1,GREEN
cycling,cycling,0.939,1,GREEN
cycling,cycling,0.938,1,GREEN
cycling,cycling,0.935,1,GREEN
cycling,cycling,0.937,1,GREEN
cycling,cycling,0.939,1,GREEN
cycling,cycling,0.937,1,GREEN
cycling,cycling,0.94,1,GREEN
cycling,cycling,0.94,1,GREEN
cycling,cycling,0.943,1,GREEN
cycling,cycling,0.942,1,GREEN
cycling,cycling,0.936,1,GREEN
cycling,cycling,0.942,1,GREEN
cycling,cycling,0.94,1,GREEN
cycling,cycling,0.942,1,GREEN
cycling,cycling,0.939,1,GREEN
cycling,cycling,0.943,1,GREEN
cycling,cycling,0.938,1,GREEN
cycling,cycling,0.939,1,GREEN
cycling,cycling,0.941,1,GREEN
cycling,cycling,0.94,1,GREEN
cycling,cycling,0.938,1,GREEN
cycling,cycling,0.936,1,GREEN
cycling,cycling,0.937,1,GREEN
cycling,cycling,0.937,1,GREEN
cycling,cycling,0.939,1,GREEN
cycling,cycling,0.935,1,GREEN
cycling,cycling,0.938,1,GREEN
cycling,cycling,0.937,1,GREEN
cycling,cycling,0.939,1,GREEN
cycling,cycling,0.937,1,GREEN
cycling,cycling,0.936,1,GREEN
cycling,cycling,0.937,1,GREEN
cycling,cycling,0.936,1,GREEN
cycling,cycling,0.936,1,GREEN
cycling,cycling,0.937,1,GREEN
cycling,cycling,0.933,1,GREEN
cycling,cycling,0.937,1,GREEN
cycling,cycling,0.934,1,GREEN
cycling,cycling,0.937,1,GREEN
cycling,cycling,0.934,1,GREEN
cycling,cycling,0.935,1,GREEN
cycling,cycling,0.936,1,GREEN
cycling,cycling,0.939,1,GREEN
cycling,cycling,0.938,1,GREEN
cycling,cycling,0.941,1,GREEN
cycling,cycling,0.936,1,GREEN
cycling,cycling,0.931,1,GREEN
cycling,cycling,0.936,1,GREEN
cycling,cycling,0.897,1,GREEN
cycling,cycling,0.941,1,GREEN
cycling,cycling,0.937,1,GREEN
cycling,cycling,0.938,1,GREEN
cycling,cycling,0.934,1,GREEN
cycling,cycling,0.937,1,GREEN
cycling,cycling,0.934,1,GREEN
cycling,cycling,0.934,1,GREEN
cycling,cycling,0.935,1,GREEN
cycling,cycling,0.934,1,GREEN
cycling,cycling,0.934,1,GREEN
cycling,cycling,0.935,1,GREEN
cycling,cycling,0.935,1,GREEN
cycling,cycling,0.935,1,GREEN
cycling,cycling,0.936,1,GREEN
cycling,cycling,0.936,1,GREEN
cycling,cycling,0.937,1,GREEN
cycling,cycling,0.934,1,GREEN
cycling,cycling,0.935,1,GREEN
cycling,cycling,0.933,1,GREEN
cycling,cycling,0.933,1,GREEN
cycling,cycling,0.935,1,GREEN
cycling,cycling,0.938,1,GREEN
cycling,cycling,0.934,1,GREEN
cycling,cycling,0.935,1,GREEN
cycling,cycling,0.936,1,GREEN
cycling,cycling,0.939,1,GREEN
cycling,cycling,0.937,1,GREEN
cycling,cycling,0.939,1,GREEN
cycling,cycling,0.94,1,GREEN
cycling,cycling,0.941,1,GREEN
cycling,cycling,0.938,1,GREEN
cycling,cycling,0.937,1,GREEN
cycling,cycling,0.938,1,GREEN
cycling,cycling,0.937,1,GREEN
cycling,cycling,0.938,1,GREEN
cycling,cycling,0.939,1,GREEN
cycling,cycling,0.936,1,GREEN
cycling,cycling,0.942,1,GREEN
cycling,cycling,0.939,1,GREEN
cycling,cycling,0.939,1,GREEN
cycling,cycling,0.938,1,GREEN
cycling,cycling,0.94,1,GREEN
cycling,cycling,0.937,1,GREEN
cycling,cycling,0.938,1,GREEN
cycling,cycling,0.942,1,GREEN
cycling,cycling,0.939,1,GREEN
cycling,cycling,0.94,1,GREEN
cycling,cycling,0.936,1,GREEN
cycling,cycling,0.94,1,GREEN
cycling,cycling,0.938,1,GREEN
cycling,cycling,0.937,1,GREEN
cycling,cycling,0.94,1,GREEN
cycling,cycling,0.936,1,GREEN
cycling,cycling,0.938,1,GREEN
cycling,cycling,0.938,1,GREEN
cycling,cycling,0.94,1,GREEN
cycling,cycling,0.935,1,GREEN
cycling,cycling,0.936,1,GREEN
cycling,cycling,0.936,1,GREEN
cycling,cycling,0.936,1,GREEN
cycling,cycling,0.938,1,GREEN
cycling,cycling,0.936,1,GREEN
cycling,cycling,0.936,1,GREEN
cycling,cycling,0.935,1,GREEN
cycling,cycling,0.934,1,GREEN
cycling,cycling,0.937,1,GREEN
cycling,cycling,0.936,1,GREEN
cycling,cycling,0.94,1,GREEN
cycling,cycling,0.938,1,GREEN
cycling,cycling,0.938,1,GREEN
cycling,cycling,0.941,1,GREEN
cycling,cycling,0.013,1,RED
cycling,cycling,0.015,1,RED
cycling,cycling,0.941,1,GREEN
cycling,cycling,0.939,1,GREEN
cycling,cycling,0.936,1,GREEN
cycling,cycling,0.939,1,GREEN
cycling,cycling,0.939,1,GREEN
cycling,cycling,0.937,1,GREEN
cycling,cycling,0.936,1,GREEN
cycling,cycling,0.936,1,GREEN
cycling,cycling,0.937,1,GREEN
cycling,cycling,0.935,1,GREEN
cycling,cycling,0.936,1,GREEN
cycling,cycling,0.934,1,GREEN
cycling,cycling,0.936,1,GREEN
cycling,cycling,0.935,1,GREEN
cycling,cycling,0.937,1,GREEN
cycling,cycling,0.937,1,GREEN
cycling,cycling,0.936,1,GREEN
cycling,cycling,0.937,1,GREEN
cycling,cycling,0.934,1,GREEN
cycling,cycling,0.935,1,GREEN
cycling,cycling,0.932,1,GREEN
cycling,cycling,0.935,1,GREEN
cycling,cycling,0.938,1,GREEN
cycling,cycling,0.935,1,GREEN
cycling,cycling,0.935,1,GREEN
cycling,cycling,0.934,1,GREEN
cycling,cycling,0.934,1,GREEN
cycling,cycling,0.934,1,GREEN
cycling,cycling,0.935,1,GREEN
cycling,cycling,0.937,1,GREEN
cycling,cycling,0.94,1,GREEN
cycling,cycling,0.943,1,GREEN
cycling,cycling,0.939,1,GREEN
cycling,cycling,0.939,1,GREEN
cycling,cycling,0.937,1,GREEN
cycling,cycling,0.938,1,GREEN
cycling,cycling,0.941,1,GREEN
cycling,cycling,0.938,1,GREEN
cycling,cycling,0.944,1,GREEN
cycling,cycling,0.939,1,GREEN
cycling,cycling,0.944,1,GREEN
cycling,cycling,0.942,1,GREEN
cycling,cycling,0.938,1,GREEN
cycling,cycling,0.938,1,GREEN
cycling,cycling,0.939,1,GREEN
cycling,cycling,0.942,1,GREEN
cycling,cycling,0.938,1,GREEN
cycling,cycling,0.942,1,GREEN
cycling,cycling,0.937,1,GREEN
cycling,cycling,0.943,1,GREEN
cycling,cycling,0.94,1,GREEN
cycling,cycling,0.936,1,GREEN
cycling,cycling,0.937,1,GREEN
cycling,cycling,0.937,1,GREEN
cycling,cycling,0.936,1,GREEN
cycling,cycling,0.939,1,GREEN
cycling,cycling,0.937,1,GREEN
cycling,cycling,0.936,1,GREEN
cycling,cycling,0.937,1,GREEN
cycling,cycling,0.936,1,GREEN
cycling,cycling,0.937,1,GREEN
cycling,cycling,0.938,1,GREEN
cycling,cycling,0.935,1,GREEN
cycling,cycling,0.938,1,GREEN
cycling,cycling,0.935,1,GREEN
cycling,cycling,0.934,1,GREEN
cycling,cycling,0.937,1,GREEN
cycling,cycling,0.936,1,GREEN
cycling,cycling,0.936,1,GREEN
cycling,cycling,0.939,1,GREEN
cycling,cycling,0.939,1,GREEN
cycling,cycling,0.936,1,GREEN
cycling,cycling,0.939,1,GREEN
cycling,cycling,0.938,1,GREEN
cycling,cycling,0.94,1,GREEN
cycling,cycling,0.936,1,GREEN
cycling,cycling,0.937,1,GREEN
cycling,cycling,0.937,1,GREEN
cycling,cycling,0.942,1,GREEN
cycling,cycling,0.936,1,GREEN
cycling,cycling,0.938,1,GREEN
cycling,cycling,0.937,1,GREEN
cycling,cycling,0.938,1,GREEN
cycling,cycling,0.939,1,GREEN
cycling,cycling,0.936,1,GREEN
cycling,cycling,0.937,1,GREEN
cycling,cycling,0.935,1,GREEN
cycling,cycling,0.936,1,GREEN
cycling,cycling,0.939,1,GREEN
cycling,cycling,0.937,1,GREEN
cycling,cycling,0.936,1,GREEN
cycling,cycling,0.936,1,GREEN
cycling,cycling,0.937,1,GREEN
cycling,cycling,0.934,1,GREEN
cycling,cycling,0.934,1,GREEN
cycling,cycling,0.934,1,GREEN
cycling,cycling,0.935,1,GREEN
cycling,cycling,0.935,1,GREEN
cycling,cycling,0.937,1,GREEN
cycling,cycling,0.934,1,GREEN
cycling,cycling,0.935,1,GREEN
cycling,cycling,0.936,1,GREEN
cycling,cycling,0.942,1,GREEN
cycling,cycling,0.938,1,GREEN
cycling,cycling,0.939,1,GREEN
cycling,cycling,0.94,1,GREEN
cycling,cycling,0.934,1,GREEN
cycling,cycling,0.94,1,GREEN
cycling,cycling,0.941,1,GREEN
cycling,cycling,0.947,1,GREEN
cycling,cycling,0.941,1,GREEN
cycling,cycling,0.942,1,GREEN
cycling,cycling,0.94,1,GREEN
cycling,cycling,0.94,1,GREEN
cycling,cycling,0.943,1,GREEN
cycling,cycling,0.94,1,GREEN
cycling,cycling,0.944,1,GREEN
cycling,cycling,0.937,1,GREEN
cycling,cycling,0.94,1,GREEN
cycling,cycling,0.939,1,GREEN
cycling,cycling,0.941,1,GREEN
cycling,cycling,0.942,1,GREEN
cycling,cycling,0.94,1,GREEN
cycling,cycling,0.94,1,GREEN
cycling,cycling,0.939,1,GREEN
cycling,cycling,0.94,1,GREEN
cycling,cycling,0.936,1,GREEN
cycling,cycling,0.939,1,GREEN
cycling,cycling,0.937,1,GREEN
cycling,cycling,0.939,1,GREEN
cycling,cycling,0.938,1,GREEN
cycling,cycling,0.937,1,GREEN
cycling,cycling,0.936,1,GREEN
cycling,cycling,0.937,1,GREEN
cycling,cycling,0.936,1,GREEN
cycling,cycling,0.937,1,GREEN
cycling,cycling,0.934,1,GREEN
cycling,cycling,0.937,1,GREEN
cycling,cycling,0.935,1,GREEN
cycling,cycling,0.934,1,GREEN
cycling,cycling,0.936,1,GREEN
cycling,cycling,0.937,1,GREEN
cycling,cycling,0.939,1,GREEN
cycling,cycling,0.941,1,GREEN
cycling,cycling,0.939,1,GREEN
cycling,cycling,0.847,1,GREEN
cycling,cycling,0.078,1,RED
cycling,cycling,0.011,1,RED
cycling,cycling,0.932,1,GREEN
cycling,cycling,0.942,1,GREEN
cycling,cycling,0.937,1,GREEN
cycling,cycling,0.938,1,GREEN
cycling,cycling,0.938,1,GREEN
cycling,cycling,0.938,1,GREEN
cycling,cycling,0.935,1,GREEN
cycling,cycling,0.935,1,GREEN
cycling,cycling,0.935,1,GREEN
cycling,cycling,0.935,1,GREEN
cycling,cycling,0.935,1,GREEN
cycling,cycling,0.934,1,GREEN
cycling,cycling,0.935,1,GREEN
cycling,cycling,0.935,1,GREEN
cycling,cycling,0.935,1,GREEN
cycling,cycling,0.936,1,GREEN
cycling,cycling,0.935,1,GREEN
cycling,cycling,0.935,1,GREEN
cycling,cycling,0.935,1,GREEN
cycling,cycling,0.935,1,GREEN
cycling,cycling,0.935,1,GREEN
cycling,cycling,0.935,1,GREEN
cycling,cycling,0.935,1,GREEN
cycling,cycling,0.937,1,GREEN
cycling,cycling,0.939,1,GREEN
cycling,cycling,0.936,1,GREEN
cycling,cycling,0.937,1,GREEN
cycling,cycling,0.882,1,GREEN
cycling,cycling,0.028,1,RED
cycling,cycling,0.04,1,RED
cycling,cycling,0.074,1,RED
cycling,cycling,0.022,1,RED
cycling,cycling,0.026,1,RED
cycling,cycling,0.007,1,RED
cycling,cycling,0.007,1,RED
cycling,stairs_up,0.014,0,RED
cycling,stairs_up,0.014,0,RED
cycling,stairs_up,0.016,0,RED
cycling,stairs_up,0.026,0,RED
cycling,stairs_up,0.015,0,RED
running,stairs_up,0.012,0,RED
running,stairs_up,0.012,0,RED
running,stairs_up,0.012,0,RED
running,stairs_up,0.012,0,RED
running,stairs_up,0.012,0,RED
running,stairs_up,0.011,0,RED
running,stairs_up,0.009,0,RED
running,stairs_up,0.009,0,RED
running,stairs_up,0.01,0,RED
running,stairs_up,0.011,0,RED
running,running,0.01,1,RED
running,running,0.01,1,RED
running,running,0.011,1,RED
running,running,0.007,1,RED
running,running,0.064,1,RED
running,running,0.943,1,GREEN
running,running,0.942,1,GREEN
running,running,0.944,1,GREEN
running,running,0.946,1,GREEN
running,running,0.941,1,GREEN
running,running,0.942,1,GREEN
running,running,0.943,1,GREEN
running,running,0.941,1,GREEN
running,running,0.941,1,GREEN
running,running,0.946,1,GREEN
running,running,0.944,1,GREEN
running,running,0.943,1,GREEN
running,running,0.943,1,GREEN
running,running,0.945,1,GREEN
running,running,0.94,1,GREEN
running,running,0.944,1,GREEN
running,running,0.944,1,GREEN
running,running,0.942,1,GREEN
running,running,0.946,1,GREEN
running,running,0.944,1,GREEN
running,running,0.942,1,GREEN
running,running,0.948,1,GREEN
running,running,0.941,1,GREEN
running,running,0.943,1,GREEN
running,running,0.945,1,GREEN
running,running,0.94,1,GREEN
running,running,0.942,1,GREEN
running,running,0.947,1,GREEN
running,running,0.946,1,GREEN
running,running,0.943,1,GREEN
running,running,0.945,1,GREEN
running,running,0.947,1,GREEN
running,running,0.944,1,GREEN
running,running,0.946,1,GREEN
running,running,0.945,1,GREEN
running,running,0.947,1,GREEN
running,running,0.94,1,GREEN
running,running,0.943,1,GREEN
running,running,0.944,1,GREEN
running,running,0.946,1,GREEN
running,running,0.941,1,GREEN
running,running,0.945,1,GREEN
running,running,0.942,1,GREEN
running,running,0.945,1,GREEN
running,running,0.942,1,GREEN
running,running,0.944,1,GREEN
running,running,0.947,1,GREEN
running,running,0.94,1,GREEN
running,running,0.944,1,GREEN
running,running,0.944,1,GREEN
running,running,0.943,1,GREEN
running,running,0.944,1,GREEN
running,running,0.946,1,GREEN
running,running,0.941,1,GREEN
running,running,0.944,1,GREEN
running,running,0.945,1,GREEN
running,running,0.942,1,GREEN
running,running,0.941,1,GREEN
running,running,0.944,1,GREEN
running,running,0.945,1,GREEN
running,running,0.942,1,GREEN
running,running,0.943,1,GREEN
running,running,0.946,1,GREEN
running,running,0.941,1,GREEN
running,running,0.945,1,GREEN
running,running,0.948,1,GREEN
running,running,0.942,1,GREEN
running,running,0.944,1,GREEN
running,running,0.949,1,GREEN
running,running,0.941,1,GREEN
running,running,0.944,1,GREEN
running,running,0.949,1,GREEN
running,running,0.942,1,GREEN
running,running,0.944,1,GREEN
running,running,0.95,1,GREEN
running,running,0.943,1,GREEN
running,running,0.943,1,GREEN
running,running,0.944,1,GREEN
running,running,0.942,1,GREEN
running,running,0.943,1,GREEN
running,running,0.943,1,GREEN
running,running,0.945,1,GREEN
running,running,0.937,1,GREEN
running,running,0.942,1,GREEN
running,running,0.945,1,GREEN
running,running,0.944,1,GREEN
running,running,0.944,1,GREEN
running,running,0.945,1,GREEN
running,running,0.945,1,GREEN
running,running,0.943,1,GREEN
running,running,0.942,1,GREEN
running,running,0.945,1,GREEN
running,running,0.946,1,GREEN
running,running,0.942,1,GREEN
running,running,0.945,1,GREEN
running,running,0.943,1,GREEN
running,running,0.945,1,GREEN
running,running,0.943,1,GREEN
running,running,0.944,1,GREEN
running,running,0.946,1,GREEN
running,running,0.943,1,GREEN
running,running,0.943,1,GREEN
running,running,0.945,1,GREEN
running,running,0.939,1,GREEN
running,running,0.947,1,GREEN
running,running,0.944,1,GREEN
running,running,0.941,1,GREEN
running,running,0.946,1,GREEN
running,running,0.946,1,GREEN
running,running,0.941,1,GREEN
running,running,0.945,1,GREEN
running,running,0.945,1,GREEN
running,running,0.939,1,GREEN
running,running,0.94,1,GREEN
running,running,0.944,1,GREEN
running,running,0.94,1,GREEN
running,running,0.944,1,GREEN
running,running,0.943,1,GREEN
running,running,0.943,1,GREEN
running,running,0.944,1,GREEN
running,running,0.942,1,GREEN
running,running,0.943,1,GREEN
running,running,0.943,1,GREEN
running,running,0.943,1,GREEN
running,running,0.944,1,GREEN
running,running,0.941,1,GREEN
running,running,0.942,1,GREEN
running,running,0.944,1,GREEN
running,running,0.942,1,GREEN
running,running,0.94,1,GREEN
running,running,0.944,1,GREEN
running,running,0.946,1,GREEN
running,running,0.942,1,GREEN
running,running,0.943,1,GREEN
running,running,0.946,1,GREEN
running,running,0.943,1,GREEN
running,running,0.944,1,GREEN
running,running,0.944,1,GREEN
running,running,0.942,1,GREEN
running,running,0.944,1,GREEN
running,running,0.942,1,GREEN
running,running,0.944,1,GREEN
running,running,0.945,1,GREEN
running,running,0.943,1,GREEN
running,running,0.944,1,GREEN
running,running,0.944,1,GREEN
running,running,0.943,1,GREEN
running,running,0.946,1,GREEN
running,running,0.945,1,GREEN
running,running,0.942,1,GREEN
running,running,0.945,1,GREEN
running,running,0.949,1,GREEN
running,running,0.941,1,GREEN
running,running,0.946,1,GREEN
running,running,0.948,1,GREEN
running,running,0.942,1,GREEN
running,running,0.945,1,GREEN
running,running,0.948,1,GREEN
running,running,0.942,1,GREEN
running,running,0.943,1,GREEN
running,running,0.945,1,GREEN
running,running,0.946,1,GREEN
running,running,0.945,1,GREEN
running,running,0.945,1,GREEN
running,running,0.948,1,GREEN
running,running,0.941,1,GREEN
running,running,0.945,1,GREEN
running,running,0.947,1,GREEN
running,running,0.948,1,GREEN
running,running,0.941,1,GREEN
running,running,0.946,1,GREEN
running,running,0.947,1,GREEN
running,running,0.947,1,GREEN
running,running,0.943,1,GREEN
running,running,0.944,1,GREEN
running,running,0.946,1,GREEN
running,running,0.944,1,GREEN
running,running,0.943,1,GREEN
running,running,0.942,1,GREEN
running,running,0.948,1,GREEN
running,running,0.943,1,GREEN
running,running,0.944,1,GREEN
running,running,0.94,1,GREEN
running,running,0.947,1,GREEN
running,running,0.94,1,GREEN
running,running,0.943,1,GREEN
running,running,0.948,1,GREEN
running,running,0.944,1,GREEN
running,running,0.944,1,GREEN
running,running,0.945,1,GREEN
running,running,0.944,1,GREEN
running,running,0.945,1,GREEN
running,running,0.944,1,GREEN
running,running,0.948,1,GREEN
running,running,0.941,1,GREEN
running,running,0.945,1,GREEN
running,running,0.949,1,GREEN
running,running,0.942,1,GREEN
running,running,0.944,1,GREEN
running,running,0.949,1,GREEN
running,running,0.942,1,GREEN
running,running,0.943,1,GREEN
running,running,0.943,1,GREEN
running,running,0.947,1,GREEN
running,running,0.943,1,GREEN
running,running,0.943,1,GREEN
running,running,0.947,1,GREEN
running,running,0.942,1,GREEN
running,running,0.945,1,GREEN
running,running,0.948,1,GREEN
running,running,0.944,1,GREEN
running,running,0.947,1,GREEN
running,running,0.944,1,GREEN
running,running,0.94,1,GREEN
running,running,0.945,1,GREEN
running,running,0.947,1,GREEN
running,running,0.942,1,GREEN
running,running,0.945,1,GREEN
running,running,0.949,1,GREEN
running,running,0.941,1,GREEN
running,running,0.944,1,GREEN
running,running,0.945,1,GREEN
running,running,0.946,1,GREEN
running,running,0.945,1,GREEN
running,running,0.941,1,GREEN
running,running,0.945,1,GREEN
running,running,0.944,1,GREEN
running,running,0.945,1,GREEN
running,running,0.941,1,GREEN
running,running,0.943,1,GREEN
running,running,0.945,1,GREEN
running,running,0.942,1,GREEN
running,running,0.943,1,GREEN
running,running,0.942,1,GREEN
running,running,0.945,1,GREEN
running,running,0.941,1,GREEN
running,running,0.946,1,GREEN
running,running,0.946,1,GREEN
running,running,0.94,1,GREEN
running,running,0.943,1,GREEN
running,running,0.944,1,GREEN
running,running,0.944,1,GREEN
running,running,0.941,1,GREEN
running,running,0.942,1,GREEN
running,running,0.943,1,GREEN
running,running,0.943,1,GREEN
running,running,0.943,1,GREEN
running,running,0.946,1,GREEN
running,running,0.938,1,GREEN
running,running,0.943,1,GREEN
running,running,0.946,1,GREEN
running,running,0.941,1,GREEN
running,running,0.943,1,GREEN
running,running,0.944,1,GREEN
running,running,0.944,1,GREEN
running,running,0.944,1,GREEN
running,running,0.941,1,GREEN
running,running,0.944,1,GREEN
running,running,0.94,1,GREEN
running,running,0.944,1,GREEN
running,running,0.943,1,GREEN
running,running,0.94,1,GREEN
running,running,0.944,1,GREEN
running,running,0.947,1,GREEN
running,running,0.94,1,GREEN
running,running,0.943,1,GREEN
running,running,0.946,1,GREEN
running,running,0.941,1,GREEN
running,running,0.943,1,GREEN
running,running,0.942,1,GREEN
running,running,0.942,1,GREEN
running,running,0.943,1,GREEN
running,running,0.943,1,GREEN
running,running,0.943,1,GREEN
running,running,0.943,1,GREEN
running,running,0.943,1,GREEN
running,running,0.946,1,GREEN
running,running,0.942,1,GREEN
running,running,0.945,1,GREEN
running,running,0.946,1,GREEN
running,running,0.944,1,GREEN
running,running,0.943,1,GREEN
running,running,0.944,1,GREEN
running,running,0.944,1,GREEN
running,running,0.941,1,GREEN
running,running,0.942,1,GREEN
running,running,0.945,1,GREEN
running,running,0.941,1,GREEN
running,running,0.947,1,GREEN
running,running,0.947,1,GREEN
running,running,0.943,1,GREEN
running,running,0.946,1,GREEN
running,running,0.948,1,GREEN
running,running,0.942,1,GREEN
running,running,0.944,1,GREEN
running,running,0.947,1,GREEN
running,running,0.942,1,GREEN
running,running,0.943,1,GREEN
running,running,0.943,1,GREEN
running,running,0.948,1,GREEN
running,running,0.942,1,GREEN
running,running,0.945,1,GREEN
running,running,0.943,1,GREEN
running,running,0.946,1,GREEN
running,running,0.943,1,GREEN
running,running,0.944,1,GREEN
running,running,0.943,1,GREEN
running,running,0.948,1,GREEN
running,running,0.942,1,GREEN
running,running,0.944,1,GREEN
running,running,0.947,1,GREEN
running,running,0.941,1,GREEN
running,running,0.944,1,GREEN
running,running,0.943,1,GREEN
running,running,0.947,1,GREEN
running,running,0.942,1,GREEN
running,running,0.944,1,GREEN
running,running,0.946,1,GREEN
running,running,0.943,1,GREEN
running,running,0.943,1,GREEN
running,running,0.942,1,GREEN
running,running,0.948,1,GREEN
running,running,0.943,1,GREEN
running,running,0.943,1,GREEN
running,running,0.94,1,GREEN
running,running,0.948,1,GREEN
running,running,0.943,1,GREEN
running,running,0.944,1,GREEN
running,running,0.942,1,GREEN
running,running,0.947,1,GREEN
running,running,0.941,1,GREEN
running,running,0.942,1,GREEN
running,running,0.947,1,GREEN
running,running,0.941,1,GREEN
running,running,0.943,1,GREEN
running,running,0.947,1,GREEN
running,running,0.944,1,GREEN
running,running,0.942,1,GREEN
running,running,0.942,1,GREEN
running,running,0.948,1,GREEN
running,running,0.944,1,GREEN
running,running,0.944,1,GREEN
running,running,0.948,1,GREEN
running,running,0.94,1,GREEN
running,running,0.946,1,GREEN
running,running,0.949,1,GREEN
running,running,0.942,1,GREEN
running,running,0.944,1,GREEN
running,running,0.948,1,GREEN
running,running,0.942,1,GREEN
running,running,0.943,1,GREEN
running,running,0.948,1,GREEN
running,running,0.944,1,GREEN
running,running,0.942,1,GREEN
running,running,0.945,1,GREEN
running,running,0.945,1,GREEN
running,running,0.941,1,GREEN
running,running,0.942,1,GREEN
running,running,0.943,1,GREEN
running,running,0.948,1,GREEN
running,running,0.946,1,GREEN
running,running,0.946,1,GREEN
running,running,0.942,1,GREEN
running,running,0.942,1,GREEN
running,running,0.945,1,GREEN
running,running,0.942,1,GREEN
running,running,0.944,1,GREEN
running,running,0.945,1,GREEN
running,running,0.944,1,GREEN
running,running,0.943,1,GREEN
running,running,0.942,1,GREEN
running,running,0.945,1,GREEN
running,running,0.943,1,GREEN
running,running,0.944,1,GREEN
running,running,0.945,1,GREEN
running,running,0.94,1,GREEN
running,running,0.946,1,GREEN
running,running,0.945,1,GREEN
running,running,0.941,1,GREEN
running,running,0.944,1,GREEN
running,running,0.946,1,GREEN
running,running,0.942,1,GREEN
running,running,0.943,1,GREEN
running,running,0.939,1,GREEN
running,running,0.945,1,GREEN
running,running,0.94,1,GREEN
running,running,0.943,1,GREEN
running,running,0.944,1,GREEN
running,running,0.943,1,GREEN
running,running,0.944,1,GREEN
running,running,0.942,1,GREEN
running,running,0.943,1,GREEN
running,running,0.944,1,GREEN
running,running,0.944,1,GREEN
running,running,0.943,1,GREEN
running,running,0.942,1,GREEN
running,running,0.946,1,GREEN
running,running,0.938,1,GREEN
running,running,0.943,1,GREEN
running,running,0.945,1,GREEN
running,running,0.94,1,GREEN
running,running,0.943,1,GREEN
running,running,0.943,1,GREEN
running,running,0.94,1,GREEN
running,running,0.945,1,GREEN
running,running,0.946,1,GREEN
running,running,0.943,1,GREEN
running,running,0.931,1,GREEN
running,running,0.883,1,GREEN
running,running,0.031,1,RED
running,running,0.09,1,RED
running,running,0.012,1,RED
running,running,0.017,1,RED
running,vacuuming,0.017,0,RED
running,vacuuming,0.012,0,RED
running,vacuuming,0.013,0,RED
running,vacuuming,0.015,0,RED
running,vacuuming,0.009,0,RED
running,vacuuming,0.006,0,RED
running,vacuuming,0.006,0,RED
running,vacuuming,0.007,0,RED
running,vacuuming,0.006,0,RED
running,vacuuming,0.006,0,RED
running,vacuuming,0.006,0,RED
running,vacuuming,0.006,0,RED
running,vacuuming,0.006,0,RED
running,vacuuming,0.007,0,RED
