subject,confidence,predicted_activity,actual_activity,is_correct,traffic_light
103,0.7353,ironing,lying,0,YELLOW
103,0.7889,ironing,lying,0,GREEN
103,0.79,ironing,lying,0,GREEN
103,0.7095,ironing,lying,0,YELLOW
103,0.5099,ironing,lying,0,YELLOW
103,0.3938,ironing,lying,0,RED
103,0.46,ironing,lying,0,YELLOW
103,0.7894,ironing,lying,0,GREEN
103,0.7151,ironing,lying,0,YELLOW
103,0.7699,ironing,lying,0,GREEN
103,0.4579,ironing,lying,0,YELLOW
103,0.4091,lying,lying,1,RED
103,0.4484,lying,lying,1,RED
103,0.598,lying,lying,1,YELLOW
103,0.6965,lying,lying,1,YELLOW
103,0.6652,lying,lying,1,YELLOW
103,0.8558,lying,lying,1,GREEN
103,0.9484,lying,lying,1,GREEN
103,0.9707,lying,lying,1,GREEN
103,0.9797,lying,lying,1,GREEN
103,0.9852,lying,lying,1,GREEN
103,0.989,lying,lying,1,GREEN
103,0.9933,lying,lying,1,GREEN
103,0.9955,lying,lying,1,GREEN
103,1.0,lying,lying,1,GREEN
103,1.0,lying,lying,1,GREEN
103,1.0,lying,lying,1,GREEN
103,1.0,lying,lying,1,GREEN
103,1.0,lying,lying,1,GREEN
103,1.0,lying,lying,1,GREEN
103,1.0,lying,lying,1,GREEN
103,1.0,lying,lying,1,GREEN
103,1.0,lying,lying,1,GREEN
103,1.0,lying,lying,1,GREEN
103,1.0,lying,lying,1,GREEN
103,1.0,lying,lying,1,GREEN
103,0.997,lying,lying,1,GREEN
103,1.0,lying,lying,1,GREEN
103,1.0,lying,lying,1,GREEN
103,1.0,lying,lying,1,GREEN
103,0.9985,lying,lying,1,GREEN
103,1.0,lying,lying,1,GREEN
103,1.0,lying,lying,1,GREEN
103,1.0,lying,lying,1,GREEN
103,1.0,lying,lying,1,GREEN
103,1.0,lying,lying,1,GREEN
103,1.0,lying,lying,1,GREEN
103,1.0,lying,lying,1,GREEN
103,1.0,lying,lying,1,GREEN
103,1.0,lying,lying,1,GREEN
103,1.0,lying,lying,1,GREEN
103,0.9985,lying,lying,1,GREEN
103,0.9985,lying,lying,1,GREEN
103,0.9985,lying,lying,1,GREEN
103,0.9985,lying,lying,1,GREEN
103,0.9985,lying,lying,1,GREEN
103,0.997,lying,lying,1,GREEN
103,0.997,lying,lying,1,GREEN
103,0.9941,lying,lying,1,GREEN
103,0.997,lying,lying,1,GREEN
103,0.9955,lying,lying,1,GREEN
103,0.9955,lying,lying,1,GREEN
103,0.997,lying,lying,1,GREEN
103,0.997,lying,lying,1,GREEN
103,0.997,lying,lying,1,GREEN
103,0.997,lying,lying,1,GREEN
103,0.9918,lying,lying,1,GREEN
103,0.997,lying,lying,1,GREEN
103,0.997,lying,lying,1,GREEN
103,0.997,lying,lying,1,GREEN
103,0.9918,lying,lying,1,GREEN
103,0.997,lying,lying,1,GREEN
103,0.997,lying,lying,1,GREEN
103,0.997,lying,lying,1,GREEN
103,0.997,lying,lying,1,GREEN
103,0.997,lying,lying,1,GREEN
103,0.997,lying,lying,1,GREEN
103,0.997,lying,lying,1,GREEN
103,0.9955,lying,lying,1,GREEN
103,0.9941,lying,lying,1,GREEN
103,0.9941,lying,lying,1,GREEN
103,0.9941,lying,lying,1,GREEN
103,0.9941,lying,lying,1,GREEN
103,0.997,lying,lying,1,GREEN
103,0.997,lying,lying,1,GREEN
103,0.997,lying,lying,1,GREEN
103,0.997,lying,lying,1,GREEN
103,0.997,lying,lying,1,GREEN
103,0.9941,lying,lying,1,GREEN
103,0.997,lying,lying,1,GREEN
103,0.997,lying,lying,1,GREEN
103,0.997,lying,lying,1,GREEN
103,0.997,lying,lying,1,GREEN
103,0.997,lying,lying,1,GREEN
103,0.997,lying,lying,1,GREEN
103,0.997,lying,lying,1,GREEN
103,0.997,lying,lying,1,GREEN
103,0.997,lying,lying,1,GREEN
103,0.997,lying,lying,1,GREEN
103,0.997,lying,lying,1,GREEN
103,0.997,lying,lying,1,GREEN
103,0.997,lying,lying,1,GREEN
103,0.997,lying,lying,1,GREEN
103,0.997,lying,lying,1,GREEN
103,0.997,lying,lying,1,GREEN
103,0.997,lying,lying,1,GREEN
103,0.9955,lying,lying,1,GREEN
103,0.997,lying,lying,1,GREEN
103,0.997,lying,lying,1,GREEN
103,0.9955,lying,lying,1,GREEN
103,0.9911,lying,lying,1,GREEN
103,0.9896,lying,lying,1,GREEN
103,0.9955,lying,lying,1,GREEN
103,0.997,lying,lying,1,GREEN
103,0.997,lying,lying,1,GREEN
103,0.997,lying,lying,1,GREEN
103,0.997,lying,lying,1,GREEN
103,0.997,lying,lying,1,GREEN
103,0.997,lying,lying,1,GREEN
103,0.997,lying,lying,1,GREEN
103,0.997,lying,lying,1,GREEN
103,0.997,lying,lying,1,GREEN
103,0.9955,lying,lying,1,GREEN
103,0.997,lying,lying,1,GREEN
103,0.997,lying,lying,1,GREEN
103,0.997,lying,lying,1,GREEN
103,0.997,lying,lying,1,GREEN
103,0.997,lying,lying,1,GREEN
103,0.997,lying,lying,1,GREEN
103,0.997,lying,lying,1,GREEN
103,0.997,lying,lying,1,GREEN
103,0.9941,lying,lying,1,GREEN
103,0.9955,lying,lying,1,GREEN
103,0.997,lying,lying,1,GREEN
103,0.997,lying,lying,1,GREEN
103,0.997,lying,lying,1,GREEN
103,0.997,lying,lying,1,GREEN
103,0.997,lying,lying,1,GREEN
103,0.997,lying,lying,1,GREEN
103,0.997,lying,lying,1,GREEN
103,0.997,lying,lying,1,GREEN
103,0.997,lying,lying,1,GREEN
103,0.997,lying,lying,1,GREEN
103,0.997,lying,lying,1,GREEN
103,0.997,lying,lying,1,GREEN
103,0.997,lying,lying,1,GREEN
103,0.997,lying,lying,1,GREEN
103,0.9926,lying,lying,1,GREEN
103,0.997,lying,lying,1,GREEN
103,0.997,lying,lying,1,GREEN
103,0.997,lying,lying,1,GREEN
103,0.997,lying,lying,1,GREEN
103,0.997,lying,lying,1,GREEN
103,0.997,lying,lying,1,GREEN
103,0.997,lying,lying,1,GREEN
103,0.9911,lying,lying,1,GREEN
103,0.9955,lying,lying,1,GREEN
103,0.997,lying,lying,1,GREEN
103,0.997,lying,lying,1,GREEN
103,0.997,lying,lying,1,GREEN
103,0.997,lying,lying,1,GREEN
103,0.997,lying,lying,1,GREEN
103,0.997,lying,lying,1,GREEN
103,0.997,lying,lying,1,GREEN
103,0.9955,lying,lying,1,GREEN
103,0.9955,lying,lying,1,GREEN
103,0.997,lying,lying,1,GREEN
103,0.997,lying,lying,1,GREEN
103,0.9941,lying,lying,1,GREEN
103,0.997,lying,lying,1,GREEN
103,0.997,lying,lying,1,GREEN
103,0.997,lying,lying,1,GREEN
103,0.997,lying,lying,1,GREEN
103,0.997,lying,lying,1,GREEN
103,0.997,lying,lying,1,GREEN
103,0.997,lying,lying,1,GREEN
103,0.997,lying,lying,1,GREEN
103,0.997,lying,lying,1,GREEN
103,0.997,lying,lying,1,GREEN
103,0.997,lying,lying,1,GREEN
103,0.997,lying,lying,1,GREEN
103,0.997,lying,lying,1,GREEN
103,0.997,lying,lying,1,GREEN
103,0.997,lying,lying,1,GREEN
103,0.9985,lying,lying,1,GREEN
103,0.9948,lying,lying,1,GREEN
103,0.9941,lying,lying,1,GREEN
103,1.0,lying,lying,1,GREEN
103,1.0,lying,lying,1,GREEN
103,0.997,lying,lying,1,GREEN
103,1.0,lying,lying,1,GREEN
103,1.0,lying,lying,1,GREEN
103,1.0,lying,lying,1,GREEN
103,1.0,lying,lying,1,GREEN
103,1.0,lying,lying,1,GREEN
103,1.0,lying,lying,1,GREEN
103,1.0,lying,lying,1,GREEN
103,1.0,lying,lying,1,GREEN
103,1.0,lying,lying,1,GREEN
103,1.0,lying,lying,1,GREEN
103,1.0,lying,lying,1,GREEN
103,1.0,lying,lying,1,GREEN
103,1.0,lying,lying,1,GREEN
103,1.0,lying,lying,1,GREEN
103,1.0,lying,lying,1,GREEN
103,1.0,lying,lying,1,GREEN
103,1.0,lying,lying,1,GREEN
103,1.0,lying,lying,1,GREEN
103,1.0,lying,lying,1,GREEN
103,0.9985,lying,lying,1,GREEN
103,0.9985,lying,lying,1,GREEN
103,1.0,lying,lying,1,GREEN
103,1.0,lying,lying,1,GREEN
103,1.0,lying,lying,1,GREEN
103,1.0,lying,lying,1,GREEN
103,1.0,lying,lying,1,GREEN
103,1.0,lying,lying,1,GREEN
103,1.0,lying,lying,1,GREEN
103,1.0,lying,lying,1,GREEN
103,1.0,lying,lying,1,GREEN
103,1.0,lying,lying,1,GREEN
103,1.0,lying,lying,1,GREEN
103,1.0,lying,lying,1,GREEN
103,1.0,lying,lying,1,GREEN
103,1.0,lying,lying,1,GREEN
103,1.0,lying,lying,1,GREEN
103,1.0,lying,lying,1,GREEN
103,1.0,lying,lying,1,GREEN
103,1.0,lying,lying,1,GREEN
103,1.0,lying,lying,1,GREEN
103,1.0,lying,lying,1,GREEN
103,1.0,lying,lying,1,GREEN
103,1.0,lying,lying,1,GREEN
103,1.0,lying,lying,1,GREEN
103,1.0,lying,lying,1,GREEN
103,1.0,lying,lying,1,GREEN
103,1.0,lying,lying,1,GREEN
103,1.0,lying,lying,1,GREEN
103,1.0,lying,lying,1,GREEN
103,1.0,lying,lying,1,GREEN
103,1.0,lying,lying,1,GREEN
103,1.0,lying,lying,1,GREEN
103,1.0,lying,lying,1,GREEN
103,1.0,lying,lying,1,GREEN
103,1.0,lying,lying,1,GREEN
103,1.0,lying,lying,1,GREEN
103,1.0,lying,lying,1,GREEN
103,1.0,lying,lying,1,GREEN
103,1.0,lying,lying,1,GREEN
103,1.0,lying,lying,1,GREEN
103,1.0,lying,lying,1,GREEN
103,1.0,lying,lying,1,GREEN
103,1.0,lying,lying,1,GREEN
103,1.0,lying,lying,1,GREEN
103,1.0,lying,lying,1,GREEN
103,1.0,lying,lying,1,GREEN
103,1.0,lying,lying,1,GREEN
103,1.0,lying,lying,1,GREEN
103,1.0,lying,lying,1,GREEN
103,1.0,lying,lying,1,GREEN
103,1.0,lying,lying,1,GREEN
103,1.0,lying,lying,1,GREEN
103,1.0,lying,lying,1,GREEN
103,1.0,lying,lying,1,GREEN
103,1.0,lying,lying,1,GREEN
103,1.0,lying,lying,1,GREEN
103,1.0,lying,lying,1,GREEN
103,1.0,lying,lying,1,GREEN
103,1.0,lying,lying,1,GREEN
103,1.0,lying,lying,1,GREEN
103,1.0,lying,lying,1,GREEN
103,1.0,lying,lying,1,GREEN
103,1.0,lying,lying,1,GREEN
103,1.0,lying,lying,1,GREEN
103,1.0,lying,lying,1,GREEN
103,1.0,lying,lying,1,GREEN
103,1.0,lying,lying,1,GREEN
103,1.0,lying,lying,1,GREEN
103,1.0,lying,lying,1,GREEN
103,1.0,lying,lying,1,GREEN
103,1.0,lying,lying,1,GREEN
103,1.0,lying,lying,1,GREEN
103,1.0,lying,lying,1,GREEN
103,1.0,lying,lying,1,GREEN
103,1.0,lying,lying,1,GREEN
103,1.0,lying,lying,1,GREEN
103,1.0,lying,lying,1,GREEN
103,1.0,lying,lying,1,GREEN
103,1.0,lying,lying,1,GREEN
103,0.9985,lying,lying,1,GREEN
103,1.0,lying,lying,1,GREEN
103,1.0,lying,lying,1,GREEN
103,1.0,lying,lying,1,GREEN
103,1.0,lying,lying,1,GREEN
103,1.0,lying,lying,1,GREEN
103,1.0,lying,lying,1,GREEN
103,1.0,lying,lying,1,GREEN
103,1.0,lying,lying,1,GREEN
103,1.0,lying,lying,1,GREEN
103,1.0,lying,lying,1,GREEN
103,1.0,lying,lying,1,GREEN
103,1.0,lying,lying,1,GREEN
103,1.0,lying,lying,1,GREEN
103,1.0,lying,lying,1,GREEN
103,1.0,lying,lying,1,GREEN
103,1.0,lying,lying,1,GREEN
103,0.9992,lying,lying,1,GREEN
103,1.0,lying,lying,1,GREEN
103,1.0,lying,lying,1,GREEN
103,0.9985,lying,lying,1,GREEN
103,1.0,lying,lying,1,GREEN
103,1.0,lying,lying,1,GREEN
103,1.0,lying,lying,1,GREEN
103,1.0,lying,lying,1,GREEN
103,0.9992,lying,lying,1,GREEN
103,1.0,lying,lying,1,GREEN
103,1.0,lying,lying,1,GREEN
103,1.0,lying,lying,1,GREEN
103,1.0,lying,lying,1,GREEN
103,1.0,lying,lying,1,GREEN
103,0.997,lying,lying,1,GREEN
103,0.9945,lying,lying,1,GREEN
103,0.9955,lying,lying,1,GREEN
103,1.0,lying,lying,1,GREEN
103,1.0,lying,lying,1,GREEN
103,1.0,lying,lying,1,GREEN
103,1.0,lying,lying,1,GREEN
103,1.0,lying,lying,1,GREEN
103,1.0,lying,lying,1,GREEN
103,1.0,lying,lying,1,GREEN
103,0.9913,lying,lying,1,GREEN
103,0.9923,lying,lying,1,GREEN
103,1.0,lying,lying,1,GREEN
103,1.0,lying,lying,1,GREEN
103,1.0,lying,lying,1,GREEN
103,1.0,lying,lying,1,GREEN
103,1.0,lying,lying,1,GREEN
103,1.0,lying,lying,1,GREEN
103,1.0,lying,lying,1,GREEN
103,1.0,lying,lying,1,GREEN
103,1.0,lying,lying,1,GREEN
103,1.0,lying,lying,1,GREEN
103,1.0,lying,lying,1,GREEN
103,1.0,lying,lying,1,GREEN
103,1.0,lying,lying,1,GREEN
103,1.0,lying,lying,1,GREEN
103,1.0,lying,lying,1,GREEN
103,1.0,lying,lying,1,GREEN
103,0.9896,lying,lying,1,GREEN
103,0.9911,lying,lying,1,GREEN
103,1.0,lying,lying,1,GREEN
103,1.0,lying,lying,1,GREEN
103,1.0,lying,lying,1,GREEN
103,1.0,lying,lying,1,GREEN
103,1.0,lying,lying,1,GREEN
103,1.0,lying,lying,1,GREEN
103,1.0,lying,lying,1,GREEN
103,1.0,lying,lying,1,GREEN
103,0.9916,lying,lying,1,GREEN
103,0.9923,lying,lying,1,GREEN
103,0.9896,lying,lying,1,GREEN
103,0.9955,lying,lying,1,GREEN
103,0.9974,lying,lying,1,GREEN
103,0.9955,lying,lying,1,GREEN
103,0.9955,lying,lying,1,GREEN
103,1.0,lying,lying,1,GREEN
103,0.997,lying,lying,1,GREEN
103,0.997,lying,lying,1,GREEN
103,1.0,lying,lying,1,GREEN
103,1.0,lying,lying,1,GREEN
103,1.0,lying,lying,1,GREEN
103,1.0,lying,lying,1,GREEN
103,1.0,lying,lying,1,GREEN
103,1.0,lying,lying,1,GREEN
103,1.0,lying,lying,1,GREEN
103,1.0,lying,lying,1,GREEN
103,1.0,lying,lying,1,GREEN
103,1.0,lying,lying,1,GREEN
103,1.0,lying,lying,1,GREEN
103,1.0,lying,lying,1,GREEN
103,1.0,lying,lying,1,GREEN
103,1.0,lying,lying,1,GREEN
103,1.0,lying,lying,1,GREEN
103,1.0,lying,lying,1,GREEN
103,1.0,lying,lying,1,GREEN
103,1.0,lying,lying,1,GREEN
103,1.0,lying,lying,1,GREEN
103,1.0,lying,lying,1,GREEN
103,1.0,lying,lying,1,GREEN
103,1.0,lying,lying,1,GREEN
103,1.0,lying,lying,1,GREEN
103,1.0,lying,lying,1,GREEN
103,1.0,lying,lying,1,GREEN
103,1.0,lying,lying,1,GREEN
103,1.0,lying,lying,1,GREEN
103,1.0,lying,lying,1,GREEN
103,1.0,lying,lying,1,GREEN
103,1.0,lying,lying,1,GREEN
103,1.0,lying,lying,1,GREEN
103,1.0,lying,lying,1,GREEN
103,1.0,lying,lying,1,GREEN
103,1.0,lying,lying,1,GREEN
103,1.0,lying,lying,1,GREEN
103,1.0,lying,lying,1,GREEN
103,1.0,lying,lying,1,GREEN
103,1.0,lying,lying,1,GREEN
103,1.0,lying,lying,1,GREEN
103,1.0,lying,lying,1,GREEN
103,0.999,lying,lying,1,GREEN
103,1.0,lying,lying,1,GREEN
103,1.0,lying,lying,1,GREEN
103,0.9901,lying,lying,1,GREEN
103,0.9743,lying,lying,1,GREEN
103,0.9485,lying,lying,1,GREEN
103,0.7395,lying,lying,1,YELLOW
103,0.6198,lying,lying,1,YELLOW
103,0.5129,lying,lying,1,YELLOW
103,0.644,lying,lying,1,YELLOW
103,0.7184,lying,lying,1,YELLOW
103,0.722,lying,lying,1,YELLOW
103,0.5965,lying,lying,1,YELLOW
103,0.4909,lying,lying,1,YELLOW
103,0.51,lying,lying,1,YELLOW
103,0.4916,lying,lying,1,YELLOW
103,0.3789,lying,lying,1,RED
103,0.243,lying,lying,1,RED
103,0.3098,walking,lying,0,RED
103,0.281,lying,lying,1,RED
103,0.4051,lying,lying,1,RED
103,0.373,lying,lying,1,RED
103,0.4004,lying,lying,1,RED
103,0.2772,lying,lying,1,RED
103,0.3473,lying,lying,1,RED
103,0.3445,lying,lying,1,RED
103,0.2675,walking,lying,0,RED
103,0.3058,walking,lying,0,RED
103,0.3196,walking,lying,0,RED
103,0.3276,walking,lying,0,RED
103,0.3499,walking,lying,0,RED
103,0.2158,sitting,lying,0,RED
103,0.8565,sitting,sitting,1,GREEN
103,0.9122,sitting,sitting,1,GREEN
103,0.7343,sitting,sitting,1,YELLOW
103,0.4941,sitting,sitting,1,YELLOW
103,0.406,sitting,sitting,1,RED
103,0.4545,sitting,sitting,1,YELLOW
103,0.4666,sitting,sitting,1,YELLOW
103,0.7755,sitting,sitting,1,GREEN
103,0.7119,sitting,sitting,1,YELLOW
103,0.7775,sitting,sitting,1,GREEN
103,0.6208,sitting,sitting,1,YELLOW
103,0.6098,sitting,sitting,1,YELLOW
103,0.791,sitting,sitting,1,GREEN
103,0.8748,sitting,sitting,1,GREEN
103,0.64,sitting,sitting,1,YELLOW
103,0.7936,sitting,sitting,1,GREEN
103,0.8659,sitting,sitting,1,GREEN
103,0.708,sitting,sitting,1,YELLOW
103,0.8046,sitting,sitting,1,GREEN
103,0.9007,sitting,sitting,1,GREEN
103,0.9351,sitting,sitting,1,GREEN
103,0.6986,sitting,sitting,1,YELLOW
103,0.7651,sitting,sitting,1,GREEN
103,0.7711,sitting,sitting,1,GREEN
103,0.6973,sitting,sitting,1,YELLOW
103,0.6991,sitting,sitting,1,YELLOW
103,0.8154,sitting,sitting,1,GREEN
103,0.7925,sitting,sitting,1,GREEN
103,0.8309,sitting,sitting,1,GREEN
103,0.6938,sitting,sitting,1,YELLOW
103,0.7836,sitting,sitting,1,GREEN
103,0.7992,sitting,sitting,1,GREEN
103,0.6912,sitting,sitting,1,YELLOW
103,0.7002,sitting,sitting,1,YELLOW
103,0.7023,sitting,sitting,1,YELLOW
103,0.8017,sitting,sitting,1,GREEN
103,0.7098,sitting,sitting,1,YELLOW
103,0.8286,sitting,sitting,1,GREEN
103,0.7904,sitting,sitting,1,GREEN
103,0.8319,sitting,sitting,1,GREEN
103,0.8394,sitting,sitting,1,GREEN
103,0.8858,sitting,sitting,1,GREEN
103,0.8613,sitting,sitting,1,GREEN
103,0.8827,sitting,sitting,1,GREEN
103,0.7293,sitting,sitting,1,YELLOW
103,0.7584,sitting,sitting,1,GREEN
103,0.6031,sitting,sitting,1,YELLOW
103,0.6136,sitting,sitting,1,YELLOW
103,0.5965,sitting,sitting,1,YELLOW
103,0.7515,sitting,sitting,1,GREEN
103,0.8309,sitting,sitting,1,GREEN
103,0.8139,sitting,sitting,1,GREEN
103,0.8093,sitting,sitting,1,GREEN
103,0.7698,sitting,sitting,1,GREEN
103,0.7915,sitting,sitting,1,GREEN
103,0.8022,sitting,sitting,1,GREEN
103,0.807,sitting,sitting,1,GREEN
103,0.7861,sitting,sitting,1,GREEN
103,0.7854,sitting,sitting,1,GREEN
103,0.7498,sitting,sitting,1,YELLOW
103,0.7688,sitting,sitting,1,GREEN
103,0.7302,sitting,sitting,1,YELLOW
103,0.7894,sitting,sitting,1,GREEN
103,0.591,sitting,sitting,1,YELLOW
103,0.6893,sitting,sitting,1,YELLOW
103,0.7871,sitting,sitting,1,GREEN
103,0.8132,sitting,sitting,1,GREEN
103,0.8247,sitting,sitting,1,GREEN
103,0.8191,sitting,sitting,1,GREEN
103,0.8207,sitting,sitting,1,GREEN
103,0.7492,sitting,sitting,1,YELLOW
103,0.7607,sitting,sitting,1,GREEN
103,0.8346,sitting,sitting,1,GREEN
103,0.9105,sitting,sitting,1,GREEN
103,0.885,sitting,sitting,1,GREEN
103,0.8823,sitting,sitting,1,GREEN
103,0.9382,sitting,sitting,1,GREEN
103,0.9522,sitting,sitting,1,GREEN
103,0.9152,sitting,sitting,1,GREEN
103,0.8205,sitting,sitting,1,GREEN
103,0.9475,sitting,sitting,1,GREEN
103,0.9507,sitting,sitting,1,GREEN
103,0.9781,sitting,sitting,1,GREEN
103,0.9699,sitting,sitting,1,GREEN
103,0.9737,sitting,sitting,1,GREEN
103,0.9595,sitting,sitting,1,GREEN
103,0.9635,sitting,sitting,1,GREEN
103,0.9669,sitting,sitting,1,GREEN
103,0.9606,sitting,sitting,1,GREEN
103,0.9662,sitting,sitting,1,GREEN
103,0.9687,sitting,sitting,1,GREEN
103,0.9663,sitting,sitting,1,GREEN
103,0.9664,sitting,sitting,1,GREEN
103,0.9389,sitting,sitting,1,GREEN
103,0.9717,sitting,sitting,1,GREEN
103,0.9717,sitting,sitting,1,GREEN
103,0.9706,sitting,sitting,1,GREEN
103,0.9722,sitting,sitting,1,GREEN
103,0.9754,sitting,sitting,1,GREEN
103,0.9739,sitting,sitting,1,GREEN
103,0.9702,sitting,sitting,1,GREEN
103,0.9702,sitting,sitting,1,GREEN
103,0.9733,sitting,sitting,1,GREEN
103,0.974,sitting,sitting,1,GREEN
103,0.9735,sitting,sitting,1,GREEN
103,0.9691,sitting,sitting,1,GREEN
103,0.9651,sitting,sitting,1,GREEN
103,0.9184,sitting,sitting,1,GREEN
103,0.891,sitting,sitting,1,GREEN
103,0.9359,sitting,sitting,1,GREEN
103,0.8568,sitting,sitting,1,GREEN
103,0.8126,sitting,sitting,1,GREEN
103,0.8493,sitting,sitting,1,GREEN
103,0.8353,sitting,sitting,1,GREEN
103,0.8529,sitting,sitting,1,GREEN
103,0.8321,sitting,sitting,1,GREEN
103,0.8287,sitting,sitting,1,GREEN
103,0.8947,sitting,sitting,1,GREEN
103,0.7891,sitting,sitting,1,GREEN
103,0.8149,sitting,sitting,1,GREEN
103,0.6163,sitting,sitting,1,YELLOW
103,0.6829,sitting,sitting,1,YELLOW
103,0.7158,sitting,sitting,1,YELLOW
103,0.7918,sitting,sitting,1,GREEN
103,0.8999,sitting,sitting,1,GREEN
103,0.8755,sitting,sitting,1,GREEN
103,0.7723,sitting,sitting,1,GREEN
103,0.8532,sitting,sitting,1,GREEN
103,0.7597,sitting,sitting,1,GREEN
103,0.8731,sitting,sitting,1,GREEN
103,0.9412,sitting,sitting,1,GREEN
103,0.9598,sitting,sitting,1,GREEN
103,0.9314,sitting,sitting,1,GREEN
103,0.9583,sitting,sitting,1,GREEN
103,0.9569,sitting,sitting,1,GREEN
103,0.9374,sitting,sitting,1,GREEN
103,0.9695,sitting,sitting,1,GREEN
103,0.9658,sitting,sitting,1,GREEN
103,0.9338,sitting,sitting,1,GREEN
103,0.9298,sitting,sitting,1,GREEN
103,0.963,sitting,sitting,1,GREEN
103,0.9695,sitting,sitting,1,GREEN
103,0.9666,sitting,sitting,1,GREEN
103,0.9635,sitting,sitting,1,GREEN
103,0.962,sitting,sitting,1,GREEN
103,0.9657,sitting,sitting,1,GREEN
103,0.9338,sitting,sitting,1,GREEN
103,0.9336,sitting,sitting,1,GREEN
103,0.965,sitting,sitting,1,GREEN
103,0.965,sitting,sitting,1,GREEN
103,0.9636,sitting,sitting,1,GREEN
103,0.9643,sitting,sitting,1,GREEN
103,0.968,sitting,sitting,1,GREEN
103,0.8987,sitting,sitting,1,GREEN
103,0.9687,sitting,sitting,1,GREEN
103,0.9747,sitting,sitting,1,GREEN
103,0.9416,sitting,sitting,1,GREEN
103,0.9392,sitting,sitting,1,GREEN
103,0.9721,sitting,sitting,1,GREEN
103,0.9699,sitting,sitting,1,GREEN
103,0.9699,sitting,sitting,1,GREEN
103,0.9706,sitting,sitting,1,GREEN
103,0.975,sitting,sitting,1,GREEN
103,0.9725,sitting,sitting,1,GREEN
103,0.9681,sitting,sitting,1,GREEN
103,0.9311,sitting,sitting,1,GREEN
103,0.9678,sitting,sitting,1,GREEN
103,0.934,sitting,sitting,1,GREEN
103,0.931,sitting,sitting,1,GREEN
103,0.9206,sitting,sitting,1,GREEN
103,0.947,sitting,sitting,1,GREEN
103,0.9559,sitting,sitting,1,GREEN
103,0.9625,sitting,sitting,1,GREEN
103,0.9612,sitting,sitting,1,GREEN
103,0.9676,sitting,sitting,1,GREEN
103,0.9159,sitting,sitting,1,GREEN
103,0.9355,sitting,sitting,1,GREEN
103,0.9353,sitting,sitting,1,GREEN
103,0.8972,sitting,sitting,1,GREEN
103,0.8279,sitting,sitting,1,GREEN
103,0.9249,sitting,sitting,1,GREEN
103,0.8548,sitting,sitting,1,GREEN
103,0.8899,sitting,sitting,1,GREEN
103,0.9007,sitting,sitting,1,GREEN
103,0.9462,sitting,sitting,1,GREEN
103,0.95,sitting,sitting,1,GREEN
103,0.9356,sitting,sitting,1,GREEN
103,0.9727,sitting,sitting,1,GREEN
103,0.9398,sitting,sitting,1,GREEN
103,0.9713,sitting,sitting,1,GREEN
103,0.9634,sitting,sitting,1,GREEN
103,0.975,sitting,sitting,1,GREEN
103,0.944,sitting,sitting,1,GREEN
103,0.9816,sitting,sitting,1,GREEN
103,0.9458,sitting,sitting,1,GREEN
103,0.98,sitting,sitting,1,GREEN
103,0.9784,sitting,sitting,1,GREEN
103,0.979,sitting,sitting,1,GREEN
103,0.8162,sitting,sitting,1,GREEN
103,0.901,sitting,sitting,1,GREEN
103,0.9472,sitting,sitting,1,GREEN
103,0.9648,sitting,sitting,1,GREEN
103,0.9474,sitting,sitting,1,GREEN
103,0.8495,sitting,sitting,1,GREEN
103,0.8815,sitting,sitting,1,GREEN
103,0.7895,sitting,sitting,1,GREEN
103,0.7903,sitting,sitting,1,GREEN
103,0.7914,sitting,sitting,1,GREEN
103,0.8394,sitting,sitting,1,GREEN
103,0.8134,sitting,sitting,1,GREEN
103,0.8531,sitting,sitting,1,GREEN
103,0.8684,sitting,sitting,1,GREEN
103,0.8654,sitting,sitting,1,GREEN
103,0.8752,sitting,sitting,1,GREEN
103,0.8849,sitting,sitting,1,GREEN
103,0.8765,sitting,sitting,1,GREEN
103,0.8405,sitting,sitting,1,GREEN
103,0.8661,sitting,sitting,1,GREEN
103,0.8664,sitting,sitting,1,GREEN
103,0.8756,sitting,sitting,1,GREEN
103,0.8649,sitting,sitting,1,GREEN
103,0.8434,sitting,sitting,1,GREEN
103,0.8279,sitting,sitting,1,GREEN
103,0.82,sitting,sitting,1,GREEN
103,0.8118,sitting,sitting,1,GREEN
103,0.7751,sitting,sitting,1,GREEN
103,0.8188,sitting,sitting,1,GREEN
103,0.8191,sitting,sitting,1,GREEN
103,0.8209,sitting,sitting,1,GREEN
103,0.8174,sitting,sitting,1,GREEN
103,0.7923,sitting,sitting,1,GREEN
103,0.8158,sitting,sitting,1,GREEN
103,0.8184,sitting,sitting,1,GREEN
103,0.8214,sitting,sitting,1,GREEN
103,0.8255,sitting,sitting,1,GREEN
103,0.8392,sitting,sitting,1,GREEN
103,0.8509,sitting,sitting,1,GREEN
103,0.8638,sitting,sitting,1,GREEN
103,0.8161,sitting,sitting,1,GREEN
103,0.8466,sitting,sitting,1,GREEN
103,0.8549,sitting,sitting,1,GREEN
103,0.8608,sitting,sitting,1,GREEN
103,0.8492,sitting,sitting,1,GREEN
103,0.8281,sitting,sitting,1,GREEN
103,0.8262,sitting,sitting,1,GREEN
103,0.8343,sitting,sitting,1,GREEN
103,0.8076,sitting,sitting,1,GREEN
103,0.8547,sitting,sitting,1,GREEN
103,0.8368,sitting,sitting,1,GREEN
103,0.8632,sitting,sitting,1,GREEN
103,0.8522,sitting,sitting,1,GREEN
103,0.8457,sitting,sitting,1,GREEN
103,0.8382,sitting,sitting,1,GREEN
103,0.8444,sitting,sitting,1,GREEN
103,0.8321,sitting,sitting,1,GREEN
103,0.8525,sitting,sitting,1,GREEN
103,0.86,sitting,sitting,1,GREEN
103,0.8576,sitting,sitting,1,GREEN
103,0.8482,sitting,sitting,1,GREEN
103,0.8459,sitting,sitting,1,GREEN
103,0.8383,sitting,sitting,1,GREEN
103,0.8492,sitting,sitting,1,GREEN
103,0.7531,sitting,sitting,1,GREEN
103,0.8115,sitting,sitting,1,GREEN
103,0.7742,sitting,sitting,1,GREEN
103,0.7444,sitting,sitting,1,YELLOW
103,0.8148,sitting,sitting,1,GREEN
103,0.7522,sitting,sitting,1,GREEN
103,0.8357,sitting,sitting,1,GREEN
103,0.8487,sitting,sitting,1,GREEN
103,0.855,sitting,sitting,1,GREEN
103,0.8545,sitting,sitting,1,GREEN
103,0.8481,sitting,sitting,1,GREEN
103,0.8153,sitting,sitting,1,GREEN
103,0.8425,sitting,sitting,1,GREEN
103,0.8154,sitting,sitting,1,GREEN
103,0.8647,sitting,sitting,1,GREEN
103,0.8667,sitting,sitting,1,GREEN
103,0.8471,sitting,sitting,1,GREEN
103,0.8147,sitting,sitting,1,GREEN
103,0.8509,sitting,sitting,1,GREEN
103,0.8446,sitting,sitting,1,GREEN
103,0.8486,sitting,sitting,1,GREEN
103,0.8478,sitting,sitting,1,GREEN
103,0.8597,sitting,sitting,1,GREEN
103,0.8667,sitting,sitting,1,GREEN
103,0.855,sitting,sitting,1,GREEN
103,0.8488,sitting,sitting,1,GREEN
103,0.8495,sitting,sitting,1,GREEN
103,0.8426,sitting,sitting,1,GREEN
103,0.8444,sitting,sitting,1,GREEN
103,0.8517,sitting,sitting,1,GREEN
103,0.8481,sitting,sitting,1,GREEN
103,0.8417,sitting,sitting,1,GREEN
103,0.8481,sitting,sitting,1,GREEN
103,0.8356,sitting,sitting,1,GREEN
103,0.8392,sitting,sitting,1,GREEN
103,0.8345,sitting,sitting,1,GREEN
103,0.8027,sitting,sitting,1,GREEN
103,0.8285,sitting,sitting,1,GREEN
103,0.8291,sitting,sitting,1,GREEN
103,0.8386,sitting,sitting,1,GREEN
103,0.8164,sitting,sitting,1,GREEN
103,0.815,sitting,sitting,1,GREEN
103,0.7958,sitting,sitting,1,GREEN
103,0.8929,sitting,sitting,1,GREEN
103,0.9403,sitting,sitting,1,GREEN
103,0.9318,sitting,sitting,1,GREEN
103,0.9136,sitting,sitting,1,GREEN
103,0.9108,sitting,sitting,1,GREEN
103,0.9053,sitting,sitting,1,GREEN
103,0.8784,sitting,sitting,1,GREEN
103,0.8705,sitting,sitting,1,GREEN
103,0.8736,sitting,sitting,1,GREEN
103,0.8802,sitting,sitting,1,GREEN
103,0.8575,sitting,sitting,1,GREEN
103,0.8724,sitting,sitting,1,GREEN
103,0.8795,sitting,sitting,1,GREEN
103,0.8831,sitting,sitting,1,GREEN
103,0.9188,sitting,sitting,1,GREEN
103,0.9145,sitting,sitting,1,GREEN
103,0.9182,sitting,sitting,1,GREEN
103,0.9277,sitting,sitting,1,GREEN
103,0.913,sitting,sitting,1,GREEN
103,0.9107,sitting,sitting,1,GREEN
103,0.8927,sitting,sitting,1,GREEN
103,0.9014,sitting,sitting,1,GREEN
103,0.9069,sitting,sitting,1,GREEN
103,0.8988,sitting,sitting,1,GREEN
103,0.8735,sitting,sitting,1,GREEN
103,0.8615,sitting,sitting,1,GREEN
103,0.9,sitting,sitting,1,GREEN
103,0.8805,sitting,sitting,1,GREEN
103,0.9107,sitting,sitting,1,GREEN
103,0.926,sitting,sitting,1,GREEN
103,0.9182,sitting,sitting,1,GREEN
103,0.914,sitting,sitting,1,GREEN
103,0.9182,sitting,sitting,1,GREEN
103,0.9171,sitting,sitting,1,GREEN
103,0.916,sitting,sitting,1,GREEN
103,0.9361,sitting,sitting,1,GREEN
103,0.9366,sitting,sitting,1,GREEN
103,0.9393,sitting,sitting,1,GREEN
103,0.9269,sitting,sitting,1,GREEN
103,0.9375,sitting,sitting,1,GREEN
103,0.9407,sitting,sitting,1,GREEN
103,0.9385,sitting,sitting,1,GREEN
103,0.9326,sitting,sitting,1,GREEN
103,0.9391,sitting,sitting,1,GREEN
103,0.9386,sitting,sitting,1,GREEN
103,0.9237,sitting,sitting,1,GREEN
103,0.9159,sitting,sitting,1,GREEN
103,0.9146,sitting,sitting,1,GREEN
103,0.9365,sitting,sitting,1,GREEN
103,0.9345,sitting,sitting,1,GREEN
103,0.9344,sitting,sitting,1,GREEN
103,0.9318,sitting,sitting,1,GREEN
103,0.8662,sitting,sitting,1,GREEN
103,0.9119,sitting,sitting,1,GREEN
103,0.8637,sitting,sitting,1,GREEN
103,0.8951,sitting,sitting,1,GREEN
103,0.9074,sitting,sitting,1,GREEN
103,0.9057,sitting,sitting,1,GREEN
103,0.9072,sitting,sitting,1,GREEN
103,0.9078,sitting,sitting,1,GREEN
103,0.9085,sitting,sitting,1,GREEN
103,0.9117,sitting,sitting,1,GREEN
103,0.9169,sitting,sitting,1,GREEN
103,0.9282,sitting,sitting,1,GREEN
103,0.9335,sitting,sitting,1,GREEN
103,0.9323,sitting,sitting,1,GREEN
103,0.9308,sitting,sitting,1,GREEN
103,0.9293,sitting,sitting,1,GREEN
103,0.9244,sitting,sitting,1,GREEN
103,0.9219,sitting,sitting,1,GREEN
103,0.9385,sitting,sitting,1,GREEN
103,0.9379,sitting,sitting,1,GREEN
103,0.9417,sitting,sitting,1,GREEN
103,0.9028,sitting,sitting,1,GREEN
103,0.9405,sitting,sitting,1,GREEN
103,0.9449,sitting,sitting,1,GREEN
103,0.9403,sitting,sitting,1,GREEN
103,0.9024,sitting,sitting,1,GREEN
103,0.884,sitting,sitting,1,GREEN
103,0.8953,sitting,sitting,1,GREEN
103,0.8895,sitting,sitting,1,GREEN
103,0.9098,sitting,sitting,1,GREEN
103,0.8713,sitting,sitting,1,GREEN
103,0.9308,sitting,sitting,1,GREEN
103,0.9361,sitting,sitting,1,GREEN
103,0.9309,sitting,sitting,1,GREEN
103,0.8964,sitting,sitting,1,GREEN
103,0.9334,sitting,sitting,1,GREEN
103,0.9326,sitting,sitting,1,GREEN
103,0.9265,sitting,sitting,1,GREEN
103,0.9333,sitting,sitting,1,GREEN
103,0.9326,sitting,sitting,1,GREEN
103,0.9287,sitting,sitting,1,GREEN
103,0.9334,sitting,sitting,1,GREEN
103,0.9069,sitting,sitting,1,GREEN
103,0.9301,sitting,sitting,1,GREEN
103,0.9341,sitting,sitting,1,GREEN
103,0.9374,sitting,sitting,1,GREEN
103,0.939,sitting,sitting,1,GREEN
103,0.9375,sitting,sitting,1,GREEN
103,0.9375,sitting,sitting,1,GREEN
103,0.9382,sitting,sitting,1,GREEN
103,0.9406,sitting,sitting,1,GREEN
103,0.9349,sitting,sitting,1,GREEN
103,0.929,sitting,sitting,1,GREEN
103,0.9296,sitting,sitting,1,GREEN
103,0.9344,sitting,sitting,1,GREEN
103,0.9359,sitting,sitting,1,GREEN
103,0.9366,sitting,sitting,1,GREEN
103,0.9372,sitting,sitting,1,GREEN
103,0.9379,sitting,sitting,1,GREEN
103,0.9408,sitting,sitting,1,GREEN
103,0.9423,sitting,sitting,1,GREEN
103,0.9349,sitting,sitting,1,GREEN
103,0.9359,sitting,sitting,1,GREEN
103,0.9379,sitting,sitting,1,GREEN
103,0.9394,sitting,sitting,1,GREEN
103,0.9327,sitting,sitting,1,GREEN
103,0.9364,sitting,sitting,1,GREEN
103,0.9378,sitting,sitting,1,GREEN
103,0.941,sitting,sitting,1,GREEN
103,0.9455,sitting,sitting,1,GREEN
103,0.9084,sitting,sitting,1,GREEN
103,0.9376,sitting,sitting,1,GREEN
103,0.9371,sitting,sitting,1,GREEN
103,0.9396,sitting,sitting,1,GREEN
103,0.9338,sitting,sitting,1,GREEN
103,0.9333,sitting,sitting,1,GREEN
103,0.9331,sitting,sitting,1,GREEN
103,0.9344,sitting,sitting,1,GREEN
103,0.9344,sitting,sitting,1,GREEN
103,0.9326,sitting,sitting,1,GREEN
103,0.9334,sitting,sitting,1,GREEN
103,0.9359,sitting,sitting,1,GREEN
103,0.9413,sitting,sitting,1,GREEN
103,0.9383,sitting,sitting,1,GREEN
103,0.9356,sitting,sitting,1,GREEN
103,0.9297,sitting,sitting,1,GREEN
103,0.9391,sitting,sitting,1,GREEN
103,0.9014,sitting,sitting,1,GREEN
103,0.9324,sitting,sitting,1,GREEN
103,0.9374,sitting,sitting,1,GREEN
103,0.9378,sitting,sitting,1,GREEN
103,0.9393,sitting,sitting,1,GREEN
103,0.9384,sitting,sitting,1,GREEN
103,0.9384,sitting,sitting,1,GREEN
103,0.9384,sitting,sitting,1,GREEN
103,0.9369,sitting,sitting,1,GREEN
103,0.9312,sitting,sitting,1,GREEN
103,0.9354,sitting,sitting,1,GREEN
103,0.9371,sitting,sitting,1,GREEN
103,0.9314,sitting,sitting,1,GREEN
103,0.9309,sitting,sitting,1,GREEN
103,0.9302,sitting,sitting,1,GREEN
103,0.8367,sitting,sitting,1,GREEN
103,0.9274,sitting,sitting,1,GREEN
103,0.9295,sitting,sitting,1,GREEN
103,0.9295,sitting,sitting,1,GREEN
103,0.9341,sitting,sitting,1,GREEN
103,0.9346,sitting,sitting,1,GREEN
103,0.9393,sitting,sitting,1,GREEN
103,0.9386,sitting,sitting,1,GREEN
103,0.9371,sitting,sitting,1,GREEN
103,0.9371,sitting,sitting,1,GREEN
103,0.928,sitting,sitting,1,GREEN
103,0.9302,sitting,sitting,1,GREEN
103,0.9339,sitting,sitting,1,GREEN
103,0.9348,sitting,sitting,1,GREEN
103,0.9359,sitting,sitting,1,GREEN
103,0.9359,sitting,sitting,1,GREEN
103,0.9359,sitting,sitting,1,GREEN
103,0.9344,sitting,sitting,1,GREEN
103,0.9307,sitting,sitting,1,GREEN
103,0.9253,sitting,sitting,1,GREEN
103,0.9336,sitting,sitting,1,GREEN
103,0.8987,sitting,sitting,1,GREEN
103,0.9329,sitting,sitting,1,GREEN
103,0.9339,sitting,sitting,1,GREEN
103,0.9322,sitting,sitting,1,GREEN
103,0.9351,sitting,sitting,1,GREEN
103,0.9271,sitting,sitting,1,GREEN
103,0.9296,sitting,sitting,1,GREEN
103,0.8996,sitting,sitting,1,GREEN
103,0.8977,sitting,sitting,1,GREEN
103,0.938,sitting,sitting,1,GREEN
103,0.9312,sitting,sitting,1,GREEN
103,0.9267,sitting,sitting,1,GREEN
103,0.9297,sitting,sitting,1,GREEN
103,0.9311,sitting,sitting,1,GREEN
103,0.9299,sitting,sitting,1,GREEN
103,0.9282,sitting,sitting,1,GREEN
103,0.9337,sitting,sitting,1,GREEN
103,0.9378,sitting,sitting,1,GREEN
103,0.9344,sitting,sitting,1,GREEN
103,0.9297,sitting,sitting,1,GREEN
103,0.9329,sitting,sitting,1,GREEN
103,0.9297,sitting,sitting,1,GREEN
103,0.9279,sitting,sitting,1,GREEN
103,0.9405,sitting,sitting,1,GREEN
103,0.9405,sitting,sitting,1,GREEN
103,0.936,sitting,sitting,1,GREEN
103,0.9356,sitting,sitting,1,GREEN
103,0.9436,sitting,sitting,1,GREEN
103,0.9155,sitting,sitting,1,GREEN
103,0.9265,sitting,sitting,1,GREEN
103,0.9047,sitting,sitting,1,GREEN
103,0.9398,sitting,sitting,1,GREEN
103,0.937,sitting,sitting,1,GREEN
103,0.939,sitting,sitting,1,GREEN
103,0.9432,sitting,sitting,1,GREEN
103,0.9347,sitting,sitting,1,GREEN
103,0.9414,sitting,sitting,1,GREEN
103,0.9053,sitting,sitting,1,GREEN
103,0.9384,sitting,sitting,1,GREEN
103,0.9295,sitting,sitting,1,GREEN
103,0.8735,sitting,sitting,1,GREEN
103,0.9342,sitting,sitting,1,GREEN
103,0.9299,sitting,sitting,1,GREEN
103,0.9329,sitting,sitting,1,GREEN
103,0.9292,sitting,sitting,1,GREEN
103,0.9267,sitting,sitting,1,GREEN
103,0.926,sitting,sitting,1,GREEN
103,0.9299,sitting,sitting,1,GREEN
103,0.9322,sitting,sitting,1,GREEN
103,0.9322,sitting,sitting,1,GREEN
103,0.9337,sitting,sitting,1,GREEN
103,0.9352,sitting,sitting,1,GREEN
103,0.9332,sitting,sitting,1,GREEN
103,0.9339,sitting,sitting,1,GREEN
103,0.9354,sitting,sitting,1,GREEN
103,0.9308,sitting,sitting,1,GREEN
103,0.9325,sitting,sitting,1,GREEN
103,0.9344,sitting,sitting,1,GREEN
103,0.9348,sitting,sitting,1,GREEN
103,0.9367,sitting,sitting,1,GREEN
103,0.9345,sitting,sitting,1,GREEN
103,0.9369,sitting,sitting,1,GREEN
103,0.937,sitting,sitting,1,GREEN
103,0.9344,sitting,sitting,1,GREEN
103,0.9359,sitting,sitting,1,GREEN
103,0.9332,sitting,sitting,1,GREEN
103,0.928,sitting,sitting,1,GREEN
103,0.9305,sitting,sitting,1,GREEN
103,0.9306,sitting,sitting,1,GREEN
103,0.9262,sitting,sitting,1,GREEN
103,0.9298,sitting,sitting,1,GREEN
103,0.9226,sitting,sitting,1,GREEN
103,0.9261,sitting,sitting,1,GREEN
103,0.9296,sitting,sitting,1,GREEN
103,0.94,sitting,sitting,1,GREEN
103,0.9357,sitting,sitting,1,GREEN
103,0.8982,sitting,sitting,1,GREEN
103,0.9439,sitting,sitting,1,GREEN
103,0.9402,sitting,sitting,1,GREEN
103,0.9453,sitting,sitting,1,GREEN
103,0.9479,sitting,sitting,1,GREEN
103,0.909,sitting,sitting,1,GREEN
103,0.8825,sitting,sitting,1,GREEN
103,0.9492,sitting,sitting,1,GREEN
103,0.9841,sitting,sitting,1,GREEN
103,0.992,sitting,sitting,1,GREEN
103,0.9905,sitting,sitting,1,GREEN
103,0.9332,sitting,sitting,1,GREEN
103,0.8054,sitting,sitting,1,GREEN
103,0.8039,sitting,sitting,1,GREEN
103,0.7935,sitting,sitting,1,GREEN
103,0.8187,sitting,sitting,1,GREEN
103,0.8213,sitting,sitting,1,GREEN
103,0.7563,sitting,standing,0,GREEN
103,0.5737,sitting,standing,0,YELLOW
103,0.4707,sitting,standing,0,YELLOW
103,0.41,sitting,standing,0,RED
103,0.3946,standing,standing,1,RED
103,0.4808,standing,standing,1,YELLOW
103,0.3782,sitting,standing,0,RED
103,0.5431,sitting,standing,0,YELLOW
103,0.6682,sitting,standing,0,YELLOW
103,0.5805,sitting,standing,0,YELLOW
103,0.5617,sitting,standing,0,YELLOW
103,0.5772,sitting,standing,0,YELLOW
103,0.5881,sitting,standing,0,YELLOW
103,0.5637,sitting,standing,0,YELLOW
103,0.5029,sitting,standing,0,YELLOW
103,0.5783,sitting,standing,0,YELLOW
103,0.4496,sitting,standing,0,RED
103,0.4531,sitting,standing,0,YELLOW
103,0.4855,sitting,standing,0,YELLOW
103,0.5825,standing,standing,1,YELLOW
103,0.9122,standing,standing,1,GREEN
103,0.9407,standing,standing,1,GREEN
103,0.905,standing,standing,1,GREEN
103,0.8197,standing,standing,1,GREEN
103,0.7732,standing,standing,1,GREEN
103,0.7772,standing,standing,1,GREEN
103,0.6254,standing,standing,1,YELLOW
103,0.6297,standing,standing,1,YELLOW
103,0.7129,standing,standing,1,YELLOW
103,0.811,standing,standing,1,GREEN
103,0.8177,standing,standing,1,GREEN
103,0.7589,standing,standing,1,GREEN
103,0.8556,standing,standing,1,GREEN
103,0.8185,standing,standing,1,GREEN
103,0.7611,standing,standing,1,GREEN
103,0.7287,standing,standing,1,YELLOW
103,0.6337,standing,standing,1,YELLOW
103,0.6684,standing,standing,1,YELLOW
103,0.8194,standing,standing,1,GREEN
103,0.8418,standing,standing,1,GREEN
103,0.6678,standing,standing,1,YELLOW
103,0.5057,standing,standing,1,YELLOW
103,0.4804,sitting,standing,0,YELLOW
103,0.4938,standing,standing,1,YELLOW
103,0.7364,standing,standing,1,YELLOW
103,0.804,standing,standing,1,GREEN
103,0.7295,standing,standing,1,YELLOW
103,0.7769,standing,standing,1,GREEN
103,0.8009,standing,standing,1,GREEN
103,0.7569,standing,standing,1,GREEN
103,0.7904,standing,standing,1,GREEN
103,0.6506,standing,standing,1,YELLOW
103,0.7606,standing,standing,1,GREEN
103,0.7459,standing,standing,1,YELLOW
103,0.7142,standing,standing,1,YELLOW
103,0.6399,standing,standing,1,YELLOW
103,0.6525,standing,standing,1,YELLOW
103,0.5463,standing,standing,1,YELLOW
103,0.7004,standing,standing,1,YELLOW
103,0.6932,standing,standing,1,YELLOW
103,0.6741,standing,standing,1,YELLOW
103,0.7906,standing,standing,1,GREEN
103,0.8227,standing,standing,1,GREEN
103,0.8356,standing,standing,1,GREEN
103,0.7675,standing,standing,1,GREEN
103,0.5799,standing,standing,1,YELLOW
103,0.4464,sitting,standing,0,RED
103,0.4573,sitting,standing,0,YELLOW
103,0.5279,sitting,standing,0,YELLOW
103,0.5047,sitting,standing,0,YELLOW
103,0.4974,sitting,standing,0,YELLOW
103,0.4568,sitting,standing,0,YELLOW
103,0.544,sitting,standing,0,YELLOW
103,0.6838,sitting,standing,0,YELLOW
103,0.6983,sitting,standing,0,YELLOW
103,0.7193,sitting,standing,0,YELLOW
103,0.8014,sitting,standing,0,GREEN
103,0.7752,sitting,standing,0,GREEN
103,0.7057,sitting,standing,0,YELLOW
103,0.7696,sitting,standing,0,GREEN
103,0.7749,sitting,standing,0,GREEN
103,0.7789,sitting,standing,0,GREEN
103,0.8049,sitting,standing,0,GREEN
103,0.6899,sitting,standing,0,YELLOW
103,0.6939,sitting,standing,0,YELLOW
103,0.4491,sitting,standing,0,RED
103,0.8368,standing,standing,1,GREEN
103,0.8406,standing,standing,1,GREEN
103,0.7273,standing,standing,1,YELLOW
103,0.4581,standing,standing,1,YELLOW
103,0.4233,standing,standing,1,RED
103,0.456,standing,standing,1,YELLOW
103,0.4807,sitting,standing,0,YELLOW
103,0.4021,sitting,standing,0,RED
103,0.3686,sitting,standing,0,RED
103,0.4671,standing,standing,1,YELLOW
103,0.5569,standing,standing,1,YELLOW
103,0.4597,standing,standing,1,YELLOW
103,0.5281,sitting,standing,0,YELLOW
103,0.4284,sitting,standing,0,RED
103,0.5715,sitting,standing,0,YELLOW
103,0.5853,sitting,standing,0,YELLOW
103,0.5772,sitting,standing,0,YELLOW
103,0.5571,sitting,standing,0,YELLOW
103,0.5822,sitting,standing,0,YELLOW
103,0.619,sitting,standing,0,YELLOW
103,0.571,sitting,standing,0,YELLOW
103,0.6453,sitting,standing,0,YELLOW
103,0.6806,sitting,standing,0,YELLOW
103,0.6798,sitting,standing,0,YELLOW
103,0.617,sitting,standing,0,YELLOW
103,0.6873,sitting,standing,0,YELLOW
103,0.6868,sitting,standing,0,YELLOW
103,0.6556,sitting,standing,0,YELLOW
103,0.6076,sitting,standing,0,YELLOW
103,0.4232,standing,standing,1,RED
103,0.4522,sitting,standing,0,YELLOW
103,0.5905,sitting,standing,0,YELLOW
103,0.501,sitting,standing,0,YELLOW
103,0.5297,sitting,standing,0,YELLOW
103,0.4714,sitting,standing,0,YELLOW
103,0.3166,standing,standing,1,RED
103,0.5081,sitting,standing,0,YELLOW
103,0.6982,sitting,standing,0,YELLOW
103,0.6907,sitting,standing,0,YELLOW
103,0.5789,sitting,standing,0,YELLOW
103,0.6968,sitting,standing,0,YELLOW
103,0.5351,sitting,standing,0,YELLOW
103,0.4726,standing,standing,1,YELLOW
103,0.5217,standing,standing,1,YELLOW
103,0.487,standing,standing,1,YELLOW
103,0.5536,sitting,standing,0,YELLOW
103,0.5528,sitting,standing,0,YELLOW
103,0.5093,sitting,standing,0,YELLOW
103,0.4997,sitting,standing,0,YELLOW
103,0.4193,standing,standing,1,RED
103,0.718,standing,standing,1,YELLOW
103,0.9215,standing,standing,1,GREEN
103,0.844,standing,standing,1,GREEN
103,0.8961,standing,standing,1,GREEN
103,0.9167,standing,standing,1,GREEN
103,0.9185,standing,standing,1,GREEN
103,0.9274,standing,standing,1,GREEN
103,0.9049,standing,standing,1,GREEN
103,0.8603,standing,standing,1,GREEN
103,0.9214,standing,standing,1,GREEN
103,0.9089,standing,standing,1,GREEN
103,0.8202,standing,standing,1,GREEN
103,0.772,standing,standing,1,GREEN
103,0.8938,standing,standing,1,GREEN
103,0.7381,standing,standing,1,YELLOW
103,0.7919,standing,standing,1,GREEN
103,0.7306,standing,standing,1,YELLOW
103,0.9014,standing,standing,1,GREEN
103,0.8937,standing,standing,1,GREEN
103,0.7253,standing,standing,1,YELLOW
103,0.7954,standing,standing,1,GREEN
103,0.8058,standing,standing,1,GREEN
103,0.7471,standing,standing,1,YELLOW
103,0.9126,standing,standing,1,GREEN
103,0.9024,standing,standing,1,GREEN
103,0.8926,standing,standing,1,GREEN
103,0.8714,standing,standing,1,GREEN
103,0.7696,standing,standing,1,GREEN
103,0.8775,standing,standing,1,GREEN
103,0.9009,standing,standing,1,GREEN
103,0.8827,standing,standing,1,GREEN
103,0.9159,standing,standing,1,GREEN
103,0.8829,standing,standing,1,GREEN
103,0.8865,standing,standing,1,GREEN
103,0.9509,standing,standing,1,GREEN
103,0.9063,standing,standing,1,GREEN
103,0.8585,standing,standing,1,GREEN
103,0.8988,standing,standing,1,GREEN
103,0.7799,standing,standing,1,GREEN
103,0.5649,standing,standing,1,YELLOW
103,0.3789,sitting,standing,0,RED
103,0.4287,sitting,standing,0,RED
103,0.4445,sitting,standing,0,RED
103,0.4306,sitting,standing,0,RED
103,0.3858,standing,standing,1,RED
103,0.3366,sitting,standing,0,RED
103,0.4159,standing,standing,1,RED
103,0.3422,sitting,standing,0,RED
103,0.3518,standing,standing,1,RED
103,0.3782,standing,standing,1,RED
103,0.5245,standing,standing,1,YELLOW
103,0.5531,standing,standing,1,YELLOW
103,0.7754,standing,standing,1,GREEN
103,0.9132,standing,standing,1,GREEN
103,0.9348,standing,standing,1,GREEN
103,0.8993,standing,standing,1,GREEN
103,0.9408,standing,standing,1,GREEN
103,0.9756,standing,standing,1,GREEN
103,0.9499,standing,standing,1,GREEN
103,0.9738,standing,standing,1,GREEN
103,0.9105,standing,standing,1,GREEN
103,0.9077,standing,standing,1,GREEN
103,0.9661,standing,standing,1,GREEN
103,0.9335,standing,standing,1,GREEN
103,0.9655,standing,standing,1,GREEN
103,0.973,standing,standing,1,GREEN
103,0.9745,standing,standing,1,GREEN
103,0.9668,standing,standing,1,GREEN
103,0.9716,standing,standing,1,GREEN
103,0.971,standing,standing,1,GREEN
103,0.9688,standing,standing,1,GREEN
103,0.9707,standing,standing,1,GREEN
103,0.9292,standing,standing,1,GREEN
103,0.9596,standing,standing,1,GREEN
103,0.9497,standing,standing,1,GREEN
103,0.9675,standing,standing,1,GREEN
103,0.9781,standing,standing,1,GREEN
103,0.9739,standing,standing,1,GREEN
103,0.8874,standing,standing,1,GREEN
103,0.9599,standing,standing,1,GREEN
103,0.9778,standing,standing,1,GREEN
103,0.961,standing,standing,1,GREEN
103,0.9546,standing,standing,1,GREEN
103,0.9711,standing,standing,1,GREEN
103,0.9726,standing,standing,1,GREEN
103,0.9511,standing,standing,1,GREEN
103,0.9829,standing,standing,1,GREEN
103,0.9427,standing,standing,1,GREEN
103,0.9102,standing,standing,1,GREEN
103,0.9424,standing,standing,1,GREEN
103,0.9685,standing,standing,1,GREEN
103,0.9403,standing,standing,1,GREEN
103,0.9076,standing,standing,1,GREEN
103,0.9057,standing,standing,1,GREEN
103,0.9115,standing,standing,1,GREEN
103,0.9438,standing,standing,1,GREEN
103,0.9668,standing,standing,1,GREEN
103,0.9388,standing,standing,1,GREEN
103,0.9773,standing,standing,1,GREEN
103,0.9439,standing,standing,1,GREEN
103,0.9698,standing,standing,1,GREEN
103,0.9754,standing,standing,1,GREEN
103,0.9722,standing,standing,1,GREEN
103,0.9706,standing,standing,1,GREEN
103,0.9385,standing,standing,1,GREEN
103,0.9475,standing,standing,1,GREEN
103,0.9512,standing,standing,1,GREEN
103,0.9757,standing,standing,1,GREEN
103,0.9744,standing,standing,1,GREEN
103,0.9744,standing,standing,1,GREEN
103,0.951,standing,standing,1,GREEN
103,0.9451,standing,standing,1,GREEN
103,0.981,standing,standing,1,GREEN
103,0.9894,standing,standing,1,GREEN
103,0.9855,standing,standing,1,GREEN
103,0.9726,standing,standing,1,GREEN
103,0.9743,standing,standing,1,GREEN
103,0.9753,standing,standing,1,GREEN
103,0.8706,standing,standing,1,GREEN
103,0.8918,standing,standing,1,GREEN
103,0.9601,standing,standing,1,GREEN
103,0.9736,standing,standing,1,GREEN
103,0.9749,standing,standing,1,GREEN
103,0.9364,standing,standing,1,GREEN
103,0.9471,standing,standing,1,GREEN
103,0.9758,standing,standing,1,GREEN
103,0.98,standing,standing,1,GREEN
103,0.9111,standing,standing,1,GREEN
103,0.9381,standing,standing,1,GREEN
103,0.906,standing,standing,1,GREEN
103,0.9445,standing,standing,1,GREEN
103,0.8808,standing,standing,1,GREEN
103,0.8422,standing,standing,1,GREEN
103,0.7803,standing,standing,1,GREEN
103,0.9358,standing,standing,1,GREEN
103,0.9825,standing,standing,1,GREEN
103,0.9749,standing,standing,1,GREEN
103,0.9742,standing,standing,1,GREEN
103,0.9767,standing,standing,1,GREEN
103,0.972,standing,standing,1,GREEN
103,0.9658,standing,standing,1,GREEN
103,0.9581,standing,standing,1,GREEN
103,0.9333,standing,standing,1,GREEN
103,0.9694,standing,standing,1,GREEN
103,0.8892,standing,standing,1,GREEN
103,0.8765,standing,standing,1,GREEN
103,0.8027,standing,standing,1,GREEN
103,0.8413,standing,standing,1,GREEN
103,0.8792,standing,standing,1,GREEN
103,0.9815,standing,standing,1,GREEN
103,0.9458,standing,standing,1,GREEN
103,0.9413,standing,standing,1,GREEN
103,0.9493,standing,standing,1,GREEN
103,0.8503,standing,standing,1,GREEN
103,0.966,standing,standing,1,GREEN
103,0.9692,standing,standing,1,GREEN
103,0.9399,standing,standing,1,GREEN
103,0.9756,standing,standing,1,GREEN
103,0.934,standing,standing,1,GREEN
103,0.9441,standing,standing,1,GREEN
103,0.9204,standing,standing,1,GREEN
103,0.869,standing,standing,1,GREEN
103,0.8137,standing,standing,1,GREEN
103,0.8212,standing,standing,1,GREEN
103,0.9223,standing,standing,1,GREEN
103,0.9779,standing,standing,1,GREEN
103,0.9765,standing,standing,1,GREEN
103,0.9468,standing,standing,1,GREEN
103,0.8999,standing,standing,1,GREEN
103,0.9098,standing,standing,1,GREEN
103,0.925,standing,standing,1,GREEN
103,0.9107,standing,standing,1,GREEN
103,0.9161,standing,standing,1,GREEN
103,0.9086,standing,standing,1,GREEN
103,0.8862,standing,standing,1,GREEN
103,0.8791,standing,standing,1,GREEN
103,0.9042,standing,standing,1,GREEN
103,0.9376,standing,standing,1,GREEN
103,0.9749,standing,standing,1,GREEN
103,0.9594,standing,standing,1,GREEN
103,0.9775,standing,standing,1,GREEN
103,0.9717,standing,standing,1,GREEN
103,0.9802,standing,standing,1,GREEN
103,0.9866,standing,standing,1,GREEN
103,0.9487,standing,standing,1,GREEN
103,0.937,standing,standing,1,GREEN
103,0.97,standing,standing,1,GREEN
103,0.9449,standing,standing,1,GREEN
103,0.9068,standing,standing,1,GREEN
103,0.9583,standing,standing,1,GREEN
103,0.9003,standing,standing,1,GREEN
103,0.8719,standing,standing,1,GREEN
103,0.8742,standing,standing,1,GREEN
103,0.8456,standing,standing,1,GREEN
103,0.832,standing,standing,1,GREEN
103,0.7942,standing,standing,1,GREEN
103,0.7923,standing,standing,1,GREEN
103,0.8043,standing,standing,1,GREEN
103,0.7764,standing,standing,1,GREEN
103,0.8149,standing,standing,1,GREEN
103,0.8528,standing,standing,1,GREEN
103,0.8851,standing,standing,1,GREEN
103,0.9559,standing,standing,1,GREEN
103,0.9381,standing,standing,1,GREEN
103,0.9759,standing,standing,1,GREEN
103,0.9649,standing,standing,1,GREEN
103,0.9627,standing,standing,1,GREEN
103,0.9398,standing,standing,1,GREEN
103,0.9358,standing,standing,1,GREEN
103,0.893,standing,standing,1,GREEN
103,0.8554,standing,standing,1,GREEN
103,0.9178,standing,standing,1,GREEN
103,0.8534,standing,standing,1,GREEN
103,0.8928,standing,standing,1,GREEN
103,0.8279,standing,standing,1,GREEN
103,0.8669,standing,standing,1,GREEN
103,0.8933,standing,standing,1,GREEN
103,0.9284,standing,standing,1,GREEN
103,0.9011,standing,standing,1,GREEN
103,0.8053,standing,standing,1,GREEN
103,0.8355,standing,standing,1,GREEN
103,0.9346,standing,standing,1,GREEN
103,0.9255,standing,standing,1,GREEN
103,0.936,standing,standing,1,GREEN
103,0.9566,standing,standing,1,GREEN
103,0.8372,standing,standing,1,GREEN
103,0.9271,standing,standing,1,GREEN
103,0.9585,standing,standing,1,GREEN
103,0.976,standing,standing,1,GREEN
103,0.9827,standing,standing,1,GREEN
103,0.9793,standing,standing,1,GREEN
103,0.9777,standing,standing,1,GREEN
103,0.9848,standing,standing,1,GREEN
103,0.9816,standing,standing,1,GREEN
103,0.9709,standing,standing,1,GREEN
103,0.9565,standing,standing,1,GREEN
103,0.9798,standing,standing,1,GREEN
103,0.933,standing,standing,1,GREEN
103,0.9166,standing,standing,1,GREEN
103,0.8895,standing,standing,1,GREEN
103,0.9355,standing,standing,1,GREEN
103,0.9492,standing,standing,1,GREEN
103,0.9511,standing,standing,1,GREEN
103,0.921,standing,standing,1,GREEN
103,0.859,standing,standing,1,GREEN
103,0.8134,standing,standing,1,GREEN
103,0.5995,standing,standing,1,YELLOW
103,0.6841,standing,standing,1,YELLOW
103,0.6789,standing,standing,1,YELLOW
103,0.5207,standing,standing,1,YELLOW
103,0.5779,standing,standing,1,YELLOW
103,0.7064,standing,standing,1,YELLOW
103,0.6023,standing,standing,1,YELLOW
103,0.5885,standing,standing,1,YELLOW
103,0.5135,standing,standing,1,YELLOW
103,0.5325,standing,standing,1,YELLOW
103,0.5031,standing,standing,1,YELLOW
103,0.5578,standing,standing,1,YELLOW
103,0.4371,standing,standing,1,RED
103,0.4776,standing,standing,1,YELLOW
103,0.4309,standing,standing,1,RED
103,0.4864,standing,standing,1,YELLOW
103,0.4713,standing,standing,1,YELLOW
103,0.4451,standing,standing,1,RED
103,0.4302,standing,standing,1,RED
103,0.4682,standing,standing,1,YELLOW
103,0.4757,standing,standing,1,YELLOW
103,0.4077,standing,standing,1,RED
103,0.4648,standing,standing,1,YELLOW
103,0.5026,standing,standing,1,YELLOW
103,0.5321,sitting,ironing,0,YELLOW
103,0.4581,sitting,ironing,0,YELLOW
103,0.4639,standing,ironing,0,YELLOW
103,0.5937,standing,ironing,0,YELLOW
103,0.6326,standing,ironing,0,YELLOW
103,0.6133,standing,ironing,0,YELLOW
103,0.388,sitting,ironing,0,RED
103,0.3749,standing,ironing,0,RED
103,0.4588,standing,ironing,0,YELLOW
103,0.4922,standing,ironing,0,YELLOW
103,0.6685,standing,ironing,0,YELLOW
103,0.4036,stairs_up,ironing,0,RED
103,0.3585,stairs_up,ironing,0,RED
103,0.623,ironing,ironing,1,YELLOW
103,0.8247,ironing,ironing,1,GREEN
103,0.6364,ironing,ironing,1,YELLOW
103,0.6444,ironing,ironing,1,YELLOW
103,0.6843,ironing,ironing,1,YELLOW
103,0.518,ironing,ironing,1,YELLOW
103,0.4795,ironing,ironing,1,YELLOW
103,0.9102,ironing,ironing,1,GREEN
103,0.7993,ironing,ironing,1,GREEN
103,0.6081,ironing,ironing,1,YELLOW
103,0.7442,ironing,ironing,1,YELLOW
103,0.9565,ironing,ironing,1,GREEN
103,0.8981,ironing,ironing,1,GREEN
103,0.7514,ironing,ironing,1,GREEN
103,0.8025,ironing,ironing,1,GREEN
103,0.7738,ironing,ironing,1,GREEN
103,0.6976,ironing,ironing,1,YELLOW
103,0.6778,ironing,ironing,1,YELLOW
103,0.888,ironing,ironing,1,GREEN
103,0.9706,ironing,ironing,1,GREEN
103,0.9849,ironing,ironing,1,GREEN
103,0.943,ironing,ironing,1,GREEN
103,0.9713,ironing,ironing,1,GREEN
103,0.8888,ironing,ironing,1,GREEN
103,0.7751,ironing,ironing,1,GREEN
103,0.7985,ironing,ironing,1,GREEN
103,0.7315,ironing,ironing,1,YELLOW
103,0.8571,ironing,ironing,1,GREEN
103,0.9799,ironing,ironing,1,GREEN
103,0.99,ironing,ironing,1,GREEN
103,0.834,ironing,ironing,1,GREEN
103,0.851,ironing,ironing,1,GREEN
103,0.8397,ironing,ironing,1,GREEN
103,0.9695,ironing,ironing,1,GREEN
103,0.9783,ironing,ironing,1,GREEN
103,0.9677,ironing,ironing,1,GREEN
103,0.9559,ironing,ironing,1,GREEN
103,0.8824,ironing,ironing,1,GREEN
103,0.8504,ironing,ironing,1,GREEN
103,0.8513,ironing,ironing,1,GREEN
103,0.8203,ironing,ironing,1,GREEN
103,0.7918,ironing,ironing,1,GREEN
103,0.8651,ironing,ironing,1,GREEN
103,0.8957,ironing,ironing,1,GREEN
103,0.9046,ironing,ironing,1,GREEN
103,0.8943,ironing,ironing,1,GREEN
103,0.8911,ironing,ironing,1,GREEN
103,0.9309,ironing,ironing,1,GREEN
103,0.8934,ironing,ironing,1,GREEN
103,0.8852,ironing,ironing,1,GREEN
103,0.8377,ironing,ironing,1,GREEN
103,0.9055,ironing,ironing,1,GREEN
103,0.8552,ironing,ironing,1,GREEN
103,0.7406,ironing,ironing,1,YELLOW
103,0.6806,ironing,ironing,1,YELLOW
103,0.8322,ironing,ironing,1,GREEN
103,0.8677,ironing,ironing,1,GREEN
103,0.893,ironing,ironing,1,GREEN
103,0.8346,ironing,ironing,1,GREEN
103,0.8203,ironing,ironing,1,GREEN
103,0.9283,ironing,ironing,1,GREEN
103,0.9389,ironing,ironing,1,GREEN
103,0.8573,ironing,ironing,1,GREEN
103,0.8673,ironing,ironing,1,GREEN
103,0.4844,standing,ironing,0,YELLOW
103,0.5864,standing,ironing,0,YELLOW
103,0.5817,ironing,ironing,1,YELLOW
103,0.8673,ironing,ironing,1,GREEN
103,0.9334,ironing,ironing,1,GREEN
103,0.9001,ironing,ironing,1,GREEN
103,0.9032,ironing,ironing,1,GREEN
103,0.8451,ironing,ironing,1,GREEN
103,0.7891,ironing,ironing,1,GREEN
103,0.8456,ironing,ironing,1,GREEN
103,0.8795,ironing,ironing,1,GREEN
103,0.913,ironing,ironing,1,GREEN
103,0.8857,ironing,ironing,1,GREEN
103,0.8307,ironing,ironing,1,GREEN
103,0.7725,ironing,ironing,1,GREEN
103,0.8872,ironing,ironing,1,GREEN
103,0.9236,ironing,ironing,1,GREEN
103,0.8635,ironing,ironing,1,GREEN
103,0.8255,ironing,ironing,1,GREEN
103,0.7731,ironing,ironing,1,GREEN
103,0.8395,ironing,ironing,1,GREEN
103,0.9684,ironing,ironing,1,GREEN
103,0.9784,ironing,ironing,1,GREEN
103,0.9826,ironing,ironing,1,GREEN
103,0.9784,ironing,ironing,1,GREEN
103,0.9608,ironing,ironing,1,GREEN
103,0.9804,ironing,ironing,1,GREEN
103,0.9784,ironing,ironing,1,GREEN
103,0.9638,ironing,ironing,1,GREEN
103,0.9471,ironing,ironing,1,GREEN
103,0.8254,ironing,ironing,1,GREEN
103,0.4573,ironing,ironing,1,YELLOW
103,0.7166,ironing,ironing,1,YELLOW
103,0.823,ironing,ironing,1,GREEN
103,0.6533,ironing,ironing,1,YELLOW
103,0.5451,ironing,ironing,1,YELLOW
103,0.6098,ironing,ironing,1,YELLOW
103,0.7479,ironing,ironing,1,YELLOW
103,0.7266,ironing,ironing,1,YELLOW
103,0.7604,ironing,ironing,1,GREEN
103,0.8087,ironing,ironing,1,GREEN
103,0.5917,ironing,ironing,1,YELLOW
103,0.4738,ironing,ironing,1,YELLOW
103,0.7236,ironing,ironing,1,YELLOW
103,0.8243,ironing,ironing,1,GREEN
103,0.9203,ironing,ironing,1,GREEN
103,0.9429,ironing,ironing,1,GREEN
103,0.8987,ironing,ironing,1,GREEN
103,0.8207,ironing,ironing,1,GREEN
103,0.9438,ironing,ironing,1,GREEN
103,0.954,ironing,ironing,1,GREEN
103,0.9949,ironing,ironing,1,GREEN
103,0.9956,ironing,ironing,1,GREEN
103,0.9265,ironing,ironing,1,GREEN
103,0.9493,ironing,ironing,1,GREEN
103,0.9809,ironing,ironing,1,GREEN
103,0.9075,ironing,ironing,1,GREEN
103,0.9067,ironing,ironing,1,GREEN
103,0.8292,ironing,ironing,1,GREEN
103,0.8784,ironing,ironing,1,GREEN
103,0.9477,ironing,ironing,1,GREEN
103,0.9053,ironing,ironing,1,GREEN
103,0.8752,ironing,ironing,1,GREEN
103,0.7797,ironing,ironing,1,GREEN
103,0.7672,ironing,ironing,1,GREEN
103,0.4464,ironing,ironing,1,RED
103,0.3636,vacuuming,ironing,0,RED
103,0.3447,vacuuming,ironing,0,RED
103,0.3888,vacuuming,ironing,0,RED
103,0.4491,standing,ironing,0,RED
103,0.6422,standing,ironing,0,YELLOW
103,0.404,ironing,ironing,1,RED
103,0.5894,ironing,ironing,1,YELLOW
103,0.4695,ironing,ironing,1,YELLOW
103,0.5551,ironing,ironing,1,YELLOW
103,0.5202,ironing,ironing,1,YELLOW
103,0.6133,ironing,ironing,1,YELLOW
103,0.6228,ironing,ironing,1,YELLOW
103,0.7093,ironing,ironing,1,YELLOW
103,0.4835,ironing,ironing,1,YELLOW
103,0.3604,vacuuming,ironing,0,RED
103,0.3839,vacuuming,ironing,0,RED
103,0.406,vacuuming,ironing,0,RED
103,0.6848,ironing,ironing,1,YELLOW
103,0.5146,ironing,ironing,1,YELLOW
103,0.6313,ironing,ironing,1,YELLOW
103,0.6306,ironing,ironing,1,YELLOW
103,0.6119,ironing,ironing,1,YELLOW
103,0.6442,ironing,ironing,1,YELLOW
103,0.7154,ironing,ironing,1,YELLOW
103,0.7248,ironing,ironing,1,YELLOW
103,0.5784,ironing,ironing,1,YELLOW
103,0.547,ironing,ironing,1,YELLOW
103,0.4912,ironing,ironing,1,YELLOW
103,0.463,standing,ironing,0,YELLOW
103,0.4765,ironing,ironing,1,YELLOW
103,0.6864,ironing,ironing,1,YELLOW
103,0.8058,ironing,ironing,1,GREEN
103,0.8609,ironing,ironing,1,GREEN
103,0.8951,ironing,ironing,1,GREEN
103,0.8908,ironing,ironing,1,GREEN
103,0.8653,ironing,ironing,1,GREEN
103,0.8366,ironing,ironing,1,GREEN
103,0.7942,ironing,ironing,1,GREEN
103,0.8495,ironing,ironing,1,GREEN
103,0.9054,ironing,ironing,1,GREEN
103,0.9679,ironing,ironing,1,GREEN
103,0.9829,ironing,ironing,1,GREEN
103,0.9848,ironing,ironing,1,GREEN
103,0.994,ironing,ironing,1,GREEN
103,0.9133,ironing,ironing,1,GREEN
103,0.9571,ironing,ironing,1,GREEN
103,0.8963,ironing,ironing,1,GREEN
103,0.9749,ironing,ironing,1,GREEN
103,0.9913,ironing,ironing,1,GREEN
103,0.979,ironing,ironing,1,GREEN
103,0.9451,ironing,ironing,1,GREEN
103,0.8619,ironing,ironing,1,GREEN
103,0.9854,ironing,ironing,1,GREEN
103,0.9758,ironing,ironing,1,GREEN
103,0.9748,ironing,ironing,1,GREEN
103,0.9512,ironing,ironing,1,GREEN
103,0.8972,ironing,ironing,1,GREEN
103,0.8105,ironing,ironing,1,GREEN
103,0.8543,ironing,ironing,1,GREEN
103,0.851,ironing,ironing,1,GREEN
103,0.6847,ironing,ironing,1,YELLOW
103,0.5121,ironing,ironing,1,YELLOW
103,0.6577,ironing,ironing,1,YELLOW
103,0.8742,ironing,ironing,1,GREEN
103,0.9319,ironing,ironing,1,GREEN
103,0.9122,ironing,ironing,1,GREEN
103,0.9157,ironing,ironing,1,GREEN
103,0.9085,ironing,ironing,1,GREEN
103,0.9075,ironing,ironing,1,GREEN
103,0.8274,ironing,ironing,1,GREEN
103,0.7349,ironing,ironing,1,YELLOW
103,0.7763,ironing,ironing,1,GREEN
103,0.887,ironing,ironing,1,GREEN
103,0.7962,ironing,ironing,1,GREEN
103,0.8461,ironing,ironing,1,GREEN
103,0.8305,ironing,ironing,1,GREEN
103,0.8721,ironing,ironing,1,GREEN
103,0.869,ironing,ironing,1,GREEN
103,0.8374,ironing,ironing,1,GREEN
103,0.7868,ironing,ironing,1,GREEN
103,0.7621,ironing,ironing,1,GREEN
103,0.7704,ironing,ironing,1,GREEN
103,0.7825,ironing,ironing,1,GREEN
103,0.8293,ironing,ironing,1,GREEN
103,0.8762,ironing,ironing,1,GREEN
103,0.8552,ironing,ironing,1,GREEN
103,0.8617,ironing,ironing,1,GREEN
103,0.5676,ironing,ironing,1,YELLOW
103,0.4693,ironing,ironing,1,YELLOW
103,0.5567,ironing,ironing,1,YELLOW
103,0.8352,ironing,ironing,1,GREEN
103,0.9288,ironing,ironing,1,GREEN
103,0.9243,ironing,ironing,1,GREEN
103,0.9397,ironing,ironing,1,GREEN
103,0.9029,ironing,ironing,1,GREEN
103,0.7308,ironing,ironing,1,YELLOW
103,0.6709,ironing,ironing,1,YELLOW
103,0.7129,ironing,ironing,1,YELLOW
103,0.8171,ironing,ironing,1,GREEN
103,0.8437,ironing,ironing,1,GREEN
103,0.8269,ironing,ironing,1,GREEN
103,0.8081,ironing,ironing,1,GREEN
103,0.8806,ironing,ironing,1,GREEN
103,0.9551,ironing,ironing,1,GREEN
103,0.9872,ironing,ironing,1,GREEN
103,0.9798,ironing,ironing,1,GREEN
103,0.9755,ironing,ironing,1,GREEN
103,0.9788,ironing,ironing,1,GREEN
103,0.8692,ironing,ironing,1,GREEN
103,0.8349,ironing,ironing,1,GREEN
103,0.8811,ironing,ironing,1,GREEN
103,0.9393,ironing,ironing,1,GREEN
103,0.9081,ironing,ironing,1,GREEN
103,0.9231,ironing,ironing,1,GREEN
103,0.9288,ironing,ironing,1,GREEN
103,0.9707,ironing,ironing,1,GREEN
103,0.9831,ironing,ironing,1,GREEN
103,0.9903,ironing,ironing,1,GREEN
103,0.9745,ironing,ironing,1,GREEN
103,0.9069,ironing,ironing,1,GREEN
103,0.894,ironing,ironing,1,GREEN
103,0.907,ironing,ironing,1,GREEN
103,0.9306,ironing,ironing,1,GREEN
103,0.9779,ironing,ironing,1,GREEN
103,0.9925,ironing,ironing,1,GREEN
103,0.9247,ironing,ironing,1,GREEN
103,0.9537,ironing,ironing,1,GREEN
103,0.986,ironing,ironing,1,GREEN
103,0.9927,ironing,ironing,1,GREEN
103,0.9785,ironing,ironing,1,GREEN
103,0.995,ironing,ironing,1,GREEN
103,0.9801,ironing,ironing,1,GREEN
103,0.8849,ironing,ironing,1,GREEN
103,0.6825,ironing,ironing,1,YELLOW
103,0.5604,ironing,ironing,1,YELLOW
103,0.6888,ironing,ironing,1,YELLOW
103,0.794,ironing,ironing,1,GREEN
103,0.7647,ironing,ironing,1,GREEN
103,0.4559,ironing,ironing,1,YELLOW
103,0.5246,standing,ironing,0,YELLOW
103,0.6465,standing,ironing,0,YELLOW
103,0.6001,ironing,ironing,1,YELLOW
103,0.9205,ironing,ironing,1,GREEN
103,0.9456,ironing,ironing,1,GREEN
103,0.9232,ironing,ironing,1,GREEN
103,0.9382,ironing,ironing,1,GREEN
103,0.9199,ironing,ironing,1,GREEN
103,0.9215,ironing,ironing,1,GREEN
103,0.8599,ironing,ironing,1,GREEN
103,0.8249,ironing,ironing,1,GREEN
103,0.8795,ironing,ironing,1,GREEN
103,0.9079,ironing,ironing,1,GREEN
103,0.9176,ironing,ironing,1,GREEN
103,0.9164,ironing,ironing,1,GREEN
103,0.8625,ironing,ironing,1,GREEN
103,0.7876,ironing,ironing,1,GREEN
103,0.6297,ironing,ironing,1,YELLOW
103,0.4882,ironing,ironing,1,YELLOW
103,0.4772,ironing,ironing,1,YELLOW
103,0.6184,ironing,ironing,1,YELLOW
103,0.7497,ironing,ironing,1,YELLOW
103,0.7094,ironing,ironing,1,YELLOW
103,0.6854,ironing,ironing,1,YELLOW
103,0.7921,ironing,ironing,1,GREEN
103,0.7602,ironing,ironing,1,GREEN
103,0.7153,ironing,ironing,1,YELLOW
103,0.7366,ironing,ironing,1,YELLOW
103,0.7502,ironing,ironing,1,GREEN
103,0.7287,ironing,ironing,1,YELLOW
103,0.5635,ironing,ironing,1,YELLOW
103,0.225,ironing,ironing,1,RED
103,0.2305,cycling,ironing,0,RED
103,0.613,vacuuming,ironing,0,YELLOW
103,0.8753,vacuuming,ironing,0,GREEN
103,0.8076,vacuuming,ironing,0,GREEN
103,0.5897,vacuuming,ironing,0,YELLOW
103,0.4391,vacuuming,ironing,0,RED
103,0.568,ironing,ironing,1,YELLOW
103,0.8041,ironing,ironing,1,GREEN
103,0.8856,ironing,ironing,1,GREEN
103,0.8408,ironing,ironing,1,GREEN
103,0.7361,ironing,ironing,1,YELLOW
103,0.7907,ironing,ironing,1,GREEN
103,0.8542,ironing,ironing,1,GREEN
103,0.8337,ironing,ironing,1,GREEN
103,0.8017,ironing,ironing,1,GREEN
103,0.746,ironing,ironing,1,YELLOW
103,0.7841,ironing,ironing,1,GREEN
103,0.9017,ironing,ironing,1,GREEN
103,0.8892,ironing,ironing,1,GREEN
103,0.9432,ironing,ironing,1,GREEN
103,0.8375,ironing,ironing,1,GREEN
103,0.7481,ironing,ironing,1,YELLOW
103,0.7983,ironing,ironing,1,GREEN
103,0.7899,ironing,ironing,1,GREEN
103,0.762,ironing,ironing,1,GREEN
103,0.7454,ironing,ironing,1,YELLOW
103,0.7976,ironing,ironing,1,GREEN
103,0.7888,ironing,ironing,1,GREEN
103,0.7844,ironing,ironing,1,GREEN
103,0.7831,ironing,ironing,1,GREEN
103,0.7943,ironing,ironing,1,GREEN
103,0.7193,ironing,ironing,1,YELLOW
103,0.8686,ironing,ironing,1,GREEN
103,0.9365,ironing,ironing,1,GREEN
103,0.9584,ironing,ironing,1,GREEN
103,0.9654,ironing,ironing,1,GREEN
103,0.9147,ironing,ironing,1,GREEN
103,0.9298,ironing,ironing,1,GREEN
103,0.881,ironing,ironing,1,GREEN
103,0.6842,ironing,ironing,1,YELLOW
103,0.6622,ironing,ironing,1,YELLOW
103,0.8225,ironing,ironing,1,GREEN
103,0.768,ironing,ironing,1,GREEN
103,0.7856,ironing,ironing,1,GREEN
103,0.7796,ironing,ironing,1,GREEN
103,0.7525,ironing,ironing,1,GREEN
103,0.8904,ironing,ironing,1,GREEN
103,0.792,ironing,ironing,1,GREEN
103,0.8952,ironing,ironing,1,GREEN
103,0.9872,ironing,ironing,1,GREEN
103,0.9687,ironing,ironing,1,GREEN
103,0.9403,ironing,ironing,1,GREEN
103,0.8968,ironing,ironing,1,GREEN
103,0.8856,ironing,ironing,1,GREEN
103,0.9098,ironing,ironing,1,GREEN
103,0.8924,ironing,ironing,1,GREEN
103,0.8533,ironing,ironing,1,GREEN
103,0.8355,ironing,ironing,1,GREEN
103,0.8368,ironing,ironing,1,GREEN
103,0.8704,ironing,ironing,1,GREEN
103,0.9129,ironing,ironing,1,GREEN
103,0.8991,ironing,ironing,1,GREEN
103,0.88,ironing,ironing,1,GREEN
103,0.938,ironing,ironing,1,GREEN
103,0.9493,ironing,ironing,1,GREEN
103,0.8645,ironing,ironing,1,GREEN
103,0.9055,ironing,ironing,1,GREEN
103,0.9141,ironing,ironing,1,GREEN
103,0.8955,ironing,ironing,1,GREEN
103,0.9153,ironing,ironing,1,GREEN
103,0.9046,ironing,ironing,1,GREEN
103,0.8846,ironing,ironing,1,GREEN
103,0.9246,ironing,ironing,1,GREEN
103,0.9516,ironing,ironing,1,GREEN
103,0.9708,ironing,ironing,1,GREEN
103,0.9846,ironing,ironing,1,GREEN
103,0.9879,ironing,ironing,1,GREEN
103,0.9893,ironing,ironing,1,GREEN
103,0.9917,ironing,ironing,1,GREEN
103,0.9839,ironing,ironing,1,GREEN
103,0.9442,ironing,ironing,1,GREEN
103,0.9355,ironing,ironing,1,GREEN
103,0.977,ironing,ironing,1,GREEN
103,0.9949,ironing,ironing,1,GREEN
103,0.9925,ironing,ironing,1,GREEN
103,0.9904,ironing,ironing,1,GREEN
103,0.9872,ironing,ironing,1,GREEN
103,0.9986,ironing,ironing,1,GREEN
103,0.9994,ironing,ironing,1,GREEN
103,0.9986,ironing,ironing,1,GREEN
103,0.9977,ironing,ironing,1,GREEN
103,0.9837,ironing,ironing,1,GREEN
103,0.9578,ironing,ironing,1,GREEN
103,0.9059,ironing,ironing,1,GREEN
103,0.9771,ironing,ironing,1,GREEN
103,0.9483,ironing,ironing,1,GREEN
103,0.9159,ironing,ironing,1,GREEN
103,0.9809,ironing,ironing,1,GREEN
103,0.9371,ironing,ironing,1,GREEN
103,0.9093,ironing,ironing,1,GREEN
103,0.9626,ironing,ironing,1,GREEN
103,0.9722,ironing,ironing,1,GREEN
103,0.9262,ironing,ironing,1,GREEN
103,0.9238,ironing,ironing,1,GREEN
103,0.815,ironing,ironing,1,GREEN
103,0.7767,ironing,ironing,1,GREEN
103,0.9138,ironing,ironing,1,GREEN
103,0.9476,ironing,ironing,1,GREEN
103,0.9946,ironing,ironing,1,GREEN
103,0.9918,ironing,ironing,1,GREEN
103,0.9774,ironing,ironing,1,GREEN
103,0.9726,ironing,ironing,1,GREEN
103,0.9591,ironing,ironing,1,GREEN
103,0.8569,ironing,ironing,1,GREEN
103,0.6924,ironing,ironing,1,YELLOW
103,0.7937,ironing,ironing,1,GREEN
103,0.9385,ironing,ironing,1,GREEN
103,0.9958,ironing,ironing,1,GREEN
103,0.8918,ironing,ironing,1,GREEN
103,0.8521,ironing,ironing,1,GREEN
103,0.995,ironing,ironing,1,GREEN
103,0.9564,ironing,ironing,1,GREEN
103,0.9488,ironing,ironing,1,GREEN
103,0.9763,ironing,ironing,1,GREEN
103,0.962,ironing,ironing,1,GREEN
103,0.9955,ironing,ironing,1,GREEN
103,0.9947,ironing,ironing,1,GREEN
103,0.9977,ironing,ironing,1,GREEN
103,0.9856,ironing,ironing,1,GREEN
103,0.9232,ironing,ironing,1,GREEN
103,0.8575,ironing,ironing,1,GREEN
103,0.793,ironing,ironing,1,GREEN
103,0.8046,ironing,ironing,1,GREEN
103,0.5662,ironing,ironing,1,YELLOW
103,0.4837,ironing,ironing,1,YELLOW
103,0.7048,ironing,ironing,1,YELLOW
103,0.8515,ironing,ironing,1,GREEN
103,0.9065,ironing,ironing,1,GREEN
103,0.8309,ironing,ironing,1,GREEN
103,0.6575,ironing,ironing,1,YELLOW
103,0.5202,ironing,ironing,1,YELLOW
103,0.7987,ironing,ironing,1,GREEN
103,0.9536,ironing,ironing,1,GREEN
103,0.9774,ironing,ironing,1,GREEN
103,0.9714,ironing,ironing,1,GREEN
103,0.9207,ironing,ironing,1,GREEN
103,0.9081,ironing,ironing,1,GREEN
103,0.9028,ironing,ironing,1,GREEN
103,0.9492,ironing,ironing,1,GREEN
103,0.9833,ironing,ironing,1,GREEN
103,0.9558,ironing,ironing,1,GREEN
103,0.9764,ironing,ironing,1,GREEN
103,0.9268,ironing,ironing,1,GREEN
103,0.9701,ironing,ironing,1,GREEN
103,0.9077,ironing,ironing,1,GREEN
103,0.7699,ironing,ironing,1,GREEN
103,0.8823,ironing,ironing,1,GREEN
103,0.856,ironing,ironing,1,GREEN
103,0.9217,ironing,ironing,1,GREEN
103,0.9826,ironing,ironing,1,GREEN
103,0.9945,ironing,ironing,1,GREEN
103,0.9904,ironing,ironing,1,GREEN
103,0.9869,ironing,ironing,1,GREEN
103,0.9271,ironing,ironing,1,GREEN
103,0.9024,ironing,ironing,1,GREEN
103,0.913,ironing,ironing,1,GREEN
103,0.9185,ironing,ironing,1,GREEN
103,0.928,ironing,ironing,1,GREEN
103,0.9923,ironing,ironing,1,GREEN
103,0.9914,ironing,ironing,1,GREEN
103,0.9934,ironing,ironing,1,GREEN
103,0.9971,ironing,ironing,1,GREEN
103,0.9906,ironing,ironing,1,GREEN
103,0.981,ironing,ironing,1,GREEN
103,0.9796,ironing,ironing,1,GREEN
103,0.9807,ironing,ironing,1,GREEN
103,0.991,ironing,ironing,1,GREEN
103,0.9477,ironing,ironing,1,GREEN
103,0.824,ironing,ironing,1,GREEN
103,0.7368,ironing,ironing,1,YELLOW
103,0.7623,ironing,ironing,1,GREEN
103,0.7922,ironing,ironing,1,GREEN
103,0.8557,ironing,ironing,1,GREEN
103,0.905,ironing,ironing,1,GREEN
103,0.8686,ironing,ironing,1,GREEN
103,0.9487,ironing,ironing,1,GREEN
103,0.9788,ironing,ironing,1,GREEN
103,0.94,ironing,ironing,1,GREEN
103,0.7464,ironing,ironing,1,YELLOW
103,0.6012,ironing,ironing,1,YELLOW
103,0.5355,ironing,ironing,1,YELLOW
103,0.8801,ironing,ironing,1,GREEN
103,0.9724,ironing,ironing,1,GREEN
103,0.9687,ironing,ironing,1,GREEN
103,0.9164,ironing,ironing,1,GREEN
103,0.9204,ironing,ironing,1,GREEN
103,0.939,ironing,ironing,1,GREEN
103,0.962,ironing,ironing,1,GREEN
103,0.9881,ironing,ironing,1,GREEN
103,0.9843,ironing,ironing,1,GREEN
103,0.9736,ironing,ironing,1,GREEN
103,0.9347,ironing,ironing,1,GREEN
103,0.9431,ironing,ironing,1,GREEN
103,0.9267,ironing,ironing,1,GREEN
103,0.8647,ironing,ironing,1,GREEN
103,0.8798,ironing,ironing,1,GREEN
103,0.8775,ironing,ironing,1,GREEN
103,0.8792,ironing,ironing,1,GREEN
103,0.849,ironing,ironing,1,GREEN
103,0.781,ironing,ironing,1,GREEN
103,0.8671,ironing,ironing,1,GREEN
103,0.9737,ironing,ironing,1,GREEN
103,0.9928,ironing,ironing,1,GREEN
103,0.9698,ironing,ironing,1,GREEN
103,0.8967,ironing,ironing,1,GREEN
103,0.7878,ironing,ironing,1,GREEN
103,0.6455,ironing,ironing,1,YELLOW
103,0.7206,ironing,ironing,1,YELLOW
103,0.9218,ironing,ironing,1,GREEN
103,0.948,ironing,ironing,1,GREEN
103,0.9438,ironing,ironing,1,GREEN
103,0.857,ironing,ironing,1,GREEN
103,0.9092,ironing,ironing,1,GREEN
103,0.9704,ironing,ironing,1,GREEN
103,0.9904,ironing,ironing,1,GREEN
103,0.9816,ironing,ironing,1,GREEN
103,0.9074,ironing,ironing,1,GREEN
103,0.7648,ironing,ironing,1,GREEN
103,0.8942,ironing,ironing,1,GREEN
103,0.932,ironing,ironing,1,GREEN
103,0.8824,ironing,ironing,1,GREEN
103,0.7715,ironing,ironing,1,GREEN
103,0.8033,ironing,ironing,1,GREEN
103,0.6208,standing,ironing,0,YELLOW
103,0.5555,ironing,ironing,1,YELLOW
103,0.6258,ironing,ironing,1,YELLOW
103,0.7368,ironing,ironing,1,YELLOW
103,0.8232,ironing,ironing,1,GREEN
103,0.8003,ironing,ironing,1,GREEN
103,0.7394,ironing,ironing,1,YELLOW
103,0.7218,ironing,ironing,1,YELLOW
103,0.702,ironing,ironing,1,YELLOW
103,0.4369,ironing,ironing,1,RED
103,0.6434,sitting,vacuuming,0,YELLOW
103,0.5482,sitting,vacuuming,0,YELLOW
103,0.4703,sitting,vacuuming,0,YELLOW
103,0.4858,sitting,vacuuming,0,YELLOW
103,0.5705,sitting,vacuuming,0,YELLOW
103,0.5348,sitting,vacuuming,0,YELLOW
103,0.528,sitting,vacuuming,0,YELLOW
103,0.4659,sitting,vacuuming,0,YELLOW
103,0.3739,standing,vacuuming,0,RED
103,0.4777,vacuuming,vacuuming,1,YELLOW
103,0.8249,vacuuming,vacuuming,1,GREEN
103,0.8591,vacuuming,vacuuming,1,GREEN
103,0.7611,vacuuming,vacuuming,1,GREEN
103,0.7142,vacuuming,vacuuming,1,YELLOW
103,0.8043,vacuuming,vacuuming,1,GREEN
103,0.9022,vacuuming,vacuuming,1,GREEN
103,0.9937,vacuuming,vacuuming,1,GREEN
103,0.997,vacuuming,vacuuming,1,GREEN
103,0.9956,vacuuming,vacuuming,1,GREEN
103,0.8848,vacuuming,vacuuming,1,GREEN
103,0.8205,vacuuming,vacuuming,1,GREEN
103,0.9508,vacuuming,vacuuming,1,GREEN
103,0.9797,vacuuming,vacuuming,1,GREEN
103,0.9253,vacuuming,vacuuming,1,GREEN
103,0.8923,vacuuming,vacuuming,1,GREEN
103,0.9862,vacuuming,vacuuming,1,GREEN
103,0.991,vacuuming,vacuuming,1,GREEN
103,0.9915,vacuuming,vacuuming,1,GREEN
103,0.9743,vacuuming,vacuuming,1,GREEN
103,0.9835,vacuuming,vacuuming,1,GREEN
103,0.9919,vacuuming,vacuuming,1,GREEN
103,0.9649,vacuuming,vacuuming,1,GREEN
103,0.7294,vacuuming,vacuuming,1,YELLOW
103,0.5882,vacuuming,vacuuming,1,YELLOW
103,0.487,standing,vacuuming,0,YELLOW
103,0.3471,vacuuming,vacuuming,1,RED
103,0.7465,vacuuming,vacuuming,1,YELLOW
103,0.9475,vacuuming,vacuuming,1,GREEN
103,0.977,vacuuming,vacuuming,1,GREEN
103,0.6328,vacuuming,vacuuming,1,YELLOW
103,0.8057,vacuuming,vacuuming,1,GREEN
103,0.9669,vacuuming,vacuuming,1,GREEN
103,0.9864,vacuuming,vacuuming,1,GREEN
103,0.9873,vacuuming,vacuuming,1,GREEN
103,0.9857,vacuuming,vacuuming,1,GREEN
103,0.9747,vacuuming,vacuuming,1,GREEN
103,0.9732,vacuuming,vacuuming,1,GREEN
103,0.9959,vacuuming,vacuuming,1,GREEN
103,0.9623,vacuuming,vacuuming,1,GREEN
103,0.9581,vacuuming,vacuuming,1,GREEN
103,0.983,vacuuming,vacuuming,1,GREEN
103,0.9925,vacuuming,vacuuming,1,GREEN
103,0.9844,vacuuming,vacuuming,1,GREEN
103,0.9776,vacuuming,vacuuming,1,GREEN
103,0.9864,vacuuming,vacuuming,1,GREEN
103,0.9789,vacuuming,vacuuming,1,GREEN
103,0.9905,vacuuming,vacuuming,1,GREEN
103,0.9861,vacuuming,vacuuming,1,GREEN
103,0.9944,vacuuming,vacuuming,1,GREEN
103,0.9954,vacuuming,vacuuming,1,GREEN
103,0.9897,vacuuming,vacuuming,1,GREEN
103,0.9953,vacuuming,vacuuming,1,GREEN
103,0.9887,vacuuming,vacuuming,1,GREEN
103,0.9737,vacuuming,vacuuming,1,GREEN
103,0.9725,vacuuming,vacuuming,1,GREEN
103,0.9706,vacuuming,vacuuming,1,GREEN
103,0.9798,vacuuming,vacuuming,1,GREEN
103,0.9226,vacuuming,vacuuming,1,GREEN
103,0.9752,vacuuming,vacuuming,1,GREEN
103,0.9496,vacuuming,vacuuming,1,GREEN
103,0.9442,vacuuming,vacuuming,1,GREEN
103,0.863,vacuuming,vacuuming,1,GREEN
103,0.9403,vacuuming,vacuuming,1,GREEN
103,0.9647,vacuuming,vacuuming,1,GREEN
103,0.9707,vacuuming,vacuuming,1,GREEN
103,0.958,vacuuming,vacuuming,1,GREEN
103,0.9622,vacuuming,vacuuming,1,GREEN
103,0.8556,vacuuming,vacuuming,1,GREEN
103,0.7535,vacuuming,vacuuming,1,GREEN
103,0.9142,vacuuming,vacuuming,1,GREEN
103,0.9758,vacuuming,vacuuming,1,GREEN
103,0.9401,vacuuming,vacuuming,1,GREEN
103,0.6353,vacuuming,vacuuming,1,YELLOW
103,0.9621,vacuuming,vacuuming,1,GREEN
103,0.9802,vacuuming,vacuuming,1,GREEN
103,0.9804,vacuuming,vacuuming,1,GREEN
103,0.9903,vacuuming,vacuuming,1,GREEN
103,0.9885,vacuuming,vacuuming,1,GREEN
103,0.9912,vacuuming,vacuuming,1,GREEN
103,0.9916,vacuuming,vacuuming,1,GREEN
103,0.9848,vacuuming,vacuuming,1,GREEN
103,0.9858,vacuuming,vacuuming,1,GREEN
103,0.9949,vacuuming,vacuuming,1,GREEN
103,0.9853,vacuuming,vacuuming,1,GREEN
103,0.9701,vacuuming,vacuuming,1,GREEN
103,0.9785,vacuuming,vacuuming,1,GREEN
103,0.9768,vacuuming,vacuuming,1,GREEN
103,0.9223,vacuuming,vacuuming,1,GREEN
103,0.9041,vacuuming,vacuuming,1,GREEN
103,0.8628,vacuuming,vacuuming,1,GREEN
103,0.8597,vacuuming,vacuuming,1,GREEN
103,0.8326,vacuuming,vacuuming,1,GREEN
103,0.4934,vacuuming,vacuuming,1,YELLOW
103,0.4555,vacuuming,vacuuming,1,YELLOW
103,0.5605,vacuuming,vacuuming,1,YELLOW
103,0.8472,vacuuming,vacuuming,1,GREEN
103,0.8594,vacuuming,vacuuming,1,GREEN
103,0.7949,vacuuming,vacuuming,1,GREEN
103,0.8713,vacuuming,vacuuming,1,GREEN
103,0.9304,vacuuming,vacuuming,1,GREEN
103,0.968,vacuuming,vacuuming,1,GREEN
103,0.7089,vacuuming,vacuuming,1,YELLOW
103,0.9148,vacuuming,vacuuming,1,GREEN
103,0.9911,vacuuming,vacuuming,1,GREEN
103,0.9442,vacuuming,vacuuming,1,GREEN
103,0.9466,vacuuming,vacuuming,1,GREEN
103,0.8937,vacuuming,vacuuming,1,GREEN
103,0.9307,vacuuming,vacuuming,1,GREEN
103,0.9587,vacuuming,vacuuming,1,GREEN
103,0.9571,vacuuming,vacuuming,1,GREEN
103,0.9795,vacuuming,vacuuming,1,GREEN
103,0.9228,vacuuming,vacuuming,1,GREEN
103,0.8083,vacuuming,vacuuming,1,GREEN
103,0.6301,vacuuming,vacuuming,1,YELLOW
103,0.531,vacuuming,vacuuming,1,YELLOW
103,0.5805,vacuuming,vacuuming,1,YELLOW
103,0.7037,vacuuming,vacuuming,1,YELLOW
103,0.648,vacuuming,vacuuming,1,YELLOW
103,0.5871,vacuuming,vacuuming,1,YELLOW
103,0.4839,vacuuming,vacuuming,1,YELLOW
103,0.5206,vacuuming,vacuuming,1,YELLOW
103,0.5948,vacuuming,vacuuming,1,YELLOW
103,0.5555,vacuuming,vacuuming,1,YELLOW
103,0.7339,vacuuming,vacuuming,1,YELLOW
103,0.7731,vacuuming,vacuuming,1,GREEN
103,0.782,vacuuming,vacuuming,1,GREEN
103,0.8291,vacuuming,vacuuming,1,GREEN
103,0.8938,vacuuming,vacuuming,1,GREEN
103,0.7799,vacuuming,vacuuming,1,GREEN
103,0.8324,vacuuming,vacuuming,1,GREEN
103,0.9245,vacuuming,vacuuming,1,GREEN
103,0.8952,vacuuming,vacuuming,1,GREEN
103,0.8617,vacuuming,vacuuming,1,GREEN
103,0.9463,vacuuming,vacuuming,1,GREEN
103,0.8776,vacuuming,vacuuming,1,GREEN
103,0.9121,vacuuming,vacuuming,1,GREEN
103,0.8932,vacuuming,vacuuming,1,GREEN
103,0.9162,vacuuming,vacuuming,1,GREEN
103,0.9394,vacuuming,vacuuming,1,GREEN
103,0.8541,vacuuming,vacuuming,1,GREEN
103,0.9235,vacuuming,vacuuming,1,GREEN
103,0.8836,vacuuming,vacuuming,1,GREEN
103,0.8878,vacuuming,vacuuming,1,GREEN
103,0.9059,vacuuming,vacuuming,1,GREEN
103,0.9224,vacuuming,vacuuming,1,GREEN
103,0.8795,vacuuming,vacuuming,1,GREEN
103,0.8598,vacuuming,vacuuming,1,GREEN
103,0.5354,vacuuming,vacuuming,1,YELLOW
103,0.7486,vacuuming,vacuuming,1,YELLOW
103,0.622,vacuuming,vacuuming,1,YELLOW
103,0.9278,vacuuming,vacuuming,1,GREEN
103,0.9027,vacuuming,vacuuming,1,GREEN
103,0.899,vacuuming,vacuuming,1,GREEN
103,0.8537,vacuuming,vacuuming,1,GREEN
103,0.7624,vacuuming,vacuuming,1,GREEN
103,0.4144,vacuuming,vacuuming,1,RED
103,0.7544,vacuuming,vacuuming,1,GREEN
103,0.9771,vacuuming,vacuuming,1,GREEN
103,0.9768,vacuuming,vacuuming,1,GREEN
103,0.9742,vacuuming,vacuuming,1,GREEN
103,0.8335,vacuuming,vacuuming,1,GREEN
103,0.8084,vacuuming,vacuuming,1,GREEN
103,0.8761,vacuuming,vacuuming,1,GREEN
103,0.9124,vacuuming,vacuuming,1,GREEN
103,0.7661,vacuuming,vacuuming,1,GREEN
103,0.814,vacuuming,vacuuming,1,GREEN
103,0.8058,vacuuming,vacuuming,1,GREEN
103,0.6696,vacuuming,vacuuming,1,YELLOW
103,0.674,ironing,vacuuming,0,YELLOW
103,0.5792,vacuuming,vacuuming,1,YELLOW
103,0.5802,ironing,vacuuming,0,YELLOW
103,0.8963,ironing,vacuuming,0,GREEN
103,0.944,ironing,vacuuming,0,GREEN
103,0.8833,ironing,vacuuming,0,GREEN
103,0.876,ironing,vacuuming,0,GREEN
103,0.6982,ironing,vacuuming,0,YELLOW
103,0.4737,vacuuming,vacuuming,1,YELLOW
103,0.6524,vacuuming,vacuuming,1,YELLOW
103,0.8341,vacuuming,vacuuming,1,GREEN
103,0.9588,vacuuming,vacuuming,1,GREEN
103,0.967,vacuuming,vacuuming,1,GREEN
103,0.8756,vacuuming,vacuuming,1,GREEN
103,0.8153,vacuuming,vacuuming,1,GREEN
103,0.9371,vacuuming,vacuuming,1,GREEN
103,0.8689,vacuuming,vacuuming,1,GREEN
103,0.9201,vacuuming,vacuuming,1,GREEN
103,0.9412,vacuuming,vacuuming,1,GREEN
103,0.9283,vacuuming,vacuuming,1,GREEN
103,0.8848,vacuuming,vacuuming,1,GREEN
103,0.8045,vacuuming,vacuuming,1,GREEN
103,0.7651,vacuuming,vacuuming,1,GREEN
103,0.9981,vacuuming,vacuuming,1,GREEN
103,0.9866,vacuuming,vacuuming,1,GREEN
103,0.974,vacuuming,vacuuming,1,GREEN
103,0.866,vacuuming,vacuuming,1,GREEN
103,0.8899,vacuuming,vacuuming,1,GREEN
103,0.9349,vacuuming,vacuuming,1,GREEN
103,0.984,vacuuming,vacuuming,1,GREEN
103,0.8627,vacuuming,vacuuming,1,GREEN
103,0.8779,vacuuming,vacuuming,1,GREEN
103,0.8627,vacuuming,vacuuming,1,GREEN
103,0.9891,vacuuming,vacuuming,1,GREEN
103,0.9982,vacuuming,vacuuming,1,GREEN
103,0.901,vacuuming,vacuuming,1,GREEN
103,0.5602,vacuuming,vacuuming,1,YELLOW
103,0.6213,vacuuming,vacuuming,1,YELLOW
103,0.9058,vacuuming,vacuuming,1,GREEN
103,0.979,vacuuming,vacuuming,1,GREEN
103,0.7442,vacuuming,vacuuming,1,YELLOW
103,0.5938,ironing,vacuuming,0,YELLOW
103,0.6273,vacuuming,vacuuming,1,YELLOW
103,0.9426,vacuuming,vacuuming,1,GREEN
103,0.9857,vacuuming,vacuuming,1,GREEN
103,0.7428,vacuuming,vacuuming,1,YELLOW
103,0.507,vacuuming,vacuuming,1,YELLOW
103,0.6743,ironing,vacuuming,0,YELLOW
103,0.5909,ironing,vacuuming,0,YELLOW
103,0.884,vacuuming,vacuuming,1,GREEN
103,0.9957,vacuuming,vacuuming,1,GREEN
103,0.9682,vacuuming,vacuuming,1,GREEN
103,0.8633,vacuuming,vacuuming,1,GREEN
103,0.8996,vacuuming,vacuuming,1,GREEN
103,0.9598,vacuuming,vacuuming,1,GREEN
103,0.929,vacuuming,vacuuming,1,GREEN
103,0.8929,vacuuming,vacuuming,1,GREEN
103,0.5797,vacuuming,vacuuming,1,YELLOW
103,0.5877,ironing,vacuuming,0,YELLOW
103,0.6095,vacuuming,vacuuming,1,YELLOW
103,0.8797,vacuuming,vacuuming,1,GREEN
103,0.8633,vacuuming,vacuuming,1,GREEN
103,0.8779,vacuuming,vacuuming,1,GREEN
103,0.8899,vacuuming,vacuuming,1,GREEN
103,0.959,vacuuming,vacuuming,1,GREEN
103,0.934,vacuuming,vacuuming,1,GREEN
103,0.925,vacuuming,vacuuming,1,GREEN
103,0.9337,vacuuming,vacuuming,1,GREEN
103,0.9395,vacuuming,vacuuming,1,GREEN
103,0.9187,vacuuming,vacuuming,1,GREEN
103,0.9194,vacuuming,vacuuming,1,GREEN
103,0.9508,vacuuming,vacuuming,1,GREEN
103,0.9717,vacuuming,vacuuming,1,GREEN
103,0.9409,vacuuming,vacuuming,1,GREEN
103,0.9404,vacuuming,vacuuming,1,GREEN
103,0.9241,vacuuming,vacuuming,1,GREEN
103,0.9195,vacuuming,vacuuming,1,GREEN
103,0.9422,vacuuming,vacuuming,1,GREEN
103,0.9194,vacuuming,vacuuming,1,GREEN
103,0.9306,vacuuming,vacuuming,1,GREEN
103,0.9816,vacuuming,vacuuming,1,GREEN
103,0.9395,vacuuming,vacuuming,1,GREEN
103,0.8213,vacuuming,vacuuming,1,GREEN
103,0.8978,vacuuming,vacuuming,1,GREEN
103,0.9628,vacuuming,vacuuming,1,GREEN
103,0.9008,vacuuming,vacuuming,1,GREEN
103,0.8374,vacuuming,vacuuming,1,GREEN
103,0.9815,vacuuming,vacuuming,1,GREEN
103,0.9761,vacuuming,vacuuming,1,GREEN
103,0.9643,vacuuming,vacuuming,1,GREEN
103,0.9376,vacuuming,vacuuming,1,GREEN
103,0.6941,vacuuming,vacuuming,1,YELLOW
103,0.8258,vacuuming,vacuuming,1,GREEN
103,0.9085,vacuuming,vacuuming,1,GREEN
103,0.8575,vacuuming,vacuuming,1,GREEN
103,0.9249,vacuuming,vacuuming,1,GREEN
103,0.848,vacuuming,vacuuming,1,GREEN
103,0.9284,vacuuming,vacuuming,1,GREEN
103,0.9541,vacuuming,vacuuming,1,GREEN
103,0.8962,vacuuming,vacuuming,1,GREEN
103,0.8149,vacuuming,vacuuming,1,GREEN
103,0.7769,vacuuming,vacuuming,1,GREEN
103,0.8209,vacuuming,vacuuming,1,GREEN
103,0.6458,vacuuming,vacuuming,1,YELLOW
103,0.8437,vacuuming,vacuuming,1,GREEN
103,0.951,vacuuming,vacuuming,1,GREEN
103,0.9527,vacuuming,vacuuming,1,GREEN
103,0.9681,vacuuming,vacuuming,1,GREEN
103,0.9028,vacuuming,vacuuming,1,GREEN
103,0.8932,vacuuming,vacuuming,1,GREEN
103,0.8517,vacuuming,vacuuming,1,GREEN
103,0.9019,vacuuming,vacuuming,1,GREEN
103,0.9148,vacuuming,vacuuming,1,GREEN
103,0.9041,vacuuming,vacuuming,1,GREEN
103,0.8823,vacuuming,vacuuming,1,GREEN
103,0.7776,vacuuming,vacuuming,1,GREEN
103,0.7428,vacuuming,vacuuming,1,YELLOW
103,0.5983,vacuuming,vacuuming,1,YELLOW
103,0.7114,vacuuming,vacuuming,1,YELLOW
103,0.7626,vacuuming,vacuuming,1,GREEN
103,0.9185,vacuuming,vacuuming,1,GREEN
103,0.9187,vacuuming,vacuuming,1,GREEN
103,0.908,vacuuming,vacuuming,1,GREEN
103,0.7121,vacuuming,vacuuming,1,YELLOW
103,0.6821,ironing,vacuuming,0,YELLOW
103,0.5232,vacuuming,vacuuming,1,YELLOW
103,0.4993,vacuuming,vacuuming,1,YELLOW
103,0.4934,vacuuming,vacuuming,1,YELLOW
103,0.5196,vacuuming,vacuuming,1,YELLOW
103,0.651,vacuuming,vacuuming,1,YELLOW
103,0.6964,vacuuming,vacuuming,1,YELLOW
103,0.687,vacuuming,vacuuming,1,YELLOW
103,0.6989,vacuuming,vacuuming,1,YELLOW
103,0.7283,vacuuming,vacuuming,1,YELLOW
103,0.7374,vacuuming,vacuuming,1,YELLOW
103,0.5043,vacuuming,vacuuming,1,YELLOW
103,0.704,vacuuming,vacuuming,1,YELLOW
103,0.8907,vacuuming,vacuuming,1,GREEN
103,0.9234,vacuuming,vacuuming,1,GREEN
103,0.8971,vacuuming,vacuuming,1,GREEN
103,0.9071,vacuuming,vacuuming,1,GREEN
103,0.888,vacuuming,vacuuming,1,GREEN
103,0.9248,vacuuming,vacuuming,1,GREEN
103,0.9361,vacuuming,vacuuming,1,GREEN
103,0.9667,vacuuming,vacuuming,1,GREEN
103,0.972,vacuuming,vacuuming,1,GREEN
103,0.9659,vacuuming,vacuuming,1,GREEN
103,0.97,vacuuming,vacuuming,1,GREEN
103,0.9754,vacuuming,vacuuming,1,GREEN
103,0.9841,vacuuming,vacuuming,1,GREEN
103,0.9522,vacuuming,vacuuming,1,GREEN
103,0.9662,vacuuming,vacuuming,1,GREEN
103,0.96,vacuuming,vacuuming,1,GREEN
103,0.9575,vacuuming,vacuuming,1,GREEN
103,0.9806,vacuuming,vacuuming,1,GREEN
103,0.9815,vacuuming,vacuuming,1,GREEN
103,0.9783,vacuuming,vacuuming,1,GREEN
103,0.9901,vacuuming,vacuuming,1,GREEN
103,0.9837,vacuuming,vacuuming,1,GREEN
103,0.9921,vacuuming,vacuuming,1,GREEN
103,0.9765,vacuuming,vacuuming,1,GREEN
103,0.983,vacuuming,vacuuming,1,GREEN
103,0.9588,vacuuming,vacuuming,1,GREEN
103,0.974,vacuuming,vacuuming,1,GREEN
103,0.9842,vacuuming,vacuuming,1,GREEN
103,0.9508,vacuuming,vacuuming,1,GREEN
103,0.9709,vacuuming,vacuuming,1,GREEN
103,0.9603,vacuuming,vacuuming,1,GREEN
103,0.9607,vacuuming,vacuuming,1,GREEN
103,0.959,vacuuming,vacuuming,1,GREEN
103,0.9758,vacuuming,vacuuming,1,GREEN
103,0.9656,vacuuming,vacuuming,1,GREEN
103,0.941,vacuuming,vacuuming,1,GREEN
103,0.9304,vacuuming,vacuuming,1,GREEN
103,0.9791,vacuuming,vacuuming,1,GREEN
103,0.9599,vacuuming,vacuuming,1,GREEN
103,0.8751,vacuuming,vacuuming,1,GREEN
103,0.928,vacuuming,vacuuming,1,GREEN
103,0.9761,vacuuming,vacuuming,1,GREEN
103,0.9593,vacuuming,vacuuming,1,GREEN
103,0.811,vacuuming,vacuuming,1,GREEN
103,0.7847,vacuuming,vacuuming,1,GREEN
103,0.9497,vacuuming,vacuuming,1,GREEN
103,0.9189,vacuuming,vacuuming,1,GREEN
103,0.799,vacuuming,vacuuming,1,GREEN
103,0.8084,vacuuming,vacuuming,1,GREEN
103,0.9287,vacuuming,vacuuming,1,GREEN
103,0.8673,vacuuming,vacuuming,1,GREEN
103,0.7887,vacuuming,vacuuming,1,GREEN
103,0.735,vacuuming,vacuuming,1,YELLOW
103,0.8134,vacuuming,vacuuming,1,GREEN
103,0.8198,vacuuming,vacuuming,1,GREEN
103,0.9428,vacuuming,vacuuming,1,GREEN
103,0.959,vacuuming,vacuuming,1,GREEN
103,0.9871,vacuuming,vacuuming,1,GREEN
103,0.9529,vacuuming,vacuuming,1,GREEN
103,0.8833,vacuuming,vacuuming,1,GREEN
103,0.7784,vacuuming,vacuuming,1,GREEN
103,0.7546,vacuuming,vacuuming,1,GREEN
103,0.8997,vacuuming,vacuuming,1,GREEN
103,0.9119,vacuuming,vacuuming,1,GREEN
103,0.8262,vacuuming,vacuuming,1,GREEN
103,0.6465,vacuuming,vacuuming,1,YELLOW
103,0.8983,vacuuming,vacuuming,1,GREEN
103,0.8041,vacuuming,vacuuming,1,GREEN
103,0.8729,vacuuming,vacuuming,1,GREEN
103,0.9047,vacuuming,vacuuming,1,GREEN
103,0.8531,vacuuming,vacuuming,1,GREEN
103,0.8822,vacuuming,vacuuming,1,GREEN
103,0.8679,vacuuming,vacuuming,1,GREEN
103,0.8982,vacuuming,vacuuming,1,GREEN
103,0.8458,vacuuming,vacuuming,1,GREEN
103,0.8406,vacuuming,vacuuming,1,GREEN
103,0.8395,vacuuming,vacuuming,1,GREEN
103,0.8507,vacuuming,vacuuming,1,GREEN
103,0.8869,vacuuming,vacuuming,1,GREEN
103,0.8276,vacuuming,vacuuming,1,GREEN
103,0.8351,vacuuming,vacuuming,1,GREEN
103,0.604,vacuuming,vacuuming,1,YELLOW
103,0.4986,ironing,vacuuming,0,YELLOW
103,0.7764,ironing,vacuuming,0,GREEN
103,0.3756,ironing,vacuuming,0,RED
103,0.3255,ironing,vacuuming,0,RED
103,0.5126,standing,vacuuming,0,YELLOW
103,0.4655,standing,vacuuming,0,YELLOW
103,0.3991,standing,vacuuming,0,RED
103,0.4181,standing,stairs_down,0,RED
103,0.4425,standing,stairs_down,0,RED
103,0.5439,standing,stairs_down,0,YELLOW
103,0.5842,standing,stairs_down,0,YELLOW
103,0.5976,standing,stairs_down,0,YELLOW
103,0.4725,standing,stairs_down,0,YELLOW
103,0.4742,standing,stairs_down,0,YELLOW
103,0.4865,standing,stairs_down,0,YELLOW
103,0.4557,standing,stairs_down,0,YELLOW
103,0.4516,standing,stairs_down,0,YELLOW
103,0.5127,standing,stairs_down,0,YELLOW
103,0.5561,standing,stairs_down,0,YELLOW
103,0.6273,standing,stairs_down,0,YELLOW
103,0.6118,standing,stairs_down,0,YELLOW
103,0.6222,standing,stairs_down,0,YELLOW
103,0.5003,standing,stairs_down,0,YELLOW
103,0.3751,standing,stairs_down,0,RED
103,0.4133,walking,stairs_down,0,RED
103,0.4789,walking,stairs_down,0,YELLOW
103,0.3285,walking,stairs_down,0,RED
103,0.2476,stairs_down,stairs_down,1,RED
103,0.4147,stairs_down,stairs_down,1,RED
103,0.9431,stairs_down,stairs_down,1,GREEN
103,0.9561,stairs_down,stairs_down,1,GREEN
103,0.9605,stairs_down,stairs_down,1,GREEN
103,0.9815,stairs_down,stairs_down,1,GREEN
103,0.9895,stairs_down,stairs_down,1,GREEN
103,0.9533,stairs_down,stairs_down,1,GREEN
103,0.9666,stairs_down,stairs_down,1,GREEN
103,0.9225,stairs_down,stairs_down,1,GREEN
103,0.6709,stairs_down,stairs_down,1,YELLOW
103,0.9461,stairs_down,stairs_down,1,GREEN
103,0.9822,stairs_down,stairs_down,1,GREEN
103,0.9806,stairs_down,stairs_down,1,GREEN
103,0.99,stairs_down,stairs_down,1,GREEN
103,0.8848,stairs_down,stairs_down,1,GREEN
103,0.8977,stairs_down,stairs_down,1,GREEN
103,0.9407,stairs_down,stairs_down,1,GREEN
103,0.703,stairs_down,stairs_down,1,YELLOW
103,0.944,stairs_down,stairs_down,1,GREEN
103,0.9808,stairs_down,stairs_down,1,GREEN
103,0.9903,stairs_down,stairs_down,1,GREEN
103,0.9832,stairs_down,stairs_down,1,GREEN
103,0.9189,stairs_down,stairs_down,1,GREEN
103,0.9544,stairs_down,stairs_down,1,GREEN
103,0.9338,stairs_down,stairs_down,1,GREEN
103,0.9195,stairs_down,stairs_down,1,GREEN
103,0.9898,stairs_down,stairs_down,1,GREEN
103,0.9802,stairs_down,stairs_down,1,GREEN
103,0.9685,stairs_down,stairs_down,1,GREEN
103,0.936,stairs_down,stairs_down,1,GREEN
103,0.8844,stairs_down,stairs_down,1,GREEN
103,0.9502,stairs_down,stairs_down,1,GREEN
103,0.9228,stairs_down,stairs_down,1,GREEN
103,0.975,stairs_down,stairs_down,1,GREEN
103,0.9756,stairs_down,stairs_down,1,GREEN
103,0.9708,stairs_down,stairs_down,1,GREEN
103,0.9716,stairs_down,stairs_down,1,GREEN
103,0.8599,stairs_down,stairs_down,1,GREEN
103,0.8818,stairs_down,stairs_down,1,GREEN
103,0.9012,stairs_down,stairs_down,1,GREEN
103,0.9867,stairs_down,stairs_down,1,GREEN
103,0.9873,stairs_down,stairs_down,1,GREEN
103,0.9832,stairs_down,stairs_down,1,GREEN
103,0.971,stairs_down,stairs_down,1,GREEN
103,0.8989,stairs_down,stairs_down,1,GREEN
103,0.8711,stairs_down,stairs_down,1,GREEN
103,0.9107,stairs_down,stairs_down,1,GREEN
103,0.9216,stairs_down,stairs_down,1,GREEN
103,0.9796,stairs_down,stairs_down,1,GREEN
103,0.9774,stairs_down,stairs_down,1,GREEN
103,0.9813,stairs_down,stairs_down,1,GREEN
103,0.9807,stairs_down,stairs_down,1,GREEN
103,0.9557,stairs_down,stairs_down,1,GREEN
103,0.95,stairs_down,stairs_down,1,GREEN
103,0.9192,stairs_down,stairs_down,1,GREEN
103,0.8763,stairs_down,stairs_down,1,GREEN
103,0.9607,stairs_down,stairs_down,1,GREEN
103,0.9682,stairs_down,stairs_down,1,GREEN
103,0.9924,stairs_down,stairs_down,1,GREEN
103,0.9891,stairs_down,stairs_down,1,GREEN
103,0.9845,stairs_down,stairs_down,1,GREEN
103,0.9891,stairs_down,stairs_down,1,GREEN
103,0.9099,stairs_down,stairs_down,1,GREEN
103,0.8761,stairs_down,stairs_down,1,GREEN
103,0.9012,stairs_down,stairs_down,1,GREEN
103,0.8287,stairs_down,stairs_down,1,GREEN
103,0.6396,stairs_down,stairs_down,1,YELLOW
103,0.7283,stairs_down,stairs_down,1,YELLOW
103,0.9407,stairs_down,stairs_down,1,GREEN
103,0.9851,stairs_down,stairs_down,1,GREEN
103,0.985,stairs_down,stairs_down,1,GREEN
103,0.9713,stairs_down,stairs_down,1,GREEN
103,0.9462,stairs_down,stairs_down,1,GREEN
103,0.9551,stairs_down,stairs_down,1,GREEN
103,0.9378,stairs_down,stairs_down,1,GREEN
103,0.8665,stairs_down,stairs_down,1,GREEN
103,0.9807,stairs_down,stairs_down,1,GREEN
103,0.9842,stairs_down,stairs_down,1,GREEN
103,0.9778,stairs_down,stairs_down,1,GREEN
103,0.9692,stairs_down,stairs_down,1,GREEN
103,0.8687,stairs_down,stairs_down,1,GREEN
103,0.4698,stairs_down,stairs_down,1,YELLOW
103,0.3717,stairs_down,stairs_down,1,RED
103,0.3788,stairs_up,stairs_down,0,RED
103,0.4621,stairs_down,stairs_down,1,YELLOW
103,0.4676,stairs_down,stairs_down,1,YELLOW
103,0.4412,stairs_down,stairs_down,1,RED
103,0.4067,stairs_down,stairs_down,1,RED
103,0.3873,stairs_down,stairs_down,1,RED
103,0.3841,stairs_down,stairs_down,1,RED
103,0.3445,stairs_down,stairs_down,1,RED
103,0.323,stairs_down,stairs_down,1,RED
103,0.3214,stairs_down,stairs_down,1,RED
103,0.2456,stairs_up,stairs_up,1,RED
103,0.3832,standing,stairs_up,0,RED
103,0.5035,standing,stairs_up,0,YELLOW
103,0.4377,ironing,stairs_up,0,RED
103,0.4775,ironing,stairs_up,0,YELLOW
103,0.4896,ironing,stairs_up,0,YELLOW
103,0.3945,ironing,stairs_up,0,RED
103,0.6223,stairs_up,stairs_up,1,YELLOW
103,0.9051,stairs_up,stairs_up,1,GREEN
103,0.9603,stairs_up,stairs_up,1,GREEN
103,0.9772,stairs_up,stairs_up,1,GREEN
103,0.7493,stairs_up,stairs_up,1,YELLOW
103,0.3158,stairs_down,stairs_up,0,RED
103,0.6764,stairs_up,stairs_up,1,YELLOW
103,0.5992,stairs_up,stairs_up,1,YELLOW
103,0.8376,stairs_up,stairs_up,1,GREEN
103,0.7954,stairs_up,stairs_up,1,GREEN
103,0.8923,stairs_up,stairs_up,1,GREEN
103,0.9858,stairs_up,stairs_up,1,GREEN
103,0.5728,stairs_up,stairs_up,1,YELLOW
103,0.8658,stairs_up,stairs_up,1,GREEN
103,0.9505,stairs_up,stairs_up,1,GREEN
103,0.5962,stairs_up,stairs_up,1,YELLOW
103,0.4974,walking,stairs_up,0,YELLOW
103,0.7629,walking,stairs_up,0,GREEN
103,0.8438,stairs_up,stairs_up,1,GREEN
103,0.854,stairs_up,stairs_up,1,GREEN
103,0.8848,stairs_up,stairs_up,1,GREEN
103,0.8834,stairs_up,stairs_up,1,GREEN
103,0.5811,stairs_up,stairs_up,1,YELLOW
103,0.5756,stairs_up,stairs_up,1,YELLOW
103,0.7423,stairs_up,stairs_up,1,YELLOW
103,0.6878,stairs_up,stairs_up,1,YELLOW
103,0.7172,stairs_up,stairs_up,1,YELLOW
103,0.9208,stairs_up,stairs_up,1,GREEN
103,0.6821,stairs_up,stairs_up,1,YELLOW
103,0.8997,stairs_up,stairs_up,1,GREEN
103,0.9828,stairs_up,stairs_up,1,GREEN
103,0.9243,stairs_up,stairs_up,1,GREEN
103,0.8108,stairs_up,stairs_up,1,GREEN
103,0.7344,stairs_up,stairs_up,1,YELLOW
103,0.8451,stairs_up,stairs_up,1,GREEN
103,0.9176,stairs_up,stairs_up,1,GREEN
103,0.7499,stairs_up,stairs_up,1,YELLOW
103,0.7061,stairs_up,stairs_up,1,YELLOW
103,0.6462,stairs_up,stairs_up,1,YELLOW
103,0.6985,stairs_up,stairs_up,1,YELLOW
103,0.9074,stairs_up,stairs_up,1,GREEN
103,0.952,stairs_up,stairs_up,1,GREEN
103,0.9531,stairs_up,stairs_up,1,GREEN
103,0.6273,stairs_up,stairs_up,1,YELLOW
103,0.7517,stairs_up,stairs_up,1,GREEN
103,0.8918,stairs_up,stairs_up,1,GREEN
103,0.7692,stairs_up,stairs_up,1,GREEN
103,0.8807,stairs_up,stairs_up,1,GREEN
103,0.9173,stairs_up,stairs_up,1,GREEN
103,0.9596,stairs_up,stairs_up,1,GREEN
103,0.9673,stairs_up,stairs_up,1,GREEN
103,0.6752,stairs_up,stairs_up,1,YELLOW
103,0.618,stairs_up,stairs_up,1,YELLOW
103,0.6656,stairs_up,stairs_up,1,YELLOW
103,0.6237,stairs_up,stairs_up,1,YELLOW
103,0.662,stairs_up,stairs_up,1,YELLOW
103,0.858,stairs_up,stairs_up,1,GREEN
103,0.9841,stairs_up,stairs_up,1,GREEN
103,0.9774,stairs_up,stairs_up,1,GREEN
103,0.4834,stairs_up,stairs_up,1,YELLOW
103,0.7873,stairs_up,stairs_up,1,GREEN
103,0.9359,stairs_up,stairs_up,1,GREEN
103,0.6954,stairs_up,stairs_up,1,YELLOW
103,0.8538,stairs_up,stairs_up,1,GREEN
103,0.9181,stairs_up,stairs_up,1,GREEN
103,0.9429,stairs_up,stairs_up,1,GREEN
103,0.9741,stairs_up,stairs_up,1,GREEN
103,0.8955,stairs_up,stairs_up,1,GREEN
103,0.7922,stairs_up,stairs_up,1,GREEN
103,0.8776,stairs_up,stairs_up,1,GREEN
103,0.6002,stairs_up,stairs_up,1,YELLOW
103,0.5694,stairs_up,stairs_up,1,YELLOW
103,0.6793,stairs_up,stairs_up,1,YELLOW
103,0.7289,stairs_up,stairs_up,1,YELLOW
103,0.6598,stairs_up,stairs_up,1,YELLOW
103,0.5504,stairs_up,stairs_up,1,YELLOW
103,0.7438,stairs_up,stairs_up,1,YELLOW
103,0.6569,stairs_up,stairs_up,1,YELLOW
103,0.688,stairs_up,stairs_up,1,YELLOW
103,0.6625,stairs_up,stairs_up,1,YELLOW
103,0.7744,stairs_up,stairs_up,1,GREEN
103,0.8269,stairs_up,stairs_up,1,GREEN
103,0.8758,stairs_up,stairs_up,1,GREEN
103,0.8044,stairs_up,stairs_up,1,GREEN
103,0.7835,stairs_up,stairs_up,1,GREEN
103,0.7382,stairs_up,stairs_up,1,YELLOW
103,0.8494,stairs_up,stairs_up,1,GREEN
103,0.737,stairs_up,stairs_up,1,YELLOW
103,0.2977,stairs_up,stairs_up,1,RED
103,0.2797,stairs_up,stairs_up,1,RED
103,0.396,sitting,stairs_up,0,RED
103,0.4505,sitting,stairs_up,0,YELLOW
103,0.4958,sitting,stairs_up,0,YELLOW
103,0.4499,sitting,stairs_up,0,RED
103,0.307,sitting,stairs_up,0,RED
103,0.3823,sitting,stairs_up,0,RED
103,0.4811,sitting,stairs_up,0,YELLOW
103,0.4942,sitting,stairs_up,0,YELLOW
103,0.4332,sitting,stairs_up,0,RED
103,0.6255,sitting,stairs_up,0,YELLOW
103,0.638,sitting,stairs_down,0,YELLOW
103,0.349,sitting,stairs_down,0,RED
103,0.2737,sitting,stairs_down,0,RED
103,0.2485,ironing,stairs_down,0,RED
103,0.2347,ironing,stairs_down,0,RED
103,0.2263,vacuuming,stairs_down,0,RED
103,0.6453,stairs_down,stairs_down,1,YELLOW
103,0.8209,stairs_down,stairs_down,1,GREEN
103,0.8728,stairs_down,stairs_down,1,GREEN
103,0.9795,stairs_down,stairs_down,1,GREEN
103,0.9837,stairs_down,stairs_down,1,GREEN
103,0.9181,stairs_down,stairs_down,1,GREEN
103,0.9315,stairs_down,stairs_down,1,GREEN
103,0.9462,stairs_down,stairs_down,1,GREEN
103,0.9796,stairs_down,stairs_down,1,GREEN
103,0.9868,stairs_down,stairs_down,1,GREEN
103,0.9873,stairs_down,stairs_down,1,GREEN
103,0.9809,stairs_down,stairs_down,1,GREEN
103,0.9279,stairs_down,stairs_down,1,GREEN
103,0.9133,stairs_down,stairs_down,1,GREEN
103,0.9592,stairs_down,stairs_down,1,GREEN
103,0.8266,stairs_down,stairs_down,1,GREEN
103,0.9138,stairs_down,stairs_down,1,GREEN
103,0.9724,stairs_down,stairs_down,1,GREEN
103,0.9739,stairs_down,stairs_down,1,GREEN
103,0.9699,stairs_down,stairs_down,1,GREEN
103,0.9064,stairs_down,stairs_down,1,GREEN
103,0.9214,stairs_down,stairs_down,1,GREEN
103,0.9313,stairs_down,stairs_down,1,GREEN
103,0.9297,stairs_down,stairs_down,1,GREEN
103,0.8974,stairs_down,stairs_down,1,GREEN
103,0.9545,stairs_down,stairs_down,1,GREEN
103,0.9684,stairs_down,stairs_down,1,GREEN
103,0.9845,stairs_down,stairs_down,1,GREEN
103,0.9892,stairs_down,stairs_down,1,GREEN
103,0.9619,stairs_down,stairs_down,1,GREEN
103,0.9249,stairs_down,stairs_down,1,GREEN
103,0.9292,stairs_down,stairs_down,1,GREEN
103,0.9457,stairs_down,stairs_down,1,GREEN
103,0.9932,stairs_down,stairs_down,1,GREEN
103,0.9948,stairs_down,stairs_down,1,GREEN
103,0.9755,stairs_down,stairs_down,1,GREEN
103,0.9251,stairs_down,stairs_down,1,GREEN
103,0.8984,stairs_down,stairs_down,1,GREEN
103,0.814,stairs_down,stairs_down,1,GREEN
103,0.7843,stairs_down,stairs_down,1,GREEN
103,0.9661,stairs_down,stairs_down,1,GREEN
103,0.9842,stairs_down,stairs_down,1,GREEN
103,0.978,stairs_down,stairs_down,1,GREEN
103,0.9695,stairs_down,stairs_down,1,GREEN
103,0.9491,stairs_down,stairs_down,1,GREEN
103,0.9248,stairs_down,stairs_down,1,GREEN
103,0.8647,stairs_down,stairs_down,1,GREEN
103,0.9284,stairs_down,stairs_down,1,GREEN
103,0.9558,stairs_down,stairs_down,1,GREEN
103,0.9367,stairs_down,stairs_down,1,GREEN
103,0.9421,stairs_down,stairs_down,1,GREEN
103,0.8325,stairs_down,stairs_down,1,GREEN
103,0.8483,stairs_down,stairs_down,1,GREEN
103,0.8908,stairs_down,stairs_down,1,GREEN
103,0.9726,stairs_down,stairs_down,1,GREEN
103,0.9782,stairs_down,stairs_down,1,GREEN
103,0.9828,stairs_down,stairs_down,1,GREEN
103,0.986,stairs_down,stairs_down,1,GREEN
103,0.9839,stairs_down,stairs_down,1,GREEN
103,0.9761,stairs_down,stairs_down,1,GREEN
103,0.9476,stairs_down,stairs_down,1,GREEN
103,0.9288,stairs_down,stairs_down,1,GREEN
103,0.9062,stairs_down,stairs_down,1,GREEN
103,0.8959,stairs_down,stairs_down,1,GREEN
103,0.674,stairs_down,stairs_down,1,YELLOW
103,0.6391,stairs_down,stairs_down,1,YELLOW
103,0.9471,stairs_down,stairs_down,1,GREEN
103,0.9836,stairs_down,stairs_down,1,GREEN
103,0.9803,stairs_down,stairs_down,1,GREEN
103,0.986,stairs_down,stairs_down,1,GREEN
103,0.9144,stairs_down,stairs_down,1,GREEN
103,0.9387,stairs_down,stairs_down,1,GREEN
103,0.9561,stairs_down,stairs_down,1,GREEN
103,0.936,stairs_down,stairs_down,1,GREEN
103,0.9693,stairs_down,stairs_down,1,GREEN
103,0.9831,stairs_down,stairs_down,1,GREEN
103,0.9807,stairs_down,stairs_down,1,GREEN
103,0.9443,stairs_down,stairs_down,1,GREEN
103,0.7189,stairs_down,stairs_down,1,YELLOW
103,0.6264,stairs_down,stairs_down,1,YELLOW
103,0.507,stairs_down,stairs_down,1,YELLOW
103,0.5239,stairs_down,stairs_down,1,YELLOW
103,0.4033,stairs_down,stairs_down,1,RED
103,0.278,stairs_up,stairs_down,0,RED
103,0.3371,stairs_up,stairs_down,0,RED
103,0.2823,stairs_up,stairs_down,0,RED
103,0.2326,standing,stairs_down,0,RED
103,0.1894,stairs_up,stairs_down,0,RED
103,0.2943,stairs_up,stairs_down,0,RED
103,0.2963,stairs_up,stairs_down,0,RED
103,0.509,sitting,stairs_up,0,YELLOW
103,0.5421,sitting,stairs_up,0,YELLOW
103,0.3422,sitting,stairs_up,0,RED
103,0.3215,standing,stairs_up,0,RED
103,0.3931,standing,stairs_up,0,RED
103,0.3628,standing,stairs_up,0,RED
103,0.4106,standing,stairs_up,0,RED
103,0.3081,stairs_up,stairs_up,1,RED
103,0.6516,stairs_up,stairs_up,1,YELLOW
103,0.8706,stairs_up,stairs_up,1,GREEN
103,0.2424,running,stairs_up,0,RED
103,0.5115,running,stairs_up,0,YELLOW
103,0.5511,running,stairs_up,0,YELLOW
103,0.4158,stairs_up,stairs_up,1,RED
103,0.7123,stairs_up,stairs_up,1,YELLOW
103,0.769,stairs_up,stairs_up,1,GREEN
103,0.6066,stairs_up,stairs_up,1,YELLOW
103,0.3627,running,stairs_up,0,RED
103,0.3637,stairs_up,stairs_up,1,RED
103,0.2521,running,stairs_up,0,RED
103,0.3473,walking,stairs_up,0,RED
103,0.497,stairs_up,stairs_up,1,YELLOW
103,0.7722,stairs_up,stairs_up,1,GREEN
103,0.7873,stairs_up,stairs_up,1,GREEN
103,0.7471,stairs_up,stairs_up,1,YELLOW
103,0.3541,stairs_down,stairs_up,0,RED
103,0.3209,stairs_up,stairs_up,1,RED
103,0.561,stairs_up,stairs_up,1,YELLOW
103,0.7581,stairs_up,stairs_up,1,GREEN
103,0.5557,stairs_up,stairs_up,1,YELLOW
103,0.7556,stairs_up,stairs_up,1,GREEN
103,0.786,stairs_up,stairs_up,1,GREEN
103,0.6161,stairs_up,stairs_up,1,YELLOW
103,0.5983,stairs_up,stairs_up,1,YELLOW
103,0.7019,stairs_up,stairs_up,1,YELLOW
103,0.8265,stairs_up,stairs_up,1,GREEN
103,0.9293,stairs_up,stairs_up,1,GREEN
103,0.9682,stairs_up,stairs_up,1,GREEN
103,0.9657,stairs_up,stairs_up,1,GREEN
103,0.7352,stairs_up,stairs_up,1,YELLOW
103,0.7226,stairs_up,stairs_up,1,YELLOW
103,0.8313,stairs_up,stairs_up,1,GREEN
103,0.7641,stairs_up,stairs_up,1,GREEN
103,0.3493,stairs_up,stairs_up,1,RED
103,0.5385,stairs_up,stairs_up,1,YELLOW
103,0.7077,stairs_up,stairs_up,1,YELLOW
103,0.4706,stairs_up,stairs_up,1,YELLOW
103,0.752,stairs_up,stairs_up,1,GREEN
103,0.8524,stairs_up,stairs_up,1,GREEN
103,0.7903,stairs_up,stairs_up,1,GREEN
103,0.497,stairs_up,stairs_up,1,YELLOW
103,0.3313,walking,stairs_up,0,RED
103,0.4476,running,stairs_up,0,RED
103,0.462,stairs_up,stairs_up,1,YELLOW
103,0.7392,stairs_up,stairs_up,1,YELLOW
103,0.8482,stairs_up,stairs_up,1,GREEN
103,0.722,stairs_up,stairs_up,1,YELLOW
103,0.6593,stairs_up,stairs_up,1,YELLOW
103,0.4854,running,stairs_up,0,YELLOW
103,0.6416,running,stairs_up,0,YELLOW
103,0.3361,running,stairs_up,0,RED
103,0.5144,stairs_up,stairs_up,1,YELLOW
103,0.7977,stairs_up,stairs_up,1,GREEN
103,0.7583,stairs_up,stairs_up,1,GREEN
103,0.7927,stairs_up,stairs_up,1,GREEN
103,0.4435,stairs_up,stairs_up,1,RED
103,0.3678,stairs_up,stairs_up,1,RED
103,0.3135,walking,stairs_up,0,RED
103,0.611,stairs_up,stairs_up,1,YELLOW
103,0.8869,stairs_up,stairs_up,1,GREEN
103,0.9512,stairs_up,stairs_up,1,GREEN
103,0.8928,stairs_up,stairs_up,1,GREEN
103,0.7423,stairs_up,stairs_up,1,YELLOW
103,0.6988,stairs_up,stairs_up,1,YELLOW
103,0.5259,stairs_up,stairs_up,1,YELLOW
103,0.5048,stairs_up,stairs_up,1,YELLOW
103,0.7227,stairs_up,stairs_up,1,YELLOW
103,0.913,stairs_up,stairs_up,1,GREEN
103,0.9159,stairs_up,stairs_up,1,GREEN
103,0.9141,stairs_up,stairs_up,1,GREEN
103,0.6473,stairs_up,stairs_up,1,YELLOW
103,0.7054,stairs_up,stairs_up,1,YELLOW
103,0.8211,stairs_up,stairs_up,1,GREEN
103,0.702,stairs_up,stairs_up,1,YELLOW
103,0.7956,stairs_up,stairs_up,1,GREEN
103,0.6535,stairs_up,stairs_up,1,YELLOW
103,0.4591,stairs_up,stairs_up,1,YELLOW
103,0.3404,sitting,stairs_up,0,RED
103,0.3694,sitting,stairs_up,0,RED
103,0.2842,sitting,stairs_up,0,RED
103,0.3609,sitting,stairs_up,0,RED
103,0.2671,sitting,stairs_up,0,RED
103,0.3918,sitting,stairs_up,0,RED
103,0.251,walking,stairs_up,0,RED
103,0.4263,sitting,stairs_up,0,RED
103,0.4552,sitting,stairs_up,0,YELLOW
103,0.4181,sitting,stairs_up,0,RED
103,0.3742,sitting,stairs_up,0,RED
103,0.472,sitting,stairs_down,0,YELLOW
103,0.3879,sitting,stairs_down,0,RED
103,0.2842,sitting,stairs_down,0,RED
103,0.2644,sitting,stairs_down,0,RED
103,0.4821,sitting,stairs_down,0,YELLOW
103,0.6346,sitting,stairs_down,0,YELLOW
103,0.5951,sitting,stairs_down,0,YELLOW
103,0.5189,sitting,stairs_down,0,YELLOW
103,0.2515,vacuuming,stairs_down,0,RED
103,0.3758,stairs_down,stairs_down,1,RED
103,0.9495,stairs_down,stairs_down,1,GREEN
103,0.9704,stairs_down,stairs_down,1,GREEN
103,0.9821,stairs_down,stairs_down,1,GREEN
103,0.9703,stairs_down,stairs_down,1,GREEN
103,0.9465,stairs_down,stairs_down,1,GREEN
103,0.9167,stairs_down,stairs_down,1,GREEN
103,0.8778,stairs_down,stairs_down,1,GREEN
103,0.9519,stairs_down,stairs_down,1,GREEN
103,0.9213,stairs_down,stairs_down,1,GREEN
103,0.9421,stairs_down,stairs_down,1,GREEN
103,0.87,stairs_down,stairs_down,1,GREEN
103,0.9306,stairs_down,stairs_down,1,GREEN
103,0.8995,stairs_down,stairs_down,1,GREEN
103,0.86,stairs_down,stairs_down,1,GREEN
103,0.922,stairs_down,stairs_down,1,GREEN
103,0.966,stairs_down,stairs_down,1,GREEN
103,0.9538,stairs_down,stairs_down,1,GREEN
103,0.8529,stairs_down,stairs_down,1,GREEN
103,0.8504,stairs_down,stairs_down,1,GREEN
103,0.8602,stairs_down,stairs_down,1,GREEN
103,0.9772,stairs_down,stairs_down,1,GREEN
103,0.9808,stairs_down,stairs_down,1,GREEN
103,0.9773,stairs_down,stairs_down,1,GREEN
103,0.9364,stairs_down,stairs_down,1,GREEN
103,0.8509,stairs_down,stairs_down,1,GREEN
103,0.8133,stairs_down,stairs_down,1,GREEN
103,0.8825,stairs_down,stairs_down,1,GREEN
103,0.9141,stairs_down,stairs_down,1,GREEN
103,0.9549,stairs_down,stairs_down,1,GREEN
103,0.9426,stairs_down,stairs_down,1,GREEN
103,0.9017,stairs_down,stairs_down,1,GREEN
103,0.7549,stairs_down,stairs_down,1,GREEN
103,0.8298,stairs_down,stairs_down,1,GREEN
103,0.9206,stairs_down,stairs_down,1,GREEN
103,0.9774,stairs_down,stairs_down,1,GREEN
103,0.9767,stairs_down,stairs_down,1,GREEN
103,0.9739,stairs_down,stairs_down,1,GREEN
103,0.9217,stairs_down,stairs_down,1,GREEN
103,0.887,stairs_down,stairs_down,1,GREEN
103,0.9074,stairs_down,stairs_down,1,GREEN
103,0.8929,stairs_down,stairs_down,1,GREEN
103,0.9634,stairs_down,stairs_down,1,GREEN
103,0.9831,stairs_down,stairs_down,1,GREEN
103,0.9902,stairs_down,stairs_down,1,GREEN
103,0.9403,stairs_down,stairs_down,1,GREEN
103,0.7954,stairs_down,stairs_down,1,GREEN
103,0.787,stairs_down,stairs_down,1,GREEN
103,0.9739,stairs_down,stairs_down,1,GREEN
103,0.9554,stairs_down,stairs_down,1,GREEN
103,0.9327,stairs_down,stairs_down,1,GREEN
103,0.9842,stairs_down,stairs_down,1,GREEN
103,0.9891,stairs_down,stairs_down,1,GREEN
103,0.9913,stairs_down,stairs_down,1,GREEN
103,0.9781,stairs_down,stairs_down,1,GREEN
103,0.8852,stairs_down,stairs_down,1,GREEN
103,0.8558,stairs_down,stairs_down,1,GREEN
103,0.8771,stairs_down,stairs_down,1,GREEN
103,0.9074,stairs_down,stairs_down,1,GREEN
103,0.6624,stairs_down,stairs_down,1,YELLOW
103,0.3551,stairs_down,stairs_down,1,RED
103,0.955,stairs_down,stairs_down,1,GREEN
103,0.9487,stairs_down,stairs_down,1,GREEN
103,0.9469,stairs_down,stairs_down,1,GREEN
103,0.9217,stairs_down,stairs_down,1,GREEN
103,0.9337,stairs_down,stairs_down,1,GREEN
103,0.9722,stairs_down,stairs_down,1,GREEN
103,0.951,stairs_down,stairs_down,1,GREEN
103,0.916,stairs_down,stairs_down,1,GREEN
103,0.9696,stairs_down,stairs_down,1,GREEN
103,0.9793,stairs_down,stairs_down,1,GREEN
103,0.9454,stairs_down,stairs_down,1,GREEN
103,0.9412,stairs_down,stairs_down,1,GREEN
103,0.9271,stairs_down,stairs_down,1,GREEN
103,0.7797,stairs_down,stairs_down,1,GREEN
103,0.4648,stairs_down,stairs_down,1,YELLOW
103,0.4488,stairs_up,stairs_down,0,RED
103,0.2375,vacuuming,stairs_down,0,RED
103,0.2621,stairs_up,stairs_down,0,RED
103,0.3379,stairs_up,stairs_down,0,RED
103,0.3212,stairs_up,stairs_down,0,RED
103,0.2287,stairs_up,stairs_down,0,RED
103,0.2149,cycling,stairs_down,0,RED
103,0.2181,cycling,walking,0,RED
103,0.2668,sitting,walking,0,RED
103,0.344,ironing,walking,0,RED
103,0.2387,ironing,walking,0,RED
103,0.3292,walking,walking,1,RED
103,0.6801,walking,walking,1,YELLOW
103,0.5623,walking,walking,1,YELLOW
103,0.3449,walking,walking,1,RED
103,0.3253,walking,walking,1,RED
103,0.4702,walking,walking,1,YELLOW
103,0.296,walking,walking,1,RED
103,0.2904,walking,walking,1,RED
103,0.2183,walking,walking,1,RED
103,0.395,walking,walking,1,RED
103,0.532,walking,walking,1,YELLOW
103,0.7124,walking,walking,1,YELLOW
103,0.9045,walking,walking,1,GREEN
103,0.9586,walking,walking,1,GREEN
103,0.9961,walking,walking,1,GREEN
103,0.9819,walking,walking,1,GREEN
103,0.9769,walking,walking,1,GREEN
103,0.9888,walking,walking,1,GREEN
103,0.9957,walking,walking,1,GREEN
103,0.9959,walking,walking,1,GREEN
103,0.9956,walking,walking,1,GREEN
103,0.9963,walking,walking,1,GREEN
103,0.9816,walking,walking,1,GREEN
103,0.7272,walking,walking,1,YELLOW
103,0.6056,walking,walking,1,YELLOW
103,0.9029,walking,walking,1,GREEN
103,0.7402,walking,walking,1,YELLOW
103,0.7788,walking,walking,1,GREEN
103,0.9414,walking,walking,1,GREEN
103,0.9781,walking,walking,1,GREEN
103,0.9835,walking,walking,1,GREEN
103,0.9695,walking,walking,1,GREEN
103,0.9805,walking,walking,1,GREEN
103,0.9706,walking,walking,1,GREEN
103,0.9883,walking,walking,1,GREEN
103,0.7987,walking,walking,1,GREEN
103,0.743,walking,walking,1,YELLOW
103,0.843,walking,walking,1,GREEN
103,0.9472,walking,walking,1,GREEN
103,0.9515,walking,walking,1,GREEN
103,0.9748,walking,walking,1,GREEN
103,0.9636,walking,walking,1,GREEN
103,0.9826,walking,walking,1,GREEN
103,0.9959,walking,walking,1,GREEN
103,0.9982,walking,walking,1,GREEN
103,0.996,walking,walking,1,GREEN
103,0.9804,walking,walking,1,GREEN
103,0.963,walking,walking,1,GREEN
103,0.9683,walking,walking,1,GREEN
103,0.9896,walking,walking,1,GREEN
103,0.9858,walking,walking,1,GREEN
103,0.9742,walking,walking,1,GREEN
103,0.9847,walking,walking,1,GREEN
103,0.981,walking,walking,1,GREEN
103,0.9809,walking,walking,1,GREEN
103,0.9962,walking,walking,1,GREEN
103,0.9992,walking,walking,1,GREEN
103,0.9935,walking,walking,1,GREEN
103,0.9875,walking,walking,1,GREEN
103,0.9881,walking,walking,1,GREEN
103,0.9965,walking,walking,1,GREEN
103,0.9676,walking,walking,1,GREEN
103,0.9375,walking,walking,1,GREEN
103,0.9019,walking,walking,1,GREEN
103,0.9461,walking,walking,1,GREEN
103,0.9225,walking,walking,1,GREEN
103,0.8861,walking,walking,1,GREEN
103,0.9354,walking,walking,1,GREEN
103,0.9893,walking,walking,1,GREEN
103,0.9858,walking,walking,1,GREEN
103,0.9923,walking,walking,1,GREEN
103,0.9898,walking,walking,1,GREEN
103,0.931,walking,walking,1,GREEN
103,0.943,walking,walking,1,GREEN
103,0.9972,walking,walking,1,GREEN
103,0.9705,walking,walking,1,GREEN
103,0.9208,walking,walking,1,GREEN
103,0.935,walking,walking,1,GREEN
103,0.9817,walking,walking,1,GREEN
103,0.9786,walking,walking,1,GREEN
103,0.9789,walking,walking,1,GREEN
103,0.9833,walking,walking,1,GREEN
103,0.9853,walking,walking,1,GREEN
103,0.8928,walking,walking,1,GREEN
103,0.9176,walking,walking,1,GREEN
103,0.7907,nordic_walk,walking,0,GREEN
103,0.7198,nordic_walk,walking,0,YELLOW
103,0.5942,nordic_walk,walking,0,YELLOW
103,0.8434,walking,walking,1,GREEN
103,0.9615,walking,walking,1,GREEN
103,0.985,walking,walking,1,GREEN
103,0.9478,walking,walking,1,GREEN
103,0.9508,walking,walking,1,GREEN
103,0.9579,walking,walking,1,GREEN
103,0.9474,walking,walking,1,GREEN
103,0.9173,walking,walking,1,GREEN
103,0.9161,walking,walking,1,GREEN
103,0.9838,walking,walking,1,GREEN
103,0.9526,walking,walking,1,GREEN
103,0.9382,walking,walking,1,GREEN
103,0.9785,walking,walking,1,GREEN
103,0.8973,walking,walking,1,GREEN
103,0.8632,walking,walking,1,GREEN
103,0.8716,walking,walking,1,GREEN
103,0.9117,walking,walking,1,GREEN
103,0.9881,walking,walking,1,GREEN
103,0.997,walking,walking,1,GREEN
103,0.9885,walking,walking,1,GREEN
103,0.981,walking,walking,1,GREEN
103,0.9817,walking,walking,1,GREEN
103,0.9843,walking,walking,1,GREEN
103,0.9945,walking,walking,1,GREEN
103,0.951,walking,walking,1,GREEN
103,0.9146,walking,walking,1,GREEN
103,0.9563,walking,walking,1,GREEN
103,0.979,walking,walking,1,GREEN
103,0.8606,walking,walking,1,GREEN
103,0.8332,walking,walking,1,GREEN
103,0.9723,walking,walking,1,GREEN
103,0.9761,walking,walking,1,GREEN
103,0.9926,walking,walking,1,GREEN
103,0.9567,walking,walking,1,GREEN
103,0.8411,walking,walking,1,GREEN
103,0.8926,walking,walking,1,GREEN
103,0.9419,walking,walking,1,GREEN
103,0.9001,walking,walking,1,GREEN
103,0.9349,walking,walking,1,GREEN
103,0.8574,walking,walking,1,GREEN
103,0.9353,walking,walking,1,GREEN
103,0.9383,walking,walking,1,GREEN
103,0.9466,walking,walking,1,GREEN
103,0.9716,walking,walking,1,GREEN
103,0.9756,walking,walking,1,GREEN
103,0.9888,walking,walking,1,GREEN
103,0.9751,walking,walking,1,GREEN
103,0.9699,walking,walking,1,GREEN
103,0.9745,walking,walking,1,GREEN
103,0.9531,walking,walking,1,GREEN
103,0.9533,walking,walking,1,GREEN
103,0.9737,walking,walking,1,GREEN
103,0.9633,walking,walking,1,GREEN
103,0.9,walking,walking,1,GREEN
103,0.8362,walking,walking,1,GREEN
103,0.9349,walking,walking,1,GREEN
103,0.9121,walking,walking,1,GREEN
103,0.9034,walking,walking,1,GREEN
103,0.8258,walking,walking,1,GREEN
103,0.8254,walking,walking,1,GREEN
103,0.9309,walking,walking,1,GREEN
103,0.899,walking,walking,1,GREEN
103,0.9474,walking,walking,1,GREEN
103,0.9211,walking,walking,1,GREEN
103,0.923,walking,walking,1,GREEN
103,0.796,walking,walking,1,GREEN
103,0.7238,walking,walking,1,YELLOW
103,0.7832,walking,walking,1,GREEN
103,0.8247,walking,walking,1,GREEN
103,0.8541,walking,walking,1,GREEN
103,0.9026,walking,walking,1,GREEN
103,0.8486,walking,walking,1,GREEN
103,0.8175,walking,walking,1,GREEN
103,0.8294,walking,walking,1,GREEN
103,0.8966,walking,walking,1,GREEN
103,0.9341,walking,walking,1,GREEN
103,0.9454,walking,walking,1,GREEN
103,0.9354,walking,walking,1,GREEN
103,0.9411,walking,walking,1,GREEN
103,0.9185,walking,walking,1,GREEN
103,0.914,walking,walking,1,GREEN
103,0.8795,walking,walking,1,GREEN
103,0.8572,walking,walking,1,GREEN
103,0.8682,walking,walking,1,GREEN
103,0.8938,walking,walking,1,GREEN
103,0.941,walking,walking,1,GREEN
103,0.937,walking,walking,1,GREEN
103,0.9688,walking,walking,1,GREEN
103,0.9483,walking,walking,1,GREEN
103,0.891,walking,walking,1,GREEN
103,0.9611,walking,walking,1,GREEN
103,0.9312,walking,walking,1,GREEN
103,0.9641,walking,walking,1,GREEN
103,0.9875,walking,walking,1,GREEN
103,0.8696,walking,walking,1,GREEN
103,0.8637,walking,walking,1,GREEN
103,0.7566,walking,walking,1,GREEN
103,0.7771,walking,walking,1,GREEN
103,0.85,walking,walking,1,GREEN
103,0.9535,walking,walking,1,GREEN
103,0.9742,walking,walking,1,GREEN
103,0.9847,walking,walking,1,GREEN
103,0.9799,walking,walking,1,GREEN
103,0.9725,walking,walking,1,GREEN
103,0.982,walking,walking,1,GREEN
103,0.8939,walking,walking,1,GREEN
103,0.8599,walking,walking,1,GREEN
103,0.9765,walking,walking,1,GREEN
103,0.9836,walking,walking,1,GREEN
103,0.9918,walking,walking,1,GREEN
103,0.9901,walking,walking,1,GREEN
103,0.8857,walking,walking,1,GREEN
103,0.8348,walking,walking,1,GREEN
103,0.8067,walking,walking,1,GREEN
103,0.8542,walking,walking,1,GREEN
103,0.9351,walking,walking,1,GREEN
103,0.9674,walking,walking,1,GREEN
103,0.9193,walking,walking,1,GREEN
103,0.9449,walking,walking,1,GREEN
103,0.9171,walking,walking,1,GREEN
103,0.8559,walking,walking,1,GREEN
103,0.8285,walking,walking,1,GREEN
103,0.9206,walking,walking,1,GREEN
103,0.956,walking,walking,1,GREEN
103,0.9671,walking,walking,1,GREEN
103,0.9776,walking,walking,1,GREEN
103,0.9807,walking,walking,1,GREEN
103,0.9925,walking,walking,1,GREEN
103,0.9691,walking,walking,1,GREEN
103,0.978,walking,walking,1,GREEN
103,0.9398,walking,walking,1,GREEN
103,0.9237,walking,walking,1,GREEN
103,0.9582,walking,walking,1,GREEN
103,0.9599,walking,walking,1,GREEN
103,0.9623,walking,walking,1,GREEN
103,0.9889,walking,walking,1,GREEN
103,0.9872,walking,walking,1,GREEN
103,0.991,walking,walking,1,GREEN
103,0.9785,walking,walking,1,GREEN
103,0.9497,walking,walking,1,GREEN
103,0.9276,walking,walking,1,GREEN
103,0.4728,walking,walking,1,YELLOW
103,0.481,walking,walking,1,YELLOW
103,0.8162,walking,walking,1,GREEN
103,0.8023,walking,walking,1,GREEN
103,0.9844,walking,walking,1,GREEN
103,0.9986,walking,walking,1,GREEN
103,0.9969,walking,walking,1,GREEN
103,0.9939,walking,walking,1,GREEN
103,0.9955,walking,walking,1,GREEN
103,0.9962,walking,walking,1,GREEN
103,0.977,walking,walking,1,GREEN
103,0.9842,walking,walking,1,GREEN
103,0.9616,walking,walking,1,GREEN
103,0.9456,walking,walking,1,GREEN
103,0.9883,walking,walking,1,GREEN
103,0.9923,walking,walking,1,GREEN
103,0.969,walking,walking,1,GREEN
103,0.9453,walking,walking,1,GREEN
103,0.6272,walking,walking,1,YELLOW
103,0.6037,walking,walking,1,YELLOW
103,0.857,walking,walking,1,GREEN
103,0.8872,walking,walking,1,GREEN
103,0.9739,walking,walking,1,GREEN
103,0.9853,walking,walking,1,GREEN
103,0.9909,walking,walking,1,GREEN
103,0.9918,walking,walking,1,GREEN
103,0.9929,walking,walking,1,GREEN
103,0.9889,walking,walking,1,GREEN
103,0.994,walking,walking,1,GREEN
103,0.997,walking,walking,1,GREEN
103,0.9918,walking,walking,1,GREEN
103,0.992,walking,walking,1,GREEN
103,0.9749,walking,walking,1,GREEN
103,0.9809,walking,walking,1,GREEN
103,0.9946,walking,walking,1,GREEN
103,0.9946,walking,walking,1,GREEN
103,0.9992,walking,walking,1,GREEN
103,0.9992,walking,walking,1,GREEN
103,0.9984,walking,walking,1,GREEN
103,0.9979,walking,walking,1,GREEN
103,0.9809,walking,walking,1,GREEN
103,0.9868,walking,walking,1,GREEN
103,0.9928,walking,walking,1,GREEN
103,0.9955,walking,walking,1,GREEN
103,0.9879,walking,walking,1,GREEN
103,0.9858,walking,walking,1,GREEN
103,0.9905,walking,walking,1,GREEN
103,0.9869,walking,walking,1,GREEN
103,0.9891,walking,walking,1,GREEN
103,0.9668,walking,walking,1,GREEN
103,0.9648,walking,walking,1,GREEN
103,0.9843,walking,walking,1,GREEN
103,0.9871,walking,walking,1,GREEN
103,0.9865,walking,walking,1,GREEN
103,0.9793,walking,walking,1,GREEN
103,0.9963,walking,walking,1,GREEN
103,0.9992,walking,walking,1,GREEN
103,0.9866,walking,walking,1,GREEN
103,0.9539,walking,walking,1,GREEN
103,0.9532,walking,walking,1,GREEN
103,0.9716,walking,walking,1,GREEN
103,0.9747,walking,walking,1,GREEN
103,0.9814,walking,walking,1,GREEN
103,0.9698,walking,walking,1,GREEN
103,0.9516,walking,walking,1,GREEN
103,0.9184,walking,walking,1,GREEN
103,0.92,walking,walking,1,GREEN
103,0.9471,walking,walking,1,GREEN
103,0.9638,walking,walking,1,GREEN
103,0.9545,walking,walking,1,GREEN
103,0.9883,walking,walking,1,GREEN
103,0.9818,walking,walking,1,GREEN
103,0.9755,walking,walking,1,GREEN
103,0.9765,walking,walking,1,GREEN
103,0.9672,walking,walking,1,GREEN
103,0.9744,walking,walking,1,GREEN
103,0.9834,walking,walking,1,GREEN
103,0.953,walking,walking,1,GREEN
103,0.9666,walking,walking,1,GREEN
103,0.9817,walking,walking,1,GREEN
103,0.9864,walking,walking,1,GREEN
103,0.977,walking,walking,1,GREEN
103,0.9803,walking,walking,1,GREEN
103,0.9805,walking,walking,1,GREEN
103,0.9818,walking,walking,1,GREEN
103,0.9549,walking,walking,1,GREEN
103,0.9801,walking,walking,1,GREEN
103,0.997,walking,walking,1,GREEN
103,0.991,walking,walking,1,GREEN
103,0.9847,walking,walking,1,GREEN
103,0.9834,walking,walking,1,GREEN
103,0.9662,walking,walking,1,GREEN
103,0.9824,walking,walking,1,GREEN
103,0.9819,walking,walking,1,GREEN
103,0.9887,walking,walking,1,GREEN
103,0.9742,walking,walking,1,GREEN
103,0.9754,walking,walking,1,GREEN
103,0.985,walking,walking,1,GREEN
103,0.9823,walking,walking,1,GREEN
103,0.9727,walking,walking,1,GREEN
103,0.9798,walking,walking,1,GREEN
103,0.9635,walking,walking,1,GREEN
103,0.9741,walking,walking,1,GREEN
103,0.99,walking,walking,1,GREEN
103,0.9955,walking,walking,1,GREEN
103,0.9836,walking,walking,1,GREEN
103,0.981,walking,walking,1,GREEN
103,0.9818,walking,walking,1,GREEN
103,0.9992,walking,walking,1,GREEN
103,0.9751,walking,walking,1,GREEN
103,0.9447,walking,walking,1,GREEN
103,0.9373,walking,walking,1,GREEN
103,0.9774,walking,walking,1,GREEN
103,0.9743,walking,walking,1,GREEN
103,0.9807,walking,walking,1,GREEN
103,0.9944,walking,walking,1,GREEN
103,0.9968,walking,walking,1,GREEN
103,0.987,walking,walking,1,GREEN
103,0.9808,walking,walking,1,GREEN
103,0.9971,walking,walking,1,GREEN
103,0.9791,walking,walking,1,GREEN
103,0.9689,walking,walking,1,GREEN
103,0.9371,walking,walking,1,GREEN
103,0.9519,walking,walking,1,GREEN
103,0.9859,walking,walking,1,GREEN
103,0.9929,walking,walking,1,GREEN
103,0.9992,walking,walking,1,GREEN
103,0.9817,walking,walking,1,GREEN
103,0.9105,walking,walking,1,GREEN
103,0.9508,walking,walking,1,GREEN
103,0.9792,walking,walking,1,GREEN
103,0.9496,walking,walking,1,GREEN
103,0.9462,walking,walking,1,GREEN
103,0.9908,walking,walking,1,GREEN
103,0.996,walking,walking,1,GREEN
103,0.9987,walking,walking,1,GREEN
103,0.9947,walking,walking,1,GREEN
103,0.9992,walking,walking,1,GREEN
103,0.9977,walking,walking,1,GREEN
103,0.9846,walking,walking,1,GREEN
103,0.9808,walking,walking,1,GREEN
103,0.9829,walking,walking,1,GREEN
103,0.9832,walking,walking,1,GREEN
103,0.9789,walking,walking,1,GREEN
103,0.9846,walking,walking,1,GREEN
103,0.997,walking,walking,1,GREEN
103,0.9915,walking,walking,1,GREEN
103,0.9674,walking,walking,1,GREEN
103,0.9692,walking,walking,1,GREEN
103,0.9861,walking,walking,1,GREEN
103,0.9912,walking,walking,1,GREEN
103,0.9895,walking,walking,1,GREEN
103,0.9735,walking,walking,1,GREEN
103,0.9503,walking,walking,1,GREEN
103,0.965,walking,walking,1,GREEN
103,0.9692,walking,walking,1,GREEN
103,0.9602,walking,walking,1,GREEN
103,0.9637,walking,walking,1,GREEN
103,0.9697,walking,walking,1,GREEN
103,0.9953,walking,walking,1,GREEN
103,0.969,walking,walking,1,GREEN
103,0.9705,walking,walking,1,GREEN
103,0.9827,walking,walking,1,GREEN
103,0.9992,walking,walking,1,GREEN
103,0.9977,walking,walking,1,GREEN
103,0.9777,walking,walking,1,GREEN
103,0.982,walking,walking,1,GREEN
103,0.9926,walking,walking,1,GREEN
103,0.9829,walking,walking,1,GREEN
103,0.9782,walking,walking,1,GREEN
103,0.9895,walking,walking,1,GREEN
103,0.9851,walking,walking,1,GREEN
103,0.9767,walking,walking,1,GREEN
103,0.7078,walking,walking,1,YELLOW
103,0.4559,nordic_walk,walking,0,YELLOW
103,0.7252,walking,walking,1,YELLOW
103,0.8338,walking,walking,1,GREEN
103,0.9734,walking,walking,1,GREEN
103,0.9968,walking,walking,1,GREEN
103,0.9962,walking,walking,1,GREEN
103,0.9962,walking,walking,1,GREEN
103,0.9886,walking,walking,1,GREEN
103,0.9969,walking,walking,1,GREEN
103,0.997,walking,walking,1,GREEN
103,0.997,walking,walking,1,GREEN
103,0.9952,walking,walking,1,GREEN
103,0.9967,walking,walking,1,GREEN
103,0.991,walking,walking,1,GREEN
103,0.9869,walking,walking,1,GREEN
103,0.9662,walking,walking,1,GREEN
103,0.984,walking,walking,1,GREEN
103,0.9856,walking,walking,1,GREEN
103,0.9719,walking,walking,1,GREEN
103,0.9709,walking,walking,1,GREEN
103,0.9619,walking,walking,1,GREEN
103,0.9539,walking,walking,1,GREEN
103,0.958,walking,walking,1,GREEN
103,0.9716,walking,walking,1,GREEN
103,0.9731,walking,walking,1,GREEN
103,0.9727,walking,walking,1,GREEN
103,0.9756,walking,walking,1,GREEN
103,0.9528,walking,walking,1,GREEN
103,0.9655,walking,walking,1,GREEN
103,0.9621,walking,walking,1,GREEN
103,0.9581,walking,walking,1,GREEN
103,0.9663,walking,walking,1,GREEN
103,0.9419,walking,walking,1,GREEN
103,0.9681,walking,walking,1,GREEN
103,0.9022,walking,walking,1,GREEN
103,0.9027,walking,walking,1,GREEN
103,0.9702,walking,walking,1,GREEN
103,0.9771,walking,walking,1,GREEN
103,0.8828,walking,walking,1,GREEN
103,0.9765,walking,walking,1,GREEN
103,0.9918,walking,walking,1,GREEN
103,0.9748,walking,walking,1,GREEN
103,0.9688,walking,walking,1,GREEN
103,0.9649,walking,walking,1,GREEN
103,0.9857,walking,walking,1,GREEN
103,0.9858,walking,walking,1,GREEN
103,0.99,walking,walking,1,GREEN
103,0.9737,walking,walking,1,GREEN
103,0.9808,walking,walking,1,GREEN
103,0.9723,walking,walking,1,GREEN
103,0.9857,walking,walking,1,GREEN
103,0.9858,walking,walking,1,GREEN
103,0.9977,walking,walking,1,GREEN
103,0.936,walking,walking,1,GREEN
103,0.905,walking,walking,1,GREEN
103,0.922,walking,walking,1,GREEN
103,0.9209,walking,walking,1,GREEN
103,0.9402,walking,walking,1,GREEN
103,0.961,walking,walking,1,GREEN
103,0.9569,walking,walking,1,GREEN
103,0.95,walking,walking,1,GREEN
103,0.9878,walking,walking,1,GREEN
103,0.9523,walking,walking,1,GREEN
103,0.9893,walking,walking,1,GREEN
103,0.991,walking,walking,1,GREEN
103,0.9904,walking,walking,1,GREEN
103,0.9907,walking,walking,1,GREEN
103,0.96,walking,walking,1,GREEN
103,0.963,walking,walking,1,GREEN
103,0.9733,walking,walking,1,GREEN
103,0.9773,walking,walking,1,GREEN
103,0.9882,walking,walking,1,GREEN
103,0.9947,walking,walking,1,GREEN
103,0.9932,walking,walking,1,GREEN
103,0.9861,walking,walking,1,GREEN
103,0.9744,walking,walking,1,GREEN
103,0.9827,walking,walking,1,GREEN
103,0.9907,walking,walking,1,GREEN
103,0.984,walking,walking,1,GREEN
103,0.9897,walking,walking,1,GREEN
103,0.9889,walking,walking,1,GREEN
103,0.9659,walking,walking,1,GREEN
103,0.966,walking,walking,1,GREEN
103,0.9487,walking,walking,1,GREEN
103,0.9475,walking,walking,1,GREEN
103,0.9689,walking,walking,1,GREEN
103,0.9865,walking,walking,1,GREEN
103,0.9889,walking,walking,1,GREEN
103,0.9944,walking,walking,1,GREEN
103,0.9898,walking,walking,1,GREEN
103,0.9882,walking,walking,1,GREEN
103,0.9832,walking,walking,1,GREEN
103,0.9783,walking,walking,1,GREEN
103,0.9828,walking,walking,1,GREEN
103,0.9668,walking,walking,1,GREEN
103,0.9295,walking,walking,1,GREEN
103,0.9501,walking,walking,1,GREEN
103,0.9811,walking,walking,1,GREEN
103,0.9231,walking,walking,1,GREEN
103,0.8923,walking,walking,1,GREEN
103,0.8909,walking,walking,1,GREEN
103,0.953,walking,walking,1,GREEN
103,0.9886,walking,walking,1,GREEN
103,0.9684,walking,walking,1,GREEN
103,0.9796,walking,walking,1,GREEN
103,0.9856,walking,walking,1,GREEN
103,0.987,walking,walking,1,GREEN
103,0.9694,walking,walking,1,GREEN
103,0.97,walking,walking,1,GREEN
103,0.9574,walking,walking,1,GREEN
103,0.9594,walking,walking,1,GREEN
103,0.9477,walking,walking,1,GREEN
103,0.9522,walking,walking,1,GREEN
103,0.9947,walking,walking,1,GREEN
103,0.9999,walking,walking,1,GREEN
103,0.9896,walking,walking,1,GREEN
103,0.9884,walking,walking,1,GREEN
103,0.9894,walking,walking,1,GREEN
103,0.977,walking,walking,1,GREEN
103,0.9799,walking,walking,1,GREEN
103,0.997,walking,walking,1,GREEN
103,0.9935,walking,walking,1,GREEN
103,0.9329,walking,walking,1,GREEN
103,0.9317,walking,walking,1,GREEN
103,0.972,walking,walking,1,GREEN
103,0.9112,walking,walking,1,GREEN
103,0.868,walking,walking,1,GREEN
103,0.8665,walking,walking,1,GREEN
103,0.9623,walking,walking,1,GREEN
103,0.9816,walking,walking,1,GREEN
103,0.9781,walking,walking,1,GREEN
103,0.9733,walking,walking,1,GREEN
103,0.9847,walking,walking,1,GREEN
103,0.9899,walking,walking,1,GREEN
103,0.9892,walking,walking,1,GREEN
103,0.9944,walking,walking,1,GREEN
103,0.9925,walking,walking,1,GREEN
103,0.9771,walking,walking,1,GREEN
103,0.9823,walking,walking,1,GREEN
103,0.9781,walking,walking,1,GREEN
103,0.9799,walking,walking,1,GREEN
103,0.9972,walking,walking,1,GREEN
103,0.9992,walking,walking,1,GREEN
103,0.8701,walking,walking,1,GREEN
103,0.7261,walking,walking,1,YELLOW
103,0.6554,walking,walking,1,YELLOW
103,0.6237,walking,walking,1,YELLOW
103,0.5524,walking,walking,1,YELLOW
103,0.4258,walking,walking,1,RED
103,0.2357,walking,walking,1,RED
103,0.2838,vacuuming,walking,0,RED
103,0.3174,stairs_up,walking,0,RED
103,0.2221,sitting,walking,0,RED
103,0.2914,sitting,walking,0,RED
103,0.4713,sitting,walking,0,YELLOW
103,0.371,sitting,walking,0,RED
103,0.3899,sitting,walking,0,RED
105,0.7242,lying,lying,1,YELLOW
105,0.7129,lying,lying,1,YELLOW
105,0.7021,lying,lying,1,YELLOW
105,0.737,lying,lying,1,YELLOW
105,0.7279,lying,lying,1,YELLOW
105,0.7888,lying,lying,1,GREEN
105,0.7675,lying,lying,1,GREEN
105,0.7678,lying,lying,1,GREEN
105,0.7892,lying,lying,1,GREEN
105,0.7091,lying,lying,1,YELLOW
105,0.7342,lying,lying,1,YELLOW
105,0.7201,lying,lying,1,YELLOW
105,0.6864,lying,lying,1,YELLOW
105,0.7492,lying,lying,1,YELLOW
105,0.7007,lying,lying,1,YELLOW
105,0.6469,lying,lying,1,YELLOW
105,0.5769,lying,lying,1,YELLOW
105,0.4948,lying,lying,1,YELLOW
105,0.5414,lying,lying,1,YELLOW
105,0.4875,lying,lying,1,YELLOW
105,0.67,lying,lying,1,YELLOW
105,0.773,lying,lying,1,GREEN
105,0.9635,lying,lying,1,GREEN
105,0.9781,lying,lying,1,GREEN
105,0.9756,lying,lying,1,GREEN
105,0.9882,lying,lying,1,GREEN
105,0.9907,lying,lying,1,GREEN
105,0.9937,lying,lying,1,GREEN
105,0.9868,lying,lying,1,GREEN
105,0.9907,lying,lying,1,GREEN
105,0.9877,lying,lying,1,GREEN
105,0.9857,lying,lying,1,GREEN
105,0.9915,lying,lying,1,GREEN
105,0.9871,lying,lying,1,GREEN
105,0.9926,lying,lying,1,GREEN
105,1.0,lying,lying,1,GREEN
105,0.9937,lying,lying,1,GREEN
105,0.9896,lying,lying,1,GREEN
105,0.9911,lying,lying,1,GREEN
105,0.9941,lying,lying,1,GREEN
105,0.9941,lying,lying,1,GREEN
105,0.9937,lying,lying,1,GREEN
105,0.9922,lying,lying,1,GREEN
105,0.9922,lying,lying,1,GREEN
105,0.9937,lying,lying,1,GREEN
105,0.9937,lying,lying,1,GREEN
105,0.9937,lying,lying,1,GREEN
105,0.9922,lying,lying,1,GREEN
105,0.9937,lying,lying,1,GREEN
105,0.9937,lying,lying,1,GREEN
105,0.9922,lying,lying,1,GREEN
105,0.9937,lying,lying,1,GREEN
105,0.9841,lying,lying,1,GREEN
105,0.9833,lying,lying,1,GREEN
105,0.9826,lying,lying,1,GREEN
105,0.9855,lying,lying,1,GREEN
105,0.9826,lying,lying,1,GREEN
105,0.9841,lying,lying,1,GREEN
105,0.9855,lying,lying,1,GREEN
105,0.9863,lying,lying,1,GREEN
105,0.9922,lying,lying,1,GREEN
105,0.9833,lying,lying,1,GREEN
105,0.9833,lying,lying,1,GREEN
105,0.9863,lying,lying,1,GREEN
105,0.9922,lying,lying,1,GREEN
105,0.9922,lying,lying,1,GREEN
105,0.9922,lying,lying,1,GREEN
105,0.9937,lying,lying,1,GREEN
105,0.9937,lying,lying,1,GREEN
105,0.9937,lying,lying,1,GREEN
105,0.9937,lying,lying,1,GREEN
105,0.9937,lying,lying,1,GREEN
105,0.9937,lying,lying,1,GREEN
105,0.9937,lying,lying,1,GREEN
105,0.9937,lying,lying,1,GREEN
105,0.9937,lying,lying,1,GREEN
105,0.9937,lying,lying,1,GREEN
105,0.9937,lying,lying,1,GREEN
105,0.9937,lying,lying,1,GREEN
105,0.9937,lying,lying,1,GREEN
105,0.9922,lying,lying,1,GREEN
105,0.9922,lying,lying,1,GREEN
105,0.9937,lying,lying,1,GREEN
105,0.9937,lying,lying,1,GREEN
105,0.9937,lying,lying,1,GREEN
105,0.9937,lying,lying,1,GREEN
105,0.9937,lying,lying,1,GREEN
105,0.9937,lying,lying,1,GREEN
105,0.9937,lying,lying,1,GREEN
105,0.9937,lying,lying,1,GREEN
105,0.9937,lying,lying,1,GREEN
105,0.9937,lying,lying,1,GREEN
105,0.9937,lying,lying,1,GREEN
105,0.9937,lying,lying,1,GREEN
105,0.9937,lying,lying,1,GREEN
105,0.9937,lying,lying,1,GREEN
105,0.9937,lying,lying,1,GREEN
105,0.9937,lying,lying,1,GREEN
105,0.9937,lying,lying,1,GREEN
105,0.9937,lying,lying,1,GREEN
105,0.9937,lying,lying,1,GREEN
105,0.9937,lying,lying,1,GREEN
105,0.9937,lying,lying,1,GREEN
105,0.9937,lying,lying,1,GREEN
105,0.9922,lying,lying,1,GREEN
105,0.9922,lying,lying,1,GREEN
105,0.9922,lying,lying,1,GREEN
105,0.9937,lying,lying,1,GREEN
105,0.9937,lying,lying,1,GREEN
105,0.9937,lying,lying,1,GREEN
105,0.9937,lying,lying,1,GREEN
105,0.9937,lying,lying,1,GREEN
105,0.9937,lying,lying,1,GREEN
105,0.9937,lying,lying,1,GREEN
105,0.9937,lying,lying,1,GREEN
105,0.9937,lying,lying,1,GREEN
105,0.9937,lying,lying,1,GREEN
105,0.9937,lying,lying,1,GREEN
105,0.9937,lying,lying,1,GREEN
105,0.9937,lying,lying,1,GREEN
105,0.9937,lying,lying,1,GREEN
105,0.9937,lying,lying,1,GREEN
105,0.9937,lying,lying,1,GREEN
105,0.9937,lying,lying,1,GREEN
105,0.9937,lying,lying,1,GREEN
105,0.9937,lying,lying,1,GREEN
105,0.9937,lying,lying,1,GREEN
105,0.9922,lying,lying,1,GREEN
105,0.9937,lying,lying,1,GREEN
105,0.9937,lying,lying,1,GREEN
105,0.9937,lying,lying,1,GREEN
105,0.9937,lying,lying,1,GREEN
105,0.9937,lying,lying,1,GREEN
105,0.9937,lying,lying,1,GREEN
105,0.9937,lying,lying,1,GREEN
105,0.9937,lying,lying,1,GREEN
105,0.9937,lying,lying,1,GREEN
105,0.9922,lying,lying,1,GREEN
105,0.9922,lying,lying,1,GREEN
105,0.9922,lying,lying,1,GREEN
105,0.9937,lying,lying,1,GREEN
105,0.9937,lying,lying,1,GREEN
105,0.9937,lying,lying,1,GREEN
105,0.9937,lying,lying,1,GREEN
105,0.9937,lying,lying,1,GREEN
105,0.9937,lying,lying,1,GREEN
105,0.9937,lying,lying,1,GREEN
105,0.9937,lying,lying,1,GREEN
105,0.9922,lying,lying,1,GREEN
105,0.9922,lying,lying,1,GREEN
105,0.9937,lying,lying,1,GREEN
105,0.9937,lying,lying,1,GREEN
105,0.9937,lying,lying,1,GREEN
105,0.9937,lying,lying,1,GREEN
105,0.9937,lying,lying,1,GREEN
105,0.999,lying,lying,1,GREEN
105,0.999,lying,lying,1,GREEN
105,0.9937,lying,lying,1,GREEN
105,0.9921,lying,lying,1,GREEN
105,0.9908,lying,lying,1,GREEN
105,0.9922,lying,lying,1,GREEN
105,0.9926,lying,lying,1,GREEN
105,0.9881,lying,lying,1,GREEN
105,0.9861,lying,lying,1,GREEN
105,0.9847,lying,lying,1,GREEN
105,0.9892,lying,lying,1,GREEN
105,0.9882,lying,lying,1,GREEN
105,0.9915,lying,lying,1,GREEN
105,0.9937,lying,lying,1,GREEN
105,0.9937,lying,lying,1,GREEN
105,0.9937,lying,lying,1,GREEN
105,0.9937,lying,lying,1,GREEN
105,0.9937,lying,lying,1,GREEN
105,0.9937,lying,lying,1,GREEN
105,0.9937,lying,lying,1,GREEN
105,0.9937,lying,lying,1,GREEN
105,0.9922,lying,lying,1,GREEN
105,0.9937,lying,lying,1,GREEN
105,0.9937,lying,lying,1,GREEN
105,0.9937,lying,lying,1,GREEN
105,0.9922,lying,lying,1,GREEN
105,0.9937,lying,lying,1,GREEN
105,0.9937,lying,lying,1,GREEN
105,0.9937,lying,lying,1,GREEN
105,0.9922,lying,lying,1,GREEN
105,0.9922,lying,lying,1,GREEN
105,0.9937,lying,lying,1,GREEN
105,0.9937,lying,lying,1,GREEN
105,0.9937,lying,lying,1,GREEN
105,0.9937,lying,lying,1,GREEN
105,0.9937,lying,lying,1,GREEN
105,0.9922,lying,lying,1,GREEN
105,0.9922,lying,lying,1,GREEN
105,0.9937,lying,lying,1,GREEN
105,0.9922,lying,lying,1,GREEN
105,0.9937,lying,lying,1,GREEN
105,0.9937,lying,lying,1,GREEN
105,0.9937,lying,lying,1,GREEN
105,0.9937,lying,lying,1,GREEN
105,0.9937,lying,lying,1,GREEN
105,0.9937,lying,lying,1,GREEN
105,0.9937,lying,lying,1,GREEN
105,0.9937,lying,lying,1,GREEN
105,0.9937,lying,lying,1,GREEN
105,0.9937,lying,lying,1,GREEN
105,0.9937,lying,lying,1,GREEN
105,0.9922,lying,lying,1,GREEN
105,0.9922,lying,lying,1,GREEN
105,0.9941,lying,lying,1,GREEN
105,0.9941,lying,lying,1,GREEN
105,0.9937,lying,lying,1,GREEN
105,0.9922,lying,lying,1,GREEN
105,0.9922,lying,lying,1,GREEN
105,0.9937,lying,lying,1,GREEN
105,0.9937,lying,lying,1,GREEN
105,0.9922,lying,lying,1,GREEN
105,0.9937,lying,lying,1,GREEN
105,0.9937,lying,lying,1,GREEN
105,0.9937,lying,lying,1,GREEN
105,0.9937,lying,lying,1,GREEN
105,0.9937,lying,lying,1,GREEN
105,0.9937,lying,lying,1,GREEN
105,0.9937,lying,lying,1,GREEN
105,0.9937,lying,lying,1,GREEN
105,0.9937,lying,lying,1,GREEN
105,0.9937,lying,lying,1,GREEN
105,0.9937,lying,lying,1,GREEN
105,0.9929,lying,lying,1,GREEN
105,0.9915,lying,lying,1,GREEN
105,0.9937,lying,lying,1,GREEN
105,0.9937,lying,lying,1,GREEN
105,0.9937,lying,lying,1,GREEN
105,0.9922,lying,lying,1,GREEN
105,0.9922,lying,lying,1,GREEN
105,0.9937,lying,lying,1,GREEN
105,0.9937,lying,lying,1,GREEN
105,0.9937,lying,lying,1,GREEN
105,0.9937,lying,lying,1,GREEN
105,0.9937,lying,lying,1,GREEN
105,0.9937,lying,lying,1,GREEN
105,0.9937,lying,lying,1,GREEN
105,0.9937,lying,lying,1,GREEN
105,0.9937,lying,lying,1,GREEN
105,0.9937,lying,lying,1,GREEN
105,0.9937,lying,lying,1,GREEN
105,0.9937,lying,lying,1,GREEN
105,0.9937,lying,lying,1,GREEN
105,0.9922,lying,lying,1,GREEN
105,0.9922,lying,lying,1,GREEN
105,0.9937,lying,lying,1,GREEN
105,0.9937,lying,lying,1,GREEN
105,0.9922,lying,lying,1,GREEN
105,0.9937,lying,lying,1,GREEN
105,0.9937,lying,lying,1,GREEN
105,0.9937,lying,lying,1,GREEN
105,0.9937,lying,lying,1,GREEN
105,0.9937,lying,lying,1,GREEN
105,0.9937,lying,lying,1,GREEN
105,0.9937,lying,lying,1,GREEN
105,0.9937,lying,lying,1,GREEN
105,0.9922,lying,lying,1,GREEN
105,0.9937,lying,lying,1,GREEN
105,0.9937,lying,lying,1,GREEN
105,0.9937,lying,lying,1,GREEN
105,0.9922,lying,lying,1,GREEN
105,0.9922,lying,lying,1,GREEN
105,0.9937,lying,lying,1,GREEN
105,0.9937,lying,lying,1,GREEN
105,0.9922,lying,lying,1,GREEN
105,0.9922,lying,lying,1,GREEN
105,0.9922,lying,lying,1,GREEN
105,0.9937,lying,lying,1,GREEN
105,0.9937,lying,lying,1,GREEN
105,0.9937,lying,lying,1,GREEN
105,0.9902,lying,lying,1,GREEN
105,0.9887,lying,lying,1,GREEN
105,0.9878,lying,lying,1,GREEN
105,0.9892,lying,lying,1,GREEN
105,0.9937,lying,lying,1,GREEN
105,0.9937,lying,lying,1,GREEN
105,0.9937,lying,lying,1,GREEN
105,0.9937,lying,lying,1,GREEN
105,0.9937,lying,lying,1,GREEN
105,0.9937,lying,lying,1,GREEN
105,0.9937,lying,lying,1,GREEN
105,0.9937,lying,lying,1,GREEN
105,0.9937,lying,lying,1,GREEN
105,0.9937,lying,lying,1,GREEN
105,0.9937,lying,lying,1,GREEN
105,0.9937,lying,lying,1,GREEN
105,0.9937,lying,lying,1,GREEN
105,0.9937,lying,lying,1,GREEN
105,0.9937,lying,lying,1,GREEN
105,0.9937,lying,lying,1,GREEN
105,0.9937,lying,lying,1,GREEN
105,0.9937,lying,lying,1,GREEN
105,0.9937,lying,lying,1,GREEN
105,0.9937,lying,lying,1,GREEN
105,0.9937,lying,lying,1,GREEN
105,0.9922,lying,lying,1,GREEN
105,0.9922,lying,lying,1,GREEN
105,0.9907,lying,lying,1,GREEN
105,0.9937,lying,lying,1,GREEN
105,0.9922,lying,lying,1,GREEN
105,0.9937,lying,lying,1,GREEN
105,0.9937,lying,lying,1,GREEN
105,0.9937,lying,lying,1,GREEN
105,0.9937,lying,lying,1,GREEN
105,0.9274,lying,lying,1,GREEN
105,0.8688,lying,lying,1,GREEN
105,0.801,lying,lying,1,GREEN
105,0.7644,lying,lying,1,GREEN
105,0.9489,lying,lying,1,GREEN
105,0.9741,lying,lying,1,GREEN
105,0.921,lying,lying,1,GREEN
105,0.9955,lying,lying,1,GREEN
105,0.9958,lying,lying,1,GREEN
105,0.9973,lying,lying,1,GREEN
105,0.9985,lying,lying,1,GREEN
105,0.9937,lying,lying,1,GREEN
105,0.9922,lying,lying,1,GREEN
105,0.9922,lying,lying,1,GREEN
105,0.9937,lying,lying,1,GREEN
105,0.9937,lying,lying,1,GREEN
105,0.9937,lying,lying,1,GREEN
105,0.9937,lying,lying,1,GREEN
105,0.9937,lying,lying,1,GREEN
105,0.9937,lying,lying,1,GREEN
105,0.9937,lying,lying,1,GREEN
105,0.9922,lying,lying,1,GREEN
105,0.9907,lying,lying,1,GREEN
105,0.9922,lying,lying,1,GREEN
105,0.9922,lying,lying,1,GREEN
105,0.9937,lying,lying,1,GREEN
105,0.9937,lying,lying,1,GREEN
105,0.9922,lying,lying,1,GREEN
105,0.9922,lying,lying,1,GREEN
105,0.9937,lying,lying,1,GREEN
105,0.9922,lying,lying,1,GREEN
105,0.9922,lying,lying,1,GREEN
105,0.9922,lying,lying,1,GREEN
105,0.9937,lying,lying,1,GREEN
105,0.9937,lying,lying,1,GREEN
105,0.9922,lying,lying,1,GREEN
105,0.9922,lying,lying,1,GREEN
105,0.9922,lying,lying,1,GREEN
105,0.9922,lying,lying,1,GREEN
105,0.9922,lying,lying,1,GREEN
105,0.9922,lying,lying,1,GREEN
105,0.9922,lying,lying,1,GREEN
105,0.9937,lying,lying,1,GREEN
105,0.9937,lying,lying,1,GREEN
105,0.9937,lying,lying,1,GREEN
105,0.9937,lying,lying,1,GREEN
105,0.9937,lying,lying,1,GREEN
105,0.9922,lying,lying,1,GREEN
105,0.9937,lying,lying,1,GREEN
105,0.9922,lying,lying,1,GREEN
105,0.9922,lying,lying,1,GREEN
105,0.9922,lying,lying,1,GREEN
105,0.9922,lying,lying,1,GREEN
105,0.9922,lying,lying,1,GREEN
105,0.9922,lying,lying,1,GREEN
105,0.9937,lying,lying,1,GREEN
105,0.9937,lying,lying,1,GREEN
105,0.9922,lying,lying,1,GREEN
105,0.9922,lying,lying,1,GREEN
105,0.9907,lying,lying,1,GREEN
105,0.9922,lying,lying,1,GREEN
105,0.9922,lying,lying,1,GREEN
105,0.9937,lying,lying,1,GREEN
105,0.9937,lying,lying,1,GREEN
105,0.9937,lying,lying,1,GREEN
105,0.9922,lying,lying,1,GREEN
105,0.9907,lying,lying,1,GREEN
105,0.9922,lying,lying,1,GREEN
105,0.9937,lying,lying,1,GREEN
105,0.9937,lying,lying,1,GREEN
105,0.9922,lying,lying,1,GREEN
105,0.9937,lying,lying,1,GREEN
105,0.9922,lying,lying,1,GREEN
105,0.9922,lying,lying,1,GREEN
105,0.9922,lying,lying,1,GREEN
105,0.9922,lying,lying,1,GREEN
105,0.9922,lying,lying,1,GREEN
105,0.9922,lying,lying,1,GREEN
105,0.9922,lying,lying,1,GREEN
105,0.9937,lying,lying,1,GREEN
105,0.9922,lying,lying,1,GREEN
105,0.9922,lying,lying,1,GREEN
105,0.9922,lying,lying,1,GREEN
105,0.9922,lying,lying,1,GREEN
105,0.9922,lying,lying,1,GREEN
105,0.9907,lying,lying,1,GREEN
105,0.9922,lying,lying,1,GREEN
105,0.9937,lying,lying,1,GREEN
105,0.9937,lying,lying,1,GREEN
105,0.9922,lying,lying,1,GREEN
105,0.9907,lying,lying,1,GREEN
105,0.9922,lying,lying,1,GREEN
105,0.9922,lying,lying,1,GREEN
105,0.9937,lying,lying,1,GREEN
105,0.9937,lying,lying,1,GREEN
105,0.9937,lying,lying,1,GREEN
105,0.9922,lying,lying,1,GREEN
105,0.9907,lying,lying,1,GREEN
105,0.9922,lying,lying,1,GREEN
105,0.9922,lying,lying,1,GREEN
105,0.9922,lying,lying,1,GREEN
105,0.9937,lying,lying,1,GREEN
105,0.9922,lying,lying,1,GREEN
105,0.9922,lying,lying,1,GREEN
105,0.9922,lying,lying,1,GREEN
105,0.9922,lying,lying,1,GREEN
105,0.9907,lying,lying,1,GREEN
105,0.9922,lying,lying,1,GREEN
105,0.9907,lying,lying,1,GREEN
105,0.9907,lying,lying,1,GREEN
105,0.9922,lying,lying,1,GREEN
105,0.9922,lying,lying,1,GREEN
105,0.9922,lying,lying,1,GREEN
105,0.9907,lying,lying,1,GREEN
105,0.9907,lying,lying,1,GREEN
105,0.9907,lying,lying,1,GREEN
105,0.9907,lying,lying,1,GREEN
105,0.9907,lying,lying,1,GREEN
105,0.9937,lying,lying,1,GREEN
105,0.9937,lying,lying,1,GREEN
105,0.9922,lying,lying,1,GREEN
105,0.9922,lying,lying,1,GREEN
105,0.9922,lying,lying,1,GREEN
105,0.9922,lying,lying,1,GREEN
105,0.9922,lying,lying,1,GREEN
105,0.9922,lying,lying,1,GREEN
105,0.9929,lying,lying,1,GREEN
105,0.99,lying,lying,1,GREEN
105,0.9877,lying,lying,1,GREEN
105,0.9929,lying,lying,1,GREEN
105,0.9922,lying,lying,1,GREEN
105,0.9922,lying,lying,1,GREEN
105,0.9922,lying,lying,1,GREEN
105,0.9937,lying,lying,1,GREEN
105,0.9922,lying,lying,1,GREEN
105,0.9922,lying,lying,1,GREEN
105,0.9922,lying,lying,1,GREEN
105,0.9922,lying,lying,1,GREEN
105,0.9937,lying,lying,1,GREEN
105,0.9922,lying,lying,1,GREEN
105,0.9922,lying,lying,1,GREEN
105,0.9922,lying,lying,1,GREEN
105,0.9922,lying,lying,1,GREEN
105,0.9937,lying,lying,1,GREEN
105,0.9922,lying,lying,1,GREEN
105,0.9767,lying,lying,1,GREEN
105,0.9471,lying,lying,1,GREEN
105,0.8628,lying,lying,1,GREEN
105,0.667,lying,lying,1,YELLOW
105,0.6521,lying,lying,1,YELLOW
105,0.6057,lying,lying,1,YELLOW
105,0.6954,lying,lying,1,YELLOW
105,0.6219,lying,lying,1,YELLOW
105,0.5874,lying,lying,1,YELLOW
105,0.6582,lying,lying,1,YELLOW
105,0.6335,lying,lying,1,YELLOW
105,0.564,lying,lying,1,YELLOW
105,0.5576,lying,lying,1,YELLOW
105,0.6232,lying,lying,1,YELLOW
105,0.7081,lying,lying,1,YELLOW
105,0.697,lying,lying,1,YELLOW
105,0.705,lying,lying,1,YELLOW
105,0.7045,lying,lying,1,YELLOW
105,0.6718,lying,lying,1,YELLOW
105,0.419,standing,sitting,0,RED
105,0.4928,standing,sitting,0,YELLOW
105,0.5622,standing,sitting,0,YELLOW
105,0.5863,standing,sitting,0,YELLOW
105,0.5934,standing,sitting,0,YELLOW
105,0.5994,standing,sitting,0,YELLOW
105,0.5386,standing,sitting,0,YELLOW
105,0.584,standing,sitting,0,YELLOW
105,0.5104,standing,sitting,0,YELLOW
105,0.3509,standing,sitting,0,RED
105,0.3306,vacuuming,sitting,0,RED
105,0.4588,standing,sitting,0,YELLOW
105,0.4104,vacuuming,sitting,0,RED
105,0.4149,vacuuming,sitting,0,RED
105,0.4056,vacuuming,sitting,0,RED
105,0.4963,vacuuming,sitting,0,YELLOW
105,0.3454,sitting,sitting,1,RED
105,0.6101,vacuuming,sitting,0,YELLOW
105,0.6902,sitting,sitting,1,YELLOW
105,0.7956,sitting,sitting,1,GREEN
105,0.8788,sitting,sitting,1,GREEN
105,0.882,sitting,sitting,1,GREEN
105,0.9049,sitting,sitting,1,GREEN
105,0.9195,sitting,sitting,1,GREEN
105,0.9413,sitting,sitting,1,GREEN
105,0.9537,sitting,sitting,1,GREEN
105,0.9748,sitting,sitting,1,GREEN
105,0.9832,sitting,sitting,1,GREEN
105,0.9827,sitting,sitting,1,GREEN
105,0.9903,sitting,sitting,1,GREEN
105,0.9985,sitting,sitting,1,GREEN
105,0.996,sitting,sitting,1,GREEN
105,0.9933,sitting,sitting,1,GREEN
105,0.9889,sitting,sitting,1,GREEN
105,0.9792,sitting,sitting,1,GREEN
105,0.977,sitting,sitting,1,GREEN
105,0.9741,sitting,sitting,1,GREEN
105,0.9824,sitting,sitting,1,GREEN
105,0.9456,sitting,sitting,1,GREEN
105,0.8007,sitting,sitting,1,GREEN
105,0.7683,sitting,sitting,1,GREEN
105,0.6798,sitting,sitting,1,YELLOW
105,0.6723,sitting,sitting,1,YELLOW
105,0.7005,sitting,sitting,1,YELLOW
105,0.6978,sitting,sitting,1,YELLOW
105,0.7187,sitting,sitting,1,YELLOW
105,0.7386,sitting,sitting,1,YELLOW
105,0.752,sitting,sitting,1,GREEN
105,0.7474,sitting,sitting,1,YELLOW
105,0.752,sitting,sitting,1,GREEN
105,0.7525,sitting,sitting,1,GREEN
105,0.7519,sitting,sitting,1,GREEN
105,0.7521,sitting,sitting,1,GREEN
105,0.7552,sitting,sitting,1,GREEN
105,0.7524,sitting,sitting,1,GREEN
105,0.7534,sitting,sitting,1,GREEN
105,0.7515,sitting,sitting,1,GREEN
105,0.7264,sitting,sitting,1,YELLOW
105,0.7571,sitting,sitting,1,GREEN
105,0.7504,sitting,sitting,1,GREEN
105,0.7408,sitting,sitting,1,YELLOW
105,0.7264,sitting,sitting,1,YELLOW
105,0.7295,sitting,sitting,1,YELLOW
105,0.7354,sitting,sitting,1,YELLOW
105,0.7393,sitting,sitting,1,YELLOW
105,0.7421,sitting,sitting,1,YELLOW
105,0.7538,sitting,sitting,1,GREEN
105,0.751,sitting,sitting,1,GREEN
105,0.7467,sitting,sitting,1,YELLOW
105,0.7491,sitting,sitting,1,YELLOW
105,0.7424,sitting,sitting,1,YELLOW
105,0.7419,sitting,sitting,1,YELLOW
105,0.7493,sitting,sitting,1,YELLOW
105,0.7524,sitting,sitting,1,GREEN
105,0.7548,sitting,sitting,1,GREEN
105,0.7542,sitting,sitting,1,GREEN
105,0.7559,sitting,sitting,1,GREEN
105,0.648,sitting,sitting,1,YELLOW
105,0.6314,sitting,sitting,1,YELLOW
105,0.5926,sitting,sitting,1,YELLOW
105,0.4037,sitting,sitting,1,RED
105,0.4686,sitting,sitting,1,YELLOW
105,0.4231,sitting,sitting,1,RED
105,0.3993,sitting,sitting,1,RED
105,0.5419,sitting,sitting,1,YELLOW
105,0.6637,sitting,sitting,1,YELLOW
105,0.697,sitting,sitting,1,YELLOW
105,0.576,sitting,sitting,1,YELLOW
105,0.5458,sitting,sitting,1,YELLOW
105,0.506,sitting,sitting,1,YELLOW
105,0.5564,sitting,sitting,1,YELLOW
105,0.5401,sitting,sitting,1,YELLOW
105,0.5137,sitting,sitting,1,YELLOW
105,0.5745,sitting,sitting,1,YELLOW
105,0.5863,sitting,sitting,1,YELLOW
105,0.6643,sitting,sitting,1,YELLOW
105,0.6727,sitting,sitting,1,YELLOW
105,0.7545,sitting,sitting,1,GREEN
105,0.7409,sitting,sitting,1,YELLOW
105,0.7834,sitting,sitting,1,GREEN
105,0.788,sitting,sitting,1,GREEN
105,0.788,sitting,sitting,1,GREEN
105,0.7812,sitting,sitting,1,GREEN
105,0.7817,sitting,sitting,1,GREEN
105,0.7639,sitting,sitting,1,GREEN
105,0.7675,sitting,sitting,1,GREEN
105,0.7781,sitting,sitting,1,GREEN
105,0.7918,sitting,sitting,1,GREEN
105,0.795,sitting,sitting,1,GREEN
105,0.7954,sitting,sitting,1,GREEN
105,0.7931,sitting,sitting,1,GREEN
105,0.7944,sitting,sitting,1,GREEN
105,0.7959,sitting,sitting,1,GREEN
105,0.7947,sitting,sitting,1,GREEN
105,0.7983,sitting,sitting,1,GREEN
105,0.7999,sitting,sitting,1,GREEN
105,0.7979,sitting,sitting,1,GREEN
105,0.8008,sitting,sitting,1,GREEN
105,0.8007,sitting,sitting,1,GREEN
105,0.8003,sitting,sitting,1,GREEN
105,0.7679,sitting,sitting,1,GREEN
105,0.7967,sitting,sitting,1,GREEN
105,0.7928,sitting,sitting,1,GREEN
105,0.7958,sitting,sitting,1,GREEN
105,0.7983,sitting,sitting,1,GREEN
105,0.7994,sitting,sitting,1,GREEN
105,0.7994,sitting,sitting,1,GREEN
105,0.7929,sitting,sitting,1,GREEN
105,0.7946,sitting,sitting,1,GREEN
105,0.7961,sitting,sitting,1,GREEN
105,0.7977,sitting,sitting,1,GREEN
105,0.7973,sitting,sitting,1,GREEN
105,0.7977,sitting,sitting,1,GREEN
105,0.7986,sitting,sitting,1,GREEN
105,0.7964,sitting,sitting,1,GREEN
105,0.7948,sitting,sitting,1,GREEN
105,0.7962,sitting,sitting,1,GREEN
105,0.7912,sitting,sitting,1,GREEN
105,0.7898,sitting,sitting,1,GREEN
105,0.7874,sitting,sitting,1,GREEN
105,0.7778,sitting,sitting,1,GREEN
105,0.7898,sitting,sitting,1,GREEN
105,0.7991,sitting,sitting,1,GREEN
105,0.7961,sitting,sitting,1,GREEN
105,0.7946,sitting,sitting,1,GREEN
105,0.7898,sitting,sitting,1,GREEN
105,0.7889,sitting,sitting,1,GREEN
105,0.7924,sitting,sitting,1,GREEN
105,0.7829,sitting,sitting,1,GREEN
105,0.772,sitting,sitting,1,GREEN
105,0.7215,sitting,sitting,1,YELLOW
105,0.6241,sitting,sitting,1,YELLOW
105,0.5833,sitting,sitting,1,YELLOW
105,0.6036,sitting,sitting,1,YELLOW
105,0.5162,sitting,sitting,1,YELLOW
105,0.339,sitting,sitting,1,RED
105,0.3095,sitting,sitting,1,RED
105,0.361,sitting,sitting,1,RED
105,0.327,sitting,sitting,1,RED
105,0.3617,sitting,sitting,1,RED
105,0.4038,sitting,sitting,1,RED
105,0.3807,sitting,sitting,1,RED
105,0.5689,sitting,sitting,1,YELLOW
105,0.5485,sitting,sitting,1,YELLOW
105,0.5045,sitting,sitting,1,YELLOW
105,0.4011,sitting,sitting,1,RED
105,0.4718,sitting,sitting,1,YELLOW
105,0.5291,sitting,sitting,1,YELLOW
105,0.5522,sitting,sitting,1,YELLOW
105,0.4921,sitting,sitting,1,YELLOW
105,0.4815,sitting,sitting,1,YELLOW
105,0.4403,sitting,sitting,1,RED
105,0.4988,sitting,sitting,1,YELLOW
105,0.4797,sitting,sitting,1,YELLOW
105,0.3905,sitting,sitting,1,RED
105,0.3384,sitting,sitting,1,RED
105,0.4707,sitting,sitting,1,YELLOW
105,0.5342,sitting,sitting,1,YELLOW
105,0.4758,sitting,sitting,1,YELLOW
105,0.4874,sitting,sitting,1,YELLOW
105,0.6249,sitting,sitting,1,YELLOW
105,0.6186,sitting,sitting,1,YELLOW
105,0.6236,sitting,sitting,1,YELLOW
105,0.6772,sitting,sitting,1,YELLOW
105,0.6681,sitting,sitting,1,YELLOW
105,0.6691,sitting,sitting,1,YELLOW
105,0.6572,sitting,sitting,1,YELLOW
105,0.5265,sitting,sitting,1,YELLOW
105,0.577,sitting,sitting,1,YELLOW
105,0.6254,sitting,sitting,1,YELLOW
105,0.3976,sitting,sitting,1,RED
105,0.31,sitting,sitting,1,RED
105,0.3885,sitting,sitting,1,RED
105,0.4015,sitting,sitting,1,RED
105,0.5716,sitting,sitting,1,YELLOW
105,0.5837,sitting,sitting,1,YELLOW
105,0.4386,sitting,sitting,1,RED
105,0.3585,ironing,sitting,0,RED
105,0.3637,ironing,sitting,0,RED
105,0.4049,sitting,sitting,1,RED
105,0.3411,sitting,sitting,1,RED
105,0.4749,sitting,sitting,1,YELLOW
105,0.3872,sitting,sitting,1,RED
105,0.2521,sitting,sitting,1,RED
105,0.223,stairs_down,sitting,0,RED
105,0.2424,sitting,sitting,1,RED
105,0.4025,sitting,sitting,1,RED
105,0.6326,sitting,sitting,1,YELLOW
105,0.7211,sitting,sitting,1,YELLOW
105,0.6927,sitting,sitting,1,YELLOW
105,0.6503,sitting,sitting,1,YELLOW
105,0.5931,sitting,sitting,1,YELLOW
105,0.6398,sitting,sitting,1,YELLOW
105,0.7279,sitting,sitting,1,YELLOW
105,0.5063,sitting,sitting,1,YELLOW
105,0.4856,sitting,sitting,1,YELLOW
105,0.6696,sitting,sitting,1,YELLOW
105,0.6505,sitting,sitting,1,YELLOW
105,0.767,sitting,sitting,1,GREEN
105,0.7838,sitting,sitting,1,GREEN
105,0.7864,sitting,sitting,1,GREEN
105,0.7858,sitting,sitting,1,GREEN
105,0.7772,sitting,sitting,1,GREEN
105,0.7878,sitting,sitting,1,GREEN
105,0.7902,sitting,sitting,1,GREEN
105,0.7973,sitting,sitting,1,GREEN
105,0.8028,sitting,sitting,1,GREEN
105,0.802,sitting,sitting,1,GREEN
105,0.8011,sitting,sitting,1,GREEN
105,0.8007,sitting,sitting,1,GREEN
105,0.7998,sitting,sitting,1,GREEN
105,0.8002,sitting,sitting,1,GREEN
105,0.7976,sitting,sitting,1,GREEN
105,0.7943,sitting,sitting,1,GREEN
105,0.8031,sitting,sitting,1,GREEN
105,0.8033,sitting,sitting,1,GREEN
105,0.802,sitting,sitting,1,GREEN
105,0.8007,sitting,sitting,1,GREEN
105,0.8007,sitting,sitting,1,GREEN
105,0.8034,sitting,sitting,1,GREEN
105,0.7992,sitting,sitting,1,GREEN
105,0.7947,sitting,sitting,1,GREEN
105,0.7933,sitting,sitting,1,GREEN
105,0.7964,sitting,sitting,1,GREEN
105,0.7892,sitting,sitting,1,GREEN
105,0.7835,sitting,sitting,1,GREEN
105,0.7835,sitting,sitting,1,GREEN
105,0.7255,sitting,sitting,1,YELLOW
105,0.7579,sitting,sitting,1,GREEN
105,0.7986,sitting,sitting,1,GREEN
105,0.7978,sitting,sitting,1,GREEN
105,0.797,sitting,sitting,1,GREEN
105,0.792,sitting,sitting,1,GREEN
105,0.7978,sitting,sitting,1,GREEN
105,0.7999,sitting,sitting,1,GREEN
105,0.8013,sitting,sitting,1,GREEN
105,0.803,sitting,sitting,1,GREEN
105,0.7979,sitting,sitting,1,GREEN
105,0.8022,sitting,sitting,1,GREEN
105,0.7993,sitting,sitting,1,GREEN
105,0.796,sitting,sitting,1,GREEN
105,0.8007,sitting,sitting,1,GREEN
105,0.7993,sitting,sitting,1,GREEN
105,0.7998,sitting,sitting,1,GREEN
105,0.7943,sitting,sitting,1,GREEN
105,0.7993,sitting,sitting,1,GREEN
105,0.8032,sitting,sitting,1,GREEN
105,0.7298,sitting,sitting,1,YELLOW
105,0.7875,sitting,sitting,1,GREEN
105,0.7866,sitting,sitting,1,GREEN
105,0.794,sitting,sitting,1,GREEN
105,0.7923,sitting,sitting,1,GREEN
105,0.7945,sitting,sitting,1,GREEN
105,0.7737,sitting,sitting,1,GREEN
105,0.6035,sitting,sitting,1,YELLOW
105,0.6295,sitting,sitting,1,YELLOW
105,0.5734,sitting,sitting,1,YELLOW
105,0.6346,sitting,sitting,1,YELLOW
105,0.4855,sitting,sitting,1,YELLOW
105,0.227,sitting,sitting,1,RED
105,0.2577,stairs_down,sitting,0,RED
105,0.2652,standing,sitting,0,RED
105,0.2661,standing,sitting,0,RED
105,0.2959,stairs_down,sitting,0,RED
105,0.2809,stairs_down,sitting,0,RED
105,0.352,sitting,sitting,1,RED
105,0.4743,sitting,sitting,1,YELLOW
105,0.5693,sitting,sitting,1,YELLOW
105,0.6618,sitting,sitting,1,YELLOW
105,0.7755,sitting,sitting,1,GREEN
105,0.7891,sitting,sitting,1,GREEN
105,0.7763,sitting,sitting,1,GREEN
105,0.6639,sitting,sitting,1,YELLOW
105,0.6926,sitting,sitting,1,YELLOW
105,0.7172,sitting,sitting,1,YELLOW
105,0.7582,sitting,sitting,1,GREEN
105,0.7829,sitting,sitting,1,GREEN
105,0.7737,sitting,sitting,1,GREEN
105,0.7284,sitting,sitting,1,YELLOW
105,0.5974,sitting,sitting,1,YELLOW
105,0.6986,sitting,sitting,1,YELLOW
105,0.6894,sitting,sitting,1,YELLOW
105,0.6476,sitting,sitting,1,YELLOW
105,0.5999,sitting,sitting,1,YELLOW
105,0.6162,sitting,sitting,1,YELLOW
105,0.3958,sitting,sitting,1,RED
105,0.3399,standing,sitting,0,RED
105,0.3552,standing,sitting,0,RED
105,0.3714,sitting,sitting,1,RED
105,0.3848,sitting,sitting,1,RED
105,0.3554,sitting,sitting,1,RED
105,0.3696,sitting,sitting,1,RED
105,0.3703,sitting,sitting,1,RED
105,0.4106,sitting,sitting,1,RED
105,0.4494,sitting,sitting,1,RED
105,0.4029,sitting,sitting,1,RED
105,0.4181,sitting,sitting,1,RED
105,0.3562,sitting,sitting,1,RED
105,0.4335,sitting,sitting,1,RED
105,0.3965,sitting,sitting,1,RED
105,0.3685,sitting,sitting,1,RED
105,0.399,sitting,sitting,1,RED
105,0.4041,sitting,sitting,1,RED
105,0.3413,sitting,sitting,1,RED
105,0.3787,sitting,sitting,1,RED
105,0.3525,standing,sitting,0,RED
105,0.3546,standing,sitting,0,RED
105,0.367,sitting,sitting,1,RED
105,0.3893,standing,sitting,0,RED
105,0.3567,sitting,sitting,1,RED
105,0.3803,sitting,sitting,1,RED
105,0.3434,sitting,sitting,1,RED
105,0.393,standing,sitting,0,RED
105,0.365,standing,sitting,0,RED
105,0.348,standing,sitting,0,RED
105,0.4339,standing,sitting,0,RED
105,0.3405,standing,sitting,0,RED
105,0.3982,sitting,sitting,1,RED
105,0.3809,sitting,sitting,1,RED
105,0.3834,standing,sitting,0,RED
105,0.3714,sitting,sitting,1,RED
105,0.4199,sitting,sitting,1,RED
105,0.4162,standing,sitting,0,RED
105,0.3414,standing,sitting,0,RED
105,0.3491,standing,sitting,0,RED
105,0.3888,standing,sitting,0,RED
105,0.3857,standing,sitting,0,RED
105,0.3381,standing,sitting,0,RED
105,0.3166,standing,sitting,0,RED
105,0.4268,sitting,sitting,1,RED
105,0.3343,sitting,sitting,1,RED
105,0.3725,sitting,sitting,1,RED
105,0.4243,standing,sitting,0,RED
105,0.3835,sitting,sitting,1,RED
105,0.4347,sitting,sitting,1,RED
105,0.4214,standing,sitting,0,RED
105,0.4998,standing,sitting,0,YELLOW
105,0.3495,sitting,sitting,1,RED
105,0.3496,sitting,sitting,1,RED
105,0.4377,sitting,sitting,1,RED
105,0.4973,sitting,sitting,1,YELLOW
105,0.4872,sitting,sitting,1,YELLOW
105,0.5029,sitting,sitting,1,YELLOW
105,0.6769,sitting,sitting,1,YELLOW
105,0.5228,sitting,sitting,1,YELLOW
105,0.6163,sitting,sitting,1,YELLOW
105,0.7001,sitting,sitting,1,YELLOW
105,0.7286,sitting,sitting,1,YELLOW
105,0.7152,sitting,sitting,1,YELLOW
105,0.6491,sitting,sitting,1,YELLOW
105,0.7105,sitting,sitting,1,YELLOW
105,0.6786,sitting,sitting,1,YELLOW
105,0.6422,sitting,sitting,1,YELLOW
105,0.6706,sitting,sitting,1,YELLOW
105,0.6227,sitting,sitting,1,YELLOW
105,0.6541,sitting,sitting,1,YELLOW
105,0.5871,sitting,sitting,1,YELLOW
105,0.7172,sitting,sitting,1,YELLOW
105,0.6458,sitting,sitting,1,YELLOW
105,0.6455,sitting,sitting,1,YELLOW
105,0.6827,sitting,sitting,1,YELLOW
105,0.7595,sitting,sitting,1,GREEN
105,0.7876,sitting,sitting,1,GREEN
105,0.7605,sitting,sitting,1,GREEN
105,0.7905,sitting,sitting,1,GREEN
105,0.7899,sitting,sitting,1,GREEN
105,0.7838,sitting,sitting,1,GREEN
105,0.7438,sitting,sitting,1,YELLOW
105,0.7769,sitting,sitting,1,GREEN
105,0.782,sitting,sitting,1,GREEN
105,0.7877,sitting,sitting,1,GREEN
105,0.7849,sitting,sitting,1,GREEN
105,0.791,sitting,sitting,1,GREEN
105,0.7802,sitting,sitting,1,GREEN
105,0.7766,sitting,sitting,1,GREEN
105,0.7839,sitting,sitting,1,GREEN
105,0.7862,sitting,sitting,1,GREEN
105,0.7894,sitting,sitting,1,GREEN
105,0.8006,sitting,sitting,1,GREEN
105,0.7942,sitting,sitting,1,GREEN
105,0.7872,sitting,sitting,1,GREEN
105,0.7814,sitting,sitting,1,GREEN
105,0.7595,sitting,sitting,1,GREEN
105,0.7349,sitting,sitting,1,YELLOW
105,0.7099,sitting,sitting,1,YELLOW
105,0.7641,sitting,sitting,1,GREEN
105,0.741,sitting,sitting,1,YELLOW
105,0.7005,sitting,sitting,1,YELLOW
105,0.6627,sitting,sitting,1,YELLOW
105,0.698,sitting,sitting,1,YELLOW
105,0.7284,sitting,sitting,1,YELLOW
105,0.6937,sitting,sitting,1,YELLOW
105,0.6498,sitting,sitting,1,YELLOW
105,0.6734,sitting,sitting,1,YELLOW
105,0.7404,sitting,sitting,1,YELLOW
105,0.7138,sitting,sitting,1,YELLOW
105,0.6313,sitting,sitting,1,YELLOW
105,0.4806,sitting,sitting,1,YELLOW
105,0.4688,sitting,sitting,1,YELLOW
105,0.5653,sitting,sitting,1,YELLOW
105,0.5993,sitting,sitting,1,YELLOW
105,0.612,sitting,sitting,1,YELLOW
105,0.6468,sitting,sitting,1,YELLOW
105,0.6397,sitting,sitting,1,YELLOW
105,0.6001,sitting,sitting,1,YELLOW
105,0.5934,sitting,sitting,1,YELLOW
105,0.6013,sitting,sitting,1,YELLOW
105,0.6183,sitting,sitting,1,YELLOW
105,0.5498,sitting,sitting,1,YELLOW
105,0.6963,sitting,sitting,1,YELLOW
105,0.6784,sitting,sitting,1,YELLOW
105,0.7724,sitting,sitting,1,GREEN
105,0.7893,sitting,sitting,1,GREEN
105,0.7932,sitting,sitting,1,GREEN
105,0.793,sitting,sitting,1,GREEN
105,0.7906,sitting,sitting,1,GREEN
105,0.7914,sitting,sitting,1,GREEN
105,0.786,sitting,sitting,1,GREEN
105,0.7837,sitting,sitting,1,GREEN
105,0.7861,sitting,sitting,1,GREEN
105,0.7852,sitting,sitting,1,GREEN
105,0.685,sitting,sitting,1,YELLOW
105,0.7445,sitting,sitting,1,YELLOW
105,0.7818,sitting,sitting,1,GREEN
105,0.7875,sitting,sitting,1,GREEN
105,0.7906,sitting,sitting,1,GREEN
105,0.7959,sitting,sitting,1,GREEN
105,0.8018,sitting,sitting,1,GREEN
105,0.7989,sitting,sitting,1,GREEN
105,0.799,sitting,sitting,1,GREEN
105,0.7537,sitting,sitting,1,GREEN
105,0.7027,sitting,sitting,1,YELLOW
105,0.6609,sitting,sitting,1,YELLOW
105,0.5715,sitting,sitting,1,YELLOW
105,0.5609,sitting,sitting,1,YELLOW
105,0.6726,sitting,sitting,1,YELLOW
105,0.6315,sitting,sitting,1,YELLOW
105,0.6374,sitting,sitting,1,YELLOW
105,0.5396,sitting,sitting,1,YELLOW
105,0.7455,sitting,sitting,1,YELLOW
105,0.7583,sitting,sitting,1,GREEN
105,0.7705,sitting,sitting,1,GREEN
105,0.5768,sitting,sitting,1,YELLOW
105,0.7276,sitting,sitting,1,YELLOW
105,0.747,sitting,sitting,1,YELLOW
105,0.7628,sitting,sitting,1,GREEN
105,0.7543,sitting,sitting,1,GREEN
105,0.6996,sitting,sitting,1,YELLOW
105,0.6782,sitting,sitting,1,YELLOW
105,0.6658,sitting,sitting,1,YELLOW
105,0.6642,sitting,sitting,1,YELLOW
105,0.6493,sitting,sitting,1,YELLOW
105,0.5716,sitting,sitting,1,YELLOW
105,0.5885,sitting,sitting,1,YELLOW
105,0.5517,sitting,sitting,1,YELLOW
105,0.5305,sitting,sitting,1,YELLOW
105,0.5044,sitting,sitting,1,YELLOW
105,0.408,sitting,sitting,1,RED
105,0.603,sitting,sitting,1,YELLOW
105,0.6604,sitting,sitting,1,YELLOW
105,0.6268,sitting,sitting,1,YELLOW
105,0.6465,sitting,sitting,1,YELLOW
105,0.6462,sitting,sitting,1,YELLOW
105,0.6741,sitting,sitting,1,YELLOW
105,0.6354,sitting,sitting,1,YELLOW
105,0.6249,sitting,sitting,1,YELLOW
105,0.5634,sitting,sitting,1,YELLOW
105,0.5954,sitting,sitting,1,YELLOW
105,0.5943,sitting,sitting,1,YELLOW
105,0.6311,sitting,sitting,1,YELLOW
105,0.6403,sitting,sitting,1,YELLOW
105,0.6215,sitting,sitting,1,YELLOW
105,0.6616,sitting,sitting,1,YELLOW
105,0.6545,sitting,sitting,1,YELLOW
105,0.6321,sitting,sitting,1,YELLOW
105,0.6323,sitting,sitting,1,YELLOW
105,0.5764,sitting,sitting,1,YELLOW
105,0.6279,sitting,sitting,1,YELLOW
105,0.6197,sitting,sitting,1,YELLOW
105,0.653,sitting,sitting,1,YELLOW
105,0.6109,sitting,sitting,1,YELLOW
105,0.5776,sitting,sitting,1,YELLOW
105,0.5993,sitting,sitting,1,YELLOW
105,0.6157,sitting,sitting,1,YELLOW
105,0.6915,sitting,sitting,1,YELLOW
105,0.6394,sitting,sitting,1,YELLOW
105,0.6072,sitting,sitting,1,YELLOW
105,0.6804,sitting,sitting,1,YELLOW
105,0.6574,sitting,sitting,1,YELLOW
105,0.6562,sitting,sitting,1,YELLOW
105,0.6895,sitting,sitting,1,YELLOW
105,0.6921,sitting,sitting,1,YELLOW
105,0.6918,sitting,sitting,1,YELLOW
105,0.6587,sitting,sitting,1,YELLOW
105,0.6916,sitting,sitting,1,YELLOW
105,0.6925,sitting,sitting,1,YELLOW
105,0.6764,sitting,sitting,1,YELLOW
105,0.7061,sitting,sitting,1,YELLOW
105,0.6865,sitting,sitting,1,YELLOW
105,0.5338,sitting,sitting,1,YELLOW
105,0.3894,sitting,sitting,1,RED
105,0.3776,sitting,sitting,1,RED
105,0.3249,sitting,sitting,1,RED
105,0.4829,sitting,sitting,1,YELLOW
105,0.3794,sitting,sitting,1,RED
105,0.3665,standing,sitting,0,RED
105,0.5007,standing,sitting,0,YELLOW
105,0.5952,standing,sitting,0,YELLOW
105,0.4806,standing,sitting,0,YELLOW
105,0.2837,standing,sitting,0,RED
105,0.3712,standing,sitting,0,RED
105,0.6313,standing,sitting,0,YELLOW
105,0.4944,standing,sitting,0,YELLOW
105,0.5636,standing,sitting,0,YELLOW
105,0.5529,standing,standing,1,YELLOW
105,0.4987,standing,standing,1,YELLOW
105,0.6179,standing,standing,1,YELLOW
105,0.5578,standing,standing,1,YELLOW
105,0.541,standing,standing,1,YELLOW
105,0.5339,standing,standing,1,YELLOW
105,0.5354,standing,standing,1,YELLOW
105,0.553,standing,standing,1,YELLOW
105,0.5038,standing,standing,1,YELLOW
105,0.429,standing,standing,1,RED
105,0.4728,standing,standing,1,YELLOW
105,0.6122,standing,standing,1,YELLOW
105,0.5914,standing,standing,1,YELLOW
105,0.3878,standing,standing,1,RED
105,0.3133,vacuuming,standing,0,RED
105,0.4978,standing,standing,1,YELLOW
105,0.4492,standing,standing,1,RED
105,0.5932,standing,standing,1,YELLOW
105,0.4308,standing,standing,1,RED
105,0.4794,standing,standing,1,YELLOW
105,0.3086,ironing,standing,0,RED
105,0.4019,vacuuming,standing,0,RED
105,0.4819,vacuuming,standing,0,YELLOW
105,0.4226,standing,standing,1,RED
105,0.7194,standing,standing,1,YELLOW
105,0.6181,standing,standing,1,YELLOW
105,0.5472,standing,standing,1,YELLOW
105,0.6945,standing,standing,1,YELLOW
105,0.7373,standing,standing,1,YELLOW
105,0.8004,standing,standing,1,GREEN
105,0.7215,standing,standing,1,YELLOW
105,0.7763,standing,standing,1,GREEN
105,0.7808,standing,standing,1,GREEN
105,0.8341,standing,standing,1,GREEN
105,0.8354,standing,standing,1,GREEN
105,0.8081,standing,standing,1,GREEN
105,0.7271,standing,standing,1,YELLOW
105,0.7356,standing,standing,1,YELLOW
105,0.7821,standing,standing,1,GREEN
105,0.6894,standing,standing,1,YELLOW
105,0.6992,standing,standing,1,YELLOW
105,0.6436,standing,standing,1,YELLOW
105,0.4954,standing,standing,1,YELLOW
105,0.5582,vacuuming,standing,0,YELLOW
105,0.3606,vacuuming,standing,0,RED
105,0.4433,standing,standing,1,RED
105,0.3781,vacuuming,standing,0,RED
105,0.3667,ironing,standing,0,RED
105,0.5643,ironing,standing,0,YELLOW
105,0.3664,ironing,standing,0,RED
105,0.3282,ironing,standing,0,RED
105,0.4181,ironing,standing,0,RED
105,0.5,ironing,standing,0,YELLOW
105,0.7522,ironing,standing,0,GREEN
105,0.5076,ironing,standing,0,YELLOW
105,0.4068,ironing,standing,0,RED
105,0.4893,ironing,standing,0,YELLOW
105,0.3943,standing,standing,1,RED
105,0.4272,standing,standing,1,RED
105,0.3953,ironing,standing,0,RED
105,0.4245,standing,standing,1,RED
105,0.4757,ironing,standing,0,YELLOW
105,0.5203,ironing,standing,0,YELLOW
105,0.6921,ironing,standing,0,YELLOW
105,0.6771,ironing,standing,0,YELLOW
105,0.569,ironing,standing,0,YELLOW
105,0.3822,ironing,standing,0,RED
105,0.4572,standing,standing,1,YELLOW
105,0.5418,standing,standing,1,YELLOW
105,0.5307,standing,standing,1,YELLOW
105,0.6312,standing,standing,1,YELLOW
105,0.5358,standing,standing,1,YELLOW
105,0.4988,standing,standing,1,YELLOW
105,0.4159,standing,standing,1,RED
105,0.4404,standing,standing,1,RED
105,0.4968,standing,standing,1,YELLOW
105,0.4689,standing,standing,1,YELLOW
105,0.4591,standing,standing,1,YELLOW
105,0.4256,standing,standing,1,RED
105,0.4242,standing,standing,1,RED
105,0.5214,standing,standing,1,YELLOW
105,0.4007,standing,standing,1,RED
105,0.3933,standing,standing,1,RED
105,0.555,standing,standing,1,YELLOW
105,0.4772,standing,standing,1,YELLOW
105,0.4415,standing,standing,1,RED
105,0.5342,standing,standing,1,YELLOW
105,0.441,standing,standing,1,RED
105,0.4804,ironing,standing,0,YELLOW
105,0.4791,standing,standing,1,YELLOW
105,0.4273,standing,standing,1,RED
105,0.4443,standing,standing,1,RED
105,0.5182,standing,standing,1,YELLOW
105,0.3719,ironing,standing,0,RED
105,0.4261,ironing,standing,0,RED
105,0.448,ironing,standing,0,RED
105,0.6682,ironing,standing,0,YELLOW
105,0.7188,ironing,standing,0,YELLOW
105,0.7829,ironing,standing,0,GREEN
105,0.7433,ironing,standing,0,YELLOW
105,0.6399,ironing,standing,0,YELLOW
105,0.5225,ironing,standing,0,YELLOW
105,0.4579,ironing,standing,0,YELLOW
105,0.3981,ironing,standing,0,RED
105,0.4433,ironing,standing,0,RED
105,0.3028,standing,standing,1,RED
105,0.449,standing,standing,1,RED
105,0.3399,standing,standing,1,RED
105,0.3946,standing,standing,1,RED
105,0.4157,vacuuming,standing,0,RED
105,0.5758,vacuuming,standing,0,YELLOW
105,0.3276,standing,standing,1,RED
105,0.4085,standing,standing,1,RED
105,0.4341,standing,standing,1,RED
105,0.5734,standing,standing,1,YELLOW
105,0.445,standing,standing,1,RED
105,0.4169,standing,standing,1,RED
105,0.4938,standing,standing,1,YELLOW
105,0.4612,standing,standing,1,YELLOW
105,0.6004,standing,standing,1,YELLOW
105,0.619,standing,standing,1,YELLOW
105,0.4959,standing,standing,1,YELLOW
105,0.3758,standing,standing,1,RED
105,0.4065,standing,standing,1,RED
105,0.4392,standing,standing,1,RED
105,0.507,standing,standing,1,YELLOW
105,0.5128,standing,standing,1,YELLOW
105,0.4806,standing,standing,1,YELLOW
105,0.4899,standing,standing,1,YELLOW
105,0.4507,standing,standing,1,YELLOW
105,0.4076,standing,standing,1,RED
105,0.4173,standing,standing,1,RED
105,0.5086,standing,standing,1,YELLOW
105,0.4962,standing,standing,1,YELLOW
105,0.5428,standing,standing,1,YELLOW
105,0.503,standing,standing,1,YELLOW
105,0.4413,standing,standing,1,RED
105,0.469,standing,standing,1,YELLOW
105,0.4289,standing,standing,1,RED
105,0.4179,standing,standing,1,RED
105,0.4749,standing,standing,1,YELLOW
105,0.4505,standing,standing,1,YELLOW
105,0.4735,standing,standing,1,YELLOW
105,0.4468,standing,standing,1,RED
105,0.4628,standing,standing,1,YELLOW
105,0.485,standing,standing,1,YELLOW
105,0.5226,standing,standing,1,YELLOW
105,0.5659,standing,standing,1,YELLOW
105,0.5646,standing,standing,1,YELLOW
105,0.4287,standing,standing,1,RED
105,0.4604,standing,standing,1,YELLOW
105,0.5155,standing,standing,1,YELLOW
105,0.5165,standing,standing,1,YELLOW
105,0.5028,standing,standing,1,YELLOW
105,0.4402,standing,standing,1,RED
105,0.391,standing,standing,1,RED
105,0.5795,standing,standing,1,YELLOW
105,0.4866,standing,standing,1,YELLOW
105,0.4703,standing,standing,1,YELLOW
105,0.4857,standing,standing,1,YELLOW
105,0.4784,standing,standing,1,YELLOW
105,0.6854,standing,standing,1,YELLOW
105,0.6408,standing,standing,1,YELLOW
105,0.4992,standing,standing,1,YELLOW
105,0.4923,standing,standing,1,YELLOW
105,0.4056,standing,standing,1,RED
105,0.4531,standing,standing,1,YELLOW
105,0.3383,standing,standing,1,RED
105,0.3418,standing,standing,1,RED
105,0.4207,standing,standing,1,RED
105,0.4554,standing,standing,1,YELLOW
105,0.5907,standing,standing,1,YELLOW
105,0.6036,standing,standing,1,YELLOW
105,0.5279,standing,standing,1,YELLOW
105,0.3827,standing,standing,1,RED
105,0.3909,standing,standing,1,RED
105,0.4088,standing,standing,1,RED
105,0.3793,standing,standing,1,RED
105,0.4714,standing,standing,1,YELLOW
105,0.4142,standing,standing,1,RED
105,0.4939,standing,standing,1,YELLOW
105,0.4908,standing,standing,1,YELLOW
105,0.6311,standing,standing,1,YELLOW
105,0.619,standing,standing,1,YELLOW
105,0.5486,standing,standing,1,YELLOW
105,0.4378,standing,standing,1,RED
105,0.4182,standing,standing,1,RED
105,0.4744,standing,standing,1,YELLOW
105,0.4534,standing,standing,1,YELLOW
105,0.3576,standing,standing,1,RED
105,0.3596,ironing,standing,0,RED
105,0.2981,ironing,standing,0,RED
105,0.3416,standing,standing,1,RED
105,0.4367,standing,standing,1,RED
105,0.3125,vacuuming,standing,0,RED
105,0.3451,standing,standing,1,RED
105,0.4821,standing,standing,1,YELLOW
105,0.4654,standing,standing,1,YELLOW
105,0.4346,standing,standing,1,RED
105,0.4403,standing,standing,1,RED
105,0.3874,standing,standing,1,RED
105,0.4765,standing,standing,1,YELLOW
105,0.5606,standing,standing,1,YELLOW
105,0.5939,standing,standing,1,YELLOW
105,0.6355,standing,standing,1,YELLOW
105,0.6806,standing,standing,1,YELLOW
105,0.661,standing,standing,1,YELLOW
105,0.5515,standing,standing,1,YELLOW
105,0.5077,standing,standing,1,YELLOW
105,0.4742,standing,standing,1,YELLOW
105,0.4674,standing,standing,1,YELLOW
105,0.4671,standing,standing,1,YELLOW
105,0.3662,standing,standing,1,RED
105,0.489,standing,standing,1,YELLOW
105,0.5386,ironing,standing,0,YELLOW
105,0.6744,ironing,standing,0,YELLOW
105,0.6797,ironing,standing,0,YELLOW
105,0.5555,ironing,standing,0,YELLOW
105,0.2928,vacuuming,standing,0,RED
105,0.3695,standing,standing,1,RED
105,0.3065,standing,standing,1,RED
105,0.2727,standing,standing,1,RED
105,0.3682,standing,standing,1,RED
105,0.4372,standing,standing,1,RED
105,0.4729,standing,standing,1,YELLOW
105,0.5069,standing,standing,1,YELLOW
105,0.4463,standing,standing,1,RED
105,0.4395,standing,standing,1,RED
105,0.3078,standing,standing,1,RED
105,0.3332,vacuuming,standing,0,RED
105,0.4381,standing,standing,1,RED
105,0.4261,standing,standing,1,RED
105,0.5056,standing,standing,1,YELLOW
105,0.3981,standing,standing,1,RED
105,0.3473,standing,standing,1,RED
105,0.4256,standing,standing,1,RED
105,0.5408,standing,standing,1,YELLOW
105,0.4122,standing,standing,1,RED
105,0.2967,standing,standing,1,RED
105,0.5015,standing,standing,1,YELLOW
105,0.3329,standing,standing,1,RED
105,0.3982,standing,standing,1,RED
105,0.4867,standing,standing,1,YELLOW
105,0.5911,standing,standing,1,YELLOW
105,0.5375,standing,standing,1,YELLOW
105,0.5628,standing,standing,1,YELLOW
105,0.6302,standing,standing,1,YELLOW
105,0.6286,standing,standing,1,YELLOW
105,0.5867,standing,standing,1,YELLOW
105,0.6374,standing,standing,1,YELLOW
105,0.6379,standing,standing,1,YELLOW
105,0.5153,standing,standing,1,YELLOW
105,0.6449,standing,standing,1,YELLOW
105,0.5836,standing,standing,1,YELLOW
105,0.5083,standing,standing,1,YELLOW
105,0.568,standing,standing,1,YELLOW
105,0.5926,standing,standing,1,YELLOW
105,0.4657,standing,standing,1,YELLOW
105,0.398,standing,standing,1,RED
105,0.4276,standing,standing,1,RED
105,0.6466,standing,standing,1,YELLOW
105,0.7935,standing,standing,1,GREEN
105,0.8522,standing,standing,1,GREEN
105,0.8878,standing,standing,1,GREEN
105,0.9269,standing,standing,1,GREEN
105,0.922,standing,standing,1,GREEN
105,0.9288,standing,standing,1,GREEN
105,0.9363,standing,standing,1,GREEN
105,0.9335,standing,standing,1,GREEN
105,0.9546,standing,standing,1,GREEN
105,0.95,standing,standing,1,GREEN
105,0.945,standing,standing,1,GREEN
105,0.9345,standing,standing,1,GREEN
105,0.9483,standing,standing,1,GREEN
105,0.9402,standing,standing,1,GREEN
105,0.9028,standing,standing,1,GREEN
105,0.9366,standing,standing,1,GREEN
105,0.9393,standing,standing,1,GREEN
105,0.9412,standing,standing,1,GREEN
105,0.9175,standing,standing,1,GREEN
105,0.8894,standing,standing,1,GREEN
105,0.8379,standing,standing,1,GREEN
105,0.7606,standing,standing,1,GREEN
105,0.7441,standing,standing,1,YELLOW
105,0.7767,standing,standing,1,GREEN
105,0.6769,standing,standing,1,YELLOW
105,0.5151,standing,standing,1,YELLOW
105,0.6306,standing,standing,1,YELLOW
105,0.7852,standing,standing,1,GREEN
105,0.7721,standing,standing,1,GREEN
105,0.7533,standing,standing,1,GREEN
105,0.7703,standing,standing,1,GREEN
105,0.8436,standing,standing,1,GREEN
105,0.8325,standing,standing,1,GREEN
105,0.7729,standing,standing,1,GREEN
105,0.7143,standing,standing,1,YELLOW
105,0.6517,standing,standing,1,YELLOW
105,0.3159,vacuuming,standing,0,RED
105,0.3567,standing,standing,1,RED
105,0.4967,standing,standing,1,YELLOW
105,0.7304,standing,standing,1,YELLOW
105,0.7379,standing,standing,1,YELLOW
105,0.767,standing,standing,1,GREEN
105,0.7867,standing,standing,1,GREEN
105,0.7944,standing,standing,1,GREEN
105,0.7331,standing,standing,1,YELLOW
105,0.6942,standing,standing,1,YELLOW
105,0.5984,standing,standing,1,YELLOW
105,0.6698,standing,standing,1,YELLOW
105,0.6312,standing,standing,1,YELLOW
105,0.7545,standing,standing,1,GREEN
105,0.7441,standing,standing,1,YELLOW
105,0.7015,standing,standing,1,YELLOW
105,0.7797,standing,standing,1,GREEN
105,0.7243,standing,standing,1,YELLOW
105,0.7814,standing,standing,1,GREEN
105,0.7207,standing,standing,1,YELLOW
105,0.6985,standing,standing,1,YELLOW
105,0.7255,standing,standing,1,YELLOW
105,0.5273,standing,standing,1,YELLOW
105,0.5117,standing,standing,1,YELLOW
105,0.7124,standing,standing,1,YELLOW
105,0.7415,standing,standing,1,YELLOW
105,0.7354,standing,standing,1,YELLOW
105,0.7932,standing,standing,1,GREEN
105,0.8398,standing,standing,1,GREEN
105,0.8033,standing,standing,1,GREEN
105,0.7472,standing,standing,1,YELLOW
105,0.7998,standing,standing,1,GREEN
105,0.8215,standing,standing,1,GREEN
105,0.8159,standing,standing,1,GREEN
105,0.8484,standing,standing,1,GREEN
105,0.7722,standing,standing,1,GREEN
105,0.6657,standing,standing,1,YELLOW
105,0.6959,standing,standing,1,YELLOW
105,0.7744,standing,standing,1,GREEN
105,0.8255,standing,standing,1,GREEN
105,0.7469,standing,standing,1,YELLOW
105,0.6931,standing,standing,1,YELLOW
105,0.7841,standing,standing,1,GREEN
105,0.8144,standing,standing,1,GREEN
105,0.7888,standing,standing,1,GREEN
105,0.6894,standing,standing,1,YELLOW
105,0.7171,standing,standing,1,YELLOW
105,0.7637,standing,standing,1,GREEN
105,0.6392,standing,standing,1,YELLOW
105,0.6641,standing,standing,1,YELLOW
105,0.6755,standing,standing,1,YELLOW
105,0.859,standing,standing,1,GREEN
105,0.7204,standing,standing,1,YELLOW
105,0.5665,standing,standing,1,YELLOW
105,0.6453,standing,standing,1,YELLOW
105,0.7292,standing,standing,1,YELLOW
105,0.5396,standing,standing,1,YELLOW
105,0.6082,standing,standing,1,YELLOW
105,0.752,standing,standing,1,GREEN
105,0.7496,standing,standing,1,YELLOW
105,0.7934,standing,standing,1,GREEN
105,0.7715,standing,standing,1,GREEN
105,0.7389,standing,standing,1,YELLOW
105,0.7609,standing,standing,1,GREEN
105,0.7258,standing,standing,1,YELLOW
105,0.6574,standing,standing,1,YELLOW
105,0.7498,standing,standing,1,YELLOW
105,0.7495,standing,standing,1,YELLOW
105,0.682,standing,standing,1,YELLOW
105,0.7249,standing,standing,1,YELLOW
105,0.8122,standing,standing,1,GREEN
105,0.8229,standing,standing,1,GREEN
105,0.7993,standing,standing,1,GREEN
105,0.7258,standing,standing,1,YELLOW
105,0.748,standing,standing,1,YELLOW
105,0.7068,standing,standing,1,YELLOW
105,0.7501,standing,standing,1,GREEN
105,0.7538,standing,standing,1,GREEN
105,0.8255,standing,standing,1,GREEN
105,0.8895,standing,standing,1,GREEN
105,0.891,standing,standing,1,GREEN
105,0.891,standing,standing,1,GREEN
105,0.9095,standing,standing,1,GREEN
105,0.8867,standing,standing,1,GREEN
105,0.8123,standing,standing,1,GREEN
105,0.7636,standing,standing,1,GREEN
105,0.7209,standing,standing,1,YELLOW
105,0.594,standing,standing,1,YELLOW
105,0.4036,standing,standing,1,RED
105,0.6185,standing,standing,1,YELLOW
105,0.8357,standing,standing,1,GREEN
105,0.799,standing,standing,1,GREEN
105,0.7562,standing,standing,1,GREEN
105,0.7533,standing,standing,1,GREEN
105,0.7811,standing,standing,1,GREEN
105,0.799,standing,standing,1,GREEN
105,0.6902,standing,standing,1,YELLOW
105,0.5676,standing,standing,1,YELLOW
105,0.5031,standing,standing,1,YELLOW
105,0.5402,standing,standing,1,YELLOW
105,0.3087,standing,standing,1,RED
105,0.4636,standing,standing,1,YELLOW
105,0.4138,standing,standing,1,RED
105,0.3983,stairs_up,standing,0,RED
105,0.4531,stairs_up,standing,0,YELLOW
105,0.3975,stairs_up,standing,0,RED
105,0.7638,ironing,standing,0,GREEN
105,0.8835,ironing,standing,0,GREEN
105,0.9115,ironing,standing,0,GREEN
105,0.8832,ironing,standing,0,GREEN
105,0.7998,ironing,standing,0,GREEN
105,0.6677,ironing,standing,0,YELLOW
105,0.6506,ironing,standing,0,YELLOW
105,0.5805,ironing,standing,0,YELLOW
105,0.5408,ironing,standing,0,YELLOW
105,0.6334,ironing,standing,0,YELLOW
105,0.6557,ironing,standing,0,YELLOW
105,0.705,ironing,standing,0,YELLOW
105,0.7,ironing,standing,0,YELLOW
105,0.6857,ironing,standing,0,YELLOW
105,0.5789,ironing,standing,0,YELLOW
105,0.7294,ironing,standing,0,YELLOW
105,0.7501,ironing,standing,0,GREEN
105,0.5737,ironing,standing,0,YELLOW
105,0.7221,ironing,standing,0,YELLOW
105,0.7264,ironing,standing,0,YELLOW
105,0.7699,ironing,standing,0,GREEN
105,0.7927,ironing,standing,0,GREEN
105,0.7394,ironing,standing,0,YELLOW
105,0.6709,ironing,standing,0,YELLOW
105,0.5864,ironing,standing,0,YELLOW
105,0.4935,ironing,standing,0,YELLOW
105,0.5024,ironing,standing,0,YELLOW
105,0.4834,ironing,standing,0,YELLOW
105,0.4235,ironing,standing,0,RED
105,0.5742,ironing,standing,0,YELLOW
105,0.5162,ironing,standing,0,YELLOW
105,0.5399,ironing,standing,0,YELLOW
105,0.5024,ironing,standing,0,YELLOW
105,0.6413,ironing,standing,0,YELLOW
105,0.7001,ironing,standing,0,YELLOW
105,0.6651,ironing,standing,0,YELLOW
105,0.6556,ironing,standing,0,YELLOW
105,0.659,ironing,ironing,1,YELLOW
105,0.7603,ironing,ironing,1,GREEN
105,0.7475,ironing,ironing,1,YELLOW
105,0.7551,ironing,ironing,1,GREEN
105,0.6703,ironing,ironing,1,YELLOW
105,0.667,ironing,ironing,1,YELLOW
105,0.5757,ironing,ironing,1,YELLOW
105,0.474,ironing,ironing,1,YELLOW
105,0.7798,ironing,ironing,1,GREEN
105,0.8265,ironing,ironing,1,GREEN
105,0.9582,ironing,ironing,1,GREEN
105,0.9348,ironing,ironing,1,GREEN
105,0.9132,ironing,ironing,1,GREEN
105,0.9416,ironing,ironing,1,GREEN
105,0.9741,ironing,ironing,1,GREEN
105,0.9565,ironing,ironing,1,GREEN
105,0.9233,ironing,ironing,1,GREEN
105,0.9056,ironing,ironing,1,GREEN
105,0.8748,ironing,ironing,1,GREEN
105,0.6382,ironing,ironing,1,YELLOW
105,0.5657,ironing,ironing,1,YELLOW
105,0.6535,ironing,ironing,1,YELLOW
105,0.6922,ironing,ironing,1,YELLOW
105,0.8239,ironing,ironing,1,GREEN
105,0.8992,ironing,ironing,1,GREEN
105,0.956,ironing,ironing,1,GREEN
105,0.9553,ironing,ironing,1,GREEN
105,0.8443,ironing,ironing,1,GREEN
105,0.8068,ironing,ironing,1,GREEN
105,0.8365,ironing,ironing,1,GREEN
105,0.8975,ironing,ironing,1,GREEN
105,0.919,ironing,ironing,1,GREEN
105,0.8651,ironing,ironing,1,GREEN
105,0.8609,ironing,ironing,1,GREEN
105,0.8562,ironing,ironing,1,GREEN
105,0.8806,ironing,ironing,1,GREEN
105,0.9142,ironing,ironing,1,GREEN
105,0.9389,ironing,ironing,1,GREEN
105,0.9083,ironing,ironing,1,GREEN
105,0.918,ironing,ironing,1,GREEN
105,0.9131,ironing,ironing,1,GREEN
105,0.8773,ironing,ironing,1,GREEN
105,0.8438,ironing,ironing,1,GREEN
105,0.8397,ironing,ironing,1,GREEN
105,0.8074,ironing,ironing,1,GREEN
105,0.8482,ironing,ironing,1,GREEN
105,0.888,ironing,ironing,1,GREEN
105,0.8955,ironing,ironing,1,GREEN
105,0.8889,ironing,ironing,1,GREEN
105,0.9723,ironing,ironing,1,GREEN
105,0.989,ironing,ironing,1,GREEN
105,0.9591,ironing,ironing,1,GREEN
105,0.8625,ironing,ironing,1,GREEN
105,0.828,ironing,ironing,1,GREEN
105,0.84,ironing,ironing,1,GREEN
105,0.8827,ironing,ironing,1,GREEN
105,0.8886,ironing,ironing,1,GREEN
105,0.7217,ironing,ironing,1,YELLOW
105,0.321,ironing,ironing,1,RED
105,0.4269,vacuuming,ironing,0,RED
105,0.4875,ironing,ironing,1,YELLOW
105,0.4827,vacuuming,ironing,0,YELLOW
105,0.5657,vacuuming,ironing,0,YELLOW
105,0.7115,ironing,ironing,1,YELLOW
105,0.6972,ironing,ironing,1,YELLOW
105,0.72,ironing,ironing,1,YELLOW
105,0.8972,ironing,ironing,1,GREEN
105,0.9235,ironing,ironing,1,GREEN
105,0.8303,ironing,ironing,1,GREEN
105,0.8323,ironing,ironing,1,GREEN
105,0.8798,ironing,ironing,1,GREEN
105,0.9694,ironing,ironing,1,GREEN
105,0.9428,ironing,ironing,1,GREEN
105,0.8388,ironing,ironing,1,GREEN
105,0.709,ironing,ironing,1,YELLOW
105,0.7333,ironing,ironing,1,YELLOW
105,0.7455,ironing,ironing,1,YELLOW
105,0.7559,ironing,ironing,1,GREEN
105,0.7605,ironing,ironing,1,GREEN
105,0.7532,ironing,ironing,1,GREEN
105,0.7383,ironing,ironing,1,YELLOW
105,0.7583,ironing,ironing,1,GREEN
105,0.8176,ironing,ironing,1,GREEN
105,0.793,ironing,ironing,1,GREEN
105,0.8009,ironing,ironing,1,GREEN
105,0.8576,ironing,ironing,1,GREEN
105,0.8088,ironing,ironing,1,GREEN
105,0.6739,ironing,ironing,1,YELLOW
105,0.675,ironing,ironing,1,YELLOW
105,0.7512,ironing,ironing,1,GREEN
105,0.8211,ironing,ironing,1,GREEN
105,0.9085,ironing,ironing,1,GREEN
105,0.9251,ironing,ironing,1,GREEN
105,0.9416,ironing,ironing,1,GREEN
105,0.8399,ironing,ironing,1,GREEN
105,0.8235,ironing,ironing,1,GREEN
105,0.7977,ironing,ironing,1,GREEN
105,0.7881,ironing,ironing,1,GREEN
105,0.815,ironing,ironing,1,GREEN
105,0.7981,ironing,ironing,1,GREEN
105,0.8187,ironing,ironing,1,GREEN
105,0.8121,ironing,ironing,1,GREEN
105,0.8142,ironing,ironing,1,GREEN
105,0.8002,ironing,ironing,1,GREEN
105,0.7867,ironing,ironing,1,GREEN
105,0.8106,ironing,ironing,1,GREEN
105,0.9099,ironing,ironing,1,GREEN
105,0.9837,ironing,ironing,1,GREEN
105,0.968,ironing,ironing,1,GREEN
105,0.9488,ironing,ironing,1,GREEN
105,0.9723,ironing,ironing,1,GREEN
105,0.9745,ironing,ironing,1,GREEN
105,0.987,ironing,ironing,1,GREEN
105,0.9824,ironing,ironing,1,GREEN
105,0.9239,ironing,ironing,1,GREEN
105,0.8873,ironing,ironing,1,GREEN
105,0.8659,ironing,ironing,1,GREEN
105,0.7851,ironing,ironing,1,GREEN
105,0.6402,ironing,ironing,1,YELLOW
105,0.6076,ironing,ironing,1,YELLOW
105,0.659,ironing,ironing,1,YELLOW
105,0.4775,ironing,ironing,1,YELLOW
105,0.5812,vacuuming,ironing,0,YELLOW
105,0.4752,ironing,ironing,1,YELLOW
105,0.6804,ironing,ironing,1,YELLOW
105,0.8526,ironing,ironing,1,GREEN
105,0.8911,ironing,ironing,1,GREEN
105,0.9854,ironing,ironing,1,GREEN
105,0.9884,ironing,ironing,1,GREEN
105,0.9925,ironing,ironing,1,GREEN
105,0.9464,ironing,ironing,1,GREEN
105,0.8992,ironing,ironing,1,GREEN
105,0.8711,ironing,ironing,1,GREEN
105,0.8989,ironing,ironing,1,GREEN
105,0.9853,ironing,ironing,1,GREEN
105,0.9771,ironing,ironing,1,GREEN
105,0.8931,ironing,ironing,1,GREEN
105,0.8949,ironing,ironing,1,GREEN
105,0.9536,ironing,ironing,1,GREEN
105,0.8617,ironing,ironing,1,GREEN
105,0.9484,ironing,ironing,1,GREEN
105,0.9355,ironing,ironing,1,GREEN
105,0.9078,ironing,ironing,1,GREEN
105,0.8613,ironing,ironing,1,GREEN
105,0.8115,ironing,ironing,1,GREEN
105,0.7972,ironing,ironing,1,GREEN
105,0.8114,ironing,ironing,1,GREEN
105,0.8001,ironing,ironing,1,GREEN
105,0.7782,ironing,ironing,1,GREEN
105,0.7528,ironing,ironing,1,GREEN
105,0.821,ironing,ironing,1,GREEN
105,0.8483,ironing,ironing,1,GREEN
105,0.8107,ironing,ironing,1,GREEN
105,0.8496,ironing,ironing,1,GREEN
105,0.8365,ironing,ironing,1,GREEN
105,0.8005,ironing,ironing,1,GREEN
105,0.7523,ironing,ironing,1,GREEN
105,0.7503,ironing,ironing,1,GREEN
105,0.7854,ironing,ironing,1,GREEN
105,0.8095,ironing,ironing,1,GREEN
105,0.8113,ironing,ironing,1,GREEN
105,0.7968,ironing,ironing,1,GREEN
105,0.7973,ironing,ironing,1,GREEN
105,0.7968,ironing,ironing,1,GREEN
105,0.7903,ironing,ironing,1,GREEN
105,0.8129,ironing,ironing,1,GREEN
105,0.8597,ironing,ironing,1,GREEN
105,0.8928,ironing,ironing,1,GREEN
105,0.8373,ironing,ironing,1,GREEN
105,0.8385,ironing,ironing,1,GREEN
105,0.8772,ironing,ironing,1,GREEN
105,0.9408,ironing,ironing,1,GREEN
105,0.9679,ironing,ironing,1,GREEN
105,0.8414,ironing,ironing,1,GREEN
105,0.8199,ironing,ironing,1,GREEN
105,0.9085,ironing,ironing,1,GREEN
105,0.8699,ironing,ironing,1,GREEN
105,0.8651,ironing,ironing,1,GREEN
105,0.8915,ironing,ironing,1,GREEN
105,0.8989,ironing,ironing,1,GREEN
105,0.8013,ironing,ironing,1,GREEN
105,0.5859,ironing,ironing,1,YELLOW
105,0.5918,ironing,ironing,1,YELLOW
105,0.7551,ironing,ironing,1,GREEN
105,0.8412,ironing,ironing,1,GREEN
105,0.9133,ironing,ironing,1,GREEN
105,0.8896,ironing,ironing,1,GREEN
105,0.6978,ironing,ironing,1,YELLOW
105,0.5211,ironing,ironing,1,YELLOW
105,0.7234,ironing,ironing,1,YELLOW
105,0.8024,ironing,ironing,1,GREEN
105,0.7733,ironing,ironing,1,GREEN
105,0.7492,ironing,ironing,1,YELLOW
105,0.8172,ironing,ironing,1,GREEN
105,0.8128,ironing,ironing,1,GREEN
105,0.8222,ironing,ironing,1,GREEN
105,0.7877,ironing,ironing,1,GREEN
105,0.8695,ironing,ironing,1,GREEN
105,0.9449,ironing,ironing,1,GREEN
105,0.9404,ironing,ironing,1,GREEN
105,0.9192,ironing,ironing,1,GREEN
105,0.6822,ironing,ironing,1,YELLOW
105,0.628,ironing,ironing,1,YELLOW
105,0.8833,ironing,ironing,1,GREEN
105,0.9291,ironing,ironing,1,GREEN
105,0.9492,ironing,ironing,1,GREEN
105,0.8918,ironing,ironing,1,GREEN
105,0.7913,ironing,ironing,1,GREEN
105,0.5596,ironing,ironing,1,YELLOW
105,0.7498,ironing,ironing,1,YELLOW
105,0.7644,ironing,ironing,1,GREEN
105,0.8717,ironing,ironing,1,GREEN
105,0.9184,ironing,ironing,1,GREEN
105,0.9371,ironing,ironing,1,GREEN
105,0.9373,ironing,ironing,1,GREEN
105,0.9529,ironing,ironing,1,GREEN
105,0.9941,ironing,ironing,1,GREEN
105,0.989,ironing,ironing,1,GREEN
105,0.9949,ironing,ironing,1,GREEN
105,0.9964,ironing,ironing,1,GREEN
105,0.9741,ironing,ironing,1,GREEN
105,0.9465,ironing,ironing,1,GREEN
105,0.9654,ironing,ironing,1,GREEN
105,0.9609,ironing,ironing,1,GREEN
105,0.9321,ironing,ironing,1,GREEN
105,0.9734,ironing,ironing,1,GREEN
105,0.9877,ironing,ironing,1,GREEN
105,0.9559,ironing,ironing,1,GREEN
105,0.9047,ironing,ironing,1,GREEN
105,0.9123,ironing,ironing,1,GREEN
105,0.8926,ironing,ironing,1,GREEN
105,0.9,ironing,ironing,1,GREEN
105,0.9668,ironing,ironing,1,GREEN
105,0.9694,ironing,ironing,1,GREEN
105,0.9284,ironing,ironing,1,GREEN
105,0.9651,ironing,ironing,1,GREEN
105,0.9861,ironing,ironing,1,GREEN
105,0.9378,ironing,ironing,1,GREEN
105,0.9594,ironing,ironing,1,GREEN
105,0.9441,ironing,ironing,1,GREEN
105,0.8571,ironing,ironing,1,GREEN
105,0.7589,ironing,ironing,1,GREEN
105,0.8446,ironing,ironing,1,GREEN
105,0.7186,ironing,ironing,1,YELLOW
105,0.8221,ironing,ironing,1,GREEN
105,0.9447,ironing,ironing,1,GREEN
105,0.9795,ironing,ironing,1,GREEN
105,0.6756,ironing,ironing,1,YELLOW
105,0.3678,vacuuming,ironing,0,RED
105,0.2698,vacuuming,ironing,0,RED
105,0.4332,ironing,ironing,1,RED
105,0.6306,ironing,ironing,1,YELLOW
105,0.4503,vacuuming,ironing,0,YELLOW
105,0.775,ironing,ironing,1,GREEN
105,0.8266,ironing,ironing,1,GREEN
105,0.8771,ironing,ironing,1,GREEN
105,0.8865,ironing,ironing,1,GREEN
105,0.8878,ironing,ironing,1,GREEN
105,0.8709,ironing,ironing,1,GREEN
105,0.8535,ironing,ironing,1,GREEN
105,0.9382,ironing,ironing,1,GREEN
105,0.9412,ironing,ironing,1,GREEN
105,0.9393,ironing,ironing,1,GREEN
105,0.9251,ironing,ironing,1,GREEN
105,0.8218,ironing,ironing,1,GREEN
105,0.8305,ironing,ironing,1,GREEN
105,0.925,ironing,ironing,1,GREEN
105,0.9708,ironing,ironing,1,GREEN
105,0.9523,ironing,ironing,1,GREEN
105,0.9494,ironing,ironing,1,GREEN
105,0.9256,ironing,ironing,1,GREEN
105,0.9427,ironing,ironing,1,GREEN
105,0.9178,ironing,ironing,1,GREEN
105,0.8961,ironing,ironing,1,GREEN
105,0.9348,ironing,ironing,1,GREEN
105,0.9743,ironing,ironing,1,GREEN
105,0.9748,ironing,ironing,1,GREEN
105,0.969,ironing,ironing,1,GREEN
105,0.9784,ironing,ironing,1,GREEN
105,0.9928,ironing,ironing,1,GREEN
105,0.9979,ironing,ironing,1,GREEN
105,0.998,ironing,ironing,1,GREEN
105,0.998,ironing,ironing,1,GREEN
105,0.993,ironing,ironing,1,GREEN
105,0.9979,ironing,ironing,1,GREEN
105,0.9965,ironing,ironing,1,GREEN
105,0.9074,ironing,ironing,1,GREEN
105,0.9099,ironing,ironing,1,GREEN
105,0.9677,ironing,ironing,1,GREEN
105,0.9794,ironing,ironing,1,GREEN
105,0.9791,ironing,ironing,1,GREEN
105,0.9707,ironing,ironing,1,GREEN
105,0.9625,ironing,ironing,1,GREEN
105,0.9264,ironing,ironing,1,GREEN
105,0.9388,ironing,ironing,1,GREEN
105,0.8854,ironing,ironing,1,GREEN
105,0.8892,ironing,ironing,1,GREEN
105,0.9582,ironing,ironing,1,GREEN
105,0.889,ironing,ironing,1,GREEN
105,0.8234,ironing,ironing,1,GREEN
105,0.7682,ironing,ironing,1,GREEN
105,0.878,ironing,ironing,1,GREEN
105,0.7652,ironing,ironing,1,GREEN
105,0.7623,ironing,ironing,1,GREEN
105,0.6689,ironing,ironing,1,YELLOW
105,0.4087,ironing,ironing,1,RED
105,0.6405,ironing,ironing,1,YELLOW
105,0.7243,ironing,ironing,1,YELLOW
105,0.8614,ironing,ironing,1,GREEN
105,0.9727,ironing,ironing,1,GREEN
105,0.981,ironing,ironing,1,GREEN
105,0.9778,ironing,ironing,1,GREEN
105,0.9866,ironing,ironing,1,GREEN
105,0.9827,ironing,ironing,1,GREEN
105,0.9655,ironing,ironing,1,GREEN
105,0.9204,ironing,ironing,1,GREEN
105,0.9641,ironing,ironing,1,GREEN
105,0.9252,ironing,ironing,1,GREEN
105,0.9935,ironing,ironing,1,GREEN
105,0.9926,ironing,ironing,1,GREEN
105,0.9848,ironing,ironing,1,GREEN
105,0.9855,ironing,ironing,1,GREEN
105,0.9946,ironing,ironing,1,GREEN
105,0.9546,ironing,ironing,1,GREEN
105,0.9855,ironing,ironing,1,GREEN
105,0.9936,ironing,ironing,1,GREEN
105,0.9891,ironing,ironing,1,GREEN
105,0.9976,ironing,ironing,1,GREEN
105,0.9749,ironing,ironing,1,GREEN
105,0.9823,ironing,ironing,1,GREEN
105,0.9949,ironing,ironing,1,GREEN
105,0.9941,ironing,ironing,1,GREEN
105,0.992,ironing,ironing,1,GREEN
105,0.9979,ironing,ironing,1,GREEN
105,0.9979,ironing,ironing,1,GREEN
105,0.9979,ironing,ironing,1,GREEN
105,0.9785,ironing,ironing,1,GREEN
105,0.9799,ironing,ironing,1,GREEN
105,0.9776,ironing,ironing,1,GREEN
105,0.9811,ironing,ironing,1,GREEN
105,0.9765,ironing,ironing,1,GREEN
105,0.9958,ironing,ironing,1,GREEN
105,0.9964,ironing,ironing,1,GREEN
105,0.9944,ironing,ironing,1,GREEN
105,0.9889,ironing,ironing,1,GREEN
105,0.9725,ironing,ironing,1,GREEN
105,0.9798,ironing,ironing,1,GREEN
105,0.9862,ironing,ironing,1,GREEN
105,0.9617,ironing,ironing,1,GREEN
105,0.9674,ironing,ironing,1,GREEN
105,0.9494,ironing,ironing,1,GREEN
105,0.9686,ironing,ironing,1,GREEN
105,0.989,ironing,ironing,1,GREEN
105,0.9802,ironing,ironing,1,GREEN
105,0.9274,ironing,ironing,1,GREEN
105,0.9641,ironing,ironing,1,GREEN
105,0.9084,ironing,ironing,1,GREEN
105,0.9093,ironing,ironing,1,GREEN
105,0.9285,ironing,ironing,1,GREEN
105,0.9616,ironing,ironing,1,GREEN
105,0.9809,ironing,ironing,1,GREEN
105,0.9848,ironing,ironing,1,GREEN
105,0.9935,ironing,ironing,1,GREEN
105,0.9778,ironing,ironing,1,GREEN
105,0.9697,ironing,ironing,1,GREEN
105,0.9165,ironing,ironing,1,GREEN
105,0.9314,ironing,ironing,1,GREEN
105,0.9974,ironing,ironing,1,GREEN
105,0.9993,ironing,ironing,1,GREEN
105,0.9949,ironing,ironing,1,GREEN
105,0.9047,ironing,ironing,1,GREEN
105,0.9118,ironing,ironing,1,GREEN
105,0.8517,ironing,ironing,1,GREEN
105,0.8302,ironing,ironing,1,GREEN
105,0.8075,ironing,ironing,1,GREEN
105,0.8459,ironing,ironing,1,GREEN
105,0.8833,ironing,ironing,1,GREEN
105,0.9555,ironing,ironing,1,GREEN
105,0.981,ironing,ironing,1,GREEN
105,0.9722,ironing,ironing,1,GREEN
105,0.9439,ironing,ironing,1,GREEN
105,0.9336,ironing,ironing,1,GREEN
105,0.9478,ironing,ironing,1,GREEN
105,0.9734,ironing,ironing,1,GREEN
105,0.9837,ironing,ironing,1,GREEN
105,0.9843,ironing,ironing,1,GREEN
105,0.8681,ironing,ironing,1,GREEN
105,0.8521,ironing,ironing,1,GREEN
105,0.969,ironing,ironing,1,GREEN
105,0.9829,ironing,ironing,1,GREEN
105,0.9398,ironing,ironing,1,GREEN
105,0.9053,ironing,ironing,1,GREEN
105,0.9423,ironing,ironing,1,GREEN
105,0.9034,ironing,ironing,1,GREEN
105,0.821,ironing,ironing,1,GREEN
105,0.8472,ironing,ironing,1,GREEN
105,0.8638,ironing,ironing,1,GREEN
105,0.9562,ironing,ironing,1,GREEN
105,0.9447,ironing,ironing,1,GREEN
105,0.907,ironing,ironing,1,GREEN
105,0.8141,ironing,ironing,1,GREEN
105,0.6927,ironing,ironing,1,YELLOW
105,0.5164,ironing,ironing,1,YELLOW
105,0.6367,ironing,ironing,1,YELLOW
105,0.8629,ironing,ironing,1,GREEN
105,0.7787,ironing,ironing,1,GREEN
105,0.6905,ironing,ironing,1,YELLOW
105,0.6108,ironing,ironing,1,YELLOW
105,0.8065,ironing,ironing,1,GREEN
105,0.7733,ironing,ironing,1,GREEN
105,0.9027,ironing,ironing,1,GREEN
105,0.9433,ironing,ironing,1,GREEN
105,0.9933,ironing,ironing,1,GREEN
105,0.9862,ironing,ironing,1,GREEN
105,0.9892,ironing,ironing,1,GREEN
105,0.9934,ironing,ironing,1,GREEN
105,0.9912,ironing,ironing,1,GREEN
105,0.9415,ironing,ironing,1,GREEN
105,0.9588,ironing,ironing,1,GREEN
105,0.9609,ironing,ironing,1,GREEN
105,0.9841,ironing,ironing,1,GREEN
105,0.9933,ironing,ironing,1,GREEN
105,0.9948,ironing,ironing,1,GREEN
105,0.9962,ironing,ironing,1,GREEN
105,0.9986,ironing,ironing,1,GREEN
105,0.998,ironing,ironing,1,GREEN
105,0.9759,ironing,ironing,1,GREEN
105,0.9903,ironing,ironing,1,GREEN
105,0.9947,ironing,ironing,1,GREEN
105,0.9964,ironing,ironing,1,GREEN
105,0.9982,ironing,ironing,1,GREEN
105,0.9979,ironing,ironing,1,GREEN
105,0.9979,ironing,ironing,1,GREEN
105,0.9979,ironing,ironing,1,GREEN
105,0.9932,ironing,ironing,1,GREEN
105,0.9956,ironing,ironing,1,GREEN
105,0.9979,ironing,ironing,1,GREEN
105,0.9979,ironing,ironing,1,GREEN
105,0.9974,ironing,ironing,1,GREEN
105,0.9488,ironing,ironing,1,GREEN
105,0.9042,ironing,ironing,1,GREEN
105,0.9615,ironing,ironing,1,GREEN
105,0.9832,ironing,ironing,1,GREEN
105,0.964,ironing,ironing,1,GREEN
105,0.9908,ironing,ironing,1,GREEN
105,0.9734,ironing,ironing,1,GREEN
105,0.9957,ironing,ironing,1,GREEN
105,0.9932,ironing,ironing,1,GREEN
105,0.9884,ironing,ironing,1,GREEN
105,0.9837,ironing,ironing,1,GREEN
105,0.9563,ironing,ironing,1,GREEN
105,0.8695,ironing,ironing,1,GREEN
105,0.8682,ironing,ironing,1,GREEN
105,0.9371,ironing,ironing,1,GREEN
105,0.9058,ironing,ironing,1,GREEN
105,0.8978,ironing,ironing,1,GREEN
105,0.8981,ironing,ironing,1,GREEN
105,0.8851,ironing,ironing,1,GREEN
105,0.8506,ironing,ironing,1,GREEN
105,0.8758,ironing,ironing,1,GREEN
105,0.8102,ironing,ironing,1,GREEN
105,0.7364,ironing,ironing,1,YELLOW
105,0.5981,ironing,ironing,1,YELLOW
105,0.7623,ironing,ironing,1,GREEN
105,0.912,ironing,ironing,1,GREEN
105,0.9606,ironing,ironing,1,GREEN
105,0.9303,ironing,ironing,1,GREEN
105,0.8896,ironing,ironing,1,GREEN
105,0.9854,ironing,ironing,1,GREEN
105,0.9618,ironing,ironing,1,GREEN
105,0.9816,ironing,ironing,1,GREEN
105,0.9908,ironing,ironing,1,GREEN
105,0.9886,ironing,ironing,1,GREEN
105,0.9219,ironing,ironing,1,GREEN
105,0.9488,ironing,ironing,1,GREEN
105,0.9144,ironing,ironing,1,GREEN
105,0.9367,ironing,ironing,1,GREEN
105,0.9849,ironing,ironing,1,GREEN
105,0.9659,ironing,ironing,1,GREEN
105,0.8369,ironing,ironing,1,GREEN
105,0.6342,ironing,ironing,1,YELLOW
105,0.7121,ironing,ironing,1,YELLOW
105,0.8116,ironing,ironing,1,GREEN
105,0.8311,ironing,ironing,1,GREEN
105,0.8082,ironing,ironing,1,GREEN
105,0.8772,ironing,ironing,1,GREEN
105,0.7304,ironing,ironing,1,YELLOW
105,0.4911,ironing,ironing,1,YELLOW
105,0.3534,ironing,ironing,1,RED
105,0.4057,ironing,ironing,1,RED
105,0.4618,vacuuming,ironing,0,YELLOW
105,0.585,vacuuming,ironing,0,YELLOW
105,0.5237,ironing,ironing,1,YELLOW
105,0.5086,ironing,ironing,1,YELLOW
105,0.6554,ironing,ironing,1,YELLOW
105,0.6632,ironing,ironing,1,YELLOW
105,0.5406,ironing,ironing,1,YELLOW
105,0.6655,ironing,ironing,1,YELLOW
105,0.715,ironing,ironing,1,YELLOW
105,0.6666,ironing,ironing,1,YELLOW
105,0.4838,vacuuming,ironing,0,YELLOW
105,0.4578,vacuuming,ironing,0,YELLOW
105,0.4921,ironing,ironing,1,YELLOW
105,0.6375,ironing,ironing,1,YELLOW
105,0.7336,ironing,ironing,1,YELLOW
105,0.7337,ironing,ironing,1,YELLOW
105,0.6401,ironing,ironing,1,YELLOW
105,0.7361,ironing,ironing,1,YELLOW
105,0.7202,ironing,ironing,1,YELLOW
105,0.7749,ironing,ironing,1,GREEN
105,0.9058,ironing,ironing,1,GREEN
105,0.9757,ironing,ironing,1,GREEN
105,0.9933,ironing,ironing,1,GREEN
105,0.9907,ironing,ironing,1,GREEN
105,0.9755,ironing,ironing,1,GREEN
105,0.9362,ironing,ironing,1,GREEN
105,0.899,ironing,ironing,1,GREEN
105,0.9126,ironing,ironing,1,GREEN
105,0.9096,ironing,ironing,1,GREEN
105,0.8981,ironing,ironing,1,GREEN
105,0.6123,ironing,ironing,1,YELLOW
105,0.5357,ironing,ironing,1,YELLOW
105,0.7505,ironing,ironing,1,GREEN
105,0.8666,ironing,ironing,1,GREEN
105,0.8468,ironing,ironing,1,GREEN
105,0.831,ironing,ironing,1,GREEN
105,0.8239,ironing,ironing,1,GREEN
105,0.9066,ironing,ironing,1,GREEN
105,0.8611,ironing,ironing,1,GREEN
105,0.8915,ironing,ironing,1,GREEN
105,0.9822,ironing,ironing,1,GREEN
105,0.9761,ironing,ironing,1,GREEN
105,0.9861,ironing,ironing,1,GREEN
105,0.9868,ironing,ironing,1,GREEN
105,0.9692,ironing,ironing,1,GREEN
105,0.9655,ironing,ironing,1,GREEN
105,0.9495,ironing,ironing,1,GREEN
105,0.9551,ironing,ironing,1,GREEN
105,0.9667,ironing,ironing,1,GREEN
105,0.9698,ironing,ironing,1,GREEN
105,0.9341,ironing,ironing,1,GREEN
105,0.9808,ironing,ironing,1,GREEN
105,0.9906,ironing,ironing,1,GREEN
105,0.9994,ironing,ironing,1,GREEN
105,0.9964,ironing,ironing,1,GREEN
105,0.9972,ironing,ironing,1,GREEN
105,0.9671,ironing,ironing,1,GREEN
105,0.9893,ironing,ironing,1,GREEN
105,0.9869,ironing,ironing,1,GREEN
105,0.7326,ironing,ironing,1,YELLOW
105,0.6994,ironing,ironing,1,YELLOW
105,0.6958,ironing,ironing,1,YELLOW
105,0.5348,ironing,ironing,1,YELLOW
105,0.6085,ironing,ironing,1,YELLOW
105,0.6907,ironing,ironing,1,YELLOW
105,0.7728,ironing,ironing,1,GREEN
105,0.7096,ironing,ironing,1,YELLOW
105,0.788,ironing,ironing,1,GREEN
105,0.4855,ironing,ironing,1,YELLOW
105,0.5525,vacuuming,ironing,0,YELLOW
105,0.3883,ironing,ironing,1,RED
105,0.3691,ironing,ironing,1,RED
105,0.3632,vacuuming,ironing,0,RED
105,0.4375,vacuuming,ironing,0,RED
105,0.4136,vacuuming,ironing,0,RED
105,0.4233,vacuuming,ironing,0,RED
105,0.4214,vacuuming,ironing,0,RED
105,0.4064,ironing,ironing,1,RED
105,0.5234,ironing,ironing,1,YELLOW
105,0.7086,ironing,ironing,1,YELLOW
105,0.7298,ironing,ironing,1,YELLOW
105,0.8911,ironing,ironing,1,GREEN
105,0.9272,ironing,ironing,1,GREEN
105,0.9563,ironing,ironing,1,GREEN
105,0.9529,ironing,ironing,1,GREEN
105,0.857,ironing,ironing,1,GREEN
105,0.8444,ironing,ironing,1,GREEN
105,0.9802,ironing,ironing,1,GREEN
105,0.9784,ironing,ironing,1,GREEN
105,0.8784,ironing,ironing,1,GREEN
105,0.8867,ironing,ironing,1,GREEN
105,0.9466,ironing,ironing,1,GREEN
105,0.8952,ironing,ironing,1,GREEN
105,0.6036,ironing,ironing,1,YELLOW
105,0.4396,ironing,ironing,1,RED
105,0.7549,ironing,ironing,1,GREEN
105,0.5242,ironing,ironing,1,YELLOW
105,0.6919,ironing,ironing,1,YELLOW
105,0.7527,ironing,ironing,1,GREEN
105,0.6662,ironing,ironing,1,YELLOW
105,0.4378,ironing,ironing,1,RED
105,0.3868,ironing,ironing,1,RED
105,0.4784,ironing,ironing,1,YELLOW
105,0.6857,ironing,ironing,1,YELLOW
105,0.7043,ironing,ironing,1,YELLOW
105,0.9955,ironing,ironing,1,GREEN
105,0.99,ironing,ironing,1,GREEN
105,0.9921,ironing,ironing,1,GREEN
105,0.969,ironing,ironing,1,GREEN
105,0.9344,ironing,ironing,1,GREEN
105,0.94,ironing,ironing,1,GREEN
105,0.9449,ironing,ironing,1,GREEN
105,0.9434,ironing,ironing,1,GREEN
105,0.9444,ironing,ironing,1,GREEN
105,0.9127,ironing,ironing,1,GREEN
105,0.9295,ironing,ironing,1,GREEN
105,0.9336,ironing,ironing,1,GREEN
105,0.9422,ironing,ironing,1,GREEN
105,0.896,ironing,ironing,1,GREEN
105,0.8591,ironing,ironing,1,GREEN
105,0.8576,ironing,ironing,1,GREEN
105,0.8437,ironing,ironing,1,GREEN
105,0.9112,ironing,ironing,1,GREEN
105,0.7315,ironing,ironing,1,YELLOW
105,0.7649,ironing,ironing,1,GREEN
105,0.9307,ironing,ironing,1,GREEN
105,0.9371,ironing,ironing,1,GREEN
105,0.9554,ironing,ironing,1,GREEN
105,0.908,ironing,ironing,1,GREEN
105,0.8446,ironing,ironing,1,GREEN
105,0.8504,ironing,ironing,1,GREEN
105,0.8371,ironing,ironing,1,GREEN
105,0.8555,ironing,ironing,1,GREEN
105,0.9544,ironing,ironing,1,GREEN
105,0.9421,ironing,ironing,1,GREEN
105,0.9443,ironing,ironing,1,GREEN
105,0.9757,ironing,ironing,1,GREEN
105,0.995,ironing,ironing,1,GREEN
105,0.989,ironing,ironing,1,GREEN
105,0.9851,ironing,ironing,1,GREEN
105,0.9982,ironing,ironing,1,GREEN
105,0.9914,ironing,ironing,1,GREEN
105,0.9942,ironing,ironing,1,GREEN
105,0.9792,ironing,ironing,1,GREEN
105,0.9642,ironing,ironing,1,GREEN
105,0.9942,ironing,ironing,1,GREEN
105,0.9832,ironing,ironing,1,GREEN
105,0.9369,ironing,ironing,1,GREEN
105,0.9888,ironing,ironing,1,GREEN
105,0.9964,ironing,ironing,1,GREEN
105,0.9976,ironing,ironing,1,GREEN
105,0.9717,ironing,ironing,1,GREEN
105,0.8963,ironing,ironing,1,GREEN
105,0.9023,ironing,ironing,1,GREEN
105,0.887,ironing,ironing,1,GREEN
105,0.8919,ironing,ironing,1,GREEN
105,0.9001,ironing,ironing,1,GREEN
105,0.8349,ironing,ironing,1,GREEN
105,0.763,ironing,ironing,1,GREEN
105,0.8674,ironing,ironing,1,GREEN
105,0.846,ironing,ironing,1,GREEN
105,0.845,ironing,ironing,1,GREEN
105,0.8108,ironing,ironing,1,GREEN
105,0.8382,ironing,ironing,1,GREEN
105,0.8405,ironing,ironing,1,GREEN
105,0.7175,ironing,ironing,1,YELLOW
105,0.7405,ironing,ironing,1,YELLOW
105,0.2291,nordic_walk,vacuuming,0,RED
105,0.3283,nordic_walk,vacuuming,0,RED
105,0.4343,nordic_walk,vacuuming,0,RED
105,0.3649,nordic_walk,vacuuming,0,RED
105,0.4457,nordic_walk,vacuuming,0,RED
105,0.4296,nordic_walk,vacuuming,0,RED
105,0.4471,nordic_walk,vacuuming,0,RED
105,0.4102,nordic_walk,vacuuming,0,RED
105,0.4061,nordic_walk,vacuuming,0,RED
105,0.2331,vacuuming,vacuuming,1,RED
105,0.3027,vacuuming,vacuuming,1,RED
105,0.3522,ironing,vacuuming,0,RED
105,0.588,vacuuming,vacuuming,1,YELLOW
105,0.7675,vacuuming,vacuuming,1,GREEN
105,0.8754,vacuuming,vacuuming,1,GREEN
105,0.9381,vacuuming,vacuuming,1,GREEN
105,0.9956,vacuuming,vacuuming,1,GREEN
105,0.938,vacuuming,vacuuming,1,GREEN
105,0.8581,vacuuming,vacuuming,1,GREEN
105,0.6775,vacuuming,vacuuming,1,YELLOW
105,0.7227,vacuuming,vacuuming,1,YELLOW
105,0.5949,vacuuming,vacuuming,1,YELLOW
105,0.6461,vacuuming,vacuuming,1,YELLOW
105,0.4703,ironing,vacuuming,0,YELLOW
105,0.4856,vacuuming,vacuuming,1,YELLOW
105,0.6482,vacuuming,vacuuming,1,YELLOW
105,0.5584,vacuuming,vacuuming,1,YELLOW
105,0.5697,vacuuming,vacuuming,1,YELLOW
105,0.7966,vacuuming,vacuuming,1,GREEN
105,0.9742,vacuuming,vacuuming,1,GREEN
105,0.8808,vacuuming,vacuuming,1,GREEN
105,0.9382,vacuuming,vacuuming,1,GREEN
105,0.9894,vacuuming,vacuuming,1,GREEN
105,0.9997,vacuuming,vacuuming,1,GREEN
105,0.9893,vacuuming,vacuuming,1,GREEN
105,0.9963,vacuuming,vacuuming,1,GREEN
105,0.9916,vacuuming,vacuuming,1,GREEN
105,0.9949,vacuuming,vacuuming,1,GREEN
105,0.9989,vacuuming,vacuuming,1,GREEN
105,0.9967,vacuuming,vacuuming,1,GREEN
105,0.9911,vacuuming,vacuuming,1,GREEN
105,0.9678,vacuuming,vacuuming,1,GREEN
105,0.8467,vacuuming,vacuuming,1,GREEN
105,0.7033,vacuuming,vacuuming,1,YELLOW
105,0.6721,vacuuming,vacuuming,1,YELLOW
105,0.614,vacuuming,vacuuming,1,YELLOW
105,0.8043,vacuuming,vacuuming,1,GREEN
105,0.8779,vacuuming,vacuuming,1,GREEN
105,0.675,vacuuming,vacuuming,1,YELLOW
105,0.7096,vacuuming,vacuuming,1,YELLOW
105,0.5959,vacuuming,vacuuming,1,YELLOW
105,0.794,vacuuming,vacuuming,1,GREEN
105,0.9797,vacuuming,vacuuming,1,GREEN
105,0.999,vacuuming,vacuuming,1,GREEN
105,0.9942,vacuuming,vacuuming,1,GREEN
105,0.9916,vacuuming,vacuuming,1,GREEN
105,0.9937,vacuuming,vacuuming,1,GREEN
105,0.8101,vacuuming,vacuuming,1,GREEN
105,0.463,vacuuming,vacuuming,1,YELLOW
105,0.5338,vacuuming,vacuuming,1,YELLOW
105,0.7944,vacuuming,vacuuming,1,GREEN
105,0.8556,vacuuming,vacuuming,1,GREEN
105,0.8651,vacuuming,vacuuming,1,GREEN
105,0.9556,vacuuming,vacuuming,1,GREEN
105,0.981,vacuuming,vacuuming,1,GREEN
105,0.9564,vacuuming,vacuuming,1,GREEN
105,0.9566,vacuuming,vacuuming,1,GREEN
105,0.9497,vacuuming,vacuuming,1,GREEN
105,0.8892,vacuuming,vacuuming,1,GREEN
105,0.9528,vacuuming,vacuuming,1,GREEN
105,0.9178,vacuuming,vacuuming,1,GREEN
105,0.8871,vacuuming,vacuuming,1,GREEN
105,0.9544,vacuuming,vacuuming,1,GREEN
105,0.9648,vacuuming,vacuuming,1,GREEN
105,0.9145,vacuuming,vacuuming,1,GREEN
105,0.767,vacuuming,vacuuming,1,GREEN
105,0.7892,vacuuming,vacuuming,1,GREEN
105,0.8563,vacuuming,vacuuming,1,GREEN
105,0.7914,vacuuming,vacuuming,1,GREEN
105,0.6647,vacuuming,vacuuming,1,YELLOW
105,0.5843,vacuuming,vacuuming,1,YELLOW
105,0.3442,vacuuming,vacuuming,1,RED
105,0.4898,ironing,vacuuming,0,YELLOW
105,0.573,vacuuming,vacuuming,1,YELLOW
105,0.5832,vacuuming,vacuuming,1,YELLOW
105,0.5784,vacuuming,vacuuming,1,YELLOW
105,0.632,vacuuming,vacuuming,1,YELLOW
105,0.5888,vacuuming,vacuuming,1,YELLOW
105,0.6978,vacuuming,vacuuming,1,YELLOW
105,0.988,vacuuming,vacuuming,1,GREEN
105,0.9966,vacuuming,vacuuming,1,GREEN
105,0.9953,vacuuming,vacuuming,1,GREEN
105,0.9933,vacuuming,vacuuming,1,GREEN
105,0.9922,vacuuming,vacuuming,1,GREEN
105,0.9894,vacuuming,vacuuming,1,GREEN
105,0.9943,vacuuming,vacuuming,1,GREEN
105,0.9909,vacuuming,vacuuming,1,GREEN
105,0.9939,vacuuming,vacuuming,1,GREEN
105,0.9898,vacuuming,vacuuming,1,GREEN
105,0.9884,vacuuming,vacuuming,1,GREEN
105,0.9822,vacuuming,vacuuming,1,GREEN
105,0.7045,vacuuming,vacuuming,1,YELLOW
105,0.6455,vacuuming,vacuuming,1,YELLOW
105,0.6706,vacuuming,vacuuming,1,YELLOW
105,0.8474,vacuuming,vacuuming,1,GREEN
105,0.8645,vacuuming,vacuuming,1,GREEN
105,0.6487,vacuuming,vacuuming,1,YELLOW
105,0.5902,vacuuming,vacuuming,1,YELLOW
105,0.4911,vacuuming,vacuuming,1,YELLOW
105,0.6293,vacuuming,vacuuming,1,YELLOW
105,0.6589,vacuuming,vacuuming,1,YELLOW
105,0.6502,vacuuming,vacuuming,1,YELLOW
105,0.7757,vacuuming,vacuuming,1,GREEN
105,0.963,vacuuming,vacuuming,1,GREEN
105,0.839,vacuuming,vacuuming,1,GREEN
105,0.8622,vacuuming,vacuuming,1,GREEN
105,0.9246,vacuuming,vacuuming,1,GREEN
105,0.9146,vacuuming,vacuuming,1,GREEN
105,0.8659,vacuuming,vacuuming,1,GREEN
105,0.6334,vacuuming,vacuuming,1,YELLOW
105,0.4846,vacuuming,vacuuming,1,YELLOW
105,0.8212,vacuuming,vacuuming,1,GREEN
105,0.7839,vacuuming,vacuuming,1,GREEN
105,0.7269,vacuuming,vacuuming,1,YELLOW
105,0.6587,vacuuming,vacuuming,1,YELLOW
105,0.8927,vacuuming,vacuuming,1,GREEN
105,0.8346,vacuuming,vacuuming,1,GREEN
105,0.5815,vacuuming,vacuuming,1,YELLOW
105,0.4116,vacuuming,vacuuming,1,RED
105,0.5746,ironing,vacuuming,0,YELLOW
105,0.6777,ironing,vacuuming,0,YELLOW
105,0.6625,ironing,vacuuming,0,YELLOW
105,0.6822,ironing,vacuuming,0,YELLOW
105,0.6332,ironing,vacuuming,0,YELLOW
105,0.5747,ironing,vacuuming,0,YELLOW
105,0.5538,vacuuming,vacuuming,1,YELLOW
105,0.4928,vacuuming,vacuuming,1,YELLOW
105,0.5839,vacuuming,vacuuming,1,YELLOW
105,0.6389,vacuuming,vacuuming,1,YELLOW
105,0.7013,vacuuming,vacuuming,1,YELLOW
105,0.632,vacuuming,vacuuming,1,YELLOW
105,0.5276,vacuuming,vacuuming,1,YELLOW
105,0.8404,vacuuming,vacuuming,1,GREEN
105,0.8469,vacuuming,vacuuming,1,GREEN
105,0.6011,vacuuming,vacuuming,1,YELLOW
105,0.9358,vacuuming,vacuuming,1,GREEN
105,0.9181,vacuuming,vacuuming,1,GREEN
105,0.8554,vacuuming,vacuuming,1,GREEN
105,0.7091,vacuuming,vacuuming,1,YELLOW
105,0.8495,vacuuming,vacuuming,1,GREEN
105,0.9917,vacuuming,vacuuming,1,GREEN
105,0.9988,vacuuming,vacuuming,1,GREEN
105,0.9982,vacuuming,vacuuming,1,GREEN
105,0.9741,vacuuming,vacuuming,1,GREEN
105,0.9669,vacuuming,vacuuming,1,GREEN
105,0.9784,vacuuming,vacuuming,1,GREEN
105,0.9449,vacuuming,vacuuming,1,GREEN
105,0.9699,vacuuming,vacuuming,1,GREEN
105,0.5885,vacuuming,vacuuming,1,YELLOW
105,0.472,vacuuming,vacuuming,1,YELLOW
105,0.5981,vacuuming,vacuuming,1,YELLOW
105,0.5724,vacuuming,vacuuming,1,YELLOW
105,0.5206,vacuuming,vacuuming,1,YELLOW
105,0.4557,vacuuming,vacuuming,1,YELLOW
105,0.4887,vacuuming,vacuuming,1,YELLOW
105,0.5824,vacuuming,vacuuming,1,YELLOW
105,0.4923,ironing,vacuuming,0,YELLOW
105,0.5115,vacuuming,vacuuming,1,YELLOW
105,0.82,vacuuming,vacuuming,1,GREEN
105,0.817,vacuuming,vacuuming,1,GREEN
105,0.6531,vacuuming,vacuuming,1,YELLOW
105,0.3879,vacuuming,vacuuming,1,RED
105,0.6038,vacuuming,vacuuming,1,YELLOW
105,0.6297,vacuuming,vacuuming,1,YELLOW
105,0.5501,vacuuming,vacuuming,1,YELLOW
105,0.5521,vacuuming,vacuuming,1,YELLOW
105,0.7847,vacuuming,vacuuming,1,GREEN
105,0.6115,vacuuming,vacuuming,1,YELLOW
105,0.5954,vacuuming,vacuuming,1,YELLOW
105,0.528,vacuuming,vacuuming,1,YELLOW
105,0.5425,vacuuming,vacuuming,1,YELLOW
105,0.592,ironing,vacuuming,0,YELLOW
105,0.6078,ironing,vacuuming,0,YELLOW
105,0.5238,vacuuming,vacuuming,1,YELLOW
105,0.5673,ironing,vacuuming,0,YELLOW
105,0.6895,ironing,vacuuming,0,YELLOW
105,0.7383,ironing,vacuuming,0,YELLOW
105,0.5939,vacuuming,vacuuming,1,YELLOW
105,0.5366,vacuuming,vacuuming,1,YELLOW
105,0.6044,vacuuming,vacuuming,1,YELLOW
105,0.7574,vacuuming,vacuuming,1,GREEN
105,0.8203,vacuuming,vacuuming,1,GREEN
105,0.9274,vacuuming,vacuuming,1,GREEN
105,0.9271,vacuuming,vacuuming,1,GREEN
105,0.9279,vacuuming,vacuuming,1,GREEN
105,0.9118,vacuuming,vacuuming,1,GREEN
105,0.8666,vacuuming,vacuuming,1,GREEN
105,0.8394,vacuuming,vacuuming,1,GREEN
105,0.763,vacuuming,vacuuming,1,GREEN
105,0.9,vacuuming,vacuuming,1,GREEN
105,0.7296,vacuuming,vacuuming,1,YELLOW
105,0.6444,vacuuming,vacuuming,1,YELLOW
105,0.5633,vacuuming,vacuuming,1,YELLOW
105,0.6852,ironing,vacuuming,0,YELLOW
105,0.4852,vacuuming,vacuuming,1,YELLOW
105,0.5365,ironing,vacuuming,0,YELLOW
105,0.5747,ironing,vacuuming,0,YELLOW
105,0.411,ironing,vacuuming,0,RED
105,0.4096,vacuuming,vacuuming,1,RED
105,0.74,ironing,vacuuming,0,YELLOW
105,0.7724,ironing,vacuuming,0,GREEN
105,0.3367,ironing,vacuuming,0,RED
105,0.3859,vacuuming,vacuuming,1,RED
105,0.44,vacuuming,vacuuming,1,RED
105,0.817,vacuuming,vacuuming,1,GREEN
105,0.9253,vacuuming,vacuuming,1,GREEN
105,0.7365,vacuuming,vacuuming,1,YELLOW
105,0.7485,vacuuming,vacuuming,1,YELLOW
105,0.6015,vacuuming,vacuuming,1,YELLOW
105,0.6712,vacuuming,vacuuming,1,YELLOW
105,0.6493,vacuuming,vacuuming,1,YELLOW
105,0.86,vacuuming,vacuuming,1,GREEN
105,0.7806,vacuuming,vacuuming,1,GREEN
105,0.7996,vacuuming,vacuuming,1,GREEN
105,0.8151,vacuuming,vacuuming,1,GREEN
105,0.8097,vacuuming,vacuuming,1,GREEN
105,0.8626,vacuuming,vacuuming,1,GREEN
105,0.8372,vacuuming,vacuuming,1,GREEN
105,0.9777,vacuuming,vacuuming,1,GREEN
105,0.9841,vacuuming,vacuuming,1,GREEN
105,0.9634,vacuuming,vacuuming,1,GREEN
105,0.904,vacuuming,vacuuming,1,GREEN
105,0.9003,vacuuming,vacuuming,1,GREEN
105,0.8954,vacuuming,vacuuming,1,GREEN
105,0.9419,vacuuming,vacuuming,1,GREEN
105,0.9802,vacuuming,vacuuming,1,GREEN
105,0.9604,vacuuming,vacuuming,1,GREEN
105,0.8731,vacuuming,vacuuming,1,GREEN
105,0.5174,vacuuming,vacuuming,1,YELLOW
105,0.5676,vacuuming,vacuuming,1,YELLOW
105,0.6867,vacuuming,vacuuming,1,YELLOW
105,0.4317,vacuuming,vacuuming,1,RED
105,0.5107,vacuuming,vacuuming,1,YELLOW
105,0.4793,vacuuming,vacuuming,1,YELLOW
105,0.5989,vacuuming,vacuuming,1,YELLOW
105,0.7409,vacuuming,vacuuming,1,YELLOW
105,0.6836,vacuuming,vacuuming,1,YELLOW
105,0.8692,vacuuming,vacuuming,1,GREEN
105,0.864,vacuuming,vacuuming,1,GREEN
105,0.7848,vacuuming,vacuuming,1,GREEN
105,0.9419,vacuuming,vacuuming,1,GREEN
105,0.9756,vacuuming,vacuuming,1,GREEN
105,0.9686,vacuuming,vacuuming,1,GREEN
105,0.9773,vacuuming,vacuuming,1,GREEN
105,0.939,vacuuming,vacuuming,1,GREEN
105,0.8739,vacuuming,vacuuming,1,GREEN
105,0.9324,vacuuming,vacuuming,1,GREEN
105,0.9293,vacuuming,vacuuming,1,GREEN
105,0.8679,vacuuming,vacuuming,1,GREEN
105,0.9931,vacuuming,vacuuming,1,GREEN
105,0.9644,vacuuming,vacuuming,1,GREEN
105,0.991,vacuuming,vacuuming,1,GREEN
105,0.9975,vacuuming,vacuuming,1,GREEN
105,0.9997,vacuuming,vacuuming,1,GREEN
105,0.9967,vacuuming,vacuuming,1,GREEN
105,0.9983,vacuuming,vacuuming,1,GREEN
105,0.997,vacuuming,vacuuming,1,GREEN
105,0.9582,vacuuming,vacuuming,1,GREEN
105,0.909,vacuuming,vacuuming,1,GREEN
105,0.908,vacuuming,vacuuming,1,GREEN
105,0.9479,vacuuming,vacuuming,1,GREEN
105,0.9972,vacuuming,vacuuming,1,GREEN
105,0.9159,vacuuming,vacuuming,1,GREEN
105,0.9003,vacuuming,vacuuming,1,GREEN
105,0.9645,vacuuming,vacuuming,1,GREEN
105,0.8842,vacuuming,vacuuming,1,GREEN
105,0.714,vacuuming,vacuuming,1,YELLOW
105,0.6213,vacuuming,vacuuming,1,YELLOW
105,0.6965,vacuuming,vacuuming,1,YELLOW
105,0.7698,vacuuming,vacuuming,1,GREEN
105,0.7828,vacuuming,vacuuming,1,GREEN
105,0.8314,vacuuming,vacuuming,1,GREEN
105,0.6827,vacuuming,vacuuming,1,YELLOW
105,0.7487,vacuuming,vacuuming,1,YELLOW
105,0.783,vacuuming,vacuuming,1,GREEN
105,0.7939,vacuuming,vacuuming,1,GREEN
105,0.8205,vacuuming,vacuuming,1,GREEN
105,0.8937,vacuuming,vacuuming,1,GREEN
105,0.8732,vacuuming,vacuuming,1,GREEN
105,0.7822,vacuuming,vacuuming,1,GREEN
105,0.8214,vacuuming,vacuuming,1,GREEN
105,0.5604,vacuuming,vacuuming,1,YELLOW
105,0.5458,vacuuming,vacuuming,1,YELLOW
105,0.5901,vacuuming,vacuuming,1,YELLOW
105,0.4979,vacuuming,vacuuming,1,YELLOW
105,0.6487,vacuuming,vacuuming,1,YELLOW
105,0.7728,vacuuming,vacuuming,1,GREEN
105,0.9654,vacuuming,vacuuming,1,GREEN
105,0.9665,vacuuming,vacuuming,1,GREEN
105,0.9478,vacuuming,vacuuming,1,GREEN
105,0.9051,vacuuming,vacuuming,1,GREEN
105,0.9235,vacuuming,vacuuming,1,GREEN
105,0.867,vacuuming,vacuuming,1,GREEN
105,0.6611,vacuuming,vacuuming,1,YELLOW
105,0.7859,vacuuming,vacuuming,1,GREEN
105,0.9058,vacuuming,vacuuming,1,GREEN
105,0.8559,vacuuming,vacuuming,1,GREEN
105,0.8049,vacuuming,vacuuming,1,GREEN
105,0.9715,vacuuming,vacuuming,1,GREEN
105,0.9966,vacuuming,vacuuming,1,GREEN
105,0.9651,vacuuming,vacuuming,1,GREEN
105,0.988,vacuuming,vacuuming,1,GREEN
105,0.802,vacuuming,vacuuming,1,GREEN
105,0.947,vacuuming,vacuuming,1,GREEN
105,0.9714,vacuuming,vacuuming,1,GREEN
105,0.9524,vacuuming,vacuuming,1,GREEN
105,0.8065,vacuuming,vacuuming,1,GREEN
105,0.8421,vacuuming,vacuuming,1,GREEN
105,0.9776,vacuuming,vacuuming,1,GREEN
105,0.9939,vacuuming,vacuuming,1,GREEN
105,0.9934,vacuuming,vacuuming,1,GREEN
105,0.9705,vacuuming,vacuuming,1,GREEN
105,0.9816,vacuuming,vacuuming,1,GREEN
105,0.9121,vacuuming,vacuuming,1,GREEN
105,0.8176,vacuuming,vacuuming,1,GREEN
105,0.759,vacuuming,vacuuming,1,GREEN
105,0.6394,vacuuming,vacuuming,1,YELLOW
105,0.4088,standing,vacuuming,0,RED
105,0.3717,standing,vacuuming,0,RED
105,0.3585,standing,vacuuming,0,RED
105,0.4395,sitting,vacuuming,0,RED
105,0.3622,sitting,vacuuming,0,RED
105,0.3662,vacuuming,vacuuming,1,RED
105,0.8151,vacuuming,vacuuming,1,GREEN
105,0.9638,vacuuming,vacuuming,1,GREEN
105,0.8653,vacuuming,vacuuming,1,GREEN
105,0.7491,vacuuming,vacuuming,1,YELLOW
105,0.7889,vacuuming,vacuuming,1,GREEN
105,0.7954,vacuuming,vacuuming,1,GREEN
105,0.9698,vacuuming,vacuuming,1,GREEN
105,0.9111,vacuuming,vacuuming,1,GREEN
105,0.8536,vacuuming,vacuuming,1,GREEN
105,0.7409,vacuuming,vacuuming,1,YELLOW
105,0.7967,vacuuming,vacuuming,1,GREEN
105,0.763,vacuuming,vacuuming,1,GREEN
105,0.8779,vacuuming,vacuuming,1,GREEN
105,0.857,vacuuming,vacuuming,1,GREEN
105,0.8801,vacuuming,vacuuming,1,GREEN
105,0.9098,vacuuming,vacuuming,1,GREEN
105,0.961,vacuuming,vacuuming,1,GREEN
105,0.9702,vacuuming,vacuuming,1,GREEN
105,0.9403,vacuuming,vacuuming,1,GREEN
105,0.9943,vacuuming,vacuuming,1,GREEN
105,0.8824,vacuuming,vacuuming,1,GREEN
105,0.7117,vacuuming,vacuuming,1,YELLOW
105,0.7877,vacuuming,vacuuming,1,GREEN
105,0.9107,vacuuming,vacuuming,1,GREEN
105,0.9735,vacuuming,vacuuming,1,GREEN
105,0.9609,vacuuming,vacuuming,1,GREEN
105,0.9527,vacuuming,vacuuming,1,GREEN
105,0.9433,vacuuming,vacuuming,1,GREEN
105,0.8987,vacuuming,vacuuming,1,GREEN
105,0.81,vacuuming,vacuuming,1,GREEN
105,0.7188,vacuuming,vacuuming,1,YELLOW
105,0.688,vacuuming,vacuuming,1,YELLOW
105,0.6467,vacuuming,vacuuming,1,YELLOW
105,0.8013,vacuuming,vacuuming,1,GREEN
105,0.7004,vacuuming,vacuuming,1,YELLOW
105,0.7168,vacuuming,vacuuming,1,YELLOW
105,0.5652,vacuuming,vacuuming,1,YELLOW
105,0.5331,vacuuming,vacuuming,1,YELLOW
105,0.607,vacuuming,vacuuming,1,YELLOW
105,0.8416,vacuuming,vacuuming,1,GREEN
105,0.9589,vacuuming,vacuuming,1,GREEN
105,0.9997,vacuuming,vacuuming,1,GREEN
105,0.9941,vacuuming,vacuuming,1,GREEN
105,0.9512,vacuuming,vacuuming,1,GREEN
105,0.9815,vacuuming,vacuuming,1,GREEN
105,0.9946,vacuuming,vacuuming,1,GREEN
105,0.9962,vacuuming,vacuuming,1,GREEN
105,0.967,vacuuming,vacuuming,1,GREEN
105,0.959,vacuuming,vacuuming,1,GREEN
105,0.7569,vacuuming,vacuuming,1,GREEN
105,0.7159,vacuuming,vacuuming,1,YELLOW
105,0.7929,vacuuming,vacuuming,1,GREEN
105,0.9517,vacuuming,vacuuming,1,GREEN
105,0.9532,vacuuming,vacuuming,1,GREEN
105,0.9307,vacuuming,vacuuming,1,GREEN
105,0.7874,vacuuming,vacuuming,1,GREEN
105,0.9825,vacuuming,vacuuming,1,GREEN
105,0.9926,vacuuming,vacuuming,1,GREEN
105,0.9893,vacuuming,vacuuming,1,GREEN
105,0.9629,vacuuming,vacuuming,1,GREEN
105,0.9786,vacuuming,vacuuming,1,GREEN
105,0.9931,vacuuming,vacuuming,1,GREEN
105,0.9953,vacuuming,vacuuming,1,GREEN
105,0.9494,vacuuming,vacuuming,1,GREEN
105,0.9841,vacuuming,vacuuming,1,GREEN
105,0.9677,vacuuming,vacuuming,1,GREEN
105,0.9382,vacuuming,vacuuming,1,GREEN
105,0.9391,vacuuming,vacuuming,1,GREEN
105,0.9676,vacuuming,vacuuming,1,GREEN
105,0.9884,vacuuming,vacuuming,1,GREEN
105,0.9858,vacuuming,vacuuming,1,GREEN
105,0.9934,vacuuming,vacuuming,1,GREEN
105,0.9883,vacuuming,vacuuming,1,GREEN
105,0.9051,vacuuming,vacuuming,1,GREEN
105,0.8996,vacuuming,vacuuming,1,GREEN
105,0.9709,vacuuming,vacuuming,1,GREEN
105,0.9816,vacuuming,vacuuming,1,GREEN
105,0.9363,vacuuming,vacuuming,1,GREEN
105,0.8148,vacuuming,vacuuming,1,GREEN
105,0.8719,vacuuming,vacuuming,1,GREEN
105,0.831,vacuuming,vacuuming,1,GREEN
105,0.9026,vacuuming,vacuuming,1,GREEN
105,0.9383,vacuuming,vacuuming,1,GREEN
105,0.96,vacuuming,vacuuming,1,GREEN
105,0.931,vacuuming,vacuuming,1,GREEN
105,0.5555,vacuuming,vacuuming,1,YELLOW
105,0.8014,vacuuming,vacuuming,1,GREEN
105,0.8327,vacuuming,vacuuming,1,GREEN
105,0.8027,vacuuming,vacuuming,1,GREEN
105,0.6396,vacuuming,vacuuming,1,YELLOW
105,0.6278,vacuuming,vacuuming,1,YELLOW
105,0.4709,vacuuming,vacuuming,1,YELLOW
105,0.4513,vacuuming,vacuuming,1,YELLOW
105,0.4889,cycling,vacuuming,0,YELLOW
105,0.4974,cycling,vacuuming,0,YELLOW
105,0.5683,cycling,vacuuming,0,YELLOW
105,0.5119,cycling,vacuuming,0,YELLOW
105,0.4129,cycling,vacuuming,0,RED
105,0.3703,cycling,vacuuming,0,RED
105,0.4777,vacuuming,vacuuming,1,YELLOW
105,0.6598,vacuuming,vacuuming,1,YELLOW
105,0.8887,vacuuming,vacuuming,1,GREEN
105,0.9263,vacuuming,vacuuming,1,GREEN
105,0.855,vacuuming,vacuuming,1,GREEN
105,0.7563,vacuuming,vacuuming,1,GREEN
105,0.7269,vacuuming,vacuuming,1,YELLOW
105,0.7779,vacuuming,vacuuming,1,GREEN
105,0.8243,vacuuming,vacuuming,1,GREEN
105,0.9038,vacuuming,vacuuming,1,GREEN
105,0.9059,vacuuming,vacuuming,1,GREEN
105,0.8039,vacuuming,vacuuming,1,GREEN
105,0.7845,vacuuming,vacuuming,1,GREEN
105,0.7618,vacuuming,vacuuming,1,GREEN
105,0.826,vacuuming,vacuuming,1,GREEN
105,0.7832,vacuuming,vacuuming,1,GREEN
105,0.77,vacuuming,vacuuming,1,GREEN
105,0.7607,vacuuming,vacuuming,1,GREEN
105,0.8684,vacuuming,vacuuming,1,GREEN
105,0.7381,vacuuming,vacuuming,1,YELLOW
105,0.5528,vacuuming,vacuuming,1,YELLOW
105,0.6242,vacuuming,vacuuming,1,YELLOW
105,0.7688,vacuuming,vacuuming,1,GREEN
105,0.73,vacuuming,vacuuming,1,YELLOW
105,0.5663,vacuuming,vacuuming,1,YELLOW
105,0.6613,vacuuming,vacuuming,1,YELLOW
105,0.7322,vacuuming,vacuuming,1,YELLOW
105,0.7844,vacuuming,vacuuming,1,GREEN
105,0.829,vacuuming,vacuuming,1,GREEN
105,0.7993,vacuuming,vacuuming,1,GREEN
105,0.7944,vacuuming,vacuuming,1,GREEN
105,0.7952,vacuuming,vacuuming,1,GREEN
105,0.7835,vacuuming,vacuuming,1,GREEN
105,0.5794,vacuuming,vacuuming,1,YELLOW
105,0.6613,vacuuming,vacuuming,1,YELLOW
105,0.8236,vacuuming,vacuuming,1,GREEN
105,0.7723,vacuuming,vacuuming,1,GREEN
105,0.739,vacuuming,vacuuming,1,YELLOW
105,0.854,vacuuming,vacuuming,1,GREEN
105,0.9122,vacuuming,vacuuming,1,GREEN
105,0.969,vacuuming,vacuuming,1,GREEN
105,0.9866,vacuuming,vacuuming,1,GREEN
105,0.9359,vacuuming,vacuuming,1,GREEN
105,0.7608,vacuuming,vacuuming,1,GREEN
105,0.4678,vacuuming,vacuuming,1,YELLOW
105,0.32,standing,vacuuming,0,RED
105,0.3136,standing,vacuuming,0,RED
105,0.5057,vacuuming,vacuuming,1,YELLOW
105,0.8222,vacuuming,vacuuming,1,GREEN
105,0.8295,vacuuming,vacuuming,1,GREEN
105,0.659,vacuuming,vacuuming,1,YELLOW
105,0.3531,vacuuming,vacuuming,1,RED
105,0.3367,stairs_down,vacuuming,0,RED
105,0.2631,standing,vacuuming,0,RED
105,0.2193,standing,vacuuming,0,RED
105,0.3803,standing,stairs_up,0,RED
105,0.4005,standing,stairs_up,0,RED
105,0.315,standing,stairs_up,0,RED
105,0.4921,standing,stairs_up,0,YELLOW
105,0.2925,standing,stairs_up,0,RED
105,0.2789,stairs_up,stairs_up,1,RED
105,0.5214,standing,stairs_up,0,YELLOW
105,0.423,standing,stairs_up,0,RED
105,0.2941,stairs_up,stairs_up,1,RED
105,0.5909,stairs_up,stairs_up,1,YELLOW
105,0.8749,stairs_up,stairs_up,1,GREEN
105,0.9479,stairs_up,stairs_up,1,GREEN
105,0.9939,stairs_up,stairs_up,1,GREEN
105,0.9769,stairs_up,stairs_up,1,GREEN
105,0.9939,stairs_up,stairs_up,1,GREEN
105,0.9919,stairs_up,stairs_up,1,GREEN
105,0.9998,stairs_up,stairs_up,1,GREEN
105,0.991,stairs_up,stairs_up,1,GREEN
105,0.7388,stairs_up,stairs_up,1,YELLOW
105,0.9672,stairs_up,stairs_up,1,GREEN
105,0.9325,stairs_up,stairs_up,1,GREEN
105,0.9688,stairs_up,stairs_up,1,GREEN
105,0.9689,stairs_up,stairs_up,1,GREEN
105,0.909,stairs_up,stairs_up,1,GREEN
105,0.9859,stairs_up,stairs_up,1,GREEN
105,0.7201,stairs_up,stairs_up,1,YELLOW
105,0.7668,stairs_up,stairs_up,1,GREEN
105,0.9665,stairs_up,stairs_up,1,GREEN
105,0.6864,stairs_up,stairs_up,1,YELLOW
105,0.7476,stairs_up,stairs_up,1,YELLOW
105,0.693,stairs_up,stairs_up,1,YELLOW
105,0.9597,stairs_up,stairs_up,1,GREEN
105,0.9419,stairs_up,stairs_up,1,GREEN
105,0.9446,stairs_up,stairs_up,1,GREEN
105,0.9851,stairs_up,stairs_up,1,GREEN
105,0.8285,stairs_up,stairs_up,1,GREEN
105,0.589,stairs_up,stairs_up,1,YELLOW
105,0.8207,stairs_up,stairs_up,1,GREEN
105,0.6967,stairs_up,stairs_up,1,YELLOW
105,0.8672,stairs_up,stairs_up,1,GREEN
105,0.7621,stairs_up,stairs_up,1,GREEN
105,0.7117,stairs_up,stairs_up,1,YELLOW
105,0.9269,stairs_up,stairs_up,1,GREEN
105,0.9104,stairs_up,stairs_up,1,GREEN
105,0.901,stairs_up,stairs_up,1,GREEN
105,0.8951,stairs_up,stairs_up,1,GREEN
105,0.97,stairs_up,stairs_up,1,GREEN
105,0.9882,stairs_up,stairs_up,1,GREEN
105,0.9117,stairs_up,stairs_up,1,GREEN
105,0.79,stairs_up,stairs_up,1,GREEN
105,0.9325,stairs_up,stairs_up,1,GREEN
105,0.7977,stairs_up,stairs_up,1,GREEN
105,0.8174,stairs_up,stairs_up,1,GREEN
105,0.9355,stairs_up,stairs_up,1,GREEN
105,0.9135,stairs_up,stairs_up,1,GREEN
105,0.9196,stairs_up,stairs_up,1,GREEN
105,0.9719,stairs_up,stairs_up,1,GREEN
105,0.8849,stairs_up,stairs_up,1,GREEN
105,0.8892,stairs_up,stairs_up,1,GREEN
105,0.9131,stairs_up,stairs_up,1,GREEN
105,0.7397,stairs_up,stairs_up,1,YELLOW
105,0.9779,stairs_up,stairs_up,1,GREEN
105,0.9766,stairs_up,stairs_up,1,GREEN
105,0.9492,stairs_up,stairs_up,1,GREEN
105,0.9439,stairs_up,stairs_up,1,GREEN
105,0.922,stairs_up,stairs_up,1,GREEN
105,0.9708,stairs_up,stairs_up,1,GREEN
105,0.7884,stairs_up,stairs_up,1,GREEN
105,0.7035,stairs_up,stairs_up,1,YELLOW
105,0.8652,stairs_up,stairs_up,1,GREEN
105,0.9385,stairs_up,stairs_up,1,GREEN
105,0.8839,stairs_up,stairs_up,1,GREEN
105,0.9068,stairs_up,stairs_up,1,GREEN
105,0.8877,stairs_up,stairs_up,1,GREEN
105,0.9621,stairs_up,stairs_up,1,GREEN
105,0.9911,stairs_up,stairs_up,1,GREEN
105,0.8037,stairs_up,stairs_up,1,GREEN
105,0.8119,stairs_up,stairs_up,1,GREEN
105,0.9207,stairs_up,stairs_up,1,GREEN
105,0.7047,stairs_up,stairs_up,1,YELLOW
105,0.9472,stairs_up,stairs_up,1,GREEN
105,0.8973,stairs_up,stairs_up,1,GREEN
105,0.8687,stairs_up,stairs_up,1,GREEN
105,0.9549,stairs_up,stairs_up,1,GREEN
105,0.9388,stairs_up,stairs_up,1,GREEN
105,0.9689,stairs_up,stairs_up,1,GREEN
105,0.6363,stairs_up,stairs_up,1,YELLOW
105,0.6596,stairs_up,stairs_up,1,YELLOW
105,0.9457,stairs_up,stairs_up,1,GREEN
105,0.8608,stairs_up,stairs_up,1,GREEN
105,0.8964,stairs_up,stairs_up,1,GREEN
105,0.9124,stairs_up,stairs_up,1,GREEN
105,0.9755,stairs_up,stairs_up,1,GREEN
105,0.943,stairs_up,stairs_up,1,GREEN
105,0.5709,stairs_up,stairs_up,1,YELLOW
105,0.7391,stairs_up,stairs_up,1,YELLOW
105,0.906,stairs_up,stairs_up,1,GREEN
105,0.5987,stairs_up,stairs_up,1,YELLOW
105,0.9738,stairs_up,stairs_up,1,GREEN
105,0.856,stairs_up,stairs_up,1,GREEN
105,0.8404,stairs_up,stairs_up,1,GREEN
105,0.8261,stairs_up,stairs_up,1,GREEN
105,0.9723,stairs_up,stairs_up,1,GREEN
105,0.9779,stairs_up,stairs_up,1,GREEN
105,0.7903,stairs_up,stairs_up,1,GREEN
105,0.8125,stairs_up,stairs_up,1,GREEN
105,0.9618,stairs_up,stairs_up,1,GREEN
105,0.9577,stairs_up,stairs_up,1,GREEN
105,0.5032,stairs_up,stairs_up,1,YELLOW
105,0.5957,stairs_up,stairs_up,1,YELLOW
105,0.6404,stairs_up,stairs_up,1,YELLOW
105,0.8737,stairs_up,stairs_up,1,GREEN
105,0.7178,stairs_up,stairs_up,1,YELLOW
105,0.2605,stairs_down,stairs_up,0,RED
105,0.2888,stairs_down,stairs_up,0,RED
105,0.3076,stairs_down,stairs_up,0,RED
105,0.5,standing,stairs_up,0,YELLOW
105,0.4601,standing,stairs_up,0,YELLOW
105,0.4178,standing,stairs_up,0,RED
105,0.3698,standing,stairs_up,0,RED
105,0.1853,stairs_up,stairs_up,1,RED
105,0.5675,sitting,stairs_down,0,YELLOW
105,0.4899,sitting,stairs_down,0,YELLOW
105,0.5958,sitting,stairs_down,0,YELLOW
105,0.5836,sitting,stairs_down,0,YELLOW
105,0.5485,sitting,stairs_down,0,YELLOW
105,0.5666,sitting,stairs_down,0,YELLOW
105,0.5866,sitting,stairs_down,0,YELLOW
105,0.5846,sitting,stairs_down,0,YELLOW
105,0.4818,sitting,stairs_down,0,YELLOW
105,0.4325,sitting,stairs_down,0,RED
105,0.3988,vacuuming,stairs_down,0,RED
105,0.394,stairs_down,stairs_down,1,RED
105,0.6683,stairs_down,stairs_down,1,YELLOW
105,0.9006,stairs_down,stairs_down,1,GREEN
105,0.8784,stairs_down,stairs_down,1,GREEN
105,0.888,stairs_down,stairs_down,1,GREEN
105,0.7739,stairs_down,stairs_down,1,GREEN
105,0.735,stairs_down,stairs_down,1,YELLOW
105,0.6981,stairs_down,stairs_down,1,YELLOW
105,0.8305,stairs_down,stairs_down,1,GREEN
105,0.7624,stairs_down,stairs_down,1,GREEN
105,0.8028,stairs_down,stairs_down,1,GREEN
105,0.6831,stairs_down,stairs_down,1,YELLOW
105,0.6519,stairs_down,stairs_down,1,YELLOW
105,0.835,stairs_down,stairs_down,1,GREEN
105,0.5552,stairs_down,stairs_down,1,YELLOW
105,0.6439,stairs_down,stairs_down,1,YELLOW
105,0.5231,stairs_down,stairs_down,1,YELLOW
105,0.6806,stairs_down,stairs_down,1,YELLOW
105,0.7214,stairs_down,stairs_down,1,YELLOW
105,0.5436,stairs_down,stairs_down,1,YELLOW
105,0.8848,stairs_down,stairs_down,1,GREEN
105,0.9643,stairs_down,stairs_down,1,GREEN
105,0.986,stairs_down,stairs_down,1,GREEN
105,0.9743,stairs_down,stairs_down,1,GREEN
105,0.9304,stairs_down,stairs_down,1,GREEN
105,0.8382,stairs_down,stairs_down,1,GREEN
105,0.6053,stairs_down,stairs_down,1,YELLOW
105,0.7688,stairs_down,stairs_down,1,GREEN
105,0.8758,stairs_down,stairs_down,1,GREEN
105,0.4522,stairs_down,stairs_down,1,YELLOW
105,0.7742,stairs_down,stairs_down,1,GREEN
105,0.927,stairs_down,stairs_down,1,GREEN
105,0.9583,stairs_down,stairs_down,1,GREEN
105,0.7192,stairs_down,stairs_down,1,YELLOW
105,0.7792,stairs_down,stairs_down,1,GREEN
105,0.6184,stairs_down,stairs_down,1,YELLOW
105,0.7592,stairs_down,stairs_down,1,GREEN
105,0.7772,stairs_down,stairs_down,1,GREEN
105,0.537,stairs_down,stairs_down,1,YELLOW
105,0.8186,stairs_down,stairs_down,1,GREEN
105,0.9467,stairs_down,stairs_down,1,GREEN
105,0.9675,stairs_down,stairs_down,1,GREEN
105,0.8911,stairs_down,stairs_down,1,GREEN
105,0.8164,stairs_down,stairs_down,1,GREEN
105,0.7591,stairs_down,stairs_down,1,GREEN
105,0.9148,stairs_down,stairs_down,1,GREEN
105,0.8089,stairs_down,stairs_down,1,GREEN
105,0.7225,stairs_down,stairs_down,1,YELLOW
105,0.3407,vacuuming,stairs_down,0,RED
105,0.7479,stairs_down,stairs_down,1,YELLOW
105,0.8623,stairs_down,stairs_down,1,GREEN
105,0.7187,stairs_down,stairs_down,1,YELLOW
105,0.9473,stairs_down,stairs_down,1,GREEN
105,0.7634,stairs_down,stairs_down,1,GREEN
105,0.7334,stairs_down,stairs_down,1,YELLOW
105,0.8465,stairs_down,stairs_down,1,GREEN
105,0.8148,stairs_down,stairs_down,1,GREEN
105,0.466,stairs_down,stairs_down,1,YELLOW
105,0.7339,stairs_down,stairs_down,1,YELLOW
105,0.7269,stairs_down,stairs_down,1,YELLOW
105,0.8953,stairs_down,stairs_down,1,GREEN
105,0.8729,stairs_down,stairs_down,1,GREEN
105,0.9084,stairs_down,stairs_down,1,GREEN
105,0.8639,stairs_down,stairs_down,1,GREEN
105,0.7434,stairs_down,stairs_down,1,YELLOW
105,0.5355,stairs_down,stairs_down,1,YELLOW
105,0.5734,stairs_down,stairs_down,1,YELLOW
105,0.7292,stairs_down,stairs_down,1,YELLOW
105,0.707,stairs_down,stairs_down,1,YELLOW
105,0.6698,stairs_down,stairs_down,1,YELLOW
105,0.4888,vacuuming,stairs_down,0,YELLOW
105,0.8008,stairs_down,stairs_down,1,GREEN
105,0.8239,stairs_down,stairs_down,1,GREEN
105,0.8216,stairs_down,stairs_down,1,GREEN
105,0.8136,stairs_down,stairs_down,1,GREEN
105,0.853,stairs_down,stairs_down,1,GREEN
105,0.8735,stairs_down,stairs_down,1,GREEN
105,0.6922,stairs_down,stairs_down,1,YELLOW
105,0.5624,stairs_down,stairs_down,1,YELLOW
105,0.5343,stairs_down,stairs_down,1,YELLOW
105,0.7,stairs_down,stairs_down,1,YELLOW
105,0.7016,stairs_down,stairs_down,1,YELLOW
105,0.6072,stairs_down,stairs_down,1,YELLOW
105,0.5874,stairs_down,stairs_down,1,YELLOW
105,0.7486,stairs_down,stairs_down,1,YELLOW
105,0.8325,stairs_down,stairs_down,1,GREEN
105,0.7859,stairs_down,stairs_down,1,GREEN
105,0.5949,stairs_down,stairs_down,1,YELLOW
105,0.5314,stairs_down,stairs_down,1,YELLOW
105,0.5468,stairs_up,stairs_down,0,YELLOW
105,0.6301,stairs_down,stairs_down,1,YELLOW
105,0.8201,stairs_down,stairs_down,1,GREEN
105,0.8306,stairs_down,stairs_down,1,GREEN
105,0.8405,stairs_down,stairs_down,1,GREEN
105,0.7233,stairs_down,stairs_down,1,YELLOW
105,0.605,stairs_down,stairs_down,1,YELLOW
105,0.6109,stairs_down,stairs_down,1,YELLOW
105,0.8362,stairs_down,stairs_down,1,GREEN
105,0.7935,stairs_down,stairs_down,1,GREEN
105,0.6918,stairs_down,stairs_down,1,YELLOW
105,0.7348,stairs_down,stairs_down,1,YELLOW
105,0.6816,stairs_down,stairs_down,1,YELLOW
105,0.5356,stairs_down,stairs_down,1,YELLOW
105,0.8195,stairs_down,stairs_down,1,GREEN
105,0.8437,stairs_down,stairs_down,1,GREEN
105,0.8155,stairs_down,stairs_down,1,GREEN
105,0.8042,stairs_down,stairs_down,1,GREEN
105,0.7879,stairs_down,stairs_down,1,GREEN
105,0.5343,stairs_up,stairs_down,0,YELLOW
105,0.4767,stairs_up,stairs_down,0,YELLOW
105,0.487,stairs_up,stairs_down,0,YELLOW
105,0.5496,stairs_up,stairs_down,0,YELLOW
105,0.4497,stairs_up,stairs_down,0,RED
105,0.3591,stairs_down,stairs_down,1,RED
105,0.2666,stairs_down,stairs_down,1,RED
105,0.4268,stairs_down,stairs_down,1,RED
105,0.4221,stairs_up,stairs_down,0,RED
105,0.3468,stairs_up,stairs_down,0,RED
105,0.4938,vacuuming,stairs_down,0,YELLOW
105,0.5569,vacuuming,stairs_down,0,YELLOW
105,0.4018,ironing,stairs_down,0,RED
105,0.3551,ironing,stairs_down,0,RED
105,0.3459,ironing,stairs_down,0,RED
105,0.3307,ironing,stairs_down,0,RED
105,0.3174,ironing,stairs_down,0,RED
105,0.3204,ironing,stairs_down,0,RED
105,0.3346,ironing,stairs_down,0,RED
105,0.4269,sitting,stairs_up,0,RED
105,0.3018,sitting,stairs_up,0,RED
105,0.3031,sitting,stairs_up,0,RED
105,0.2998,sitting,stairs_up,0,RED
105,0.2596,ironing,stairs_up,0,RED
105,0.2983,vacuuming,stairs_up,0,RED
105,0.4149,vacuuming,stairs_up,0,RED
105,0.3893,stairs_up,stairs_up,1,RED
105,0.3853,stairs_up,stairs_up,1,RED
105,0.7815,stairs_up,stairs_up,1,GREEN
105,0.9674,stairs_up,stairs_up,1,GREEN
105,0.9837,stairs_up,stairs_up,1,GREEN
105,0.9789,stairs_up,stairs_up,1,GREEN
105,0.9851,stairs_up,stairs_up,1,GREEN
105,0.9858,stairs_up,stairs_up,1,GREEN
105,0.9773,stairs_up,stairs_up,1,GREEN
105,0.9785,stairs_up,stairs_up,1,GREEN
105,0.993,stairs_up,stairs_up,1,GREEN
105,0.8932,stairs_up,stairs_up,1,GREEN
105,0.9468,stairs_up,stairs_up,1,GREEN
105,0.9706,stairs_up,stairs_up,1,GREEN
105,0.9724,stairs_up,stairs_up,1,GREEN
105,0.9467,stairs_up,stairs_up,1,GREEN
105,0.967,stairs_up,stairs_up,1,GREEN
105,0.9917,stairs_up,stairs_up,1,GREEN
105,0.9782,stairs_up,stairs_up,1,GREEN
105,0.9871,stairs_up,stairs_up,1,GREEN
105,0.9763,stairs_up,stairs_up,1,GREEN
105,0.9858,stairs_up,stairs_up,1,GREEN
105,0.9602,stairs_up,stairs_up,1,GREEN
105,0.8261,stairs_up,stairs_up,1,GREEN
105,0.9001,stairs_up,stairs_up,1,GREEN
105,0.5637,stairs_up,stairs_up,1,YELLOW
105,0.6663,stairs_up,stairs_up,1,YELLOW
105,0.6909,stairs_up,stairs_up,1,YELLOW
105,0.7493,stairs_up,stairs_up,1,YELLOW
105,0.7276,stairs_up,stairs_up,1,YELLOW
105,0.9507,stairs_up,stairs_up,1,GREEN
105,0.9849,stairs_up,stairs_up,1,GREEN
105,0.965,stairs_up,stairs_up,1,GREEN
105,0.9565,stairs_up,stairs_up,1,GREEN
105,0.9628,stairs_up,stairs_up,1,GREEN
105,0.9738,stairs_up,stairs_up,1,GREEN
105,0.9816,stairs_up,stairs_up,1,GREEN
105,0.9434,stairs_up,stairs_up,1,GREEN
105,0.963,stairs_up,stairs_up,1,GREEN
105,0.9666,stairs_up,stairs_up,1,GREEN
105,0.9724,stairs_up,stairs_up,1,GREEN
105,0.9549,stairs_up,stairs_up,1,GREEN
105,0.9631,stairs_up,stairs_up,1,GREEN
105,0.9847,stairs_up,stairs_up,1,GREEN
105,0.9623,stairs_up,stairs_up,1,GREEN
105,0.9768,stairs_up,stairs_up,1,GREEN
105,0.984,stairs_up,stairs_up,1,GREEN
105,0.9132,stairs_up,stairs_up,1,GREEN
105,0.9292,stairs_up,stairs_up,1,GREEN
105,0.8971,stairs_up,stairs_up,1,GREEN
105,0.978,stairs_up,stairs_up,1,GREEN
105,0.9462,stairs_up,stairs_up,1,GREEN
105,0.9713,stairs_up,stairs_up,1,GREEN
105,0.972,stairs_up,stairs_up,1,GREEN
105,0.9722,stairs_up,stairs_up,1,GREEN
105,0.9521,stairs_up,stairs_up,1,GREEN
105,0.7722,stairs_up,stairs_up,1,GREEN
105,0.7544,stairs_up,stairs_up,1,GREEN
105,0.9327,stairs_up,stairs_up,1,GREEN
105,0.9586,stairs_up,stairs_up,1,GREEN
105,0.9756,stairs_up,stairs_up,1,GREEN
105,0.9383,stairs_up,stairs_up,1,GREEN
105,0.8676,stairs_up,stairs_up,1,GREEN
105,0.9211,stairs_up,stairs_up,1,GREEN
105,0.9836,stairs_up,stairs_up,1,GREEN
105,0.9785,stairs_up,stairs_up,1,GREEN
105,0.9745,stairs_up,stairs_up,1,GREEN
105,0.9622,stairs_up,stairs_up,1,GREEN
105,0.9355,stairs_up,stairs_up,1,GREEN
105,0.9665,stairs_up,stairs_up,1,GREEN
105,0.9662,stairs_up,stairs_up,1,GREEN
105,0.9551,stairs_up,stairs_up,1,GREEN
105,0.9364,stairs_up,stairs_up,1,GREEN
105,0.8528,stairs_up,stairs_up,1,GREEN
105,0.8671,stairs_up,stairs_up,1,GREEN
105,0.8344,stairs_up,stairs_up,1,GREEN
105,0.9117,stairs_up,stairs_up,1,GREEN
105,0.9467,stairs_up,stairs_up,1,GREEN
105,0.9376,stairs_up,stairs_up,1,GREEN
105,0.9843,stairs_up,stairs_up,1,GREEN
105,0.9735,stairs_up,stairs_up,1,GREEN
105,0.9583,stairs_up,stairs_up,1,GREEN
105,0.9807,stairs_up,stairs_up,1,GREEN
105,0.9557,stairs_up,stairs_up,1,GREEN
105,0.9503,stairs_up,stairs_up,1,GREEN
105,0.9376,stairs_up,stairs_up,1,GREEN
105,0.9673,stairs_up,stairs_up,1,GREEN
105,0.9813,stairs_up,stairs_up,1,GREEN
105,0.9618,stairs_up,stairs_up,1,GREEN
105,0.8916,stairs_up,stairs_up,1,GREEN
105,0.9176,stairs_up,stairs_up,1,GREEN
105,0.9851,stairs_up,stairs_up,1,GREEN
105,0.9789,stairs_up,stairs_up,1,GREEN
105,0.9808,stairs_up,stairs_up,1,GREEN
105,0.9785,stairs_up,stairs_up,1,GREEN
105,0.9679,stairs_up,stairs_up,1,GREEN
105,0.9616,stairs_up,stairs_up,1,GREEN
105,0.9572,stairs_up,stairs_up,1,GREEN
105,0.99,stairs_up,stairs_up,1,GREEN
105,0.9989,stairs_up,stairs_up,1,GREEN
105,0.824,stairs_up,stairs_up,1,GREEN
105,0.8577,stairs_up,stairs_up,1,GREEN
105,0.5833,stairs_up,stairs_up,1,YELLOW
105,0.8045,stairs_up,stairs_up,1,GREEN
105,0.87,stairs_up,stairs_up,1,GREEN
105,0.9164,stairs_up,stairs_up,1,GREEN
105,0.9525,stairs_up,stairs_up,1,GREEN
105,0.9626,stairs_up,stairs_up,1,GREEN
105,0.9245,stairs_up,stairs_up,1,GREEN
105,0.9836,stairs_up,stairs_up,1,GREEN
105,0.9631,stairs_up,stairs_up,1,GREEN
105,0.9659,stairs_up,stairs_up,1,GREEN
105,0.9694,stairs_up,stairs_up,1,GREEN
105,0.9718,stairs_up,stairs_up,1,GREEN
105,0.9746,stairs_up,stairs_up,1,GREEN
105,0.8888,stairs_up,stairs_up,1,GREEN
105,0.9116,stairs_up,stairs_up,1,GREEN
105,0.9209,stairs_up,stairs_up,1,GREEN
105,0.9207,stairs_up,stairs_up,1,GREEN
105,0.966,stairs_up,stairs_up,1,GREEN
105,0.9535,stairs_up,stairs_up,1,GREEN
105,0.9808,stairs_up,stairs_up,1,GREEN
105,0.9848,stairs_up,stairs_up,1,GREEN
105,0.9726,stairs_up,stairs_up,1,GREEN
105,0.953,stairs_up,stairs_up,1,GREEN
105,0.9233,stairs_up,stairs_up,1,GREEN
105,0.9679,stairs_up,stairs_up,1,GREEN
105,0.9638,stairs_up,stairs_up,1,GREEN
105,0.9247,stairs_up,stairs_up,1,GREEN
105,0.9686,stairs_up,stairs_up,1,GREEN
105,0.9086,stairs_up,stairs_up,1,GREEN
105,0.9301,stairs_up,stairs_up,1,GREEN
105,0.9303,stairs_up,stairs_up,1,GREEN
105,0.9695,stairs_up,stairs_up,1,GREEN
105,0.9827,stairs_up,stairs_up,1,GREEN
105,0.8898,stairs_up,stairs_up,1,GREEN
105,0.9837,stairs_up,stairs_up,1,GREEN
105,0.974,stairs_up,stairs_up,1,GREEN
105,0.9821,stairs_up,stairs_up,1,GREEN
105,0.9579,stairs_up,stairs_up,1,GREEN
105,0.9493,stairs_up,stairs_up,1,GREEN
105,0.9323,stairs_up,stairs_up,1,GREEN
105,0.9108,stairs_up,stairs_up,1,GREEN
105,0.5661,stairs_up,stairs_up,1,YELLOW
105,0.5308,stairs_up,stairs_up,1,YELLOW
105,0.5339,stairs_up,stairs_up,1,YELLOW
105,0.8672,stairs_up,stairs_up,1,GREEN
105,0.7776,stairs_up,stairs_up,1,GREEN
105,0.2769,stairs_up,stairs_up,1,RED
105,0.5531,standing,stairs_up,0,YELLOW
105,0.6045,standing,stairs_up,0,YELLOW
105,0.5414,standing,stairs_up,0,YELLOW
105,0.563,standing,stairs_up,0,YELLOW
105,0.4472,standing,stairs_up,0,RED
105,0.3922,standing,stairs_down,0,RED
105,0.4014,standing,stairs_down,0,RED
105,0.35,standing,stairs_down,0,RED
105,0.3757,stairs_down,stairs_down,1,RED
105,0.3038,stairs_down,stairs_down,1,RED
105,0.3026,standing,stairs_down,0,RED
105,0.3976,stairs_down,stairs_down,1,RED
105,0.7434,stairs_up,stairs_down,0,YELLOW
105,0.5947,stairs_up,stairs_down,0,YELLOW
105,0.4714,walking,stairs_down,0,YELLOW
105,0.5266,stairs_down,stairs_down,1,YELLOW
105,0.4806,stairs_down,stairs_down,1,YELLOW
105,0.9297,stairs_down,stairs_down,1,GREEN
105,0.8984,stairs_down,stairs_down,1,GREEN
105,0.9625,stairs_down,stairs_down,1,GREEN
105,0.9855,stairs_down,stairs_down,1,GREEN
105,0.9276,stairs_down,stairs_down,1,GREEN
105,0.918,stairs_down,stairs_down,1,GREEN
105,0.8953,stairs_down,stairs_down,1,GREEN
105,0.8884,stairs_down,stairs_down,1,GREEN
105,0.9791,stairs_down,stairs_down,1,GREEN
105,0.9807,stairs_down,stairs_down,1,GREEN
105,0.9792,stairs_down,stairs_down,1,GREEN
105,0.994,stairs_down,stairs_down,1,GREEN
105,0.9637,stairs_down,stairs_down,1,GREEN
105,0.9528,stairs_down,stairs_down,1,GREEN
105,0.9426,stairs_down,stairs_down,1,GREEN
105,0.7804,stairs_down,stairs_down,1,GREEN
105,0.8987,stairs_down,stairs_down,1,GREEN
105,0.9774,stairs_down,stairs_down,1,GREEN
105,0.8976,stairs_down,stairs_down,1,GREEN
105,0.9768,stairs_down,stairs_down,1,GREEN
105,0.9924,stairs_down,stairs_down,1,GREEN
105,0.9847,stairs_down,stairs_down,1,GREEN
105,0.9391,stairs_down,stairs_down,1,GREEN
105,0.9039,stairs_down,stairs_down,1,GREEN
105,0.7981,stairs_down,stairs_down,1,GREEN
105,0.9038,stairs_down,stairs_down,1,GREEN
105,0.9866,stairs_down,stairs_down,1,GREEN
105,0.9831,stairs_down,stairs_down,1,GREEN
105,0.9796,stairs_down,stairs_down,1,GREEN
105,0.9886,stairs_down,stairs_down,1,GREEN
105,0.9808,stairs_down,stairs_down,1,GREEN
105,0.9552,stairs_down,stairs_down,1,GREEN
105,0.9169,stairs_down,stairs_down,1,GREEN
105,0.6287,stairs_down,stairs_down,1,YELLOW
105,0.7778,stairs_down,stairs_down,1,GREEN
105,0.9654,stairs_down,stairs_down,1,GREEN
105,0.9547,stairs_down,stairs_down,1,GREEN
105,0.9649,stairs_down,stairs_down,1,GREEN
105,0.9864,stairs_down,stairs_down,1,GREEN
105,0.9974,stairs_down,stairs_down,1,GREEN
105,0.94,stairs_down,stairs_down,1,GREEN
105,0.9304,stairs_down,stairs_down,1,GREEN
105,0.817,stairs_down,stairs_down,1,GREEN
105,0.8958,stairs_down,stairs_down,1,GREEN
105,0.9839,stairs_down,stairs_down,1,GREEN
105,0.9861,stairs_down,stairs_down,1,GREEN
105,0.9923,stairs_down,stairs_down,1,GREEN
105,0.9985,stairs_down,stairs_down,1,GREEN
105,0.9898,stairs_down,stairs_down,1,GREEN
105,0.9389,stairs_down,stairs_down,1,GREEN
105,0.9146,stairs_down,stairs_down,1,GREEN
105,0.7905,stairs_down,stairs_down,1,GREEN
105,0.8333,stairs_down,stairs_down,1,GREEN
105,0.9827,stairs_down,stairs_down,1,GREEN
105,0.9875,stairs_down,stairs_down,1,GREEN
105,0.9823,stairs_down,stairs_down,1,GREEN
105,0.9981,stairs_down,stairs_down,1,GREEN
105,0.9866,stairs_down,stairs_down,1,GREEN
105,0.9002,stairs_down,stairs_down,1,GREEN
105,0.8676,stairs_down,stairs_down,1,GREEN
105,0.7926,stairs_down,stairs_down,1,GREEN
105,0.8853,stairs_down,stairs_down,1,GREEN
105,0.9685,stairs_down,stairs_down,1,GREEN
105,0.964,stairs_down,stairs_down,1,GREEN
105,0.972,stairs_down,stairs_down,1,GREEN
105,0.9708,stairs_down,stairs_down,1,GREEN
105,0.9748,stairs_down,stairs_down,1,GREEN
105,0.9819,stairs_down,stairs_down,1,GREEN
105,0.9855,stairs_down,stairs_down,1,GREEN
105,0.9866,stairs_down,stairs_down,1,GREEN
105,0.9784,stairs_down,stairs_down,1,GREEN
105,0.9511,stairs_down,stairs_down,1,GREEN
105,0.9211,stairs_down,stairs_down,1,GREEN
105,0.8093,stairs_down,stairs_down,1,GREEN
105,0.7627,stairs_down,stairs_down,1,GREEN
105,0.4165,stairs_down,stairs_down,1,RED
105,0.7132,stairs_down,stairs_down,1,YELLOW
105,0.9762,stairs_down,stairs_down,1,GREEN
105,0.9672,stairs_down,stairs_down,1,GREEN
105,0.9812,stairs_down,stairs_down,1,GREEN
105,0.9926,stairs_down,stairs_down,1,GREEN
105,0.9799,stairs_down,stairs_down,1,GREEN
105,0.9267,stairs_down,stairs_down,1,GREEN
105,0.9377,stairs_down,stairs_down,1,GREEN
105,0.8005,stairs_down,stairs_down,1,GREEN
105,0.9286,stairs_down,stairs_down,1,GREEN
105,0.9663,stairs_down,stairs_down,1,GREEN
105,0.9741,stairs_down,stairs_down,1,GREEN
105,0.9607,stairs_down,stairs_down,1,GREEN
105,0.9834,stairs_down,stairs_down,1,GREEN
105,0.7583,stairs_down,stairs_down,1,GREEN
105,0.6064,stairs_up,stairs_down,0,YELLOW
105,0.7549,stairs_up,stairs_down,0,GREEN
105,0.5457,stairs_up,stairs_down,0,YELLOW
105,0.5076,vacuuming,stairs_down,0,YELLOW
105,0.3705,ironing,stairs_down,0,RED
105,0.3212,cycling,stairs_down,0,RED
105,0.3753,cycling,stairs_down,0,RED
105,0.559,cycling,stairs_down,0,YELLOW
105,0.5332,cycling,stairs_down,0,YELLOW
105,0.4902,cycling,stairs_down,0,YELLOW
105,0.2247,vacuuming,walking,0,RED
105,0.4441,walking,walking,1,RED
105,0.3676,standing,walking,0,RED
105,0.3575,walking,walking,1,RED
105,0.3747,walking,walking,1,RED
105,0.4164,walking,walking,1,RED
105,0.4124,standing,walking,0,RED
105,0.6864,standing,walking,0,YELLOW
105,0.3926,standing,walking,0,RED
105,0.3638,stairs_down,walking,0,RED
105,0.3884,stairs_down,walking,0,RED
105,0.4646,stairs_down,walking,0,YELLOW
105,0.6355,walking,walking,1,YELLOW
105,0.675,walking,walking,1,YELLOW
105,0.7706,walking,walking,1,GREEN
105,0.7442,walking,walking,1,YELLOW
105,0.8119,walking,walking,1,GREEN
105,0.8954,walking,walking,1,GREEN
105,0.9043,walking,walking,1,GREEN
105,0.9274,walking,walking,1,GREEN
105,0.9328,walking,walking,1,GREEN
105,0.8796,walking,walking,1,GREEN
105,0.8758,walking,walking,1,GREEN
105,0.8141,walking,walking,1,GREEN
105,0.7662,walking,walking,1,GREEN
105,0.7687,walking,walking,1,GREEN
105,0.8229,walking,walking,1,GREEN
105,0.8615,walking,walking,1,GREEN
105,0.8811,walking,walking,1,GREEN
105,0.9358,walking,walking,1,GREEN
105,0.9142,walking,walking,1,GREEN
105,0.9264,walking,walking,1,GREEN
105,0.9018,walking,walking,1,GREEN
105,0.871,walking,walking,1,GREEN
105,0.9287,walking,walking,1,GREEN
105,0.9469,walking,walking,1,GREEN
105,0.9278,walking,walking,1,GREEN
105,0.9164,walking,walking,1,GREEN
105,0.8739,walking,walking,1,GREEN
105,0.9327,walking,walking,1,GREEN
105,0.8711,walking,walking,1,GREEN
105,0.8746,walking,walking,1,GREEN
105,0.9601,walking,walking,1,GREEN
105,0.9427,walking,walking,1,GREEN
105,0.9476,walking,walking,1,GREEN
105,0.8926,walking,walking,1,GREEN
105,0.9042,walking,walking,1,GREEN
105,0.8817,walking,walking,1,GREEN
105,0.873,walking,walking,1,GREEN
105,0.9024,walking,walking,1,GREEN
105,0.9145,walking,walking,1,GREEN
105,0.9016,walking,walking,1,GREEN
105,0.9292,walking,walking,1,GREEN
105,0.9692,walking,walking,1,GREEN
105,0.9513,walking,walking,1,GREEN
105,0.8553,walking,walking,1,GREEN
105,0.8274,walking,walking,1,GREEN
105,0.8877,walking,walking,1,GREEN
105,0.8911,walking,walking,1,GREEN
105,0.9752,walking,walking,1,GREEN
105,0.9873,walking,walking,1,GREEN
105,0.9308,walking,walking,1,GREEN
105,0.9148,walking,walking,1,GREEN
105,0.958,walking,walking,1,GREEN
105,0.9035,walking,walking,1,GREEN
105,0.9035,walking,walking,1,GREEN
105,0.9082,walking,walking,1,GREEN
105,0.8102,walking,walking,1,GREEN
105,0.9683,walking,walking,1,GREEN
105,0.9494,walking,walking,1,GREEN
105,0.9115,walking,walking,1,GREEN
105,0.9062,walking,walking,1,GREEN
105,0.9152,walking,walking,1,GREEN
105,0.9111,walking,walking,1,GREEN
105,0.9087,walking,walking,1,GREEN
105,0.9223,walking,walking,1,GREEN
105,0.9491,walking,walking,1,GREEN
105,0.9458,walking,walking,1,GREEN
105,0.8983,walking,walking,1,GREEN
105,0.8968,walking,walking,1,GREEN
105,0.9166,walking,walking,1,GREEN
105,0.9135,walking,walking,1,GREEN
105,0.8919,walking,walking,1,GREEN
105,0.901,walking,walking,1,GREEN
105,0.8165,walking,walking,1,GREEN
105,0.8465,walking,walking,1,GREEN
105,0.8684,walking,walking,1,GREEN
105,0.8511,walking,walking,1,GREEN
105,0.8135,walking,walking,1,GREEN
105,0.836,walking,walking,1,GREEN
105,0.8875,walking,walking,1,GREEN
105,0.9232,walking,walking,1,GREEN
105,0.9375,walking,walking,1,GREEN
105,0.9299,walking,walking,1,GREEN
105,0.9461,walking,walking,1,GREEN
105,0.941,walking,walking,1,GREEN
105,0.9618,walking,walking,1,GREEN
105,0.9284,walking,walking,1,GREEN
105,0.884,walking,walking,1,GREEN
105,0.9617,walking,walking,1,GREEN
105,0.9821,walking,walking,1,GREEN
105,0.9201,walking,walking,1,GREEN
105,0.8264,walking,walking,1,GREEN
105,0.8725,walking,walking,1,GREEN
105,0.9274,walking,walking,1,GREEN
105,0.9707,walking,walking,1,GREEN
105,0.9354,walking,walking,1,GREEN
105,0.872,walking,walking,1,GREEN
105,0.8824,walking,walking,1,GREEN
105,0.8628,walking,walking,1,GREEN
105,0.888,walking,walking,1,GREEN
105,0.93,walking,walking,1,GREEN
105,0.9551,walking,walking,1,GREEN
105,0.9532,walking,walking,1,GREEN
105,0.8743,walking,walking,1,GREEN
105,0.8705,walking,walking,1,GREEN
105,0.8465,walking,walking,1,GREEN
105,0.8739,walking,walking,1,GREEN
105,0.8419,walking,walking,1,GREEN
105,0.8201,walking,walking,1,GREEN
105,0.8638,walking,walking,1,GREEN
105,0.9236,walking,walking,1,GREEN
105,0.9227,walking,walking,1,GREEN
105,0.8613,walking,walking,1,GREEN
105,0.8701,walking,walking,1,GREEN
105,0.8911,walking,walking,1,GREEN
105,0.9057,walking,walking,1,GREEN
105,0.9186,walking,walking,1,GREEN
105,0.9395,walking,walking,1,GREEN
105,0.9584,walking,walking,1,GREEN
105,0.9261,walking,walking,1,GREEN
105,0.9406,walking,walking,1,GREEN
105,0.8995,walking,walking,1,GREEN
105,0.8686,walking,walking,1,GREEN
105,0.8748,walking,walking,1,GREEN
105,0.9007,walking,walking,1,GREEN
105,0.8882,walking,walking,1,GREEN
105,0.8926,walking,walking,1,GREEN
105,0.8569,walking,walking,1,GREEN
105,0.8612,walking,walking,1,GREEN
105,0.8744,walking,walking,1,GREEN
105,0.8874,walking,walking,1,GREEN
105,0.9331,walking,walking,1,GREEN
105,0.9755,walking,walking,1,GREEN
105,0.9844,walking,walking,1,GREEN
105,0.9463,walking,walking,1,GREEN
105,0.9629,walking,walking,1,GREEN
105,0.9541,walking,walking,1,GREEN
105,0.8974,walking,walking,1,GREEN
105,0.9126,walking,walking,1,GREEN
105,0.9059,walking,walking,1,GREEN
105,0.9115,walking,walking,1,GREEN
105,0.9494,walking,walking,1,GREEN
105,0.9295,walking,walking,1,GREEN
105,0.9406,walking,walking,1,GREEN
105,0.8893,walking,walking,1,GREEN
105,0.9229,walking,walking,1,GREEN
105,0.9576,walking,walking,1,GREEN
105,0.9734,walking,walking,1,GREEN
105,0.9769,walking,walking,1,GREEN
105,0.9381,walking,walking,1,GREEN
105,0.8792,walking,walking,1,GREEN
105,0.8821,walking,walking,1,GREEN
105,0.9118,walking,walking,1,GREEN
105,0.8893,walking,walking,1,GREEN
105,0.892,walking,walking,1,GREEN
105,0.9203,walking,walking,1,GREEN
105,0.8931,walking,walking,1,GREEN
105,0.8814,walking,walking,1,GREEN
105,0.9222,walking,walking,1,GREEN
105,0.9171,walking,walking,1,GREEN
105,0.906,walking,walking,1,GREEN
105,0.902,walking,walking,1,GREEN
105,0.9223,walking,walking,1,GREEN
105,0.9353,walking,walking,1,GREEN
105,0.9511,walking,walking,1,GREEN
105,0.9689,walking,walking,1,GREEN
105,0.9498,walking,walking,1,GREEN
105,0.9729,walking,walking,1,GREEN
105,0.9298,walking,walking,1,GREEN
105,0.9093,walking,walking,1,GREEN
105,0.9062,walking,walking,1,GREEN
105,0.9391,walking,walking,1,GREEN
105,0.9017,walking,walking,1,GREEN
105,0.9217,walking,walking,1,GREEN
105,0.9008,walking,walking,1,GREEN
105,0.868,walking,walking,1,GREEN
105,0.8278,walking,walking,1,GREEN
105,0.8607,walking,walking,1,GREEN
105,0.8728,walking,walking,1,GREEN
105,0.8669,walking,walking,1,GREEN
105,0.8825,walking,walking,1,GREEN
105,0.7483,walking,walking,1,YELLOW
105,0.8041,walking,walking,1,GREEN
105,0.859,walking,walking,1,GREEN
105,0.8505,walking,walking,1,GREEN
105,0.8677,walking,walking,1,GREEN
105,0.8519,walking,walking,1,GREEN
105,0.8766,walking,walking,1,GREEN
105,0.868,walking,walking,1,GREEN
105,0.8203,walking,walking,1,GREEN
105,0.7981,walking,walking,1,GREEN
105,0.8522,walking,walking,1,GREEN
105,0.8725,walking,walking,1,GREEN
105,0.8698,walking,walking,1,GREEN
105,0.8453,walking,walking,1,GREEN
105,0.8725,walking,walking,1,GREEN
105,0.8814,walking,walking,1,GREEN
105,0.8705,walking,walking,1,GREEN
105,0.8945,walking,walking,1,GREEN
105,0.9425,walking,walking,1,GREEN
105,0.905,walking,walking,1,GREEN
105,0.8571,walking,walking,1,GREEN
105,0.8608,walking,walking,1,GREEN
105,0.878,walking,walking,1,GREEN
105,0.888,walking,walking,1,GREEN
105,0.894,walking,walking,1,GREEN
105,0.8628,walking,walking,1,GREEN
105,0.8749,walking,walking,1,GREEN
105,0.9602,walking,walking,1,GREEN
105,0.933,walking,walking,1,GREEN
105,0.8453,walking,walking,1,GREEN
105,0.93,walking,walking,1,GREEN
105,0.949,walking,walking,1,GREEN
105,0.9245,walking,walking,1,GREEN
105,0.9613,walking,walking,1,GREEN
105,0.9672,walking,walking,1,GREEN
105,0.9381,walking,walking,1,GREEN
105,0.9212,walking,walking,1,GREEN
105,0.9564,walking,walking,1,GREEN
105,0.8959,walking,walking,1,GREEN
105,0.9128,walking,walking,1,GREEN
105,0.9235,walking,walking,1,GREEN
105,0.9829,walking,walking,1,GREEN
105,0.978,walking,walking,1,GREEN
105,0.9879,walking,walking,1,GREEN
105,0.9898,walking,walking,1,GREEN
105,0.979,walking,walking,1,GREEN
105,0.9487,walking,walking,1,GREEN
105,0.9476,walking,walking,1,GREEN
105,0.9474,walking,walking,1,GREEN
105,0.9232,walking,walking,1,GREEN
105,0.8998,walking,walking,1,GREEN
105,0.9356,walking,walking,1,GREEN
105,0.9453,walking,walking,1,GREEN
105,0.9177,walking,walking,1,GREEN
105,0.934,walking,walking,1,GREEN
105,0.9789,walking,walking,1,GREEN
105,0.9162,walking,walking,1,GREEN
105,0.8683,walking,walking,1,GREEN
105,0.9092,walking,walking,1,GREEN
105,0.9513,walking,walking,1,GREEN
105,0.9061,walking,walking,1,GREEN
105,0.894,walking,walking,1,GREEN
105,0.8745,walking,walking,1,GREEN
105,0.9242,walking,walking,1,GREEN
105,0.9444,walking,walking,1,GREEN
105,0.9147,walking,walking,1,GREEN
105,0.8773,walking,walking,1,GREEN
105,0.8521,walking,walking,1,GREEN
105,0.8452,walking,walking,1,GREEN
105,0.8947,walking,walking,1,GREEN
105,0.9539,walking,walking,1,GREEN
105,0.9848,walking,walking,1,GREEN
105,0.9702,walking,walking,1,GREEN
105,0.9725,walking,walking,1,GREEN
105,0.94,walking,walking,1,GREEN
105,0.9501,walking,walking,1,GREEN
105,0.9515,walking,walking,1,GREEN
105,0.9166,walking,walking,1,GREEN
105,0.8729,walking,walking,1,GREEN
105,0.8188,walking,walking,1,GREEN
105,0.818,walking,walking,1,GREEN
105,0.8535,walking,walking,1,GREEN
105,0.8903,walking,walking,1,GREEN
105,0.8953,walking,walking,1,GREEN
105,0.9779,walking,walking,1,GREEN
105,0.9774,walking,walking,1,GREEN
105,0.9793,walking,walking,1,GREEN
105,0.969,walking,walking,1,GREEN
105,0.9969,walking,walking,1,GREEN
105,0.9896,walking,walking,1,GREEN
105,0.9766,walking,walking,1,GREEN
105,0.9599,walking,walking,1,GREEN
105,0.9849,walking,walking,1,GREEN
105,0.9984,walking,walking,1,GREEN
105,0.9976,walking,walking,1,GREEN
105,0.9796,walking,walking,1,GREEN
105,0.9535,walking,walking,1,GREEN
105,0.9549,walking,walking,1,GREEN
105,0.9911,walking,walking,1,GREEN
105,0.9938,walking,walking,1,GREEN
105,0.9666,walking,walking,1,GREEN
105,0.9524,walking,walking,1,GREEN
105,0.9928,walking,walking,1,GREEN
105,0.9939,walking,walking,1,GREEN
105,0.9939,walking,walking,1,GREEN
105,0.9808,walking,walking,1,GREEN
105,0.98,walking,walking,1,GREEN
105,0.9924,walking,walking,1,GREEN
105,0.9984,walking,walking,1,GREEN
105,0.9959,walking,walking,1,GREEN
105,0.9833,walking,walking,1,GREEN
105,0.9911,walking,walking,1,GREEN
105,0.995,walking,walking,1,GREEN
105,0.9525,walking,walking,1,GREEN
105,0.9463,walking,walking,1,GREEN
105,0.9903,walking,walking,1,GREEN
105,0.9931,walking,walking,1,GREEN
105,0.9423,walking,walking,1,GREEN
105,0.9522,walking,walking,1,GREEN
105,0.9579,walking,walking,1,GREEN
105,0.9616,walking,walking,1,GREEN
105,0.9907,walking,walking,1,GREEN
105,0.9915,walking,walking,1,GREEN
105,0.9554,walking,walking,1,GREEN
105,0.9034,walking,walking,1,GREEN
105,0.9867,walking,walking,1,GREEN
105,0.985,walking,walking,1,GREEN
105,0.9841,walking,walking,1,GREEN
105,0.9874,walking,walking,1,GREEN
105,0.9598,walking,walking,1,GREEN
105,0.922,walking,walking,1,GREEN
105,0.9419,walking,walking,1,GREEN
105,0.728,walking,walking,1,YELLOW
105,0.7902,walking,walking,1,GREEN
105,0.7224,walking,walking,1,YELLOW
105,0.5994,walking,walking,1,YELLOW
105,0.4919,walking,walking,1,YELLOW
105,0.6846,nordic_walk,walking,0,YELLOW
105,0.558,walking,walking,1,YELLOW
105,0.775,walking,walking,1,GREEN
105,0.7998,walking,walking,1,GREEN
105,0.7912,walking,walking,1,GREEN
105,0.7286,walking,walking,1,YELLOW
105,0.7542,walking,walking,1,GREEN
105,0.7726,walking,walking,1,GREEN
105,0.817,walking,walking,1,GREEN
105,0.7824,walking,walking,1,GREEN
105,0.7518,walking,walking,1,GREEN
105,0.8042,walking,walking,1,GREEN
105,0.8263,walking,walking,1,GREEN
105,0.8494,walking,walking,1,GREEN
105,0.8554,walking,walking,1,GREEN
105,0.737,walking,walking,1,YELLOW
105,0.6044,walking,walking,1,YELLOW
105,0.8371,walking,walking,1,GREEN
105,0.9118,walking,walking,1,GREEN
105,0.841,walking,walking,1,GREEN
105,0.8212,walking,walking,1,GREEN
105,0.8248,walking,walking,1,GREEN
105,0.8367,walking,walking,1,GREEN
105,0.7996,walking,walking,1,GREEN
105,0.874,walking,walking,1,GREEN
105,0.9512,walking,walking,1,GREEN
105,0.9488,walking,walking,1,GREEN
105,0.9847,walking,walking,1,GREEN
105,0.9529,walking,walking,1,GREEN
105,0.9396,walking,walking,1,GREEN
105,0.9001,walking,walking,1,GREEN
105,0.8496,walking,walking,1,GREEN
105,0.8507,walking,walking,1,GREEN
105,0.884,walking,walking,1,GREEN
105,0.9469,walking,walking,1,GREEN
105,0.8458,walking,walking,1,GREEN
105,0.8461,walking,walking,1,GREEN
105,0.9271,walking,walking,1,GREEN
105,0.8674,walking,walking,1,GREEN
105,0.8342,walking,walking,1,GREEN
105,0.7905,walking,walking,1,GREEN
105,0.84,walking,walking,1,GREEN
105,0.8733,walking,walking,1,GREEN
105,0.8546,walking,walking,1,GREEN
105,0.8598,walking,walking,1,GREEN
105,0.8168,walking,walking,1,GREEN
105,0.7902,walking,walking,1,GREEN
105,0.7791,walking,walking,1,GREEN
105,0.8393,walking,walking,1,GREEN
105,0.7932,walking,walking,1,GREEN
105,0.7685,walking,walking,1,GREEN
105,0.761,walking,walking,1,GREEN
105,0.7494,walking,walking,1,YELLOW
105,0.8712,walking,walking,1,GREEN
105,0.7424,walking,walking,1,YELLOW
105,0.8142,walking,walking,1,GREEN
105,0.8134,walking,walking,1,GREEN
105,0.8132,walking,walking,1,GREEN
105,0.7907,walking,walking,1,GREEN
105,0.8791,walking,walking,1,GREEN
105,0.9109,walking,walking,1,GREEN
105,0.917,walking,walking,1,GREEN
105,0.9046,walking,walking,1,GREEN
105,0.9074,walking,walking,1,GREEN
105,0.8691,walking,walking,1,GREEN
105,0.8394,walking,walking,1,GREEN
105,0.8692,walking,walking,1,GREEN
105,0.8768,walking,walking,1,GREEN
105,0.8854,walking,walking,1,GREEN
105,0.8358,walking,walking,1,GREEN
105,0.8142,walking,walking,1,GREEN
105,0.7996,walking,walking,1,GREEN
105,0.8405,walking,walking,1,GREEN
105,0.8829,walking,walking,1,GREEN
105,0.8463,walking,walking,1,GREEN
105,0.8686,walking,walking,1,GREEN
105,0.8239,walking,walking,1,GREEN
105,0.8558,walking,walking,1,GREEN
105,0.8434,walking,walking,1,GREEN
105,0.8547,walking,walking,1,GREEN
105,0.9315,walking,walking,1,GREEN
105,0.9369,walking,walking,1,GREEN
105,0.9579,walking,walking,1,GREEN
105,0.9767,walking,walking,1,GREEN
105,0.9632,walking,walking,1,GREEN
105,0.9336,walking,walking,1,GREEN
105,0.8703,walking,walking,1,GREEN
105,0.8434,walking,walking,1,GREEN
105,0.8955,walking,walking,1,GREEN
105,0.9238,walking,walking,1,GREEN
105,0.911,walking,walking,1,GREEN
105,0.9395,walking,walking,1,GREEN
105,0.9393,walking,walking,1,GREEN
105,0.9517,walking,walking,1,GREEN
105,0.9596,walking,walking,1,GREEN
105,0.9276,walking,walking,1,GREEN
105,0.9766,walking,walking,1,GREEN
105,0.8916,walking,walking,1,GREEN
105,0.9324,walking,walking,1,GREEN
105,0.9145,walking,walking,1,GREEN
105,0.9026,walking,walking,1,GREEN
105,0.8786,walking,walking,1,GREEN
105,0.8915,walking,walking,1,GREEN
105,0.9065,walking,walking,1,GREEN
105,0.92,walking,walking,1,GREEN
105,0.9204,walking,walking,1,GREEN
105,0.9688,walking,walking,1,GREEN
105,0.9308,walking,walking,1,GREEN
105,0.9154,walking,walking,1,GREEN
105,0.9456,walking,walking,1,GREEN
105,0.9422,walking,walking,1,GREEN
105,0.9623,walking,walking,1,GREEN
105,0.9402,walking,walking,1,GREEN
105,0.9716,walking,walking,1,GREEN
105,0.9766,walking,walking,1,GREEN
105,0.8934,walking,walking,1,GREEN
105,0.8728,walking,walking,1,GREEN
105,0.8838,walking,walking,1,GREEN
105,0.8889,walking,walking,1,GREEN
105,0.9062,walking,walking,1,GREEN
105,0.9063,walking,walking,1,GREEN
105,0.8778,walking,walking,1,GREEN
105,0.8877,walking,walking,1,GREEN
105,0.7767,walking,walking,1,GREEN
105,0.8125,walking,walking,1,GREEN
105,0.9097,walking,walking,1,GREEN
105,0.8668,walking,walking,1,GREEN
105,0.8794,walking,walking,1,GREEN
105,0.974,walking,walking,1,GREEN
105,0.9849,walking,walking,1,GREEN
105,0.9905,walking,walking,1,GREEN
105,0.9919,walking,walking,1,GREEN
105,0.962,walking,walking,1,GREEN
105,0.8508,walking,walking,1,GREEN
105,0.8559,walking,walking,1,GREEN
105,0.8337,walking,walking,1,GREEN
105,0.7917,walking,walking,1,GREEN
105,0.8317,walking,walking,1,GREEN
105,0.8435,walking,walking,1,GREEN
105,0.7903,walking,walking,1,GREEN
105,0.812,walking,walking,1,GREEN
105,0.7845,walking,walking,1,GREEN
105,0.8392,walking,walking,1,GREEN
105,0.8523,walking,walking,1,GREEN
105,0.8015,walking,walking,1,GREEN
105,0.8427,walking,walking,1,GREEN
105,0.8553,walking,walking,1,GREEN
105,0.8123,walking,walking,1,GREEN
105,0.7918,walking,walking,1,GREEN
105,0.8343,walking,walking,1,GREEN
105,0.8694,walking,walking,1,GREEN
105,0.7972,walking,walking,1,GREEN
105,0.8064,walking,walking,1,GREEN
105,0.8737,walking,walking,1,GREEN
105,0.9131,walking,walking,1,GREEN
105,0.8541,walking,walking,1,GREEN
105,0.8573,walking,walking,1,GREEN
105,0.8813,walking,walking,1,GREEN
105,0.9315,walking,walking,1,GREEN
105,0.9212,walking,walking,1,GREEN
105,0.8752,walking,walking,1,GREEN
105,0.8566,walking,walking,1,GREEN
105,0.899,walking,walking,1,GREEN
105,0.9286,walking,walking,1,GREEN
105,0.8748,walking,walking,1,GREEN
105,0.8638,walking,walking,1,GREEN
105,0.8232,walking,walking,1,GREEN
105,0.7869,walking,walking,1,GREEN
105,0.7526,walking,walking,1,GREEN
105,0.7506,walking,walking,1,GREEN
105,0.7891,walking,walking,1,GREEN
105,0.791,walking,walking,1,GREEN
105,0.81,walking,walking,1,GREEN
105,0.7946,walking,walking,1,GREEN
105,0.8256,walking,walking,1,GREEN
105,0.7879,walking,walking,1,GREEN
105,0.7338,walking,walking,1,YELLOW
105,0.7873,walking,walking,1,GREEN
105,0.8244,walking,walking,1,GREEN
105,0.8063,walking,walking,1,GREEN
105,0.8773,walking,walking,1,GREEN
105,0.9804,walking,walking,1,GREEN
105,0.7971,walking,walking,1,GREEN
105,0.7619,walking,walking,1,GREEN
105,0.8405,walking,walking,1,GREEN
105,0.8356,walking,walking,1,GREEN
105,0.8817,walking,walking,1,GREEN
105,0.92,walking,walking,1,GREEN
105,0.9242,walking,walking,1,GREEN
105,0.906,walking,walking,1,GREEN
105,0.8809,walking,walking,1,GREEN
105,0.8329,walking,walking,1,GREEN
105,0.8297,walking,walking,1,GREEN
105,0.8651,walking,walking,1,GREEN
105,0.8719,walking,walking,1,GREEN
105,0.8222,walking,walking,1,GREEN
105,0.8691,walking,walking,1,GREEN
105,0.8502,walking,walking,1,GREEN
105,0.8193,walking,walking,1,GREEN
105,0.7894,walking,walking,1,GREEN
105,0.7695,walking,walking,1,GREEN
105,0.8963,walking,walking,1,GREEN
105,0.8963,walking,walking,1,GREEN
105,0.8839,walking,walking,1,GREEN
105,0.8415,walking,walking,1,GREEN
105,0.8416,walking,walking,1,GREEN
105,0.9119,walking,walking,1,GREEN
105,0.9117,walking,walking,1,GREEN
105,0.9233,walking,walking,1,GREEN
105,0.8823,walking,walking,1,GREEN
105,0.8371,walking,walking,1,GREEN
105,0.8316,walking,walking,1,GREEN
105,0.7958,walking,walking,1,GREEN
105,0.8084,walking,walking,1,GREEN
105,0.8471,walking,walking,1,GREEN
105,0.8425,walking,walking,1,GREEN
105,0.7911,walking,walking,1,GREEN
105,0.7726,walking,walking,1,GREEN
105,0.7802,walking,walking,1,GREEN
105,0.7699,walking,walking,1,GREEN
105,0.8565,walking,walking,1,GREEN
105,0.8402,walking,walking,1,GREEN
105,0.7738,walking,walking,1,GREEN
105,0.7865,walking,walking,1,GREEN
105,0.8411,walking,walking,1,GREEN
105,0.8496,walking,walking,1,GREEN
105,0.754,walking,walking,1,GREEN
105,0.8506,walking,walking,1,GREEN
105,0.8436,walking,walking,1,GREEN
105,0.8526,walking,walking,1,GREEN
105,0.8646,walking,walking,1,GREEN
105,0.8564,walking,walking,1,GREEN
105,0.856,walking,walking,1,GREEN
105,0.8771,walking,walking,1,GREEN
105,0.8668,walking,walking,1,GREEN
105,0.9267,walking,walking,1,GREEN
105,0.8859,walking,walking,1,GREEN
105,0.8361,walking,walking,1,GREEN
105,0.8729,walking,walking,1,GREEN
105,0.8834,walking,walking,1,GREEN
105,0.8444,walking,walking,1,GREEN
105,0.8443,walking,walking,1,GREEN
105,0.8066,walking,walking,1,GREEN
105,0.8293,walking,walking,1,GREEN
105,0.8372,walking,walking,1,GREEN
105,0.7958,walking,walking,1,GREEN
105,0.8097,walking,walking,1,GREEN
105,0.8866,walking,walking,1,GREEN
105,0.9089,walking,walking,1,GREEN
105,0.8717,walking,walking,1,GREEN
105,0.8662,walking,walking,1,GREEN
105,0.9088,walking,walking,1,GREEN
105,0.8716,walking,walking,1,GREEN
105,0.8601,walking,walking,1,GREEN
105,0.9594,walking,walking,1,GREEN
105,0.9139,walking,walking,1,GREEN
105,0.7464,walking,walking,1,YELLOW
105,0.8992,nordic_walk,walking,0,GREEN
105,0.4526,nordic_walk,walking,0,YELLOW
105,0.6649,walking,walking,1,YELLOW
105,0.7021,walking,walking,1,YELLOW
105,0.7551,walking,walking,1,GREEN
105,0.8182,walking,walking,1,GREEN
105,0.86,walking,walking,1,GREEN
105,0.9107,walking,walking,1,GREEN
105,0.9254,walking,walking,1,GREEN
105,0.9041,walking,walking,1,GREEN
105,0.8936,walking,walking,1,GREEN
105,0.4374,walking,walking,1,RED
105,0.2627,vacuuming,walking,0,RED
105,0.3138,running,walking,0,RED
105,0.3168,running,walking,0,RED
105,0.3188,running,walking,0,RED
105,0.3252,running,walking,0,RED
105,0.309,running,walking,0,RED
105,0.3305,running,walking,0,RED
105,0.2999,standing,walking,0,RED
105,0.2964,running,walking,0,RED
105,0.2694,walking,walking,1,RED
105,0.2849,running,walking,0,RED
105,0.2891,running,walking,0,RED
105,0.5116,ironing,nordic_walk,0,YELLOW
105,0.5608,ironing,nordic_walk,0,YELLOW
105,0.6155,ironing,nordic_walk,0,YELLOW
105,0.6301,ironing,nordic_walk,0,YELLOW
105,0.4527,ironing,nordic_walk,0,YELLOW
105,0.3577,ironing,nordic_walk,0,RED
105,0.3971,ironing,nordic_walk,0,RED
105,0.4021,ironing,nordic_walk,0,RED
105,0.5431,ironing,nordic_walk,0,YELLOW
105,0.5466,ironing,nordic_walk,0,YELLOW
105,0.3553,ironing,nordic_walk,0,RED
105,0.8202,nordic_walk,nordic_walk,1,GREEN
105,0.9193,nordic_walk,nordic_walk,1,GREEN
105,0.9335,nordic_walk,nordic_walk,1,GREEN
105,0.9698,nordic_walk,nordic_walk,1,GREEN
105,0.9767,nordic_walk,nordic_walk,1,GREEN
105,0.9667,nordic_walk,nordic_walk,1,GREEN
105,0.9737,nordic_walk,nordic_walk,1,GREEN
105,0.9603,nordic_walk,nordic_walk,1,GREEN
105,0.9829,nordic_walk,nordic_walk,1,GREEN
105,0.9889,nordic_walk,nordic_walk,1,GREEN
105,0.9992,nordic_walk,nordic_walk,1,GREEN
105,0.994,nordic_walk,nordic_walk,1,GREEN
105,0.9856,nordic_walk,nordic_walk,1,GREEN
105,0.9738,nordic_walk,nordic_walk,1,GREEN
105,0.9879,nordic_walk,nordic_walk,1,GREEN
105,0.9723,nordic_walk,nordic_walk,1,GREEN
105,0.9746,nordic_walk,nordic_walk,1,GREEN
105,0.9822,nordic_walk,nordic_walk,1,GREEN
105,0.987,nordic_walk,nordic_walk,1,GREEN
105,0.9899,nordic_walk,nordic_walk,1,GREEN
105,0.9955,nordic_walk,nordic_walk,1,GREEN
105,0.9929,nordic_walk,nordic_walk,1,GREEN
105,0.9928,nordic_walk,nordic_walk,1,GREEN
105,0.9911,nordic_walk,nordic_walk,1,GREEN
105,0.9831,nordic_walk,nordic_walk,1,GREEN
105,0.9977,nordic_walk,nordic_walk,1,GREEN
105,0.9945,nordic_walk,nordic_walk,1,GREEN
105,0.9955,nordic_walk,nordic_walk,1,GREEN
105,1.0,nordic_walk,nordic_walk,1,GREEN
105,0.9903,nordic_walk,nordic_walk,1,GREEN
105,0.9942,nordic_walk,nordic_walk,1,GREEN
105,0.9949,nordic_walk,nordic_walk,1,GREEN
105,1.0,nordic_walk,nordic_walk,1,GREEN
105,0.997,nordic_walk,nordic_walk,1,GREEN
105,0.9848,nordic_walk,nordic_walk,1,GREEN
105,0.9942,nordic_walk,nordic_walk,1,GREEN
105,0.9985,nordic_walk,nordic_walk,1,GREEN
105,0.9978,nordic_walk,nordic_walk,1,GREEN
105,0.9992,nordic_walk,nordic_walk,1,GREEN
105,0.9837,nordic_walk,nordic_walk,1,GREEN
105,0.9713,nordic_walk,nordic_walk,1,GREEN
105,0.9975,nordic_walk,nordic_walk,1,GREEN
105,0.9963,nordic_walk,nordic_walk,1,GREEN
105,0.9779,nordic_walk,nordic_walk,1,GREEN
105,0.9992,nordic_walk,nordic_walk,1,GREEN
105,0.9992,nordic_walk,nordic_walk,1,GREEN
105,0.9819,nordic_walk,nordic_walk,1,GREEN
105,0.9818,nordic_walk,nordic_walk,1,GREEN
105,0.9844,nordic_walk,nordic_walk,1,GREEN
105,0.9785,nordic_walk,nordic_walk,1,GREEN
105,0.9948,nordic_walk,nordic_walk,1,GREEN
105,0.9978,nordic_walk,nordic_walk,1,GREEN
105,0.9965,nordic_walk,nordic_walk,1,GREEN
105,0.9943,nordic_walk,nordic_walk,1,GREEN
105,0.997,nordic_walk,nordic_walk,1,GREEN
105,0.995,nordic_walk,nordic_walk,1,GREEN
105,0.9968,nordic_walk,nordic_walk,1,GREEN
105,0.999,nordic_walk,nordic_walk,1,GREEN
105,0.9975,nordic_walk,nordic_walk,1,GREEN
105,0.9952,nordic_walk,nordic_walk,1,GREEN
105,0.9489,nordic_walk,nordic_walk,1,GREEN
105,0.997,nordic_walk,nordic_walk,1,GREEN
105,0.9963,nordic_walk,nordic_walk,1,GREEN
105,0.9901,nordic_walk,nordic_walk,1,GREEN
105,0.9922,nordic_walk,nordic_walk,1,GREEN
105,0.9947,nordic_walk,nordic_walk,1,GREEN
105,0.9955,nordic_walk,nordic_walk,1,GREEN
105,0.9829,nordic_walk,nordic_walk,1,GREEN
105,0.9805,nordic_walk,nordic_walk,1,GREEN
105,0.9948,nordic_walk,nordic_walk,1,GREEN
105,0.9948,nordic_walk,nordic_walk,1,GREEN
105,0.997,nordic_walk,nordic_walk,1,GREEN
105,0.997,nordic_walk,nordic_walk,1,GREEN
105,1.0,nordic_walk,nordic_walk,1,GREEN
105,0.9948,nordic_walk,nordic_walk,1,GREEN
105,0.9955,nordic_walk,nordic_walk,1,GREEN
105,0.9975,nordic_walk,nordic_walk,1,GREEN
105,0.9982,nordic_walk,nordic_walk,1,GREEN
105,0.982,nordic_walk,nordic_walk,1,GREEN
105,0.9965,nordic_walk,nordic_walk,1,GREEN
105,0.9948,nordic_walk,nordic_walk,1,GREEN
105,0.9808,nordic_walk,nordic_walk,1,GREEN
105,0.9817,nordic_walk,nordic_walk,1,GREEN
105,0.9846,nordic_walk,nordic_walk,1,GREEN
105,0.999,nordic_walk,nordic_walk,1,GREEN
105,0.9973,nordic_walk,nordic_walk,1,GREEN
105,0.994,nordic_walk,nordic_walk,1,GREEN
105,0.9714,nordic_walk,nordic_walk,1,GREEN
105,0.9995,nordic_walk,nordic_walk,1,GREEN
105,0.9928,nordic_walk,nordic_walk,1,GREEN
105,0.9958,nordic_walk,nordic_walk,1,GREEN
105,0.9948,nordic_walk,nordic_walk,1,GREEN
105,1.0,nordic_walk,nordic_walk,1,GREEN
105,0.9955,nordic_walk,nordic_walk,1,GREEN
105,0.9978,nordic_walk,nordic_walk,1,GREEN
105,0.9943,nordic_walk,nordic_walk,1,GREEN
105,0.9796,nordic_walk,nordic_walk,1,GREEN
105,0.9721,nordic_walk,nordic_walk,1,GREEN
105,0.9926,nordic_walk,nordic_walk,1,GREEN
105,0.9903,nordic_walk,nordic_walk,1,GREEN
105,0.9883,nordic_walk,nordic_walk,1,GREEN
105,0.9892,nordic_walk,nordic_walk,1,GREEN
105,0.9924,nordic_walk,nordic_walk,1,GREEN
105,0.9887,nordic_walk,nordic_walk,1,GREEN
105,0.9897,nordic_walk,nordic_walk,1,GREEN
105,0.9786,nordic_walk,nordic_walk,1,GREEN
105,0.9771,nordic_walk,nordic_walk,1,GREEN
105,0.9751,nordic_walk,nordic_walk,1,GREEN
105,0.9756,nordic_walk,nordic_walk,1,GREEN
105,0.9926,nordic_walk,nordic_walk,1,GREEN
105,0.9863,nordic_walk,nordic_walk,1,GREEN
105,0.9982,nordic_walk,nordic_walk,1,GREEN
105,0.9909,nordic_walk,nordic_walk,1,GREEN
105,1.0,nordic_walk,nordic_walk,1,GREEN
105,0.9941,nordic_walk,nordic_walk,1,GREEN
105,1.0,nordic_walk,nordic_walk,1,GREEN
105,0.9901,nordic_walk,nordic_walk,1,GREEN
105,0.996,nordic_walk,nordic_walk,1,GREEN
105,0.9938,nordic_walk,nordic_walk,1,GREEN
105,0.9968,nordic_walk,nordic_walk,1,GREEN
105,0.9978,nordic_walk,nordic_walk,1,GREEN
105,0.9992,nordic_walk,nordic_walk,1,GREEN
105,0.9933,nordic_walk,nordic_walk,1,GREEN
105,0.9916,nordic_walk,nordic_walk,1,GREEN
105,0.9945,nordic_walk,nordic_walk,1,GREEN
105,0.9992,nordic_walk,nordic_walk,1,GREEN
105,0.9948,nordic_walk,nordic_walk,1,GREEN
105,0.997,nordic_walk,nordic_walk,1,GREEN
105,1.0,nordic_walk,nordic_walk,1,GREEN
105,1.0,nordic_walk,nordic_walk,1,GREEN
105,0.997,nordic_walk,nordic_walk,1,GREEN
105,0.9903,nordic_walk,nordic_walk,1,GREEN
105,0.9941,nordic_walk,nordic_walk,1,GREEN
105,1.0,nordic_walk,nordic_walk,1,GREEN
105,1.0,nordic_walk,nordic_walk,1,GREEN
105,0.9651,nordic_walk,nordic_walk,1,GREEN
105,0.9992,nordic_walk,nordic_walk,1,GREEN
105,0.9992,nordic_walk,nordic_walk,1,GREEN
105,1.0,nordic_walk,nordic_walk,1,GREEN
105,1.0,nordic_walk,nordic_walk,1,GREEN
105,0.9819,nordic_walk,nordic_walk,1,GREEN
105,0.9755,nordic_walk,nordic_walk,1,GREEN
105,0.9768,nordic_walk,nordic_walk,1,GREEN
105,0.9687,nordic_walk,nordic_walk,1,GREEN
105,0.9671,nordic_walk,nordic_walk,1,GREEN
105,0.9641,nordic_walk,nordic_walk,1,GREEN
105,0.9688,nordic_walk,nordic_walk,1,GREEN
105,0.9491,nordic_walk,nordic_walk,1,GREEN
105,0.9871,nordic_walk,nordic_walk,1,GREEN
105,0.9948,nordic_walk,nordic_walk,1,GREEN
105,0.9993,nordic_walk,nordic_walk,1,GREEN
105,0.9978,nordic_walk,nordic_walk,1,GREEN
105,0.9973,nordic_walk,nordic_walk,1,GREEN
105,0.9814,nordic_walk,nordic_walk,1,GREEN
105,0.9732,nordic_walk,nordic_walk,1,GREEN
105,0.9794,nordic_walk,nordic_walk,1,GREEN
105,0.9948,nordic_walk,nordic_walk,1,GREEN
105,0.996,nordic_walk,nordic_walk,1,GREEN
105,0.9963,nordic_walk,nordic_walk,1,GREEN
105,0.9955,nordic_walk,nordic_walk,1,GREEN
105,0.9978,nordic_walk,nordic_walk,1,GREEN
105,0.9968,nordic_walk,nordic_walk,1,GREEN
105,0.9941,nordic_walk,nordic_walk,1,GREEN
105,0.9955,nordic_walk,nordic_walk,1,GREEN
105,0.9849,nordic_walk,nordic_walk,1,GREEN
105,0.9989,nordic_walk,nordic_walk,1,GREEN
105,1.0,nordic_walk,nordic_walk,1,GREEN
105,0.9985,nordic_walk,nordic_walk,1,GREEN
105,0.9963,nordic_walk,nordic_walk,1,GREEN
105,0.9896,nordic_walk,nordic_walk,1,GREEN
105,0.9955,nordic_walk,nordic_walk,1,GREEN
105,1.0,nordic_walk,nordic_walk,1,GREEN
105,0.9973,nordic_walk,nordic_walk,1,GREEN
105,0.9834,nordic_walk,nordic_walk,1,GREEN
105,0.987,nordic_walk,nordic_walk,1,GREEN
105,0.9936,nordic_walk,nordic_walk,1,GREEN
105,0.9867,nordic_walk,nordic_walk,1,GREEN
105,0.9954,nordic_walk,nordic_walk,1,GREEN
105,0.997,nordic_walk,nordic_walk,1,GREEN
105,0.9995,nordic_walk,nordic_walk,1,GREEN
105,0.995,nordic_walk,nordic_walk,1,GREEN
105,0.9945,nordic_walk,nordic_walk,1,GREEN
105,0.9903,nordic_walk,nordic_walk,1,GREEN
105,0.9885,nordic_walk,nordic_walk,1,GREEN
105,0.9758,nordic_walk,nordic_walk,1,GREEN
105,0.9933,nordic_walk,nordic_walk,1,GREEN
105,1.0,nordic_walk,nordic_walk,1,GREEN
105,0.999,nordic_walk,nordic_walk,1,GREEN
105,0.9955,nordic_walk,nordic_walk,1,GREEN
105,0.9974,nordic_walk,nordic_walk,1,GREEN
105,0.9955,nordic_walk,nordic_walk,1,GREEN
105,0.99,nordic_walk,nordic_walk,1,GREEN
105,0.9911,nordic_walk,nordic_walk,1,GREEN
105,0.9963,nordic_walk,nordic_walk,1,GREEN
105,0.9807,nordic_walk,nordic_walk,1,GREEN
105,0.9603,nordic_walk,nordic_walk,1,GREEN
105,0.9993,nordic_walk,nordic_walk,1,GREEN
105,0.9963,nordic_walk,nordic_walk,1,GREEN
105,0.9985,nordic_walk,nordic_walk,1,GREEN
105,0.9975,nordic_walk,nordic_walk,1,GREEN
105,0.9985,nordic_walk,nordic_walk,1,GREEN
105,0.997,nordic_walk,nordic_walk,1,GREEN
105,0.996,nordic_walk,nordic_walk,1,GREEN
105,0.9933,nordic_walk,nordic_walk,1,GREEN
105,1.0,nordic_walk,nordic_walk,1,GREEN
105,0.9921,nordic_walk,nordic_walk,1,GREEN
105,0.996,nordic_walk,nordic_walk,1,GREEN
105,0.9799,nordic_walk,nordic_walk,1,GREEN
105,0.995,nordic_walk,nordic_walk,1,GREEN
105,0.9955,nordic_walk,nordic_walk,1,GREEN
105,0.9899,nordic_walk,nordic_walk,1,GREEN
105,0.9963,nordic_walk,nordic_walk,1,GREEN
105,0.997,nordic_walk,nordic_walk,1,GREEN
105,0.9955,nordic_walk,nordic_walk,1,GREEN
105,0.9926,nordic_walk,nordic_walk,1,GREEN
105,0.9869,nordic_walk,nordic_walk,1,GREEN
105,0.9703,nordic_walk,nordic_walk,1,GREEN
105,0.9916,nordic_walk,nordic_walk,1,GREEN
105,0.982,nordic_walk,nordic_walk,1,GREEN
105,0.9899,nordic_walk,nordic_walk,1,GREEN
105,0.9988,nordic_walk,nordic_walk,1,GREEN
105,0.9869,nordic_walk,nordic_walk,1,GREEN
105,0.9703,nordic_walk,nordic_walk,1,GREEN
105,0.9985,nordic_walk,nordic_walk,1,GREEN
105,0.9926,nordic_walk,nordic_walk,1,GREEN
105,0.9936,nordic_walk,nordic_walk,1,GREEN
105,0.9933,nordic_walk,nordic_walk,1,GREEN
105,0.9933,nordic_walk,nordic_walk,1,GREEN
105,0.9933,nordic_walk,nordic_walk,1,GREEN
105,0.9963,nordic_walk,nordic_walk,1,GREEN
105,0.9884,nordic_walk,nordic_walk,1,GREEN
105,0.9966,nordic_walk,nordic_walk,1,GREEN
105,0.9993,nordic_walk,nordic_walk,1,GREEN
105,0.9992,nordic_walk,nordic_walk,1,GREEN
105,0.9918,nordic_walk,nordic_walk,1,GREEN
105,0.9948,nordic_walk,nordic_walk,1,GREEN
105,0.9992,nordic_walk,nordic_walk,1,GREEN
105,0.9936,nordic_walk,nordic_walk,1,GREEN
105,0.9908,nordic_walk,nordic_walk,1,GREEN
105,0.9941,nordic_walk,nordic_walk,1,GREEN
105,0.9911,nordic_walk,nordic_walk,1,GREEN
105,0.9713,nordic_walk,nordic_walk,1,GREEN
105,0.9928,nordic_walk,nordic_walk,1,GREEN
105,0.9901,nordic_walk,nordic_walk,1,GREEN
105,0.9837,nordic_walk,nordic_walk,1,GREEN
105,0.9852,nordic_walk,nordic_walk,1,GREEN
105,1.0,nordic_walk,nordic_walk,1,GREEN
105,0.9985,nordic_walk,nordic_walk,1,GREEN
105,0.9985,nordic_walk,nordic_walk,1,GREEN
105,0.9985,nordic_walk,nordic_walk,1,GREEN
105,0.9992,nordic_walk,nordic_walk,1,GREEN
105,0.9933,nordic_walk,nordic_walk,1,GREEN
105,0.9977,nordic_walk,nordic_walk,1,GREEN
105,0.9948,nordic_walk,nordic_walk,1,GREEN
105,1.0,nordic_walk,nordic_walk,1,GREEN
105,0.995,nordic_walk,nordic_walk,1,GREEN
105,0.9911,nordic_walk,nordic_walk,1,GREEN
105,0.9891,nordic_walk,nordic_walk,1,GREEN
105,0.9891,nordic_walk,nordic_walk,1,GREEN
105,0.9926,nordic_walk,nordic_walk,1,GREEN
105,0.9951,nordic_walk,nordic_walk,1,GREEN
105,0.9965,nordic_walk,nordic_walk,1,GREEN
105,0.9978,nordic_walk,nordic_walk,1,GREEN
105,0.9915,nordic_walk,nordic_walk,1,GREEN
105,0.9907,nordic_walk,nordic_walk,1,GREEN
105,0.9883,nordic_walk,nordic_walk,1,GREEN
105,0.9826,nordic_walk,nordic_walk,1,GREEN
105,0.9908,nordic_walk,nordic_walk,1,GREEN
105,0.9978,nordic_walk,nordic_walk,1,GREEN
105,0.9985,nordic_walk,nordic_walk,1,GREEN
105,1.0,nordic_walk,nordic_walk,1,GREEN
105,0.9841,nordic_walk,nordic_walk,1,GREEN
105,0.995,nordic_walk,nordic_walk,1,GREEN
105,0.998,nordic_walk,nordic_walk,1,GREEN
105,0.9963,nordic_walk,nordic_walk,1,GREEN
105,0.9978,nordic_walk,nordic_walk,1,GREEN
105,1.0,nordic_walk,nordic_walk,1,GREEN
105,0.999,nordic_walk,nordic_walk,1,GREEN
105,0.993,nordic_walk,nordic_walk,1,GREEN
105,0.997,nordic_walk,nordic_walk,1,GREEN
105,0.9985,nordic_walk,nordic_walk,1,GREEN
105,0.9965,nordic_walk,nordic_walk,1,GREEN
105,0.997,nordic_walk,nordic_walk,1,GREEN
105,0.9956,nordic_walk,nordic_walk,1,GREEN
105,0.9979,nordic_walk,nordic_walk,1,GREEN
105,0.9995,nordic_walk,nordic_walk,1,GREEN
105,0.9978,nordic_walk,nordic_walk,1,GREEN
105,0.9881,nordic_walk,nordic_walk,1,GREEN
105,0.9963,nordic_walk,nordic_walk,1,GREEN
105,0.994,nordic_walk,nordic_walk,1,GREEN
105,0.9648,nordic_walk,nordic_walk,1,GREEN
105,0.9804,nordic_walk,nordic_walk,1,GREEN
105,0.9946,nordic_walk,nordic_walk,1,GREEN
105,0.9955,nordic_walk,nordic_walk,1,GREEN
105,0.9978,nordic_walk,nordic_walk,1,GREEN
105,0.9955,nordic_walk,nordic_walk,1,GREEN
105,0.9879,nordic_walk,nordic_walk,1,GREEN
105,0.9885,nordic_walk,nordic_walk,1,GREEN
105,0.9955,nordic_walk,nordic_walk,1,GREEN
105,0.9941,nordic_walk,nordic_walk,1,GREEN
105,1.0,nordic_walk,nordic_walk,1,GREEN
105,0.9893,nordic_walk,nordic_walk,1,GREEN
105,0.9844,nordic_walk,nordic_walk,1,GREEN
105,0.9869,nordic_walk,nordic_walk,1,GREEN
105,0.9819,nordic_walk,nordic_walk,1,GREEN
105,0.9792,nordic_walk,nordic_walk,1,GREEN
105,0.9767,nordic_walk,nordic_walk,1,GREEN
105,0.9918,nordic_walk,nordic_walk,1,GREEN
105,0.9923,nordic_walk,nordic_walk,1,GREEN
105,0.9698,nordic_walk,nordic_walk,1,GREEN
105,0.9508,nordic_walk,nordic_walk,1,GREEN
105,0.9763,nordic_walk,nordic_walk,1,GREEN
105,0.9819,nordic_walk,nordic_walk,1,GREEN
105,0.975,nordic_walk,nordic_walk,1,GREEN
105,0.9474,nordic_walk,nordic_walk,1,GREEN
105,0.9421,nordic_walk,nordic_walk,1,GREEN
105,0.9528,nordic_walk,nordic_walk,1,GREEN
105,0.986,nordic_walk,nordic_walk,1,GREEN
105,0.9871,nordic_walk,nordic_walk,1,GREEN
105,0.9977,nordic_walk,nordic_walk,1,GREEN
105,0.997,nordic_walk,nordic_walk,1,GREEN
105,1.0,nordic_walk,nordic_walk,1,GREEN
105,0.9985,nordic_walk,nordic_walk,1,GREEN
105,0.9876,nordic_walk,nordic_walk,1,GREEN
105,0.9963,nordic_walk,nordic_walk,1,GREEN
105,0.9918,nordic_walk,nordic_walk,1,GREEN
105,0.9876,nordic_walk,nordic_walk,1,GREEN
105,0.9909,nordic_walk,nordic_walk,1,GREEN
105,0.9522,nordic_walk,nordic_walk,1,GREEN
105,0.9716,nordic_walk,nordic_walk,1,GREEN
105,0.9156,nordic_walk,nordic_walk,1,GREEN
105,0.9825,nordic_walk,nordic_walk,1,GREEN
105,0.9918,nordic_walk,nordic_walk,1,GREEN
105,0.9945,nordic_walk,nordic_walk,1,GREEN
105,0.9936,nordic_walk,nordic_walk,1,GREEN
105,0.9817,nordic_walk,nordic_walk,1,GREEN
105,0.9916,nordic_walk,nordic_walk,1,GREEN
105,0.9955,nordic_walk,nordic_walk,1,GREEN
105,0.9977,nordic_walk,nordic_walk,1,GREEN
105,0.982,nordic_walk,nordic_walk,1,GREEN
105,0.9762,nordic_walk,nordic_walk,1,GREEN
105,0.9874,nordic_walk,nordic_walk,1,GREEN
105,1.0,nordic_walk,nordic_walk,1,GREEN
105,1.0,nordic_walk,nordic_walk,1,GREEN
105,0.9991,nordic_walk,nordic_walk,1,GREEN
105,0.9985,nordic_walk,nordic_walk,1,GREEN
105,0.9875,nordic_walk,nordic_walk,1,GREEN
105,0.9824,nordic_walk,nordic_walk,1,GREEN
105,0.997,nordic_walk,nordic_walk,1,GREEN
105,0.9955,nordic_walk,nordic_walk,1,GREEN
105,0.9924,nordic_walk,nordic_walk,1,GREEN
105,0.9741,nordic_walk,nordic_walk,1,GREEN
105,0.9829,nordic_walk,nordic_walk,1,GREEN
105,0.9815,nordic_walk,nordic_walk,1,GREEN
105,0.9948,nordic_walk,nordic_walk,1,GREEN
105,0.9793,nordic_walk,nordic_walk,1,GREEN
105,0.9872,nordic_walk,nordic_walk,1,GREEN
105,0.9788,nordic_walk,nordic_walk,1,GREEN
105,0.9856,nordic_walk,nordic_walk,1,GREEN
105,0.9797,nordic_walk,nordic_walk,1,GREEN
105,0.9894,nordic_walk,nordic_walk,1,GREEN
105,0.961,nordic_walk,nordic_walk,1,GREEN
105,0.9628,nordic_walk,nordic_walk,1,GREEN
105,0.9891,nordic_walk,nordic_walk,1,GREEN
105,0.9923,nordic_walk,nordic_walk,1,GREEN
105,0.9854,nordic_walk,nordic_walk,1,GREEN
105,0.9928,nordic_walk,nordic_walk,1,GREEN
105,0.997,nordic_walk,nordic_walk,1,GREEN
105,0.9794,nordic_walk,nordic_walk,1,GREEN
105,0.9794,nordic_walk,nordic_walk,1,GREEN
105,0.966,nordic_walk,nordic_walk,1,GREEN
105,0.9955,nordic_walk,nordic_walk,1,GREEN
105,0.998,nordic_walk,nordic_walk,1,GREEN
105,0.9978,nordic_walk,nordic_walk,1,GREEN
105,0.9946,nordic_walk,nordic_walk,1,GREEN
105,0.9896,nordic_walk,nordic_walk,1,GREEN
105,0.9671,nordic_walk,nordic_walk,1,GREEN
105,0.9803,nordic_walk,nordic_walk,1,GREEN
105,0.9902,nordic_walk,nordic_walk,1,GREEN
105,0.996,nordic_walk,nordic_walk,1,GREEN
105,0.9926,nordic_walk,nordic_walk,1,GREEN
105,1.0,nordic_walk,nordic_walk,1,GREEN
105,0.9881,nordic_walk,nordic_walk,1,GREEN
105,0.963,nordic_walk,nordic_walk,1,GREEN
105,0.9676,nordic_walk,nordic_walk,1,GREEN
105,0.9851,nordic_walk,nordic_walk,1,GREEN
105,0.9985,nordic_walk,nordic_walk,1,GREEN
105,0.9983,nordic_walk,nordic_walk,1,GREEN
105,0.9963,nordic_walk,nordic_walk,1,GREEN
105,0.9955,nordic_walk,nordic_walk,1,GREEN
105,0.9955,nordic_walk,nordic_walk,1,GREEN
105,0.9992,nordic_walk,nordic_walk,1,GREEN
105,0.9963,nordic_walk,nordic_walk,1,GREEN
105,0.9955,nordic_walk,nordic_walk,1,GREEN
105,0.9926,nordic_walk,nordic_walk,1,GREEN
105,0.9955,nordic_walk,nordic_walk,1,GREEN
105,0.9955,nordic_walk,nordic_walk,1,GREEN
105,0.9963,nordic_walk,nordic_walk,1,GREEN
105,0.9963,nordic_walk,nordic_walk,1,GREEN
105,0.9985,nordic_walk,nordic_walk,1,GREEN
105,0.9941,nordic_walk,nordic_walk,1,GREEN
105,0.9826,nordic_walk,nordic_walk,1,GREEN
105,0.9784,nordic_walk,nordic_walk,1,GREEN
105,0.9743,nordic_walk,nordic_walk,1,GREEN
105,0.9765,nordic_walk,nordic_walk,1,GREEN
105,0.9729,nordic_walk,nordic_walk,1,GREEN
105,0.9718,nordic_walk,nordic_walk,1,GREEN
105,0.9965,nordic_walk,nordic_walk,1,GREEN
105,0.9743,nordic_walk,nordic_walk,1,GREEN
105,0.9634,nordic_walk,nordic_walk,1,GREEN
105,0.9906,nordic_walk,nordic_walk,1,GREEN
105,0.98,nordic_walk,nordic_walk,1,GREEN
105,0.972,nordic_walk,nordic_walk,1,GREEN
105,0.9911,nordic_walk,nordic_walk,1,GREEN
105,0.9955,nordic_walk,nordic_walk,1,GREEN
105,0.9944,nordic_walk,nordic_walk,1,GREEN
105,0.9951,nordic_walk,nordic_walk,1,GREEN
105,0.9879,nordic_walk,nordic_walk,1,GREEN
105,1.0,nordic_walk,nordic_walk,1,GREEN
105,0.9808,nordic_walk,nordic_walk,1,GREEN
105,0.9938,nordic_walk,nordic_walk,1,GREEN
105,0.9899,nordic_walk,nordic_walk,1,GREEN
105,0.9828,nordic_walk,nordic_walk,1,GREEN
105,0.9812,nordic_walk,nordic_walk,1,GREEN
105,0.9916,nordic_walk,nordic_walk,1,GREEN
105,0.9955,nordic_walk,nordic_walk,1,GREEN
105,0.9985,nordic_walk,nordic_walk,1,GREEN
105,0.9941,nordic_walk,nordic_walk,1,GREEN
105,0.9696,nordic_walk,nordic_walk,1,GREEN
105,0.9688,nordic_walk,nordic_walk,1,GREEN
105,0.9636,nordic_walk,nordic_walk,1,GREEN
105,0.9871,nordic_walk,nordic_walk,1,GREEN
105,0.9918,nordic_walk,nordic_walk,1,GREEN
105,0.9955,nordic_walk,nordic_walk,1,GREEN
105,0.9858,nordic_walk,nordic_walk,1,GREEN
105,0.9683,nordic_walk,nordic_walk,1,GREEN
105,0.9659,nordic_walk,nordic_walk,1,GREEN
105,0.9809,nordic_walk,nordic_walk,1,GREEN
105,0.9916,nordic_walk,nordic_walk,1,GREEN
105,0.9965,nordic_walk,nordic_walk,1,GREEN
105,0.9958,nordic_walk,nordic_walk,1,GREEN
105,0.9963,nordic_walk,nordic_walk,1,GREEN
105,0.9869,nordic_walk,nordic_walk,1,GREEN
105,0.9697,nordic_walk,nordic_walk,1,GREEN
105,0.9792,nordic_walk,nordic_walk,1,GREEN
105,0.9916,nordic_walk,nordic_walk,1,GREEN
105,0.9964,nordic_walk,nordic_walk,1,GREEN
105,0.968,nordic_walk,nordic_walk,1,GREEN
105,0.9602,nordic_walk,nordic_walk,1,GREEN
105,0.9695,nordic_walk,nordic_walk,1,GREEN
105,0.9739,nordic_walk,nordic_walk,1,GREEN
105,0.9801,nordic_walk,nordic_walk,1,GREEN
105,0.9859,nordic_walk,nordic_walk,1,GREEN
105,0.9663,nordic_walk,nordic_walk,1,GREEN
105,0.9394,nordic_walk,nordic_walk,1,GREEN
105,0.9973,nordic_walk,nordic_walk,1,GREEN
105,0.9968,nordic_walk,nordic_walk,1,GREEN
105,0.997,nordic_walk,nordic_walk,1,GREEN
105,0.9317,nordic_walk,nordic_walk,1,GREEN
105,0.9693,nordic_walk,nordic_walk,1,GREEN
105,0.9713,nordic_walk,nordic_walk,1,GREEN
105,0.9584,nordic_walk,nordic_walk,1,GREEN
105,0.9762,nordic_walk,nordic_walk,1,GREEN
105,0.9738,nordic_walk,nordic_walk,1,GREEN
105,0.9571,nordic_walk,nordic_walk,1,GREEN
105,0.9944,nordic_walk,nordic_walk,1,GREEN
105,0.9547,nordic_walk,nordic_walk,1,GREEN
105,0.8678,nordic_walk,nordic_walk,1,GREEN
105,0.7815,nordic_walk,nordic_walk,1,GREEN
105,0.9328,nordic_walk,nordic_walk,1,GREEN
105,0.956,nordic_walk,nordic_walk,1,GREEN
105,0.9969,nordic_walk,nordic_walk,1,GREEN
105,0.9809,nordic_walk,nordic_walk,1,GREEN
105,0.8989,nordic_walk,nordic_walk,1,GREEN
105,0.6481,nordic_walk,nordic_walk,1,YELLOW
105,0.9428,nordic_walk,nordic_walk,1,GREEN
105,0.9802,nordic_walk,nordic_walk,1,GREEN
105,0.9966,nordic_walk,nordic_walk,1,GREEN
105,0.9985,nordic_walk,nordic_walk,1,GREEN
105,0.9927,nordic_walk,nordic_walk,1,GREEN
105,0.9913,nordic_walk,nordic_walk,1,GREEN
105,0.9952,nordic_walk,nordic_walk,1,GREEN
105,0.9953,nordic_walk,nordic_walk,1,GREEN
105,0.9992,nordic_walk,nordic_walk,1,GREEN
105,0.9963,nordic_walk,nordic_walk,1,GREEN
105,0.9955,nordic_walk,nordic_walk,1,GREEN
105,0.9903,nordic_walk,nordic_walk,1,GREEN
105,0.994,nordic_walk,nordic_walk,1,GREEN
105,0.9944,nordic_walk,nordic_walk,1,GREEN
105,0.9963,nordic_walk,nordic_walk,1,GREEN
105,0.9931,nordic_walk,nordic_walk,1,GREEN
105,0.9955,nordic_walk,nordic_walk,1,GREEN
105,0.9915,nordic_walk,nordic_walk,1,GREEN
105,0.9887,nordic_walk,nordic_walk,1,GREEN
105,0.9963,nordic_walk,nordic_walk,1,GREEN
105,0.9903,nordic_walk,nordic_walk,1,GREEN
105,0.982,nordic_walk,nordic_walk,1,GREEN
105,0.7618,nordic_walk,nordic_walk,1,GREEN
105,0.9812,nordic_walk,nordic_walk,1,GREEN
105,0.7555,nordic_walk,nordic_walk,1,GREEN
105,0.2978,stairs_up,nordic_walk,0,RED
105,0.2507,sitting,nordic_walk,0,RED
105,0.2928,nordic_walk,nordic_walk,1,RED
105,0.2882,nordic_walk,nordic_walk,1,RED
105,0.3109,nordic_walk,nordic_walk,1,RED
105,0.2864,nordic_walk,nordic_walk,1,RED
105,0.2302,nordic_walk,nordic_walk,1,RED
105,0.2224,ironing,cycling,0,RED
105,0.2743,ironing,cycling,0,RED
105,0.5111,standing,cycling,0,YELLOW
105,0.518,standing,cycling,0,YELLOW
105,0.4681,standing,cycling,0,YELLOW
105,0.4975,standing,cycling,0,YELLOW
105,0.4867,standing,cycling,0,YELLOW
105,0.3646,ironing,cycling,0,RED
105,0.4592,vacuuming,cycling,0,YELLOW
105,0.5533,vacuuming,cycling,0,YELLOW
105,0.5151,vacuuming,cycling,0,YELLOW
105,0.5407,vacuuming,cycling,0,YELLOW
105,0.5267,vacuuming,cycling,0,YELLOW
105,0.3791,cycling,cycling,1,RED
105,0.622,cycling,cycling,1,YELLOW
105,0.7633,cycling,cycling,1,GREEN
105,0.837,cycling,cycling,1,GREEN
105,0.5216,cycling,cycling,1,YELLOW
105,0.9338,cycling,cycling,1,GREEN
105,0.9547,cycling,cycling,1,GREEN
105,0.9447,cycling,cycling,1,GREEN
105,0.9564,cycling,cycling,1,GREEN
105,0.8756,cycling,cycling,1,GREEN
105,0.7403,cycling,cycling,1,YELLOW
105,0.8527,cycling,cycling,1,GREEN
105,0.8716,cycling,cycling,1,GREEN
105,0.8564,cycling,cycling,1,GREEN
105,0.8831,cycling,cycling,1,GREEN
105,0.8534,cycling,cycling,1,GREEN
105,0.7652,cycling,cycling,1,GREEN
105,0.8176,cycling,cycling,1,GREEN
105,0.5873,cycling,cycling,1,YELLOW
105,0.7854,cycling,cycling,1,GREEN
105,0.7911,cycling,cycling,1,GREEN
105,0.7507,cycling,cycling,1,GREEN
105,0.8241,cycling,cycling,1,GREEN
105,0.9474,cycling,cycling,1,GREEN
105,0.9699,cycling,cycling,1,GREEN
105,0.9787,cycling,cycling,1,GREEN
105,0.9955,cycling,cycling,1,GREEN
105,0.997,cycling,cycling,1,GREEN
105,0.9815,cycling,cycling,1,GREEN
105,0.9561,cycling,cycling,1,GREEN
105,0.9634,cycling,cycling,1,GREEN
105,0.9662,cycling,cycling,1,GREEN
105,0.9819,cycling,cycling,1,GREEN
105,0.9914,cycling,cycling,1,GREEN
105,0.9943,cycling,cycling,1,GREEN
105,0.9963,cycling,cycling,1,GREEN
105,0.9981,cycling,cycling,1,GREEN
105,0.936,cycling,cycling,1,GREEN
105,0.9407,cycling,cycling,1,GREEN
105,0.9616,cycling,cycling,1,GREEN
105,0.96,cycling,cycling,1,GREEN
105,0.9663,cycling,cycling,1,GREEN
105,0.9574,cycling,cycling,1,GREEN
105,0.9912,cycling,cycling,1,GREEN
105,0.9767,cycling,cycling,1,GREEN
105,0.9648,cycling,cycling,1,GREEN
105,0.9527,cycling,cycling,1,GREEN
105,0.9743,cycling,cycling,1,GREEN
105,0.9877,cycling,cycling,1,GREEN
105,0.9844,cycling,cycling,1,GREEN
105,0.9855,cycling,cycling,1,GREEN
105,0.9848,cycling,cycling,1,GREEN
105,0.9695,cycling,cycling,1,GREEN
105,0.9839,cycling,cycling,1,GREEN
105,0.9927,cycling,cycling,1,GREEN
105,0.9881,cycling,cycling,1,GREEN
105,0.997,cycling,cycling,1,GREEN
105,0.997,cycling,cycling,1,GREEN
105,0.9836,cycling,cycling,1,GREEN
105,0.9911,cycling,cycling,1,GREEN
105,0.9985,cycling,cycling,1,GREEN
105,0.9926,cycling,cycling,1,GREEN
105,0.9989,cycling,cycling,1,GREEN
105,1.0,cycling,cycling,1,GREEN
105,0.9921,cycling,cycling,1,GREEN
105,0.9889,cycling,cycling,1,GREEN
105,0.9978,cycling,cycling,1,GREEN
105,0.9978,cycling,cycling,1,GREEN
105,0.9889,cycling,cycling,1,GREEN
105,0.9955,cycling,cycling,1,GREEN
105,0.9916,cycling,cycling,1,GREEN
105,0.9929,cycling,cycling,1,GREEN
105,0.9978,cycling,cycling,1,GREEN
105,0.9993,cycling,cycling,1,GREEN
105,0.988,cycling,cycling,1,GREEN
105,0.9652,cycling,cycling,1,GREEN
105,0.9204,cycling,cycling,1,GREEN
105,0.874,cycling,cycling,1,GREEN
105,0.8609,cycling,cycling,1,GREEN
105,0.9311,cycling,cycling,1,GREEN
105,0.9462,cycling,cycling,1,GREEN
105,0.9247,cycling,cycling,1,GREEN
105,0.9449,cycling,cycling,1,GREEN
105,0.9508,cycling,cycling,1,GREEN
105,0.9502,cycling,cycling,1,GREEN
105,0.9661,cycling,cycling,1,GREEN
105,0.9609,cycling,cycling,1,GREEN
105,0.9621,cycling,cycling,1,GREEN
105,0.9666,cycling,cycling,1,GREEN
105,0.9743,cycling,cycling,1,GREEN
105,0.9712,cycling,cycling,1,GREEN
105,0.9667,cycling,cycling,1,GREEN
105,0.9656,cycling,cycling,1,GREEN
105,0.9681,cycling,cycling,1,GREEN
105,0.9658,cycling,cycling,1,GREEN
105,0.9608,cycling,cycling,1,GREEN
105,0.9577,cycling,cycling,1,GREEN
105,0.967,cycling,cycling,1,GREEN
105,0.9615,cycling,cycling,1,GREEN
105,0.9552,cycling,cycling,1,GREEN
105,0.9644,cycling,cycling,1,GREEN
105,0.9636,cycling,cycling,1,GREEN
105,0.9646,cycling,cycling,1,GREEN
105,0.9683,cycling,cycling,1,GREEN
105,0.9676,cycling,cycling,1,GREEN
105,0.9715,cycling,cycling,1,GREEN
105,0.9677,cycling,cycling,1,GREEN
105,0.9493,cycling,cycling,1,GREEN
105,0.948,cycling,cycling,1,GREEN
105,0.9492,cycling,cycling,1,GREEN
105,0.9228,cycling,cycling,1,GREEN
105,0.9201,cycling,cycling,1,GREEN
105,0.9572,cycling,cycling,1,GREEN
105,0.9866,cycling,cycling,1,GREEN
105,0.9926,cycling,cycling,1,GREEN
105,0.9946,cycling,cycling,1,GREEN
105,0.9879,cycling,cycling,1,GREEN
105,0.9911,cycling,cycling,1,GREEN
105,0.9875,cycling,cycling,1,GREEN
105,0.9336,cycling,cycling,1,GREEN
105,0.8787,cycling,cycling,1,GREEN
105,0.8925,cycling,cycling,1,GREEN
105,0.9393,cycling,cycling,1,GREEN
105,0.8546,cycling,cycling,1,GREEN
105,0.8881,cycling,cycling,1,GREEN
105,0.9114,cycling,cycling,1,GREEN
105,0.9528,cycling,cycling,1,GREEN
105,0.9581,cycling,cycling,1,GREEN
105,0.9499,cycling,cycling,1,GREEN
105,0.9846,cycling,cycling,1,GREEN
105,0.971,cycling,cycling,1,GREEN
105,0.9948,cycling,cycling,1,GREEN
105,0.9781,cycling,cycling,1,GREEN
105,0.9944,cycling,cycling,1,GREEN
105,0.9872,cycling,cycling,1,GREEN
105,0.994,cycling,cycling,1,GREEN
105,0.8931,cycling,cycling,1,GREEN
105,0.8794,cycling,cycling,1,GREEN
105,0.997,cycling,cycling,1,GREEN
105,0.9797,cycling,cycling,1,GREEN
105,0.9767,cycling,cycling,1,GREEN
105,0.9911,cycling,cycling,1,GREEN
105,0.994,cycling,cycling,1,GREEN
105,0.9952,cycling,cycling,1,GREEN
105,0.9915,cycling,cycling,1,GREEN
105,0.9774,cycling,cycling,1,GREEN
105,1.0,cycling,cycling,1,GREEN
105,1.0,cycling,cycling,1,GREEN
105,1.0,cycling,cycling,1,GREEN
105,0.9827,cycling,cycling,1,GREEN
105,0.9822,cycling,cycling,1,GREEN
105,0.9985,cycling,cycling,1,GREEN
105,0.9985,cycling,cycling,1,GREEN
105,0.9992,cycling,cycling,1,GREEN
105,0.9963,cycling,cycling,1,GREEN
105,0.9937,cycling,cycling,1,GREEN
105,0.9834,cycling,cycling,1,GREEN
105,0.9288,cycling,cycling,1,GREEN
105,0.8954,cycling,cycling,1,GREEN
105,0.9391,cycling,cycling,1,GREEN
105,0.9487,cycling,cycling,1,GREEN
105,0.9525,cycling,cycling,1,GREEN
105,0.9911,cycling,cycling,1,GREEN
105,0.997,cycling,cycling,1,GREEN
105,0.9869,cycling,cycling,1,GREEN
105,0.9913,cycling,cycling,1,GREEN
105,0.9896,cycling,cycling,1,GREEN
105,0.9926,cycling,cycling,1,GREEN
105,0.997,cycling,cycling,1,GREEN
105,0.9955,cycling,cycling,1,GREEN
105,0.9892,cycling,cycling,1,GREEN
105,0.9787,cycling,cycling,1,GREEN
105,0.9906,cycling,cycling,1,GREEN
105,0.9953,cycling,cycling,1,GREEN
105,0.9941,cycling,cycling,1,GREEN
105,0.9955,cycling,cycling,1,GREEN
105,0.9926,cycling,cycling,1,GREEN
105,0.9976,cycling,cycling,1,GREEN
105,1.0,cycling,cycling,1,GREEN
105,1.0,cycling,cycling,1,GREEN
105,1.0,cycling,cycling,1,GREEN
105,0.9975,cycling,cycling,1,GREEN
105,0.9985,cycling,cycling,1,GREEN
105,0.9985,cycling,cycling,1,GREEN
105,1.0,cycling,cycling,1,GREEN
105,1.0,cycling,cycling,1,GREEN
105,0.9985,cycling,cycling,1,GREEN
105,0.9992,cycling,cycling,1,GREEN
105,0.9926,cycling,cycling,1,GREEN
105,0.9852,cycling,cycling,1,GREEN
105,0.997,cycling,cycling,1,GREEN
105,0.9809,cycling,cycling,1,GREEN
105,0.9928,cycling,cycling,1,GREEN
105,1.0,cycling,cycling,1,GREEN
105,1.0,cycling,cycling,1,GREEN
105,1.0,cycling,cycling,1,GREEN
105,0.9933,cycling,cycling,1,GREEN
105,0.9973,cycling,cycling,1,GREEN
105,0.9913,cycling,cycling,1,GREEN
105,0.9881,cycling,cycling,1,GREEN
105,0.9992,cycling,cycling,1,GREEN
105,0.9963,cycling,cycling,1,GREEN
105,0.997,cycling,cycling,1,GREEN
105,0.997,cycling,cycling,1,GREEN
105,0.9985,cycling,cycling,1,GREEN
105,0.9992,cycling,cycling,1,GREEN
105,1.0,cycling,cycling,1,GREEN
105,0.999,cycling,cycling,1,GREEN
105,0.9928,cycling,cycling,1,GREEN
105,1.0,cycling,cycling,1,GREEN
105,0.992,cycling,cycling,1,GREEN
105,0.9263,cycling,cycling,1,GREEN
105,0.9511,cycling,cycling,1,GREEN
105,0.9955,cycling,cycling,1,GREEN
105,0.9926,cycling,cycling,1,GREEN
105,0.9751,cycling,cycling,1,GREEN
105,0.9877,cycling,cycling,1,GREEN
105,0.9809,cycling,cycling,1,GREEN
105,0.9626,cycling,cycling,1,GREEN
105,0.98,cycling,cycling,1,GREEN
105,0.9992,cycling,cycling,1,GREEN
105,0.9874,cycling,cycling,1,GREEN
105,0.9913,cycling,cycling,1,GREEN
105,0.9886,cycling,cycling,1,GREEN
105,0.9863,cycling,cycling,1,GREEN
105,0.9881,cycling,cycling,1,GREEN
105,0.9977,cycling,cycling,1,GREEN
105,0.9992,cycling,cycling,1,GREEN
105,0.9992,cycling,cycling,1,GREEN
105,0.9948,cycling,cycling,1,GREEN
105,0.9879,cycling,cycling,1,GREEN
105,0.9931,cycling,cycling,1,GREEN
105,0.9977,cycling,cycling,1,GREEN
105,1.0,cycling,cycling,1,GREEN
105,1.0,cycling,cycling,1,GREEN
105,0.9901,cycling,cycling,1,GREEN
105,0.9864,cycling,cycling,1,GREEN
105,0.9893,cycling,cycling,1,GREEN
105,0.9977,cycling,cycling,1,GREEN
105,0.997,cycling,cycling,1,GREEN
105,0.997,cycling,cycling,1,GREEN
105,0.9615,cycling,cycling,1,GREEN
105,0.9361,cycling,cycling,1,GREEN
105,0.9766,cycling,cycling,1,GREEN
105,0.9314,cycling,cycling,1,GREEN
105,0.8793,cycling,cycling,1,GREEN
105,0.9589,cycling,cycling,1,GREEN
105,0.9692,cycling,cycling,1,GREEN
105,0.9628,cycling,cycling,1,GREEN
105,0.9755,cycling,cycling,1,GREEN
105,0.997,cycling,cycling,1,GREEN
105,0.9936,cycling,cycling,1,GREEN
105,0.9955,cycling,cycling,1,GREEN
105,0.994,cycling,cycling,1,GREEN
105,0.9938,cycling,cycling,1,GREEN
105,0.9985,cycling,cycling,1,GREEN
105,0.9985,cycling,cycling,1,GREEN
105,0.9941,cycling,cycling,1,GREEN
105,0.981,cycling,cycling,1,GREEN
105,0.9955,cycling,cycling,1,GREEN
105,0.9941,cycling,cycling,1,GREEN
105,0.9933,cycling,cycling,1,GREEN
105,0.9985,cycling,cycling,1,GREEN
105,0.9881,cycling,cycling,1,GREEN
105,0.9753,cycling,cycling,1,GREEN
105,0.9712,cycling,cycling,1,GREEN
105,0.921,cycling,cycling,1,GREEN
105,0.897,cycling,cycling,1,GREEN
105,0.8218,cycling,cycling,1,GREEN
105,0.8019,cycling,cycling,1,GREEN
105,0.7806,cycling,cycling,1,GREEN
105,0.7434,cycling,cycling,1,YELLOW
105,0.7435,cycling,cycling,1,YELLOW
105,0.8101,cycling,cycling,1,GREEN
105,0.7752,cycling,cycling,1,GREEN
105,0.7715,cycling,cycling,1,GREEN
105,0.719,cycling,cycling,1,YELLOW
105,0.6893,cycling,cycling,1,YELLOW
105,0.6926,cycling,cycling,1,YELLOW
105,0.7421,cycling,cycling,1,YELLOW
105,0.7454,cycling,cycling,1,YELLOW
105,0.6991,cycling,cycling,1,YELLOW
105,0.7,cycling,cycling,1,YELLOW
105,0.6901,cycling,cycling,1,YELLOW
105,0.7404,cycling,cycling,1,YELLOW
105,0.9092,cycling,cycling,1,GREEN
105,0.9918,cycling,cycling,1,GREEN
105,0.9717,cycling,cycling,1,GREEN
105,0.902,cycling,cycling,1,GREEN
105,0.9115,cycling,cycling,1,GREEN
105,0.9273,cycling,cycling,1,GREEN
105,0.9513,cycling,cycling,1,GREEN
105,0.9806,cycling,cycling,1,GREEN
105,0.9406,cycling,cycling,1,GREEN
105,0.9068,cycling,cycling,1,GREEN
105,0.9274,cycling,cycling,1,GREEN
105,0.9687,cycling,cycling,1,GREEN
105,0.9885,cycling,cycling,1,GREEN
105,0.9982,cycling,cycling,1,GREEN
105,0.997,cycling,cycling,1,GREEN
105,1.0,cycling,cycling,1,GREEN
105,0.9985,cycling,cycling,1,GREEN
105,0.9926,cycling,cycling,1,GREEN
105,1.0,cycling,cycling,1,GREEN
105,0.9956,cycling,cycling,1,GREEN
105,0.9999,cycling,cycling,1,GREEN
105,1.0,cycling,cycling,1,GREEN
105,0.9791,cycling,cycling,1,GREEN
105,0.9712,cycling,cycling,1,GREEN
105,0.9945,cycling,cycling,1,GREEN
105,0.9891,cycling,cycling,1,GREEN
105,0.9832,cycling,cycling,1,GREEN
105,0.9881,cycling,cycling,1,GREEN
105,0.9642,cycling,cycling,1,GREEN
105,0.9611,cycling,cycling,1,GREEN
105,0.9945,cycling,cycling,1,GREEN
105,0.9999,cycling,cycling,1,GREEN
105,0.9908,cycling,cycling,1,GREEN
105,0.9174,cycling,cycling,1,GREEN
105,0.9306,cycling,cycling,1,GREEN
105,0.9985,cycling,cycling,1,GREEN
105,0.9892,cycling,cycling,1,GREEN
105,0.977,cycling,cycling,1,GREEN
105,0.9849,cycling,cycling,1,GREEN
105,0.9943,cycling,cycling,1,GREEN
105,0.9881,cycling,cycling,1,GREEN
105,0.9955,cycling,cycling,1,GREEN
105,0.994,cycling,cycling,1,GREEN
105,0.9875,cycling,cycling,1,GREEN
105,0.983,cycling,cycling,1,GREEN
105,0.9755,cycling,cycling,1,GREEN
105,0.9807,cycling,cycling,1,GREEN
105,0.9835,cycling,cycling,1,GREEN
105,0.9808,cycling,cycling,1,GREEN
105,0.9678,cycling,cycling,1,GREEN
105,0.9742,cycling,cycling,1,GREEN
105,0.9828,cycling,cycling,1,GREEN
105,0.997,cycling,cycling,1,GREEN
105,0.9871,cycling,cycling,1,GREEN
105,0.997,cycling,cycling,1,GREEN
105,0.9985,cycling,cycling,1,GREEN
105,0.9985,cycling,cycling,1,GREEN
105,0.9946,cycling,cycling,1,GREEN
105,0.9554,cycling,cycling,1,GREEN
105,0.8227,cycling,cycling,1,GREEN
105,0.7305,cycling,cycling,1,YELLOW
105,0.5346,cycling,cycling,1,YELLOW
105,0.3666,cycling,cycling,1,RED
105,0.4675,cycling,cycling,1,YELLOW
105,0.3338,cycling,cycling,1,RED
105,0.3295,cycling,cycling,1,RED
105,0.3432,stairs_up,cycling,0,RED
105,0.3132,stairs_up,cycling,0,RED
105,0.3909,cycling,cycling,1,RED
105,0.5189,cycling,cycling,1,YELLOW
105,0.5964,cycling,cycling,1,YELLOW
105,0.4338,cycling,cycling,1,RED
105,0.4651,cycling,cycling,1,YELLOW
105,0.4322,cycling,cycling,1,RED
105,0.4039,cycling,cycling,1,RED
105,0.3228,cycling,cycling,1,RED
105,0.3919,cycling,cycling,1,RED
105,0.3582,stairs_up,cycling,0,RED
105,0.3208,stairs_up,cycling,0,RED
105,0.284,stairs_up,cycling,0,RED
105,0.3621,cycling,cycling,1,RED
105,0.3752,stairs_up,cycling,0,RED
105,0.2892,stairs_up,cycling,0,RED
105,0.4361,stairs_up,cycling,0,RED
105,0.4292,stairs_up,cycling,0,RED
105,0.4731,stairs_up,cycling,0,YELLOW
105,0.252,stairs_up,cycling,0,RED
105,0.2286,stairs_up,cycling,0,RED
105,0.2661,stairs_up,cycling,0,RED
105,0.2141,sitting,cycling,0,RED
105,0.3614,cycling,cycling,1,RED
105,0.7473,cycling,cycling,1,YELLOW
105,0.9889,cycling,cycling,1,GREEN
105,0.9911,cycling,cycling,1,GREEN
105,0.9985,cycling,cycling,1,GREEN
105,0.9607,cycling,cycling,1,GREEN
105,0.9367,cycling,cycling,1,GREEN
105,0.9475,cycling,cycling,1,GREEN
105,0.948,cycling,cycling,1,GREEN
105,0.9066,cycling,cycling,1,GREEN
105,0.9797,cycling,cycling,1,GREEN
105,0.9788,cycling,cycling,1,GREEN
105,0.9799,cycling,cycling,1,GREEN
105,0.9551,cycling,cycling,1,GREEN
105,0.9621,cycling,cycling,1,GREEN
105,0.997,cycling,cycling,1,GREEN
105,0.9881,cycling,cycling,1,GREEN
105,0.9859,cycling,cycling,1,GREEN
105,0.9728,cycling,cycling,1,GREEN
105,0.9593,cycling,cycling,1,GREEN
105,0.958,cycling,cycling,1,GREEN
105,0.9554,cycling,cycling,1,GREEN
105,0.9571,cycling,cycling,1,GREEN
105,0.8845,cycling,cycling,1,GREEN
105,0.862,cycling,cycling,1,GREEN
105,0.8214,cycling,cycling,1,GREEN
105,0.823,cycling,cycling,1,GREEN
105,0.7777,cycling,cycling,1,GREEN
105,0.7751,cycling,cycling,1,GREEN
105,0.8169,cycling,cycling,1,GREEN
105,0.8829,cycling,cycling,1,GREEN
105,0.9645,cycling,cycling,1,GREEN
105,0.9913,cycling,cycling,1,GREEN
105,0.9977,cycling,cycling,1,GREEN
105,0.997,cycling,cycling,1,GREEN
105,0.9992,cycling,cycling,1,GREEN
105,0.9944,cycling,cycling,1,GREEN
105,0.9422,cycling,cycling,1,GREEN
105,0.9901,cycling,cycling,1,GREEN
105,0.9985,cycling,cycling,1,GREEN
105,0.9963,cycling,cycling,1,GREEN
105,0.9896,cycling,cycling,1,GREEN
105,0.9906,cycling,cycling,1,GREEN
105,0.997,cycling,cycling,1,GREEN
105,0.9914,cycling,cycling,1,GREEN
105,0.9985,cycling,cycling,1,GREEN
105,1.0,cycling,cycling,1,GREEN
105,1.0,cycling,cycling,1,GREEN
105,0.9985,cycling,cycling,1,GREEN
105,1.0,cycling,cycling,1,GREEN
105,1.0,cycling,cycling,1,GREEN
105,1.0,cycling,cycling,1,GREEN
105,0.9993,cycling,cycling,1,GREEN
105,0.997,cycling,cycling,1,GREEN
105,1.0,cycling,cycling,1,GREEN
105,1.0,cycling,cycling,1,GREEN
105,0.996,cycling,cycling,1,GREEN
105,0.9947,cycling,cycling,1,GREEN
105,0.983,cycling,cycling,1,GREEN
105,0.9901,cycling,cycling,1,GREEN
105,0.9841,cycling,cycling,1,GREEN
105,0.9885,cycling,cycling,1,GREEN
105,0.9845,cycling,cycling,1,GREEN
105,0.8462,cycling,cycling,1,GREEN
105,0.708,cycling,cycling,1,YELLOW
105,0.5051,cycling,cycling,1,YELLOW
105,0.4455,stairs_up,cycling,0,RED
105,0.365,stairs_up,cycling,0,RED
105,0.3618,stairs_up,cycling,0,RED
105,0.2141,stairs_up,cycling,0,RED
105,0.1736,stairs_up,cycling,0,RED
105,0.1948,stairs_up,cycling,0,RED
105,0.3821,stairs_up,cycling,0,RED
105,0.353,cycling,cycling,1,RED
105,0.2963,stairs_up,cycling,0,RED
105,0.2606,stairs_up,cycling,0,RED
105,0.2021,stairs_up,cycling,0,RED
105,0.2346,cycling,cycling,1,RED
105,0.2956,cycling,cycling,1,RED
105,0.2146,cycling,cycling,1,RED
105,0.2981,vacuuming,cycling,0,RED
105,0.4365,cycling,cycling,1,RED
105,0.9543,cycling,cycling,1,GREEN
105,0.9909,cycling,cycling,1,GREEN
105,0.995,cycling,cycling,1,GREEN
105,0.9775,cycling,cycling,1,GREEN
105,0.9629,cycling,cycling,1,GREEN
105,0.9854,cycling,cycling,1,GREEN
105,0.9829,cycling,cycling,1,GREEN
105,0.8828,cycling,cycling,1,GREEN
105,0.4886,vacuuming,cycling,0,YELLOW
105,0.6171,vacuuming,cycling,0,YELLOW
105,0.5668,vacuuming,cycling,0,YELLOW
105,0.4397,vacuuming,cycling,0,RED
105,0.3517,vacuuming,cycling,0,RED
105,0.3927,vacuuming,cycling,0,RED
105,0.1977,vacuuming,cycling,0,RED
105,0.2545,nordic_walk,cycling,0,RED
105,0.2952,cycling,running,0,RED
105,0.2786,cycling,running,0,RED
105,0.4069,cycling,running,0,RED
105,0.4034,cycling,running,0,RED
105,0.3828,cycling,running,0,RED
105,0.3658,cycling,running,0,RED
105,0.5803,vacuuming,running,0,YELLOW
105,0.6545,vacuuming,running,0,YELLOW
105,0.3809,stairs_up,running,0,RED
105,0.659,stairs_up,running,0,YELLOW
105,0.4214,running,running,1,RED
105,0.5528,running,running,1,YELLOW
105,0.8974,running,running,1,GREEN
105,0.9335,running,running,1,GREEN
105,0.8744,running,running,1,GREEN
105,0.8311,running,running,1,GREEN
105,0.8844,running,running,1,GREEN
105,0.9321,running,running,1,GREEN
105,0.9557,running,running,1,GREEN
105,0.8849,running,running,1,GREEN
105,0.9695,running,running,1,GREEN
105,0.9798,running,running,1,GREEN
105,0.9339,running,running,1,GREEN
105,0.9464,running,running,1,GREEN
105,0.9451,running,running,1,GREEN
105,0.9452,running,running,1,GREEN
105,0.9358,running,running,1,GREEN
105,0.868,running,running,1,GREEN
105,0.9606,running,running,1,GREEN
105,0.9406,running,running,1,GREEN
105,0.8528,running,running,1,GREEN
105,0.6889,running,running,1,YELLOW
105,0.8595,running,running,1,GREEN
105,0.8962,running,running,1,GREEN
105,0.7325,running,running,1,YELLOW
105,0.6513,running,running,1,YELLOW
105,0.9045,running,running,1,GREEN
105,0.9623,running,running,1,GREEN
105,0.924,running,running,1,GREEN
105,0.8817,running,running,1,GREEN
105,0.9352,running,running,1,GREEN
105,0.9347,running,running,1,GREEN
105,0.9164,running,running,1,GREEN
105,0.9191,running,running,1,GREEN
105,0.9392,running,running,1,GREEN
105,0.9097,running,running,1,GREEN
105,0.9055,running,running,1,GREEN
105,0.8888,running,running,1,GREEN
105,0.9364,running,running,1,GREEN
105,0.9702,running,running,1,GREEN
105,0.9623,running,running,1,GREEN
105,0.9567,running,running,1,GREEN
105,0.9336,running,running,1,GREEN
105,0.9429,running,running,1,GREEN
105,0.9374,running,running,1,GREEN
105,0.9291,running,running,1,GREEN
105,0.9246,running,running,1,GREEN
105,0.9465,running,running,1,GREEN
105,0.937,running,running,1,GREEN
105,0.9547,running,running,1,GREEN
105,0.9533,running,running,1,GREEN
105,0.9425,running,running,1,GREEN
105,0.9281,running,running,1,GREEN
105,0.9468,running,running,1,GREEN
105,0.9612,running,running,1,GREEN
105,0.9475,running,running,1,GREEN
105,0.9337,running,running,1,GREEN
105,0.782,running,running,1,GREEN
105,0.931,running,running,1,GREEN
105,0.8975,running,running,1,GREEN
105,0.888,running,running,1,GREEN
105,0.9073,running,running,1,GREEN
105,0.8836,running,running,1,GREEN
105,0.9448,running,running,1,GREEN
105,0.9777,running,running,1,GREEN
105,0.7622,running,running,1,GREEN
105,0.955,running,running,1,GREEN
105,0.9528,running,running,1,GREEN
105,0.7543,running,running,1,GREEN
105,0.8427,running,running,1,GREEN
105,0.9654,running,running,1,GREEN
105,0.9355,running,running,1,GREEN
105,0.9345,running,running,1,GREEN
105,0.952,running,running,1,GREEN
105,0.956,running,running,1,GREEN
105,0.9441,running,running,1,GREEN
105,0.9157,running,running,1,GREEN
105,0.8305,running,running,1,GREEN
105,0.9365,running,running,1,GREEN
105,0.9376,running,running,1,GREEN
105,0.96,running,running,1,GREEN
105,0.9798,running,running,1,GREEN
105,0.9667,running,running,1,GREEN
105,0.9514,running,running,1,GREEN
105,0.9882,running,running,1,GREEN
105,0.9848,running,running,1,GREEN
105,0.9291,running,running,1,GREEN
105,0.9881,running,running,1,GREEN
105,0.9847,running,running,1,GREEN
105,0.9208,running,running,1,GREEN
105,0.9753,running,running,1,GREEN
105,0.958,running,running,1,GREEN
105,0.9268,running,running,1,GREEN
105,0.9513,running,running,1,GREEN
105,0.9283,running,running,1,GREEN
105,0.9632,running,running,1,GREEN
105,0.9566,running,running,1,GREEN
105,0.9072,running,running,1,GREEN
105,0.7919,running,running,1,GREEN
105,0.9365,running,running,1,GREEN
105,0.973,running,running,1,GREEN
105,0.9673,running,running,1,GREEN
105,0.8908,running,running,1,GREEN
105,0.9397,running,running,1,GREEN
105,0.809,running,running,1,GREEN
105,0.9163,running,running,1,GREEN
105,0.9318,running,running,1,GREEN
105,0.9316,running,running,1,GREEN
105,0.9503,running,running,1,GREEN
105,0.9186,running,running,1,GREEN
105,0.9134,running,running,1,GREEN
105,0.9278,running,running,1,GREEN
105,0.9624,running,running,1,GREEN
105,0.9234,running,running,1,GREEN
105,0.8446,running,running,1,GREEN
105,0.8542,running,running,1,GREEN
105,0.9538,running,running,1,GREEN
105,0.9416,running,running,1,GREEN
105,0.9641,running,running,1,GREEN
105,0.9719,running,running,1,GREEN
105,0.9787,running,running,1,GREEN
105,0.9484,running,running,1,GREEN
105,0.9965,running,running,1,GREEN
105,0.9852,running,running,1,GREEN
105,0.9205,running,running,1,GREEN
105,0.9597,running,running,1,GREEN
105,0.9505,running,running,1,GREEN
105,0.9403,running,running,1,GREEN
105,0.9521,running,running,1,GREEN
105,0.9299,running,running,1,GREEN
105,0.8984,running,running,1,GREEN
105,0.9405,running,running,1,GREEN
105,0.9637,running,running,1,GREEN
105,0.9792,running,running,1,GREEN
105,0.9818,running,running,1,GREEN
105,0.8251,running,running,1,GREEN
105,0.9701,running,running,1,GREEN
105,0.9285,running,running,1,GREEN
105,0.8642,running,running,1,GREEN
105,0.9336,running,running,1,GREEN
105,0.9769,running,running,1,GREEN
105,0.9263,running,running,1,GREEN
105,0.9444,running,running,1,GREEN
105,0.9739,running,running,1,GREEN
105,0.9633,running,running,1,GREEN
105,0.9474,running,running,1,GREEN
105,0.9667,running,running,1,GREEN
105,0.9655,running,running,1,GREEN
105,0.9637,running,running,1,GREEN
105,0.9584,running,running,1,GREEN
105,0.9591,running,running,1,GREEN
105,0.9561,running,running,1,GREEN
105,0.9848,running,running,1,GREEN
105,0.9507,running,running,1,GREEN
105,0.9537,running,running,1,GREEN
105,0.9367,running,running,1,GREEN
105,0.9694,running,running,1,GREEN
105,0.9498,running,running,1,GREEN
105,0.9138,running,running,1,GREEN
105,0.9552,running,running,1,GREEN
105,0.9667,running,running,1,GREEN
105,0.9588,running,running,1,GREEN
105,0.9711,running,running,1,GREEN
105,0.9979,running,running,1,GREEN
105,0.9867,running,running,1,GREEN
105,0.9992,running,running,1,GREEN
105,0.9868,running,running,1,GREEN
105,0.9741,running,running,1,GREEN
105,0.9242,running,running,1,GREEN
105,0.9713,running,running,1,GREEN
105,0.9321,running,running,1,GREEN
105,0.95,running,running,1,GREEN
105,0.9337,running,running,1,GREEN
105,0.9439,running,running,1,GREEN
105,0.9198,running,running,1,GREEN
105,0.9334,running,running,1,GREEN
105,0.9332,running,running,1,GREEN
105,0.9562,running,running,1,GREEN
105,0.9468,running,running,1,GREEN
105,0.9342,running,running,1,GREEN
105,0.9651,running,running,1,GREEN
105,0.9742,running,running,1,GREEN
105,0.9572,running,running,1,GREEN
105,0.9667,running,running,1,GREEN
105,0.9393,running,running,1,GREEN
105,0.9416,running,running,1,GREEN
105,0.9724,running,running,1,GREEN
105,0.951,running,running,1,GREEN
105,0.9335,running,running,1,GREEN
105,0.931,running,running,1,GREEN
105,0.931,running,running,1,GREEN
105,0.9525,running,running,1,GREEN
105,0.9873,running,running,1,GREEN
105,0.983,running,running,1,GREEN
105,0.9566,running,running,1,GREEN
105,0.9921,running,running,1,GREEN
105,0.9719,running,running,1,GREEN
105,0.9716,running,running,1,GREEN
105,0.9443,running,running,1,GREEN
105,0.9167,running,running,1,GREEN
105,0.9021,running,running,1,GREEN
105,0.9377,running,running,1,GREEN
105,0.928,running,running,1,GREEN
105,0.9246,running,running,1,GREEN
105,0.9562,running,running,1,GREEN
105,0.9428,running,running,1,GREEN
105,0.9951,running,running,1,GREEN
105,0.9955,running,running,1,GREEN
105,0.9933,running,running,1,GREEN
105,0.9729,running,running,1,GREEN
105,0.9869,running,running,1,GREEN
105,0.9686,running,running,1,GREEN
105,0.9691,running,running,1,GREEN
105,0.9734,running,running,1,GREEN
105,0.9282,running,running,1,GREEN
105,0.9383,running,running,1,GREEN
105,0.925,running,running,1,GREEN
105,0.9431,running,running,1,GREEN
105,0.9087,running,running,1,GREEN
105,0.936,running,running,1,GREEN
105,0.9507,running,running,1,GREEN
105,0.9641,running,running,1,GREEN
105,0.9901,running,running,1,GREEN
105,0.9786,running,running,1,GREEN
105,0.9685,running,running,1,GREEN
105,0.9753,running,running,1,GREEN
105,0.9444,running,running,1,GREEN
105,0.8947,running,running,1,GREEN
105,0.9538,running,running,1,GREEN
105,0.9527,running,running,1,GREEN
105,0.9603,running,running,1,GREEN
105,0.8945,running,running,1,GREEN
105,0.93,running,running,1,GREEN
105,0.9163,running,running,1,GREEN
105,0.9455,running,running,1,GREEN
105,0.9563,running,running,1,GREEN
105,0.9362,running,running,1,GREEN
105,0.9353,running,running,1,GREEN
105,0.9404,running,running,1,GREEN
105,0.8585,running,running,1,GREEN
105,0.7082,running,running,1,YELLOW
105,0.9939,running,running,1,GREEN
105,0.9722,running,running,1,GREEN
105,0.9087,running,running,1,GREEN
105,0.9654,running,running,1,GREEN
105,0.9846,running,running,1,GREEN
105,0.9493,running,running,1,GREEN
105,0.9646,running,running,1,GREEN
105,0.9308,running,running,1,GREEN
105,0.9661,running,running,1,GREEN
105,0.9509,running,running,1,GREEN
105,0.9347,running,running,1,GREEN
105,0.9486,running,running,1,GREEN
105,0.9619,running,running,1,GREEN
105,0.9932,running,running,1,GREEN
105,0.9571,running,running,1,GREEN
105,0.9459,running,running,1,GREEN
105,0.8085,running,running,1,GREEN
105,0.7141,running,running,1,YELLOW
105,0.8906,running,running,1,GREEN
105,0.6705,running,running,1,YELLOW
105,0.6153,running,running,1,YELLOW
105,0.7399,running,running,1,YELLOW
105,0.7787,running,running,1,GREEN
105,0.7441,running,running,1,YELLOW
105,0.9085,running,running,1,GREEN
105,0.8677,running,running,1,GREEN
105,0.747,running,running,1,YELLOW
105,0.8406,running,running,1,GREEN
105,0.917,running,running,1,GREEN
105,0.9595,running,running,1,GREEN
105,0.9548,running,running,1,GREEN
105,0.9303,running,running,1,GREEN
105,0.7449,running,running,1,YELLOW
105,0.9212,running,running,1,GREEN
105,0.9463,running,running,1,GREEN
105,0.9643,running,running,1,GREEN
105,0.9438,running,running,1,GREEN
105,0.9406,running,running,1,GREEN
105,0.8919,running,running,1,GREEN
105,0.789,running,running,1,GREEN
105,0.8412,running,running,1,GREEN
105,0.8605,running,running,1,GREEN
105,0.8051,running,running,1,GREEN
105,0.9439,running,running,1,GREEN
105,0.9391,running,running,1,GREEN
105,0.9232,running,running,1,GREEN
105,0.9453,running,running,1,GREEN
105,0.9205,running,running,1,GREEN
105,0.9739,running,running,1,GREEN
105,0.9066,running,running,1,GREEN
105,0.9159,running,running,1,GREEN
105,0.9589,running,running,1,GREEN
105,0.9486,running,running,1,GREEN
105,0.9678,running,running,1,GREEN
105,0.9549,running,running,1,GREEN
105,0.9469,running,running,1,GREEN
105,0.9536,running,running,1,GREEN
105,0.9555,running,running,1,GREEN
105,0.9752,running,running,1,GREEN
105,0.9564,running,running,1,GREEN
105,0.9773,running,running,1,GREEN
105,0.9966,running,running,1,GREEN
105,0.9808,running,running,1,GREEN
105,0.9725,running,running,1,GREEN
105,0.9341,running,running,1,GREEN
105,0.9459,running,running,1,GREEN
105,0.9413,running,running,1,GREEN
105,0.9235,running,running,1,GREEN
105,0.948,running,running,1,GREEN
105,0.9412,running,running,1,GREEN
105,0.8935,running,running,1,GREEN
105,0.958,running,running,1,GREEN
105,0.9703,running,running,1,GREEN
105,0.9419,running,running,1,GREEN
105,0.9177,running,running,1,GREEN
105,0.9296,running,running,1,GREEN
105,0.9286,running,running,1,GREEN
105,0.89,running,running,1,GREEN
105,0.8459,running,running,1,GREEN
105,0.9323,running,running,1,GREEN
105,0.9416,running,running,1,GREEN
105,0.9771,running,running,1,GREEN
105,0.9885,running,running,1,GREEN
105,0.9717,running,running,1,GREEN
105,0.974,running,running,1,GREEN
105,0.9788,running,running,1,GREEN
105,0.9612,running,running,1,GREEN
105,0.9674,running,running,1,GREEN
105,0.9302,running,running,1,GREEN
105,0.9579,running,running,1,GREEN
105,0.9696,running,running,1,GREEN
105,0.9877,running,running,1,GREEN
105,0.9827,running,running,1,GREEN
105,0.9871,running,running,1,GREEN
105,0.9582,running,running,1,GREEN
105,0.9237,running,running,1,GREEN
105,0.9674,running,running,1,GREEN
105,0.9569,running,running,1,GREEN
105,0.7884,running,running,1,GREEN
105,0.9477,running,running,1,GREEN
105,0.9549,running,running,1,GREEN
105,0.9709,running,running,1,GREEN
105,0.9788,running,running,1,GREEN
105,0.9216,running,running,1,GREEN
105,0.979,running,running,1,GREEN
105,0.9808,running,running,1,GREEN
105,0.9844,running,running,1,GREEN
105,0.9731,running,running,1,GREEN
105,0.9813,running,running,1,GREEN
105,0.9676,running,running,1,GREEN
105,0.8436,running,running,1,GREEN
105,0.9715,running,running,1,GREEN
105,0.9691,running,running,1,GREEN
105,0.8875,running,running,1,GREEN
105,0.84,running,running,1,GREEN
105,0.956,running,running,1,GREEN
105,0.8559,running,running,1,GREEN
105,0.6894,running,running,1,YELLOW
105,0.896,running,running,1,GREEN
105,0.8776,running,running,1,GREEN
105,0.8751,running,running,1,GREEN
105,0.9671,running,running,1,GREEN
105,0.9726,running,running,1,GREEN
105,0.9194,running,running,1,GREEN
105,0.9511,running,running,1,GREEN
105,0.9465,running,running,1,GREEN
105,0.962,running,running,1,GREEN
105,0.9926,running,running,1,GREEN
105,0.9856,running,running,1,GREEN
105,0.9696,running,running,1,GREEN
105,0.8981,running,running,1,GREEN
105,0.9362,running,running,1,GREEN
105,0.956,running,running,1,GREEN
105,0.9783,running,running,1,GREEN
105,0.9605,running,running,1,GREEN
105,0.9389,running,running,1,GREEN
105,0.9343,running,running,1,GREEN
105,0.9471,running,running,1,GREEN
105,0.9545,running,running,1,GREEN
105,0.9431,running,running,1,GREEN
105,0.9543,running,running,1,GREEN
105,0.9048,running,running,1,GREEN
105,0.9333,running,running,1,GREEN
105,0.967,running,running,1,GREEN
105,0.939,running,running,1,GREEN
105,0.9642,running,running,1,GREEN
105,0.9513,running,running,1,GREEN
105,0.9585,running,running,1,GREEN
105,0.9726,running,running,1,GREEN
105,0.9584,running,running,1,GREEN
105,0.9522,running,running,1,GREEN
105,0.9636,running,running,1,GREEN
105,0.9581,running,running,1,GREEN
105,0.9533,running,running,1,GREEN
105,0.9745,running,running,1,GREEN
105,0.9687,running,running,1,GREEN
105,0.9627,running,running,1,GREEN
105,0.9619,running,running,1,GREEN
105,0.9658,running,running,1,GREEN
105,0.9528,running,running,1,GREEN
105,0.9814,running,running,1,GREEN
105,0.977,running,running,1,GREEN
105,0.9704,running,running,1,GREEN
105,0.9311,running,running,1,GREEN
105,0.9525,running,running,1,GREEN
105,0.9612,running,running,1,GREEN
105,0.986,running,running,1,GREEN
105,0.9821,running,running,1,GREEN
105,0.9859,running,running,1,GREEN
105,0.8087,running,running,1,GREEN
105,0.8894,running,running,1,GREEN
105,0.9886,running,running,1,GREEN
105,0.943,running,running,1,GREEN
105,0.9778,running,running,1,GREEN
105,0.9617,running,running,1,GREEN
105,0.9984,running,running,1,GREEN
105,0.9902,running,running,1,GREEN
105,0.778,running,running,1,GREEN
105,0.7467,running,running,1,YELLOW
105,0.6893,running,running,1,YELLOW
105,0.869,running,running,1,GREEN
105,0.7836,running,running,1,GREEN
105,0.7103,running,running,1,YELLOW
105,0.7698,running,running,1,GREEN
105,0.7599,running,running,1,GREEN
105,0.6558,stairs_down,running,0,YELLOW
105,0.6989,stairs_down,running,0,YELLOW
105,0.9041,running,running,1,GREEN
105,0.9768,running,running,1,GREEN
105,0.9596,running,running,1,GREEN
105,0.9866,running,running,1,GREEN
105,0.9865,running,running,1,GREEN
105,0.9977,running,running,1,GREEN
105,0.9999,running,running,1,GREEN
105,0.9914,running,running,1,GREEN
105,0.98,running,running,1,GREEN
105,0.9966,running,running,1,GREEN
105,0.9981,running,running,1,GREEN
105,0.9737,running,running,1,GREEN
105,0.9922,running,running,1,GREEN
105,0.9918,running,running,1,GREEN
105,0.9939,running,running,1,GREEN
105,0.9926,running,running,1,GREEN
105,0.9832,running,running,1,GREEN
105,0.9939,running,running,1,GREEN
105,0.9899,running,running,1,GREEN
105,0.9916,running,running,1,GREEN
105,0.9885,running,running,1,GREEN
105,0.9945,running,running,1,GREEN
105,0.9889,running,running,1,GREEN
105,0.9856,running,running,1,GREEN
105,0.9864,running,running,1,GREEN
105,0.9712,running,running,1,GREEN
105,0.9718,running,running,1,GREEN
105,0.9716,running,running,1,GREEN
105,0.9143,running,running,1,GREEN
105,0.5905,stairs_down,running,0,YELLOW
105,0.5101,walking,running,0,YELLOW
105,0.4458,walking,running,0,RED
105,0.3672,vacuuming,running,0,RED
105,0.6677,vacuuming,running,0,YELLOW
105,0.4457,vacuuming,running,0,RED
105,0.4038,vacuuming,running,0,RED
105,0.457,vacuuming,running,0,YELLOW
105,0.2906,sitting,running,0,RED
105,0.247,sitting,running,0,RED
105,0.269,sitting,running,0,RED
105,0.2037,vacuuming,running,0,RED
105,0.215,ironing,running,0,RED
105,0.3338,sitting,running,0,RED
105,0.2801,sitting,running,0,RED
105,0.2921,sitting,running,0,RED
105,0.2353,vacuuming,running,0,RED
105,0.1424,stairs_down,running,0,RED
106,0.3147,standing,lying,0,RED
106,0.445,standing,lying,0,RED
106,0.3615,standing,lying,0,RED
106,0.3765,standing,lying,0,RED
106,0.3072,standing,lying,0,RED
106,0.258,standing,lying,0,RED
106,0.2629,stairs_down,lying,0,RED
106,0.3939,standing,lying,0,RED
106,0.3548,stairs_down,lying,0,RED
106,0.3078,stairs_down,lying,0,RED
106,0.4652,lying,lying,1,YELLOW
106,0.5537,vacuuming,lying,0,YELLOW
106,0.6818,vacuuming,lying,0,YELLOW
106,0.5151,vacuuming,lying,0,YELLOW
106,0.481,lying,lying,1,YELLOW
106,0.6775,lying,lying,1,YELLOW
106,0.6521,lying,lying,1,YELLOW
106,0.7445,lying,lying,1,YELLOW
106,0.7757,lying,lying,1,GREEN
106,0.7771,lying,lying,1,GREEN
106,0.8381,lying,lying,1,GREEN
106,0.9859,lying,lying,1,GREEN
106,0.9863,lying,lying,1,GREEN
106,0.9812,lying,lying,1,GREEN
106,0.9921,lying,lying,1,GREEN
106,0.9896,lying,lying,1,GREEN
106,0.8764,lying,lying,1,GREEN
106,0.8806,lying,lying,1,GREEN
106,0.9847,lying,lying,1,GREEN
106,0.9918,lying,lying,1,GREEN
106,0.9891,lying,lying,1,GREEN
106,0.9256,lying,lying,1,GREEN
106,0.9399,lying,lying,1,GREEN
106,0.9948,lying,lying,1,GREEN
106,0.9963,lying,lying,1,GREEN
106,0.9958,lying,lying,1,GREEN
106,0.9915,lying,lying,1,GREEN
106,0.9923,lying,lying,1,GREEN
106,1.0,lying,lying,1,GREEN
106,0.998,lying,lying,1,GREEN
106,0.998,lying,lying,1,GREEN
106,0.9992,lying,lying,1,GREEN
106,0.9985,lying,lying,1,GREEN
106,1.0,lying,lying,1,GREEN
106,0.9955,lying,lying,1,GREEN
106,0.9975,lying,lying,1,GREEN
106,0.9973,lying,lying,1,GREEN
106,0.9933,lying,lying,1,GREEN
106,0.9933,lying,lying,1,GREEN
106,0.994,lying,lying,1,GREEN
106,1.0,lying,lying,1,GREEN
106,1.0,lying,lying,1,GREEN
106,1.0,lying,lying,1,GREEN
106,1.0,lying,lying,1,GREEN
106,1.0,lying,lying,1,GREEN
106,0.997,lying,lying,1,GREEN
106,0.9985,lying,lying,1,GREEN
106,0.9955,lying,lying,1,GREEN
106,0.997,lying,lying,1,GREEN
106,0.994,lying,lying,1,GREEN
106,0.9955,lying,lying,1,GREEN
106,0.9985,lying,lying,1,GREEN
106,0.9985,lying,lying,1,GREEN
106,0.9985,lying,lying,1,GREEN
106,0.9985,lying,lying,1,GREEN
106,1.0,lying,lying,1,GREEN
106,0.9985,lying,lying,1,GREEN
106,0.9985,lying,lying,1,GREEN
106,1.0,lying,lying,1,GREEN
106,0.997,lying,lying,1,GREEN
106,0.9985,lying,lying,1,GREEN
106,0.9985,lying,lying,1,GREEN
106,0.997,lying,lying,1,GREEN
106,0.997,lying,lying,1,GREEN
106,0.9985,lying,lying,1,GREEN
106,0.9985,lying,lying,1,GREEN
106,0.9985,lying,lying,1,GREEN
106,0.9985,lying,lying,1,GREEN
106,0.9985,lying,lying,1,GREEN
106,0.9926,lying,lying,1,GREEN
106,0.997,lying,lying,1,GREEN
106,0.9985,lying,lying,1,GREEN
106,0.9985,lying,lying,1,GREEN
106,0.9985,lying,lying,1,GREEN
106,1.0,lying,lying,1,GREEN
106,1.0,lying,lying,1,GREEN
106,0.997,lying,lying,1,GREEN
106,0.997,lying,lying,1,GREEN
106,0.994,lying,lying,1,GREEN
106,0.997,lying,lying,1,GREEN
106,0.9985,lying,lying,1,GREEN
106,1.0,lying,lying,1,GREEN
106,1.0,lying,lying,1,GREEN
106,0.9985,lying,lying,1,GREEN
106,0.9985,lying,lying,1,GREEN
106,1.0,lying,lying,1,GREEN
106,0.9985,lying,lying,1,GREEN
106,0.9985,lying,lying,1,GREEN
106,0.9985,lying,lying,1,GREEN
106,1.0,lying,lying,1,GREEN
106,1.0,lying,lying,1,GREEN
106,0.9985,lying,lying,1,GREEN
106,0.997,lying,lying,1,GREEN
106,0.997,lying,lying,1,GREEN
106,0.9985,lying,lying,1,GREEN
106,0.9985,lying,lying,1,GREEN
106,0.9985,lying,lying,1,GREEN
106,0.9985,lying,lying,1,GREEN
106,0.9985,lying,lying,1,GREEN
106,0.9985,lying,lying,1,GREEN
106,0.9985,lying,lying,1,GREEN
106,0.997,lying,lying,1,GREEN
106,0.997,lying,lying,1,GREEN
106,0.9985,lying,lying,1,GREEN
106,0.9985,lying,lying,1,GREEN
106,0.994,lying,lying,1,GREEN
106,0.997,lying,lying,1,GREEN
106,0.9985,lying,lying,1,GREEN
106,0.9985,lying,lying,1,GREEN
106,0.997,lying,lying,1,GREEN
106,0.997,lying,lying,1,GREEN
106,0.997,lying,lying,1,GREEN
106,0.997,lying,lying,1,GREEN
106,0.9985,lying,lying,1,GREEN
106,0.9985,lying,lying,1,GREEN
106,0.994,lying,lying,1,GREEN
106,0.9985,lying,lying,1,GREEN
106,0.999,lying,lying,1,GREEN
106,0.9926,lying,lying,1,GREEN
106,0.9955,lying,lying,1,GREEN
106,0.9955,lying,lying,1,GREEN
106,0.997,lying,lying,1,GREEN
106,0.997,lying,lying,1,GREEN
106,0.9985,lying,lying,1,GREEN
106,0.997,lying,lying,1,GREEN
106,0.997,lying,lying,1,GREEN
106,0.997,lying,lying,1,GREEN
106,0.997,lying,lying,1,GREEN
106,0.997,lying,lying,1,GREEN
106,0.997,lying,lying,1,GREEN
106,0.997,lying,lying,1,GREEN
106,0.997,lying,lying,1,GREEN
106,0.9985,lying,lying,1,GREEN
106,0.9985,lying,lying,1,GREEN
106,0.997,lying,lying,1,GREEN
106,0.997,lying,lying,1,GREEN
106,0.9926,lying,lying,1,GREEN
106,0.997,lying,lying,1,GREEN
106,0.997,lying,lying,1,GREEN
106,0.997,lying,lying,1,GREEN
106,0.997,lying,lying,1,GREEN
106,0.997,lying,lying,1,GREEN
106,0.997,lying,lying,1,GREEN
106,0.997,lying,lying,1,GREEN
106,0.997,lying,lying,1,GREEN
106,0.997,lying,lying,1,GREEN
106,0.997,lying,lying,1,GREEN
106,0.997,lying,lying,1,GREEN
106,0.997,lying,lying,1,GREEN
106,0.997,lying,lying,1,GREEN
106,0.997,lying,lying,1,GREEN
106,0.997,lying,lying,1,GREEN
106,0.9985,lying,lying,1,GREEN
106,0.997,lying,lying,1,GREEN
106,0.997,lying,lying,1,GREEN
106,0.997,lying,lying,1,GREEN
106,0.997,lying,lying,1,GREEN
106,0.997,lying,lying,1,GREEN
106,0.997,lying,lying,1,GREEN
106,0.997,lying,lying,1,GREEN
106,0.997,lying,lying,1,GREEN
106,0.997,lying,lying,1,GREEN
106,0.9985,lying,lying,1,GREEN
106,0.997,lying,lying,1,GREEN
106,0.997,lying,lying,1,GREEN
106,0.997,lying,lying,1,GREEN
106,0.997,lying,lying,1,GREEN
106,0.997,lying,lying,1,GREEN
106,0.997,lying,lying,1,GREEN
106,0.997,lying,lying,1,GREEN
106,0.997,lying,lying,1,GREEN
106,0.997,lying,lying,1,GREEN
106,0.997,lying,lying,1,GREEN
106,0.997,lying,lying,1,GREEN
106,0.997,lying,lying,1,GREEN
106,0.9955,lying,lying,1,GREEN
106,0.997,lying,lying,1,GREEN
106,0.997,lying,lying,1,GREEN
106,0.997,lying,lying,1,GREEN
106,0.997,lying,lying,1,GREEN
106,0.997,lying,lying,1,GREEN
106,0.997,lying,lying,1,GREEN
106,0.997,lying,lying,1,GREEN
106,0.997,lying,lying,1,GREEN
106,0.997,lying,lying,1,GREEN
106,0.997,lying,lying,1,GREEN
106,0.997,lying,lying,1,GREEN
106,0.997,lying,lying,1,GREEN
106,0.997,lying,lying,1,GREEN
106,0.997,lying,lying,1,GREEN
106,0.997,lying,lying,1,GREEN
106,0.997,lying,lying,1,GREEN
106,0.997,lying,lying,1,GREEN
106,0.997,lying,lying,1,GREEN
106,0.997,lying,lying,1,GREEN
106,0.997,lying,lying,1,GREEN
106,0.997,lying,lying,1,GREEN
106,0.997,lying,lying,1,GREEN
106,0.997,lying,lying,1,GREEN
106,0.997,lying,lying,1,GREEN
106,0.997,lying,lying,1,GREEN
106,0.997,lying,lying,1,GREEN
106,0.997,lying,lying,1,GREEN
106,0.997,lying,lying,1,GREEN
106,0.997,lying,lying,1,GREEN
106,0.997,lying,lying,1,GREEN
106,0.997,lying,lying,1,GREEN
106,0.997,lying,lying,1,GREEN
106,0.9985,lying,lying,1,GREEN
106,0.9985,lying,lying,1,GREEN
106,0.997,lying,lying,1,GREEN
106,0.997,lying,lying,1,GREEN
106,0.997,lying,lying,1,GREEN
106,0.997,lying,lying,1,GREEN
106,0.997,lying,lying,1,GREEN
106,0.997,lying,lying,1,GREEN
106,0.997,lying,lying,1,GREEN
106,0.997,lying,lying,1,GREEN
106,0.997,lying,lying,1,GREEN
106,0.997,lying,lying,1,GREEN
106,0.9985,lying,lying,1,GREEN
106,0.9985,lying,lying,1,GREEN
106,0.9941,lying,lying,1,GREEN
106,0.997,lying,lying,1,GREEN
106,0.9955,lying,lying,1,GREEN
106,0.997,lying,lying,1,GREEN
106,0.997,lying,lying,1,GREEN
106,0.997,lying,lying,1,GREEN
106,0.997,lying,lying,1,GREEN
106,0.997,lying,lying,1,GREEN
106,0.997,lying,lying,1,GREEN
106,0.997,lying,lying,1,GREEN
106,0.997,lying,lying,1,GREEN
106,0.997,lying,lying,1,GREEN
106,0.997,lying,lying,1,GREEN
106,0.997,lying,lying,1,GREEN
106,0.997,lying,lying,1,GREEN
106,0.997,lying,lying,1,GREEN
106,0.997,lying,lying,1,GREEN
106,0.997,lying,lying,1,GREEN
106,0.997,lying,lying,1,GREEN
106,0.997,lying,lying,1,GREEN
106,0.997,lying,lying,1,GREEN
106,0.997,lying,lying,1,GREEN
106,0.997,lying,lying,1,GREEN
106,0.997,lying,lying,1,GREEN
106,0.997,lying,lying,1,GREEN
106,0.997,lying,lying,1,GREEN
106,0.997,lying,lying,1,GREEN
106,0.997,lying,lying,1,GREEN
106,0.997,lying,lying,1,GREEN
106,0.997,lying,lying,1,GREEN
106,0.997,lying,lying,1,GREEN
106,0.997,lying,lying,1,GREEN
106,0.997,lying,lying,1,GREEN
106,0.997,lying,lying,1,GREEN
106,0.9985,lying,lying,1,GREEN
106,0.997,lying,lying,1,GREEN
106,0.997,lying,lying,1,GREEN
106,0.997,lying,lying,1,GREEN
106,0.997,lying,lying,1,GREEN
106,0.997,lying,lying,1,GREEN
106,0.997,lying,lying,1,GREEN
106,0.997,lying,lying,1,GREEN
106,0.997,lying,lying,1,GREEN
106,0.997,lying,lying,1,GREEN
106,0.997,lying,lying,1,GREEN
106,0.997,lying,lying,1,GREEN
106,0.997,lying,lying,1,GREEN
106,0.997,lying,lying,1,GREEN
106,0.997,lying,lying,1,GREEN
106,0.997,lying,lying,1,GREEN
106,0.997,lying,lying,1,GREEN
106,0.997,lying,lying,1,GREEN
106,0.9955,lying,lying,1,GREEN
106,0.997,lying,lying,1,GREEN
106,0.997,lying,lying,1,GREEN
106,0.997,lying,lying,1,GREEN
106,0.997,lying,lying,1,GREEN
106,0.997,lying,lying,1,GREEN
106,0.997,lying,lying,1,GREEN
106,0.997,lying,lying,1,GREEN
106,0.997,lying,lying,1,GREEN
106,0.997,lying,lying,1,GREEN
106,0.997,lying,lying,1,GREEN
106,0.997,lying,lying,1,GREEN
106,0.9926,lying,lying,1,GREEN
106,0.997,lying,lying,1,GREEN
106,0.997,lying,lying,1,GREEN
106,0.997,lying,lying,1,GREEN
106,0.997,lying,lying,1,GREEN
106,0.997,lying,lying,1,GREEN
106,0.997,lying,lying,1,GREEN
106,0.9926,lying,lying,1,GREEN
106,0.997,lying,lying,1,GREEN
106,0.997,lying,lying,1,GREEN
106,0.997,lying,lying,1,GREEN
106,0.997,lying,lying,1,GREEN
106,0.997,lying,lying,1,GREEN
106,0.997,lying,lying,1,GREEN
106,0.997,lying,lying,1,GREEN
106,0.997,lying,lying,1,GREEN
106,0.997,lying,lying,1,GREEN
106,0.997,lying,lying,1,GREEN
106,0.997,lying,lying,1,GREEN
106,0.997,lying,lying,1,GREEN
106,0.997,lying,lying,1,GREEN
106,0.997,lying,lying,1,GREEN
106,0.997,lying,lying,1,GREEN
106,0.997,lying,lying,1,GREEN
106,0.997,lying,lying,1,GREEN
106,0.9985,lying,lying,1,GREEN
106,0.997,lying,lying,1,GREEN
106,0.997,lying,lying,1,GREEN
106,0.997,lying,lying,1,GREEN
106,0.997,lying,lying,1,GREEN
106,0.997,lying,lying,1,GREEN
106,0.997,lying,lying,1,GREEN
106,0.997,lying,lying,1,GREEN
106,0.997,lying,lying,1,GREEN
106,0.997,lying,lying,1,GREEN
106,0.997,lying,lying,1,GREEN
106,0.997,lying,lying,1,GREEN
106,0.997,lying,lying,1,GREEN
106,0.997,lying,lying,1,GREEN
106,0.997,lying,lying,1,GREEN
106,0.997,lying,lying,1,GREEN
106,0.997,lying,lying,1,GREEN
106,0.997,lying,lying,1,GREEN
106,0.997,lying,lying,1,GREEN
106,0.997,lying,lying,1,GREEN
106,0.9985,lying,lying,1,GREEN
106,0.997,lying,lying,1,GREEN
106,0.9941,lying,lying,1,GREEN
106,0.9926,lying,lying,1,GREEN
106,0.997,lying,lying,1,GREEN
106,0.997,lying,lying,1,GREEN
106,0.997,lying,lying,1,GREEN
106,0.997,lying,lying,1,GREEN
106,0.997,lying,lying,1,GREEN
106,0.997,lying,lying,1,GREEN
106,0.997,lying,lying,1,GREEN
106,0.997,lying,lying,1,GREEN
106,0.997,lying,lying,1,GREEN
106,0.997,lying,lying,1,GREEN
106,0.997,lying,lying,1,GREEN
106,0.997,lying,lying,1,GREEN
106,0.997,lying,lying,1,GREEN
106,0.997,lying,lying,1,GREEN
106,0.997,lying,lying,1,GREEN
106,0.9985,lying,lying,1,GREEN
106,0.9985,lying,lying,1,GREEN
106,0.997,lying,lying,1,GREEN
106,0.997,lying,lying,1,GREEN
106,0.997,lying,lying,1,GREEN
106,0.997,lying,lying,1,GREEN
106,0.997,lying,lying,1,GREEN
106,0.997,lying,lying,1,GREEN
106,0.9941,lying,lying,1,GREEN
106,0.9926,lying,lying,1,GREEN
106,0.997,lying,lying,1,GREEN
106,0.997,lying,lying,1,GREEN
106,0.997,lying,lying,1,GREEN
106,0.997,lying,lying,1,GREEN
106,0.997,lying,lying,1,GREEN
106,0.997,lying,lying,1,GREEN
106,0.997,lying,lying,1,GREEN
106,0.997,lying,lying,1,GREEN
106,0.997,lying,lying,1,GREEN
106,0.997,lying,lying,1,GREEN
106,0.997,lying,lying,1,GREEN
106,0.997,lying,lying,1,GREEN
106,0.9926,lying,lying,1,GREEN
106,0.997,lying,lying,1,GREEN
106,0.997,lying,lying,1,GREEN
106,0.997,lying,lying,1,GREEN
106,0.997,lying,lying,1,GREEN
106,0.997,lying,lying,1,GREEN
106,0.997,lying,lying,1,GREEN
106,0.997,lying,lying,1,GREEN
106,0.997,lying,lying,1,GREEN
106,0.997,lying,lying,1,GREEN
106,0.997,lying,lying,1,GREEN
106,0.9985,lying,lying,1,GREEN
106,0.9955,lying,lying,1,GREEN
106,0.997,lying,lying,1,GREEN
106,0.997,lying,lying,1,GREEN
106,0.997,lying,lying,1,GREEN
106,0.997,lying,lying,1,GREEN
106,0.997,lying,lying,1,GREEN
106,0.997,lying,lying,1,GREEN
106,0.997,lying,lying,1,GREEN
106,0.997,lying,lying,1,GREEN
106,0.997,lying,lying,1,GREEN
106,0.997,lying,lying,1,GREEN
106,0.997,lying,lying,1,GREEN
106,0.997,lying,lying,1,GREEN
106,0.997,lying,lying,1,GREEN
106,0.997,lying,lying,1,GREEN
106,0.997,lying,lying,1,GREEN
106,0.9985,lying,lying,1,GREEN
106,0.9985,lying,lying,1,GREEN
106,0.9985,lying,lying,1,GREEN
106,0.997,lying,lying,1,GREEN
106,0.997,lying,lying,1,GREEN
106,0.997,lying,lying,1,GREEN
106,0.9985,lying,lying,1,GREEN
106,0.9941,lying,lying,1,GREEN
106,0.997,lying,lying,1,GREEN
106,0.9985,lying,lying,1,GREEN
106,0.9985,lying,lying,1,GREEN
106,0.997,lying,lying,1,GREEN
106,0.997,lying,lying,1,GREEN
106,0.997,lying,lying,1,GREEN
106,0.997,lying,lying,1,GREEN
106,0.9985,lying,lying,1,GREEN
106,0.9985,lying,lying,1,GREEN
106,0.997,lying,lying,1,GREEN
106,0.9985,lying,lying,1,GREEN
106,0.997,lying,lying,1,GREEN
106,0.9985,lying,lying,1,GREEN
106,0.9985,lying,lying,1,GREEN
106,0.9985,lying,lying,1,GREEN
106,0.997,lying,lying,1,GREEN
106,0.997,lying,lying,1,GREEN
106,0.997,lying,lying,1,GREEN
106,0.997,lying,lying,1,GREEN
106,0.9985,lying,lying,1,GREEN
106,0.9985,lying,lying,1,GREEN
106,0.9985,lying,lying,1,GREEN
106,0.997,lying,lying,1,GREEN
106,0.9889,lying,lying,1,GREEN
106,0.994,lying,lying,1,GREEN
106,0.997,lying,lying,1,GREEN
106,0.9985,lying,lying,1,GREEN
106,0.9985,lying,lying,1,GREEN
106,0.9938,lying,lying,1,GREEN
106,0.9106,lying,lying,1,GREEN
106,0.8452,lying,lying,1,GREEN
106,0.7834,lying,lying,1,GREEN
106,0.7773,lying,lying,1,GREEN
106,0.607,lying,lying,1,YELLOW
106,0.5667,lying,lying,1,YELLOW
106,0.4728,vacuuming,lying,0,YELLOW
106,0.6054,lying,lying,1,YELLOW
106,0.7519,lying,lying,1,GREEN
106,0.3195,vacuuming,lying,0,RED
106,0.4734,vacuuming,lying,0,YELLOW
106,0.4444,vacuuming,lying,0,RED
106,0.3403,vacuuming,lying,0,RED
106,0.328,lying,lying,1,RED
106,0.6655,lying,lying,1,YELLOW
106,0.6473,lying,lying,1,YELLOW
106,0.6598,lying,lying,1,YELLOW
106,0.618,lying,lying,1,YELLOW
106,0.4307,sitting,sitting,1,RED
106,0.4159,sitting,sitting,1,RED
106,0.337,standing,sitting,0,RED
106,0.4045,standing,sitting,0,RED
106,0.4461,standing,sitting,0,RED
106,0.3225,standing,sitting,0,RED
106,0.3558,standing,sitting,0,RED
106,0.4113,standing,sitting,0,RED
106,0.2417,vacuuming,sitting,0,RED
106,0.3548,vacuuming,sitting,0,RED
106,0.5402,vacuuming,sitting,0,YELLOW
106,0.6101,vacuuming,sitting,0,YELLOW
106,0.2652,vacuuming,sitting,0,RED
106,0.3858,stairs_down,sitting,0,RED
106,0.5837,vacuuming,sitting,0,YELLOW
106,0.6466,vacuuming,sitting,0,YELLOW
106,0.8096,vacuuming,sitting,0,GREEN
106,0.4761,vacuuming,sitting,0,YELLOW
106,0.4221,sitting,sitting,1,RED
106,0.6033,sitting,sitting,1,YELLOW
106,0.7037,sitting,sitting,1,YELLOW
106,0.9023,sitting,sitting,1,GREEN
106,0.9439,sitting,sitting,1,GREEN
106,0.9552,sitting,sitting,1,GREEN
106,0.9605,sitting,sitting,1,GREEN
106,0.9627,sitting,sitting,1,GREEN
106,0.9516,sitting,sitting,1,GREEN
106,0.9346,sitting,sitting,1,GREEN
106,0.9308,sitting,sitting,1,GREEN
106,0.9534,sitting,sitting,1,GREEN
106,0.9534,sitting,sitting,1,GREEN
106,0.9275,sitting,sitting,1,GREEN
106,0.968,sitting,sitting,1,GREEN
106,0.9755,sitting,sitting,1,GREEN
106,0.9726,sitting,sitting,1,GREEN
106,0.973,sitting,sitting,1,GREEN
106,0.9412,sitting,sitting,1,GREEN
106,0.972,sitting,sitting,1,GREEN
106,0.9829,sitting,sitting,1,GREEN
106,0.982,sitting,sitting,1,GREEN
106,0.982,sitting,sitting,1,GREEN
106,0.9819,sitting,sitting,1,GREEN
106,0.9805,sitting,sitting,1,GREEN
106,0.9781,sitting,sitting,1,GREEN
106,0.947,sitting,sitting,1,GREEN
106,0.9462,sitting,sitting,1,GREEN
106,0.9847,sitting,sitting,1,GREEN
106,0.982,sitting,sitting,1,GREEN
106,0.976,sitting,sitting,1,GREEN
106,0.9761,sitting,sitting,1,GREEN
106,0.9835,sitting,sitting,1,GREEN
106,0.9775,sitting,sitting,1,GREEN
106,0.9731,sitting,sitting,1,GREEN
106,0.9715,sitting,sitting,1,GREEN
106,0.9725,sitting,sitting,1,GREEN
106,0.9686,sitting,sitting,1,GREEN
106,0.9721,sitting,sitting,1,GREEN
106,0.9735,sitting,sitting,1,GREEN
106,0.976,sitting,sitting,1,GREEN
106,0.9817,sitting,sitting,1,GREEN
106,0.9788,sitting,sitting,1,GREEN
106,0.9804,sitting,sitting,1,GREEN
106,0.9797,sitting,sitting,1,GREEN
106,0.9459,sitting,sitting,1,GREEN
106,0.9805,sitting,sitting,1,GREEN
106,0.982,sitting,sitting,1,GREEN
106,0.931,sitting,sitting,1,GREEN
106,0.8524,sitting,sitting,1,GREEN
106,0.6812,sitting,sitting,1,YELLOW
106,0.718,sitting,sitting,1,YELLOW
106,0.8744,sitting,sitting,1,GREEN
106,0.9601,sitting,sitting,1,GREEN
106,0.9641,sitting,sitting,1,GREEN
106,0.902,sitting,sitting,1,GREEN
106,0.88,sitting,sitting,1,GREEN
106,0.8943,sitting,sitting,1,GREEN
106,0.8777,sitting,sitting,1,GREEN
106,0.8996,sitting,sitting,1,GREEN
106,0.9603,sitting,sitting,1,GREEN
106,0.9752,sitting,sitting,1,GREEN
106,0.9736,sitting,sitting,1,GREEN
106,0.9772,sitting,sitting,1,GREEN
106,0.9816,sitting,sitting,1,GREEN
106,0.9809,sitting,sitting,1,GREEN
106,0.9811,sitting,sitting,1,GREEN
106,0.98,sitting,sitting,1,GREEN
106,0.9799,sitting,sitting,1,GREEN
106,0.9728,sitting,sitting,1,GREEN
106,0.9705,sitting,sitting,1,GREEN
106,0.9683,sitting,sitting,1,GREEN
106,0.9692,sitting,sitting,1,GREEN
106,0.9556,sitting,sitting,1,GREEN
106,0.9492,sitting,sitting,1,GREEN
106,0.9615,sitting,sitting,1,GREEN
106,0.9615,sitting,sitting,1,GREEN
106,0.9554,sitting,sitting,1,GREEN
106,0.9603,sitting,sitting,1,GREEN
106,0.9634,sitting,sitting,1,GREEN
106,0.962,sitting,sitting,1,GREEN
106,0.9616,sitting,sitting,1,GREEN
106,0.9545,sitting,sitting,1,GREEN
106,0.9563,sitting,sitting,1,GREEN
106,0.9612,sitting,sitting,1,GREEN
106,0.9624,sitting,sitting,1,GREEN
106,0.9646,sitting,sitting,1,GREEN
106,0.9656,sitting,sitting,1,GREEN
106,0.9656,sitting,sitting,1,GREEN
106,0.9649,sitting,sitting,1,GREEN
106,0.9625,sitting,sitting,1,GREEN
106,0.9614,sitting,sitting,1,GREEN
106,0.9615,sitting,sitting,1,GREEN
106,0.958,sitting,sitting,1,GREEN
106,0.9591,sitting,sitting,1,GREEN
106,0.9573,sitting,sitting,1,GREEN
106,0.9633,sitting,sitting,1,GREEN
106,0.9631,sitting,sitting,1,GREEN
106,0.9655,sitting,sitting,1,GREEN
106,0.9614,sitting,sitting,1,GREEN
106,0.9608,sitting,sitting,1,GREEN
106,0.9653,sitting,sitting,1,GREEN
106,0.9584,sitting,sitting,1,GREEN
106,0.9547,sitting,sitting,1,GREEN
106,0.9569,sitting,sitting,1,GREEN
106,0.9645,sitting,sitting,1,GREEN
106,0.9645,sitting,sitting,1,GREEN
106,0.9643,sitting,sitting,1,GREEN
106,0.9674,sitting,sitting,1,GREEN
106,0.9664,sitting,sitting,1,GREEN
106,0.9605,sitting,sitting,1,GREEN
106,0.9561,sitting,sitting,1,GREEN
106,0.9616,sitting,sitting,1,GREEN
106,0.9632,sitting,sitting,1,GREEN
106,0.9367,sitting,sitting,1,GREEN
106,0.9635,sitting,sitting,1,GREEN
106,0.9573,sitting,sitting,1,GREEN
106,0.9513,sitting,sitting,1,GREEN
106,0.9327,sitting,sitting,1,GREEN
106,0.9212,sitting,sitting,1,GREEN
106,0.931,sitting,sitting,1,GREEN
106,0.922,sitting,sitting,1,GREEN
106,0.8793,sitting,sitting,1,GREEN
106,0.9083,sitting,sitting,1,GREEN
106,0.887,sitting,sitting,1,GREEN
106,0.9323,sitting,sitting,1,GREEN
106,0.8997,sitting,sitting,1,GREEN
106,0.8573,sitting,sitting,1,GREEN
106,0.9323,sitting,sitting,1,GREEN
106,0.9539,sitting,sitting,1,GREEN
106,0.9465,sitting,sitting,1,GREEN
106,0.9016,sitting,sitting,1,GREEN
106,0.8483,sitting,sitting,1,GREEN
106,0.8392,sitting,sitting,1,GREEN
106,0.8139,sitting,sitting,1,GREEN
106,0.8446,sitting,sitting,1,GREEN
106,0.8399,sitting,sitting,1,GREEN
106,0.9024,sitting,sitting,1,GREEN
106,0.7326,sitting,sitting,1,YELLOW
106,0.7111,sitting,sitting,1,YELLOW
106,0.7502,sitting,sitting,1,GREEN
106,0.8691,sitting,sitting,1,GREEN
106,0.9188,sitting,sitting,1,GREEN
106,0.9661,sitting,sitting,1,GREEN
106,0.8384,sitting,sitting,1,GREEN
106,0.714,sitting,sitting,1,YELLOW
106,0.6392,sitting,sitting,1,YELLOW
106,0.7691,sitting,sitting,1,GREEN
106,0.7876,sitting,sitting,1,GREEN
106,0.7901,sitting,sitting,1,GREEN
106,0.8695,sitting,sitting,1,GREEN
106,0.9326,sitting,sitting,1,GREEN
106,0.9813,sitting,sitting,1,GREEN
106,0.9818,sitting,sitting,1,GREEN
106,0.9823,sitting,sitting,1,GREEN
106,0.9835,sitting,sitting,1,GREEN
106,0.9873,sitting,sitting,1,GREEN
106,0.992,sitting,sitting,1,GREEN
106,0.9891,sitting,sitting,1,GREEN
106,0.9755,sitting,sitting,1,GREEN
106,0.9753,sitting,sitting,1,GREEN
106,0.9811,sitting,sitting,1,GREEN
106,0.9811,sitting,sitting,1,GREEN
106,0.9761,sitting,sitting,1,GREEN
106,0.9756,sitting,sitting,1,GREEN
106,0.9854,sitting,sitting,1,GREEN
106,0.9852,sitting,sitting,1,GREEN
106,0.9888,sitting,sitting,1,GREEN
106,0.9878,sitting,sitting,1,GREEN
106,0.9878,sitting,sitting,1,GREEN
106,0.9877,sitting,sitting,1,GREEN
106,0.9863,sitting,sitting,1,GREEN
106,0.9832,sitting,sitting,1,GREEN
106,0.9863,sitting,sitting,1,GREEN
106,0.9876,sitting,sitting,1,GREEN
106,0.9567,sitting,sitting,1,GREEN
106,0.9878,sitting,sitting,1,GREEN
106,0.9879,sitting,sitting,1,GREEN
106,0.9878,sitting,sitting,1,GREEN
106,0.9878,sitting,sitting,1,GREEN
106,0.986,sitting,sitting,1,GREEN
106,0.9848,sitting,sitting,1,GREEN
106,0.9777,sitting,sitting,1,GREEN
106,0.9132,sitting,sitting,1,GREEN
106,0.8708,sitting,sitting,1,GREEN
106,0.8639,sitting,sitting,1,GREEN
106,0.8201,sitting,sitting,1,GREEN
106,0.7996,sitting,sitting,1,GREEN
106,0.8907,sitting,sitting,1,GREEN
106,0.953,sitting,sitting,1,GREEN
106,0.9693,sitting,sitting,1,GREEN
106,0.9558,sitting,sitting,1,GREEN
106,0.9335,sitting,sitting,1,GREEN
106,0.9508,sitting,sitting,1,GREEN
106,0.8524,sitting,sitting,1,GREEN
106,0.7768,sitting,sitting,1,GREEN
106,0.9009,sitting,sitting,1,GREEN
106,0.9402,sitting,sitting,1,GREEN
106,0.9631,sitting,sitting,1,GREEN
106,0.9578,sitting,sitting,1,GREEN
106,0.939,sitting,sitting,1,GREEN
106,0.9624,sitting,sitting,1,GREEN
106,0.9649,sitting,sitting,1,GREEN
106,0.963,sitting,sitting,1,GREEN
106,0.9695,sitting,sitting,1,GREEN
106,0.9626,sitting,sitting,1,GREEN
106,0.9638,sitting,sitting,1,GREEN
106,0.9769,sitting,sitting,1,GREEN
106,0.9677,sitting,sitting,1,GREEN
106,0.9678,sitting,sitting,1,GREEN
106,0.9677,sitting,sitting,1,GREEN
106,0.953,sitting,sitting,1,GREEN
106,0.9644,sitting,sitting,1,GREEN
106,0.9737,sitting,sitting,1,GREEN
106,0.9704,sitting,sitting,1,GREEN
106,0.9101,sitting,sitting,1,GREEN
106,0.9547,sitting,sitting,1,GREEN
106,0.9734,sitting,sitting,1,GREEN
106,0.9722,sitting,sitting,1,GREEN
106,0.9672,sitting,sitting,1,GREEN
106,0.9651,sitting,sitting,1,GREEN
106,0.9774,sitting,sitting,1,GREEN
106,0.9794,sitting,sitting,1,GREEN
106,0.9811,sitting,sitting,1,GREEN
106,0.9799,sitting,sitting,1,GREEN
106,0.9782,sitting,sitting,1,GREEN
106,0.9762,sitting,sitting,1,GREEN
106,0.9809,sitting,sitting,1,GREEN
106,0.9833,sitting,sitting,1,GREEN
106,0.9815,sitting,sitting,1,GREEN
106,0.9643,sitting,sitting,1,GREEN
106,0.9638,sitting,sitting,1,GREEN
106,0.9586,sitting,sitting,1,GREEN
106,0.9574,sitting,sitting,1,GREEN
106,0.9706,sitting,sitting,1,GREEN
106,0.9619,sitting,sitting,1,GREEN
106,0.9596,sitting,sitting,1,GREEN
106,0.9652,sitting,sitting,1,GREEN
106,0.965,sitting,sitting,1,GREEN
106,0.9707,sitting,sitting,1,GREEN
106,0.9826,sitting,sitting,1,GREEN
106,0.9788,sitting,sitting,1,GREEN
106,0.9455,sitting,sitting,1,GREEN
106,0.9804,sitting,sitting,1,GREEN
106,0.9829,sitting,sitting,1,GREEN
106,0.9508,sitting,sitting,1,GREEN
106,0.9829,sitting,sitting,1,GREEN
106,0.9845,sitting,sitting,1,GREEN
106,0.9819,sitting,sitting,1,GREEN
106,0.9794,sitting,sitting,1,GREEN
106,0.9445,sitting,sitting,1,GREEN
106,0.9749,sitting,sitting,1,GREEN
106,0.9722,sitting,sitting,1,GREEN
106,0.936,sitting,sitting,1,GREEN
106,0.9223,sitting,sitting,1,GREEN
106,0.881,sitting,sitting,1,GREEN
106,0.8564,sitting,sitting,1,GREEN
106,0.8992,sitting,sitting,1,GREEN
106,0.7549,sitting,sitting,1,GREEN
106,0.5744,sitting,sitting,1,YELLOW
106,0.6891,sitting,sitting,1,YELLOW
106,0.8004,sitting,sitting,1,GREEN
106,0.8493,sitting,sitting,1,GREEN
106,0.9388,sitting,sitting,1,GREEN
106,0.9508,sitting,sitting,1,GREEN
106,0.9219,sitting,sitting,1,GREEN
106,0.9586,sitting,sitting,1,GREEN
106,0.9273,sitting,sitting,1,GREEN
106,0.8981,sitting,sitting,1,GREEN
106,0.9589,sitting,sitting,1,GREEN
106,0.9583,sitting,sitting,1,GREEN
106,0.9261,sitting,sitting,1,GREEN
106,0.9585,sitting,sitting,1,GREEN
106,0.9527,sitting,sitting,1,GREEN
106,0.9548,sitting,sitting,1,GREEN
106,0.956,sitting,sitting,1,GREEN
106,0.9564,sitting,sitting,1,GREEN
106,0.9491,sitting,sitting,1,GREEN
106,0.9395,sitting,sitting,1,GREEN
106,0.906,sitting,sitting,1,GREEN
106,0.799,sitting,sitting,1,GREEN
106,0.798,sitting,sitting,1,GREEN
106,0.8323,sitting,sitting,1,GREEN
106,0.891,sitting,sitting,1,GREEN
106,0.8941,sitting,sitting,1,GREEN
106,0.8743,sitting,sitting,1,GREEN
106,0.9481,sitting,sitting,1,GREEN
106,0.9535,sitting,sitting,1,GREEN
106,0.9614,sitting,sitting,1,GREEN
106,0.9543,sitting,sitting,1,GREEN
106,0.9531,sitting,sitting,1,GREEN
106,0.9584,sitting,sitting,1,GREEN
106,0.9611,sitting,sitting,1,GREEN
106,0.9281,sitting,sitting,1,GREEN
106,0.9266,sitting,sitting,1,GREEN
106,0.961,sitting,sitting,1,GREEN
106,0.8647,sitting,sitting,1,GREEN
106,0.9281,sitting,sitting,1,GREEN
106,0.96,sitting,sitting,1,GREEN
106,0.9606,sitting,sitting,1,GREEN
106,0.922,sitting,sitting,1,GREEN
106,0.9506,sitting,sitting,1,GREEN
106,0.9207,sitting,sitting,1,GREEN
106,0.9271,sitting,sitting,1,GREEN
106,0.9588,sitting,sitting,1,GREEN
106,0.9566,sitting,sitting,1,GREEN
106,0.8988,sitting,sitting,1,GREEN
106,0.9335,sitting,sitting,1,GREEN
106,0.9295,sitting,sitting,1,GREEN
106,0.9287,sitting,sitting,1,GREEN
106,0.9555,sitting,sitting,1,GREEN
106,0.9544,sitting,sitting,1,GREEN
106,0.9232,sitting,sitting,1,GREEN
106,0.9106,sitting,sitting,1,GREEN
106,0.9382,sitting,sitting,1,GREEN
106,0.9533,sitting,sitting,1,GREEN
106,0.969,sitting,sitting,1,GREEN
106,0.9652,sitting,sitting,1,GREEN
106,0.9561,sitting,sitting,1,GREEN
106,0.9474,sitting,sitting,1,GREEN
106,0.9585,sitting,sitting,1,GREEN
106,0.9644,sitting,sitting,1,GREEN
106,0.957,sitting,sitting,1,GREEN
106,0.9479,sitting,sitting,1,GREEN
106,0.872,sitting,sitting,1,GREEN
106,0.9096,sitting,sitting,1,GREEN
106,0.9314,sitting,sitting,1,GREEN
106,0.9276,sitting,sitting,1,GREEN
106,0.9416,sitting,sitting,1,GREEN
106,0.9429,sitting,sitting,1,GREEN
106,0.9209,sitting,sitting,1,GREEN
106,0.9254,sitting,sitting,1,GREEN
106,0.931,sitting,sitting,1,GREEN
106,0.93,sitting,sitting,1,GREEN
106,0.9548,sitting,sitting,1,GREEN
106,0.9442,sitting,sitting,1,GREEN
106,0.9333,sitting,sitting,1,GREEN
106,0.9336,sitting,sitting,1,GREEN
106,0.9379,sitting,sitting,1,GREEN
106,0.8731,sitting,sitting,1,GREEN
106,0.9303,sitting,sitting,1,GREEN
106,0.8797,sitting,sitting,1,GREEN
106,0.9371,sitting,sitting,1,GREEN
106,0.9137,sitting,sitting,1,GREEN
106,0.8981,sitting,sitting,1,GREEN
106,0.6442,sitting,sitting,1,YELLOW
106,0.7296,sitting,sitting,1,YELLOW
106,0.7407,sitting,sitting,1,YELLOW
106,0.761,sitting,sitting,1,GREEN
106,0.7295,sitting,sitting,1,YELLOW
106,0.5445,sitting,sitting,1,YELLOW
106,0.5968,sitting,sitting,1,YELLOW
106,0.5892,sitting,sitting,1,YELLOW
106,0.7044,sitting,sitting,1,YELLOW
106,0.7463,sitting,sitting,1,YELLOW
106,0.7328,sitting,sitting,1,YELLOW
106,0.7143,sitting,sitting,1,YELLOW
106,0.7616,sitting,sitting,1,GREEN
106,0.764,sitting,sitting,1,GREEN
106,0.7548,sitting,sitting,1,GREEN
106,0.7575,sitting,sitting,1,GREEN
106,0.7544,sitting,sitting,1,GREEN
106,0.7591,sitting,sitting,1,GREEN
106,0.7589,sitting,sitting,1,GREEN
106,0.7508,sitting,sitting,1,GREEN
106,0.7563,sitting,sitting,1,GREEN
106,0.7489,sitting,sitting,1,YELLOW
106,0.7054,sitting,sitting,1,YELLOW
106,0.736,sitting,sitting,1,YELLOW
106,0.7498,sitting,sitting,1,YELLOW
106,0.7032,sitting,sitting,1,YELLOW
106,0.7288,sitting,sitting,1,YELLOW
106,0.704,sitting,sitting,1,YELLOW
106,0.7516,sitting,sitting,1,GREEN
106,0.7625,sitting,sitting,1,GREEN
106,0.7543,sitting,sitting,1,GREEN
106,0.7508,sitting,sitting,1,GREEN
106,0.7439,sitting,sitting,1,YELLOW
106,0.7567,sitting,sitting,1,GREEN
106,0.6412,sitting,sitting,1,YELLOW
106,0.7094,sitting,sitting,1,YELLOW
106,0.7574,sitting,sitting,1,GREEN
106,0.751,sitting,sitting,1,GREEN
106,0.7562,sitting,sitting,1,GREEN
106,0.7516,sitting,sitting,1,GREEN
106,0.7499,sitting,sitting,1,YELLOW
106,0.7517,sitting,sitting,1,GREEN
106,0.7604,sitting,sitting,1,GREEN
106,0.7604,sitting,sitting,1,GREEN
106,0.7028,sitting,sitting,1,YELLOW
106,0.7519,sitting,sitting,1,GREEN
106,0.7445,sitting,sitting,1,YELLOW
106,0.7414,sitting,sitting,1,YELLOW
106,0.7616,sitting,sitting,1,GREEN
106,0.7786,sitting,sitting,1,GREEN
106,0.7893,sitting,sitting,1,GREEN
106,0.8167,sitting,sitting,1,GREEN
106,0.7981,sitting,sitting,1,GREEN
106,0.682,sitting,sitting,1,YELLOW
106,0.8212,sitting,sitting,1,GREEN
106,0.8752,sitting,sitting,1,GREEN
106,0.7151,sitting,sitting,1,YELLOW
106,0.8298,sitting,sitting,1,GREEN
106,0.8401,sitting,sitting,1,GREEN
106,0.9059,sitting,sitting,1,GREEN
106,0.8656,sitting,sitting,1,GREEN
106,0.8559,sitting,sitting,1,GREEN
106,0.8708,sitting,sitting,1,GREEN
106,0.8773,sitting,sitting,1,GREEN
106,0.8487,sitting,sitting,1,GREEN
106,0.882,sitting,sitting,1,GREEN
106,0.8779,sitting,sitting,1,GREEN
106,0.8694,sitting,sitting,1,GREEN
106,0.7803,sitting,sitting,1,GREEN
106,0.7551,sitting,sitting,1,GREEN
106,0.8693,sitting,sitting,1,GREEN
106,0.8588,sitting,sitting,1,GREEN
106,0.8653,sitting,sitting,1,GREEN
106,0.8453,sitting,sitting,1,GREEN
106,0.8648,sitting,sitting,1,GREEN
106,0.6815,sitting,sitting,1,YELLOW
106,0.7168,sitting,sitting,1,YELLOW
106,0.7131,sitting,sitting,1,YELLOW
106,0.7781,sitting,sitting,1,GREEN
106,0.7938,sitting,sitting,1,GREEN
106,0.7831,sitting,sitting,1,GREEN
106,0.751,sitting,sitting,1,GREEN
106,0.5213,sitting,sitting,1,YELLOW
106,0.4217,vacuuming,sitting,0,RED
106,0.3637,vacuuming,sitting,0,RED
106,0.3716,standing,sitting,0,RED
106,0.7272,standing,sitting,0,YELLOW
106,0.7106,standing,sitting,0,YELLOW
106,0.4195,standing,sitting,0,RED
106,0.3699,standing,sitting,0,RED
106,0.5494,standing,sitting,0,YELLOW
106,0.5082,standing,standing,1,YELLOW
106,0.3797,standing,standing,1,RED
106,0.5916,standing,standing,1,YELLOW
106,0.4177,standing,standing,1,RED
106,0.491,standing,standing,1,YELLOW
106,0.5566,standing,standing,1,YELLOW
106,0.5219,standing,standing,1,YELLOW
106,0.4947,standing,standing,1,YELLOW
106,0.6351,standing,standing,1,YELLOW
106,0.4683,standing,standing,1,YELLOW
106,0.4835,standing,standing,1,YELLOW
106,0.7116,standing,standing,1,YELLOW
106,0.512,standing,standing,1,YELLOW
106,0.5663,standing,standing,1,YELLOW
106,0.6256,standing,standing,1,YELLOW
106,0.6057,standing,standing,1,YELLOW
106,0.5828,standing,standing,1,YELLOW
106,0.5119,standing,standing,1,YELLOW
106,0.5413,standing,standing,1,YELLOW
106,0.5909,standing,standing,1,YELLOW
106,0.5737,standing,standing,1,YELLOW
106,0.6035,standing,standing,1,YELLOW
106,0.6771,standing,standing,1,YELLOW
106,0.5969,standing,standing,1,YELLOW
106,0.4297,standing,standing,1,RED
106,0.2696,standing,standing,1,RED
106,0.2935,standing,standing,1,RED
106,0.6194,standing,standing,1,YELLOW
106,0.7364,standing,standing,1,YELLOW
106,0.567,standing,standing,1,YELLOW
106,0.4863,vacuuming,standing,0,YELLOW
106,0.6066,vacuuming,standing,0,YELLOW
106,0.4947,standing,standing,1,YELLOW
106,0.3435,vacuuming,standing,0,RED
106,0.3846,standing,standing,1,RED
106,0.3986,standing,standing,1,RED
106,0.6007,standing,standing,1,YELLOW
106,0.6817,standing,standing,1,YELLOW
106,0.6287,standing,standing,1,YELLOW
106,0.6754,standing,standing,1,YELLOW
106,0.6617,standing,standing,1,YELLOW
106,0.7247,standing,standing,1,YELLOW
106,0.6364,standing,standing,1,YELLOW
106,0.6957,standing,standing,1,YELLOW
106,0.6925,standing,standing,1,YELLOW
106,0.7498,standing,standing,1,YELLOW
106,0.7253,standing,standing,1,YELLOW
106,0.6845,standing,standing,1,YELLOW
106,0.6335,standing,standing,1,YELLOW
106,0.6103,standing,standing,1,YELLOW
106,0.6791,standing,standing,1,YELLOW
106,0.6132,standing,standing,1,YELLOW
106,0.57,standing,standing,1,YELLOW
106,0.6489,standing,standing,1,YELLOW
106,0.4449,standing,standing,1,RED
106,0.559,standing,standing,1,YELLOW
106,0.601,standing,standing,1,YELLOW
106,0.5036,standing,standing,1,YELLOW
106,0.7287,standing,standing,1,YELLOW
106,0.8914,standing,standing,1,GREEN
106,0.8341,standing,standing,1,GREEN
106,0.8009,standing,standing,1,GREEN
106,0.7374,standing,standing,1,YELLOW
106,0.7446,standing,standing,1,YELLOW
106,0.7598,standing,standing,1,GREEN
106,0.7521,standing,standing,1,GREEN
106,0.7697,standing,standing,1,GREEN
106,0.7649,standing,standing,1,GREEN
106,0.7762,standing,standing,1,GREEN
106,0.7758,standing,standing,1,GREEN
106,0.7129,standing,standing,1,YELLOW
106,0.7137,standing,standing,1,YELLOW
106,0.7229,standing,standing,1,YELLOW
106,0.7684,standing,standing,1,GREEN
106,0.8264,standing,standing,1,GREEN
106,0.8737,standing,standing,1,GREEN
106,0.887,standing,standing,1,GREEN
106,0.843,standing,standing,1,GREEN
106,0.7544,standing,standing,1,GREEN
106,0.6988,standing,standing,1,YELLOW
106,0.7385,standing,standing,1,YELLOW
106,0.7464,standing,standing,1,YELLOW
106,0.7209,standing,standing,1,YELLOW
106,0.7267,standing,standing,1,YELLOW
106,0.6752,standing,standing,1,YELLOW
106,0.6928,standing,standing,1,YELLOW
106,0.7344,standing,standing,1,YELLOW
106,0.6955,standing,standing,1,YELLOW
106,0.6897,standing,standing,1,YELLOW
106,0.7136,standing,standing,1,YELLOW
106,0.7246,standing,standing,1,YELLOW
106,0.7223,standing,standing,1,YELLOW
106,0.7211,standing,standing,1,YELLOW
106,0.6955,standing,standing,1,YELLOW
106,0.6663,standing,standing,1,YELLOW
106,0.6542,standing,standing,1,YELLOW
106,0.6854,standing,standing,1,YELLOW
106,0.7416,standing,standing,1,YELLOW
106,0.7397,standing,standing,1,YELLOW
106,0.7483,standing,standing,1,YELLOW
106,0.7526,standing,standing,1,GREEN
106,0.7299,standing,standing,1,YELLOW
106,0.7193,standing,standing,1,YELLOW
106,0.7558,standing,standing,1,GREEN
106,0.7507,standing,standing,1,GREEN
106,0.7521,standing,standing,1,GREEN
106,0.7077,standing,standing,1,YELLOW
106,0.7057,standing,standing,1,YELLOW
106,0.713,standing,standing,1,YELLOW
106,0.7196,standing,standing,1,YELLOW
106,0.7115,standing,standing,1,YELLOW
106,0.67,standing,standing,1,YELLOW
106,0.7094,standing,standing,1,YELLOW
106,0.6739,standing,standing,1,YELLOW
106,0.6751,standing,standing,1,YELLOW
106,0.7098,standing,standing,1,YELLOW
106,0.6395,standing,standing,1,YELLOW
106,0.6274,standing,standing,1,YELLOW
106,0.6932,standing,standing,1,YELLOW
106,0.5974,standing,standing,1,YELLOW
106,0.6224,standing,standing,1,YELLOW
106,0.6825,standing,standing,1,YELLOW
106,0.5868,standing,standing,1,YELLOW
106,0.6335,standing,standing,1,YELLOW
106,0.705,standing,standing,1,YELLOW
106,0.6936,standing,standing,1,YELLOW
106,0.6883,standing,standing,1,YELLOW
106,0.7029,standing,standing,1,YELLOW
106,0.7049,standing,standing,1,YELLOW
106,0.6424,standing,standing,1,YELLOW
106,0.7409,standing,standing,1,YELLOW
106,0.7089,standing,standing,1,YELLOW
106,0.7051,standing,standing,1,YELLOW
106,0.7101,standing,standing,1,YELLOW
106,0.6754,standing,standing,1,YELLOW
106,0.6713,standing,standing,1,YELLOW
106,0.6756,standing,standing,1,YELLOW
106,0.7004,standing,standing,1,YELLOW
106,0.6688,standing,standing,1,YELLOW
106,0.7262,standing,standing,1,YELLOW
106,0.7854,standing,standing,1,GREEN
106,0.717,standing,standing,1,YELLOW
106,0.3736,standing,standing,1,RED
106,0.3154,standing,standing,1,RED
106,0.401,vacuuming,standing,0,RED
106,0.4812,ironing,standing,0,YELLOW
106,0.4664,ironing,standing,0,YELLOW
106,0.7423,ironing,standing,0,YELLOW
106,0.917,ironing,standing,0,GREEN
106,0.8023,ironing,standing,0,GREEN
106,0.6453,ironing,standing,0,YELLOW
106,0.5522,ironing,standing,0,YELLOW
106,0.416,ironing,standing,0,RED
106,0.5497,ironing,standing,0,YELLOW
106,0.6456,ironing,standing,0,YELLOW
106,0.6733,ironing,standing,0,YELLOW
106,0.6223,ironing,standing,0,YELLOW
106,0.6041,ironing,standing,0,YELLOW
106,0.6314,ironing,standing,0,YELLOW
106,0.6896,ironing,standing,0,YELLOW
106,0.9335,ironing,standing,0,GREEN
106,0.94,ironing,standing,0,GREEN
106,0.6627,ironing,standing,0,YELLOW
106,0.4245,ironing,standing,0,RED
106,0.5835,standing,standing,1,YELLOW
106,0.7678,standing,standing,1,GREEN
106,0.7052,standing,standing,1,YELLOW
106,0.6111,standing,standing,1,YELLOW
106,0.6179,standing,standing,1,YELLOW
106,0.572,standing,standing,1,YELLOW
106,0.7302,standing,standing,1,YELLOW
106,0.4654,standing,standing,1,YELLOW
106,0.7977,ironing,standing,0,GREEN
106,0.8759,ironing,standing,0,GREEN
106,0.6295,ironing,standing,0,YELLOW
106,0.4426,standing,standing,1,RED
106,0.5407,standing,standing,1,YELLOW
106,0.7047,standing,standing,1,YELLOW
106,0.5775,standing,standing,1,YELLOW
106,0.6339,standing,standing,1,YELLOW
106,0.7258,standing,standing,1,YELLOW
106,0.695,standing,standing,1,YELLOW
106,0.7651,standing,standing,1,GREEN
106,0.7569,standing,standing,1,GREEN
106,0.6845,standing,standing,1,YELLOW
106,0.7232,standing,standing,1,YELLOW
106,0.749,standing,standing,1,YELLOW
106,0.7871,standing,standing,1,GREEN
106,0.7974,standing,standing,1,GREEN
106,0.7713,standing,standing,1,GREEN
106,0.7016,standing,standing,1,YELLOW
106,0.7366,standing,standing,1,YELLOW
106,0.7334,standing,standing,1,YELLOW
106,0.6881,standing,standing,1,YELLOW
106,0.7396,standing,standing,1,YELLOW
106,0.6783,standing,standing,1,YELLOW
106,0.5813,standing,standing,1,YELLOW
106,0.3484,standing,standing,1,RED
106,0.4475,standing,standing,1,RED
106,0.4634,standing,standing,1,YELLOW
106,0.6223,ironing,standing,0,YELLOW
106,0.7288,ironing,standing,0,YELLOW
106,0.445,ironing,standing,0,RED
106,0.4464,standing,standing,1,RED
106,0.4647,standing,standing,1,YELLOW
106,0.3525,standing,standing,1,RED
106,0.3711,standing,standing,1,RED
106,0.5746,standing,standing,1,YELLOW
106,0.3904,standing,standing,1,RED
106,0.3963,ironing,standing,0,RED
106,0.3903,standing,standing,1,RED
106,0.4533,standing,standing,1,YELLOW
106,0.596,standing,standing,1,YELLOW
106,0.3952,standing,standing,1,RED
106,0.6024,ironing,standing,0,YELLOW
106,0.7466,ironing,standing,0,YELLOW
106,0.6482,ironing,standing,0,YELLOW
106,0.7904,ironing,standing,0,GREEN
106,0.8297,ironing,standing,0,GREEN
106,0.869,ironing,standing,0,GREEN
106,0.6922,ironing,standing,0,YELLOW
106,0.5714,ironing,standing,0,YELLOW
106,0.5773,ironing,standing,0,YELLOW
106,0.4142,ironing,standing,0,RED
106,0.4258,standing,standing,1,RED
106,0.3732,standing,standing,1,RED
106,0.3309,standing,standing,1,RED
106,0.4325,standing,standing,1,RED
106,0.4074,standing,standing,1,RED
106,0.4915,standing,standing,1,YELLOW
106,0.5473,standing,standing,1,YELLOW
106,0.5225,standing,standing,1,YELLOW
106,0.5005,standing,standing,1,YELLOW
106,0.6779,ironing,standing,0,YELLOW
106,0.8812,ironing,standing,0,GREEN
106,0.8637,ironing,standing,0,GREEN
106,0.8513,ironing,standing,0,GREEN
106,0.8303,ironing,standing,0,GREEN
106,0.7299,ironing,standing,0,YELLOW
106,0.6935,ironing,standing,0,YELLOW
106,0.5727,standing,standing,1,YELLOW
106,0.4035,standing,standing,1,RED
106,0.3623,ironing,standing,0,RED
106,0.3771,standing,standing,1,RED
106,0.4138,standing,standing,1,RED
106,0.3783,standing,standing,1,RED
106,0.3608,standing,standing,1,RED
106,0.4342,standing,standing,1,RED
106,0.4838,ironing,standing,0,YELLOW
106,0.7769,ironing,standing,0,GREEN
106,0.8195,ironing,standing,0,GREEN
106,0.6609,ironing,standing,0,YELLOW
106,0.3484,standing,standing,1,RED
106,0.3655,standing,standing,1,RED
106,0.4095,ironing,standing,0,RED
106,0.4019,standing,standing,1,RED
106,0.3575,standing,standing,1,RED
106,0.4538,standing,standing,1,YELLOW
106,0.4381,standing,standing,1,RED
106,0.3437,standing,standing,1,RED
106,0.3709,standing,standing,1,RED
106,0.4542,standing,standing,1,YELLOW
106,0.4146,standing,standing,1,RED
106,0.3632,standing,standing,1,RED
106,0.3835,standing,standing,1,RED
106,0.3997,standing,standing,1,RED
106,0.3269,standing,standing,1,RED
106,0.4342,standing,standing,1,RED
106,0.5184,standing,standing,1,YELLOW
106,0.3923,standing,standing,1,RED
106,0.4773,standing,standing,1,YELLOW
106,0.4371,standing,standing,1,RED
106,0.4995,standing,standing,1,YELLOW
106,0.4723,standing,standing,1,YELLOW
106,0.3241,standing,standing,1,RED
106,0.3105,standing,standing,1,RED
106,0.4855,standing,standing,1,YELLOW
106,0.4062,standing,standing,1,RED
106,0.4419,ironing,standing,0,RED
106,0.397,ironing,standing,0,RED
106,0.3465,ironing,standing,0,RED
106,0.3022,standing,standing,1,RED
106,0.4873,standing,standing,1,YELLOW
106,0.5425,standing,standing,1,YELLOW
106,0.5477,standing,standing,1,YELLOW
106,0.3301,standing,standing,1,RED
106,0.3722,standing,standing,1,RED
106,0.5824,standing,standing,1,YELLOW
106,0.5084,standing,standing,1,YELLOW
106,0.4877,standing,standing,1,YELLOW
106,0.5642,standing,standing,1,YELLOW
106,0.4893,standing,standing,1,YELLOW
106,0.5219,standing,standing,1,YELLOW
106,0.5701,standing,standing,1,YELLOW
106,0.5173,standing,standing,1,YELLOW
106,0.4896,standing,standing,1,YELLOW
106,0.503,standing,standing,1,YELLOW
106,0.4567,standing,standing,1,YELLOW
106,0.5073,standing,standing,1,YELLOW
106,0.6006,standing,standing,1,YELLOW
106,0.5677,standing,standing,1,YELLOW
106,0.4355,standing,standing,1,RED
106,0.5401,standing,standing,1,YELLOW
106,0.3486,standing,standing,1,RED
106,0.4169,standing,standing,1,RED
106,0.5893,standing,standing,1,YELLOW
106,0.6798,standing,standing,1,YELLOW
106,0.7346,standing,standing,1,YELLOW
106,0.6476,standing,standing,1,YELLOW
106,0.4355,ironing,standing,0,RED
106,0.5321,ironing,standing,0,YELLOW
106,0.5081,standing,standing,1,YELLOW
106,0.5242,standing,standing,1,YELLOW
106,0.5322,standing,standing,1,YELLOW
106,0.5661,standing,standing,1,YELLOW
106,0.6358,standing,standing,1,YELLOW
106,0.4439,standing,standing,1,RED
106,0.4483,standing,standing,1,RED
106,0.344,standing,standing,1,RED
106,0.3686,standing,standing,1,RED
106,0.4413,standing,standing,1,RED
106,0.4997,standing,standing,1,YELLOW
106,0.5838,standing,standing,1,YELLOW
106,0.47,standing,standing,1,YELLOW
106,0.4921,standing,standing,1,YELLOW
106,0.4718,standing,standing,1,YELLOW
106,0.3932,standing,standing,1,RED
106,0.456,standing,standing,1,YELLOW
106,0.4468,standing,standing,1,RED
106,0.565,standing,standing,1,YELLOW
106,0.5631,standing,standing,1,YELLOW
106,0.4404,ironing,standing,0,RED
106,0.5736,ironing,standing,0,YELLOW
106,0.4835,ironing,standing,0,YELLOW
106,0.5159,standing,standing,1,YELLOW
106,0.3576,standing,standing,1,RED
106,0.5085,standing,standing,1,YELLOW
106,0.4048,standing,standing,1,RED
106,0.3671,standing,standing,1,RED
106,0.5444,standing,standing,1,YELLOW
106,0.3934,standing,standing,1,RED
106,0.5375,standing,standing,1,YELLOW
106,0.4781,standing,standing,1,YELLOW
106,0.4392,standing,standing,1,RED
106,0.4437,standing,standing,1,RED
106,0.467,standing,standing,1,YELLOW
106,0.5178,standing,standing,1,YELLOW
106,0.4207,standing,standing,1,RED
106,0.3424,standing,standing,1,RED
106,0.4127,standing,standing,1,RED
106,0.5264,standing,standing,1,YELLOW
106,0.3828,ironing,standing,0,RED
106,0.3479,standing,standing,1,RED
106,0.5219,ironing,standing,0,YELLOW
106,0.3723,ironing,standing,0,RED
106,0.3674,vacuuming,standing,0,RED
106,0.3768,ironing,standing,0,RED
106,0.3858,ironing,standing,0,RED
106,0.5261,ironing,standing,0,YELLOW
106,0.4212,ironing,standing,0,RED
106,0.5968,ironing,standing,0,YELLOW
106,0.6302,ironing,standing,0,YELLOW
106,0.4443,ironing,standing,0,RED
106,0.3464,ironing,standing,0,RED
106,0.3738,ironing,standing,0,RED
106,0.3139,ironing,standing,0,RED
106,0.3259,ironing,standing,0,RED
106,0.4602,ironing,standing,0,YELLOW
106,0.8336,ironing,standing,0,GREEN
106,0.8478,ironing,standing,0,GREEN
106,0.836,ironing,standing,0,GREEN
106,0.6419,ironing,standing,0,YELLOW
106,0.4006,ironing,standing,0,RED
106,0.4092,standing,standing,1,RED
106,0.7114,standing,standing,1,YELLOW
106,0.7072,standing,standing,1,YELLOW
106,0.4691,ironing,standing,0,YELLOW
106,0.4145,ironing,standing,0,RED
106,0.6736,ironing,standing,0,YELLOW
106,0.852,ironing,standing,0,GREEN
106,0.8662,ironing,standing,0,GREEN
106,0.7783,ironing,standing,0,GREEN
106,0.8399,ironing,standing,0,GREEN
106,0.8566,ironing,standing,0,GREEN
106,0.8681,ironing,standing,0,GREEN
106,0.8905,ironing,standing,0,GREEN
106,0.8534,ironing,standing,0,GREEN
106,0.6972,ironing,standing,0,YELLOW
106,0.6877,ironing,standing,0,YELLOW
106,0.5979,ironing,standing,0,YELLOW
106,0.4855,ironing,standing,0,YELLOW
106,0.3831,standing,standing,1,RED
106,0.4172,standing,standing,1,RED
106,0.4309,standing,standing,1,RED
106,0.4117,standing,standing,1,RED
106,0.405,standing,standing,1,RED
106,0.4984,ironing,standing,0,YELLOW
106,0.4221,standing,standing,1,RED
106,0.4145,standing,standing,1,RED
106,0.4417,ironing,standing,0,RED
106,0.4572,ironing,standing,0,YELLOW
106,0.6253,ironing,standing,0,YELLOW
106,0.5742,ironing,standing,0,YELLOW
106,0.3808,standing,standing,1,RED
106,0.4161,standing,standing,1,RED
106,0.4275,standing,standing,1,RED
106,0.4854,standing,standing,1,YELLOW
106,0.4884,standing,standing,1,YELLOW
106,0.4808,standing,standing,1,YELLOW
106,0.4027,standing,standing,1,RED
106,0.3801,standing,standing,1,RED
106,0.5471,ironing,standing,0,YELLOW
106,0.3412,ironing,standing,0,RED
106,0.5037,ironing,standing,0,YELLOW
106,0.5104,ironing,standing,0,YELLOW
106,0.4015,standing,standing,1,RED
106,0.4162,ironing,standing,0,RED
106,0.4237,standing,standing,1,RED
106,0.4527,standing,standing,1,YELLOW
106,0.4329,standing,standing,1,RED
106,0.418,standing,standing,1,RED
106,0.5107,standing,standing,1,YELLOW
106,0.4387,standing,standing,1,RED
106,0.4909,standing,standing,1,YELLOW
106,0.492,standing,standing,1,YELLOW
106,0.5403,standing,standing,1,YELLOW
106,0.6113,standing,standing,1,YELLOW
106,0.5161,standing,standing,1,YELLOW
106,0.5142,standing,standing,1,YELLOW
106,0.5052,standing,standing,1,YELLOW
106,0.4748,standing,standing,1,YELLOW
106,0.4972,standing,standing,1,YELLOW
106,0.4938,standing,standing,1,YELLOW
106,0.4782,standing,standing,1,YELLOW
106,0.451,standing,standing,1,YELLOW
106,0.4793,standing,standing,1,YELLOW
106,0.4477,standing,standing,1,RED
106,0.455,standing,standing,1,YELLOW
106,0.4384,standing,standing,1,RED
106,0.3877,standing,standing,1,RED
106,0.4459,standing,standing,1,RED
106,0.4885,standing,standing,1,YELLOW
106,0.502,standing,standing,1,YELLOW
106,0.4671,standing,standing,1,YELLOW
106,0.4971,standing,standing,1,YELLOW
106,0.5674,standing,standing,1,YELLOW
106,0.4984,standing,standing,1,YELLOW
106,0.5136,standing,standing,1,YELLOW
106,0.4493,standing,standing,1,RED
106,0.4692,standing,standing,1,YELLOW
106,0.5249,standing,standing,1,YELLOW
106,0.4838,standing,standing,1,YELLOW
106,0.4425,standing,standing,1,RED
106,0.4402,standing,standing,1,RED
106,0.4964,standing,standing,1,YELLOW
106,0.4805,standing,standing,1,YELLOW
106,0.3886,standing,standing,1,RED
106,0.43,standing,standing,1,RED
106,0.5015,standing,standing,1,YELLOW
106,0.509,standing,standing,1,YELLOW
106,0.5565,standing,standing,1,YELLOW
106,0.4973,standing,standing,1,YELLOW
106,0.5661,standing,standing,1,YELLOW
106,0.4921,standing,standing,1,YELLOW
106,0.467,standing,standing,1,YELLOW
106,0.4529,standing,standing,1,YELLOW
106,0.3919,standing,standing,1,RED
106,0.4379,standing,standing,1,RED
106,0.462,standing,standing,1,YELLOW
106,0.488,standing,standing,1,YELLOW
106,0.4176,standing,standing,1,RED
106,0.505,ironing,standing,0,YELLOW
106,0.3809,standing,standing,1,RED
106,0.4657,standing,standing,1,YELLOW
106,0.5684,standing,standing,1,YELLOW
106,0.4943,standing,standing,1,YELLOW
106,0.4846,standing,standing,1,YELLOW
106,0.5349,standing,standing,1,YELLOW
106,0.5395,standing,standing,1,YELLOW
106,0.4771,standing,standing,1,YELLOW
106,0.5156,standing,ironing,0,YELLOW
106,0.4951,standing,ironing,0,YELLOW
106,0.513,standing,ironing,0,YELLOW
106,0.4769,standing,ironing,0,YELLOW
106,0.375,standing,ironing,0,RED
106,0.6666,ironing,ironing,1,YELLOW
106,0.4754,ironing,ironing,1,YELLOW
106,0.455,ironing,ironing,1,YELLOW
106,0.4733,ironing,ironing,1,YELLOW
106,0.7768,ironing,ironing,1,GREEN
106,0.6615,ironing,ironing,1,YELLOW
106,0.9082,ironing,ironing,1,GREEN
106,0.9032,ironing,ironing,1,GREEN
106,0.9333,ironing,ironing,1,GREEN
106,0.9729,ironing,ironing,1,GREEN
106,0.9654,ironing,ironing,1,GREEN
106,0.8565,ironing,ironing,1,GREEN
106,0.8492,ironing,ironing,1,GREEN
106,0.9254,ironing,ironing,1,GREEN
106,0.9826,ironing,ironing,1,GREEN
106,0.94,ironing,ironing,1,GREEN
106,0.8725,ironing,ironing,1,GREEN
106,0.9341,ironing,ironing,1,GREEN
106,0.9943,ironing,ironing,1,GREEN
106,0.9867,ironing,ironing,1,GREEN
106,0.9753,ironing,ironing,1,GREEN
106,0.9534,ironing,ironing,1,GREEN
106,0.8751,ironing,ironing,1,GREEN
106,0.9378,ironing,ironing,1,GREEN
106,0.8973,ironing,ironing,1,GREEN
106,0.8691,ironing,ironing,1,GREEN
106,0.9493,ironing,ironing,1,GREEN
106,0.992,ironing,ironing,1,GREEN
106,0.9908,ironing,ironing,1,GREEN
106,0.9899,ironing,ironing,1,GREEN
106,0.9474,ironing,ironing,1,GREEN
106,0.9507,ironing,ironing,1,GREEN
106,0.876,ironing,ironing,1,GREEN
106,0.8323,ironing,ironing,1,GREEN
106,0.8487,ironing,ironing,1,GREEN
106,0.8514,ironing,ironing,1,GREEN
106,0.7943,ironing,ironing,1,GREEN
106,0.6906,ironing,ironing,1,YELLOW
106,0.7692,ironing,ironing,1,GREEN
106,0.8911,ironing,ironing,1,GREEN
106,0.9254,ironing,ironing,1,GREEN
106,0.9847,ironing,ironing,1,GREEN
106,0.942,ironing,ironing,1,GREEN
106,0.8737,ironing,ironing,1,GREEN
106,0.8159,ironing,ironing,1,GREEN
106,0.7619,ironing,ironing,1,GREEN
106,0.8099,ironing,ironing,1,GREEN
106,0.9006,ironing,ironing,1,GREEN
106,0.9319,ironing,ironing,1,GREEN
106,0.9256,ironing,ironing,1,GREEN
106,0.8703,ironing,ironing,1,GREEN
106,0.8907,ironing,ironing,1,GREEN
106,0.919,ironing,ironing,1,GREEN
106,0.8673,ironing,ironing,1,GREEN
106,0.8279,ironing,ironing,1,GREEN
106,0.9353,ironing,ironing,1,GREEN
106,0.8226,ironing,ironing,1,GREEN
106,0.8918,ironing,ironing,1,GREEN
106,0.9173,ironing,ironing,1,GREEN
106,0.9489,ironing,ironing,1,GREEN
106,0.8947,ironing,ironing,1,GREEN
106,0.8596,ironing,ironing,1,GREEN
106,0.8354,ironing,ironing,1,GREEN
106,0.7565,ironing,ironing,1,GREEN
106,0.8473,ironing,ironing,1,GREEN
106,0.916,ironing,ironing,1,GREEN
106,0.9338,ironing,ironing,1,GREEN
106,0.9092,ironing,ironing,1,GREEN
106,0.9473,ironing,ironing,1,GREEN
106,0.9094,ironing,ironing,1,GREEN
106,0.8427,ironing,ironing,1,GREEN
106,0.9414,ironing,ironing,1,GREEN
106,0.9771,ironing,ironing,1,GREEN
106,0.9511,ironing,ironing,1,GREEN
106,0.9266,ironing,ironing,1,GREEN
106,0.938,ironing,ironing,1,GREEN
106,0.8824,ironing,ironing,1,GREEN
106,0.8411,ironing,ironing,1,GREEN
106,0.8481,ironing,ironing,1,GREEN
106,0.8859,ironing,ironing,1,GREEN
106,0.9322,ironing,ironing,1,GREEN
106,0.958,ironing,ironing,1,GREEN
106,0.9575,ironing,ironing,1,GREEN
106,0.9398,ironing,ironing,1,GREEN
106,0.8977,ironing,ironing,1,GREEN
106,0.9275,ironing,ironing,1,GREEN
106,0.9565,ironing,ironing,1,GREEN
106,0.8867,ironing,ironing,1,GREEN
106,0.9012,ironing,ironing,1,GREEN
106,0.8265,ironing,ironing,1,GREEN
106,0.9708,ironing,ironing,1,GREEN
106,0.9662,ironing,ironing,1,GREEN
106,0.9734,ironing,ironing,1,GREEN
106,0.9397,ironing,ironing,1,GREEN
106,0.9494,ironing,ironing,1,GREEN
106,0.942,ironing,ironing,1,GREEN
106,0.8995,ironing,ironing,1,GREEN
106,0.7924,ironing,ironing,1,GREEN
106,0.8537,ironing,ironing,1,GREEN
106,0.936,ironing,ironing,1,GREEN
106,0.8964,ironing,ironing,1,GREEN
106,0.7801,ironing,ironing,1,GREEN
106,0.8024,ironing,ironing,1,GREEN
106,0.8188,ironing,ironing,1,GREEN
106,0.8335,ironing,ironing,1,GREEN
106,0.9099,ironing,ironing,1,GREEN
106,0.8551,ironing,ironing,1,GREEN
106,0.9291,ironing,ironing,1,GREEN
106,0.8904,ironing,ironing,1,GREEN
106,0.862,ironing,ironing,1,GREEN
106,0.8648,ironing,ironing,1,GREEN
106,0.9332,ironing,ironing,1,GREEN
106,0.9135,ironing,ironing,1,GREEN
106,0.863,ironing,ironing,1,GREEN
106,0.9326,ironing,ironing,1,GREEN
106,0.9501,ironing,ironing,1,GREEN
106,0.9536,ironing,ironing,1,GREEN
106,0.9736,ironing,ironing,1,GREEN
106,0.9423,ironing,ironing,1,GREEN
106,0.9472,ironing,ironing,1,GREEN
106,0.9819,ironing,ironing,1,GREEN
106,0.9909,ironing,ironing,1,GREEN
106,0.9888,ironing,ironing,1,GREEN
106,0.9907,ironing,ironing,1,GREEN
106,0.9883,ironing,ironing,1,GREEN
106,0.9769,ironing,ironing,1,GREEN
106,0.7937,ironing,ironing,1,GREEN
106,0.9052,ironing,ironing,1,GREEN
106,0.9249,ironing,ironing,1,GREEN
106,0.96,ironing,ironing,1,GREEN
106,0.8997,ironing,ironing,1,GREEN
106,0.8625,ironing,ironing,1,GREEN
106,0.8878,ironing,ironing,1,GREEN
106,0.91,ironing,ironing,1,GREEN
106,0.9433,ironing,ironing,1,GREEN
106,0.9395,ironing,ironing,1,GREEN
106,0.9935,ironing,ironing,1,GREEN
106,0.9761,ironing,ironing,1,GREEN
106,0.9628,ironing,ironing,1,GREEN
106,0.969,ironing,ironing,1,GREEN
106,0.9821,ironing,ironing,1,GREEN
106,0.9875,ironing,ironing,1,GREEN
106,0.9812,ironing,ironing,1,GREEN
106,0.9861,ironing,ironing,1,GREEN
106,0.9896,ironing,ironing,1,GREEN
106,0.9941,ironing,ironing,1,GREEN
106,0.9929,ironing,ironing,1,GREEN
106,0.9974,ironing,ironing,1,GREEN
106,0.9553,ironing,ironing,1,GREEN
106,0.9605,ironing,ironing,1,GREEN
106,0.9797,ironing,ironing,1,GREEN
106,0.8785,ironing,ironing,1,GREEN
106,0.8474,ironing,ironing,1,GREEN
106,0.8134,ironing,ironing,1,GREEN
106,0.8973,ironing,ironing,1,GREEN
106,0.9222,ironing,ironing,1,GREEN
106,0.9671,ironing,ironing,1,GREEN
106,0.9886,ironing,ironing,1,GREEN
106,0.9949,ironing,ironing,1,GREEN
106,0.962,ironing,ironing,1,GREEN
106,0.9412,ironing,ironing,1,GREEN
106,0.9525,ironing,ironing,1,GREEN
106,0.9451,ironing,ironing,1,GREEN
106,0.9405,ironing,ironing,1,GREEN
106,0.956,ironing,ironing,1,GREEN
106,0.9737,ironing,ironing,1,GREEN
106,0.9867,ironing,ironing,1,GREEN
106,0.9909,ironing,ironing,1,GREEN
106,0.9702,ironing,ironing,1,GREEN
106,0.9806,ironing,ironing,1,GREEN
106,0.9283,ironing,ironing,1,GREEN
106,0.9028,ironing,ironing,1,GREEN
106,0.8973,ironing,ironing,1,GREEN
106,0.9345,ironing,ironing,1,GREEN
106,0.927,ironing,ironing,1,GREEN
106,0.9717,ironing,ironing,1,GREEN
106,0.9718,ironing,ironing,1,GREEN
106,0.948,ironing,ironing,1,GREEN
106,0.9056,ironing,ironing,1,GREEN
106,0.8395,ironing,ironing,1,GREEN
106,0.818,ironing,ironing,1,GREEN
106,0.8151,ironing,ironing,1,GREEN
106,0.9023,ironing,ironing,1,GREEN
106,0.9682,ironing,ironing,1,GREEN
106,0.9821,ironing,ironing,1,GREEN
106,0.9819,ironing,ironing,1,GREEN
106,0.9446,ironing,ironing,1,GREEN
106,0.9894,ironing,ironing,1,GREEN
106,0.9901,ironing,ironing,1,GREEN
106,0.9741,ironing,ironing,1,GREEN
106,0.9324,ironing,ironing,1,GREEN
106,0.9476,ironing,ironing,1,GREEN
106,0.9211,ironing,ironing,1,GREEN
106,0.9517,ironing,ironing,1,GREEN
106,0.8346,ironing,ironing,1,GREEN
106,0.7476,ironing,ironing,1,YELLOW
106,0.8101,ironing,ironing,1,GREEN
106,0.8849,ironing,ironing,1,GREEN
106,0.8302,ironing,ironing,1,GREEN
106,0.7223,ironing,ironing,1,YELLOW
106,0.8096,ironing,ironing,1,GREEN
106,0.9104,ironing,ironing,1,GREEN
106,0.9628,ironing,ironing,1,GREEN
106,0.9773,ironing,ironing,1,GREEN
106,0.9727,ironing,ironing,1,GREEN
106,0.9296,ironing,ironing,1,GREEN
106,0.9483,ironing,ironing,1,GREEN
106,0.9479,ironing,ironing,1,GREEN
106,0.9718,ironing,ironing,1,GREEN
106,0.9807,ironing,ironing,1,GREEN
106,0.9776,ironing,ironing,1,GREEN
106,0.94,ironing,ironing,1,GREEN
106,0.9228,ironing,ironing,1,GREEN
106,0.9433,ironing,ironing,1,GREEN
106,0.9666,ironing,ironing,1,GREEN
106,0.8282,ironing,ironing,1,GREEN
106,0.7107,ironing,ironing,1,YELLOW
106,0.9485,ironing,ironing,1,GREEN
106,0.7808,ironing,ironing,1,GREEN
106,0.8091,ironing,ironing,1,GREEN
106,0.9388,ironing,ironing,1,GREEN
106,0.9722,ironing,ironing,1,GREEN
106,0.9643,ironing,ironing,1,GREEN
106,0.9471,ironing,ironing,1,GREEN
106,0.9114,ironing,ironing,1,GREEN
106,0.9104,ironing,ironing,1,GREEN
106,0.9086,ironing,ironing,1,GREEN
106,0.893,ironing,ironing,1,GREEN
106,0.9293,ironing,ironing,1,GREEN
106,0.9778,ironing,ironing,1,GREEN
106,0.9774,ironing,ironing,1,GREEN
106,0.9901,ironing,ironing,1,GREEN
106,0.9832,ironing,ironing,1,GREEN
106,0.8832,ironing,ironing,1,GREEN
106,0.7636,ironing,ironing,1,GREEN
106,0.7296,ironing,ironing,1,YELLOW
106,0.5231,ironing,ironing,1,YELLOW
106,0.5456,vacuuming,ironing,0,YELLOW
106,0.5484,vacuuming,ironing,0,YELLOW
106,0.8164,ironing,ironing,1,GREEN
106,0.9583,ironing,ironing,1,GREEN
106,0.9121,ironing,ironing,1,GREEN
106,0.8943,ironing,ironing,1,GREEN
106,0.8926,ironing,ironing,1,GREEN
106,0.8366,ironing,ironing,1,GREEN
106,0.828,ironing,ironing,1,GREEN
106,0.8537,ironing,ironing,1,GREEN
106,0.8469,ironing,ironing,1,GREEN
106,0.9148,ironing,ironing,1,GREEN
106,0.917,ironing,ironing,1,GREEN
106,0.8449,ironing,ironing,1,GREEN
106,0.7563,ironing,ironing,1,GREEN
106,0.8123,ironing,ironing,1,GREEN
106,0.8183,ironing,ironing,1,GREEN
106,0.8504,ironing,ironing,1,GREEN
106,0.9017,ironing,ironing,1,GREEN
106,0.9426,ironing,ironing,1,GREEN
106,0.9707,ironing,ironing,1,GREEN
106,0.8932,ironing,ironing,1,GREEN
106,0.8498,ironing,ironing,1,GREEN
106,0.8292,ironing,ironing,1,GREEN
106,0.7415,ironing,ironing,1,YELLOW
106,0.7023,ironing,ironing,1,YELLOW
106,0.9388,ironing,ironing,1,GREEN
106,0.8929,ironing,ironing,1,GREEN
106,0.817,ironing,ironing,1,GREEN
106,0.8621,ironing,ironing,1,GREEN
106,0.9069,ironing,ironing,1,GREEN
106,0.8791,ironing,ironing,1,GREEN
106,0.8375,ironing,ironing,1,GREEN
106,0.8573,ironing,ironing,1,GREEN
106,0.852,ironing,ironing,1,GREEN
106,0.9467,ironing,ironing,1,GREEN
106,0.982,ironing,ironing,1,GREEN
106,0.9787,ironing,ironing,1,GREEN
106,0.9093,ironing,ironing,1,GREEN
106,0.9742,ironing,ironing,1,GREEN
106,0.8648,ironing,ironing,1,GREEN
106,0.5852,ironing,ironing,1,YELLOW
106,0.4965,ironing,ironing,1,YELLOW
106,0.5837,ironing,ironing,1,YELLOW
106,0.789,ironing,ironing,1,GREEN
106,0.968,ironing,ironing,1,GREEN
106,0.9745,ironing,ironing,1,GREEN
106,0.8655,ironing,ironing,1,GREEN
106,0.8406,ironing,ironing,1,GREEN
106,0.9309,ironing,ironing,1,GREEN
106,0.9369,ironing,ironing,1,GREEN
106,0.9517,ironing,ironing,1,GREEN
106,0.9753,ironing,ironing,1,GREEN
106,0.9859,ironing,ironing,1,GREEN
106,0.9993,ironing,ironing,1,GREEN
106,0.9986,ironing,ironing,1,GREEN
106,0.9603,ironing,ironing,1,GREEN
106,0.9979,ironing,ironing,1,GREEN
106,0.9896,ironing,ironing,1,GREEN
106,0.9719,ironing,ironing,1,GREEN
106,0.9888,ironing,ironing,1,GREEN
106,0.9914,ironing,ironing,1,GREEN
106,0.9978,ironing,ironing,1,GREEN
106,0.9706,ironing,ironing,1,GREEN
106,0.9772,ironing,ironing,1,GREEN
106,0.9801,ironing,ironing,1,GREEN
106,0.9875,ironing,ironing,1,GREEN
106,0.9575,ironing,ironing,1,GREEN
106,0.8986,ironing,ironing,1,GREEN
106,0.941,ironing,ironing,1,GREEN
106,0.9776,ironing,ironing,1,GREEN
106,0.9813,ironing,ironing,1,GREEN
106,0.9658,ironing,ironing,1,GREEN
106,0.9641,ironing,ironing,1,GREEN
106,0.9536,ironing,ironing,1,GREEN
106,0.8574,ironing,ironing,1,GREEN
106,0.8977,ironing,ironing,1,GREEN
106,0.9107,ironing,ironing,1,GREEN
106,0.8339,ironing,ironing,1,GREEN
106,0.639,ironing,ironing,1,YELLOW
106,0.5344,ironing,ironing,1,YELLOW
106,0.9753,ironing,ironing,1,GREEN
106,0.9882,ironing,ironing,1,GREEN
106,0.9409,ironing,ironing,1,GREEN
106,0.9746,ironing,ironing,1,GREEN
106,0.634,ironing,ironing,1,YELLOW
106,0.6652,ironing,ironing,1,YELLOW
106,0.7103,ironing,ironing,1,YELLOW
106,0.7678,ironing,ironing,1,GREEN
106,0.7133,ironing,ironing,1,YELLOW
106,0.6403,ironing,ironing,1,YELLOW
106,0.5122,vacuuming,ironing,0,YELLOW
106,0.514,vacuuming,ironing,0,YELLOW
106,0.7229,ironing,ironing,1,YELLOW
106,0.8592,ironing,ironing,1,GREEN
106,0.8581,ironing,ironing,1,GREEN
106,0.7883,ironing,ironing,1,GREEN
106,0.6818,ironing,ironing,1,YELLOW
106,0.6803,ironing,ironing,1,YELLOW
106,0.7918,ironing,ironing,1,GREEN
106,0.5114,ironing,ironing,1,YELLOW
106,0.5133,ironing,ironing,1,YELLOW
106,0.7363,ironing,ironing,1,YELLOW
106,0.7727,ironing,ironing,1,GREEN
106,0.9133,ironing,ironing,1,GREEN
106,0.9139,ironing,ironing,1,GREEN
106,0.9366,ironing,ironing,1,GREEN
106,0.9064,ironing,ironing,1,GREEN
106,0.9776,ironing,ironing,1,GREEN
106,0.9496,ironing,ironing,1,GREEN
106,0.8429,ironing,ironing,1,GREEN
106,0.7258,ironing,ironing,1,YELLOW
106,0.8144,ironing,ironing,1,GREEN
106,0.8481,ironing,ironing,1,GREEN
106,0.8596,ironing,ironing,1,GREEN
106,0.9641,ironing,ironing,1,GREEN
106,0.9986,ironing,ironing,1,GREEN
106,0.9956,ironing,ironing,1,GREEN
106,0.9854,ironing,ironing,1,GREEN
106,0.9958,ironing,ironing,1,GREEN
106,0.9512,ironing,ironing,1,GREEN
106,0.9693,ironing,ironing,1,GREEN
106,0.8006,ironing,ironing,1,GREEN
106,0.5432,ironing,ironing,1,YELLOW
106,0.5358,vacuuming,ironing,0,YELLOW
106,0.9293,ironing,ironing,1,GREEN
106,0.9431,ironing,ironing,1,GREEN
106,0.9606,ironing,ironing,1,GREEN
106,0.9243,ironing,ironing,1,GREEN
106,0.9593,ironing,ironing,1,GREEN
106,0.9142,ironing,ironing,1,GREEN
106,0.8732,ironing,ironing,1,GREEN
106,0.8773,ironing,ironing,1,GREEN
106,0.764,ironing,ironing,1,GREEN
106,0.5394,ironing,ironing,1,YELLOW
106,0.6368,ironing,ironing,1,YELLOW
106,0.9619,ironing,ironing,1,GREEN
106,0.8868,ironing,ironing,1,GREEN
106,0.8303,ironing,ironing,1,GREEN
106,0.8811,ironing,ironing,1,GREEN
106,0.9578,ironing,ironing,1,GREEN
106,0.978,ironing,ironing,1,GREEN
106,0.9751,ironing,ironing,1,GREEN
106,0.9554,ironing,ironing,1,GREEN
106,0.8127,ironing,ironing,1,GREEN
106,0.7196,ironing,ironing,1,YELLOW
106,0.7663,ironing,ironing,1,GREEN
106,0.7549,ironing,ironing,1,GREEN
106,0.7015,ironing,ironing,1,YELLOW
106,0.7377,ironing,ironing,1,YELLOW
106,0.7382,ironing,ironing,1,YELLOW
106,0.7918,ironing,ironing,1,GREEN
106,0.8813,ironing,ironing,1,GREEN
106,0.7063,ironing,ironing,1,YELLOW
106,0.6976,ironing,ironing,1,YELLOW
106,0.8106,ironing,ironing,1,GREEN
106,0.7721,ironing,ironing,1,GREEN
106,0.8084,ironing,ironing,1,GREEN
106,0.8519,ironing,ironing,1,GREEN
106,0.7418,ironing,ironing,1,YELLOW
106,0.707,ironing,ironing,1,YELLOW
106,0.8402,ironing,ironing,1,GREEN
106,0.8167,ironing,ironing,1,GREEN
106,0.6679,ironing,ironing,1,YELLOW
106,0.8346,ironing,ironing,1,GREEN
106,0.9652,ironing,ironing,1,GREEN
106,0.7505,ironing,ironing,1,GREEN
106,0.8937,ironing,ironing,1,GREEN
106,0.8396,ironing,ironing,1,GREEN
106,0.8166,ironing,ironing,1,GREEN
106,0.7321,ironing,ironing,1,YELLOW
106,0.7658,ironing,ironing,1,GREEN
106,0.9277,ironing,ironing,1,GREEN
106,0.9033,ironing,ironing,1,GREEN
106,0.8853,ironing,ironing,1,GREEN
106,0.9058,ironing,ironing,1,GREEN
106,0.7739,ironing,ironing,1,GREEN
106,0.7881,ironing,ironing,1,GREEN
106,0.733,ironing,ironing,1,YELLOW
106,0.7783,ironing,ironing,1,GREEN
106,0.6157,ironing,ironing,1,YELLOW
106,0.4987,ironing,ironing,1,YELLOW
106,0.6792,ironing,ironing,1,YELLOW
106,0.8873,ironing,ironing,1,GREEN
106,0.8068,ironing,ironing,1,GREEN
106,0.8577,ironing,ironing,1,GREEN
106,0.8748,ironing,ironing,1,GREEN
106,0.9575,ironing,ironing,1,GREEN
106,0.887,ironing,ironing,1,GREEN
106,0.8943,ironing,ironing,1,GREEN
106,0.8074,ironing,ironing,1,GREEN
106,0.9028,ironing,ironing,1,GREEN
106,0.8522,ironing,ironing,1,GREEN
106,0.8146,ironing,ironing,1,GREEN
106,0.8701,ironing,ironing,1,GREEN
106,0.936,ironing,ironing,1,GREEN
106,0.9683,ironing,ironing,1,GREEN
106,0.9818,ironing,ironing,1,GREEN
106,0.9767,ironing,ironing,1,GREEN
106,0.9184,ironing,ironing,1,GREEN
106,0.7619,ironing,ironing,1,GREEN
106,0.6872,ironing,ironing,1,YELLOW
106,0.5797,ironing,ironing,1,YELLOW
106,0.715,ironing,ironing,1,YELLOW
106,0.7685,ironing,ironing,1,GREEN
106,0.7904,ironing,ironing,1,GREEN
106,0.801,ironing,ironing,1,GREEN
106,0.6621,ironing,ironing,1,YELLOW
106,0.5037,vacuuming,ironing,0,YELLOW
106,0.6826,ironing,ironing,1,YELLOW
106,0.849,ironing,ironing,1,GREEN
106,0.63,ironing,ironing,1,YELLOW
106,0.6373,ironing,ironing,1,YELLOW
106,0.7321,ironing,ironing,1,YELLOW
106,0.6404,ironing,ironing,1,YELLOW
106,0.801,ironing,ironing,1,GREEN
106,0.7877,ironing,ironing,1,GREEN
106,0.6228,ironing,ironing,1,YELLOW
106,0.5932,ironing,ironing,1,YELLOW
106,0.5071,ironing,ironing,1,YELLOW
106,0.6716,ironing,ironing,1,YELLOW
106,0.7097,ironing,ironing,1,YELLOW
106,0.8743,ironing,ironing,1,GREEN
106,0.9298,ironing,ironing,1,GREEN
106,0.9537,ironing,ironing,1,GREEN
106,0.9136,ironing,ironing,1,GREEN
106,0.8961,ironing,ironing,1,GREEN
106,0.7757,ironing,ironing,1,GREEN
106,0.7699,ironing,ironing,1,GREEN
106,0.8426,ironing,ironing,1,GREEN
106,0.9421,ironing,ironing,1,GREEN
106,0.8686,ironing,ironing,1,GREEN
106,0.8278,ironing,ironing,1,GREEN
106,0.7943,ironing,ironing,1,GREEN
106,0.8881,ironing,ironing,1,GREEN
106,0.7126,ironing,ironing,1,YELLOW
106,0.7559,ironing,ironing,1,GREEN
106,0.8066,ironing,ironing,1,GREEN
106,0.8405,ironing,ironing,1,GREEN
106,0.8367,ironing,ironing,1,GREEN
106,0.8946,ironing,ironing,1,GREEN
106,0.7964,ironing,ironing,1,GREEN
106,0.7723,ironing,ironing,1,GREEN
106,0.6853,ironing,ironing,1,YELLOW
106,0.6699,ironing,ironing,1,YELLOW
106,0.687,ironing,ironing,1,YELLOW
106,0.7069,ironing,ironing,1,YELLOW
106,0.7359,ironing,ironing,1,YELLOW
106,0.7531,ironing,ironing,1,GREEN
106,0.8455,ironing,ironing,1,GREEN
106,0.9446,ironing,ironing,1,GREEN
106,0.8741,ironing,ironing,1,GREEN
106,0.8575,ironing,ironing,1,GREEN
106,0.8685,ironing,ironing,1,GREEN
106,0.9352,ironing,ironing,1,GREEN
106,0.8835,ironing,ironing,1,GREEN
106,0.8439,ironing,ironing,1,GREEN
106,0.7418,ironing,ironing,1,YELLOW
106,0.8325,ironing,ironing,1,GREEN
106,0.8999,ironing,ironing,1,GREEN
106,0.9619,ironing,ironing,1,GREEN
106,0.9977,ironing,ironing,1,GREEN
106,0.9868,ironing,ironing,1,GREEN
106,0.9507,ironing,ironing,1,GREEN
106,0.6216,ironing,ironing,1,YELLOW
106,0.6329,ironing,ironing,1,YELLOW
106,0.729,ironing,ironing,1,YELLOW
106,0.8557,ironing,ironing,1,GREEN
106,0.9104,ironing,ironing,1,GREEN
106,0.8505,ironing,ironing,1,GREEN
106,0.8802,ironing,ironing,1,GREEN
106,0.7681,ironing,ironing,1,GREEN
106,0.6596,ironing,ironing,1,YELLOW
106,0.8399,ironing,ironing,1,GREEN
106,0.6382,ironing,ironing,1,YELLOW
106,0.5463,vacuuming,ironing,0,YELLOW
106,0.8222,ironing,ironing,1,GREEN
106,0.9426,ironing,ironing,1,GREEN
106,0.9221,ironing,ironing,1,GREEN
106,0.7875,ironing,ironing,1,GREEN
106,0.7897,ironing,ironing,1,GREEN
106,0.9211,ironing,ironing,1,GREEN
106,0.9726,ironing,ironing,1,GREEN
106,0.9923,ironing,ironing,1,GREEN
106,0.9928,ironing,ironing,1,GREEN
106,0.9396,ironing,ironing,1,GREEN
106,0.8464,ironing,ironing,1,GREEN
106,0.7981,ironing,ironing,1,GREEN
106,0.833,ironing,ironing,1,GREEN
106,0.9086,ironing,ironing,1,GREEN
106,0.9639,ironing,ironing,1,GREEN
106,0.988,ironing,ironing,1,GREEN
106,0.9677,ironing,ironing,1,GREEN
106,0.9744,ironing,ironing,1,GREEN
106,0.9808,ironing,ironing,1,GREEN
106,0.996,ironing,ironing,1,GREEN
106,0.9843,ironing,ironing,1,GREEN
106,0.9563,ironing,ironing,1,GREEN
106,0.9123,ironing,ironing,1,GREEN
106,0.7913,ironing,ironing,1,GREEN
106,0.6381,ironing,ironing,1,YELLOW
106,0.682,ironing,ironing,1,YELLOW
106,0.8428,ironing,ironing,1,GREEN
106,0.9862,ironing,ironing,1,GREEN
106,0.9828,ironing,ironing,1,GREEN
106,0.9513,ironing,ironing,1,GREEN
106,0.845,ironing,ironing,1,GREEN
106,0.879,ironing,ironing,1,GREEN
106,0.9932,ironing,ironing,1,GREEN
106,0.9658,ironing,ironing,1,GREEN
106,0.7335,ironing,ironing,1,YELLOW
106,0.8062,ironing,ironing,1,GREEN
106,0.9813,ironing,ironing,1,GREEN
106,0.9843,ironing,ironing,1,GREEN
106,0.9922,ironing,ironing,1,GREEN
106,0.9898,ironing,ironing,1,GREEN
106,0.9899,ironing,ironing,1,GREEN
106,0.8786,ironing,ironing,1,GREEN
106,0.7753,ironing,ironing,1,GREEN
106,0.8506,ironing,ironing,1,GREEN
106,0.7734,ironing,ironing,1,GREEN
106,0.8371,ironing,ironing,1,GREEN
106,0.7834,ironing,ironing,1,GREEN
106,0.9383,ironing,ironing,1,GREEN
106,0.9912,ironing,ironing,1,GREEN
106,0.9858,ironing,ironing,1,GREEN
106,0.5651,ironing,ironing,1,YELLOW
106,0.6164,ironing,ironing,1,YELLOW
106,0.779,ironing,ironing,1,GREEN
106,0.8581,ironing,ironing,1,GREEN
106,0.8778,ironing,ironing,1,GREEN
106,0.7749,ironing,ironing,1,GREEN
106,0.718,ironing,ironing,1,YELLOW
106,0.793,ironing,ironing,1,GREEN
106,0.9584,ironing,ironing,1,GREEN
106,0.9516,ironing,ironing,1,GREEN
106,0.9514,ironing,ironing,1,GREEN
106,0.8242,ironing,ironing,1,GREEN
106,0.54,ironing,ironing,1,YELLOW
106,0.7721,ironing,ironing,1,GREEN
106,0.889,ironing,ironing,1,GREEN
106,0.9706,ironing,ironing,1,GREEN
106,0.9584,ironing,ironing,1,GREEN
106,0.9366,ironing,ironing,1,GREEN
106,0.8789,ironing,ironing,1,GREEN
106,0.871,ironing,ironing,1,GREEN
106,0.9712,ironing,ironing,1,GREEN
106,0.9178,ironing,ironing,1,GREEN
106,0.9111,ironing,ironing,1,GREEN
106,0.9889,ironing,ironing,1,GREEN
106,0.9792,ironing,ironing,1,GREEN
106,0.8814,ironing,ironing,1,GREEN
106,0.9913,ironing,ironing,1,GREEN
106,0.998,ironing,ironing,1,GREEN
106,0.9869,ironing,ironing,1,GREEN
106,0.9961,ironing,ironing,1,GREEN
106,0.9941,ironing,ironing,1,GREEN
106,0.9748,ironing,ironing,1,GREEN
106,0.9466,ironing,ironing,1,GREEN
106,0.856,ironing,ironing,1,GREEN
106,0.8632,ironing,ironing,1,GREEN
106,0.8368,ironing,ironing,1,GREEN
106,0.788,ironing,ironing,1,GREEN
106,0.7594,ironing,ironing,1,GREEN
106,0.9569,ironing,ironing,1,GREEN
106,0.9022,ironing,ironing,1,GREEN
106,0.8189,ironing,ironing,1,GREEN
106,0.9185,ironing,ironing,1,GREEN
106,0.9796,ironing,ironing,1,GREEN
106,0.9748,ironing,ironing,1,GREEN
106,0.971,ironing,ironing,1,GREEN
106,0.9229,ironing,ironing,1,GREEN
106,0.8373,ironing,ironing,1,GREEN
106,0.8453,ironing,ironing,1,GREEN
106,0.8071,ironing,ironing,1,GREEN
106,0.6788,ironing,ironing,1,YELLOW
106,0.5119,ironing,ironing,1,YELLOW
106,0.7086,ironing,ironing,1,YELLOW
106,0.7134,ironing,ironing,1,YELLOW
106,0.8285,ironing,ironing,1,GREEN
106,0.8904,ironing,ironing,1,GREEN
106,0.7587,ironing,ironing,1,GREEN
106,0.8021,ironing,ironing,1,GREEN
106,0.954,ironing,ironing,1,GREEN
106,0.9884,ironing,ironing,1,GREEN
106,0.9911,ironing,ironing,1,GREEN
106,0.9889,ironing,ironing,1,GREEN
106,0.8899,ironing,ironing,1,GREEN
106,0.9394,ironing,ironing,1,GREEN
106,0.9379,ironing,ironing,1,GREEN
106,0.8988,ironing,ironing,1,GREEN
106,0.8577,ironing,ironing,1,GREEN
106,0.9416,ironing,ironing,1,GREEN
106,0.8318,ironing,ironing,1,GREEN
106,0.9238,ironing,ironing,1,GREEN
106,0.8956,ironing,ironing,1,GREEN
106,0.7573,ironing,ironing,1,GREEN
106,0.7797,ironing,ironing,1,GREEN
106,0.6313,ironing,ironing,1,YELLOW
106,0.7306,ironing,ironing,1,YELLOW
106,0.764,ironing,ironing,1,GREEN
106,0.6884,ironing,ironing,1,YELLOW
106,0.6446,ironing,ironing,1,YELLOW
106,0.6625,ironing,ironing,1,YELLOW
106,0.5609,ironing,ironing,1,YELLOW
106,0.6029,ironing,ironing,1,YELLOW
106,0.6155,ironing,ironing,1,YELLOW
106,0.5739,ironing,ironing,1,YELLOW
106,0.6665,ironing,ironing,1,YELLOW
106,0.5913,ironing,ironing,1,YELLOW
106,0.4199,ironing,ironing,1,RED
106,0.4083,ironing,ironing,1,RED
106,0.516,ironing,ironing,1,YELLOW
106,0.6258,ironing,ironing,1,YELLOW
106,0.7175,ironing,ironing,1,YELLOW
106,0.7154,ironing,ironing,1,YELLOW
106,0.7232,ironing,ironing,1,YELLOW
106,0.6705,ironing,ironing,1,YELLOW
106,0.6923,ironing,ironing,1,YELLOW
106,0.6747,ironing,ironing,1,YELLOW
106,0.5245,ironing,ironing,1,YELLOW
106,0.617,ironing,ironing,1,YELLOW
106,0.6313,ironing,ironing,1,YELLOW
106,0.6656,ironing,ironing,1,YELLOW
106,0.8399,ironing,ironing,1,GREEN
106,0.8454,ironing,ironing,1,GREEN
106,0.7953,ironing,ironing,1,GREEN
106,0.7786,ironing,ironing,1,GREEN
106,0.8468,ironing,ironing,1,GREEN
106,0.7222,ironing,ironing,1,YELLOW
106,0.721,ironing,ironing,1,YELLOW
106,0.7567,ironing,ironing,1,GREEN
106,0.7928,ironing,ironing,1,GREEN
106,0.8719,ironing,ironing,1,GREEN
106,0.8161,ironing,ironing,1,GREEN
106,0.749,ironing,ironing,1,YELLOW
106,0.7596,ironing,ironing,1,GREEN
106,0.7655,ironing,ironing,1,GREEN
106,0.7053,ironing,ironing,1,YELLOW
106,0.637,ironing,ironing,1,YELLOW
106,0.8211,ironing,ironing,1,GREEN
106,0.9528,ironing,ironing,1,GREEN
106,0.9954,ironing,ironing,1,GREEN
106,0.9816,ironing,ironing,1,GREEN
106,0.9435,ironing,ironing,1,GREEN
106,0.8871,ironing,ironing,1,GREEN
106,0.9507,ironing,ironing,1,GREEN
106,0.9713,ironing,ironing,1,GREEN
106,0.9627,ironing,ironing,1,GREEN
106,0.9305,ironing,ironing,1,GREEN
106,0.904,ironing,ironing,1,GREEN
106,0.9193,ironing,ironing,1,GREEN
106,0.872,ironing,ironing,1,GREEN
106,0.8232,ironing,ironing,1,GREEN
106,0.8321,ironing,ironing,1,GREEN
106,0.8824,ironing,ironing,1,GREEN
106,0.8904,ironing,ironing,1,GREEN
106,0.8959,ironing,ironing,1,GREEN
106,0.8779,ironing,ironing,1,GREEN
106,0.8416,ironing,ironing,1,GREEN
106,0.8158,ironing,ironing,1,GREEN
106,0.7713,ironing,ironing,1,GREEN
106,0.76,ironing,ironing,1,GREEN
106,0.8033,ironing,ironing,1,GREEN
106,0.7286,ironing,ironing,1,YELLOW
106,0.7846,ironing,ironing,1,GREEN
106,0.743,ironing,ironing,1,YELLOW
106,0.7287,ironing,ironing,1,YELLOW
106,0.7641,ironing,ironing,1,GREEN
106,0.7685,ironing,ironing,1,GREEN
106,0.757,ironing,ironing,1,GREEN
106,0.7397,ironing,ironing,1,YELLOW
106,0.7588,ironing,ironing,1,GREEN
106,0.7253,ironing,ironing,1,YELLOW
106,0.7427,ironing,ironing,1,YELLOW
106,0.746,ironing,ironing,1,YELLOW
106,0.667,ironing,ironing,1,YELLOW
106,0.7529,ironing,ironing,1,GREEN
106,0.7954,ironing,ironing,1,GREEN
106,0.8365,ironing,ironing,1,GREEN
106,0.837,ironing,ironing,1,GREEN
106,0.8295,ironing,ironing,1,GREEN
106,0.8182,ironing,ironing,1,GREEN
106,0.8466,ironing,ironing,1,GREEN
106,0.9726,ironing,ironing,1,GREEN
106,0.9934,ironing,ironing,1,GREEN
106,0.9872,ironing,ironing,1,GREEN
106,0.9773,ironing,ironing,1,GREEN
106,0.9766,ironing,ironing,1,GREEN
106,0.9787,ironing,ironing,1,GREEN
106,0.947,ironing,ironing,1,GREEN
106,0.9283,ironing,ironing,1,GREEN
106,0.9269,ironing,ironing,1,GREEN
106,0.9244,ironing,ironing,1,GREEN
106,0.8589,ironing,ironing,1,GREEN
106,0.952,ironing,ironing,1,GREEN
106,0.9094,ironing,ironing,1,GREEN
106,0.8884,ironing,ironing,1,GREEN
106,0.7559,ironing,ironing,1,GREEN
106,0.7505,ironing,ironing,1,GREEN
106,0.6969,ironing,ironing,1,YELLOW
106,0.6267,ironing,ironing,1,YELLOW
106,0.5602,ironing,ironing,1,YELLOW
106,0.4417,ironing,ironing,1,RED
106,0.5035,standing,ironing,0,YELLOW
106,0.5061,standing,ironing,0,YELLOW
106,0.6469,ironing,ironing,1,YELLOW
106,0.8092,ironing,ironing,1,GREEN
106,0.2076,stairs_down,vacuuming,0,RED
106,0.2001,stairs_down,vacuuming,0,RED
106,0.2717,sitting,vacuuming,0,RED
106,0.282,sitting,vacuuming,0,RED
106,0.2794,sitting,vacuuming,0,RED
106,0.286,stairs_down,vacuuming,0,RED
106,0.2816,vacuuming,vacuuming,1,RED
106,0.4261,vacuuming,vacuuming,1,RED
106,0.6182,vacuuming,vacuuming,1,YELLOW
106,0.596,vacuuming,vacuuming,1,YELLOW
106,0.4779,vacuuming,vacuuming,1,YELLOW
106,0.6114,vacuuming,vacuuming,1,YELLOW
106,0.8099,vacuuming,vacuuming,1,GREEN
106,0.8881,vacuuming,vacuuming,1,GREEN
106,0.9094,vacuuming,vacuuming,1,GREEN
106,0.8474,vacuuming,vacuuming,1,GREEN
106,0.8531,vacuuming,vacuuming,1,GREEN
106,0.825,stairs_up,vacuuming,0,GREEN
106,0.6884,stairs_up,vacuuming,0,YELLOW
106,0.5699,vacuuming,vacuuming,1,YELLOW
106,0.7779,vacuuming,vacuuming,1,GREEN
106,0.8537,vacuuming,vacuuming,1,GREEN
106,0.8083,vacuuming,vacuuming,1,GREEN
106,0.88,vacuuming,vacuuming,1,GREEN
106,0.7789,vacuuming,vacuuming,1,GREEN
106,0.7767,vacuuming,vacuuming,1,GREEN
106,0.9026,vacuuming,vacuuming,1,GREEN
106,0.9431,vacuuming,vacuuming,1,GREEN
106,0.9596,vacuuming,vacuuming,1,GREEN
106,0.9737,vacuuming,vacuuming,1,GREEN
106,0.9791,vacuuming,vacuuming,1,GREEN
106,0.9044,vacuuming,vacuuming,1,GREEN
106,0.9061,vacuuming,vacuuming,1,GREEN
106,0.866,vacuuming,vacuuming,1,GREEN
106,0.9289,vacuuming,vacuuming,1,GREEN
106,0.9721,vacuuming,vacuuming,1,GREEN
106,0.8877,vacuuming,vacuuming,1,GREEN
106,0.9294,vacuuming,vacuuming,1,GREEN
106,0.9225,vacuuming,vacuuming,1,GREEN
106,0.9549,vacuuming,vacuuming,1,GREEN
106,0.9532,vacuuming,vacuuming,1,GREEN
106,0.9315,vacuuming,vacuuming,1,GREEN
106,0.9325,vacuuming,vacuuming,1,GREEN
106,0.9898,vacuuming,vacuuming,1,GREEN
106,0.9977,vacuuming,vacuuming,1,GREEN
106,0.9676,vacuuming,vacuuming,1,GREEN
106,0.9417,vacuuming,vacuuming,1,GREEN
106,0.783,vacuuming,vacuuming,1,GREEN
106,0.8637,vacuuming,vacuuming,1,GREEN
106,0.9963,vacuuming,vacuuming,1,GREEN
106,0.9967,vacuuming,vacuuming,1,GREEN
106,0.9867,vacuuming,vacuuming,1,GREEN
106,0.978,vacuuming,vacuuming,1,GREEN
106,0.9421,vacuuming,vacuuming,1,GREEN
106,0.8943,vacuuming,vacuuming,1,GREEN
106,0.935,vacuuming,vacuuming,1,GREEN
106,0.9401,vacuuming,vacuuming,1,GREEN
106,0.8533,vacuuming,vacuuming,1,GREEN
106,0.3053,stairs_up,vacuuming,0,RED
106,0.4584,stairs_up,vacuuming,0,YELLOW
106,0.3731,stairs_up,vacuuming,0,RED
106,0.5219,vacuuming,vacuuming,1,YELLOW
106,0.7955,vacuuming,vacuuming,1,GREEN
106,0.8887,vacuuming,vacuuming,1,GREEN
106,0.8688,vacuuming,vacuuming,1,GREEN
106,0.8819,vacuuming,vacuuming,1,GREEN
106,0.9064,vacuuming,vacuuming,1,GREEN
106,0.9709,vacuuming,vacuuming,1,GREEN
106,0.9805,vacuuming,vacuuming,1,GREEN
106,0.9879,vacuuming,vacuuming,1,GREEN
106,0.9317,vacuuming,vacuuming,1,GREEN
106,0.9399,vacuuming,vacuuming,1,GREEN
106,0.9871,vacuuming,vacuuming,1,GREEN
106,0.9564,vacuuming,vacuuming,1,GREEN
106,0.6024,vacuuming,vacuuming,1,YELLOW
106,0.4047,vacuuming,vacuuming,1,RED
106,0.6225,vacuuming,vacuuming,1,YELLOW
106,0.9963,vacuuming,vacuuming,1,GREEN
106,0.9748,vacuuming,vacuuming,1,GREEN
106,0.98,vacuuming,vacuuming,1,GREEN
106,0.9791,vacuuming,vacuuming,1,GREEN
106,0.9754,vacuuming,vacuuming,1,GREEN
106,0.9246,vacuuming,vacuuming,1,GREEN
106,0.526,vacuuming,vacuuming,1,YELLOW
106,0.3696,stairs_up,vacuuming,0,RED
106,0.4629,vacuuming,vacuuming,1,YELLOW
106,0.4703,stairs_up,vacuuming,0,YELLOW
106,0.5948,stairs_up,vacuuming,0,YELLOW
106,0.4478,stairs_up,vacuuming,0,RED
106,0.5306,vacuuming,vacuuming,1,YELLOW
106,0.8233,vacuuming,vacuuming,1,GREEN
106,0.9286,vacuuming,vacuuming,1,GREEN
106,0.9493,vacuuming,vacuuming,1,GREEN
106,0.6739,vacuuming,vacuuming,1,YELLOW
106,0.5434,stairs_up,vacuuming,0,YELLOW
106,0.5276,stairs_up,vacuuming,0,YELLOW
106,0.305,stairs_up,vacuuming,0,RED
106,0.3633,stairs_up,vacuuming,0,RED
106,0.397,vacuuming,vacuuming,1,RED
106,0.3166,stairs_up,vacuuming,0,RED
106,0.3048,stairs_up,vacuuming,0,RED
106,0.4337,vacuuming,vacuuming,1,RED
106,0.5873,vacuuming,vacuuming,1,YELLOW
106,0.7929,vacuuming,vacuuming,1,GREEN
106,0.8651,vacuuming,vacuuming,1,GREEN
106,0.8522,vacuuming,vacuuming,1,GREEN
106,0.8927,vacuuming,vacuuming,1,GREEN
106,0.9056,vacuuming,vacuuming,1,GREEN
106,0.97,vacuuming,vacuuming,1,GREEN
106,0.9872,vacuuming,vacuuming,1,GREEN
106,0.9996,vacuuming,vacuuming,1,GREEN
106,0.9956,vacuuming,vacuuming,1,GREEN
106,0.9949,vacuuming,vacuuming,1,GREEN
106,0.992,vacuuming,vacuuming,1,GREEN
106,0.9956,vacuuming,vacuuming,1,GREEN
106,0.9967,vacuuming,vacuuming,1,GREEN
106,0.9842,vacuuming,vacuuming,1,GREEN
106,0.9966,vacuuming,vacuuming,1,GREEN
106,0.9198,vacuuming,vacuuming,1,GREEN
106,0.8189,vacuuming,vacuuming,1,GREEN
106,0.8179,vacuuming,vacuuming,1,GREEN
106,0.8449,vacuuming,vacuuming,1,GREEN
106,0.8671,vacuuming,vacuuming,1,GREEN
106,0.8837,vacuuming,vacuuming,1,GREEN
106,0.9111,vacuuming,vacuuming,1,GREEN
106,0.7608,vacuuming,vacuuming,1,GREEN
106,0.7809,vacuuming,vacuuming,1,GREEN
106,0.6767,vacuuming,vacuuming,1,YELLOW
106,0.6273,vacuuming,vacuuming,1,YELLOW
106,0.6221,vacuuming,vacuuming,1,YELLOW
106,0.7966,vacuuming,vacuuming,1,GREEN
106,0.6926,vacuuming,vacuuming,1,YELLOW
106,0.7115,vacuuming,vacuuming,1,YELLOW
106,0.9986,vacuuming,vacuuming,1,GREEN
106,0.9931,vacuuming,vacuuming,1,GREEN
106,0.9587,vacuuming,vacuuming,1,GREEN
106,0.8494,vacuuming,vacuuming,1,GREEN
106,0.8556,vacuuming,vacuuming,1,GREEN
106,0.7129,vacuuming,vacuuming,1,YELLOW
106,0.6066,vacuuming,vacuuming,1,YELLOW
106,0.5304,vacuuming,vacuuming,1,YELLOW
106,0.6595,vacuuming,vacuuming,1,YELLOW
106,0.8073,vacuuming,vacuuming,1,GREEN
106,0.607,vacuuming,vacuuming,1,YELLOW
106,0.804,vacuuming,vacuuming,1,GREEN
106,0.7008,vacuuming,vacuuming,1,YELLOW
106,0.2666,stairs_down,vacuuming,0,RED
106,0.3937,stairs_up,vacuuming,0,RED
106,0.3215,nordic_walk,vacuuming,0,RED
106,0.3182,stairs_up,vacuuming,0,RED
106,0.4787,stairs_up,vacuuming,0,YELLOW
106,0.3007,vacuuming,vacuuming,1,RED
106,0.3924,vacuuming,vacuuming,1,RED
106,0.7357,vacuuming,vacuuming,1,YELLOW
106,0.8885,vacuuming,vacuuming,1,GREEN
106,0.9128,vacuuming,vacuuming,1,GREEN
106,0.7536,vacuuming,vacuuming,1,GREEN
106,0.5719,vacuuming,vacuuming,1,YELLOW
106,0.5894,vacuuming,vacuuming,1,YELLOW
106,0.7325,vacuuming,vacuuming,1,YELLOW
106,0.7556,vacuuming,vacuuming,1,GREEN
106,0.7927,vacuuming,vacuuming,1,GREEN
106,0.9658,vacuuming,vacuuming,1,GREEN
106,0.5782,vacuuming,vacuuming,1,YELLOW
106,0.5073,vacuuming,vacuuming,1,YELLOW
106,0.4932,vacuuming,vacuuming,1,YELLOW
106,0.466,vacuuming,vacuuming,1,YELLOW
106,0.8162,vacuuming,vacuuming,1,GREEN
106,0.7209,vacuuming,vacuuming,1,YELLOW
106,0.84,vacuuming,vacuuming,1,GREEN
106,0.8157,vacuuming,vacuuming,1,GREEN
106,0.7711,vacuuming,vacuuming,1,GREEN
106,0.6232,vacuuming,vacuuming,1,YELLOW
106,0.4516,vacuuming,vacuuming,1,YELLOW
106,0.5672,vacuuming,vacuuming,1,YELLOW
106,0.4872,vacuuming,vacuuming,1,YELLOW
106,0.6406,vacuuming,vacuuming,1,YELLOW
106,0.9266,vacuuming,vacuuming,1,GREEN
106,0.9786,vacuuming,vacuuming,1,GREEN
106,0.9567,vacuuming,vacuuming,1,GREEN
106,0.9501,vacuuming,vacuuming,1,GREEN
106,0.9546,vacuuming,vacuuming,1,GREEN
106,0.934,vacuuming,vacuuming,1,GREEN
106,0.945,vacuuming,vacuuming,1,GREEN
106,0.6734,stairs_up,vacuuming,0,YELLOW
106,0.6723,stairs_up,vacuuming,0,YELLOW
106,0.6979,stairs_up,vacuuming,0,YELLOW
106,0.2954,stairs_up,vacuuming,0,RED
106,0.4459,vacuuming,vacuuming,1,RED
106,0.5216,vacuuming,vacuuming,1,YELLOW
106,0.8629,vacuuming,vacuuming,1,GREEN
106,0.9288,vacuuming,vacuuming,1,GREEN
106,0.9103,vacuuming,vacuuming,1,GREEN
106,0.9326,vacuuming,vacuuming,1,GREEN
106,0.925,vacuuming,vacuuming,1,GREEN
106,0.9446,vacuuming,vacuuming,1,GREEN
106,0.8848,vacuuming,vacuuming,1,GREEN
106,0.8873,vacuuming,vacuuming,1,GREEN
106,0.8701,vacuuming,vacuuming,1,GREEN
106,0.8937,vacuuming,vacuuming,1,GREEN
106,0.771,vacuuming,vacuuming,1,GREEN
106,0.8265,vacuuming,vacuuming,1,GREEN
106,0.4899,vacuuming,vacuuming,1,YELLOW
106,0.5793,vacuuming,vacuuming,1,YELLOW
106,0.8015,vacuuming,vacuuming,1,GREEN
106,0.4141,stairs_up,vacuuming,0,RED
106,0.361,vacuuming,vacuuming,1,RED
106,0.3205,walking,vacuuming,0,RED
106,0.5091,vacuuming,vacuuming,1,YELLOW
106,0.5356,vacuuming,vacuuming,1,YELLOW
106,0.3116,stairs_up,vacuuming,0,RED
106,0.6566,vacuuming,vacuuming,1,YELLOW
106,0.7095,vacuuming,vacuuming,1,YELLOW
106,0.6107,stairs_up,vacuuming,0,YELLOW
106,0.4171,stairs_up,vacuuming,0,RED
106,0.6706,vacuuming,vacuuming,1,YELLOW
106,0.5162,vacuuming,vacuuming,1,YELLOW
106,0.5115,vacuuming,vacuuming,1,YELLOW
106,0.8335,vacuuming,vacuuming,1,GREEN
106,0.9439,vacuuming,vacuuming,1,GREEN
106,0.9766,vacuuming,vacuuming,1,GREEN
106,0.9581,vacuuming,vacuuming,1,GREEN
106,0.9608,vacuuming,vacuuming,1,GREEN
106,0.933,vacuuming,vacuuming,1,GREEN
106,0.8481,vacuuming,vacuuming,1,GREEN
106,0.885,vacuuming,vacuuming,1,GREEN
106,0.474,vacuuming,vacuuming,1,YELLOW
106,0.4593,vacuuming,vacuuming,1,YELLOW
106,0.948,vacuuming,vacuuming,1,GREEN
106,0.8674,vacuuming,vacuuming,1,GREEN
106,0.881,vacuuming,vacuuming,1,GREEN
106,0.9455,vacuuming,vacuuming,1,GREEN
106,0.8187,vacuuming,vacuuming,1,GREEN
106,0.9032,vacuuming,vacuuming,1,GREEN
106,0.8883,vacuuming,vacuuming,1,GREEN
106,0.8725,vacuuming,vacuuming,1,GREEN
106,0.9734,vacuuming,vacuuming,1,GREEN
106,0.9686,vacuuming,vacuuming,1,GREEN
106,0.9249,vacuuming,vacuuming,1,GREEN
106,0.9309,vacuuming,vacuuming,1,GREEN
106,0.9229,vacuuming,vacuuming,1,GREEN
106,0.9071,vacuuming,vacuuming,1,GREEN
106,0.9243,vacuuming,vacuuming,1,GREEN
106,0.9731,vacuuming,vacuuming,1,GREEN
106,0.9811,vacuuming,vacuuming,1,GREEN
106,0.9895,vacuuming,vacuuming,1,GREEN
106,0.6544,vacuuming,vacuuming,1,YELLOW
106,0.3196,stairs_up,vacuuming,0,RED
106,0.227,stairs_up,vacuuming,0,RED
106,0.5695,vacuuming,vacuuming,1,YELLOW
106,0.8084,vacuuming,vacuuming,1,GREEN
106,0.8754,vacuuming,vacuuming,1,GREEN
106,0.9844,vacuuming,vacuuming,1,GREEN
106,0.9904,vacuuming,vacuuming,1,GREEN
106,0.9488,vacuuming,vacuuming,1,GREEN
106,0.8583,vacuuming,vacuuming,1,GREEN
106,0.868,vacuuming,vacuuming,1,GREEN
106,0.8206,vacuuming,vacuuming,1,GREEN
106,0.9383,vacuuming,vacuuming,1,GREEN
106,0.9817,vacuuming,vacuuming,1,GREEN
106,0.9125,vacuuming,vacuuming,1,GREEN
106,0.81,vacuuming,vacuuming,1,GREEN
106,0.9043,vacuuming,vacuuming,1,GREEN
106,0.9146,vacuuming,vacuuming,1,GREEN
106,0.9726,vacuuming,vacuuming,1,GREEN
106,0.9826,vacuuming,vacuuming,1,GREEN
106,0.9824,vacuuming,vacuuming,1,GREEN
106,0.9439,vacuuming,vacuuming,1,GREEN
106,0.9873,vacuuming,vacuuming,1,GREEN
106,0.9788,vacuuming,vacuuming,1,GREEN
106,0.9691,vacuuming,vacuuming,1,GREEN
106,0.9488,vacuuming,vacuuming,1,GREEN
106,0.9526,vacuuming,vacuuming,1,GREEN
106,0.9777,vacuuming,vacuuming,1,GREEN
106,0.9388,vacuuming,vacuuming,1,GREEN
106,0.8876,vacuuming,vacuuming,1,GREEN
106,0.9298,vacuuming,vacuuming,1,GREEN
106,0.7315,vacuuming,vacuuming,1,YELLOW
106,0.8212,vacuuming,vacuuming,1,GREEN
106,0.8242,vacuuming,vacuuming,1,GREEN
106,0.8258,vacuuming,vacuuming,1,GREEN
106,0.8724,vacuuming,vacuuming,1,GREEN
106,0.8608,vacuuming,vacuuming,1,GREEN
106,0.947,vacuuming,vacuuming,1,GREEN
106,0.8741,vacuuming,vacuuming,1,GREEN
106,0.7844,vacuuming,vacuuming,1,GREEN
106,0.931,vacuuming,vacuuming,1,GREEN
106,0.9504,vacuuming,vacuuming,1,GREEN
106,0.8535,vacuuming,vacuuming,1,GREEN
106,0.7955,vacuuming,vacuuming,1,GREEN
106,0.6942,vacuuming,vacuuming,1,YELLOW
106,0.4918,vacuuming,vacuuming,1,YELLOW
106,0.3964,vacuuming,vacuuming,1,RED
106,0.7522,stairs_up,vacuuming,0,GREEN
106,0.6605,stairs_up,vacuuming,0,YELLOW
106,0.4725,stairs_up,vacuuming,0,YELLOW
106,0.7077,stairs_down,vacuuming,0,YELLOW
106,0.5972,stairs_down,vacuuming,0,YELLOW
106,0.6205,walking,vacuuming,0,YELLOW
106,0.4086,nordic_walk,vacuuming,0,RED
106,0.5998,walking,vacuuming,0,YELLOW
106,0.625,walking,vacuuming,0,YELLOW
106,0.283,nordic_walk,vacuuming,0,RED
106,0.3,stairs_up,vacuuming,0,RED
106,0.3013,sitting,vacuuming,0,RED
106,0.3725,vacuuming,vacuuming,1,RED
106,0.6238,vacuuming,vacuuming,1,YELLOW
106,0.7981,vacuuming,vacuuming,1,GREEN
106,0.8526,vacuuming,vacuuming,1,GREEN
106,0.8848,vacuuming,vacuuming,1,GREEN
106,0.9183,vacuuming,vacuuming,1,GREEN
106,0.6021,vacuuming,vacuuming,1,YELLOW
106,0.6747,vacuuming,vacuuming,1,YELLOW
106,0.8888,vacuuming,vacuuming,1,GREEN
106,0.8581,vacuuming,vacuuming,1,GREEN
106,0.8941,vacuuming,vacuuming,1,GREEN
106,0.8896,vacuuming,vacuuming,1,GREEN
106,0.8608,vacuuming,vacuuming,1,GREEN
106,0.8973,vacuuming,vacuuming,1,GREEN
106,0.8584,vacuuming,vacuuming,1,GREEN
106,0.8235,vacuuming,vacuuming,1,GREEN
106,0.7892,vacuuming,vacuuming,1,GREEN
106,0.6974,vacuuming,vacuuming,1,YELLOW
106,0.6737,vacuuming,vacuuming,1,YELLOW
106,0.886,vacuuming,vacuuming,1,GREEN
106,0.9959,vacuuming,vacuuming,1,GREEN
106,0.9851,vacuuming,vacuuming,1,GREEN
106,0.9776,vacuuming,vacuuming,1,GREEN
106,0.9737,vacuuming,vacuuming,1,GREEN
106,0.8608,vacuuming,vacuuming,1,GREEN
106,0.8448,vacuuming,vacuuming,1,GREEN
106,0.8173,vacuuming,vacuuming,1,GREEN
106,0.6677,vacuuming,vacuuming,1,YELLOW
106,0.7443,vacuuming,vacuuming,1,YELLOW
106,0.8469,vacuuming,vacuuming,1,GREEN
106,0.8304,vacuuming,vacuuming,1,GREEN
106,0.864,vacuuming,vacuuming,1,GREEN
106,0.9209,vacuuming,vacuuming,1,GREEN
106,0.9225,vacuuming,vacuuming,1,GREEN
106,0.9833,vacuuming,vacuuming,1,GREEN
106,0.9272,vacuuming,vacuuming,1,GREEN
106,0.8122,vacuuming,vacuuming,1,GREEN
106,0.7607,vacuuming,vacuuming,1,GREEN
106,0.9301,vacuuming,vacuuming,1,GREEN
106,0.9036,vacuuming,vacuuming,1,GREEN
106,0.9402,vacuuming,vacuuming,1,GREEN
106,0.9429,vacuuming,vacuuming,1,GREEN
106,0.8097,vacuuming,vacuuming,1,GREEN
106,0.8891,vacuuming,vacuuming,1,GREEN
106,0.8106,vacuuming,vacuuming,1,GREEN
106,0.6799,vacuuming,vacuuming,1,YELLOW
106,0.6286,vacuuming,vacuuming,1,YELLOW
106,0.8021,vacuuming,vacuuming,1,GREEN
106,0.6498,vacuuming,vacuuming,1,YELLOW
106,0.4264,standing,vacuuming,0,RED
106,0.4576,standing,vacuuming,0,YELLOW
106,0.7026,vacuuming,vacuuming,1,YELLOW
106,0.7872,vacuuming,vacuuming,1,GREEN
106,0.6323,vacuuming,vacuuming,1,YELLOW
106,0.7466,vacuuming,vacuuming,1,YELLOW
106,0.8349,vacuuming,vacuuming,1,GREEN
106,0.9171,vacuuming,vacuuming,1,GREEN
106,0.9776,vacuuming,vacuuming,1,GREEN
106,0.9548,vacuuming,vacuuming,1,GREEN
106,0.945,vacuuming,vacuuming,1,GREEN
106,0.9367,vacuuming,vacuuming,1,GREEN
106,0.9127,vacuuming,vacuuming,1,GREEN
106,0.8672,vacuuming,vacuuming,1,GREEN
106,0.8558,vacuuming,vacuuming,1,GREEN
106,0.8452,vacuuming,vacuuming,1,GREEN
106,0.7968,vacuuming,vacuuming,1,GREEN
106,0.7204,vacuuming,vacuuming,1,YELLOW
106,0.5918,vacuuming,vacuuming,1,YELLOW
106,0.8176,vacuuming,vacuuming,1,GREEN
106,0.9404,vacuuming,vacuuming,1,GREEN
106,0.9641,vacuuming,vacuuming,1,GREEN
106,0.9594,vacuuming,vacuuming,1,GREEN
106,0.929,vacuuming,vacuuming,1,GREEN
106,0.8857,vacuuming,vacuuming,1,GREEN
106,0.7704,vacuuming,vacuuming,1,GREEN
106,0.8995,vacuuming,vacuuming,1,GREEN
106,0.9554,vacuuming,vacuuming,1,GREEN
106,0.9234,vacuuming,vacuuming,1,GREEN
106,0.9219,vacuuming,vacuuming,1,GREEN
106,0.9527,vacuuming,vacuuming,1,GREEN
106,0.9815,vacuuming,vacuuming,1,GREEN
106,0.9431,vacuuming,vacuuming,1,GREEN
106,0.9565,vacuuming,vacuuming,1,GREEN
106,0.9344,vacuuming,vacuuming,1,GREEN
106,0.8341,vacuuming,vacuuming,1,GREEN
106,0.9303,vacuuming,vacuuming,1,GREEN
106,0.9717,vacuuming,vacuuming,1,GREEN
106,0.921,vacuuming,vacuuming,1,GREEN
106,0.7129,vacuuming,vacuuming,1,YELLOW
106,0.8464,vacuuming,vacuuming,1,GREEN
106,0.5263,vacuuming,vacuuming,1,YELLOW
106,0.5206,vacuuming,vacuuming,1,YELLOW
106,0.5482,vacuuming,vacuuming,1,YELLOW
106,0.6829,vacuuming,vacuuming,1,YELLOW
106,0.6171,vacuuming,vacuuming,1,YELLOW
106,0.3111,stairs_down,vacuuming,0,RED
106,0.4046,stairs_down,vacuuming,0,RED
106,0.3569,stairs_down,vacuuming,0,RED
106,0.4136,vacuuming,vacuuming,1,RED
106,0.4913,stairs_up,vacuuming,0,YELLOW
106,0.399,stairs_down,vacuuming,0,RED
106,0.836,vacuuming,vacuuming,1,GREEN
106,0.9218,vacuuming,vacuuming,1,GREEN
106,0.7888,vacuuming,vacuuming,1,GREEN
106,0.6654,vacuuming,vacuuming,1,YELLOW
106,0.4919,stairs_up,vacuuming,0,YELLOW
106,0.7325,stairs_up,vacuuming,0,YELLOW
106,0.3502,vacuuming,vacuuming,1,RED
106,0.3842,standing,vacuuming,0,RED
106,0.4903,standing,vacuuming,0,YELLOW
106,0.5226,standing,vacuuming,0,YELLOW
106,0.275,standing,vacuuming,0,RED
106,0.2061,stairs_up,vacuuming,0,RED
106,0.1915,stairs_down,vacuuming,0,RED
106,0.2998,stairs_down,stairs_up,0,RED
106,0.5165,stairs_down,stairs_up,0,YELLOW
106,0.5298,stairs_down,stairs_up,0,YELLOW
106,0.5132,stairs_down,stairs_up,0,YELLOW
106,0.5659,stairs_down,stairs_up,0,YELLOW
106,0.54,stairs_down,stairs_up,0,YELLOW
106,0.515,stairs_down,stairs_up,0,YELLOW
106,0.5438,stairs_down,stairs_up,0,YELLOW
106,0.3988,stairs_up,stairs_up,1,RED
106,0.8275,stairs_up,stairs_up,1,GREEN
106,0.976,stairs_up,stairs_up,1,GREEN
106,0.9385,stairs_up,stairs_up,1,GREEN
106,0.9581,stairs_up,stairs_up,1,GREEN
106,0.978,stairs_up,stairs_up,1,GREEN
106,0.9749,stairs_up,stairs_up,1,GREEN
106,0.9702,stairs_up,stairs_up,1,GREEN
106,0.9794,stairs_up,stairs_up,1,GREEN
106,0.9321,stairs_up,stairs_up,1,GREEN
106,0.9318,stairs_up,stairs_up,1,GREEN
106,0.9401,stairs_up,stairs_up,1,GREEN
106,0.9748,stairs_up,stairs_up,1,GREEN
106,0.9763,stairs_up,stairs_up,1,GREEN
106,0.9113,stairs_up,stairs_up,1,GREEN
106,0.9141,stairs_up,stairs_up,1,GREEN
106,0.9118,stairs_up,stairs_up,1,GREEN
106,0.4633,nordic_walk,stairs_up,0,YELLOW
106,0.4303,nordic_walk,stairs_up,0,RED
106,0.6994,stairs_up,stairs_up,1,YELLOW
106,0.8859,stairs_up,stairs_up,1,GREEN
106,0.9251,stairs_up,stairs_up,1,GREEN
106,0.9297,stairs_up,stairs_up,1,GREEN
106,0.9344,stairs_up,stairs_up,1,GREEN
106,0.9396,stairs_up,stairs_up,1,GREEN
106,0.9414,stairs_up,stairs_up,1,GREEN
106,0.9514,stairs_up,stairs_up,1,GREEN
106,0.9541,stairs_up,stairs_up,1,GREEN
106,0.765,stairs_up,stairs_up,1,GREEN
106,0.6674,stairs_up,stairs_up,1,YELLOW
106,0.9429,stairs_up,stairs_up,1,GREEN
106,0.9246,stairs_up,stairs_up,1,GREEN
106,0.7958,stairs_up,stairs_up,1,GREEN
106,0.8233,stairs_up,stairs_up,1,GREEN
106,0.9484,stairs_up,stairs_up,1,GREEN
106,0.9657,stairs_up,stairs_up,1,GREEN
106,0.9809,stairs_up,stairs_up,1,GREEN
106,0.9109,stairs_up,stairs_up,1,GREEN
106,0.9171,stairs_up,stairs_up,1,GREEN
106,0.9686,stairs_up,stairs_up,1,GREEN
106,0.9469,stairs_up,stairs_up,1,GREEN
106,0.9794,stairs_up,stairs_up,1,GREEN
106,0.9121,stairs_up,stairs_up,1,GREEN
106,0.821,stairs_up,stairs_up,1,GREEN
106,0.935,stairs_up,stairs_up,1,GREEN
106,0.9675,stairs_up,stairs_up,1,GREEN
106,0.9716,stairs_up,stairs_up,1,GREEN
106,0.9397,stairs_up,stairs_up,1,GREEN
106,0.8513,stairs_up,stairs_up,1,GREEN
106,0.9416,stairs_up,stairs_up,1,GREEN
106,0.9544,stairs_up,stairs_up,1,GREEN
106,0.8344,stairs_up,stairs_up,1,GREEN
106,0.8858,stairs_up,stairs_up,1,GREEN
106,0.9607,stairs_up,stairs_up,1,GREEN
106,0.9017,stairs_up,stairs_up,1,GREEN
106,0.8067,stairs_up,stairs_up,1,GREEN
106,0.8447,stairs_up,stairs_up,1,GREEN
106,0.9542,stairs_up,stairs_up,1,GREEN
106,0.853,stairs_up,stairs_up,1,GREEN
106,0.7616,stairs_up,stairs_up,1,GREEN
106,0.9812,stairs_up,stairs_up,1,GREEN
106,0.9572,stairs_up,stairs_up,1,GREEN
106,0.9177,stairs_up,stairs_up,1,GREEN
106,0.862,stairs_up,stairs_up,1,GREEN
106,0.6059,stairs_up,stairs_up,1,YELLOW
106,0.6868,stairs_up,stairs_up,1,YELLOW
106,0.9021,stairs_up,stairs_up,1,GREEN
106,0.7362,stairs_up,stairs_up,1,YELLOW
106,0.8234,stairs_up,stairs_up,1,GREEN
106,0.9754,stairs_up,stairs_up,1,GREEN
106,0.8535,stairs_up,stairs_up,1,GREEN
106,0.8625,stairs_up,stairs_up,1,GREEN
106,0.9478,stairs_up,stairs_up,1,GREEN
106,0.9714,stairs_up,stairs_up,1,GREEN
106,0.9663,stairs_up,stairs_up,1,GREEN
106,0.8854,stairs_up,stairs_up,1,GREEN
106,0.9128,stairs_up,stairs_up,1,GREEN
106,0.9343,stairs_up,stairs_up,1,GREEN
106,0.9032,stairs_up,stairs_up,1,GREEN
106,0.9106,stairs_up,stairs_up,1,GREEN
106,0.9244,stairs_up,stairs_up,1,GREEN
106,0.9427,stairs_up,stairs_up,1,GREEN
106,0.917,stairs_up,stairs_up,1,GREEN
106,0.928,stairs_up,stairs_up,1,GREEN
106,0.9028,stairs_up,stairs_up,1,GREEN
106,0.9655,stairs_up,stairs_up,1,GREEN
106,0.9627,stairs_up,stairs_up,1,GREEN
106,0.9457,stairs_up,stairs_up,1,GREEN
106,0.9713,stairs_up,stairs_up,1,GREEN
106,0.8938,stairs_up,stairs_up,1,GREEN
106,0.9038,stairs_up,stairs_up,1,GREEN
106,0.9438,stairs_up,stairs_up,1,GREEN
106,0.984,stairs_up,stairs_up,1,GREEN
106,0.9734,stairs_up,stairs_up,1,GREEN
106,0.9255,stairs_up,stairs_up,1,GREEN
106,0.7085,stairs_up,stairs_up,1,YELLOW
106,0.4742,stairs_up,stairs_up,1,YELLOW
106,0.5628,stairs_up,stairs_up,1,YELLOW
106,0.4118,stairs_up,stairs_up,1,RED
106,0.7426,stairs_up,stairs_up,1,YELLOW
106,0.8219,stairs_up,stairs_up,1,GREEN
106,0.3697,stairs_up,stairs_up,1,RED
106,0.3572,stairs_down,stairs_up,0,RED
106,0.2701,vacuuming,stairs_up,0,RED
106,0.2901,standing,stairs_up,0,RED
106,0.269,standing,stairs_up,0,RED
106,0.2757,standing,stairs_up,0,RED
106,0.2784,standing,stairs_up,0,RED
106,0.2715,standing,stairs_up,0,RED
106,0.2815,standing,stairs_up,0,RED
106,0.3432,stairs_down,stairs_up,0,RED
106,0.3299,stairs_down,stairs_up,0,RED
106,0.2833,standing,stairs_up,0,RED
106,0.2801,standing,stairs_up,0,RED
106,0.2874,stairs_down,stairs_up,0,RED
106,0.3309,stairs_down,stairs_up,0,RED
106,0.7265,sitting,stairs_down,0,YELLOW
106,0.7371,sitting,stairs_down,0,YELLOW
106,0.7244,sitting,stairs_down,0,YELLOW
106,0.6711,sitting,stairs_down,0,YELLOW
106,0.7136,sitting,stairs_down,0,YELLOW
106,0.6262,sitting,stairs_down,0,YELLOW
106,0.6045,sitting,stairs_down,0,YELLOW
106,0.4699,sitting,stairs_down,0,YELLOW
106,0.4767,sitting,stairs_down,0,YELLOW
106,0.3007,sitting,stairs_down,0,RED
106,0.2922,ironing,stairs_down,0,RED
106,0.3811,stairs_down,stairs_down,1,RED
106,0.7886,stairs_down,stairs_down,1,GREEN
106,0.9389,stairs_down,stairs_down,1,GREEN
106,0.9436,stairs_down,stairs_down,1,GREEN
106,0.951,stairs_down,stairs_down,1,GREEN
106,0.9284,stairs_down,stairs_down,1,GREEN
106,0.953,stairs_down,stairs_down,1,GREEN
106,0.9537,stairs_down,stairs_down,1,GREEN
106,0.9693,stairs_down,stairs_down,1,GREEN
106,0.935,stairs_down,stairs_down,1,GREEN
106,0.9188,stairs_down,stairs_down,1,GREEN
106,0.8692,stairs_down,stairs_down,1,GREEN
106,0.5795,stairs_down,stairs_down,1,YELLOW
106,0.4513,stairs_down,stairs_down,1,YELLOW
106,0.9227,stairs_down,stairs_down,1,GREEN
106,0.952,stairs_down,stairs_down,1,GREEN
106,0.9637,stairs_down,stairs_down,1,GREEN
106,0.9671,stairs_down,stairs_down,1,GREEN
106,0.9092,stairs_down,stairs_down,1,GREEN
106,0.9622,stairs_down,stairs_down,1,GREEN
106,0.8915,stairs_down,stairs_down,1,GREEN
106,0.8668,stairs_down,stairs_down,1,GREEN
106,0.8111,stairs_down,stairs_down,1,GREEN
106,0.8835,stairs_down,stairs_down,1,GREEN
106,0.9368,stairs_down,stairs_down,1,GREEN
106,0.9248,stairs_down,stairs_down,1,GREEN
106,0.9516,stairs_down,stairs_down,1,GREEN
106,0.9519,stairs_down,stairs_down,1,GREEN
106,0.8616,stairs_down,stairs_down,1,GREEN
106,0.8784,stairs_down,stairs_down,1,GREEN
106,0.837,stairs_down,stairs_down,1,GREEN
106,0.9195,stairs_down,stairs_down,1,GREEN
106,0.8385,stairs_down,stairs_down,1,GREEN
106,0.8073,stairs_down,stairs_down,1,GREEN
106,0.9308,stairs_down,stairs_down,1,GREEN
106,0.9242,stairs_down,stairs_down,1,GREEN
106,0.937,stairs_down,stairs_down,1,GREEN
106,0.9593,stairs_down,stairs_down,1,GREEN
106,0.9466,stairs_down,stairs_down,1,GREEN
106,0.8256,stairs_down,stairs_down,1,GREEN
106,0.8488,stairs_down,stairs_down,1,GREEN
106,0.7939,stairs_down,stairs_down,1,GREEN
106,0.6709,stairs_down,stairs_down,1,YELLOW
106,0.9215,stairs_down,stairs_down,1,GREEN
106,0.9556,stairs_down,stairs_down,1,GREEN
106,0.9264,stairs_down,stairs_down,1,GREEN
106,0.9243,stairs_down,stairs_down,1,GREEN
106,0.9043,stairs_down,stairs_down,1,GREEN
106,0.8082,stairs_down,stairs_down,1,GREEN
106,0.9043,stairs_down,stairs_down,1,GREEN
106,0.8122,stairs_down,stairs_down,1,GREEN
106,0.8821,stairs_down,stairs_down,1,GREEN
106,0.9273,stairs_down,stairs_down,1,GREEN
106,0.9321,stairs_down,stairs_down,1,GREEN
106,0.9447,stairs_down,stairs_down,1,GREEN
106,0.9172,stairs_down,stairs_down,1,GREEN
106,0.9625,stairs_down,stairs_down,1,GREEN
106,0.8526,stairs_down,stairs_down,1,GREEN
106,0.8543,stairs_down,stairs_down,1,GREEN
106,0.9126,stairs_down,stairs_down,1,GREEN
106,0.8941,stairs_down,stairs_down,1,GREEN
106,0.8813,stairs_down,stairs_down,1,GREEN
106,0.918,stairs_down,stairs_down,1,GREEN
106,0.9399,stairs_down,stairs_down,1,GREEN
106,0.9657,stairs_down,stairs_down,1,GREEN
106,0.9438,stairs_down,stairs_down,1,GREEN
106,0.8881,stairs_down,stairs_down,1,GREEN
106,0.8578,stairs_down,stairs_down,1,GREEN
106,0.8909,stairs_down,stairs_down,1,GREEN
106,0.8816,stairs_down,stairs_down,1,GREEN
106,0.8725,stairs_down,stairs_down,1,GREEN
106,0.8804,stairs_down,stairs_down,1,GREEN
106,0.922,stairs_down,stairs_down,1,GREEN
106,0.9586,stairs_down,stairs_down,1,GREEN
106,0.9635,stairs_down,stairs_down,1,GREEN
106,0.9602,stairs_down,stairs_down,1,GREEN
106,0.9535,stairs_down,stairs_down,1,GREEN
106,0.9526,stairs_down,stairs_down,1,GREEN
106,0.9623,stairs_down,stairs_down,1,GREEN
106,0.9293,stairs_down,stairs_down,1,GREEN
106,0.8855,stairs_down,stairs_down,1,GREEN
106,0.8297,stairs_down,stairs_down,1,GREEN
106,0.8478,stairs_down,stairs_down,1,GREEN
106,0.7675,stairs_down,stairs_down,1,GREEN
106,0.6916,stairs_down,stairs_down,1,YELLOW
106,0.7867,stairs_down,stairs_down,1,GREEN
106,0.914,stairs_down,stairs_down,1,GREEN
106,0.9483,stairs_down,stairs_down,1,GREEN
106,0.9026,stairs_down,stairs_down,1,GREEN
106,0.9125,stairs_down,stairs_down,1,GREEN
106,0.9541,stairs_down,stairs_down,1,GREEN
106,0.9344,stairs_down,stairs_down,1,GREEN
106,0.9085,stairs_down,stairs_down,1,GREEN
106,0.9394,stairs_down,stairs_down,1,GREEN
106,0.9114,stairs_down,stairs_down,1,GREEN
106,0.81,stairs_down,stairs_down,1,GREEN
106,0.7748,stairs_down,stairs_down,1,GREEN
106,0.8695,stairs_down,stairs_down,1,GREEN
106,0.9279,stairs_down,stairs_down,1,GREEN
106,0.9553,stairs_down,stairs_down,1,GREEN
106,0.9282,stairs_down,stairs_down,1,GREEN
106,0.782,stairs_down,stairs_down,1,GREEN
106,0.435,stairs_up,stairs_down,0,RED
106,0.7897,vacuuming,stairs_down,0,GREEN
106,0.7459,vacuuming,stairs_down,0,YELLOW
106,0.7322,vacuuming,stairs_down,0,YELLOW
106,0.5483,vacuuming,stairs_down,0,YELLOW
106,0.6832,vacuuming,stairs_down,0,YELLOW
106,0.5149,stairs_down,stairs_down,1,YELLOW
106,0.4997,stairs_down,stairs_down,1,YELLOW
106,0.6026,stairs_down,stairs_down,1,YELLOW
106,0.4393,stairs_down,stairs_up,0,RED
106,0.4301,stairs_down,stairs_up,0,RED
106,0.438,stairs_down,stairs_up,0,RED
106,0.4438,stairs_down,stairs_up,0,RED
106,0.4854,stairs_down,stairs_up,0,YELLOW
106,0.5298,stairs_down,stairs_up,0,YELLOW
106,0.4903,stairs_down,stairs_up,0,YELLOW
106,0.5088,stairs_down,stairs_up,0,YELLOW
106,0.5111,stairs_down,stairs_up,0,YELLOW
106,0.3301,stairs_down,stairs_up,0,RED
106,0.4355,stairs_up,stairs_up,1,RED
106,0.9632,stairs_up,stairs_up,1,GREEN
106,0.9944,stairs_up,stairs_up,1,GREEN
106,0.9938,stairs_up,stairs_up,1,GREEN
106,0.9924,stairs_up,stairs_up,1,GREEN
106,0.9959,stairs_up,stairs_up,1,GREEN
106,0.9918,stairs_up,stairs_up,1,GREEN
106,0.9733,stairs_up,stairs_up,1,GREEN
106,0.9455,stairs_up,stairs_up,1,GREEN
106,0.9367,stairs_up,stairs_up,1,GREEN
106,0.862,stairs_up,stairs_up,1,GREEN
106,0.9092,stairs_up,stairs_up,1,GREEN
106,0.9344,stairs_up,stairs_up,1,GREEN
106,0.8583,stairs_up,stairs_up,1,GREEN
106,0.9253,stairs_up,stairs_up,1,GREEN
106,0.9358,stairs_up,stairs_up,1,GREEN
106,0.9121,stairs_up,stairs_up,1,GREEN
106,0.9051,stairs_up,stairs_up,1,GREEN
106,0.9157,stairs_up,stairs_up,1,GREEN
106,0.8796,stairs_up,stairs_up,1,GREEN
106,0.6309,stairs_up,stairs_up,1,YELLOW
106,0.4375,stairs_down,stairs_up,0,RED
106,0.4145,stairs_down,stairs_up,0,RED
106,0.811,stairs_up,stairs_up,1,GREEN
106,0.8913,stairs_up,stairs_up,1,GREEN
106,0.9317,stairs_up,stairs_up,1,GREEN
106,0.9386,stairs_up,stairs_up,1,GREEN
106,0.9588,stairs_up,stairs_up,1,GREEN
106,0.8957,stairs_up,stairs_up,1,GREEN
106,0.949,stairs_up,stairs_up,1,GREEN
106,0.9463,stairs_up,stairs_up,1,GREEN
106,0.8819,stairs_up,stairs_up,1,GREEN
106,0.884,stairs_up,stairs_up,1,GREEN
106,0.9535,stairs_up,stairs_up,1,GREEN
106,0.9675,stairs_up,stairs_up,1,GREEN
106,0.7847,stairs_up,stairs_up,1,GREEN
106,0.9105,stairs_up,stairs_up,1,GREEN
106,0.8755,stairs_up,stairs_up,1,GREEN
106,0.7817,stairs_up,stairs_up,1,GREEN
106,0.9274,stairs_up,stairs_up,1,GREEN
106,0.892,stairs_up,stairs_up,1,GREEN
106,0.9086,stairs_up,stairs_up,1,GREEN
106,0.9288,stairs_up,stairs_up,1,GREEN
106,0.9407,stairs_up,stairs_up,1,GREEN
106,0.9201,stairs_up,stairs_up,1,GREEN
106,0.895,stairs_up,stairs_up,1,GREEN
106,0.9335,stairs_up,stairs_up,1,GREEN
106,0.8645,stairs_up,stairs_up,1,GREEN
106,0.7546,stairs_up,stairs_up,1,GREEN
106,0.8851,stairs_up,stairs_up,1,GREEN
106,0.9631,stairs_up,stairs_up,1,GREEN
106,0.9815,stairs_up,stairs_up,1,GREEN
106,0.8019,stairs_up,stairs_up,1,GREEN
106,0.9182,stairs_up,stairs_up,1,GREEN
106,0.9387,stairs_up,stairs_up,1,GREEN
106,0.8996,stairs_up,stairs_up,1,GREEN
106,0.9741,stairs_up,stairs_up,1,GREEN
106,0.9437,stairs_up,stairs_up,1,GREEN
106,0.8518,stairs_up,stairs_up,1,GREEN
106,0.7598,stairs_up,stairs_up,1,GREEN
106,0.7261,stairs_up,stairs_up,1,YELLOW
106,0.8193,stairs_up,stairs_up,1,GREEN
106,0.9435,stairs_up,stairs_up,1,GREEN
106,0.6829,stairs_up,stairs_up,1,YELLOW
106,0.5291,stairs_up,stairs_up,1,YELLOW
106,0.9022,stairs_up,stairs_up,1,GREEN
106,0.9519,stairs_up,stairs_up,1,GREEN
106,0.9152,stairs_up,stairs_up,1,GREEN
106,0.9288,stairs_up,stairs_up,1,GREEN
106,0.8844,stairs_up,stairs_up,1,GREEN
106,0.8469,stairs_up,stairs_up,1,GREEN
106,0.8741,stairs_up,stairs_up,1,GREEN
106,0.9285,stairs_up,stairs_up,1,GREEN
106,0.8812,stairs_up,stairs_up,1,GREEN
106,0.9519,stairs_up,stairs_up,1,GREEN
106,0.9055,stairs_up,stairs_up,1,GREEN
106,0.8024,stairs_up,stairs_up,1,GREEN
106,0.8978,stairs_up,stairs_up,1,GREEN
106,0.9436,stairs_up,stairs_up,1,GREEN
106,0.9735,stairs_up,stairs_up,1,GREEN
106,0.7727,stairs_up,stairs_up,1,GREEN
106,0.8653,stairs_up,stairs_up,1,GREEN
106,0.8357,stairs_up,stairs_up,1,GREEN
106,0.9297,stairs_up,stairs_up,1,GREEN
106,0.9778,stairs_up,stairs_up,1,GREEN
106,0.805,stairs_up,stairs_up,1,GREEN
106,0.801,stairs_up,stairs_up,1,GREEN
106,0.7917,stairs_up,stairs_up,1,GREEN
106,0.8872,stairs_up,stairs_up,1,GREEN
106,0.903,stairs_up,stairs_up,1,GREEN
106,0.9293,stairs_up,stairs_up,1,GREEN
106,0.7281,stairs_up,stairs_up,1,YELLOW
106,0.8919,stairs_up,stairs_up,1,GREEN
106,0.9217,stairs_up,stairs_up,1,GREEN
106,0.9482,stairs_up,stairs_up,1,GREEN
106,0.9185,stairs_up,stairs_up,1,GREEN
106,0.9733,stairs_up,stairs_up,1,GREEN
106,0.9663,stairs_up,stairs_up,1,GREEN
106,0.7036,stairs_up,stairs_up,1,YELLOW
106,0.8622,stairs_up,stairs_up,1,GREEN
106,0.8105,stairs_up,stairs_up,1,GREEN
106,0.7926,stairs_up,stairs_up,1,GREEN
106,0.9398,stairs_up,stairs_up,1,GREEN
106,0.9546,stairs_up,stairs_up,1,GREEN
106,0.936,stairs_up,stairs_up,1,GREEN
106,0.787,stairs_up,stairs_up,1,GREEN
106,0.7551,stairs_up,stairs_up,1,GREEN
106,0.7971,stairs_up,stairs_up,1,GREEN
106,0.9579,stairs_up,stairs_up,1,GREEN
106,0.7716,stairs_up,stairs_up,1,GREEN
106,0.5892,stairs_up,stairs_up,1,YELLOW
106,0.9002,stairs_up,stairs_up,1,GREEN
106,0.8871,stairs_up,stairs_up,1,GREEN
106,0.9487,stairs_up,stairs_up,1,GREEN
106,0.9076,stairs_up,stairs_up,1,GREEN
106,0.9196,stairs_up,stairs_up,1,GREEN
106,0.9585,stairs_up,stairs_up,1,GREEN
106,0.8771,stairs_up,stairs_up,1,GREEN
106,0.8071,stairs_up,stairs_up,1,GREEN
106,0.7811,stairs_up,stairs_up,1,GREEN
106,0.611,stairs_up,stairs_up,1,YELLOW
106,0.8359,stairs_up,stairs_up,1,GREEN
106,0.8213,stairs_up,stairs_up,1,GREEN
106,0.3722,stairs_up,stairs_up,1,RED
106,0.5046,stairs_down,stairs_up,0,YELLOW
106,0.3916,vacuuming,stairs_up,0,RED
106,0.4144,stairs_down,stairs_up,0,RED
106,0.2704,standing,stairs_up,0,RED
106,0.2935,stairs_down,stairs_up,0,RED
106,0.4302,sitting,stairs_up,0,RED
106,0.4453,sitting,stairs_down,0,RED
106,0.358,sitting,stairs_down,0,RED
106,0.2831,sitting,stairs_down,0,RED
106,0.2528,sitting,stairs_down,0,RED
106,0.284,sitting,stairs_down,0,RED
106,0.382,sitting,stairs_down,0,RED
106,0.3996,sitting,stairs_down,0,RED
106,0.3458,sitting,stairs_down,0,RED
106,0.3398,stairs_down,stairs_down,1,RED
106,0.5186,stairs_down,stairs_down,1,YELLOW
106,0.4525,stairs_down,stairs_down,1,YELLOW
106,0.5044,stairs_down,stairs_down,1,YELLOW
106,0.5979,stairs_down,stairs_down,1,YELLOW
106,0.9752,stairs_down,stairs_down,1,GREEN
106,0.9665,stairs_down,stairs_down,1,GREEN
106,0.9703,stairs_down,stairs_down,1,GREEN
106,0.9475,stairs_down,stairs_down,1,GREEN
106,0.9586,stairs_down,stairs_down,1,GREEN
106,0.9002,stairs_down,stairs_down,1,GREEN
106,0.8826,stairs_down,stairs_down,1,GREEN
106,0.8899,stairs_down,stairs_down,1,GREEN
106,0.9275,stairs_down,stairs_down,1,GREEN
106,0.9031,stairs_down,stairs_down,1,GREEN
106,0.9708,stairs_down,stairs_down,1,GREEN
106,0.9665,stairs_down,stairs_down,1,GREEN
106,0.9364,stairs_down,stairs_down,1,GREEN
106,0.9302,stairs_down,stairs_down,1,GREEN
106,0.9146,stairs_down,stairs_down,1,GREEN
106,0.9498,stairs_down,stairs_down,1,GREEN
106,0.8738,stairs_down,stairs_down,1,GREEN
106,0.8022,stairs_down,stairs_down,1,GREEN
106,0.9672,stairs_down,stairs_down,1,GREEN
106,0.9358,stairs_down,stairs_down,1,GREEN
106,0.8688,stairs_down,stairs_down,1,GREEN
106,0.939,stairs_down,stairs_down,1,GREEN
106,0.9226,stairs_down,stairs_down,1,GREEN
106,0.9354,stairs_down,stairs_down,1,GREEN
106,0.957,stairs_down,stairs_down,1,GREEN
106,0.9203,stairs_down,stairs_down,1,GREEN
106,0.9491,stairs_down,stairs_down,1,GREEN
106,0.8866,stairs_down,stairs_down,1,GREEN
106,0.7901,stairs_down,stairs_down,1,GREEN
106,0.8937,stairs_down,stairs_down,1,GREEN
106,0.954,stairs_down,stairs_down,1,GREEN
106,0.9488,stairs_down,stairs_down,1,GREEN
106,0.9592,stairs_down,stairs_down,1,GREEN
106,0.9635,stairs_down,stairs_down,1,GREEN
106,0.9615,stairs_down,stairs_down,1,GREEN
106,0.9701,stairs_down,stairs_down,1,GREEN
106,0.9618,stairs_down,stairs_down,1,GREEN
106,0.9001,stairs_down,stairs_down,1,GREEN
106,0.8033,stairs_down,stairs_down,1,GREEN
106,0.6468,stairs_down,stairs_down,1,YELLOW
106,0.8821,stairs_down,stairs_down,1,GREEN
106,0.8799,stairs_down,stairs_down,1,GREEN
106,0.9358,stairs_down,stairs_down,1,GREEN
106,0.9629,stairs_down,stairs_down,1,GREEN
106,0.8946,stairs_down,stairs_down,1,GREEN
106,0.8098,stairs_down,stairs_down,1,GREEN
106,0.8558,stairs_down,stairs_down,1,GREEN
106,0.9637,stairs_down,stairs_down,1,GREEN
106,0.955,stairs_down,stairs_down,1,GREEN
106,0.9188,stairs_down,stairs_down,1,GREEN
106,0.9277,stairs_down,stairs_down,1,GREEN
106,0.9232,stairs_down,stairs_down,1,GREEN
106,0.8927,stairs_down,stairs_down,1,GREEN
106,0.8959,stairs_down,stairs_down,1,GREEN
106,0.98,stairs_down,stairs_down,1,GREEN
106,0.9697,stairs_down,stairs_down,1,GREEN
106,0.9431,stairs_down,stairs_down,1,GREEN
106,0.941,stairs_down,stairs_down,1,GREEN
106,0.9716,stairs_down,stairs_down,1,GREEN
106,0.9448,stairs_down,stairs_down,1,GREEN
106,0.9276,stairs_down,stairs_down,1,GREEN
106,0.9541,stairs_down,stairs_down,1,GREEN
106,0.9005,stairs_down,stairs_down,1,GREEN
106,0.8727,stairs_down,stairs_down,1,GREEN
106,0.6567,stairs_down,stairs_down,1,YELLOW
106,0.5647,nordic_walk,stairs_down,0,YELLOW
106,0.7236,stairs_down,stairs_down,1,YELLOW
106,0.8935,stairs_down,stairs_down,1,GREEN
106,0.9625,stairs_down,stairs_down,1,GREEN
106,0.9791,stairs_down,stairs_down,1,GREEN
106,0.8787,stairs_down,stairs_down,1,GREEN
106,0.898,stairs_down,stairs_down,1,GREEN
106,0.9297,stairs_down,stairs_down,1,GREEN
106,0.88,stairs_down,stairs_down,1,GREEN
106,0.8357,stairs_down,stairs_down,1,GREEN
106,0.6464,stairs_down,stairs_down,1,YELLOW
106,0.435,running,stairs_down,0,RED
106,0.576,running,stairs_down,0,YELLOW
106,0.4722,stairs_down,stairs_down,1,YELLOW
106,0.6639,stairs_up,stairs_down,0,YELLOW
106,0.4092,stairs_up,stairs_down,0,RED
106,0.2852,stairs_down,stairs_down,1,RED
106,0.4874,vacuuming,stairs_down,0,YELLOW
106,0.487,stairs_down,stairs_down,1,YELLOW
106,0.5409,stairs_down,stairs_down,1,YELLOW
106,0.5024,stairs_down,stairs_down,1,YELLOW
106,0.5427,stairs_down,stairs_down,1,YELLOW
106,0.5383,stairs_down,stairs_down,1,YELLOW
106,0.3636,stairs_down,walking,0,RED
106,0.4161,standing,walking,0,RED
106,0.5028,standing,walking,0,YELLOW
106,0.5108,standing,walking,0,YELLOW
106,0.4765,standing,walking,0,YELLOW
106,0.4473,standing,walking,0,RED
106,0.45,standing,walking,0,RED
106,0.312,standing,walking,0,RED
106,0.3139,standing,walking,0,RED
106,0.3139,stairs_down,walking,0,RED
106,0.4579,walking,walking,1,YELLOW
106,0.3988,walking,walking,1,RED
106,0.4406,walking,walking,1,RED
106,0.8877,walking,walking,1,GREEN
106,0.8357,walking,walking,1,GREEN
106,0.8507,walking,walking,1,GREEN
106,0.8318,walking,walking,1,GREEN
106,0.8019,walking,walking,1,GREEN
106,0.8138,walking,walking,1,GREEN
106,0.6804,walking,walking,1,YELLOW
106,0.8896,walking,walking,1,GREEN
106,0.9118,walking,walking,1,GREEN
106,0.9804,walking,walking,1,GREEN
106,0.9525,walking,walking,1,GREEN
106,0.8935,walking,walking,1,GREEN
106,0.8402,walking,walking,1,GREEN
106,0.6237,walking,walking,1,YELLOW
106,0.9186,walking,walking,1,GREEN
106,0.9098,walking,walking,1,GREEN
106,0.9725,walking,walking,1,GREEN
106,0.9087,walking,walking,1,GREEN
106,0.8742,walking,walking,1,GREEN
106,0.9149,walking,walking,1,GREEN
106,0.9347,walking,walking,1,GREEN
106,0.9071,walking,walking,1,GREEN
106,0.8083,walking,walking,1,GREEN
106,0.9218,walking,walking,1,GREEN
106,0.8093,walking,walking,1,GREEN
106,0.922,walking,walking,1,GREEN
106,0.9907,walking,walking,1,GREEN
106,0.9667,walking,walking,1,GREEN
106,0.9952,walking,walking,1,GREEN
106,0.9912,walking,walking,1,GREEN
106,0.9627,walking,walking,1,GREEN
106,0.9126,walking,walking,1,GREEN
106,0.8188,walking,walking,1,GREEN
106,0.801,walking,walking,1,GREEN
106,0.8779,walking,walking,1,GREEN
106,0.6434,walking,walking,1,YELLOW
106,0.9481,walking,walking,1,GREEN
106,0.962,walking,walking,1,GREEN
106,0.9584,walking,walking,1,GREEN
106,0.9588,walking,walking,1,GREEN
106,0.9476,walking,walking,1,GREEN
106,0.9412,walking,walking,1,GREEN
106,0.9581,walking,walking,1,GREEN
106,0.8455,walking,walking,1,GREEN
106,0.8041,walking,walking,1,GREEN
106,0.8719,walking,walking,1,GREEN
106,0.7735,walking,walking,1,GREEN
106,0.8699,walking,walking,1,GREEN
106,0.8631,walking,walking,1,GREEN
106,0.9169,walking,walking,1,GREEN
106,0.9724,walking,walking,1,GREEN
106,0.9256,walking,walking,1,GREEN
106,0.8063,walking,walking,1,GREEN
106,0.8029,walking,walking,1,GREEN
106,0.921,walking,walking,1,GREEN
106,0.6087,walking,walking,1,YELLOW
106,0.942,walking,walking,1,GREEN
106,0.9709,walking,walking,1,GREEN
106,0.9721,walking,walking,1,GREEN
106,0.943,walking,walking,1,GREEN
106,0.8576,walking,walking,1,GREEN
106,0.8183,walking,walking,1,GREEN
106,0.4196,walking,walking,1,RED
106,0.4445,walking,walking,1,RED
106,0.4764,walking,walking,1,YELLOW
106,0.8678,walking,walking,1,GREEN
106,0.8802,walking,walking,1,GREEN
106,0.9095,walking,walking,1,GREEN
106,0.8896,walking,walking,1,GREEN
106,0.937,walking,walking,1,GREEN
106,0.9585,walking,walking,1,GREEN
106,0.9448,walking,walking,1,GREEN
106,0.909,walking,walking,1,GREEN
106,0.9116,walking,walking,1,GREEN
106,0.9286,walking,walking,1,GREEN
106,0.8417,walking,walking,1,GREEN
106,0.95,walking,walking,1,GREEN
106,0.9558,walking,walking,1,GREEN
106,0.9918,walking,walking,1,GREEN
106,0.9765,walking,walking,1,GREEN
106,0.9489,walking,walking,1,GREEN
106,0.9052,walking,walking,1,GREEN
106,0.9129,walking,walking,1,GREEN
106,0.9395,walking,walking,1,GREEN
106,0.8196,walking,walking,1,GREEN
106,0.9635,walking,walking,1,GREEN
106,0.9691,walking,walking,1,GREEN
106,0.958,walking,walking,1,GREEN
106,0.9806,walking,walking,1,GREEN
106,0.9765,walking,walking,1,GREEN
106,0.909,walking,walking,1,GREEN
106,0.9178,walking,walking,1,GREEN
106,0.9531,walking,walking,1,GREEN
106,0.7107,walking,walking,1,YELLOW
106,0.923,walking,walking,1,GREEN
106,0.8948,walking,walking,1,GREEN
106,0.9549,walking,walking,1,GREEN
106,0.9923,walking,walking,1,GREEN
106,0.9952,walking,walking,1,GREEN
106,0.9895,walking,walking,1,GREEN
106,0.9603,walking,walking,1,GREEN
106,0.9247,walking,walking,1,GREEN
106,0.8924,walking,walking,1,GREEN
106,0.941,walking,walking,1,GREEN
106,0.7987,walking,walking,1,GREEN
106,0.9799,walking,walking,1,GREEN
106,0.9821,walking,walking,1,GREEN
106,0.984,walking,walking,1,GREEN
106,0.953,walking,walking,1,GREEN
106,0.9181,walking,walking,1,GREEN
106,0.905,walking,walking,1,GREEN
106,0.9471,walking,walking,1,GREEN
106,0.9686,walking,walking,1,GREEN
106,0.9047,walking,walking,1,GREEN
106,0.9661,walking,walking,1,GREEN
106,0.9455,walking,walking,1,GREEN
106,0.942,walking,walking,1,GREEN
106,0.9262,walking,walking,1,GREEN
106,0.897,walking,walking,1,GREEN
106,0.9215,walking,walking,1,GREEN
106,0.8894,walking,walking,1,GREEN
106,0.9626,walking,walking,1,GREEN
106,0.9499,walking,walking,1,GREEN
106,0.9631,walking,walking,1,GREEN
106,0.97,walking,walking,1,GREEN
106,0.9646,walking,walking,1,GREEN
106,0.9494,walking,walking,1,GREEN
106,0.9282,walking,walking,1,GREEN
106,0.9373,walking,walking,1,GREEN
106,0.9194,walking,walking,1,GREEN
106,0.9473,walking,walking,1,GREEN
106,0.8579,walking,walking,1,GREEN
106,0.9694,walking,walking,1,GREEN
106,0.9651,walking,walking,1,GREEN
106,0.9676,walking,walking,1,GREEN
106,0.9599,walking,walking,1,GREEN
106,0.9469,walking,walking,1,GREEN
106,0.9141,walking,walking,1,GREEN
106,0.948,walking,walking,1,GREEN
106,0.9614,walking,walking,1,GREEN
106,0.9139,walking,walking,1,GREEN
106,0.965,walking,walking,1,GREEN
106,0.9341,walking,walking,1,GREEN
106,0.9798,walking,walking,1,GREEN
106,0.9695,walking,walking,1,GREEN
106,0.9444,walking,walking,1,GREEN
106,0.9232,walking,walking,1,GREEN
106,0.9212,walking,walking,1,GREEN
106,0.9549,walking,walking,1,GREEN
106,0.9478,walking,walking,1,GREEN
106,0.922,walking,walking,1,GREEN
106,0.6843,walking,walking,1,YELLOW
106,0.8806,walking,walking,1,GREEN
106,0.9456,walking,walking,1,GREEN
106,0.9268,walking,walking,1,GREEN
106,0.8899,walking,walking,1,GREEN
106,0.8767,walking,walking,1,GREEN
106,0.9111,walking,walking,1,GREEN
106,0.6534,walking,walking,1,YELLOW
106,0.9468,walking,walking,1,GREEN
106,0.9504,walking,walking,1,GREEN
106,0.9535,walking,walking,1,GREEN
106,0.9393,walking,walking,1,GREEN
106,0.9267,walking,walking,1,GREEN
106,0.9327,walking,walking,1,GREEN
106,0.8587,walking,walking,1,GREEN
106,0.9716,walking,walking,1,GREEN
106,0.9289,walking,walking,1,GREEN
106,0.9381,walking,walking,1,GREEN
106,0.9305,walking,walking,1,GREEN
106,0.9409,walking,walking,1,GREEN
106,0.8894,walking,walking,1,GREEN
106,0.7356,walking,walking,1,YELLOW
106,0.9023,walking,walking,1,GREEN
106,0.8506,walking,walking,1,GREEN
106,0.9393,walking,walking,1,GREEN
106,0.9414,walking,walking,1,GREEN
106,0.9291,walking,walking,1,GREEN
106,0.9204,walking,walking,1,GREEN
106,0.8203,walking,walking,1,GREEN
106,0.9305,walking,walking,1,GREEN
106,0.8691,walking,walking,1,GREEN
106,0.9669,walking,walking,1,GREEN
106,0.9636,walking,walking,1,GREEN
106,0.9369,walking,walking,1,GREEN
106,0.8648,walking,walking,1,GREEN
106,0.8149,walking,walking,1,GREEN
106,0.9283,walking,walking,1,GREEN
106,0.7609,walking,walking,1,GREEN
106,0.9144,walking,walking,1,GREEN
106,0.8944,walking,walking,1,GREEN
106,0.6789,walking,walking,1,YELLOW
106,0.7317,walking,walking,1,YELLOW
106,0.6562,walking,walking,1,YELLOW
106,0.904,walking,walking,1,GREEN
106,0.9004,walking,walking,1,GREEN
106,0.9086,walking,walking,1,GREEN
106,0.8162,walking,walking,1,GREEN
106,0.7043,walking,walking,1,YELLOW
106,0.8549,walking,walking,1,GREEN
106,0.6566,walking,walking,1,YELLOW
106,0.8761,walking,walking,1,GREEN
106,0.8758,walking,walking,1,GREEN
106,0.7907,walking,walking,1,GREEN
106,0.8062,walking,walking,1,GREEN
106,0.4604,stairs_up,walking,0,YELLOW
106,0.4573,walking,walking,1,YELLOW
106,0.5996,walking,walking,1,YELLOW
106,0.6681,walking,walking,1,YELLOW
106,0.5722,walking,walking,1,YELLOW
106,0.4859,walking,walking,1,YELLOW
106,0.6678,walking,walking,1,YELLOW
106,0.6608,walking,walking,1,YELLOW
106,0.6872,walking,walking,1,YELLOW
106,0.8083,walking,walking,1,GREEN
106,0.8279,walking,walking,1,GREEN
106,0.7407,walking,walking,1,YELLOW
106,0.4758,stairs_down,walking,0,YELLOW
106,0.53,walking,walking,1,YELLOW
106,0.7072,walking,walking,1,YELLOW
106,0.6859,stairs_up,walking,0,YELLOW
106,0.6021,stairs_up,walking,0,YELLOW
106,0.7079,walking,walking,1,YELLOW
106,0.5586,walking,walking,1,YELLOW
106,0.4145,stairs_up,walking,0,RED
106,0.5449,stairs_up,walking,0,YELLOW
106,0.6371,stairs_up,walking,0,YELLOW
106,0.5723,walking,walking,1,YELLOW
106,0.7939,walking,walking,1,GREEN
106,0.8812,walking,walking,1,GREEN
106,0.855,walking,walking,1,GREEN
106,0.7746,walking,walking,1,GREEN
106,0.8599,walking,walking,1,GREEN
106,0.4648,walking,walking,1,YELLOW
106,0.7801,walking,walking,1,GREEN
106,0.8289,walking,walking,1,GREEN
106,0.8249,walking,walking,1,GREEN
106,0.809,walking,walking,1,GREEN
106,0.6342,walking,walking,1,YELLOW
106,0.4879,walking,walking,1,YELLOW
106,0.5332,stairs_up,walking,0,YELLOW
106,0.7233,walking,walking,1,YELLOW
106,0.7066,walking,walking,1,YELLOW
106,0.7909,walking,walking,1,GREEN
106,0.786,walking,walking,1,GREEN
106,0.625,walking,walking,1,YELLOW
106,0.5176,stairs_up,walking,0,YELLOW
106,0.5211,stairs_up,walking,0,YELLOW
106,0.8441,walking,walking,1,GREEN
106,0.8917,walking,walking,1,GREEN
106,0.8626,walking,walking,1,GREEN
106,0.6567,walking,walking,1,YELLOW
106,0.4505,stairs_down,walking,0,YELLOW
106,0.5639,stairs_up,walking,0,YELLOW
106,0.6626,stairs_up,walking,0,YELLOW
106,0.8615,walking,walking,1,GREEN
106,0.8513,walking,walking,1,GREEN
106,0.8875,walking,walking,1,GREEN
106,0.8709,walking,walking,1,GREEN
106,0.8301,walking,walking,1,GREEN
106,0.7958,walking,walking,1,GREEN
106,0.4914,stairs_up,walking,0,YELLOW
106,0.3831,walking,walking,1,RED
106,0.8001,walking,walking,1,GREEN
106,0.8517,walking,walking,1,GREEN
106,0.9712,walking,walking,1,GREEN
106,0.9778,walking,walking,1,GREEN
106,0.9738,walking,walking,1,GREEN
106,0.9672,walking,walking,1,GREEN
106,0.948,walking,walking,1,GREEN
106,0.9519,walking,walking,1,GREEN
106,0.924,walking,walking,1,GREEN
106,0.9128,walking,walking,1,GREEN
106,0.9163,walking,walking,1,GREEN
106,0.8467,walking,walking,1,GREEN
106,0.9097,walking,walking,1,GREEN
106,0.769,walking,walking,1,GREEN
106,0.9122,walking,walking,1,GREEN
106,0.9203,walking,walking,1,GREEN
106,0.9454,walking,walking,1,GREEN
106,0.9593,walking,walking,1,GREEN
106,0.9702,walking,walking,1,GREEN
106,0.9447,walking,walking,1,GREEN
106,0.9186,walking,walking,1,GREEN
106,0.9251,walking,walking,1,GREEN
106,0.9464,walking,walking,1,GREEN
106,0.975,walking,walking,1,GREEN
106,0.9528,walking,walking,1,GREEN
106,0.9823,walking,walking,1,GREEN
106,0.874,walking,walking,1,GREEN
106,0.8459,walking,walking,1,GREEN
106,0.9207,walking,walking,1,GREEN
106,0.9676,walking,walking,1,GREEN
106,0.9411,walking,walking,1,GREEN
106,0.9574,walking,walking,1,GREEN
106,0.962,walking,walking,1,GREEN
106,0.9241,walking,walking,1,GREEN
106,0.9541,walking,walking,1,GREEN
106,0.8983,walking,walking,1,GREEN
106,0.9743,walking,walking,1,GREEN
106,0.9671,walking,walking,1,GREEN
106,0.9702,walking,walking,1,GREEN
106,0.9859,walking,walking,1,GREEN
106,0.9807,walking,walking,1,GREEN
106,0.9776,walking,walking,1,GREEN
106,0.9385,walking,walking,1,GREEN
106,0.9464,walking,walking,1,GREEN
106,0.9728,walking,walking,1,GREEN
106,0.9767,walking,walking,1,GREEN
106,0.9448,walking,walking,1,GREEN
106,0.9673,walking,walking,1,GREEN
106,0.9148,walking,walking,1,GREEN
106,0.9557,walking,walking,1,GREEN
106,0.921,walking,walking,1,GREEN
106,0.8898,walking,walking,1,GREEN
106,0.8702,walking,walking,1,GREEN
106,0.9638,walking,walking,1,GREEN
106,0.9719,walking,walking,1,GREEN
106,0.9322,walking,walking,1,GREEN
106,0.9106,walking,walking,1,GREEN
106,0.9691,walking,walking,1,GREEN
106,0.9881,walking,walking,1,GREEN
106,0.966,walking,walking,1,GREEN
106,0.9467,walking,walking,1,GREEN
106,0.9676,walking,walking,1,GREEN
106,0.9712,walking,walking,1,GREEN
106,0.8698,walking,walking,1,GREEN
106,0.9587,walking,walking,1,GREEN
106,0.9715,walking,walking,1,GREEN
106,0.9766,walking,walking,1,GREEN
106,0.9334,walking,walking,1,GREEN
106,0.9792,walking,walking,1,GREEN
106,0.9508,walking,walking,1,GREEN
106,0.9805,walking,walking,1,GREEN
106,0.9653,walking,walking,1,GREEN
106,0.9851,walking,walking,1,GREEN
106,0.9678,walking,walking,1,GREEN
106,0.933,walking,walking,1,GREEN
106,0.9022,walking,walking,1,GREEN
106,0.865,walking,walking,1,GREEN
106,0.7257,walking,walking,1,YELLOW
106,0.2112,running,walking,0,RED
106,0.5158,stairs_down,walking,0,YELLOW
106,0.4603,stairs_down,walking,0,YELLOW
106,0.5896,walking,walking,1,YELLOW
106,0.9145,walking,walking,1,GREEN
106,0.8893,walking,walking,1,GREEN
106,0.8844,walking,walking,1,GREEN
106,0.8726,walking,walking,1,GREEN
106,0.9206,walking,walking,1,GREEN
106,0.8805,walking,walking,1,GREEN
106,0.9412,walking,walking,1,GREEN
106,0.89,walking,walking,1,GREEN
106,0.9234,walking,walking,1,GREEN
106,0.6617,walking,walking,1,YELLOW
106,0.6424,walking,walking,1,YELLOW
106,0.7568,walking,walking,1,GREEN
106,0.7278,walking,walking,1,YELLOW
106,0.7543,walking,walking,1,GREEN
106,0.6614,walking,walking,1,YELLOW
106,0.7257,walking,walking,1,YELLOW
106,0.8843,walking,walking,1,GREEN
106,0.9659,walking,walking,1,GREEN
106,0.9207,walking,walking,1,GREEN
106,0.9651,walking,walking,1,GREEN
106,0.9463,walking,walking,1,GREEN
106,0.9663,walking,walking,1,GREEN
106,0.9593,walking,walking,1,GREEN
106,0.959,walking,walking,1,GREEN
106,0.9376,walking,walking,1,GREEN
106,0.918,walking,walking,1,GREEN
106,0.8874,walking,walking,1,GREEN
106,0.9021,walking,walking,1,GREEN
106,0.9401,walking,walking,1,GREEN
106,0.7623,walking,walking,1,GREEN
106,0.9316,walking,walking,1,GREEN
106,0.9332,walking,walking,1,GREEN
106,0.9097,walking,walking,1,GREEN
106,0.8511,walking,walking,1,GREEN
106,0.752,walking,walking,1,GREEN
106,0.8382,walking,walking,1,GREEN
106,0.5102,walking,walking,1,YELLOW
106,0.8504,walking,walking,1,GREEN
106,0.8074,walking,walking,1,GREEN
106,0.6946,walking,walking,1,YELLOW
106,0.7149,walking,walking,1,YELLOW
106,0.8074,walking,walking,1,GREEN
106,0.717,walking,walking,1,YELLOW
106,0.8085,walking,walking,1,GREEN
106,0.9302,walking,walking,1,GREEN
106,0.8674,walking,walking,1,GREEN
106,0.9716,walking,walking,1,GREEN
106,0.9887,walking,walking,1,GREEN
106,0.9898,walking,walking,1,GREEN
106,0.9945,walking,walking,1,GREEN
106,0.9928,walking,walking,1,GREEN
106,0.9866,walking,walking,1,GREEN
106,0.9727,walking,walking,1,GREEN
106,0.9516,walking,walking,1,GREEN
106,0.8539,walking,walking,1,GREEN
106,0.8912,walking,walking,1,GREEN
106,0.7291,walking,walking,1,YELLOW
106,0.9626,walking,walking,1,GREEN
106,0.901,walking,walking,1,GREEN
106,0.8958,walking,walking,1,GREEN
106,0.9404,walking,walking,1,GREEN
106,0.9321,walking,walking,1,GREEN
106,0.9676,walking,walking,1,GREEN
106,0.9798,walking,walking,1,GREEN
106,0.9704,walking,walking,1,GREEN
106,0.9481,walking,walking,1,GREEN
106,0.9679,walking,walking,1,GREEN
106,0.8807,walking,walking,1,GREEN
106,0.902,walking,walking,1,GREEN
106,0.8617,walking,walking,1,GREEN
106,0.9322,walking,walking,1,GREEN
106,0.9735,walking,walking,1,GREEN
106,0.7548,walking,walking,1,GREEN
106,0.7837,walking,walking,1,GREEN
106,0.8953,walking,walking,1,GREEN
106,0.8859,walking,walking,1,GREEN
106,0.9301,walking,walking,1,GREEN
106,0.9494,walking,walking,1,GREEN
106,0.938,walking,walking,1,GREEN
106,0.9672,walking,walking,1,GREEN
106,0.9862,walking,walking,1,GREEN
106,0.974,walking,walking,1,GREEN
106,0.9591,walking,walking,1,GREEN
106,0.9713,walking,walking,1,GREEN
106,0.9434,walking,walking,1,GREEN
106,0.9463,walking,walking,1,GREEN
106,0.9111,walking,walking,1,GREEN
106,0.8418,walking,walking,1,GREEN
106,0.9364,walking,walking,1,GREEN
106,0.9428,walking,walking,1,GREEN
106,0.9842,walking,walking,1,GREEN
106,0.9898,walking,walking,1,GREEN
106,0.9872,walking,walking,1,GREEN
106,0.9819,walking,walking,1,GREEN
106,0.9808,walking,walking,1,GREEN
106,0.9617,walking,walking,1,GREEN
106,0.9664,walking,walking,1,GREEN
106,0.9445,walking,walking,1,GREEN
106,0.9705,walking,walking,1,GREEN
106,0.9904,walking,walking,1,GREEN
106,0.9448,walking,walking,1,GREEN
106,0.7705,walking,walking,1,GREEN
106,0.6832,walking,walking,1,YELLOW
106,0.9215,walking,walking,1,GREEN
106,0.8252,walking,walking,1,GREEN
106,0.9365,walking,walking,1,GREEN
106,0.9564,walking,walking,1,GREEN
106,0.9733,walking,walking,1,GREEN
106,0.9961,walking,walking,1,GREEN
106,0.9796,walking,walking,1,GREEN
106,0.9554,walking,walking,1,GREEN
106,0.9274,walking,walking,1,GREEN
106,0.93,walking,walking,1,GREEN
106,0.9113,walking,walking,1,GREEN
106,0.9514,walking,walking,1,GREEN
106,0.6967,walking,walking,1,YELLOW
106,0.9571,walking,walking,1,GREEN
106,0.9674,walking,walking,1,GREEN
106,0.9698,walking,walking,1,GREEN
106,0.9873,walking,walking,1,GREEN
106,0.9634,walking,walking,1,GREEN
106,0.9183,walking,walking,1,GREEN
106,0.8659,walking,walking,1,GREEN
106,0.8565,walking,walking,1,GREEN
106,0.5304,walking,walking,1,YELLOW
106,0.8052,walking,walking,1,GREEN
106,0.883,walking,walking,1,GREEN
106,0.9392,walking,walking,1,GREEN
106,0.9251,walking,walking,1,GREEN
106,0.9507,walking,walking,1,GREEN
106,0.8928,walking,walking,1,GREEN
106,0.8862,walking,walking,1,GREEN
106,0.9367,walking,walking,1,GREEN
106,0.7512,walking,walking,1,GREEN
106,0.9262,walking,walking,1,GREEN
106,0.9378,walking,walking,1,GREEN
106,0.949,walking,walking,1,GREEN
106,0.9071,walking,walking,1,GREEN
106,0.8396,walking,walking,1,GREEN
106,0.8488,walking,walking,1,GREEN
106,0.4152,walking,walking,1,RED
106,0.5367,stairs_up,walking,0,YELLOW
106,0.4193,walking,walking,1,RED
106,0.4516,walking,walking,1,YELLOW
106,0.5054,walking,walking,1,YELLOW
106,0.4469,walking,walking,1,RED
106,0.3632,walking,walking,1,RED
106,0.4038,walking,walking,1,RED
106,0.2019,sitting,nordic_walk,0,RED
106,0.2471,sitting,nordic_walk,0,RED
106,0.2816,sitting,nordic_walk,0,RED
106,0.2791,sitting,nordic_walk,0,RED
106,0.3194,sitting,nordic_walk,0,RED
106,0.2892,standing,nordic_walk,0,RED
106,0.2189,sitting,nordic_walk,0,RED
106,0.3103,standing,nordic_walk,0,RED
106,0.2468,stairs_up,nordic_walk,0,RED
106,0.3442,stairs_up,nordic_walk,0,RED
106,0.5104,nordic_walk,nordic_walk,1,YELLOW
106,0.9026,nordic_walk,nordic_walk,1,GREEN
106,0.9737,nordic_walk,nordic_walk,1,GREEN
106,0.9957,nordic_walk,nordic_walk,1,GREEN
106,0.9903,nordic_walk,nordic_walk,1,GREEN
106,0.9882,nordic_walk,nordic_walk,1,GREEN
106,0.9782,nordic_walk,nordic_walk,1,GREEN
106,0.9306,nordic_walk,nordic_walk,1,GREEN
106,0.9179,nordic_walk,nordic_walk,1,GREEN
106,0.9431,nordic_walk,nordic_walk,1,GREEN
106,0.9463,nordic_walk,nordic_walk,1,GREEN
106,0.894,nordic_walk,nordic_walk,1,GREEN
106,0.8799,nordic_walk,nordic_walk,1,GREEN
106,0.9102,nordic_walk,nordic_walk,1,GREEN
106,0.9027,nordic_walk,nordic_walk,1,GREEN
106,0.9075,nordic_walk,nordic_walk,1,GREEN
106,0.9384,nordic_walk,nordic_walk,1,GREEN
106,0.9303,nordic_walk,nordic_walk,1,GREEN
106,0.9511,nordic_walk,nordic_walk,1,GREEN
106,0.9432,nordic_walk,nordic_walk,1,GREEN
106,0.8958,nordic_walk,nordic_walk,1,GREEN
106,0.9702,nordic_walk,nordic_walk,1,GREEN
106,0.9765,nordic_walk,nordic_walk,1,GREEN
106,0.9758,nordic_walk,nordic_walk,1,GREEN
106,0.9581,nordic_walk,nordic_walk,1,GREEN
106,0.9485,nordic_walk,nordic_walk,1,GREEN
106,0.9531,nordic_walk,nordic_walk,1,GREEN
106,0.9911,nordic_walk,nordic_walk,1,GREEN
106,0.9897,nordic_walk,nordic_walk,1,GREEN
106,0.9906,nordic_walk,nordic_walk,1,GREEN
106,0.995,nordic_walk,nordic_walk,1,GREEN
106,0.9912,nordic_walk,nordic_walk,1,GREEN
106,0.9859,nordic_walk,nordic_walk,1,GREEN
106,0.9851,nordic_walk,nordic_walk,1,GREEN
106,0.9977,nordic_walk,nordic_walk,1,GREEN
106,0.9972,nordic_walk,nordic_walk,1,GREEN
106,0.9937,nordic_walk,nordic_walk,1,GREEN
106,0.9922,nordic_walk,nordic_walk,1,GREEN
106,0.9988,nordic_walk,nordic_walk,1,GREEN
106,0.9902,nordic_walk,nordic_walk,1,GREEN
106,0.9929,nordic_walk,nordic_walk,1,GREEN
106,0.9768,nordic_walk,nordic_walk,1,GREEN
106,0.9754,nordic_walk,nordic_walk,1,GREEN
106,0.9823,nordic_walk,nordic_walk,1,GREEN
106,0.9833,nordic_walk,nordic_walk,1,GREEN
106,0.9661,nordic_walk,nordic_walk,1,GREEN
106,0.9623,nordic_walk,nordic_walk,1,GREEN
106,0.9847,nordic_walk,nordic_walk,1,GREEN
106,0.9918,nordic_walk,nordic_walk,1,GREEN
106,0.9973,nordic_walk,nordic_walk,1,GREEN
106,0.9872,nordic_walk,nordic_walk,1,GREEN
106,0.9803,nordic_walk,nordic_walk,1,GREEN
106,0.9907,nordic_walk,nordic_walk,1,GREEN
106,0.9737,nordic_walk,nordic_walk,1,GREEN
106,0.9581,nordic_walk,nordic_walk,1,GREEN
106,0.9876,nordic_walk,nordic_walk,1,GREEN
106,0.9823,nordic_walk,nordic_walk,1,GREEN
106,0.9928,nordic_walk,nordic_walk,1,GREEN
106,0.9894,nordic_walk,nordic_walk,1,GREEN
106,0.9902,nordic_walk,nordic_walk,1,GREEN
106,0.9851,nordic_walk,nordic_walk,1,GREEN
106,0.9858,nordic_walk,nordic_walk,1,GREEN
106,0.9954,nordic_walk,nordic_walk,1,GREEN
106,0.9747,nordic_walk,nordic_walk,1,GREEN
106,0.9607,nordic_walk,nordic_walk,1,GREEN
106,0.9725,nordic_walk,nordic_walk,1,GREEN
106,0.9948,nordic_walk,nordic_walk,1,GREEN
106,0.9941,nordic_walk,nordic_walk,1,GREEN
106,0.9905,nordic_walk,nordic_walk,1,GREEN
106,0.9904,nordic_walk,nordic_walk,1,GREEN
106,0.9911,nordic_walk,nordic_walk,1,GREEN
106,0.9919,nordic_walk,nordic_walk,1,GREEN
106,0.995,nordic_walk,nordic_walk,1,GREEN
106,0.9992,nordic_walk,nordic_walk,1,GREEN
106,0.9917,nordic_walk,nordic_walk,1,GREEN
106,0.995,nordic_walk,nordic_walk,1,GREEN
106,0.9935,nordic_walk,nordic_walk,1,GREEN
106,0.9908,nordic_walk,nordic_walk,1,GREEN
106,1.0,nordic_walk,nordic_walk,1,GREEN
106,0.9901,nordic_walk,nordic_walk,1,GREEN
106,0.9889,nordic_walk,nordic_walk,1,GREEN
106,0.9908,nordic_walk,nordic_walk,1,GREEN
106,0.991,nordic_walk,nordic_walk,1,GREEN
106,0.9886,nordic_walk,nordic_walk,1,GREEN
106,0.988,nordic_walk,nordic_walk,1,GREEN
106,0.9875,nordic_walk,nordic_walk,1,GREEN
106,0.9778,nordic_walk,nordic_walk,1,GREEN
106,0.9895,nordic_walk,nordic_walk,1,GREEN
106,0.9923,nordic_walk,nordic_walk,1,GREEN
106,0.9913,nordic_walk,nordic_walk,1,GREEN
106,0.9891,nordic_walk,nordic_walk,1,GREEN
106,0.9898,nordic_walk,nordic_walk,1,GREEN
106,0.9845,nordic_walk,nordic_walk,1,GREEN
106,0.9704,nordic_walk,nordic_walk,1,GREEN
106,0.9668,nordic_walk,nordic_walk,1,GREEN
106,0.9849,nordic_walk,nordic_walk,1,GREEN
106,0.9805,nordic_walk,nordic_walk,1,GREEN
106,0.9815,nordic_walk,nordic_walk,1,GREEN
106,0.9745,nordic_walk,nordic_walk,1,GREEN
106,0.9809,nordic_walk,nordic_walk,1,GREEN
106,0.9948,nordic_walk,nordic_walk,1,GREEN
106,0.9708,nordic_walk,nordic_walk,1,GREEN
106,0.9806,nordic_walk,nordic_walk,1,GREEN
106,0.9524,nordic_walk,nordic_walk,1,GREEN
106,0.9479,nordic_walk,nordic_walk,1,GREEN
106,0.9474,nordic_walk,nordic_walk,1,GREEN
106,0.9486,nordic_walk,nordic_walk,1,GREEN
106,0.9595,nordic_walk,nordic_walk,1,GREEN
106,0.9525,nordic_walk,nordic_walk,1,GREEN
106,0.906,nordic_walk,nordic_walk,1,GREEN
106,0.9227,nordic_walk,nordic_walk,1,GREEN
106,0.8871,nordic_walk,nordic_walk,1,GREEN
106,0.918,nordic_walk,nordic_walk,1,GREEN
106,0.9712,nordic_walk,nordic_walk,1,GREEN
106,0.9293,nordic_walk,nordic_walk,1,GREEN
106,0.9427,nordic_walk,nordic_walk,1,GREEN
106,0.9693,nordic_walk,nordic_walk,1,GREEN
106,0.9698,nordic_walk,nordic_walk,1,GREEN
106,0.9342,nordic_walk,nordic_walk,1,GREEN
106,0.9048,nordic_walk,nordic_walk,1,GREEN
106,0.8013,nordic_walk,nordic_walk,1,GREEN
106,0.8186,nordic_walk,nordic_walk,1,GREEN
106,0.921,nordic_walk,nordic_walk,1,GREEN
106,0.8985,nordic_walk,nordic_walk,1,GREEN
106,0.8811,nordic_walk,nordic_walk,1,GREEN
106,0.9099,nordic_walk,nordic_walk,1,GREEN
106,0.9496,nordic_walk,nordic_walk,1,GREEN
106,0.8976,nordic_walk,nordic_walk,1,GREEN
106,0.8822,nordic_walk,nordic_walk,1,GREEN
106,0.9402,nordic_walk,nordic_walk,1,GREEN
106,0.9498,nordic_walk,nordic_walk,1,GREEN
106,0.9127,nordic_walk,nordic_walk,1,GREEN
106,0.899,nordic_walk,nordic_walk,1,GREEN
106,0.9316,nordic_walk,nordic_walk,1,GREEN
106,0.9431,nordic_walk,nordic_walk,1,GREEN
106,0.9794,nordic_walk,nordic_walk,1,GREEN
106,0.9847,nordic_walk,nordic_walk,1,GREEN
106,0.9884,nordic_walk,nordic_walk,1,GREEN
106,0.9865,nordic_walk,nordic_walk,1,GREEN
106,0.9884,nordic_walk,nordic_walk,1,GREEN
106,0.9606,nordic_walk,nordic_walk,1,GREEN
106,0.9809,nordic_walk,nordic_walk,1,GREEN
106,0.9888,nordic_walk,nordic_walk,1,GREEN
106,0.9767,nordic_walk,nordic_walk,1,GREEN
106,0.9772,nordic_walk,nordic_walk,1,GREEN
106,0.9811,nordic_walk,nordic_walk,1,GREEN
106,0.9866,nordic_walk,nordic_walk,1,GREEN
106,0.9946,nordic_walk,nordic_walk,1,GREEN
106,0.99,nordic_walk,nordic_walk,1,GREEN
106,0.9807,nordic_walk,nordic_walk,1,GREEN
106,0.977,nordic_walk,nordic_walk,1,GREEN
106,0.9904,nordic_walk,nordic_walk,1,GREEN
106,0.9837,nordic_walk,nordic_walk,1,GREEN
106,0.9602,nordic_walk,nordic_walk,1,GREEN
106,0.9248,nordic_walk,nordic_walk,1,GREEN
106,0.8625,nordic_walk,nordic_walk,1,GREEN
106,0.8735,nordic_walk,nordic_walk,1,GREEN
106,0.9446,nordic_walk,nordic_walk,1,GREEN
106,0.9574,nordic_walk,nordic_walk,1,GREEN
106,0.9631,nordic_walk,nordic_walk,1,GREEN
106,0.9699,nordic_walk,nordic_walk,1,GREEN
106,0.9761,nordic_walk,nordic_walk,1,GREEN
106,0.9708,nordic_walk,nordic_walk,1,GREEN
106,0.9768,nordic_walk,nordic_walk,1,GREEN
106,0.9685,nordic_walk,nordic_walk,1,GREEN
106,0.9639,nordic_walk,nordic_walk,1,GREEN
106,0.9916,nordic_walk,nordic_walk,1,GREEN
106,0.9942,nordic_walk,nordic_walk,1,GREEN
106,0.9918,nordic_walk,nordic_walk,1,GREEN
106,0.9878,nordic_walk,nordic_walk,1,GREEN
106,0.9918,nordic_walk,nordic_walk,1,GREEN
106,0.9946,nordic_walk,nordic_walk,1,GREEN
106,0.9898,nordic_walk,nordic_walk,1,GREEN
106,0.9772,nordic_walk,nordic_walk,1,GREEN
106,0.9802,nordic_walk,nordic_walk,1,GREEN
106,0.9714,nordic_walk,nordic_walk,1,GREEN
106,0.9891,nordic_walk,nordic_walk,1,GREEN
106,0.9928,nordic_walk,nordic_walk,1,GREEN
106,0.9916,nordic_walk,nordic_walk,1,GREEN
106,0.9941,nordic_walk,nordic_walk,1,GREEN
106,0.9885,nordic_walk,nordic_walk,1,GREEN
106,0.9933,nordic_walk,nordic_walk,1,GREEN
106,0.861,nordic_walk,nordic_walk,1,GREEN
106,0.9879,nordic_walk,nordic_walk,1,GREEN
106,0.9853,nordic_walk,nordic_walk,1,GREEN
106,0.999,nordic_walk,nordic_walk,1,GREEN
106,1.0,nordic_walk,nordic_walk,1,GREEN
106,0.9936,nordic_walk,nordic_walk,1,GREEN
106,0.9943,nordic_walk,nordic_walk,1,GREEN
106,0.9774,nordic_walk,nordic_walk,1,GREEN
106,0.9668,nordic_walk,nordic_walk,1,GREEN
106,0.989,nordic_walk,nordic_walk,1,GREEN
106,0.9684,nordic_walk,nordic_walk,1,GREEN
106,0.9617,nordic_walk,nordic_walk,1,GREEN
106,0.9679,nordic_walk,nordic_walk,1,GREEN
106,0.9702,nordic_walk,nordic_walk,1,GREEN
106,0.9561,nordic_walk,nordic_walk,1,GREEN
106,0.9546,nordic_walk,nordic_walk,1,GREEN
106,0.9737,nordic_walk,nordic_walk,1,GREEN
106,0.9918,nordic_walk,nordic_walk,1,GREEN
106,0.9836,nordic_walk,nordic_walk,1,GREEN
106,0.9785,nordic_walk,nordic_walk,1,GREEN
106,0.9747,nordic_walk,nordic_walk,1,GREEN
106,0.9757,nordic_walk,nordic_walk,1,GREEN
106,0.9936,nordic_walk,nordic_walk,1,GREEN
106,0.9364,nordic_walk,nordic_walk,1,GREEN
106,0.9344,nordic_walk,nordic_walk,1,GREEN
106,0.9469,nordic_walk,nordic_walk,1,GREEN
106,0.9919,nordic_walk,nordic_walk,1,GREEN
106,0.9915,nordic_walk,nordic_walk,1,GREEN
106,0.997,nordic_walk,nordic_walk,1,GREEN
106,0.9688,nordic_walk,nordic_walk,1,GREEN
106,0.9629,nordic_walk,nordic_walk,1,GREEN
106,0.9933,nordic_walk,nordic_walk,1,GREEN
106,0.995,nordic_walk,nordic_walk,1,GREEN
106,0.9883,nordic_walk,nordic_walk,1,GREEN
106,0.9921,nordic_walk,nordic_walk,1,GREEN
106,0.9916,nordic_walk,nordic_walk,1,GREEN
106,0.9883,nordic_walk,nordic_walk,1,GREEN
106,0.9905,nordic_walk,nordic_walk,1,GREEN
106,0.9918,nordic_walk,nordic_walk,1,GREEN
106,0.9868,nordic_walk,nordic_walk,1,GREEN
106,0.9926,nordic_walk,nordic_walk,1,GREEN
106,0.9948,nordic_walk,nordic_walk,1,GREEN
106,0.9925,nordic_walk,nordic_walk,1,GREEN
106,0.9892,nordic_walk,nordic_walk,1,GREEN
106,0.9889,nordic_walk,nordic_walk,1,GREEN
106,0.9864,nordic_walk,nordic_walk,1,GREEN
106,0.984,nordic_walk,nordic_walk,1,GREEN
106,0.99,nordic_walk,nordic_walk,1,GREEN
106,0.9928,nordic_walk,nordic_walk,1,GREEN
106,0.9752,nordic_walk,nordic_walk,1,GREEN
106,0.9749,nordic_walk,nordic_walk,1,GREEN
106,0.995,nordic_walk,nordic_walk,1,GREEN
106,0.997,nordic_walk,nordic_walk,1,GREEN
106,0.9948,nordic_walk,nordic_walk,1,GREEN
106,0.9935,nordic_walk,nordic_walk,1,GREEN
106,0.9955,nordic_walk,nordic_walk,1,GREEN
106,0.9896,nordic_walk,nordic_walk,1,GREEN
106,0.9798,nordic_walk,nordic_walk,1,GREEN
106,0.9817,nordic_walk,nordic_walk,1,GREEN
106,0.9926,nordic_walk,nordic_walk,1,GREEN
106,0.9973,nordic_walk,nordic_walk,1,GREEN
106,0.9908,nordic_walk,nordic_walk,1,GREEN
106,0.9953,nordic_walk,nordic_walk,1,GREEN
106,0.995,nordic_walk,nordic_walk,1,GREEN
106,0.9911,nordic_walk,nordic_walk,1,GREEN
106,0.9926,nordic_walk,nordic_walk,1,GREEN
106,0.9876,nordic_walk,nordic_walk,1,GREEN
106,0.9867,nordic_walk,nordic_walk,1,GREEN
106,0.981,nordic_walk,nordic_walk,1,GREEN
106,0.9726,nordic_walk,nordic_walk,1,GREEN
106,0.9891,nordic_walk,nordic_walk,1,GREEN
106,0.9928,nordic_walk,nordic_walk,1,GREEN
106,0.9867,nordic_walk,nordic_walk,1,GREEN
106,0.8993,nordic_walk,nordic_walk,1,GREEN
106,0.997,nordic_walk,nordic_walk,1,GREEN
106,0.9955,nordic_walk,nordic_walk,1,GREEN
106,0.9814,nordic_walk,nordic_walk,1,GREEN
106,0.9918,nordic_walk,nordic_walk,1,GREEN
106,0.9919,nordic_walk,nordic_walk,1,GREEN
106,0.9941,nordic_walk,nordic_walk,1,GREEN
106,0.9903,nordic_walk,nordic_walk,1,GREEN
106,0.9921,nordic_walk,nordic_walk,1,GREEN
106,0.9736,nordic_walk,nordic_walk,1,GREEN
106,0.9689,nordic_walk,nordic_walk,1,GREEN
106,0.965,nordic_walk,nordic_walk,1,GREEN
106,0.9824,nordic_walk,nordic_walk,1,GREEN
106,0.9886,nordic_walk,nordic_walk,1,GREEN
106,0.8753,nordic_walk,nordic_walk,1,GREEN
106,0.8023,nordic_walk,nordic_walk,1,GREEN
106,0.6442,nordic_walk,nordic_walk,1,YELLOW
106,0.9145,nordic_walk,nordic_walk,1,GREEN
106,0.9673,nordic_walk,nordic_walk,1,GREEN
106,0.9965,nordic_walk,nordic_walk,1,GREEN
106,0.994,nordic_walk,nordic_walk,1,GREEN
106,0.9933,nordic_walk,nordic_walk,1,GREEN
106,0.9884,nordic_walk,nordic_walk,1,GREEN
106,0.9933,nordic_walk,nordic_walk,1,GREEN
106,0.9913,nordic_walk,nordic_walk,1,GREEN
106,0.998,nordic_walk,nordic_walk,1,GREEN
106,0.9941,nordic_walk,nordic_walk,1,GREEN
106,0.9734,nordic_walk,nordic_walk,1,GREEN
106,0.9662,nordic_walk,nordic_walk,1,GREEN
106,0.9945,nordic_walk,nordic_walk,1,GREEN
106,0.9955,nordic_walk,nordic_walk,1,GREEN
106,0.9892,nordic_walk,nordic_walk,1,GREEN
106,0.9864,nordic_walk,nordic_walk,1,GREEN
106,0.9783,nordic_walk,nordic_walk,1,GREEN
106,0.9567,nordic_walk,nordic_walk,1,GREEN
106,0.986,nordic_walk,nordic_walk,1,GREEN
106,0.9948,nordic_walk,nordic_walk,1,GREEN
106,0.9908,nordic_walk,nordic_walk,1,GREEN
106,0.982,nordic_walk,nordic_walk,1,GREEN
106,0.9792,nordic_walk,nordic_walk,1,GREEN
106,0.9523,nordic_walk,nordic_walk,1,GREEN
106,0.9521,nordic_walk,nordic_walk,1,GREEN
106,0.9723,nordic_walk,nordic_walk,1,GREEN
106,0.9881,nordic_walk,nordic_walk,1,GREEN
106,0.9803,nordic_walk,nordic_walk,1,GREEN
106,0.9796,nordic_walk,nordic_walk,1,GREEN
106,0.9715,nordic_walk,nordic_walk,1,GREEN
106,0.9696,nordic_walk,nordic_walk,1,GREEN
106,0.955,nordic_walk,nordic_walk,1,GREEN
106,0.9958,nordic_walk,nordic_walk,1,GREEN
106,0.987,nordic_walk,nordic_walk,1,GREEN
106,0.9752,nordic_walk,nordic_walk,1,GREEN
106,0.9589,nordic_walk,nordic_walk,1,GREEN
106,0.9866,nordic_walk,nordic_walk,1,GREEN
106,0.9963,nordic_walk,nordic_walk,1,GREEN
106,0.9951,nordic_walk,nordic_walk,1,GREEN
106,0.9889,nordic_walk,nordic_walk,1,GREEN
106,0.9788,nordic_walk,nordic_walk,1,GREEN
106,0.9838,nordic_walk,nordic_walk,1,GREEN
106,0.988,nordic_walk,nordic_walk,1,GREEN
106,0.9892,nordic_walk,nordic_walk,1,GREEN
106,0.989,nordic_walk,nordic_walk,1,GREEN
106,0.9774,nordic_walk,nordic_walk,1,GREEN
106,0.9866,nordic_walk,nordic_walk,1,GREEN
106,0.9661,nordic_walk,nordic_walk,1,GREEN
106,0.9635,nordic_walk,nordic_walk,1,GREEN
106,0.966,nordic_walk,nordic_walk,1,GREEN
106,0.9683,nordic_walk,nordic_walk,1,GREEN
106,0.9911,nordic_walk,nordic_walk,1,GREEN
106,0.981,nordic_walk,nordic_walk,1,GREEN
106,0.9625,nordic_walk,nordic_walk,1,GREEN
106,0.9846,nordic_walk,nordic_walk,1,GREEN
106,0.9932,nordic_walk,nordic_walk,1,GREEN
106,0.9917,nordic_walk,nordic_walk,1,GREEN
106,0.992,nordic_walk,nordic_walk,1,GREEN
106,0.9973,nordic_walk,nordic_walk,1,GREEN
106,0.9954,nordic_walk,nordic_walk,1,GREEN
106,0.9865,nordic_walk,nordic_walk,1,GREEN
106,0.995,nordic_walk,nordic_walk,1,GREEN
106,0.995,nordic_walk,nordic_walk,1,GREEN
106,0.9865,nordic_walk,nordic_walk,1,GREEN
106,0.9928,nordic_walk,nordic_walk,1,GREEN
106,0.9844,nordic_walk,nordic_walk,1,GREEN
106,0.99,nordic_walk,nordic_walk,1,GREEN
106,0.9963,nordic_walk,nordic_walk,1,GREEN
106,0.995,nordic_walk,nordic_walk,1,GREEN
106,0.9933,nordic_walk,nordic_walk,1,GREEN
106,0.9884,nordic_walk,nordic_walk,1,GREEN
106,0.9876,nordic_walk,nordic_walk,1,GREEN
106,0.9902,nordic_walk,nordic_walk,1,GREEN
106,0.9952,nordic_walk,nordic_walk,1,GREEN
106,0.973,nordic_walk,nordic_walk,1,GREEN
106,0.9296,nordic_walk,nordic_walk,1,GREEN
106,0.9832,nordic_walk,nordic_walk,1,GREEN
106,0.9864,nordic_walk,nordic_walk,1,GREEN
106,0.9877,nordic_walk,nordic_walk,1,GREEN
106,0.9796,nordic_walk,nordic_walk,1,GREEN
106,0.9807,nordic_walk,nordic_walk,1,GREEN
106,0.9875,nordic_walk,nordic_walk,1,GREEN
106,0.9882,nordic_walk,nordic_walk,1,GREEN
106,0.9854,nordic_walk,nordic_walk,1,GREEN
106,0.9609,nordic_walk,nordic_walk,1,GREEN
106,0.9869,nordic_walk,nordic_walk,1,GREEN
106,0.9872,nordic_walk,nordic_walk,1,GREEN
106,0.9876,nordic_walk,nordic_walk,1,GREEN
106,0.9712,nordic_walk,nordic_walk,1,GREEN
106,0.9672,nordic_walk,nordic_walk,1,GREEN
106,0.9756,nordic_walk,nordic_walk,1,GREEN
106,0.9745,nordic_walk,nordic_walk,1,GREEN
106,0.9807,nordic_walk,nordic_walk,1,GREEN
106,0.9841,nordic_walk,nordic_walk,1,GREEN
106,0.9906,nordic_walk,nordic_walk,1,GREEN
106,0.98,nordic_walk,nordic_walk,1,GREEN
106,0.9727,nordic_walk,nordic_walk,1,GREEN
106,0.9917,nordic_walk,nordic_walk,1,GREEN
106,0.9985,nordic_walk,nordic_walk,1,GREEN
106,0.9921,nordic_walk,nordic_walk,1,GREEN
106,0.9847,nordic_walk,nordic_walk,1,GREEN
106,0.976,nordic_walk,nordic_walk,1,GREEN
106,0.957,nordic_walk,nordic_walk,1,GREEN
106,0.9444,nordic_walk,nordic_walk,1,GREEN
106,0.9481,nordic_walk,nordic_walk,1,GREEN
106,0.9449,nordic_walk,nordic_walk,1,GREEN
106,0.9432,nordic_walk,nordic_walk,1,GREEN
106,0.9508,nordic_walk,nordic_walk,1,GREEN
106,0.9554,nordic_walk,nordic_walk,1,GREEN
106,0.9803,nordic_walk,nordic_walk,1,GREEN
106,0.9871,nordic_walk,nordic_walk,1,GREEN
106,0.9945,nordic_walk,nordic_walk,1,GREEN
106,0.9903,nordic_walk,nordic_walk,1,GREEN
106,0.9752,nordic_walk,nordic_walk,1,GREEN
106,0.994,nordic_walk,nordic_walk,1,GREEN
106,0.9948,nordic_walk,nordic_walk,1,GREEN
106,0.998,nordic_walk,nordic_walk,1,GREEN
106,0.9916,nordic_walk,nordic_walk,1,GREEN
106,0.9905,nordic_walk,nordic_walk,1,GREEN
106,0.9865,nordic_walk,nordic_walk,1,GREEN
106,0.9739,nordic_walk,nordic_walk,1,GREEN
106,0.6712,nordic_walk,nordic_walk,1,YELLOW
106,0.9931,nordic_walk,nordic_walk,1,GREEN
106,0.9958,nordic_walk,nordic_walk,1,GREEN
106,0.9827,nordic_walk,nordic_walk,1,GREEN
106,0.9737,nordic_walk,nordic_walk,1,GREEN
106,0.9948,nordic_walk,nordic_walk,1,GREEN
106,0.997,nordic_walk,nordic_walk,1,GREEN
106,0.9963,nordic_walk,nordic_walk,1,GREEN
106,0.9862,nordic_walk,nordic_walk,1,GREEN
106,0.9901,nordic_walk,nordic_walk,1,GREEN
106,0.9851,nordic_walk,nordic_walk,1,GREEN
106,0.9909,nordic_walk,nordic_walk,1,GREEN
106,0.9921,nordic_walk,nordic_walk,1,GREEN
106,0.9913,nordic_walk,nordic_walk,1,GREEN
106,0.9803,nordic_walk,nordic_walk,1,GREEN
106,0.9848,nordic_walk,nordic_walk,1,GREEN
106,0.9855,nordic_walk,nordic_walk,1,GREEN
106,0.9838,nordic_walk,nordic_walk,1,GREEN
106,0.9738,nordic_walk,nordic_walk,1,GREEN
106,0.947,nordic_walk,nordic_walk,1,GREEN
106,0.9273,nordic_walk,nordic_walk,1,GREEN
106,0.9858,nordic_walk,nordic_walk,1,GREEN
106,0.975,nordic_walk,nordic_walk,1,GREEN
106,0.9591,nordic_walk,nordic_walk,1,GREEN
106,0.9543,nordic_walk,nordic_walk,1,GREEN
106,0.9727,nordic_walk,nordic_walk,1,GREEN
106,0.9088,nordic_walk,nordic_walk,1,GREEN
106,0.8396,nordic_walk,nordic_walk,1,GREEN
106,0.9051,nordic_walk,nordic_walk,1,GREEN
106,0.9448,nordic_walk,nordic_walk,1,GREEN
106,0.9555,nordic_walk,nordic_walk,1,GREEN
106,0.9799,nordic_walk,nordic_walk,1,GREEN
106,0.978,nordic_walk,nordic_walk,1,GREEN
106,0.9688,nordic_walk,nordic_walk,1,GREEN
106,0.9849,nordic_walk,nordic_walk,1,GREEN
106,0.9622,nordic_walk,nordic_walk,1,GREEN
106,0.6909,nordic_walk,nordic_walk,1,YELLOW
106,0.64,nordic_walk,nordic_walk,1,YELLOW
106,0.9408,nordic_walk,nordic_walk,1,GREEN
106,0.9871,nordic_walk,nordic_walk,1,GREEN
106,0.9819,nordic_walk,nordic_walk,1,GREEN
106,0.9617,nordic_walk,nordic_walk,1,GREEN
106,0.7376,nordic_walk,nordic_walk,1,YELLOW
106,0.9876,nordic_walk,nordic_walk,1,GREEN
106,0.9873,nordic_walk,nordic_walk,1,GREEN
106,0.979,nordic_walk,nordic_walk,1,GREEN
106,0.9759,nordic_walk,nordic_walk,1,GREEN
106,0.9859,nordic_walk,nordic_walk,1,GREEN
106,0.9899,nordic_walk,nordic_walk,1,GREEN
106,0.9698,nordic_walk,nordic_walk,1,GREEN
106,0.9582,nordic_walk,nordic_walk,1,GREEN
106,0.953,nordic_walk,nordic_walk,1,GREEN
106,0.9369,nordic_walk,nordic_walk,1,GREEN
106,0.9586,nordic_walk,nordic_walk,1,GREEN
106,0.9718,nordic_walk,nordic_walk,1,GREEN
106,0.9799,nordic_walk,nordic_walk,1,GREEN
106,0.9863,nordic_walk,nordic_walk,1,GREEN
106,0.9792,nordic_walk,nordic_walk,1,GREEN
106,0.9886,nordic_walk,nordic_walk,1,GREEN
106,0.9854,nordic_walk,nordic_walk,1,GREEN
106,0.9716,nordic_walk,nordic_walk,1,GREEN
106,0.9724,nordic_walk,nordic_walk,1,GREEN
106,0.967,nordic_walk,nordic_walk,1,GREEN
106,0.8972,nordic_walk,nordic_walk,1,GREEN
106,0.6152,nordic_walk,nordic_walk,1,YELLOW
106,0.5352,walking,nordic_walk,0,YELLOW
106,0.6054,nordic_walk,nordic_walk,1,YELLOW
106,0.851,nordic_walk,nordic_walk,1,GREEN
106,0.9014,nordic_walk,nordic_walk,1,GREEN
106,0.9906,nordic_walk,nordic_walk,1,GREEN
106,0.9958,nordic_walk,nordic_walk,1,GREEN
106,0.9153,nordic_walk,nordic_walk,1,GREEN
106,0.829,nordic_walk,nordic_walk,1,GREEN
106,0.9926,nordic_walk,nordic_walk,1,GREEN
106,0.9948,nordic_walk,nordic_walk,1,GREEN
106,0.9907,nordic_walk,nordic_walk,1,GREEN
106,0.991,nordic_walk,nordic_walk,1,GREEN
106,0.9929,nordic_walk,nordic_walk,1,GREEN
106,0.9955,nordic_walk,nordic_walk,1,GREEN
106,0.9863,nordic_walk,nordic_walk,1,GREEN
106,0.9758,nordic_walk,nordic_walk,1,GREEN
106,0.8991,nordic_walk,nordic_walk,1,GREEN
106,0.9011,nordic_walk,nordic_walk,1,GREEN
106,0.9671,nordic_walk,nordic_walk,1,GREEN
106,0.9624,nordic_walk,nordic_walk,1,GREEN
106,0.9881,nordic_walk,nordic_walk,1,GREEN
106,0.9905,nordic_walk,nordic_walk,1,GREEN
106,0.9881,nordic_walk,nordic_walk,1,GREEN
106,0.9886,nordic_walk,nordic_walk,1,GREEN
106,0.997,nordic_walk,nordic_walk,1,GREEN
106,0.9955,nordic_walk,nordic_walk,1,GREEN
106,0.9936,nordic_walk,nordic_walk,1,GREEN
106,0.9838,nordic_walk,nordic_walk,1,GREEN
106,0.9923,nordic_walk,nordic_walk,1,GREEN
106,0.9918,nordic_walk,nordic_walk,1,GREEN
106,0.9941,nordic_walk,nordic_walk,1,GREEN
106,0.9928,nordic_walk,nordic_walk,1,GREEN
106,0.9796,nordic_walk,nordic_walk,1,GREEN
106,0.9918,nordic_walk,nordic_walk,1,GREEN
106,0.9948,nordic_walk,nordic_walk,1,GREEN
106,0.9958,nordic_walk,nordic_walk,1,GREEN
106,0.9814,nordic_walk,nordic_walk,1,GREEN
106,0.9729,nordic_walk,nordic_walk,1,GREEN
106,0.9682,nordic_walk,nordic_walk,1,GREEN
106,0.9805,nordic_walk,nordic_walk,1,GREEN
106,0.872,nordic_walk,nordic_walk,1,GREEN
106,0.9128,nordic_walk,nordic_walk,1,GREEN
106,0.8081,nordic_walk,nordic_walk,1,GREEN
106,0.9677,nordic_walk,nordic_walk,1,GREEN
106,0.9089,nordic_walk,nordic_walk,1,GREEN
106,0.9476,nordic_walk,nordic_walk,1,GREEN
106,0.9048,nordic_walk,nordic_walk,1,GREEN
106,0.8805,nordic_walk,nordic_walk,1,GREEN
106,0.6642,nordic_walk,nordic_walk,1,YELLOW
106,0.7736,nordic_walk,nordic_walk,1,GREEN
106,0.8268,nordic_walk,nordic_walk,1,GREEN
106,0.6541,nordic_walk,nordic_walk,1,YELLOW
106,0.7882,nordic_walk,nordic_walk,1,GREEN
106,0.7482,nordic_walk,nordic_walk,1,YELLOW
106,0.3968,nordic_walk,nordic_walk,1,RED
106,0.5554,nordic_walk,nordic_walk,1,YELLOW
106,0.5951,nordic_walk,nordic_walk,1,YELLOW
106,0.5635,nordic_walk,nordic_walk,1,YELLOW
106,0.461,nordic_walk,nordic_walk,1,YELLOW
106,0.4488,nordic_walk,nordic_walk,1,RED
106,0.2502,nordic_walk,nordic_walk,1,RED
106,0.7541,cycling,cycling,1,GREEN
106,0.7317,cycling,cycling,1,YELLOW
106,0.8153,cycling,cycling,1,GREEN
106,0.7419,cycling,cycling,1,YELLOW
106,0.7024,cycling,cycling,1,YELLOW
106,0.6722,cycling,cycling,1,YELLOW
106,0.6732,cycling,cycling,1,YELLOW
106,0.7191,cycling,cycling,1,YELLOW
106,0.709,cycling,cycling,1,YELLOW
106,0.8856,cycling,cycling,1,GREEN
106,0.8674,cycling,cycling,1,GREEN
106,0.8624,cycling,cycling,1,GREEN
106,0.8369,cycling,cycling,1,GREEN
106,0.9256,cycling,cycling,1,GREEN
106,0.9181,cycling,cycling,1,GREEN
106,0.8833,cycling,cycling,1,GREEN
106,0.8867,cycling,cycling,1,GREEN
106,0.9251,cycling,cycling,1,GREEN
106,0.92,cycling,cycling,1,GREEN
106,0.9161,cycling,cycling,1,GREEN
106,0.9802,cycling,cycling,1,GREEN
106,0.9896,cycling,cycling,1,GREEN
106,1.0,cycling,cycling,1,GREEN
106,0.9963,cycling,cycling,1,GREEN
106,0.9787,cycling,cycling,1,GREEN
106,0.9618,cycling,cycling,1,GREEN
106,0.9758,cycling,cycling,1,GREEN
106,0.9733,cycling,cycling,1,GREEN
106,0.9581,cycling,cycling,1,GREEN
106,0.988,cycling,cycling,1,GREEN
106,0.9878,cycling,cycling,1,GREEN
106,0.9881,cycling,cycling,1,GREEN
106,1.0,cycling,cycling,1,GREEN
106,0.9985,cycling,cycling,1,GREEN
106,0.9918,cycling,cycling,1,GREEN
106,0.9919,cycling,cycling,1,GREEN
106,0.9992,cycling,cycling,1,GREEN
106,0.9983,cycling,cycling,1,GREEN
106,0.879,cycling,cycling,1,GREEN
106,0.8792,cycling,cycling,1,GREEN
106,0.9875,cycling,cycling,1,GREEN
106,0.996,cycling,cycling,1,GREEN
106,0.9959,cycling,cycling,1,GREEN
106,0.9987,cycling,cycling,1,GREEN
106,0.9968,cycling,cycling,1,GREEN
106,0.9978,cycling,cycling,1,GREEN
106,0.9992,cycling,cycling,1,GREEN
106,0.997,cycling,cycling,1,GREEN
106,0.9948,cycling,cycling,1,GREEN
106,0.9985,cycling,cycling,1,GREEN
106,1.0,cycling,cycling,1,GREEN
106,0.9955,cycling,cycling,1,GREEN
106,0.9881,cycling,cycling,1,GREEN
106,0.9819,cycling,cycling,1,GREEN
106,0.9881,cycling,cycling,1,GREEN
106,0.9978,cycling,cycling,1,GREEN
106,0.9854,cycling,cycling,1,GREEN
106,0.9849,cycling,cycling,1,GREEN
106,0.991,cycling,cycling,1,GREEN
106,0.9812,cycling,cycling,1,GREEN
106,0.9922,cycling,cycling,1,GREEN
106,0.9985,cycling,cycling,1,GREEN
106,0.9298,cycling,cycling,1,GREEN
106,0.9353,cycling,cycling,1,GREEN
106,0.985,cycling,cycling,1,GREEN
106,0.8872,cycling,cycling,1,GREEN
106,0.8079,cycling,cycling,1,GREEN
106,0.9163,cycling,cycling,1,GREEN
106,0.9685,cycling,cycling,1,GREEN
106,0.9838,cycling,cycling,1,GREEN
106,0.9647,cycling,cycling,1,GREEN
106,0.9658,cycling,cycling,1,GREEN
106,0.9749,cycling,cycling,1,GREEN
106,0.9852,cycling,cycling,1,GREEN
106,0.9908,cycling,cycling,1,GREEN
106,0.9978,cycling,cycling,1,GREEN
106,0.9883,cycling,cycling,1,GREEN
106,0.9761,cycling,cycling,1,GREEN
106,0.9743,cycling,cycling,1,GREEN
106,0.9904,cycling,cycling,1,GREEN
106,0.9985,cycling,cycling,1,GREEN
106,1.0,cycling,cycling,1,GREEN
106,1.0,cycling,cycling,1,GREEN
106,0.9985,cycling,cycling,1,GREEN
106,0.9985,cycling,cycling,1,GREEN
106,0.9983,cycling,cycling,1,GREEN
106,0.994,cycling,cycling,1,GREEN
106,0.9612,cycling,cycling,1,GREEN
106,0.915,cycling,cycling,1,GREEN
106,0.9197,cycling,cycling,1,GREEN
106,0.9604,cycling,cycling,1,GREEN
106,0.9629,cycling,cycling,1,GREEN
106,0.9047,cycling,cycling,1,GREEN
106,0.9249,cycling,cycling,1,GREEN
106,0.9511,cycling,cycling,1,GREEN
106,0.9411,cycling,cycling,1,GREEN
106,0.938,cycling,cycling,1,GREEN
106,0.9731,cycling,cycling,1,GREEN
106,0.852,cycling,cycling,1,GREEN
106,0.8324,cycling,cycling,1,GREEN
106,0.9397,cycling,cycling,1,GREEN
106,0.963,cycling,cycling,1,GREEN
106,0.9569,cycling,cycling,1,GREEN
106,0.9568,cycling,cycling,1,GREEN
106,0.9608,cycling,cycling,1,GREEN
106,0.9601,cycling,cycling,1,GREEN
106,0.9494,cycling,cycling,1,GREEN
106,0.9635,cycling,cycling,1,GREEN
106,0.9762,cycling,cycling,1,GREEN
106,0.9738,cycling,cycling,1,GREEN
106,0.9641,cycling,cycling,1,GREEN
106,0.9799,cycling,cycling,1,GREEN
106,0.9734,cycling,cycling,1,GREEN
106,0.9624,cycling,cycling,1,GREEN
106,0.9751,cycling,cycling,1,GREEN
106,0.969,cycling,cycling,1,GREEN
106,0.9821,cycling,cycling,1,GREEN
106,0.9869,cycling,cycling,1,GREEN
106,0.9853,cycling,cycling,1,GREEN
106,0.9744,cycling,cycling,1,GREEN
106,0.9687,cycling,cycling,1,GREEN
106,0.9933,cycling,cycling,1,GREEN
106,0.997,cycling,cycling,1,GREEN
106,0.998,cycling,cycling,1,GREEN
106,0.9935,cycling,cycling,1,GREEN
106,0.9327,cycling,cycling,1,GREEN
106,0.9433,cycling,cycling,1,GREEN
106,0.9689,cycling,cycling,1,GREEN
106,0.9525,cycling,cycling,1,GREEN
106,0.9547,cycling,cycling,1,GREEN
106,0.9667,cycling,cycling,1,GREEN
106,0.9519,cycling,cycling,1,GREEN
106,0.9652,cycling,cycling,1,GREEN
106,0.9848,cycling,cycling,1,GREEN
106,0.996,cycling,cycling,1,GREEN
106,1.0,cycling,cycling,1,GREEN
106,0.992,cycling,cycling,1,GREEN
106,0.9959,cycling,cycling,1,GREEN
106,0.9814,cycling,cycling,1,GREEN
106,0.817,cycling,cycling,1,GREEN
106,0.7292,cycling,cycling,1,YELLOW
106,0.8515,cycling,cycling,1,GREEN
106,0.8702,cycling,cycling,1,GREEN
106,0.9192,cycling,cycling,1,GREEN
106,0.9013,cycling,cycling,1,GREEN
106,0.7923,cycling,cycling,1,GREEN
106,0.8858,cycling,cycling,1,GREEN
106,0.7937,cycling,cycling,1,GREEN
106,0.8973,cycling,cycling,1,GREEN
106,0.9931,cycling,cycling,1,GREEN
106,0.9816,cycling,cycling,1,GREEN
106,0.9904,cycling,cycling,1,GREEN
106,0.9985,cycling,cycling,1,GREEN
106,0.9963,cycling,cycling,1,GREEN
106,0.9978,cycling,cycling,1,GREEN
106,0.9985,cycling,cycling,1,GREEN
106,0.9985,cycling,cycling,1,GREEN
106,1.0,cycling,cycling,1,GREEN
106,0.9983,cycling,cycling,1,GREEN
106,0.9963,cycling,cycling,1,GREEN
106,0.9978,cycling,cycling,1,GREEN
106,0.9948,cycling,cycling,1,GREEN
106,0.9947,cycling,cycling,1,GREEN
106,0.9832,cycling,cycling,1,GREEN
106,0.9764,cycling,cycling,1,GREEN
106,0.9714,cycling,cycling,1,GREEN
106,0.9539,cycling,cycling,1,GREEN
106,0.9315,cycling,cycling,1,GREEN
106,0.9618,cycling,cycling,1,GREEN
106,0.9158,cycling,cycling,1,GREEN
106,0.9749,cycling,cycling,1,GREEN
106,0.9179,cycling,cycling,1,GREEN
106,0.7498,cycling,cycling,1,YELLOW
106,0.9043,cycling,cycling,1,GREEN
106,0.8184,cycling,cycling,1,GREEN
106,0.8097,cycling,cycling,1,GREEN
106,0.9432,cycling,cycling,1,GREEN
106,0.9731,cycling,cycling,1,GREEN
106,0.9911,cycling,cycling,1,GREEN
106,0.9864,cycling,cycling,1,GREEN
106,0.9756,cycling,cycling,1,GREEN
106,0.9616,cycling,cycling,1,GREEN
106,0.9661,cycling,cycling,1,GREEN
106,0.9354,cycling,cycling,1,GREEN
106,0.9713,cycling,cycling,1,GREEN
106,0.9887,cycling,cycling,1,GREEN
106,0.9906,cycling,cycling,1,GREEN
106,0.9694,cycling,cycling,1,GREEN
106,0.9764,cycling,cycling,1,GREEN
106,0.9761,cycling,cycling,1,GREEN
106,0.9719,cycling,cycling,1,GREEN
106,0.9465,cycling,cycling,1,GREEN
106,0.9447,cycling,cycling,1,GREEN
106,0.9816,cycling,cycling,1,GREEN
106,0.9809,cycling,cycling,1,GREEN
106,0.9804,cycling,cycling,1,GREEN
106,0.9955,cycling,cycling,1,GREEN
106,1.0,cycling,cycling,1,GREEN
106,1.0,cycling,cycling,1,GREEN
106,0.997,cycling,cycling,1,GREEN
106,0.9949,cycling,cycling,1,GREEN
106,0.9805,cycling,cycling,1,GREEN
106,0.968,cycling,cycling,1,GREEN
106,0.9693,cycling,cycling,1,GREEN
106,0.9556,cycling,cycling,1,GREEN
106,0.9696,cycling,cycling,1,GREEN
106,0.9745,cycling,cycling,1,GREEN
106,0.9683,cycling,cycling,1,GREEN
106,0.9825,cycling,cycling,1,GREEN
106,0.9912,cycling,cycling,1,GREEN
106,0.99,cycling,cycling,1,GREEN
106,0.9451,cycling,cycling,1,GREEN
106,0.909,cycling,cycling,1,GREEN
106,0.9385,cycling,cycling,1,GREEN
106,0.9076,cycling,cycling,1,GREEN
106,0.9203,cycling,cycling,1,GREEN
106,0.8612,cycling,cycling,1,GREEN
106,0.7834,cycling,cycling,1,GREEN
106,0.8381,cycling,cycling,1,GREEN
106,0.8111,cycling,cycling,1,GREEN
106,0.8673,cycling,cycling,1,GREEN
106,0.9863,cycling,cycling,1,GREEN
106,0.9701,cycling,cycling,1,GREEN
106,0.9235,cycling,cycling,1,GREEN
106,0.9791,cycling,cycling,1,GREEN
106,0.9931,cycling,cycling,1,GREEN
106,0.9789,cycling,cycling,1,GREEN
106,0.977,cycling,cycling,1,GREEN
106,0.9996,cycling,cycling,1,GREEN
106,0.9976,cycling,cycling,1,GREEN
106,0.9918,cycling,cycling,1,GREEN
106,0.9904,cycling,cycling,1,GREEN
106,0.9978,cycling,cycling,1,GREEN
106,0.997,cycling,cycling,1,GREEN
106,0.9911,cycling,cycling,1,GREEN
106,0.9985,cycling,cycling,1,GREEN
106,0.9988,cycling,cycling,1,GREEN
106,0.9995,cycling,cycling,1,GREEN
106,0.9955,cycling,cycling,1,GREEN
106,0.9829,cycling,cycling,1,GREEN
106,0.9535,cycling,cycling,1,GREEN
106,0.8964,cycling,cycling,1,GREEN
106,0.915,cycling,cycling,1,GREEN
106,0.9661,cycling,cycling,1,GREEN
106,1.0,cycling,cycling,1,GREEN
106,0.9842,cycling,cycling,1,GREEN
106,0.9879,cycling,cycling,1,GREEN
106,0.9743,cycling,cycling,1,GREEN
106,0.8215,cycling,cycling,1,GREEN
106,0.8512,cycling,cycling,1,GREEN
106,0.8948,cycling,cycling,1,GREEN
106,0.8296,cycling,cycling,1,GREEN
106,0.8862,cycling,cycling,1,GREEN
106,0.9792,cycling,cycling,1,GREEN
106,0.9668,cycling,cycling,1,GREEN
106,0.9644,cycling,cycling,1,GREEN
106,0.9465,cycling,cycling,1,GREEN
106,0.9377,cycling,cycling,1,GREEN
106,0.9426,cycling,cycling,1,GREEN
106,0.93,cycling,cycling,1,GREEN
106,0.9403,cycling,cycling,1,GREEN
106,0.9763,cycling,cycling,1,GREEN
106,0.9721,cycling,cycling,1,GREEN
106,0.9468,cycling,cycling,1,GREEN
106,0.9439,cycling,cycling,1,GREEN
106,0.9478,cycling,cycling,1,GREEN
106,0.9424,cycling,cycling,1,GREEN
106,0.9569,cycling,cycling,1,GREEN
106,0.9346,cycling,cycling,1,GREEN
106,0.9542,cycling,cycling,1,GREEN
106,0.9723,cycling,cycling,1,GREEN
106,0.9861,cycling,cycling,1,GREEN
106,0.996,cycling,cycling,1,GREEN
106,0.9813,cycling,cycling,1,GREEN
106,0.9783,cycling,cycling,1,GREEN
106,0.9212,cycling,cycling,1,GREEN
106,0.9445,cycling,cycling,1,GREEN
106,0.9342,cycling,cycling,1,GREEN
106,0.9322,cycling,cycling,1,GREEN
106,0.9344,cycling,cycling,1,GREEN
106,0.9341,cycling,cycling,1,GREEN
106,0.9377,cycling,cycling,1,GREEN
106,0.9532,cycling,cycling,1,GREEN
106,0.9875,cycling,cycling,1,GREEN
106,0.997,cycling,cycling,1,GREEN
106,0.9955,cycling,cycling,1,GREEN
106,0.9913,cycling,cycling,1,GREEN
106,0.968,cycling,cycling,1,GREEN
106,0.8824,cycling,cycling,1,GREEN
106,0.8209,cycling,cycling,1,GREEN
106,0.8397,cycling,cycling,1,GREEN
106,0.8276,cycling,cycling,1,GREEN
106,0.8562,cycling,cycling,1,GREEN
106,0.9695,cycling,cycling,1,GREEN
106,0.9555,cycling,cycling,1,GREEN
106,0.9456,cycling,cycling,1,GREEN
106,0.9788,cycling,cycling,1,GREEN
106,0.9719,cycling,cycling,1,GREEN
106,0.9735,cycling,cycling,1,GREEN
106,0.9674,cycling,cycling,1,GREEN
106,0.9512,cycling,cycling,1,GREEN
106,0.9552,cycling,cycling,1,GREEN
106,0.9553,cycling,cycling,1,GREEN
106,0.9843,cycling,cycling,1,GREEN
106,0.9871,cycling,cycling,1,GREEN
106,0.9995,cycling,cycling,1,GREEN
106,0.9921,cycling,cycling,1,GREEN
106,0.9563,cycling,cycling,1,GREEN
106,0.9957,cycling,cycling,1,GREEN
106,0.9959,cycling,cycling,1,GREEN
106,0.9993,cycling,cycling,1,GREEN
106,0.997,cycling,cycling,1,GREEN
106,0.977,cycling,cycling,1,GREEN
106,0.9595,cycling,cycling,1,GREEN
106,0.928,cycling,cycling,1,GREEN
106,0.9727,cycling,cycling,1,GREEN
106,0.9024,cycling,cycling,1,GREEN
106,0.9177,cycling,cycling,1,GREEN
106,0.9985,cycling,cycling,1,GREEN
106,0.9931,cycling,cycling,1,GREEN
106,0.9618,cycling,cycling,1,GREEN
106,0.828,cycling,cycling,1,GREEN
106,0.8105,cycling,cycling,1,GREEN
106,0.861,cycling,cycling,1,GREEN
106,0.9627,cycling,cycling,1,GREEN
106,0.9529,cycling,cycling,1,GREEN
106,0.9802,cycling,cycling,1,GREEN
106,0.9714,cycling,cycling,1,GREEN
106,0.9305,cycling,cycling,1,GREEN
106,0.9443,cycling,cycling,1,GREEN
106,0.9704,cycling,cycling,1,GREEN
106,0.9688,cycling,cycling,1,GREEN
106,0.9542,cycling,cycling,1,GREEN
106,0.9622,cycling,cycling,1,GREEN
106,0.969,cycling,cycling,1,GREEN
106,0.9755,cycling,cycling,1,GREEN
106,0.9551,cycling,cycling,1,GREEN
106,0.9687,cycling,cycling,1,GREEN
106,0.9674,cycling,cycling,1,GREEN
106,0.9708,cycling,cycling,1,GREEN
106,0.9768,cycling,cycling,1,GREEN
106,0.9491,cycling,cycling,1,GREEN
106,0.9636,cycling,cycling,1,GREEN
106,0.982,cycling,cycling,1,GREEN
106,0.9921,cycling,cycling,1,GREEN
106,1.0,cycling,cycling,1,GREEN
106,0.9869,cycling,cycling,1,GREEN
106,0.9801,cycling,cycling,1,GREEN
106,0.9331,cycling,cycling,1,GREEN
106,0.9326,cycling,cycling,1,GREEN
106,0.9537,cycling,cycling,1,GREEN
106,0.9722,cycling,cycling,1,GREEN
106,0.9464,cycling,cycling,1,GREEN
106,0.958,cycling,cycling,1,GREEN
106,0.9809,cycling,cycling,1,GREEN
106,0.9712,cycling,cycling,1,GREEN
106,0.9665,cycling,cycling,1,GREEN
106,0.9812,cycling,cycling,1,GREEN
106,0.9938,cycling,cycling,1,GREEN
106,0.9933,cycling,cycling,1,GREEN
106,0.9182,cycling,cycling,1,GREEN
106,0.8329,cycling,cycling,1,GREEN
106,0.8753,cycling,cycling,1,GREEN
106,0.8336,cycling,cycling,1,GREEN
106,0.8048,cycling,cycling,1,GREEN
106,0.7869,cycling,cycling,1,GREEN
106,0.5963,cycling,cycling,1,YELLOW
106,0.6973,cycling,cycling,1,YELLOW
106,0.9393,cycling,cycling,1,GREEN
106,0.9771,cycling,cycling,1,GREEN
106,0.972,cycling,cycling,1,GREEN
106,0.9627,cycling,cycling,1,GREEN
106,0.9574,cycling,cycling,1,GREEN
106,0.9669,cycling,cycling,1,GREEN
106,0.9853,cycling,cycling,1,GREEN
106,0.9942,cycling,cycling,1,GREEN
106,1.0,cycling,cycling,1,GREEN
106,0.9985,cycling,cycling,1,GREEN
106,0.9985,cycling,cycling,1,GREEN
106,0.9995,cycling,cycling,1,GREEN
106,0.9938,cycling,cycling,1,GREEN
106,0.9975,cycling,cycling,1,GREEN
106,0.9985,cycling,cycling,1,GREEN
106,0.9995,cycling,cycling,1,GREEN
106,0.9874,cycling,cycling,1,GREEN
106,0.9725,cycling,cycling,1,GREEN
106,0.9616,cycling,cycling,1,GREEN
106,0.9436,cycling,cycling,1,GREEN
106,0.967,cycling,cycling,1,GREEN
106,0.6383,cycling,cycling,1,YELLOW
106,0.6121,cycling,cycling,1,YELLOW
106,0.6851,cycling,cycling,1,YELLOW
106,0.829,cycling,cycling,1,GREEN
106,0.7801,cycling,cycling,1,GREEN
106,0.6996,cycling,cycling,1,YELLOW
106,0.7112,cycling,cycling,1,YELLOW
106,0.3619,stairs_up,cycling,0,RED
106,0.4076,stairs_up,cycling,0,RED
106,0.4451,stairs_up,cycling,0,RED
106,0.33,ironing,cycling,0,RED
106,0.3632,ironing,cycling,0,RED
106,0.3918,ironing,cycling,0,RED
106,0.3591,ironing,cycling,0,RED
106,0.4259,ironing,cycling,0,RED
106,0.2352,ironing,cycling,0,RED
106,0.2713,standing,cycling,0,RED
106,0.4446,standing,cycling,0,RED
106,0.2131,standing,running,0,RED
106,0.2294,stairs_up,running,0,RED
106,0.2228,standing,running,0,RED
106,0.2232,stairs_up,running,0,RED
106,0.281,standing,running,0,RED
106,0.2603,stairs_up,running,0,RED
106,0.2412,walking,running,0,RED
106,0.2606,standing,running,0,RED
106,0.2052,walking,running,0,RED
106,0.2618,standing,running,0,RED
106,0.3116,stairs_up,running,0,RED
106,0.2364,stairs_up,running,0,RED
106,0.3061,vacuuming,running,0,RED
106,0.4941,vacuuming,running,0,YELLOW
106,0.4414,running,running,1,RED
106,0.8521,running,running,1,GREEN
106,0.9391,running,running,1,GREEN
106,0.926,running,running,1,GREEN
106,0.9592,running,running,1,GREEN
106,0.9912,running,running,1,GREEN
106,0.9886,running,running,1,GREEN
106,0.9719,running,running,1,GREEN
106,0.9729,running,running,1,GREEN
106,0.9681,running,running,1,GREEN
106,0.9847,running,running,1,GREEN
106,0.9863,running,running,1,GREEN
106,0.9878,running,running,1,GREEN
106,0.9731,running,running,1,GREEN
106,0.9711,running,running,1,GREEN
106,0.9711,running,running,1,GREEN
106,0.9941,running,running,1,GREEN
106,0.9894,running,running,1,GREEN
106,0.9798,running,running,1,GREEN
106,0.9813,running,running,1,GREEN
106,0.983,running,running,1,GREEN
106,0.9816,running,running,1,GREEN
106,0.9701,running,running,1,GREEN
106,0.9821,running,running,1,GREEN
106,0.9762,running,running,1,GREEN
106,0.9847,running,running,1,GREEN
106,0.9908,running,running,1,GREEN
106,0.9916,running,running,1,GREEN
106,0.9827,running,running,1,GREEN
106,0.9889,running,running,1,GREEN
106,0.9886,running,running,1,GREEN
106,0.9808,running,running,1,GREEN
106,0.9851,running,running,1,GREEN
106,0.9823,running,running,1,GREEN
106,0.9835,running,running,1,GREEN
106,0.9822,running,running,1,GREEN
106,0.9845,running,running,1,GREEN
106,0.9877,running,running,1,GREEN
106,0.991,running,running,1,GREEN
106,0.9835,running,running,1,GREEN
106,0.9853,running,running,1,GREEN
106,0.99,running,running,1,GREEN
106,0.9929,running,running,1,GREEN
106,0.9897,running,running,1,GREEN
106,0.9898,running,running,1,GREEN
106,0.9896,running,running,1,GREEN
106,0.9941,running,running,1,GREEN
106,0.9917,running,running,1,GREEN
106,0.9875,running,running,1,GREEN
106,0.9876,running,running,1,GREEN
106,0.993,running,running,1,GREEN
106,0.9946,running,running,1,GREEN
106,0.9966,running,running,1,GREEN
106,0.9885,running,running,1,GREEN
106,0.9863,running,running,1,GREEN
106,0.9844,running,running,1,GREEN
106,0.9853,running,running,1,GREEN
106,0.9845,running,running,1,GREEN
106,0.9876,running,running,1,GREEN
106,0.9845,running,running,1,GREEN
106,0.9833,running,running,1,GREEN
106,0.9872,running,running,1,GREEN
106,0.9921,running,running,1,GREEN
106,0.9957,running,running,1,GREEN
106,0.9985,running,running,1,GREEN
106,0.9966,running,running,1,GREEN
106,0.9886,running,running,1,GREEN
106,0.9917,running,running,1,GREEN
106,0.9906,running,running,1,GREEN
106,0.9945,running,running,1,GREEN
106,0.9954,running,running,1,GREEN
106,0.9971,running,running,1,GREEN
106,0.9886,running,running,1,GREEN
106,0.9915,running,running,1,GREEN
106,0.9891,running,running,1,GREEN
106,0.9839,running,running,1,GREEN
106,0.9848,running,running,1,GREEN
106,0.9869,running,running,1,GREEN
106,0.9857,running,running,1,GREEN
106,0.9858,running,running,1,GREEN
106,0.9858,running,running,1,GREEN
106,0.9876,running,running,1,GREEN
106,0.9847,running,running,1,GREEN
106,0.9901,running,running,1,GREEN
106,0.9969,running,running,1,GREEN
106,0.9751,running,running,1,GREEN
106,0.9809,running,running,1,GREEN
106,0.9875,running,running,1,GREEN
106,0.981,running,running,1,GREEN
106,0.9904,running,running,1,GREEN
106,0.9869,running,running,1,GREEN
106,0.9802,running,running,1,GREEN
106,0.9884,running,running,1,GREEN
106,0.9713,running,running,1,GREEN
106,0.9836,running,running,1,GREEN
106,0.9955,running,running,1,GREEN
106,0.9828,running,running,1,GREEN
106,0.9916,running,running,1,GREEN
106,0.9929,running,running,1,GREEN
106,0.9922,running,running,1,GREEN
106,0.9893,running,running,1,GREEN
106,0.9847,running,running,1,GREEN
106,0.9821,running,running,1,GREEN
106,0.9852,running,running,1,GREEN
106,0.9888,running,running,1,GREEN
106,0.9942,running,running,1,GREEN
106,0.9884,running,running,1,GREEN
106,0.9916,running,running,1,GREEN
106,0.9951,running,running,1,GREEN
106,0.9867,running,running,1,GREEN
106,0.9866,running,running,1,GREEN
106,0.9914,running,running,1,GREEN
106,0.9848,running,running,1,GREEN
106,0.9875,running,running,1,GREEN
106,0.9815,running,running,1,GREEN
106,0.9852,running,running,1,GREEN
106,0.9849,running,running,1,GREEN
106,0.9844,running,running,1,GREEN
106,0.9855,running,running,1,GREEN
106,0.9864,running,running,1,GREEN
106,0.9894,running,running,1,GREEN
106,0.9859,running,running,1,GREEN
106,0.9809,running,running,1,GREEN
106,0.9909,running,running,1,GREEN
106,0.9887,running,running,1,GREEN
106,0.9872,running,running,1,GREEN
106,0.9888,running,running,1,GREEN
106,0.9923,running,running,1,GREEN
106,0.9862,running,running,1,GREEN
106,0.9905,running,running,1,GREEN
106,0.9806,running,running,1,GREEN
106,0.9846,running,running,1,GREEN
106,0.9877,running,running,1,GREEN
106,0.9925,running,running,1,GREEN
106,0.986,running,running,1,GREEN
106,0.9848,running,running,1,GREEN
106,0.9936,running,running,1,GREEN
106,0.9945,running,running,1,GREEN
106,0.9895,running,running,1,GREEN
106,0.9957,running,running,1,GREEN
106,0.9934,running,running,1,GREEN
106,0.9925,running,running,1,GREEN
106,0.998,running,running,1,GREEN
106,0.9902,running,running,1,GREEN
106,0.9839,running,running,1,GREEN
106,0.9662,running,running,1,GREEN
106,0.9918,running,running,1,GREEN
106,0.9857,running,running,1,GREEN
106,0.9884,running,running,1,GREEN
106,0.9897,running,running,1,GREEN
106,0.9857,running,running,1,GREEN
106,0.993,running,running,1,GREEN
106,0.9882,running,running,1,GREEN
106,0.9882,running,running,1,GREEN
106,0.9919,running,running,1,GREEN
106,0.9875,running,running,1,GREEN
106,0.9925,running,running,1,GREEN
106,0.997,running,running,1,GREEN
106,0.9843,running,running,1,GREEN
106,0.9877,running,running,1,GREEN
106,0.9969,running,running,1,GREEN
106,0.9956,running,running,1,GREEN
106,0.9887,running,running,1,GREEN
106,0.9885,running,running,1,GREEN
106,0.997,running,running,1,GREEN
106,0.9959,running,running,1,GREEN
106,0.9888,running,running,1,GREEN
106,0.9947,running,running,1,GREEN
106,0.98,running,running,1,GREEN
106,0.9855,running,running,1,GREEN
106,0.9863,running,running,1,GREEN
106,0.9933,running,running,1,GREEN
106,0.9829,running,running,1,GREEN
106,0.9908,running,running,1,GREEN
106,0.9908,running,running,1,GREEN
106,0.9918,running,running,1,GREEN
106,0.9839,running,running,1,GREEN
106,0.988,running,running,1,GREEN
106,0.9836,running,running,1,GREEN
106,0.9862,running,running,1,GREEN
106,0.99,running,running,1,GREEN
106,0.997,running,running,1,GREEN
106,0.9951,running,running,1,GREEN
106,0.991,running,running,1,GREEN
106,0.9852,running,running,1,GREEN
106,0.9865,running,running,1,GREEN
106,0.9891,running,running,1,GREEN
106,0.9853,running,running,1,GREEN
106,0.9878,running,running,1,GREEN
106,0.9907,running,running,1,GREEN
106,0.9843,running,running,1,GREEN
106,0.9855,running,running,1,GREEN
106,0.9894,running,running,1,GREEN
106,0.9938,running,running,1,GREEN
106,0.9875,running,running,1,GREEN
106,0.9908,running,running,1,GREEN
106,0.997,running,running,1,GREEN
106,0.9952,running,running,1,GREEN
106,0.9947,running,running,1,GREEN
106,0.9969,running,running,1,GREEN
106,0.9844,running,running,1,GREEN
106,0.9893,running,running,1,GREEN
106,0.9909,running,running,1,GREEN
106,0.9874,running,running,1,GREEN
106,0.991,running,running,1,GREEN
106,0.9925,running,running,1,GREEN
106,0.9901,running,running,1,GREEN
106,0.991,running,running,1,GREEN
106,0.991,running,running,1,GREEN
106,0.9886,running,running,1,GREEN
106,0.9843,running,running,1,GREEN
106,0.9889,running,running,1,GREEN
106,0.995,running,running,1,GREEN
106,0.9908,running,running,1,GREEN
106,0.991,running,running,1,GREEN
106,0.989,running,running,1,GREEN
106,0.9834,running,running,1,GREEN
106,0.9941,running,running,1,GREEN
106,0.9956,running,running,1,GREEN
106,0.9894,running,running,1,GREEN
106,0.9956,running,running,1,GREEN
106,0.9935,running,running,1,GREEN
106,0.9859,running,running,1,GREEN
106,0.9903,running,running,1,GREEN
106,0.9936,running,running,1,GREEN
106,0.9951,running,running,1,GREEN
106,0.9968,running,running,1,GREEN
106,0.9858,running,running,1,GREEN
106,0.9861,running,running,1,GREEN
106,0.9872,running,running,1,GREEN
106,0.9901,running,running,1,GREEN
106,0.985,running,running,1,GREEN
106,0.9885,running,running,1,GREEN
106,0.9895,running,running,1,GREEN
106,0.9917,running,running,1,GREEN
106,0.9881,running,running,1,GREEN
106,0.9887,running,running,1,GREEN
106,0.997,running,running,1,GREEN
106,0.989,running,running,1,GREEN
106,0.9918,running,running,1,GREEN
106,0.9951,running,running,1,GREEN
106,0.9887,running,running,1,GREEN
106,0.996,running,running,1,GREEN
106,0.9951,running,running,1,GREEN
106,0.9951,running,running,1,GREEN
106,0.9938,running,running,1,GREEN
106,0.9887,running,running,1,GREEN
106,0.992,running,running,1,GREEN
106,0.9923,running,running,1,GREEN
106,0.991,running,running,1,GREEN
106,0.995,running,running,1,GREEN
106,0.9894,running,running,1,GREEN
106,0.9938,running,running,1,GREEN
106,0.9947,running,running,1,GREEN
106,0.9888,running,running,1,GREEN
106,0.9937,running,running,1,GREEN
106,0.9925,running,running,1,GREEN
106,0.9955,running,running,1,GREEN
106,0.9969,running,running,1,GREEN
106,0.9895,running,running,1,GREEN
106,0.9936,running,running,1,GREEN
106,0.994,running,running,1,GREEN
106,0.9985,running,running,1,GREEN
106,0.9976,running,running,1,GREEN
106,0.993,running,running,1,GREEN
106,0.9947,running,running,1,GREEN
106,0.997,running,running,1,GREEN
106,0.9928,running,running,1,GREEN
106,0.997,running,running,1,GREEN
106,0.9959,running,running,1,GREEN
106,0.9907,running,running,1,GREEN
106,0.9937,running,running,1,GREEN
106,0.9969,running,running,1,GREEN
106,0.9941,running,running,1,GREEN
106,0.9919,running,running,1,GREEN
106,0.9887,running,running,1,GREEN
106,0.997,running,running,1,GREEN
106,0.9923,running,running,1,GREEN
106,0.9888,running,running,1,GREEN
106,0.994,running,running,1,GREEN
106,0.9912,running,running,1,GREEN
106,0.996,running,running,1,GREEN
106,0.9977,running,running,1,GREEN
106,0.9949,running,running,1,GREEN
106,0.9919,running,running,1,GREEN
106,0.9947,running,running,1,GREEN
106,0.994,running,running,1,GREEN
106,0.9931,running,running,1,GREEN
106,0.9897,running,running,1,GREEN
106,0.993,running,running,1,GREEN
106,0.9939,running,running,1,GREEN
106,0.991,running,running,1,GREEN
106,0.9955,running,running,1,GREEN
106,0.9897,running,running,1,GREEN
106,0.9959,running,running,1,GREEN
106,0.997,running,running,1,GREEN
106,0.985,running,running,1,GREEN
106,0.9868,running,running,1,GREEN
106,0.9875,running,running,1,GREEN
106,0.9935,running,running,1,GREEN
106,0.9901,running,running,1,GREEN
106,0.9928,running,running,1,GREEN
106,0.9923,running,running,1,GREEN
106,0.9886,running,running,1,GREEN
106,0.9888,running,running,1,GREEN
106,0.9925,running,running,1,GREEN
106,0.9923,running,running,1,GREEN
106,0.9866,running,running,1,GREEN
106,0.9975,running,running,1,GREEN
106,0.9976,running,running,1,GREEN
106,0.9926,running,running,1,GREEN
106,0.9933,running,running,1,GREEN
106,0.9908,running,running,1,GREEN
106,0.9936,running,running,1,GREEN
106,0.9887,running,running,1,GREEN
106,0.9932,running,running,1,GREEN
106,0.9955,running,running,1,GREEN
106,0.9922,running,running,1,GREEN
106,0.9862,running,running,1,GREEN
106,0.9877,running,running,1,GREEN
106,0.9944,running,running,1,GREEN
106,0.9857,running,running,1,GREEN
106,0.9895,running,running,1,GREEN
106,0.991,running,running,1,GREEN
106,0.9941,running,running,1,GREEN
106,0.9863,running,running,1,GREEN
106,0.9925,running,running,1,GREEN
106,0.996,running,running,1,GREEN
106,0.9915,running,running,1,GREEN
106,0.9965,running,running,1,GREEN
106,0.9946,running,running,1,GREEN
106,0.991,running,running,1,GREEN
106,0.9916,running,running,1,GREEN
106,0.9866,running,running,1,GREEN
106,0.994,running,running,1,GREEN
106,0.9897,running,running,1,GREEN
106,0.9897,running,running,1,GREEN
106,0.9947,running,running,1,GREEN
106,0.9899,running,running,1,GREEN
106,0.991,running,running,1,GREEN
106,0.9893,running,running,1,GREEN
106,0.991,running,running,1,GREEN
106,0.997,running,running,1,GREEN
106,0.994,running,running,1,GREEN
106,0.9969,running,running,1,GREEN
106,0.994,running,running,1,GREEN
106,0.9855,running,running,1,GREEN
106,0.9881,running,running,1,GREEN
106,0.9948,running,running,1,GREEN
106,0.9915,running,running,1,GREEN
106,0.9944,running,running,1,GREEN
106,0.9954,running,running,1,GREEN
106,0.9879,running,running,1,GREEN
106,0.9955,running,running,1,GREEN
106,0.9954,running,running,1,GREEN
106,0.9881,running,running,1,GREEN
106,0.9859,running,running,1,GREEN
106,0.9905,running,running,1,GREEN
106,0.994,running,running,1,GREEN
106,0.9869,running,running,1,GREEN
106,0.9891,running,running,1,GREEN
106,0.9929,running,running,1,GREEN
106,0.9924,running,running,1,GREEN
106,0.99,running,running,1,GREEN
106,0.9954,running,running,1,GREEN
106,0.9959,running,running,1,GREEN
106,0.9906,running,running,1,GREEN
106,0.9959,running,running,1,GREEN
106,0.9923,running,running,1,GREEN
106,0.9937,running,running,1,GREEN
106,0.9969,running,running,1,GREEN
106,0.998,running,running,1,GREEN
106,0.9951,running,running,1,GREEN
106,0.9985,running,running,1,GREEN
106,0.9966,running,running,1,GREEN
106,0.9956,running,running,1,GREEN
106,0.9895,running,running,1,GREEN
106,0.9955,running,running,1,GREEN
106,0.9918,running,running,1,GREEN
106,0.9887,running,running,1,GREEN
106,0.9872,running,running,1,GREEN
106,0.9838,running,running,1,GREEN
106,0.9893,running,running,1,GREEN
106,0.9969,running,running,1,GREEN
106,0.9849,running,running,1,GREEN
106,0.985,running,running,1,GREEN
106,0.9936,running,running,1,GREEN
106,0.997,running,running,1,GREEN
106,0.9865,running,running,1,GREEN
106,0.99,running,running,1,GREEN
106,0.9948,running,running,1,GREEN
106,0.9924,running,running,1,GREEN
106,0.9916,running,running,1,GREEN
106,0.997,running,running,1,GREEN
106,0.9897,running,running,1,GREEN
106,0.9885,running,running,1,GREEN
106,0.9942,running,running,1,GREEN
106,0.9934,running,running,1,GREEN
106,0.9955,running,running,1,GREEN
106,0.997,running,running,1,GREEN
106,0.9934,running,running,1,GREEN
106,0.9888,running,running,1,GREEN
106,0.9962,running,running,1,GREEN
106,0.9923,running,running,1,GREEN
106,0.9909,running,running,1,GREEN
106,0.9969,running,running,1,GREEN
106,0.9926,running,running,1,GREEN
106,0.9972,running,running,1,GREEN
106,0.9758,running,running,1,GREEN
106,0.8107,running,running,1,GREEN
106,0.4392,stairs_up,running,0,RED
106,0.528,stairs_up,running,0,YELLOW
106,0.5739,stairs_up,running,0,YELLOW
106,0.2817,vacuuming,running,0,RED
106,0.221,ironing,running,0,RED
106,0.2531,ironing,running,0,RED
106,0.2575,stairs_up,running,0,RED
106,0.3007,lying,running,0,RED
106,0.295,lying,running,0,RED
106,0.4909,lying,running,0,YELLOW
106,0.4187,lying,running,0,RED
106,0.4357,lying,running,0,RED
106,0.4096,lying,running,0,RED
106,0.4816,lying,running,0,YELLOW
106,0.3637,lying,running,0,RED
106,0.3357,lying,running,0,RED
106,0.3443,stairs_down,running,0,RED
106,0.4031,lying,running,0,RED
108,0.3437,walking,lying,0,RED
108,0.2862,walking,lying,0,RED
108,0.2702,walking,lying,0,RED
108,0.2915,running,lying,0,RED
108,0.2233,running,lying,0,RED
108,0.2271,walking,lying,0,RED
108,0.3749,walking,lying,0,RED
108,0.2719,walking,lying,0,RED
108,0.2635,stairs_up,lying,0,RED
108,0.4904,vacuuming,lying,0,YELLOW
108,0.8149,vacuuming,lying,0,GREEN
108,0.8639,vacuuming,lying,0,GREEN
108,0.657,vacuuming,lying,0,YELLOW
108,0.4227,vacuuming,lying,0,RED
108,0.503,lying,lying,1,YELLOW
108,0.795,lying,lying,1,GREEN
108,0.8572,lying,lying,1,GREEN
108,0.8556,lying,lying,1,GREEN
108,0.8164,lying,lying,1,GREEN
108,0.8574,lying,lying,1,GREEN
108,0.8591,lying,lying,1,GREEN
108,0.8238,lying,lying,1,GREEN
108,0.8572,lying,lying,1,GREEN
108,0.8569,lying,lying,1,GREEN
108,0.8569,lying,lying,1,GREEN
108,0.7898,lying,lying,1,GREEN
108,0.7787,lying,lying,1,GREEN
108,0.8467,lying,lying,1,GREEN
108,0.8353,lying,lying,1,GREEN
108,0.8494,lying,lying,1,GREEN
108,0.856,lying,lying,1,GREEN
108,0.856,lying,lying,1,GREEN
108,0.8549,lying,lying,1,GREEN
108,0.8534,lying,lying,1,GREEN
108,0.8565,lying,lying,1,GREEN
108,0.857,lying,lying,1,GREEN
108,0.8521,lying,lying,1,GREEN
108,0.8536,lying,lying,1,GREEN
108,0.8539,lying,lying,1,GREEN
108,0.8549,lying,lying,1,GREEN
108,0.8545,lying,lying,1,GREEN
108,0.8546,lying,lying,1,GREEN
108,0.855,lying,lying,1,GREEN
108,0.8546,lying,lying,1,GREEN
108,0.8537,lying,lying,1,GREEN
108,0.8545,lying,lying,1,GREEN
108,0.8549,lying,lying,1,GREEN
108,0.8532,lying,lying,1,GREEN
108,0.8546,lying,lying,1,GREEN
108,0.8561,lying,lying,1,GREEN
108,0.8534,lying,lying,1,GREEN
108,0.8548,lying,lying,1,GREEN
108,0.8532,lying,lying,1,GREEN
108,0.8534,lying,lying,1,GREEN
108,0.8531,lying,lying,1,GREEN
108,0.8547,lying,lying,1,GREEN
108,0.8529,lying,lying,1,GREEN
108,0.853,lying,lying,1,GREEN
108,0.8532,lying,lying,1,GREEN
108,0.855,lying,lying,1,GREEN
108,0.855,lying,lying,1,GREEN
108,0.8553,lying,lying,1,GREEN
108,0.8536,lying,lying,1,GREEN
108,0.8535,lying,lying,1,GREEN
108,0.8544,lying,lying,1,GREEN
108,0.8535,lying,lying,1,GREEN
108,0.857,lying,lying,1,GREEN
108,0.8565,lying,lying,1,GREEN
108,0.8551,lying,lying,1,GREEN
108,0.8549,lying,lying,1,GREEN
108,0.8548,lying,lying,1,GREEN
108,0.8532,lying,lying,1,GREEN
108,0.8541,lying,lying,1,GREEN
108,0.855,lying,lying,1,GREEN
108,0.8543,lying,lying,1,GREEN
108,0.8551,lying,lying,1,GREEN
108,0.8548,lying,lying,1,GREEN
108,0.8553,lying,lying,1,GREEN
108,0.8554,lying,lying,1,GREEN
108,0.8532,lying,lying,1,GREEN
108,0.8533,lying,lying,1,GREEN
108,0.8535,lying,lying,1,GREEN
108,0.8521,lying,lying,1,GREEN
108,0.8532,lying,lying,1,GREEN
108,0.8534,lying,lying,1,GREEN
108,0.8538,lying,lying,1,GREEN
108,0.8538,lying,lying,1,GREEN
108,0.8534,lying,lying,1,GREEN
108,0.8535,lying,lying,1,GREEN
108,0.854,lying,lying,1,GREEN
108,0.8537,lying,lying,1,GREEN
108,0.8535,lying,lying,1,GREEN
108,0.8539,lying,lying,1,GREEN
108,0.855,lying,lying,1,GREEN
108,0.8531,lying,lying,1,GREEN
108,0.8529,lying,lying,1,GREEN
108,0.8532,lying,lying,1,GREEN
108,0.8548,lying,lying,1,GREEN
108,0.8569,lying,lying,1,GREEN
108,0.8571,lying,lying,1,GREEN
108,0.8555,lying,lying,1,GREEN
108,0.8556,lying,lying,1,GREEN
108,0.855,lying,lying,1,GREEN
108,0.8533,lying,lying,1,GREEN
108,0.8548,lying,lying,1,GREEN
108,0.8529,lying,lying,1,GREEN
108,0.8551,lying,lying,1,GREEN
108,0.855,lying,lying,1,GREEN
108,0.8562,lying,lying,1,GREEN
108,0.8588,lying,lying,1,GREEN
108,0.8555,lying,lying,1,GREEN
108,0.8548,lying,lying,1,GREEN
108,0.8549,lying,lying,1,GREEN
108,0.8544,lying,lying,1,GREEN
108,0.8555,lying,lying,1,GREEN
108,0.857,lying,lying,1,GREEN
108,0.8533,lying,lying,1,GREEN
108,0.8532,lying,lying,1,GREEN
108,0.8549,lying,lying,1,GREEN
108,0.8578,lying,lying,1,GREEN
108,0.8569,lying,lying,1,GREEN
108,0.8539,lying,lying,1,GREEN
108,0.8547,lying,lying,1,GREEN
108,0.8574,lying,lying,1,GREEN
108,0.8586,lying,lying,1,GREEN
108,0.8557,lying,lying,1,GREEN
108,0.8538,lying,lying,1,GREEN
108,0.8557,lying,lying,1,GREEN
108,0.857,lying,lying,1,GREEN
108,0.8539,lying,lying,1,GREEN
108,0.8542,lying,lying,1,GREEN
108,0.856,lying,lying,1,GREEN
108,0.8562,lying,lying,1,GREEN
108,0.8556,lying,lying,1,GREEN
108,0.8555,lying,lying,1,GREEN
108,0.8553,lying,lying,1,GREEN
108,0.8572,lying,lying,1,GREEN
108,0.8558,lying,lying,1,GREEN
108,0.8555,lying,lying,1,GREEN
108,0.8542,lying,lying,1,GREEN
108,0.8536,lying,lying,1,GREEN
108,0.8547,lying,lying,1,GREEN
108,0.8554,lying,lying,1,GREEN
108,0.8562,lying,lying,1,GREEN
108,0.8576,lying,lying,1,GREEN
108,0.8569,lying,lying,1,GREEN
108,0.8547,lying,lying,1,GREEN
108,0.8549,lying,lying,1,GREEN
108,0.8573,lying,lying,1,GREEN
108,0.8556,lying,lying,1,GREEN
108,0.8559,lying,lying,1,GREEN
108,0.8578,lying,lying,1,GREEN
108,0.8559,lying,lying,1,GREEN
108,0.8558,lying,lying,1,GREEN
108,0.8558,lying,lying,1,GREEN
108,0.8557,lying,lying,1,GREEN
108,0.8552,lying,lying,1,GREEN
108,0.8553,lying,lying,1,GREEN
108,0.854,lying,lying,1,GREEN
108,0.8516,lying,lying,1,GREEN
108,0.8537,lying,lying,1,GREEN
108,0.8553,lying,lying,1,GREEN
108,0.8554,lying,lying,1,GREEN
108,0.8557,lying,lying,1,GREEN
108,0.8556,lying,lying,1,GREEN
108,0.8556,lying,lying,1,GREEN
108,0.8569,lying,lying,1,GREEN
108,0.8556,lying,lying,1,GREEN
108,0.8554,lying,lying,1,GREEN
108,0.8565,lying,lying,1,GREEN
108,0.8543,lying,lying,1,GREEN
108,0.8556,lying,lying,1,GREEN
108,0.8554,lying,lying,1,GREEN
108,0.8551,lying,lying,1,GREEN
108,0.8552,lying,lying,1,GREEN
108,0.854,lying,lying,1,GREEN
108,0.857,lying,lying,1,GREEN
108,0.8566,lying,lying,1,GREEN
108,0.8555,lying,lying,1,GREEN
108,0.8559,lying,lying,1,GREEN
108,0.8569,lying,lying,1,GREEN
108,0.8545,lying,lying,1,GREEN
108,0.8543,lying,lying,1,GREEN
108,0.8559,lying,lying,1,GREEN
108,0.8556,lying,lying,1,GREEN
108,0.8559,lying,lying,1,GREEN
108,0.8556,lying,lying,1,GREEN
108,0.8556,lying,lying,1,GREEN
108,0.854,lying,lying,1,GREEN
108,0.8544,lying,lying,1,GREEN
108,0.8541,lying,lying,1,GREEN
108,0.8539,lying,lying,1,GREEN
108,0.8547,lying,lying,1,GREEN
108,0.8552,lying,lying,1,GREEN
108,0.8576,lying,lying,1,GREEN
108,0.8565,lying,lying,1,GREEN
108,0.8532,lying,lying,1,GREEN
108,0.8557,lying,lying,1,GREEN
108,0.8597,lying,lying,1,GREEN
108,0.8566,lying,lying,1,GREEN
108,0.8538,lying,lying,1,GREEN
108,0.8543,lying,lying,1,GREEN
108,0.8555,lying,lying,1,GREEN
108,0.8574,lying,lying,1,GREEN
108,0.8543,lying,lying,1,GREEN
108,0.8557,lying,lying,1,GREEN
108,0.8555,lying,lying,1,GREEN
108,0.8541,lying,lying,1,GREEN
108,0.8549,lying,lying,1,GREEN
108,0.8564,lying,lying,1,GREEN
108,0.8596,lying,lying,1,GREEN
108,0.8575,lying,lying,1,GREEN
108,0.8591,lying,lying,1,GREEN
108,0.8572,lying,lying,1,GREEN
108,0.8558,lying,lying,1,GREEN
108,0.8545,lying,lying,1,GREEN
108,0.8526,lying,lying,1,GREEN
108,0.8556,lying,lying,1,GREEN
108,0.856,lying,lying,1,GREEN
108,0.8535,lying,lying,1,GREEN
108,0.8557,lying,lying,1,GREEN
108,0.8561,lying,lying,1,GREEN
108,0.8557,lying,lying,1,GREEN
108,0.8589,lying,lying,1,GREEN
108,0.8573,lying,lying,1,GREEN
108,0.8577,lying,lying,1,GREEN
108,0.8585,lying,lying,1,GREEN
108,0.8551,lying,lying,1,GREEN
108,0.8544,lying,lying,1,GREEN
108,0.8558,lying,lying,1,GREEN
108,0.8573,lying,lying,1,GREEN
108,0.8554,lying,lying,1,GREEN
108,0.8572,lying,lying,1,GREEN
108,0.8546,lying,lying,1,GREEN
108,0.8546,lying,lying,1,GREEN
108,0.8587,lying,lying,1,GREEN
108,0.8588,lying,lying,1,GREEN
108,0.858,lying,lying,1,GREEN
108,0.8537,lying,lying,1,GREEN
108,0.8541,lying,lying,1,GREEN
108,0.8536,lying,lying,1,GREEN
108,0.8554,lying,lying,1,GREEN
108,0.8551,lying,lying,1,GREEN
108,0.8542,lying,lying,1,GREEN
108,0.8557,lying,lying,1,GREEN
108,0.857,lying,lying,1,GREEN
108,0.8553,lying,lying,1,GREEN
108,0.8557,lying,lying,1,GREEN
108,0.857,lying,lying,1,GREEN
108,0.8541,lying,lying,1,GREEN
108,0.8556,lying,lying,1,GREEN
108,0.8587,lying,lying,1,GREEN
108,0.8572,lying,lying,1,GREEN
108,0.857,lying,lying,1,GREEN
108,0.8557,lying,lying,1,GREEN
108,0.8576,lying,lying,1,GREEN
108,0.8578,lying,lying,1,GREEN
108,0.857,lying,lying,1,GREEN
108,0.8551,lying,lying,1,GREEN
108,0.856,lying,lying,1,GREEN
108,0.8579,lying,lying,1,GREEN
108,0.8561,lying,lying,1,GREEN
108,0.8573,lying,lying,1,GREEN
108,0.8588,lying,lying,1,GREEN
108,0.857,lying,lying,1,GREEN
108,0.8552,lying,lying,1,GREEN
108,0.8542,lying,lying,1,GREEN
108,0.856,lying,lying,1,GREEN
108,0.8549,lying,lying,1,GREEN
108,0.8561,lying,lying,1,GREEN
108,0.8582,lying,lying,1,GREEN
108,0.8617,lying,lying,1,GREEN
108,0.8567,lying,lying,1,GREEN
108,0.8563,lying,lying,1,GREEN
108,0.8555,lying,lying,1,GREEN
108,0.8571,lying,lying,1,GREEN
108,0.8576,lying,lying,1,GREEN
108,0.8577,lying,lying,1,GREEN
108,0.8576,lying,lying,1,GREEN
108,0.8592,lying,lying,1,GREEN
108,0.8562,lying,lying,1,GREEN
108,0.8558,lying,lying,1,GREEN
108,0.8568,lying,lying,1,GREEN
108,0.8587,lying,lying,1,GREEN
108,0.857,lying,lying,1,GREEN
108,0.8569,lying,lying,1,GREEN
108,0.8553,lying,lying,1,GREEN
108,0.8555,lying,lying,1,GREEN
108,0.8558,lying,lying,1,GREEN
108,0.8536,lying,lying,1,GREEN
108,0.8544,lying,lying,1,GREEN
108,0.8554,lying,lying,1,GREEN
108,0.8554,lying,lying,1,GREEN
108,0.8576,lying,lying,1,GREEN
108,0.8542,lying,lying,1,GREEN
108,0.8547,lying,lying,1,GREEN
108,0.8575,lying,lying,1,GREEN
108,0.8557,lying,lying,1,GREEN
108,0.8575,lying,lying,1,GREEN
108,0.8557,lying,lying,1,GREEN
108,0.8574,lying,lying,1,GREEN
108,0.8575,lying,lying,1,GREEN
108,0.8571,lying,lying,1,GREEN
108,0.8556,lying,lying,1,GREEN
108,0.8568,lying,lying,1,GREEN
108,0.8581,lying,lying,1,GREEN
108,0.8568,lying,lying,1,GREEN
108,0.8573,lying,lying,1,GREEN
108,0.8571,lying,lying,1,GREEN
108,0.8557,lying,lying,1,GREEN
108,0.8557,lying,lying,1,GREEN
108,0.8556,lying,lying,1,GREEN
108,0.8573,lying,lying,1,GREEN
108,0.8563,lying,lying,1,GREEN
108,0.8584,lying,lying,1,GREEN
108,0.8571,lying,lying,1,GREEN
108,0.8575,lying,lying,1,GREEN
108,0.8552,lying,lying,1,GREEN
108,0.8541,lying,lying,1,GREEN
108,0.8556,lying,lying,1,GREEN
108,0.8575,lying,lying,1,GREEN
108,0.857,lying,lying,1,GREEN
108,0.8569,lying,lying,1,GREEN
108,0.8571,lying,lying,1,GREEN
108,0.8568,lying,lying,1,GREEN
108,0.861,lying,lying,1,GREEN
108,0.8604,lying,lying,1,GREEN
108,0.8557,lying,lying,1,GREEN
108,0.8558,lying,lying,1,GREEN
108,0.8556,lying,lying,1,GREEN
108,0.8558,lying,lying,1,GREEN
108,0.8559,lying,lying,1,GREEN
108,0.8629,lying,lying,1,GREEN
108,0.8578,lying,lying,1,GREEN
108,0.8576,lying,lying,1,GREEN
108,0.857,lying,lying,1,GREEN
108,0.8572,lying,lying,1,GREEN
108,0.8572,lying,lying,1,GREEN
108,0.86,lying,lying,1,GREEN
108,0.8573,lying,lying,1,GREEN
108,0.857,lying,lying,1,GREEN
108,0.8571,lying,lying,1,GREEN
108,0.8572,lying,lying,1,GREEN
108,0.8607,lying,lying,1,GREEN
108,0.8565,lying,lying,1,GREEN
108,0.857,lying,lying,1,GREEN
108,0.8589,lying,lying,1,GREEN
108,0.8578,lying,lying,1,GREEN
108,0.8572,lying,lying,1,GREEN
108,0.8559,lying,lying,1,GREEN
108,0.8585,lying,lying,1,GREEN
108,0.8591,lying,lying,1,GREEN
108,0.8569,lying,lying,1,GREEN
108,0.857,lying,lying,1,GREEN
108,0.8576,lying,lying,1,GREEN
108,0.8586,lying,lying,1,GREEN
108,0.8589,lying,lying,1,GREEN
108,0.8598,lying,lying,1,GREEN
108,0.8579,lying,lying,1,GREEN
108,0.8566,lying,lying,1,GREEN
108,0.8566,lying,lying,1,GREEN
108,0.8573,lying,lying,1,GREEN
108,0.8562,lying,lying,1,GREEN
108,0.8561,lying,lying,1,GREEN
108,0.8574,lying,lying,1,GREEN
108,0.8573,lying,lying,1,GREEN
108,0.8564,lying,lying,1,GREEN
108,0.8566,lying,lying,1,GREEN
108,0.857,lying,lying,1,GREEN
108,0.8548,lying,lying,1,GREEN
108,0.859,lying,lying,1,GREEN
108,0.8537,lying,lying,1,GREEN
108,0.8553,lying,lying,1,GREEN
108,0.8572,lying,lying,1,GREEN
108,0.8558,lying,lying,1,GREEN
108,0.8558,lying,lying,1,GREEN
108,0.8563,lying,lying,1,GREEN
108,0.8559,lying,lying,1,GREEN
108,0.858,lying,lying,1,GREEN
108,0.856,lying,lying,1,GREEN
108,0.856,lying,lying,1,GREEN
108,0.8578,lying,lying,1,GREEN
108,0.8576,lying,lying,1,GREEN
108,0.8553,lying,lying,1,GREEN
108,0.8572,lying,lying,1,GREEN
108,0.859,lying,lying,1,GREEN
108,0.8555,lying,lying,1,GREEN
108,0.8557,lying,lying,1,GREEN
108,0.8573,lying,lying,1,GREEN
108,0.8573,lying,lying,1,GREEN
108,0.8569,lying,lying,1,GREEN
108,0.8605,lying,lying,1,GREEN
108,0.8604,lying,lying,1,GREEN
108,0.8589,lying,lying,1,GREEN
108,0.859,lying,lying,1,GREEN
108,0.8589,lying,lying,1,GREEN
108,0.8588,lying,lying,1,GREEN
108,0.8575,lying,lying,1,GREEN
108,0.8558,lying,lying,1,GREEN
108,0.8557,lying,lying,1,GREEN
108,0.8567,lying,lying,1,GREEN
108,0.8566,lying,lying,1,GREEN
108,0.8574,lying,lying,1,GREEN
108,0.854,lying,lying,1,GREEN
108,0.8564,lying,lying,1,GREEN
108,0.8564,lying,lying,1,GREEN
108,0.8585,lying,lying,1,GREEN
108,0.8571,lying,lying,1,GREEN
108,0.8558,lying,lying,1,GREEN
108,0.8572,lying,lying,1,GREEN
108,0.8575,lying,lying,1,GREEN
108,0.8569,lying,lying,1,GREEN
108,0.8584,lying,lying,1,GREEN
108,0.857,lying,lying,1,GREEN
108,0.8555,lying,lying,1,GREEN
108,0.8555,lying,lying,1,GREEN
108,0.8556,lying,lying,1,GREEN
108,0.8561,lying,lying,1,GREEN
108,0.8572,lying,lying,1,GREEN
108,0.8543,lying,lying,1,GREEN
108,0.8509,lying,lying,1,GREEN
108,0.8577,lying,lying,1,GREEN
108,0.8573,lying,lying,1,GREEN
108,0.8576,lying,lying,1,GREEN
108,0.8556,lying,lying,1,GREEN
108,0.8551,lying,lying,1,GREEN
108,0.8558,lying,lying,1,GREEN
108,0.857,lying,lying,1,GREEN
108,0.8564,lying,lying,1,GREEN
108,0.8565,lying,lying,1,GREEN
108,0.8632,lying,lying,1,GREEN
108,0.8634,lying,lying,1,GREEN
108,0.8608,lying,lying,1,GREEN
108,0.8598,lying,lying,1,GREEN
108,0.8559,lying,lying,1,GREEN
108,0.8569,lying,lying,1,GREEN
108,0.8582,lying,lying,1,GREEN
108,0.8572,lying,lying,1,GREEN
108,0.8564,lying,lying,1,GREEN
108,0.8545,lying,lying,1,GREEN
108,0.8566,lying,lying,1,GREEN
108,0.8569,lying,lying,1,GREEN
108,0.8615,lying,lying,1,GREEN
108,0.8585,lying,lying,1,GREEN
108,0.8572,lying,lying,1,GREEN
108,0.8626,lying,lying,1,GREEN
108,0.8575,lying,lying,1,GREEN
108,0.8581,lying,lying,1,GREEN
108,0.8603,lying,lying,1,GREEN
108,0.86,lying,lying,1,GREEN
108,0.8568,lying,lying,1,GREEN
108,0.8556,lying,lying,1,GREEN
108,0.8556,lying,lying,1,GREEN
108,0.86,lying,lying,1,GREEN
108,0.8618,lying,lying,1,GREEN
108,0.8575,lying,lying,1,GREEN
108,0.8589,lying,lying,1,GREEN
108,0.8585,lying,lying,1,GREEN
108,0.8566,lying,lying,1,GREEN
108,0.8541,lying,lying,1,GREEN
108,0.8546,lying,lying,1,GREEN
108,0.8571,lying,lying,1,GREEN
108,0.8529,lying,lying,1,GREEN
108,0.8579,lying,lying,1,GREEN
108,0.8571,lying,lying,1,GREEN
108,0.8614,lying,lying,1,GREEN
108,0.8611,lying,lying,1,GREEN
108,0.8577,lying,lying,1,GREEN
108,0.8246,lying,lying,1,GREEN
108,0.5876,lying,lying,1,YELLOW
108,0.3008,lying,lying,1,RED
108,0.292,stairs_up,lying,0,RED
108,0.3868,stairs_up,lying,0,RED
108,0.4567,stairs_up,lying,0,YELLOW
108,0.2144,stairs_up,lying,0,RED
108,0.2484,standing,lying,0,RED
108,0.253,stairs_up,lying,0,RED
108,0.2131,running,lying,0,RED
108,0.3133,standing,lying,0,RED
108,0.348,standing,lying,0,RED
108,0.2141,standing,lying,0,RED
108,0.1835,running,lying,0,RED
108,0.5809,standing,sitting,0,YELLOW
108,0.7423,standing,sitting,0,YELLOW
108,0.7908,standing,sitting,0,GREEN
108,0.7687,standing,sitting,0,GREEN
108,0.7652,standing,sitting,0,GREEN
108,0.7309,standing,sitting,0,YELLOW
108,0.7565,standing,sitting,0,GREEN
108,0.7847,standing,sitting,0,GREEN
108,0.6534,standing,sitting,0,YELLOW
108,0.3302,sitting,sitting,1,RED
108,0.4785,vacuuming,sitting,0,YELLOW
108,0.3977,sitting,sitting,1,RED
108,0.3824,sitting,sitting,1,RED
108,0.417,sitting,sitting,1,RED
108,0.4325,sitting,sitting,1,RED
108,0.5528,sitting,sitting,1,YELLOW
108,0.7178,sitting,sitting,1,YELLOW
108,0.7085,sitting,sitting,1,YELLOW
108,0.6893,sitting,sitting,1,YELLOW
108,0.5977,sitting,sitting,1,YELLOW
108,0.7457,sitting,sitting,1,YELLOW
108,0.8758,sitting,sitting,1,GREEN
108,0.8913,sitting,sitting,1,GREEN
108,0.8076,sitting,sitting,1,GREEN
108,0.9078,sitting,sitting,1,GREEN
108,0.9404,sitting,sitting,1,GREEN
108,0.9404,sitting,sitting,1,GREEN
108,0.9411,sitting,sitting,1,GREEN
108,0.9392,sitting,sitting,1,GREEN
108,0.9058,sitting,sitting,1,GREEN
108,0.9397,sitting,sitting,1,GREEN
108,0.9416,sitting,sitting,1,GREEN
108,0.9409,sitting,sitting,1,GREEN
108,0.9396,sitting,sitting,1,GREEN
108,0.9081,sitting,sitting,1,GREEN
108,0.9397,sitting,sitting,1,GREEN
108,0.877,sitting,sitting,1,GREEN
108,0.9388,sitting,sitting,1,GREEN
108,0.9396,sitting,sitting,1,GREEN
108,0.9093,sitting,sitting,1,GREEN
108,0.9396,sitting,sitting,1,GREEN
108,0.9411,sitting,sitting,1,GREEN
108,0.8793,sitting,sitting,1,GREEN
108,0.9426,sitting,sitting,1,GREEN
108,0.8441,sitting,sitting,1,GREEN
108,0.8753,sitting,sitting,1,GREEN
108,0.9065,sitting,sitting,1,GREEN
108,0.9043,sitting,sitting,1,GREEN
108,0.872,sitting,sitting,1,GREEN
108,0.9081,sitting,sitting,1,GREEN
108,0.8046,sitting,sitting,1,GREEN
108,0.8097,sitting,sitting,1,GREEN
108,0.9029,sitting,sitting,1,GREEN
108,0.9419,sitting,sitting,1,GREEN
108,0.8469,sitting,sitting,1,GREEN
108,0.9391,sitting,sitting,1,GREEN
108,0.9054,sitting,sitting,1,GREEN
108,0.938,sitting,sitting,1,GREEN
108,0.9394,sitting,sitting,1,GREEN
108,0.9395,sitting,sitting,1,GREEN
108,0.9417,sitting,sitting,1,GREEN
108,0.9371,sitting,sitting,1,GREEN
108,0.8776,sitting,sitting,1,GREEN
108,0.9104,sitting,sitting,1,GREEN
108,0.9101,sitting,sitting,1,GREEN
108,0.9095,sitting,sitting,1,GREEN
108,0.9095,sitting,sitting,1,GREEN
108,0.9361,sitting,sitting,1,GREEN
108,0.9406,sitting,sitting,1,GREEN
108,0.9374,sitting,sitting,1,GREEN
108,0.9073,sitting,sitting,1,GREEN
108,0.9083,sitting,sitting,1,GREEN
108,0.939,sitting,sitting,1,GREEN
108,0.9412,sitting,sitting,1,GREEN
108,0.9406,sitting,sitting,1,GREEN
108,0.9093,sitting,sitting,1,GREEN
108,0.8749,sitting,sitting,1,GREEN
108,0.9103,sitting,sitting,1,GREEN
108,0.8471,sitting,sitting,1,GREEN
108,0.9105,sitting,sitting,1,GREEN
108,0.914,sitting,sitting,1,GREEN
108,0.9399,sitting,sitting,1,GREEN
108,0.9401,sitting,sitting,1,GREEN
108,0.9423,sitting,sitting,1,GREEN
108,0.9427,sitting,sitting,1,GREEN
108,0.9447,sitting,sitting,1,GREEN
108,0.8775,sitting,sitting,1,GREEN
108,0.9089,sitting,sitting,1,GREEN
108,0.9101,sitting,sitting,1,GREEN
108,0.9403,sitting,sitting,1,GREEN
108,0.9359,sitting,sitting,1,GREEN
108,0.9334,sitting,sitting,1,GREEN
108,0.9388,sitting,sitting,1,GREEN
108,0.8487,sitting,sitting,1,GREEN
108,0.9395,sitting,sitting,1,GREEN
108,0.9086,sitting,sitting,1,GREEN
108,0.9397,sitting,sitting,1,GREEN
108,0.9396,sitting,sitting,1,GREEN
108,0.9367,sitting,sitting,1,GREEN
108,0.9363,sitting,sitting,1,GREEN
108,0.9067,sitting,sitting,1,GREEN
108,0.9432,sitting,sitting,1,GREEN
108,0.9419,sitting,sitting,1,GREEN
108,0.9396,sitting,sitting,1,GREEN
108,0.9078,sitting,sitting,1,GREEN
108,0.9419,sitting,sitting,1,GREEN
108,0.9396,sitting,sitting,1,GREEN
108,0.941,sitting,sitting,1,GREEN
108,0.9113,sitting,sitting,1,GREEN
108,0.9388,sitting,sitting,1,GREEN
108,0.9143,sitting,sitting,1,GREEN
108,0.8793,sitting,sitting,1,GREEN
108,0.9433,sitting,sitting,1,GREEN
108,0.9375,sitting,sitting,1,GREEN
108,0.9091,sitting,sitting,1,GREEN
108,0.8734,sitting,sitting,1,GREEN
108,0.8102,sitting,sitting,1,GREEN
108,0.9006,sitting,sitting,1,GREEN
108,0.9056,sitting,sitting,1,GREEN
108,0.9352,sitting,sitting,1,GREEN
108,0.8722,sitting,sitting,1,GREEN
108,0.9437,sitting,sitting,1,GREEN
108,0.9393,sitting,sitting,1,GREEN
108,0.938,sitting,sitting,1,GREEN
108,0.9366,sitting,sitting,1,GREEN
108,0.875,sitting,sitting,1,GREEN
108,0.9071,sitting,sitting,1,GREEN
108,0.9102,sitting,sitting,1,GREEN
108,0.9429,sitting,sitting,1,GREEN
108,0.9131,sitting,sitting,1,GREEN
108,0.9081,sitting,sitting,1,GREEN
108,0.9373,sitting,sitting,1,GREEN
108,0.9131,sitting,sitting,1,GREEN
108,0.9091,sitting,sitting,1,GREEN
108,0.9395,sitting,sitting,1,GREEN
108,0.9406,sitting,sitting,1,GREEN
108,0.933,sitting,sitting,1,GREEN
108,0.8354,sitting,sitting,1,GREEN
108,0.783,sitting,sitting,1,GREEN
108,0.7737,sitting,sitting,1,GREEN
108,0.7369,sitting,sitting,1,YELLOW
108,0.8423,sitting,sitting,1,GREEN
108,0.7243,sitting,sitting,1,YELLOW
108,0.6923,sitting,sitting,1,YELLOW
108,0.8007,sitting,sitting,1,GREEN
108,0.7653,sitting,sitting,1,GREEN
108,0.7397,sitting,sitting,1,YELLOW
108,0.692,sitting,sitting,1,YELLOW
108,0.6111,sitting,sitting,1,YELLOW
108,0.6643,sitting,sitting,1,YELLOW
108,0.6424,sitting,sitting,1,YELLOW
108,0.8186,sitting,sitting,1,GREEN
108,0.8889,sitting,sitting,1,GREEN
108,0.8634,sitting,sitting,1,GREEN
108,0.8788,sitting,sitting,1,GREEN
108,0.9238,sitting,sitting,1,GREEN
108,0.9204,sitting,sitting,1,GREEN
108,0.9209,sitting,sitting,1,GREEN
108,0.9205,sitting,sitting,1,GREEN
108,0.9069,sitting,sitting,1,GREEN
108,0.905,sitting,sitting,1,GREEN
108,0.8391,sitting,sitting,1,GREEN
108,0.8958,sitting,sitting,1,GREEN
108,0.887,sitting,sitting,1,GREEN
108,0.7273,sitting,sitting,1,YELLOW
108,0.7232,sitting,sitting,1,YELLOW
108,0.6987,sitting,sitting,1,YELLOW
108,0.6263,sitting,sitting,1,YELLOW
108,0.7933,sitting,sitting,1,GREEN
108,0.8034,sitting,sitting,1,GREEN
108,0.7681,sitting,sitting,1,GREEN
108,0.6663,sitting,sitting,1,YELLOW
108,0.5732,sitting,sitting,1,YELLOW
108,0.5983,sitting,sitting,1,YELLOW
108,0.5417,sitting,sitting,1,YELLOW
108,0.6246,sitting,sitting,1,YELLOW
108,0.6944,sitting,sitting,1,YELLOW
108,0.699,sitting,sitting,1,YELLOW
108,0.6363,sitting,sitting,1,YELLOW
108,0.7525,sitting,sitting,1,GREEN
108,0.9197,sitting,sitting,1,GREEN
108,0.9317,sitting,sitting,1,GREEN
108,0.8706,sitting,sitting,1,GREEN
108,0.938,sitting,sitting,1,GREEN
108,0.9379,sitting,sitting,1,GREEN
108,0.9316,sitting,sitting,1,GREEN
108,0.9332,sitting,sitting,1,GREEN
108,0.9277,sitting,sitting,1,GREEN
108,0.9267,sitting,sitting,1,GREEN
108,0.9304,sitting,sitting,1,GREEN
108,0.8675,sitting,sitting,1,GREEN
108,0.9332,sitting,sitting,1,GREEN
108,0.9319,sitting,sitting,1,GREEN
108,0.9326,sitting,sitting,1,GREEN
108,0.9343,sitting,sitting,1,GREEN
108,0.9324,sitting,sitting,1,GREEN
108,0.9275,sitting,sitting,1,GREEN
108,0.8848,sitting,sitting,1,GREEN
108,0.801,sitting,sitting,1,GREEN
108,0.7495,sitting,sitting,1,YELLOW
108,0.7674,sitting,sitting,1,GREEN
108,0.6908,sitting,sitting,1,YELLOW
108,0.7106,sitting,sitting,1,YELLOW
108,0.902,sitting,sitting,1,GREEN
108,0.8671,sitting,sitting,1,GREEN
108,0.9019,sitting,sitting,1,GREEN
108,0.904,sitting,sitting,1,GREEN
108,0.8716,sitting,sitting,1,GREEN
108,0.8748,sitting,sitting,1,GREEN
108,0.8116,sitting,sitting,1,GREEN
108,0.7646,sitting,sitting,1,GREEN
108,0.8639,sitting,sitting,1,GREEN
108,0.8731,sitting,sitting,1,GREEN
108,0.8523,sitting,sitting,1,GREEN
108,0.8473,sitting,sitting,1,GREEN
108,0.8527,sitting,sitting,1,GREEN
108,0.8489,sitting,sitting,1,GREEN
108,0.7486,sitting,sitting,1,YELLOW
108,0.7149,sitting,sitting,1,YELLOW
108,0.8022,sitting,sitting,1,GREEN
108,0.8661,sitting,sitting,1,GREEN
108,0.8736,sitting,sitting,1,GREEN
108,0.8868,sitting,sitting,1,GREEN
108,0.876,sitting,sitting,1,GREEN
108,0.8541,sitting,sitting,1,GREEN
108,0.888,sitting,sitting,1,GREEN
108,0.8419,sitting,sitting,1,GREEN
108,0.7336,sitting,sitting,1,YELLOW
108,0.6981,sitting,sitting,1,YELLOW
108,0.7367,sitting,sitting,1,YELLOW
108,0.7791,sitting,sitting,1,GREEN
108,0.8399,sitting,sitting,1,GREEN
108,0.8389,sitting,sitting,1,GREEN
108,0.9051,sitting,sitting,1,GREEN
108,0.8262,sitting,sitting,1,GREEN
108,0.8222,sitting,sitting,1,GREEN
108,0.8298,sitting,sitting,1,GREEN
108,0.7637,sitting,sitting,1,GREEN
108,0.8499,sitting,sitting,1,GREEN
108,0.8672,sitting,sitting,1,GREEN
108,0.7863,sitting,sitting,1,GREEN
108,0.8575,sitting,sitting,1,GREEN
108,0.797,sitting,sitting,1,GREEN
108,0.7622,sitting,sitting,1,GREEN
108,0.8609,sitting,sitting,1,GREEN
108,0.7984,sitting,sitting,1,GREEN
108,0.7657,sitting,sitting,1,GREEN
108,0.7339,sitting,sitting,1,YELLOW
108,0.7686,sitting,sitting,1,GREEN
108,0.8272,sitting,sitting,1,GREEN
108,0.8296,sitting,sitting,1,GREEN
108,0.7672,sitting,sitting,1,GREEN
108,0.7636,sitting,sitting,1,GREEN
108,0.7358,sitting,sitting,1,YELLOW
108,0.8946,sitting,sitting,1,GREEN
108,0.8923,sitting,sitting,1,GREEN
108,0.7684,sitting,sitting,1,GREEN
108,0.8327,sitting,sitting,1,GREEN
108,0.8598,sitting,sitting,1,GREEN
108,0.9239,sitting,sitting,1,GREEN
108,0.8936,sitting,sitting,1,GREEN
108,0.7313,sitting,sitting,1,YELLOW
108,0.7651,sitting,sitting,1,GREEN
108,0.7035,sitting,sitting,1,YELLOW
108,0.7974,sitting,sitting,1,GREEN
108,0.8615,sitting,sitting,1,GREEN
108,0.7668,sitting,sitting,1,GREEN
108,0.8353,sitting,sitting,1,GREEN
108,0.7991,sitting,sitting,1,GREEN
108,0.8638,sitting,sitting,1,GREEN
108,0.7312,sitting,sitting,1,YELLOW
108,0.8602,sitting,sitting,1,GREEN
108,0.8652,sitting,sitting,1,GREEN
108,0.8339,sitting,sitting,1,GREEN
108,0.9252,sitting,sitting,1,GREEN
108,0.8939,sitting,sitting,1,GREEN
108,0.8562,sitting,sitting,1,GREEN
108,0.8304,sitting,sitting,1,GREEN
108,0.7351,sitting,sitting,1,YELLOW
108,0.8013,sitting,sitting,1,GREEN
108,0.9238,sitting,sitting,1,GREEN
108,0.8322,sitting,sitting,1,GREEN
108,0.7675,sitting,sitting,1,GREEN
108,0.8322,sitting,sitting,1,GREEN
108,0.8601,sitting,sitting,1,GREEN
108,0.8332,sitting,sitting,1,GREEN
108,0.7992,sitting,sitting,1,GREEN
108,0.8903,sitting,sitting,1,GREEN
108,0.8901,sitting,sitting,1,GREEN
108,0.8503,sitting,sitting,1,GREEN
108,0.7601,sitting,sitting,1,GREEN
108,0.7614,sitting,sitting,1,GREEN
108,0.7912,sitting,sitting,1,GREEN
108,0.8512,sitting,sitting,1,GREEN
108,0.8192,sitting,sitting,1,GREEN
108,0.759,sitting,sitting,1,GREEN
108,0.7231,sitting,sitting,1,YELLOW
108,0.8337,sitting,sitting,1,GREEN
108,0.7727,sitting,sitting,1,GREEN
108,0.7725,sitting,sitting,1,GREEN
108,0.9015,sitting,sitting,1,GREEN
108,0.8673,sitting,sitting,1,GREEN
108,0.8631,sitting,sitting,1,GREEN
108,0.7701,sitting,sitting,1,GREEN
108,0.9312,sitting,sitting,1,GREEN
108,0.8956,sitting,sitting,1,GREEN
108,0.8325,sitting,sitting,1,GREEN
108,0.7677,sitting,sitting,1,GREEN
108,0.8034,sitting,sitting,1,GREEN
108,0.8944,sitting,sitting,1,GREEN
108,0.8287,sitting,sitting,1,GREEN
108,0.7374,sitting,sitting,1,YELLOW
108,0.7961,sitting,sitting,1,GREEN
108,0.8594,sitting,sitting,1,GREEN
108,0.7956,sitting,sitting,1,GREEN
108,0.8267,sitting,sitting,1,GREEN
108,0.7024,sitting,sitting,1,YELLOW
108,0.7995,sitting,sitting,1,GREEN
108,0.7604,sitting,sitting,1,GREEN
108,0.7664,sitting,sitting,1,GREEN
108,0.8309,sitting,sitting,1,GREEN
108,0.8529,sitting,sitting,1,GREEN
108,0.7926,sitting,sitting,1,GREEN
108,0.8273,sitting,sitting,1,GREEN
108,0.7233,sitting,sitting,1,YELLOW
108,0.7952,sitting,sitting,1,GREEN
108,0.8861,sitting,sitting,1,GREEN
108,0.8493,sitting,sitting,1,GREEN
108,0.8149,sitting,sitting,1,GREEN
108,0.8078,sitting,sitting,1,GREEN
108,0.7947,sitting,sitting,1,GREEN
108,0.8164,sitting,sitting,1,GREEN
108,0.8991,sitting,sitting,1,GREEN
108,0.8931,sitting,sitting,1,GREEN
108,0.8334,sitting,sitting,1,GREEN
108,0.8275,sitting,sitting,1,GREEN
108,0.8545,sitting,sitting,1,GREEN
108,0.7265,sitting,sitting,1,YELLOW
108,0.8379,sitting,sitting,1,GREEN
108,0.8228,sitting,sitting,1,GREEN
108,0.8446,sitting,sitting,1,GREEN
108,0.7706,sitting,sitting,1,GREEN
108,0.8348,sitting,sitting,1,GREEN
108,0.7575,sitting,sitting,1,GREEN
108,0.6079,sitting,sitting,1,YELLOW
108,0.7342,sitting,sitting,1,YELLOW
108,0.64,sitting,sitting,1,YELLOW
108,0.6695,sitting,sitting,1,YELLOW
108,0.6653,sitting,sitting,1,YELLOW
108,0.677,sitting,sitting,1,YELLOW
108,0.7981,sitting,sitting,1,GREEN
108,0.8276,sitting,sitting,1,GREEN
108,0.8522,sitting,sitting,1,GREEN
108,0.8426,sitting,sitting,1,GREEN
108,0.8763,sitting,sitting,1,GREEN
108,0.8165,sitting,sitting,1,GREEN
108,0.7935,sitting,sitting,1,GREEN
108,0.8011,sitting,sitting,1,GREEN
108,0.7009,sitting,sitting,1,YELLOW
108,0.6666,sitting,sitting,1,YELLOW
108,0.755,sitting,sitting,1,GREEN
108,0.8839,sitting,sitting,1,GREEN
108,0.7884,sitting,sitting,1,GREEN
108,0.8559,sitting,sitting,1,GREEN
108,0.8255,sitting,sitting,1,GREEN
108,0.8908,sitting,sitting,1,GREEN
108,0.7916,sitting,sitting,1,GREEN
108,0.7559,sitting,sitting,1,GREEN
108,0.7846,sitting,sitting,1,GREEN
108,0.8479,sitting,sitting,1,GREEN
108,0.6822,sitting,sitting,1,YELLOW
108,0.8711,sitting,sitting,1,GREEN
108,0.7848,sitting,sitting,1,GREEN
108,0.8393,sitting,sitting,1,GREEN
108,0.7882,sitting,sitting,1,GREEN
108,0.7538,sitting,sitting,1,GREEN
108,0.8886,sitting,sitting,1,GREEN
108,0.8056,sitting,sitting,1,GREEN
108,0.9359,sitting,sitting,1,GREEN
108,0.8399,sitting,sitting,1,GREEN
108,0.8098,sitting,sitting,1,GREEN
108,0.9305,sitting,sitting,1,GREEN
108,0.8684,sitting,sitting,1,GREEN
108,0.8648,sitting,sitting,1,GREEN
108,0.772,sitting,sitting,1,GREEN
108,0.8605,sitting,sitting,1,GREEN
108,0.8068,sitting,sitting,1,GREEN
108,0.7996,sitting,sitting,1,GREEN
108,0.8941,sitting,sitting,1,GREEN
108,0.8623,sitting,sitting,1,GREEN
108,0.8281,sitting,sitting,1,GREEN
108,0.7507,sitting,sitting,1,GREEN
108,0.7563,sitting,sitting,1,GREEN
108,0.8122,sitting,sitting,1,GREEN
108,0.7419,sitting,sitting,1,YELLOW
108,0.7104,sitting,sitting,1,YELLOW
108,0.789,sitting,sitting,1,GREEN
108,0.8407,sitting,sitting,1,GREEN
108,0.8196,sitting,sitting,1,GREEN
108,0.8484,sitting,sitting,1,GREEN
108,0.8276,sitting,sitting,1,GREEN
108,0.7271,sitting,sitting,1,YELLOW
108,0.8296,sitting,sitting,1,GREEN
108,0.8216,sitting,sitting,1,GREEN
108,0.7981,sitting,sitting,1,GREEN
108,0.9101,sitting,sitting,1,GREEN
108,0.7772,sitting,sitting,1,GREEN
108,0.8535,sitting,sitting,1,GREEN
108,0.8653,sitting,sitting,1,GREEN
108,0.8272,sitting,sitting,1,GREEN
108,0.7956,sitting,sitting,1,GREEN
108,0.7639,sitting,sitting,1,GREEN
108,0.7617,sitting,sitting,1,GREEN
108,0.864,sitting,sitting,1,GREEN
108,0.8192,sitting,sitting,1,GREEN
108,0.8558,sitting,sitting,1,GREEN
108,0.8355,sitting,sitting,1,GREEN
108,0.9015,sitting,sitting,1,GREEN
108,0.8639,sitting,sitting,1,GREEN
108,0.7734,sitting,sitting,1,GREEN
108,0.7089,sitting,sitting,1,YELLOW
108,0.8033,sitting,sitting,1,GREEN
108,0.9021,sitting,sitting,1,GREEN
108,0.7753,sitting,sitting,1,GREEN
108,0.8367,sitting,sitting,1,GREEN
108,0.8654,sitting,sitting,1,GREEN
108,0.8753,sitting,sitting,1,GREEN
108,0.7338,sitting,sitting,1,YELLOW
108,0.8306,sitting,sitting,1,GREEN
108,0.7962,sitting,sitting,1,GREEN
108,0.6982,sitting,sitting,1,YELLOW
108,0.6566,sitting,sitting,1,YELLOW
108,0.7916,sitting,sitting,1,GREEN
108,0.7906,sitting,sitting,1,GREEN
108,0.7977,sitting,sitting,1,GREEN
108,0.7694,sitting,sitting,1,GREEN
108,0.8681,sitting,sitting,1,GREEN
108,0.7758,sitting,sitting,1,GREEN
108,0.8122,sitting,sitting,1,GREEN
108,0.7806,sitting,sitting,1,GREEN
108,0.8451,sitting,sitting,1,GREEN
108,0.8381,sitting,sitting,1,GREEN
108,0.8862,sitting,sitting,1,GREEN
108,0.8927,sitting,sitting,1,GREEN
108,0.8949,sitting,sitting,1,GREEN
108,0.8895,sitting,sitting,1,GREEN
108,0.7355,sitting,sitting,1,YELLOW
108,0.6696,sitting,sitting,1,YELLOW
108,0.3935,sitting,sitting,1,RED
108,0.4323,sitting,sitting,1,RED
108,0.328,sitting,sitting,1,RED
108,0.6769,standing,sitting,0,YELLOW
108,0.6814,standing,sitting,0,YELLOW
108,0.7374,standing,sitting,0,YELLOW
108,0.7059,standing,sitting,0,YELLOW
108,0.7068,standing,sitting,0,YELLOW
108,0.5718,standing,sitting,0,YELLOW
108,0.6377,standing,standing,1,YELLOW
108,0.7004,standing,standing,1,YELLOW
108,0.7059,standing,standing,1,YELLOW
108,0.681,standing,standing,1,YELLOW
108,0.7545,standing,standing,1,GREEN
108,0.6492,standing,standing,1,YELLOW
108,0.7263,standing,standing,1,YELLOW
108,0.7108,standing,standing,1,YELLOW
108,0.6807,standing,standing,1,YELLOW
108,0.6965,standing,standing,1,YELLOW
108,0.7283,standing,standing,1,YELLOW
108,0.7416,standing,standing,1,YELLOW
108,0.6461,standing,standing,1,YELLOW
108,0.6806,standing,standing,1,YELLOW
108,0.6437,standing,standing,1,YELLOW
108,0.5718,standing,standing,1,YELLOW
108,0.4305,standing,standing,1,RED
108,0.5009,standing,standing,1,YELLOW
108,0.6699,standing,standing,1,YELLOW
108,0.5779,standing,standing,1,YELLOW
108,0.6215,standing,standing,1,YELLOW
108,0.6735,standing,standing,1,YELLOW
108,0.5876,standing,standing,1,YELLOW
108,0.5191,standing,standing,1,YELLOW
108,0.5037,standing,standing,1,YELLOW
108,0.6536,standing,standing,1,YELLOW
108,0.6662,standing,standing,1,YELLOW
108,0.5564,standing,standing,1,YELLOW
108,0.5827,standing,standing,1,YELLOW
108,0.5009,standing,standing,1,YELLOW
108,0.3396,vacuuming,standing,0,RED
108,0.4512,standing,standing,1,YELLOW
108,0.3845,standing,standing,1,RED
108,0.4561,vacuuming,standing,0,YELLOW
108,0.2296,standing,standing,1,RED
108,0.4082,standing,standing,1,RED
108,0.4588,standing,standing,1,YELLOW
108,0.3514,standing,standing,1,RED
108,0.372,standing,standing,1,RED
108,0.5238,standing,standing,1,YELLOW
108,0.5,standing,standing,1,YELLOW
108,0.6848,vacuuming,standing,0,YELLOW
108,0.6246,vacuuming,standing,0,YELLOW
108,0.3486,vacuuming,standing,0,RED
108,0.3961,standing,standing,1,RED
108,0.4138,standing,standing,1,RED
108,0.6222,standing,standing,1,YELLOW
108,0.6423,standing,standing,1,YELLOW
108,0.6079,standing,standing,1,YELLOW
108,0.6206,standing,standing,1,YELLOW
108,0.6133,standing,standing,1,YELLOW
108,0.582,standing,standing,1,YELLOW
108,0.5756,standing,standing,1,YELLOW
108,0.5769,standing,standing,1,YELLOW
108,0.6505,standing,standing,1,YELLOW
108,0.5687,standing,standing,1,YELLOW
108,0.5833,standing,standing,1,YELLOW
108,0.6009,standing,standing,1,YELLOW
108,0.6275,standing,standing,1,YELLOW
108,0.6244,standing,standing,1,YELLOW
108,0.6177,standing,standing,1,YELLOW
108,0.6967,standing,standing,1,YELLOW
108,0.7067,standing,standing,1,YELLOW
108,0.6966,standing,standing,1,YELLOW
108,0.6414,standing,standing,1,YELLOW
108,0.6064,standing,standing,1,YELLOW
108,0.6201,standing,standing,1,YELLOW
108,0.5832,standing,standing,1,YELLOW
108,0.4812,standing,standing,1,YELLOW
108,0.504,standing,standing,1,YELLOW
108,0.5998,standing,standing,1,YELLOW
108,0.5784,standing,standing,1,YELLOW
108,0.5856,standing,standing,1,YELLOW
108,0.5117,standing,standing,1,YELLOW
108,0.6188,standing,standing,1,YELLOW
108,0.6107,standing,standing,1,YELLOW
108,0.4515,standing,standing,1,YELLOW
108,0.5771,standing,standing,1,YELLOW
108,0.6329,standing,standing,1,YELLOW
108,0.5629,standing,standing,1,YELLOW
108,0.4646,standing,standing,1,YELLOW
108,0.4737,standing,standing,1,YELLOW
108,0.6389,standing,standing,1,YELLOW
108,0.5712,standing,standing,1,YELLOW
108,0.6057,standing,standing,1,YELLOW
108,0.5735,standing,standing,1,YELLOW
108,0.569,standing,standing,1,YELLOW
108,0.5665,standing,standing,1,YELLOW
108,0.6252,standing,standing,1,YELLOW
108,0.5969,standing,standing,1,YELLOW
108,0.4418,standing,standing,1,RED
108,0.5516,standing,standing,1,YELLOW
108,0.5607,standing,standing,1,YELLOW
108,0.5429,standing,standing,1,YELLOW
108,0.629,standing,standing,1,YELLOW
108,0.5453,standing,standing,1,YELLOW
108,0.6227,standing,standing,1,YELLOW
108,0.5959,standing,standing,1,YELLOW
108,0.5988,standing,standing,1,YELLOW
108,0.6411,standing,standing,1,YELLOW
108,0.5676,standing,standing,1,YELLOW
108,0.6211,standing,standing,1,YELLOW
108,0.604,standing,standing,1,YELLOW
108,0.6409,standing,standing,1,YELLOW
108,0.6395,standing,standing,1,YELLOW
108,0.6387,standing,standing,1,YELLOW
108,0.6439,standing,standing,1,YELLOW
108,0.5816,standing,standing,1,YELLOW
108,0.607,standing,standing,1,YELLOW
108,0.6235,standing,standing,1,YELLOW
108,0.5536,standing,standing,1,YELLOW
108,0.5671,standing,standing,1,YELLOW
108,0.6023,standing,standing,1,YELLOW
108,0.5697,standing,standing,1,YELLOW
108,0.551,standing,standing,1,YELLOW
108,0.3838,standing,standing,1,RED
108,0.4941,standing,standing,1,YELLOW
108,0.5463,standing,standing,1,YELLOW
108,0.6166,standing,standing,1,YELLOW
108,0.6573,standing,standing,1,YELLOW
108,0.5046,standing,standing,1,YELLOW
108,0.5747,standing,standing,1,YELLOW
108,0.6515,standing,standing,1,YELLOW
108,0.5589,standing,standing,1,YELLOW
108,0.6562,standing,standing,1,YELLOW
108,0.5146,standing,standing,1,YELLOW
108,0.5398,standing,standing,1,YELLOW
108,0.542,standing,standing,1,YELLOW
108,0.6364,standing,standing,1,YELLOW
108,0.5917,standing,standing,1,YELLOW
108,0.5834,standing,standing,1,YELLOW
108,0.4727,standing,standing,1,YELLOW
108,0.5423,standing,standing,1,YELLOW
108,0.5499,standing,standing,1,YELLOW
108,0.536,standing,standing,1,YELLOW
108,0.6092,standing,standing,1,YELLOW
108,0.552,standing,standing,1,YELLOW
108,0.58,standing,standing,1,YELLOW
108,0.4798,standing,standing,1,YELLOW
108,0.4986,standing,standing,1,YELLOW
108,0.5236,standing,standing,1,YELLOW
108,0.5699,standing,standing,1,YELLOW
108,0.5308,standing,standing,1,YELLOW
108,0.5351,standing,standing,1,YELLOW
108,0.512,standing,standing,1,YELLOW
108,0.5774,standing,standing,1,YELLOW
108,0.5832,standing,standing,1,YELLOW
108,0.6662,standing,standing,1,YELLOW
108,0.6943,standing,standing,1,YELLOW
108,0.5094,standing,standing,1,YELLOW
108,0.4003,vacuuming,standing,0,RED
108,0.6541,vacuuming,standing,0,YELLOW
108,0.7548,vacuuming,standing,0,GREEN
108,0.3095,standing,standing,1,RED
108,0.3082,standing,standing,1,RED
108,0.333,standing,standing,1,RED
108,0.3892,standing,standing,1,RED
108,0.369,standing,standing,1,RED
108,0.399,standing,standing,1,RED
108,0.5048,standing,standing,1,YELLOW
108,0.6011,standing,standing,1,YELLOW
108,0.577,standing,standing,1,YELLOW
108,0.5263,standing,standing,1,YELLOW
108,0.5111,standing,standing,1,YELLOW
108,0.5677,standing,standing,1,YELLOW
108,0.5471,standing,standing,1,YELLOW
108,0.5904,standing,standing,1,YELLOW
108,0.5024,standing,standing,1,YELLOW
108,0.5995,standing,standing,1,YELLOW
108,0.5746,standing,standing,1,YELLOW
108,0.4977,standing,standing,1,YELLOW
108,0.4825,standing,standing,1,YELLOW
108,0.5552,standing,standing,1,YELLOW
108,0.5413,standing,standing,1,YELLOW
108,0.495,standing,standing,1,YELLOW
108,0.4905,standing,standing,1,YELLOW
108,0.5669,standing,standing,1,YELLOW
108,0.4832,standing,standing,1,YELLOW
108,0.5502,standing,standing,1,YELLOW
108,0.5039,standing,standing,1,YELLOW
108,0.4924,standing,standing,1,YELLOW
108,0.6004,standing,standing,1,YELLOW
108,0.5391,standing,standing,1,YELLOW
108,0.4848,standing,standing,1,YELLOW
108,0.5689,standing,standing,1,YELLOW
108,0.5162,standing,standing,1,YELLOW
108,0.5194,standing,standing,1,YELLOW
108,0.5015,standing,standing,1,YELLOW
108,0.4844,standing,standing,1,YELLOW
108,0.6068,standing,standing,1,YELLOW
108,0.5752,standing,standing,1,YELLOW
108,0.5796,standing,standing,1,YELLOW
108,0.5999,standing,standing,1,YELLOW
108,0.5881,standing,standing,1,YELLOW
108,0.5722,standing,standing,1,YELLOW
108,0.5987,standing,standing,1,YELLOW
108,0.5763,standing,standing,1,YELLOW
108,0.5164,standing,standing,1,YELLOW
108,0.5348,standing,standing,1,YELLOW
108,0.4129,standing,standing,1,RED
108,0.5021,standing,standing,1,YELLOW
108,0.5299,standing,standing,1,YELLOW
108,0.5765,standing,standing,1,YELLOW
108,0.6194,standing,standing,1,YELLOW
108,0.4984,standing,standing,1,YELLOW
108,0.5414,standing,standing,1,YELLOW
108,0.6023,standing,standing,1,YELLOW
108,0.5706,standing,standing,1,YELLOW
108,0.5371,standing,standing,1,YELLOW
108,0.4724,standing,standing,1,YELLOW
108,0.4501,standing,standing,1,YELLOW
108,0.465,standing,standing,1,YELLOW
108,0.5283,standing,standing,1,YELLOW
108,0.5808,standing,standing,1,YELLOW
108,0.5437,standing,standing,1,YELLOW
108,0.5704,standing,standing,1,YELLOW
108,0.5849,standing,standing,1,YELLOW
108,0.5432,standing,standing,1,YELLOW
108,0.4373,standing,standing,1,RED
108,0.4601,standing,standing,1,YELLOW
108,0.5894,standing,standing,1,YELLOW
108,0.5228,standing,standing,1,YELLOW
108,0.4676,standing,standing,1,YELLOW
108,0.5677,standing,standing,1,YELLOW
108,0.5518,standing,standing,1,YELLOW
108,0.5755,standing,standing,1,YELLOW
108,0.5728,standing,standing,1,YELLOW
108,0.482,standing,standing,1,YELLOW
108,0.4083,standing,standing,1,RED
108,0.5629,standing,standing,1,YELLOW
108,0.5275,standing,standing,1,YELLOW
108,0.4484,standing,standing,1,RED
108,0.5047,standing,standing,1,YELLOW
108,0.441,standing,standing,1,RED
108,0.4902,standing,standing,1,YELLOW
108,0.5037,standing,standing,1,YELLOW
108,0.4811,standing,standing,1,YELLOW
108,0.5272,standing,standing,1,YELLOW
108,0.5039,standing,standing,1,YELLOW
108,0.6089,standing,standing,1,YELLOW
108,0.5893,standing,standing,1,YELLOW
108,0.4802,standing,standing,1,YELLOW
108,0.2771,standing,standing,1,RED
108,0.538,standing,standing,1,YELLOW
108,0.4867,standing,standing,1,YELLOW
108,0.4659,standing,standing,1,YELLOW
108,0.4631,standing,standing,1,YELLOW
108,0.4702,standing,standing,1,YELLOW
108,0.3688,standing,standing,1,RED
108,0.523,standing,standing,1,YELLOW
108,0.5706,standing,standing,1,YELLOW
108,0.5736,standing,standing,1,YELLOW
108,0.3929,standing,standing,1,RED
108,0.2336,stairs_down,standing,0,RED
108,0.2391,running,standing,0,RED
108,0.3686,standing,standing,1,RED
108,0.514,standing,standing,1,YELLOW
108,0.6391,standing,standing,1,YELLOW
108,0.586,standing,standing,1,YELLOW
108,0.5871,standing,standing,1,YELLOW
108,0.5739,standing,standing,1,YELLOW
108,0.5687,standing,standing,1,YELLOW
108,0.6055,standing,standing,1,YELLOW
108,0.5658,standing,standing,1,YELLOW
108,0.5968,standing,standing,1,YELLOW
108,0.4364,standing,standing,1,RED
108,0.4233,standing,standing,1,RED
108,0.4821,standing,standing,1,YELLOW
108,0.4781,standing,standing,1,YELLOW
108,0.5158,standing,standing,1,YELLOW
108,0.4547,standing,standing,1,YELLOW
108,0.3769,standing,standing,1,RED
108,0.3194,standing,standing,1,RED
108,0.6054,standing,standing,1,YELLOW
108,0.6627,standing,standing,1,YELLOW
108,0.5558,standing,standing,1,YELLOW
108,0.563,standing,standing,1,YELLOW
108,0.6061,standing,standing,1,YELLOW
108,0.6154,standing,standing,1,YELLOW
108,0.6164,standing,standing,1,YELLOW
108,0.6194,standing,standing,1,YELLOW
108,0.6368,standing,standing,1,YELLOW
108,0.6583,standing,standing,1,YELLOW
108,0.524,standing,standing,1,YELLOW
108,0.5296,standing,standing,1,YELLOW
108,0.4272,standing,standing,1,RED
108,0.4875,standing,standing,1,YELLOW
108,0.5632,standing,standing,1,YELLOW
108,0.5333,standing,standing,1,YELLOW
108,0.5732,standing,standing,1,YELLOW
108,0.5735,standing,standing,1,YELLOW
108,0.4997,standing,standing,1,YELLOW
108,0.5603,standing,standing,1,YELLOW
108,0.5686,standing,standing,1,YELLOW
108,0.5762,standing,standing,1,YELLOW
108,0.6467,standing,standing,1,YELLOW
108,0.6357,standing,standing,1,YELLOW
108,0.5645,standing,standing,1,YELLOW
108,0.4896,standing,standing,1,YELLOW
108,0.6445,standing,standing,1,YELLOW
108,0.5974,standing,standing,1,YELLOW
108,0.5399,standing,standing,1,YELLOW
108,0.4778,standing,standing,1,YELLOW
108,0.5678,standing,standing,1,YELLOW
108,0.6867,standing,standing,1,YELLOW
108,0.6705,standing,standing,1,YELLOW
108,0.5863,standing,standing,1,YELLOW
108,0.4389,standing,standing,1,RED
108,0.5044,standing,standing,1,YELLOW
108,0.544,standing,standing,1,YELLOW
108,0.5774,standing,standing,1,YELLOW
108,0.5623,standing,standing,1,YELLOW
108,0.5338,standing,standing,1,YELLOW
108,0.5238,standing,standing,1,YELLOW
108,0.5178,standing,standing,1,YELLOW
108,0.5996,standing,standing,1,YELLOW
108,0.6661,standing,standing,1,YELLOW
108,0.6751,standing,standing,1,YELLOW
108,0.654,standing,standing,1,YELLOW
108,0.605,standing,standing,1,YELLOW
108,0.4423,standing,standing,1,RED
108,0.4781,standing,standing,1,YELLOW
108,0.4062,standing,standing,1,RED
108,0.3898,standing,standing,1,RED
108,0.5228,standing,standing,1,YELLOW
108,0.537,standing,standing,1,YELLOW
108,0.463,standing,standing,1,YELLOW
108,0.4853,standing,standing,1,YELLOW
108,0.512,standing,standing,1,YELLOW
108,0.3851,standing,standing,1,RED
108,0.4786,standing,standing,1,YELLOW
108,0.5218,standing,standing,1,YELLOW
108,0.4928,standing,standing,1,YELLOW
108,0.5015,standing,standing,1,YELLOW
108,0.5284,standing,standing,1,YELLOW
108,0.4855,standing,standing,1,YELLOW
108,0.4403,standing,standing,1,RED
108,0.5448,standing,standing,1,YELLOW
108,0.3679,standing,standing,1,RED
108,0.3999,standing,standing,1,RED
108,0.4777,standing,standing,1,YELLOW
108,0.4265,standing,standing,1,RED
108,0.5216,standing,standing,1,YELLOW
108,0.4842,standing,standing,1,YELLOW
108,0.5711,standing,standing,1,YELLOW
108,0.5553,standing,standing,1,YELLOW
108,0.5951,standing,standing,1,YELLOW
108,0.4893,standing,standing,1,YELLOW
108,0.4016,standing,standing,1,RED
108,0.4946,standing,standing,1,YELLOW
108,0.5289,standing,standing,1,YELLOW
108,0.472,standing,standing,1,YELLOW
108,0.4797,standing,standing,1,YELLOW
108,0.5568,standing,standing,1,YELLOW
108,0.5887,standing,standing,1,YELLOW
108,0.5996,standing,standing,1,YELLOW
108,0.551,standing,standing,1,YELLOW
108,0.5382,standing,standing,1,YELLOW
108,0.545,standing,standing,1,YELLOW
108,0.5748,standing,standing,1,YELLOW
108,0.4793,standing,standing,1,YELLOW
108,0.5517,standing,standing,1,YELLOW
108,0.5717,standing,standing,1,YELLOW
108,0.5354,standing,standing,1,YELLOW
108,0.5551,standing,standing,1,YELLOW
108,0.4617,standing,standing,1,YELLOW
108,0.5242,standing,standing,1,YELLOW
108,0.5594,standing,standing,1,YELLOW
108,0.4799,standing,standing,1,YELLOW
108,0.5218,standing,standing,1,YELLOW
108,0.4573,standing,standing,1,YELLOW
108,0.5257,standing,standing,1,YELLOW
108,0.4878,standing,standing,1,YELLOW
108,0.4878,standing,standing,1,YELLOW
108,0.4576,standing,standing,1,YELLOW
108,0.4878,standing,standing,1,YELLOW
108,0.4586,standing,standing,1,YELLOW
108,0.5089,standing,standing,1,YELLOW
108,0.5304,standing,standing,1,YELLOW
108,0.5168,standing,standing,1,YELLOW
108,0.5146,standing,standing,1,YELLOW
108,0.5236,standing,standing,1,YELLOW
108,0.3934,standing,standing,1,RED
108,0.4451,standing,standing,1,RED
108,0.5321,standing,standing,1,YELLOW
108,0.5,standing,standing,1,YELLOW
108,0.4305,standing,standing,1,RED
108,0.4808,standing,standing,1,YELLOW
108,0.4402,standing,standing,1,RED
108,0.4565,standing,standing,1,YELLOW
108,0.542,standing,standing,1,YELLOW
108,0.5354,standing,standing,1,YELLOW
108,0.4738,standing,standing,1,YELLOW
108,0.5429,standing,standing,1,YELLOW
108,0.5475,standing,standing,1,YELLOW
108,0.5532,standing,standing,1,YELLOW
108,0.5611,standing,standing,1,YELLOW
108,0.5226,standing,standing,1,YELLOW
108,0.5717,standing,standing,1,YELLOW
108,0.5315,standing,standing,1,YELLOW
108,0.5302,standing,standing,1,YELLOW
108,0.5514,standing,standing,1,YELLOW
108,0.5217,standing,standing,1,YELLOW
108,0.487,standing,standing,1,YELLOW
108,0.5321,standing,standing,1,YELLOW
108,0.5209,standing,standing,1,YELLOW
108,0.4749,standing,standing,1,YELLOW
108,0.5423,standing,standing,1,YELLOW
108,0.5454,standing,standing,1,YELLOW
108,0.5476,standing,standing,1,YELLOW
108,0.5514,standing,standing,1,YELLOW
108,0.4765,standing,standing,1,YELLOW
108,0.5049,standing,standing,1,YELLOW
108,0.5791,standing,standing,1,YELLOW
108,0.5668,standing,standing,1,YELLOW
108,0.4696,standing,standing,1,YELLOW
108,0.5889,standing,standing,1,YELLOW
108,0.5213,standing,standing,1,YELLOW
108,0.5015,standing,standing,1,YELLOW
108,0.5599,standing,standing,1,YELLOW
108,0.544,standing,standing,1,YELLOW
108,0.589,standing,standing,1,YELLOW
108,0.4728,standing,standing,1,YELLOW
108,0.4997,standing,standing,1,YELLOW
108,0.5184,standing,standing,1,YELLOW
108,0.5146,standing,standing,1,YELLOW
108,0.5386,standing,standing,1,YELLOW
108,0.4783,standing,standing,1,YELLOW
108,0.5274,standing,standing,1,YELLOW
108,0.5727,standing,standing,1,YELLOW
108,0.5239,standing,standing,1,YELLOW
108,0.5679,standing,standing,1,YELLOW
108,0.5009,standing,standing,1,YELLOW
108,0.4631,standing,standing,1,YELLOW
108,0.4526,standing,standing,1,YELLOW
108,0.4816,standing,standing,1,YELLOW
108,0.5215,standing,standing,1,YELLOW
108,0.646,standing,standing,1,YELLOW
108,0.6106,standing,standing,1,YELLOW
108,0.5301,standing,standing,1,YELLOW
108,0.4399,standing,standing,1,RED
108,0.3397,standing,standing,1,RED
108,0.3584,sitting,standing,0,RED
108,0.3856,standing,standing,1,RED
108,0.3798,standing,standing,1,RED
108,0.3893,standing,standing,1,RED
108,0.3832,standing,standing,1,RED
108,0.449,standing,standing,1,RED
108,0.4162,standing,standing,1,RED
108,0.3584,sitting,standing,0,RED
108,0.4212,standing,standing,1,RED
108,0.5515,standing,standing,1,YELLOW
108,0.6588,standing,standing,1,YELLOW
108,0.4919,standing,standing,1,YELLOW
108,0.4427,standing,standing,1,RED
108,0.4743,standing,standing,1,YELLOW
108,0.5057,standing,standing,1,YELLOW
108,0.5356,standing,standing,1,YELLOW
108,0.485,standing,standing,1,YELLOW
108,0.5058,standing,standing,1,YELLOW
108,0.5178,standing,standing,1,YELLOW
108,0.5572,standing,standing,1,YELLOW
108,0.468,standing,standing,1,YELLOW
108,0.4633,standing,standing,1,YELLOW
108,0.4371,standing,standing,1,RED
108,0.4247,standing,standing,1,RED
108,0.5214,standing,standing,1,YELLOW
108,0.5182,standing,standing,1,YELLOW
108,0.6033,standing,standing,1,YELLOW
108,0.5656,standing,standing,1,YELLOW
108,0.6111,standing,standing,1,YELLOW
108,0.5279,standing,standing,1,YELLOW
108,0.5838,standing,standing,1,YELLOW
108,0.587,standing,standing,1,YELLOW
108,0.5564,standing,standing,1,YELLOW
108,0.6154,standing,standing,1,YELLOW
108,0.5833,standing,standing,1,YELLOW
108,0.4694,standing,standing,1,YELLOW
108,0.4677,standing,standing,1,YELLOW
108,0.5573,standing,standing,1,YELLOW
108,0.5956,standing,standing,1,YELLOW
108,0.5459,standing,standing,1,YELLOW
108,0.548,standing,standing,1,YELLOW
108,0.5268,standing,standing,1,YELLOW
108,0.5058,standing,standing,1,YELLOW
108,0.5032,standing,standing,1,YELLOW
108,0.5147,standing,standing,1,YELLOW
108,0.5395,standing,standing,1,YELLOW
108,0.5123,standing,standing,1,YELLOW
108,0.4764,standing,standing,1,YELLOW
108,0.5262,standing,standing,1,YELLOW
108,0.5729,standing,standing,1,YELLOW
108,0.5673,standing,standing,1,YELLOW
108,0.5342,standing,standing,1,YELLOW
108,0.4895,standing,standing,1,YELLOW
108,0.5769,standing,standing,1,YELLOW
108,0.5413,standing,standing,1,YELLOW
108,0.5224,standing,standing,1,YELLOW
108,0.4544,standing,standing,1,YELLOW
108,0.4293,standing,standing,1,RED
108,0.4593,standing,ironing,0,YELLOW
108,0.5883,standing,ironing,0,YELLOW
108,0.4865,standing,ironing,0,YELLOW
108,0.4947,standing,ironing,0,YELLOW
108,0.5829,standing,ironing,0,YELLOW
108,0.4069,standing,ironing,0,RED
108,0.394,standing,ironing,0,RED
108,0.5238,standing,ironing,0,YELLOW
108,0.6323,standing,ironing,0,YELLOW
108,0.2684,standing,ironing,0,RED
108,0.269,vacuuming,ironing,0,RED
108,0.6324,vacuuming,ironing,0,YELLOW
108,0.417,vacuuming,ironing,0,RED
108,0.5012,vacuuming,ironing,0,YELLOW
108,0.4118,stairs_down,ironing,0,RED
108,0.2808,stairs_down,ironing,0,RED
108,0.2978,ironing,ironing,1,RED
108,0.2863,standing,ironing,0,RED
108,0.3658,standing,ironing,0,RED
108,0.5028,standing,ironing,0,YELLOW
108,0.4452,standing,ironing,0,RED
108,0.344,standing,ironing,0,RED
108,0.3421,standing,ironing,0,RED
108,0.352,standing,ironing,0,RED
108,0.3531,standing,ironing,0,RED
108,0.3156,ironing,ironing,1,RED
108,0.4143,standing,ironing,0,RED
108,0.2876,standing,ironing,0,RED
108,0.3882,ironing,ironing,1,RED
108,0.3287,ironing,ironing,1,RED
108,0.3557,ironing,ironing,1,RED
108,0.2455,ironing,ironing,1,RED
108,0.2495,sitting,ironing,0,RED
108,0.3193,standing,ironing,0,RED
108,0.2896,vacuuming,ironing,0,RED
108,0.4547,ironing,ironing,1,YELLOW
108,0.4165,vacuuming,ironing,0,RED
108,0.3932,vacuuming,ironing,0,RED
108,0.3289,ironing,ironing,1,RED
108,0.517,ironing,ironing,1,YELLOW
108,0.5191,ironing,ironing,1,YELLOW
108,0.2832,ironing,ironing,1,RED
108,0.2858,standing,ironing,0,RED
108,0.26,standing,ironing,0,RED
108,0.4142,standing,ironing,0,RED
108,0.2589,standing,ironing,0,RED
108,0.3525,vacuuming,ironing,0,RED
108,0.5125,vacuuming,ironing,0,YELLOW
108,0.5417,vacuuming,ironing,0,YELLOW
108,0.4506,vacuuming,ironing,0,YELLOW
108,0.3741,vacuuming,ironing,0,RED
108,0.3155,ironing,ironing,1,RED
108,0.3385,ironing,ironing,1,RED
108,0.5739,ironing,ironing,1,YELLOW
108,0.5628,ironing,ironing,1,YELLOW
108,0.5037,ironing,ironing,1,YELLOW
108,0.5023,ironing,ironing,1,YELLOW
108,0.4031,vacuuming,ironing,0,RED
108,0.5022,vacuuming,ironing,0,YELLOW
108,0.534,vacuuming,ironing,0,YELLOW
108,0.4372,vacuuming,ironing,0,RED
108,0.2966,vacuuming,ironing,0,RED
108,0.4806,vacuuming,ironing,0,YELLOW
108,0.4123,ironing,ironing,1,RED
108,0.4836,ironing,ironing,1,YELLOW
108,0.6317,ironing,ironing,1,YELLOW
108,0.5356,ironing,ironing,1,YELLOW
108,0.446,ironing,ironing,1,RED
108,0.5648,ironing,ironing,1,YELLOW
108,0.5971,ironing,ironing,1,YELLOW
108,0.6093,ironing,ironing,1,YELLOW
108,0.6042,ironing,ironing,1,YELLOW
108,0.5793,ironing,ironing,1,YELLOW
108,0.5578,ironing,ironing,1,YELLOW
108,0.5568,ironing,ironing,1,YELLOW
108,0.5898,ironing,ironing,1,YELLOW
108,0.5523,ironing,ironing,1,YELLOW
108,0.4728,ironing,ironing,1,YELLOW
108,0.4689,ironing,ironing,1,YELLOW
108,0.4694,ironing,ironing,1,YELLOW
108,0.5118,ironing,ironing,1,YELLOW
108,0.3964,ironing,ironing,1,RED
108,0.3123,ironing,ironing,1,RED
108,0.3031,cycling,ironing,0,RED
108,0.3711,ironing,ironing,1,RED
108,0.4266,ironing,ironing,1,RED
108,0.3652,ironing,ironing,1,RED
108,0.2326,cycling,ironing,0,RED
108,0.2813,ironing,ironing,1,RED
108,0.3959,ironing,ironing,1,RED
108,0.5135,vacuuming,ironing,0,YELLOW
108,0.582,vacuuming,ironing,0,YELLOW
108,0.3738,ironing,ironing,1,RED
108,0.4188,ironing,ironing,1,RED
108,0.4224,ironing,ironing,1,RED
108,0.4104,ironing,ironing,1,RED
108,0.3694,ironing,ironing,1,RED
108,0.4025,standing,ironing,0,RED
108,0.3403,standing,ironing,0,RED
108,0.3311,ironing,ironing,1,RED
108,0.4491,vacuuming,ironing,0,RED
108,0.4368,vacuuming,ironing,0,RED
108,0.363,vacuuming,ironing,0,RED
108,0.4204,vacuuming,ironing,0,RED
108,0.4277,vacuuming,ironing,0,RED
108,0.4169,vacuuming,ironing,0,RED
108,0.2919,standing,ironing,0,RED
108,0.4096,vacuuming,ironing,0,RED
108,0.583,vacuuming,ironing,0,YELLOW
108,0.5426,vacuuming,ironing,0,YELLOW
108,0.3868,ironing,ironing,1,RED
108,0.5038,vacuuming,ironing,0,YELLOW
108,0.5029,vacuuming,ironing,0,YELLOW
108,0.3333,ironing,ironing,1,RED
108,0.3379,vacuuming,ironing,0,RED
108,0.6287,vacuuming,ironing,0,YELLOW
108,0.5858,vacuuming,ironing,0,YELLOW
108,0.3303,vacuuming,ironing,0,RED
108,0.2615,ironing,ironing,1,RED
108,0.321,cycling,ironing,0,RED
108,0.2861,ironing,ironing,1,RED
108,0.1816,vacuuming,ironing,0,RED
108,0.2836,vacuuming,ironing,0,RED
108,0.4692,vacuuming,ironing,0,YELLOW
108,0.6099,vacuuming,ironing,0,YELLOW
108,0.3657,vacuuming,ironing,0,RED
108,0.3392,ironing,ironing,1,RED
108,0.3051,vacuuming,ironing,0,RED
108,0.2501,cycling,ironing,0,RED
108,0.3334,cycling,ironing,0,RED
108,0.3512,cycling,ironing,0,RED
108,0.2471,ironing,ironing,1,RED
108,0.4249,vacuuming,ironing,0,RED
108,0.5645,vacuuming,ironing,0,YELLOW
108,0.3641,ironing,ironing,1,RED
108,0.2633,vacuuming,ironing,0,RED
108,0.3608,ironing,ironing,1,RED
108,0.3605,ironing,ironing,1,RED
108,0.467,vacuuming,ironing,0,YELLOW
108,0.5364,vacuuming,ironing,0,YELLOW
108,0.7408,vacuuming,ironing,0,YELLOW
108,0.4633,vacuuming,ironing,0,YELLOW
108,0.2851,cycling,ironing,0,RED
108,0.2521,vacuuming,ironing,0,RED
108,0.3226,cycling,ironing,0,RED
108,0.3553,cycling,ironing,0,RED
108,0.4034,cycling,ironing,0,RED
108,0.3984,cycling,ironing,0,RED
108,0.4251,cycling,ironing,0,RED
108,0.4627,cycling,ironing,0,YELLOW
108,0.4542,cycling,ironing,0,YELLOW
108,0.348,cycling,ironing,0,RED
108,0.2805,cycling,ironing,0,RED
108,0.3825,vacuuming,ironing,0,RED
108,0.5865,vacuuming,ironing,0,YELLOW
108,0.5618,vacuuming,ironing,0,YELLOW
108,0.4181,vacuuming,ironing,0,RED
108,0.5079,vacuuming,ironing,0,YELLOW
108,0.5864,vacuuming,ironing,0,YELLOW
108,0.3813,vacuuming,ironing,0,RED
108,0.3345,ironing,ironing,1,RED
108,0.237,standing,ironing,0,RED
108,0.2559,ironing,ironing,1,RED
108,0.2711,vacuuming,ironing,0,RED
108,0.2872,ironing,ironing,1,RED
108,0.5071,ironing,ironing,1,YELLOW
108,0.4685,vacuuming,ironing,0,YELLOW
108,0.6324,vacuuming,ironing,0,YELLOW
108,0.55,vacuuming,ironing,0,YELLOW
108,0.4252,vacuuming,ironing,0,RED
108,0.5173,ironing,ironing,1,YELLOW
108,0.4613,ironing,ironing,1,YELLOW
108,0.5594,ironing,ironing,1,YELLOW
108,0.5885,ironing,ironing,1,YELLOW
108,0.3913,ironing,ironing,1,RED
108,0.4059,ironing,ironing,1,RED
108,0.6693,vacuuming,ironing,0,YELLOW
108,0.683,vacuuming,ironing,0,YELLOW
108,0.6474,vacuuming,ironing,0,YELLOW
108,0.6932,vacuuming,ironing,0,YELLOW
108,0.5881,vacuuming,ironing,0,YELLOW
108,0.3765,vacuuming,ironing,0,RED
108,0.2606,vacuuming,ironing,0,RED
108,0.2965,ironing,ironing,1,RED
108,0.2805,ironing,ironing,1,RED
108,0.4833,ironing,ironing,1,YELLOW
108,0.3654,vacuuming,ironing,0,RED
108,0.2754,ironing,ironing,1,RED
108,0.2574,cycling,ironing,0,RED
108,0.3836,ironing,ironing,1,RED
108,0.4362,ironing,ironing,1,RED
108,0.4751,ironing,ironing,1,YELLOW
108,0.5743,ironing,ironing,1,YELLOW
108,0.4182,ironing,ironing,1,RED
108,0.2696,ironing,ironing,1,RED
108,0.3556,ironing,ironing,1,RED
108,0.5035,ironing,ironing,1,YELLOW
108,0.494,ironing,ironing,1,YELLOW
108,0.3686,ironing,ironing,1,RED
108,0.2702,ironing,ironing,1,RED
108,0.5463,vacuuming,ironing,0,YELLOW
108,0.5329,vacuuming,ironing,0,YELLOW
108,0.3493,vacuuming,ironing,0,RED
108,0.4244,vacuuming,ironing,0,RED
108,0.4926,vacuuming,ironing,0,YELLOW
108,0.5166,vacuuming,ironing,0,YELLOW
108,0.3931,vacuuming,ironing,0,RED
108,0.3888,vacuuming,ironing,0,RED
108,0.4029,vacuuming,ironing,0,RED
108,0.3341,vacuuming,ironing,0,RED
108,0.3411,ironing,ironing,1,RED
108,0.4127,ironing,ironing,1,RED
108,0.506,ironing,ironing,1,YELLOW
108,0.4618,ironing,ironing,1,YELLOW
108,0.5103,ironing,ironing,1,YELLOW
108,0.4332,vacuuming,ironing,0,RED
108,0.4213,vacuuming,ironing,0,RED
108,0.4424,vacuuming,ironing,0,RED
108,0.4061,vacuuming,ironing,0,RED
108,0.3454,vacuuming,ironing,0,RED
108,0.3442,vacuuming,ironing,0,RED
108,0.3322,ironing,ironing,1,RED
108,0.373,vacuuming,ironing,0,RED
108,0.3892,ironing,ironing,1,RED
108,0.2432,vacuuming,ironing,0,RED
108,0.3886,vacuuming,ironing,0,RED
108,0.375,vacuuming,ironing,0,RED
108,0.4338,vacuuming,ironing,0,RED
108,0.5557,vacuuming,ironing,0,YELLOW
108,0.6073,vacuuming,ironing,0,YELLOW
108,0.4299,vacuuming,ironing,0,RED
108,0.4511,vacuuming,ironing,0,YELLOW
108,0.4357,vacuuming,ironing,0,RED
108,0.4471,vacuuming,ironing,0,RED
108,0.4685,vacuuming,ironing,0,YELLOW
108,0.4373,vacuuming,ironing,0,RED
108,0.4042,ironing,ironing,1,RED
108,0.4419,ironing,ironing,1,RED
108,0.3063,ironing,ironing,1,RED
108,0.337,vacuuming,ironing,0,RED
108,0.261,ironing,ironing,1,RED
108,0.332,vacuuming,ironing,0,RED
108,0.5267,vacuuming,ironing,0,YELLOW
108,0.5438,vacuuming,ironing,0,YELLOW
108,0.5417,vacuuming,ironing,0,YELLOW
108,0.5006,vacuuming,ironing,0,YELLOW
108,0.4202,ironing,ironing,1,RED
108,0.4817,ironing,ironing,1,YELLOW
108,0.4648,vacuuming,ironing,0,YELLOW
108,0.5766,vacuuming,ironing,0,YELLOW
108,0.5738,vacuuming,ironing,0,YELLOW
108,0.7168,vacuuming,ironing,0,YELLOW
108,0.5378,vacuuming,ironing,0,YELLOW
108,0.4052,vacuuming,ironing,0,RED
108,0.2652,vacuuming,ironing,0,RED
108,0.2872,ironing,ironing,1,RED
108,0.2295,ironing,ironing,1,RED
108,0.2741,ironing,ironing,1,RED
108,0.2976,ironing,ironing,1,RED
108,0.2673,vacuuming,ironing,0,RED
108,0.2776,vacuuming,ironing,0,RED
108,0.3836,ironing,ironing,1,RED
108,0.3905,ironing,ironing,1,RED
108,0.4582,vacuuming,ironing,0,YELLOW
108,0.5324,vacuuming,ironing,0,YELLOW
108,0.425,vacuuming,ironing,0,RED
108,0.3767,ironing,ironing,1,RED
108,0.3124,ironing,ironing,1,RED
108,0.5351,vacuuming,ironing,0,YELLOW
108,0.716,vacuuming,ironing,0,YELLOW
108,0.5486,vacuuming,ironing,0,YELLOW
108,0.6357,vacuuming,ironing,0,YELLOW
108,0.4206,vacuuming,ironing,0,RED
108,0.3647,vacuuming,ironing,0,RED
108,0.3443,vacuuming,ironing,0,RED
108,0.3053,ironing,ironing,1,RED
108,0.5052,ironing,ironing,1,YELLOW
108,0.4885,ironing,ironing,1,YELLOW
108,0.316,ironing,ironing,1,RED
108,0.282,ironing,ironing,1,RED
108,0.389,vacuuming,ironing,0,RED
108,0.3967,ironing,ironing,1,RED
108,0.5117,ironing,ironing,1,YELLOW
108,0.5346,ironing,ironing,1,YELLOW
108,0.5165,ironing,ironing,1,YELLOW
108,0.444,ironing,ironing,1,RED
108,0.3678,ironing,ironing,1,RED
108,0.4533,ironing,ironing,1,YELLOW
108,0.3875,ironing,ironing,1,RED
108,0.3382,vacuuming,ironing,0,RED
108,0.3081,ironing,ironing,1,RED
108,0.4189,vacuuming,ironing,0,RED
108,0.7127,vacuuming,ironing,0,YELLOW
108,0.5757,vacuuming,ironing,0,YELLOW
108,0.4547,vacuuming,ironing,0,YELLOW
108,0.3184,vacuuming,ironing,0,RED
108,0.3726,vacuuming,ironing,0,RED
108,0.3454,vacuuming,ironing,0,RED
108,0.335,vacuuming,ironing,0,RED
108,0.2732,ironing,ironing,1,RED
108,0.3868,vacuuming,ironing,0,RED
108,0.4518,vacuuming,ironing,0,YELLOW
108,0.4573,ironing,ironing,1,YELLOW
108,0.4706,vacuuming,ironing,0,YELLOW
108,0.4931,ironing,ironing,1,YELLOW
108,0.4921,ironing,ironing,1,YELLOW
108,0.5732,ironing,ironing,1,YELLOW
108,0.5545,ironing,ironing,1,YELLOW
108,0.381,ironing,ironing,1,RED
108,0.4572,standing,ironing,0,YELLOW
108,0.4258,vacuuming,ironing,0,RED
108,0.7296,vacuuming,ironing,0,YELLOW
108,0.5863,vacuuming,ironing,0,YELLOW
108,0.6044,vacuuming,ironing,0,YELLOW
108,0.4783,vacuuming,ironing,0,YELLOW
108,0.3721,vacuuming,ironing,0,RED
108,0.4666,vacuuming,ironing,0,YELLOW
108,0.4303,ironing,ironing,1,RED
108,0.3632,ironing,ironing,1,RED
108,0.2305,ironing,ironing,1,RED
108,0.4734,ironing,ironing,1,YELLOW
108,0.5102,ironing,ironing,1,YELLOW
108,0.5492,ironing,ironing,1,YELLOW
108,0.5921,ironing,ironing,1,YELLOW
108,0.4942,ironing,ironing,1,YELLOW
108,0.3952,ironing,ironing,1,RED
108,0.5224,vacuuming,ironing,0,YELLOW
108,0.517,vacuuming,ironing,0,YELLOW
108,0.5031,vacuuming,ironing,0,YELLOW
108,0.4672,vacuuming,ironing,0,YELLOW
108,0.4876,vacuuming,ironing,0,YELLOW
108,0.3757,vacuuming,ironing,0,RED
108,0.4277,vacuuming,ironing,0,RED
108,0.3688,vacuuming,ironing,0,RED
108,0.5246,vacuuming,ironing,0,YELLOW
108,0.7736,vacuuming,ironing,0,GREEN
108,0.6552,vacuuming,ironing,0,YELLOW
108,0.2984,standing,ironing,0,RED
108,0.2676,cycling,ironing,0,RED
108,0.3483,vacuuming,ironing,0,RED
108,0.3448,cycling,ironing,0,RED
108,0.3841,cycling,ironing,0,RED
108,0.3375,cycling,ironing,0,RED
108,0.4973,vacuuming,ironing,0,YELLOW
108,0.4716,vacuuming,ironing,0,YELLOW
108,0.3703,ironing,ironing,1,RED
108,0.5464,ironing,ironing,1,YELLOW
108,0.4168,ironing,ironing,1,RED
108,0.3372,ironing,ironing,1,RED
108,0.4209,ironing,ironing,1,RED
108,0.3383,ironing,ironing,1,RED
108,0.3592,ironing,ironing,1,RED
108,0.4158,vacuuming,ironing,0,RED
108,0.5498,vacuuming,ironing,0,YELLOW
108,0.442,vacuuming,ironing,0,RED
108,0.2302,ironing,ironing,1,RED
108,0.3124,ironing,ironing,1,RED
108,0.363,vacuuming,ironing,0,RED
108,0.4533,vacuuming,ironing,0,YELLOW
108,0.5996,vacuuming,ironing,0,YELLOW
108,0.3266,vacuuming,ironing,0,RED
108,0.3076,vacuuming,ironing,0,RED
108,0.2469,ironing,ironing,1,RED
108,0.3729,ironing,ironing,1,RED
108,0.3397,ironing,ironing,1,RED
108,0.4186,vacuuming,ironing,0,RED
108,0.4953,vacuuming,ironing,0,YELLOW
108,0.3891,vacuuming,ironing,0,RED
108,0.4515,vacuuming,ironing,0,YELLOW
108,0.5191,ironing,ironing,1,YELLOW
108,0.4596,ironing,ironing,1,YELLOW
108,0.4534,ironing,ironing,1,YELLOW
108,0.3969,ironing,ironing,1,RED
108,0.4553,ironing,ironing,1,YELLOW
108,0.4044,vacuuming,ironing,0,RED
108,0.4115,vacuuming,ironing,0,RED
108,0.3595,ironing,ironing,1,RED
108,0.2789,vacuuming,ironing,0,RED
108,0.2244,vacuuming,ironing,0,RED
108,0.361,ironing,ironing,1,RED
108,0.3508,ironing,ironing,1,RED
108,0.5643,vacuuming,ironing,0,YELLOW
108,0.4542,vacuuming,ironing,0,YELLOW
108,0.2525,ironing,ironing,1,RED
108,0.2991,ironing,ironing,1,RED
108,0.4291,ironing,ironing,1,RED
108,0.3489,ironing,ironing,1,RED
108,0.3208,ironing,ironing,1,RED
108,0.2826,ironing,ironing,1,RED
108,0.4699,vacuuming,ironing,0,YELLOW
108,0.5949,vacuuming,ironing,0,YELLOW
108,0.6521,vacuuming,ironing,0,YELLOW
108,0.6658,vacuuming,ironing,0,YELLOW
108,0.4594,vacuuming,ironing,0,YELLOW
108,0.3465,ironing,ironing,1,RED
108,0.3688,ironing,ironing,1,RED
108,0.4003,ironing,ironing,1,RED
108,0.42,ironing,ironing,1,RED
108,0.3772,ironing,ironing,1,RED
108,0.2686,ironing,ironing,1,RED
108,0.4775,ironing,ironing,1,YELLOW
108,0.6605,vacuuming,ironing,0,YELLOW
108,0.5442,vacuuming,ironing,0,YELLOW
108,0.4694,vacuuming,ironing,0,YELLOW
108,0.3496,ironing,ironing,1,RED
108,0.4517,vacuuming,ironing,0,YELLOW
108,0.6726,vacuuming,ironing,0,YELLOW
108,0.7198,vacuuming,ironing,0,YELLOW
108,0.7413,vacuuming,ironing,0,YELLOW
108,0.4366,vacuuming,ironing,0,RED
108,0.3004,vacuuming,ironing,0,RED
108,0.3147,ironing,ironing,1,RED
108,0.3361,ironing,ironing,1,RED
108,0.3307,ironing,ironing,1,RED
108,0.5293,vacuuming,ironing,0,YELLOW
108,0.6737,vacuuming,ironing,0,YELLOW
108,0.7062,vacuuming,ironing,0,YELLOW
108,0.3451,vacuuming,ironing,0,RED
108,0.1395,walking,ironing,0,RED
108,0.2273,cycling,ironing,0,RED
108,0.2138,cycling,ironing,0,RED
108,0.181,running,ironing,0,RED
108,0.192,running,ironing,0,RED
108,0.3131,ironing,ironing,1,RED
108,0.3243,ironing,ironing,1,RED
108,0.3317,vacuuming,ironing,0,RED
108,0.4468,vacuuming,ironing,0,RED
108,0.6746,vacuuming,ironing,0,YELLOW
108,0.6242,vacuuming,ironing,0,YELLOW
108,0.4103,vacuuming,ironing,0,RED
108,0.3968,ironing,ironing,1,RED
108,0.4092,ironing,ironing,1,RED
108,0.4831,vacuuming,ironing,0,YELLOW
108,0.5042,vacuuming,ironing,0,YELLOW
108,0.4042,vacuuming,ironing,0,RED
108,0.3501,vacuuming,ironing,0,RED
108,0.4222,vacuuming,ironing,0,RED
108,0.5367,vacuuming,ironing,0,YELLOW
108,0.4029,vacuuming,ironing,0,RED
108,0.5874,vacuuming,ironing,0,YELLOW
108,0.6409,vacuuming,ironing,0,YELLOW
108,0.5483,vacuuming,ironing,0,YELLOW
108,0.3485,cycling,ironing,0,RED
108,0.3226,ironing,ironing,1,RED
108,0.3939,vacuuming,ironing,0,RED
108,0.4274,vacuuming,ironing,0,RED
108,0.3387,vacuuming,ironing,0,RED
108,0.2998,ironing,ironing,1,RED
108,0.2068,ironing,ironing,1,RED
108,0.2615,cycling,ironing,0,RED
108,0.2694,cycling,ironing,0,RED
108,0.2476,cycling,ironing,0,RED
108,0.1991,running,ironing,0,RED
108,0.2641,ironing,ironing,1,RED
108,0.3059,ironing,ironing,1,RED
108,0.3045,ironing,ironing,1,RED
108,0.2398,cycling,ironing,0,RED
108,0.3672,cycling,ironing,0,RED
108,0.3297,cycling,ironing,0,RED
108,0.3501,cycling,ironing,0,RED
108,0.3281,ironing,ironing,1,RED
108,0.3254,ironing,ironing,1,RED
108,0.3364,ironing,ironing,1,RED
108,0.5145,vacuuming,ironing,0,YELLOW
108,0.5249,vacuuming,ironing,0,YELLOW
108,0.18,vacuuming,ironing,0,RED
108,0.3305,vacuuming,ironing,0,RED
108,0.2726,cycling,ironing,0,RED
108,0.3327,cycling,ironing,0,RED
108,0.3383,cycling,ironing,0,RED
108,0.2235,ironing,ironing,1,RED
108,0.4602,vacuuming,ironing,0,YELLOW
108,0.6973,vacuuming,ironing,0,YELLOW
108,0.6881,vacuuming,ironing,0,YELLOW
108,0.3762,vacuuming,ironing,0,RED
108,0.3084,ironing,ironing,1,RED
108,0.2836,vacuuming,ironing,0,RED
108,0.4139,vacuuming,ironing,0,RED
108,0.5832,vacuuming,ironing,0,YELLOW
108,0.446,vacuuming,ironing,0,RED
108,0.5117,ironing,ironing,1,YELLOW
108,0.533,ironing,ironing,1,YELLOW
108,0.5768,ironing,ironing,1,YELLOW
108,0.4938,ironing,ironing,1,YELLOW
108,0.4153,ironing,ironing,1,RED
108,0.3424,ironing,ironing,1,RED
108,0.4016,ironing,ironing,1,RED
108,0.4568,ironing,ironing,1,YELLOW
108,0.3999,ironing,ironing,1,RED
108,0.3903,standing,ironing,0,RED
108,0.3179,standing,ironing,0,RED
108,0.3518,vacuuming,ironing,0,RED
108,0.4392,vacuuming,ironing,0,RED
108,0.3597,standing,ironing,0,RED
108,0.3576,vacuuming,ironing,0,RED
108,0.3475,vacuuming,ironing,0,RED
108,0.2542,standing,ironing,0,RED
108,0.256,standing,ironing,0,RED
108,0.2858,ironing,ironing,1,RED
108,0.3288,standing,ironing,0,RED
108,0.286,ironing,ironing,1,RED
108,0.2852,ironing,ironing,1,RED
108,0.3338,ironing,ironing,1,RED
108,0.4211,ironing,ironing,1,RED
108,0.4467,ironing,ironing,1,RED
108,0.3711,ironing,ironing,1,RED
108,0.2441,ironing,ironing,1,RED
108,0.2864,ironing,ironing,1,RED
108,0.2197,ironing,ironing,1,RED
108,0.2884,ironing,ironing,1,RED
108,0.3484,ironing,ironing,1,RED
108,0.307,ironing,ironing,1,RED
108,0.3962,ironing,ironing,1,RED
108,0.4795,vacuuming,ironing,0,YELLOW
108,0.4615,vacuuming,ironing,0,YELLOW
108,0.3319,ironing,ironing,1,RED
108,0.3176,ironing,ironing,1,RED
108,0.2845,ironing,ironing,1,RED
108,0.2166,ironing,ironing,1,RED
108,0.2738,ironing,ironing,1,RED
108,0.261,ironing,ironing,1,RED
108,0.3459,ironing,ironing,1,RED
108,0.4309,ironing,ironing,1,RED
108,0.3915,ironing,ironing,1,RED
108,0.4845,vacuuming,ironing,0,YELLOW
108,0.5578,vacuuming,ironing,0,YELLOW
108,0.6446,vacuuming,ironing,0,YELLOW
108,0.6784,vacuuming,ironing,0,YELLOW
108,0.3992,vacuuming,ironing,0,RED
108,0.3413,ironing,ironing,1,RED
108,0.4126,ironing,ironing,1,RED
108,0.4178,ironing,ironing,1,RED
108,0.421,ironing,ironing,1,RED
108,0.4612,vacuuming,ironing,0,YELLOW
108,0.4763,vacuuming,ironing,0,YELLOW
108,0.4491,vacuuming,ironing,0,RED
108,0.5306,vacuuming,ironing,0,YELLOW
108,0.3633,cycling,ironing,0,RED
108,0.3661,cycling,ironing,0,RED
108,0.3293,cycling,ironing,0,RED
108,0.3514,cycling,ironing,0,RED
108,0.3685,cycling,ironing,0,RED
108,0.2838,vacuuming,ironing,0,RED
108,0.4156,vacuuming,ironing,0,RED
108,0.3273,vacuuming,ironing,0,RED
108,0.2744,ironing,ironing,1,RED
108,0.3458,ironing,ironing,1,RED
108,0.3641,vacuuming,ironing,0,RED
108,0.4919,vacuuming,ironing,0,YELLOW
108,0.5662,vacuuming,ironing,0,YELLOW
108,0.3749,vacuuming,ironing,0,RED
108,0.4352,standing,ironing,0,RED
108,0.3666,ironing,ironing,1,RED
108,0.3088,standing,ironing,0,RED
108,0.4546,vacuuming,ironing,0,YELLOW
108,0.2454,vacuuming,ironing,0,RED
108,0.2746,ironing,ironing,1,RED
108,0.4256,standing,ironing,0,RED
108,0.4167,standing,ironing,0,RED
108,0.4132,ironing,ironing,1,RED
108,0.54,ironing,ironing,1,YELLOW
108,0.5038,ironing,ironing,1,YELLOW
108,0.3465,ironing,ironing,1,RED
108,0.2701,vacuuming,ironing,0,RED
108,0.4639,ironing,ironing,1,YELLOW
108,0.524,vacuuming,ironing,0,YELLOW
108,0.6514,vacuuming,ironing,0,YELLOW
108,0.4845,vacuuming,ironing,0,YELLOW
108,0.3403,ironing,ironing,1,RED
108,0.3383,ironing,ironing,1,RED
108,0.4568,ironing,ironing,1,YELLOW
108,0.5142,ironing,ironing,1,YELLOW
108,0.3916,ironing,ironing,1,RED
108,0.3687,ironing,ironing,1,RED
108,0.3398,ironing,ironing,1,RED
108,0.3478,ironing,ironing,1,RED
108,0.5305,ironing,ironing,1,YELLOW
108,0.4691,ironing,ironing,1,YELLOW
108,0.4689,vacuuming,ironing,0,YELLOW
108,0.4482,vacuuming,ironing,0,RED
108,0.3877,vacuuming,ironing,0,RED
108,0.3709,ironing,ironing,1,RED
108,0.4417,vacuuming,ironing,0,RED
108,0.3891,ironing,ironing,1,RED
108,0.3831,ironing,ironing,1,RED
108,0.3387,ironing,ironing,1,RED
108,0.3323,ironing,ironing,1,RED
108,0.2543,ironing,ironing,1,RED
108,0.1828,standing,ironing,0,RED
108,0.1957,vacuuming,ironing,0,RED
108,0.2194,vacuuming,ironing,0,RED
108,0.2406,ironing,ironing,1,RED
108,0.2627,vacuuming,ironing,0,RED
108,0.2788,standing,ironing,0,RED
108,0.3925,standing,ironing,0,RED
108,0.4035,standing,ironing,0,RED
108,0.479,standing,ironing,0,YELLOW
108,0.3495,vacuuming,ironing,0,RED
108,0.6064,vacuuming,ironing,0,YELLOW
108,0.3537,vacuuming,ironing,0,RED
108,0.3499,vacuuming,ironing,0,RED
108,0.3736,vacuuming,ironing,0,RED
108,0.5579,vacuuming,ironing,0,YELLOW
108,0.3972,vacuuming,ironing,0,RED
108,0.4788,vacuuming,ironing,0,YELLOW
108,0.4318,ironing,ironing,1,RED
108,0.5201,vacuuming,ironing,0,YELLOW
108,0.5742,vacuuming,ironing,0,YELLOW
108,0.5126,vacuuming,ironing,0,YELLOW
108,0.2667,ironing,ironing,1,RED
108,0.3051,ironing,ironing,1,RED
108,0.4351,vacuuming,ironing,0,RED
108,0.4665,vacuuming,ironing,0,YELLOW
108,0.3154,vacuuming,ironing,0,RED
108,0.3385,ironing,ironing,1,RED
108,0.353,vacuuming,ironing,0,RED
108,0.4314,ironing,ironing,1,RED
108,0.4471,vacuuming,ironing,0,RED
108,0.3581,ironing,ironing,1,RED
108,0.5437,vacuuming,ironing,0,YELLOW
108,0.4268,vacuuming,ironing,0,RED
108,0.3334,vacuuming,ironing,0,RED
108,0.3242,vacuuming,ironing,0,RED
108,0.3343,vacuuming,ironing,0,RED
108,0.5276,ironing,ironing,1,YELLOW
108,0.385,ironing,ironing,1,RED
108,0.3939,ironing,ironing,1,RED
108,0.6156,vacuuming,ironing,0,YELLOW
108,0.613,vacuuming,ironing,0,YELLOW
108,0.4346,vacuuming,ironing,0,RED
108,0.3806,vacuuming,ironing,0,RED
108,0.4468,ironing,ironing,1,RED
108,0.469,ironing,ironing,1,YELLOW
108,0.5154,ironing,ironing,1,YELLOW
108,0.4039,ironing,ironing,1,RED
108,0.5331,ironing,ironing,1,YELLOW
108,0.4464,ironing,ironing,1,RED
108,0.2235,ironing,ironing,1,RED
108,0.2842,ironing,ironing,1,RED
108,0.29,vacuuming,ironing,0,RED
108,0.2938,vacuuming,ironing,0,RED
108,0.2892,vacuuming,ironing,0,RED
108,0.2721,ironing,ironing,1,RED
108,0.3037,standing,ironing,0,RED
108,0.2684,standing,ironing,0,RED
108,0.3335,standing,ironing,0,RED
108,0.3657,standing,ironing,0,RED
108,0.3901,standing,ironing,0,RED
108,0.3181,standing,ironing,0,RED
108,0.412,standing,ironing,0,RED
108,0.4276,standing,ironing,0,RED
108,0.4053,standing,ironing,0,RED
108,0.4714,standing,ironing,0,YELLOW
108,0.419,standing,ironing,0,RED
108,0.3523,standing,ironing,0,RED
108,0.486,standing,ironing,0,YELLOW
108,0.2577,ironing,vacuuming,0,RED
108,0.4161,sitting,vacuuming,0,RED
108,0.3982,sitting,vacuuming,0,RED
108,0.3915,standing,vacuuming,0,RED
108,0.4382,sitting,vacuuming,0,RED
108,0.3844,sitting,vacuuming,0,RED
108,0.3557,standing,vacuuming,0,RED
108,0.3853,standing,vacuuming,0,RED
108,0.5633,ironing,vacuuming,0,YELLOW
108,0.6427,ironing,vacuuming,0,YELLOW
108,0.7161,vacuuming,vacuuming,1,YELLOW
108,0.9494,vacuuming,vacuuming,1,GREEN
108,0.8677,vacuuming,vacuuming,1,GREEN
108,0.9072,vacuuming,vacuuming,1,GREEN
108,0.9235,vacuuming,vacuuming,1,GREEN
108,0.7696,vacuuming,vacuuming,1,GREEN
108,0.5367,vacuuming,vacuuming,1,YELLOW
108,0.2706,vacuuming,vacuuming,1,RED
108,0.4459,stairs_down,vacuuming,0,RED
108,0.5281,stairs_down,vacuuming,0,YELLOW
108,0.5342,standing,vacuuming,0,YELLOW
108,0.256,vacuuming,vacuuming,1,RED
108,0.6419,vacuuming,vacuuming,1,YELLOW
108,0.8712,vacuuming,vacuuming,1,GREEN
108,0.8858,vacuuming,vacuuming,1,GREEN
108,0.8201,vacuuming,vacuuming,1,GREEN
108,0.778,vacuuming,vacuuming,1,GREEN
108,0.6063,vacuuming,vacuuming,1,YELLOW
108,0.5552,vacuuming,vacuuming,1,YELLOW
108,0.7642,vacuuming,vacuuming,1,GREEN
108,0.943,vacuuming,vacuuming,1,GREEN
108,0.9721,vacuuming,vacuuming,1,GREEN
108,0.9703,vacuuming,vacuuming,1,GREEN
108,0.9654,vacuuming,vacuuming,1,GREEN
108,0.9526,vacuuming,vacuuming,1,GREEN
108,0.899,vacuuming,vacuuming,1,GREEN
108,0.9421,vacuuming,vacuuming,1,GREEN
108,0.9328,vacuuming,vacuuming,1,GREEN
108,0.8919,vacuuming,vacuuming,1,GREEN
108,0.8476,vacuuming,vacuuming,1,GREEN
108,0.8804,vacuuming,vacuuming,1,GREEN
108,0.9679,vacuuming,vacuuming,1,GREEN
108,0.9874,vacuuming,vacuuming,1,GREEN
108,0.7702,vacuuming,vacuuming,1,GREEN
108,0.566,vacuuming,vacuuming,1,YELLOW
108,0.9277,vacuuming,vacuuming,1,GREEN
108,0.9472,vacuuming,vacuuming,1,GREEN
108,0.966,vacuuming,vacuuming,1,GREEN
108,0.9156,vacuuming,vacuuming,1,GREEN
108,0.9028,vacuuming,vacuuming,1,GREEN
108,0.9265,vacuuming,vacuuming,1,GREEN
108,0.9487,vacuuming,vacuuming,1,GREEN
108,0.9585,vacuuming,vacuuming,1,GREEN
108,0.9642,vacuuming,vacuuming,1,GREEN
108,0.9319,vacuuming,vacuuming,1,GREEN
108,0.9452,vacuuming,vacuuming,1,GREEN
108,0.9593,vacuuming,vacuuming,1,GREEN
108,0.9789,vacuuming,vacuuming,1,GREEN
108,0.9891,vacuuming,vacuuming,1,GREEN
108,0.9909,vacuuming,vacuuming,1,GREEN
108,0.972,vacuuming,vacuuming,1,GREEN
108,0.9145,vacuuming,vacuuming,1,GREEN
108,0.7912,vacuuming,vacuuming,1,GREEN
108,0.9526,vacuuming,vacuuming,1,GREEN
108,0.9571,vacuuming,vacuuming,1,GREEN
108,0.9229,vacuuming,vacuuming,1,GREEN
108,0.9372,vacuuming,vacuuming,1,GREEN
108,0.9521,vacuuming,vacuuming,1,GREEN
108,0.9404,vacuuming,vacuuming,1,GREEN
108,0.8844,vacuuming,vacuuming,1,GREEN
108,0.8445,vacuuming,vacuuming,1,GREEN
108,0.5284,vacuuming,vacuuming,1,YELLOW
108,0.6021,vacuuming,vacuuming,1,YELLOW
108,0.8788,vacuuming,vacuuming,1,GREEN
108,0.9846,vacuuming,vacuuming,1,GREEN
108,0.9354,vacuuming,vacuuming,1,GREEN
108,0.937,vacuuming,vacuuming,1,GREEN
108,0.843,vacuuming,vacuuming,1,GREEN
108,0.8442,vacuuming,vacuuming,1,GREEN
108,0.8303,vacuuming,vacuuming,1,GREEN
108,0.888,vacuuming,vacuuming,1,GREEN
108,0.9371,vacuuming,vacuuming,1,GREEN
108,0.9262,vacuuming,vacuuming,1,GREEN
108,0.9395,vacuuming,vacuuming,1,GREEN
108,0.9584,vacuuming,vacuuming,1,GREEN
108,0.8899,vacuuming,vacuuming,1,GREEN
108,0.8357,vacuuming,vacuuming,1,GREEN
108,0.8811,vacuuming,vacuuming,1,GREEN
108,0.8757,vacuuming,vacuuming,1,GREEN
108,0.8538,vacuuming,vacuuming,1,GREEN
108,0.9058,vacuuming,vacuuming,1,GREEN
108,0.9248,vacuuming,vacuuming,1,GREEN
108,0.9104,vacuuming,vacuuming,1,GREEN
108,0.8985,vacuuming,vacuuming,1,GREEN
108,0.8161,vacuuming,vacuuming,1,GREEN
108,0.8778,vacuuming,vacuuming,1,GREEN
108,0.8647,vacuuming,vacuuming,1,GREEN
108,0.9321,vacuuming,vacuuming,1,GREEN
108,0.9488,vacuuming,vacuuming,1,GREEN
108,0.9504,vacuuming,vacuuming,1,GREEN
108,0.7366,vacuuming,vacuuming,1,YELLOW
108,0.7289,vacuuming,vacuuming,1,YELLOW
108,0.907,vacuuming,vacuuming,1,GREEN
108,0.9053,vacuuming,vacuuming,1,GREEN
108,0.9102,vacuuming,vacuuming,1,GREEN
108,0.8893,vacuuming,vacuuming,1,GREEN
108,0.927,vacuuming,vacuuming,1,GREEN
108,0.7991,vacuuming,vacuuming,1,GREEN
108,0.8361,vacuuming,vacuuming,1,GREEN
108,0.9262,vacuuming,vacuuming,1,GREEN
108,0.8713,vacuuming,vacuuming,1,GREEN
108,0.9192,vacuuming,vacuuming,1,GREEN
108,0.8527,vacuuming,vacuuming,1,GREEN
108,0.7516,vacuuming,vacuuming,1,GREEN
108,0.8725,vacuuming,vacuuming,1,GREEN
108,0.9526,vacuuming,vacuuming,1,GREEN
108,0.7839,vacuuming,vacuuming,1,GREEN
108,0.8878,vacuuming,vacuuming,1,GREEN
108,0.9069,vacuuming,vacuuming,1,GREEN
108,0.935,vacuuming,vacuuming,1,GREEN
108,0.9152,vacuuming,vacuuming,1,GREEN
108,0.9244,vacuuming,vacuuming,1,GREEN
108,0.7466,vacuuming,vacuuming,1,YELLOW
108,0.5173,vacuuming,vacuuming,1,YELLOW
108,0.6749,vacuuming,vacuuming,1,YELLOW
108,0.5071,vacuuming,vacuuming,1,YELLOW
108,0.5215,standing,vacuuming,0,YELLOW
108,0.5824,standing,vacuuming,0,YELLOW
108,0.3968,standing,vacuuming,0,RED
108,0.5822,vacuuming,vacuuming,1,YELLOW
108,0.6713,vacuuming,vacuuming,1,YELLOW
108,0.7364,vacuuming,vacuuming,1,YELLOW
108,0.6932,vacuuming,vacuuming,1,YELLOW
108,0.6894,vacuuming,vacuuming,1,YELLOW
108,0.725,vacuuming,vacuuming,1,YELLOW
108,0.6799,vacuuming,vacuuming,1,YELLOW
108,0.574,vacuuming,vacuuming,1,YELLOW
108,0.436,vacuuming,vacuuming,1,RED
108,0.3363,vacuuming,vacuuming,1,RED
108,0.3698,vacuuming,vacuuming,1,RED
108,0.4355,ironing,vacuuming,0,RED
108,0.7759,ironing,vacuuming,0,GREEN
108,0.4308,ironing,vacuuming,0,RED
108,0.8301,vacuuming,vacuuming,1,GREEN
108,0.8477,vacuuming,vacuuming,1,GREEN
108,0.9479,vacuuming,vacuuming,1,GREEN
108,0.9775,vacuuming,vacuuming,1,GREEN
108,0.9768,vacuuming,vacuuming,1,GREEN
108,0.9678,vacuuming,vacuuming,1,GREEN
108,0.9769,vacuuming,vacuuming,1,GREEN
108,0.9507,vacuuming,vacuuming,1,GREEN
108,0.9754,vacuuming,vacuuming,1,GREEN
108,0.9891,vacuuming,vacuuming,1,GREEN
108,0.9706,vacuuming,vacuuming,1,GREEN
108,0.9811,vacuuming,vacuuming,1,GREEN
108,0.9698,vacuuming,vacuuming,1,GREEN
108,0.9287,vacuuming,vacuuming,1,GREEN
108,0.951,vacuuming,vacuuming,1,GREEN
108,0.9737,vacuuming,vacuuming,1,GREEN
108,0.9567,vacuuming,vacuuming,1,GREEN
108,0.9906,vacuuming,vacuuming,1,GREEN
108,0.9077,vacuuming,vacuuming,1,GREEN
108,0.8634,vacuuming,vacuuming,1,GREEN
108,0.8986,vacuuming,vacuuming,1,GREEN
108,0.8333,vacuuming,vacuuming,1,GREEN
108,0.7442,vacuuming,vacuuming,1,YELLOW
108,0.8844,vacuuming,vacuuming,1,GREEN
108,0.8645,vacuuming,vacuuming,1,GREEN
108,0.8539,vacuuming,vacuuming,1,GREEN
108,0.8672,vacuuming,vacuuming,1,GREEN
108,0.924,vacuuming,vacuuming,1,GREEN
108,0.9251,vacuuming,vacuuming,1,GREEN
108,0.8878,vacuuming,vacuuming,1,GREEN
108,0.8525,vacuuming,vacuuming,1,GREEN
108,0.5954,vacuuming,vacuuming,1,YELLOW
108,0.4548,ironing,vacuuming,0,YELLOW
108,0.5558,ironing,vacuuming,0,YELLOW
108,0.4448,ironing,vacuuming,0,RED
108,0.8106,vacuuming,vacuuming,1,GREEN
108,0.9232,vacuuming,vacuuming,1,GREEN
108,0.7347,vacuuming,vacuuming,1,YELLOW
108,0.563,vacuuming,vacuuming,1,YELLOW
108,0.4266,ironing,vacuuming,0,RED
108,0.4878,ironing,vacuuming,0,YELLOW
108,0.5034,vacuuming,vacuuming,1,YELLOW
108,0.8469,vacuuming,vacuuming,1,GREEN
108,0.9671,vacuuming,vacuuming,1,GREEN
108,0.9704,vacuuming,vacuuming,1,GREEN
108,0.8607,vacuuming,vacuuming,1,GREEN
108,0.8478,vacuuming,vacuuming,1,GREEN
108,0.7757,vacuuming,vacuuming,1,GREEN
108,0.8184,vacuuming,vacuuming,1,GREEN
108,0.8396,vacuuming,vacuuming,1,GREEN
108,0.8592,vacuuming,vacuuming,1,GREEN
108,0.865,vacuuming,vacuuming,1,GREEN
108,0.8925,vacuuming,vacuuming,1,GREEN
108,0.8761,vacuuming,vacuuming,1,GREEN
108,0.9181,vacuuming,vacuuming,1,GREEN
108,0.8782,vacuuming,vacuuming,1,GREEN
108,0.869,vacuuming,vacuuming,1,GREEN
108,0.7042,vacuuming,vacuuming,1,YELLOW
108,0.6275,vacuuming,vacuuming,1,YELLOW
108,0.6724,vacuuming,vacuuming,1,YELLOW
108,0.7518,vacuuming,vacuuming,1,GREEN
108,0.8504,vacuuming,vacuuming,1,GREEN
108,0.9735,vacuuming,vacuuming,1,GREEN
108,0.7955,vacuuming,vacuuming,1,GREEN
108,0.7323,vacuuming,vacuuming,1,YELLOW
108,0.7103,vacuuming,vacuuming,1,YELLOW
108,0.7621,vacuuming,vacuuming,1,GREEN
108,0.8769,vacuuming,vacuuming,1,GREEN
108,0.7569,vacuuming,vacuuming,1,GREEN
108,0.8612,vacuuming,vacuuming,1,GREEN
108,0.8692,vacuuming,vacuuming,1,GREEN
108,0.774,vacuuming,vacuuming,1,GREEN
108,0.8856,vacuuming,vacuuming,1,GREEN
108,0.9346,vacuuming,vacuuming,1,GREEN
108,0.9656,vacuuming,vacuuming,1,GREEN
108,0.9516,vacuuming,vacuuming,1,GREEN
108,0.9429,vacuuming,vacuuming,1,GREEN
108,0.893,vacuuming,vacuuming,1,GREEN
108,0.9238,vacuuming,vacuuming,1,GREEN
108,0.9266,vacuuming,vacuuming,1,GREEN
108,0.7827,vacuuming,vacuuming,1,GREEN
108,0.8412,vacuuming,vacuuming,1,GREEN
108,0.8218,vacuuming,vacuuming,1,GREEN
108,0.6881,vacuuming,vacuuming,1,YELLOW
108,0.2438,stairs_down,vacuuming,0,RED
108,0.3948,vacuuming,vacuuming,1,RED
108,0.7846,vacuuming,vacuuming,1,GREEN
108,0.9438,vacuuming,vacuuming,1,GREEN
108,0.9459,vacuuming,vacuuming,1,GREEN
108,0.9519,vacuuming,vacuuming,1,GREEN
108,0.7559,vacuuming,vacuuming,1,GREEN
108,0.666,vacuuming,vacuuming,1,YELLOW
108,0.8643,vacuuming,vacuuming,1,GREEN
108,0.9214,vacuuming,vacuuming,1,GREEN
108,0.9447,vacuuming,vacuuming,1,GREEN
108,0.9519,vacuuming,vacuuming,1,GREEN
108,0.9357,vacuuming,vacuuming,1,GREEN
108,0.9639,vacuuming,vacuuming,1,GREEN
108,0.8983,vacuuming,vacuuming,1,GREEN
108,0.8947,vacuuming,vacuuming,1,GREEN
108,0.8792,vacuuming,vacuuming,1,GREEN
108,0.9676,vacuuming,vacuuming,1,GREEN
108,0.9699,vacuuming,vacuuming,1,GREEN
108,0.9742,vacuuming,vacuuming,1,GREEN
108,0.7899,vacuuming,vacuuming,1,GREEN
108,0.7957,vacuuming,vacuuming,1,GREEN
108,0.8899,vacuuming,vacuuming,1,GREEN
108,0.9738,vacuuming,vacuuming,1,GREEN
108,0.9873,vacuuming,vacuuming,1,GREEN
108,0.9847,vacuuming,vacuuming,1,GREEN
108,0.9197,vacuuming,vacuuming,1,GREEN
108,0.8076,vacuuming,vacuuming,1,GREEN
108,0.8319,vacuuming,vacuuming,1,GREEN
108,0.7284,vacuuming,vacuuming,1,YELLOW
108,0.5558,vacuuming,vacuuming,1,YELLOW
108,0.537,vacuuming,vacuuming,1,YELLOW
108,0.5185,vacuuming,vacuuming,1,YELLOW
108,0.5431,vacuuming,vacuuming,1,YELLOW
108,0.7732,vacuuming,vacuuming,1,GREEN
108,0.791,vacuuming,vacuuming,1,GREEN
108,0.6851,vacuuming,vacuuming,1,YELLOW
108,0.6872,vacuuming,vacuuming,1,YELLOW
108,0.4994,vacuuming,vacuuming,1,YELLOW
108,0.2137,vacuuming,vacuuming,1,RED
108,0.4123,standing,vacuuming,0,RED
108,0.36,standing,vacuuming,0,RED
108,0.3922,standing,vacuuming,0,RED
108,0.384,vacuuming,vacuuming,1,RED
108,0.6928,vacuuming,vacuuming,1,YELLOW
108,0.5817,vacuuming,vacuuming,1,YELLOW
108,0.7044,vacuuming,vacuuming,1,YELLOW
108,0.7369,vacuuming,vacuuming,1,YELLOW
108,0.7788,vacuuming,vacuuming,1,GREEN
108,0.4375,vacuuming,vacuuming,1,RED
108,0.3666,standing,vacuuming,0,RED
108,0.48,standing,vacuuming,0,YELLOW
108,0.3657,standing,vacuuming,0,RED
108,0.7881,vacuuming,vacuuming,1,GREEN
108,0.9674,vacuuming,vacuuming,1,GREEN
108,0.9213,vacuuming,vacuuming,1,GREEN
108,0.8968,vacuuming,vacuuming,1,GREEN
108,0.9231,vacuuming,vacuuming,1,GREEN
108,0.7455,vacuuming,vacuuming,1,YELLOW
108,0.3689,vacuuming,vacuuming,1,RED
108,0.3214,standing,vacuuming,0,RED
108,0.2957,stairs_down,vacuuming,0,RED
108,0.2736,stairs_down,vacuuming,0,RED
108,0.402,sitting,vacuuming,0,RED
108,0.5214,vacuuming,vacuuming,1,YELLOW
108,0.7588,vacuuming,vacuuming,1,GREEN
108,0.9173,vacuuming,vacuuming,1,GREEN
108,0.9516,vacuuming,vacuuming,1,GREEN
108,0.9563,vacuuming,vacuuming,1,GREEN
108,0.949,vacuuming,vacuuming,1,GREEN
108,0.8887,vacuuming,vacuuming,1,GREEN
108,0.9568,vacuuming,vacuuming,1,GREEN
108,0.9566,vacuuming,vacuuming,1,GREEN
108,0.9678,vacuuming,vacuuming,1,GREEN
108,0.9609,vacuuming,vacuuming,1,GREEN
108,0.9726,vacuuming,vacuuming,1,GREEN
108,0.9787,vacuuming,vacuuming,1,GREEN
108,0.9469,vacuuming,vacuuming,1,GREEN
108,0.8555,vacuuming,vacuuming,1,GREEN
108,0.7313,vacuuming,vacuuming,1,YELLOW
108,0.7028,vacuuming,vacuuming,1,YELLOW
108,0.7074,vacuuming,vacuuming,1,YELLOW
108,0.8712,vacuuming,vacuuming,1,GREEN
108,0.8057,vacuuming,vacuuming,1,GREEN
108,0.8748,vacuuming,vacuuming,1,GREEN
108,0.9739,vacuuming,vacuuming,1,GREEN
108,0.9425,vacuuming,vacuuming,1,GREEN
108,0.9459,vacuuming,vacuuming,1,GREEN
108,0.9499,vacuuming,vacuuming,1,GREEN
108,0.9309,vacuuming,vacuuming,1,GREEN
108,0.9361,vacuuming,vacuuming,1,GREEN
108,0.9348,vacuuming,vacuuming,1,GREEN
108,0.9083,vacuuming,vacuuming,1,GREEN
108,0.9385,vacuuming,vacuuming,1,GREEN
108,0.925,vacuuming,vacuuming,1,GREEN
108,0.9344,vacuuming,vacuuming,1,GREEN
108,0.9016,vacuuming,vacuuming,1,GREEN
108,0.8186,vacuuming,vacuuming,1,GREEN
108,0.7816,vacuuming,vacuuming,1,GREEN
108,0.9041,vacuuming,vacuuming,1,GREEN
108,0.9605,vacuuming,vacuuming,1,GREEN
108,0.9612,vacuuming,vacuuming,1,GREEN
108,0.9767,vacuuming,vacuuming,1,GREEN
108,0.9615,vacuuming,vacuuming,1,GREEN
108,0.9097,vacuuming,vacuuming,1,GREEN
108,0.9378,vacuuming,vacuuming,1,GREEN
108,0.9514,vacuuming,vacuuming,1,GREEN
108,0.9635,vacuuming,vacuuming,1,GREEN
108,0.9672,vacuuming,vacuuming,1,GREEN
108,0.7496,vacuuming,vacuuming,1,YELLOW
108,0.7811,vacuuming,vacuuming,1,GREEN
108,0.3668,vacuuming,vacuuming,1,RED
108,0.2742,cycling,vacuuming,0,RED
108,0.4647,vacuuming,vacuuming,1,YELLOW
108,0.5823,vacuuming,vacuuming,1,YELLOW
108,0.7687,vacuuming,vacuuming,1,GREEN
108,0.9887,vacuuming,vacuuming,1,GREEN
108,0.9892,vacuuming,vacuuming,1,GREEN
108,0.9768,vacuuming,vacuuming,1,GREEN
108,0.9644,vacuuming,vacuuming,1,GREEN
108,0.9841,vacuuming,vacuuming,1,GREEN
108,0.9807,vacuuming,vacuuming,1,GREEN
108,0.9406,vacuuming,vacuuming,1,GREEN
108,0.8288,vacuuming,vacuuming,1,GREEN
108,0.8342,vacuuming,vacuuming,1,GREEN
108,0.9266,vacuuming,vacuuming,1,GREEN
108,0.9624,vacuuming,vacuuming,1,GREEN
108,0.929,vacuuming,vacuuming,1,GREEN
108,0.7842,vacuuming,vacuuming,1,GREEN
108,0.9034,vacuuming,vacuuming,1,GREEN
108,0.9414,vacuuming,vacuuming,1,GREEN
108,0.6247,vacuuming,vacuuming,1,YELLOW
108,0.752,vacuuming,vacuuming,1,GREEN
108,0.9478,vacuuming,vacuuming,1,GREEN
108,0.8663,vacuuming,vacuuming,1,GREEN
108,0.838,vacuuming,vacuuming,1,GREEN
108,0.7965,vacuuming,vacuuming,1,GREEN
108,0.9404,vacuuming,vacuuming,1,GREEN
108,0.954,vacuuming,vacuuming,1,GREEN
108,0.9697,vacuuming,vacuuming,1,GREEN
108,0.9729,vacuuming,vacuuming,1,GREEN
108,0.9728,vacuuming,vacuuming,1,GREEN
108,0.9622,vacuuming,vacuuming,1,GREEN
108,0.9574,vacuuming,vacuuming,1,GREEN
108,0.989,vacuuming,vacuuming,1,GREEN
108,0.9875,vacuuming,vacuuming,1,GREEN
108,0.9765,vacuuming,vacuuming,1,GREEN
108,0.9422,vacuuming,vacuuming,1,GREEN
108,0.9794,vacuuming,vacuuming,1,GREEN
108,0.9942,vacuuming,vacuuming,1,GREEN
108,0.9736,vacuuming,vacuuming,1,GREEN
108,0.9922,vacuuming,vacuuming,1,GREEN
108,0.952,vacuuming,vacuuming,1,GREEN
108,0.8758,vacuuming,vacuuming,1,GREEN
108,0.9359,vacuuming,vacuuming,1,GREEN
108,0.8153,vacuuming,vacuuming,1,GREEN
108,0.6818,vacuuming,vacuuming,1,YELLOW
108,0.4747,vacuuming,vacuuming,1,YELLOW
108,0.4707,vacuuming,vacuuming,1,YELLOW
108,0.2526,vacuuming,vacuuming,1,RED
108,0.2862,vacuuming,vacuuming,1,RED
108,0.3663,vacuuming,vacuuming,1,RED
108,0.5171,vacuuming,vacuuming,1,YELLOW
108,0.6278,vacuuming,vacuuming,1,YELLOW
108,0.744,vacuuming,vacuuming,1,YELLOW
108,0.8452,vacuuming,vacuuming,1,GREEN
108,0.9331,vacuuming,vacuuming,1,GREEN
108,0.9582,vacuuming,vacuuming,1,GREEN
108,0.9673,vacuuming,vacuuming,1,GREEN
108,0.8833,vacuuming,vacuuming,1,GREEN
108,0.9704,vacuuming,vacuuming,1,GREEN
108,0.912,vacuuming,vacuuming,1,GREEN
108,0.8988,vacuuming,vacuuming,1,GREEN
108,0.8998,vacuuming,vacuuming,1,GREEN
108,0.9805,vacuuming,vacuuming,1,GREEN
108,0.9593,vacuuming,vacuuming,1,GREEN
108,0.9093,vacuuming,vacuuming,1,GREEN
108,0.9087,vacuuming,vacuuming,1,GREEN
108,0.9404,vacuuming,vacuuming,1,GREEN
108,0.9669,vacuuming,vacuuming,1,GREEN
108,0.9654,vacuuming,vacuuming,1,GREEN
108,0.8343,vacuuming,vacuuming,1,GREEN
108,0.8066,vacuuming,vacuuming,1,GREEN
108,0.6728,vacuuming,vacuuming,1,YELLOW
108,0.6514,vacuuming,vacuuming,1,YELLOW
108,0.7555,vacuuming,vacuuming,1,GREEN
108,0.8955,vacuuming,vacuuming,1,GREEN
108,0.7795,vacuuming,vacuuming,1,GREEN
108,0.6291,vacuuming,vacuuming,1,YELLOW
108,0.6702,vacuuming,vacuuming,1,YELLOW
108,0.5451,vacuuming,vacuuming,1,YELLOW
108,0.5073,vacuuming,vacuuming,1,YELLOW
108,0.5836,ironing,vacuuming,0,YELLOW
108,0.6021,ironing,vacuuming,0,YELLOW
108,0.3812,vacuuming,vacuuming,1,RED
108,0.4328,vacuuming,vacuuming,1,RED
108,0.4345,vacuuming,vacuuming,1,RED
108,0.346,vacuuming,vacuuming,1,RED
108,0.2229,vacuuming,vacuuming,1,RED
108,0.3992,vacuuming,vacuuming,1,RED
108,0.4775,vacuuming,vacuuming,1,YELLOW
108,0.7281,vacuuming,vacuuming,1,YELLOW
108,0.6721,vacuuming,vacuuming,1,YELLOW
108,0.6026,vacuuming,vacuuming,1,YELLOW
108,0.4045,vacuuming,vacuuming,1,RED
108,0.5666,vacuuming,vacuuming,1,YELLOW
108,0.7242,vacuuming,vacuuming,1,YELLOW
108,0.8976,vacuuming,vacuuming,1,GREEN
108,0.8642,vacuuming,vacuuming,1,GREEN
108,0.9825,vacuuming,vacuuming,1,GREEN
108,0.9931,vacuuming,vacuuming,1,GREEN
108,0.9764,vacuuming,vacuuming,1,GREEN
108,0.9739,vacuuming,vacuuming,1,GREEN
108,0.9708,vacuuming,vacuuming,1,GREEN
108,0.9832,vacuuming,vacuuming,1,GREEN
108,0.9815,vacuuming,vacuuming,1,GREEN
108,0.946,vacuuming,vacuuming,1,GREEN
108,0.8857,vacuuming,vacuuming,1,GREEN
108,0.6176,vacuuming,vacuuming,1,YELLOW
108,0.6414,vacuuming,vacuuming,1,YELLOW
108,0.4429,sitting,vacuuming,0,RED
108,0.5052,vacuuming,vacuuming,1,YELLOW
108,0.6457,vacuuming,vacuuming,1,YELLOW
108,0.8587,vacuuming,vacuuming,1,GREEN
108,0.973,vacuuming,vacuuming,1,GREEN
108,0.9808,vacuuming,vacuuming,1,GREEN
108,0.9512,vacuuming,vacuuming,1,GREEN
108,0.8397,vacuuming,vacuuming,1,GREEN
108,0.9556,vacuuming,vacuuming,1,GREEN
108,0.9728,vacuuming,vacuuming,1,GREEN
108,0.9706,vacuuming,vacuuming,1,GREEN
108,0.9424,vacuuming,vacuuming,1,GREEN
108,0.9846,vacuuming,vacuuming,1,GREEN
108,0.9721,vacuuming,vacuuming,1,GREEN
108,0.9637,vacuuming,vacuuming,1,GREEN
108,0.9612,vacuuming,vacuuming,1,GREEN
108,0.7894,vacuuming,vacuuming,1,GREEN
108,0.7949,vacuuming,vacuuming,1,GREEN
108,0.7274,vacuuming,vacuuming,1,YELLOW
108,0.7749,vacuuming,vacuuming,1,GREEN
108,0.7174,vacuuming,vacuuming,1,YELLOW
108,0.6148,vacuuming,vacuuming,1,YELLOW
108,0.4261,vacuuming,vacuuming,1,RED
108,0.4713,standing,vacuuming,0,YELLOW
108,0.4922,standing,vacuuming,0,YELLOW
108,0.5432,standing,vacuuming,0,YELLOW
108,0.5325,standing,vacuuming,0,YELLOW
108,0.5735,standing,vacuuming,0,YELLOW
108,0.5762,standing,vacuuming,0,YELLOW
108,0.5439,standing,vacuuming,0,YELLOW
108,0.5003,standing,vacuuming,0,YELLOW
108,0.3928,standing,vacuuming,0,RED
108,0.3986,standing,vacuuming,0,RED
108,0.4425,sitting,vacuuming,0,RED
108,0.4895,sitting,vacuuming,0,YELLOW
108,0.2087,vacuuming,vacuuming,1,RED
108,0.2769,standing,stairs_up,0,RED
108,0.3245,running,stairs_up,0,RED
108,0.3521,running,stairs_up,0,RED
108,0.2497,running,stairs_up,0,RED
108,0.2452,standing,stairs_up,0,RED
108,0.2265,standing,stairs_up,0,RED
108,0.3152,walking,stairs_up,0,RED
108,0.3198,standing,stairs_up,0,RED
108,0.3335,stairs_up,stairs_up,1,RED
108,0.46,stairs_up,stairs_up,1,YELLOW
108,0.6755,stairs_up,stairs_up,1,YELLOW
108,0.7641,stairs_up,stairs_up,1,GREEN
108,0.6277,stairs_up,stairs_up,1,YELLOW
108,0.8227,stairs_up,stairs_up,1,GREEN
108,0.5162,stairs_up,stairs_up,1,YELLOW
108,0.7186,stairs_up,stairs_up,1,YELLOW
108,0.8607,stairs_up,stairs_up,1,GREEN
108,0.7992,stairs_up,stairs_up,1,GREEN
108,0.8203,stairs_up,stairs_up,1,GREEN
108,0.8583,stairs_up,stairs_up,1,GREEN
108,0.7571,stairs_up,stairs_up,1,GREEN
108,0.6563,stairs_up,stairs_up,1,YELLOW
108,0.702,stairs_up,stairs_up,1,YELLOW
108,0.7117,stairs_up,stairs_up,1,YELLOW
108,0.9161,stairs_up,stairs_up,1,GREEN
108,0.3321,walking,stairs_up,0,RED
108,0.4543,stairs_down,stairs_up,0,YELLOW
108,0.568,stairs_up,stairs_up,1,YELLOW
108,0.6791,stairs_up,stairs_up,1,YELLOW
108,0.8701,stairs_up,stairs_up,1,GREEN
108,0.8204,stairs_up,stairs_up,1,GREEN
108,0.6714,stairs_up,stairs_up,1,YELLOW
108,0.8886,stairs_up,stairs_up,1,GREEN
108,0.8173,stairs_up,stairs_up,1,GREEN
108,0.8819,stairs_up,stairs_up,1,GREEN
108,0.7527,stairs_up,stairs_up,1,GREEN
108,0.8944,stairs_up,stairs_up,1,GREEN
108,0.8614,stairs_up,stairs_up,1,GREEN
108,0.634,stairs_up,stairs_up,1,YELLOW
108,0.8255,stairs_up,stairs_up,1,GREEN
108,0.7962,stairs_up,stairs_up,1,GREEN
108,0.8602,stairs_up,stairs_up,1,GREEN
108,0.8444,stairs_up,stairs_up,1,GREEN
108,0.8286,stairs_up,stairs_up,1,GREEN
108,0.5988,stairs_up,stairs_up,1,YELLOW
108,0.7395,stairs_up,stairs_up,1,YELLOW
108,0.7217,stairs_up,stairs_up,1,YELLOW
108,0.7793,stairs_up,stairs_up,1,GREEN
108,0.8244,stairs_up,stairs_up,1,GREEN
108,0.5388,stairs_up,stairs_up,1,YELLOW
108,0.8524,stairs_up,stairs_up,1,GREEN
108,0.7049,stairs_up,stairs_up,1,YELLOW
108,0.8643,stairs_up,stairs_up,1,GREEN
108,0.834,stairs_up,stairs_up,1,GREEN
108,0.6477,stairs_up,stairs_up,1,YELLOW
108,0.7521,stairs_up,stairs_up,1,GREEN
108,0.6026,stairs_down,stairs_up,0,YELLOW
108,0.472,stairs_down,stairs_up,0,YELLOW
108,0.6989,stairs_up,stairs_up,1,YELLOW
108,0.8361,stairs_up,stairs_up,1,GREEN
108,0.7005,stairs_up,stairs_up,1,YELLOW
108,0.8235,stairs_up,stairs_up,1,GREEN
108,0.4036,stairs_down,stairs_up,0,RED
108,0.7872,stairs_up,stairs_up,1,GREEN
108,0.6636,stairs_up,stairs_up,1,YELLOW
108,0.7558,stairs_up,stairs_up,1,GREEN
108,0.9231,stairs_up,stairs_up,1,GREEN
108,0.4248,stairs_up,stairs_up,1,RED
108,0.7108,stairs_up,stairs_up,1,YELLOW
108,0.8441,stairs_up,stairs_up,1,GREEN
108,0.9095,stairs_up,stairs_up,1,GREEN
108,0.9065,stairs_up,stairs_up,1,GREEN
108,0.7753,stairs_up,stairs_up,1,GREEN
108,0.7098,stairs_up,stairs_up,1,YELLOW
108,0.7959,stairs_up,stairs_up,1,GREEN
108,0.5273,stairs_up,stairs_up,1,YELLOW
108,0.8301,stairs_up,stairs_up,1,GREEN
108,0.8334,stairs_up,stairs_up,1,GREEN
108,0.8415,stairs_up,stairs_up,1,GREEN
108,0.8313,stairs_up,stairs_up,1,GREEN
108,0.8506,stairs_up,stairs_up,1,GREEN
108,0.7864,stairs_up,stairs_up,1,GREEN
108,0.785,stairs_up,stairs_up,1,GREEN
108,0.5877,stairs_up,stairs_up,1,YELLOW
108,0.7348,stairs_up,stairs_up,1,YELLOW
108,0.8235,stairs_up,stairs_up,1,GREEN
108,0.4753,stairs_up,stairs_up,1,YELLOW
108,0.5728,stairs_up,stairs_up,1,YELLOW
108,0.82,stairs_up,stairs_up,1,GREEN
108,0.8916,stairs_up,stairs_up,1,GREEN
108,0.9109,stairs_up,stairs_up,1,GREEN
108,0.801,stairs_up,stairs_up,1,GREEN
108,0.8088,stairs_up,stairs_up,1,GREEN
108,0.8566,stairs_up,stairs_up,1,GREEN
108,0.561,stairs_up,stairs_up,1,YELLOW
108,0.4796,stairs_down,stairs_up,0,YELLOW
108,0.8529,stairs_up,stairs_up,1,GREEN
108,0.8293,stairs_up,stairs_up,1,GREEN
108,0.8259,stairs_up,stairs_up,1,GREEN
108,0.9151,stairs_up,stairs_up,1,GREEN
108,0.7285,stairs_up,stairs_up,1,YELLOW
108,0.6654,stairs_up,stairs_up,1,YELLOW
108,0.7978,stairs_up,stairs_up,1,GREEN
108,0.5906,stairs_up,stairs_up,1,YELLOW
108,0.7444,stairs_up,stairs_up,1,YELLOW
108,0.6365,stairs_up,stairs_up,1,YELLOW
108,0.763,stairs_down,stairs_up,0,GREEN
108,0.6674,stairs_down,stairs_up,0,YELLOW
108,0.3251,standing,stairs_up,0,RED
108,0.3554,standing,stairs_up,0,RED
108,0.5868,standing,stairs_up,0,YELLOW
108,0.6657,standing,stairs_up,0,YELLOW
108,0.6709,standing,stairs_up,0,YELLOW
108,0.6901,standing,stairs_up,0,YELLOW
108,0.5947,standing,stairs_up,0,YELLOW
108,0.6575,standing,stairs_up,0,YELLOW
108,0.4217,standing,stairs_down,0,RED
108,0.3923,standing,stairs_down,0,RED
108,0.5362,standing,stairs_down,0,YELLOW
108,0.6093,standing,stairs_down,0,YELLOW
108,0.5367,standing,stairs_down,0,YELLOW
108,0.4239,standing,stairs_down,0,RED
108,0.2904,standing,stairs_down,0,RED
108,0.5148,stairs_up,stairs_down,0,YELLOW
108,0.6497,stairs_up,stairs_down,0,YELLOW
108,0.8682,stairs_down,stairs_down,1,GREEN
108,0.9912,stairs_down,stairs_down,1,GREEN
108,0.9781,stairs_down,stairs_down,1,GREEN
108,0.9126,stairs_down,stairs_down,1,GREEN
108,0.8798,stairs_down,stairs_down,1,GREEN
108,0.8233,stairs_down,stairs_down,1,GREEN
108,0.8395,stairs_down,stairs_down,1,GREEN
108,0.9779,stairs_down,stairs_down,1,GREEN
108,0.986,stairs_down,stairs_down,1,GREEN
108,0.9764,stairs_down,stairs_down,1,GREEN
108,0.9278,stairs_down,stairs_down,1,GREEN
108,0.8519,stairs_down,stairs_down,1,GREEN
108,0.8501,stairs_down,stairs_down,1,GREEN
108,0.7898,stairs_down,stairs_down,1,GREEN
108,0.9735,stairs_down,stairs_down,1,GREEN
108,0.991,stairs_down,stairs_down,1,GREEN
108,0.9893,stairs_down,stairs_down,1,GREEN
108,0.9403,stairs_down,stairs_down,1,GREEN
108,0.9026,stairs_down,stairs_down,1,GREEN
108,0.8519,stairs_down,stairs_down,1,GREEN
108,0.8114,stairs_down,stairs_down,1,GREEN
108,0.9766,stairs_down,stairs_down,1,GREEN
108,0.973,stairs_down,stairs_down,1,GREEN
108,0.9762,stairs_down,stairs_down,1,GREEN
108,0.9494,stairs_down,stairs_down,1,GREEN
108,0.9043,stairs_down,stairs_down,1,GREEN
108,0.8053,stairs_down,stairs_down,1,GREEN
108,0.6922,stairs_down,stairs_down,1,YELLOW
108,0.8541,stairs_down,stairs_down,1,GREEN
108,0.989,stairs_down,stairs_down,1,GREEN
108,0.9811,stairs_down,stairs_down,1,GREEN
108,0.9362,stairs_down,stairs_down,1,GREEN
108,0.9521,stairs_down,stairs_down,1,GREEN
108,0.8794,stairs_down,stairs_down,1,GREEN
108,0.8254,stairs_down,stairs_down,1,GREEN
108,0.9497,stairs_down,stairs_down,1,GREEN
108,0.9794,stairs_down,stairs_down,1,GREEN
108,0.9947,stairs_down,stairs_down,1,GREEN
108,0.9736,stairs_down,stairs_down,1,GREEN
108,0.9236,stairs_down,stairs_down,1,GREEN
108,0.8776,stairs_down,stairs_down,1,GREEN
108,0.8472,stairs_down,stairs_down,1,GREEN
108,0.6697,stairs_down,stairs_down,1,YELLOW
108,0.9828,stairs_down,stairs_down,1,GREEN
108,0.9914,stairs_down,stairs_down,1,GREEN
108,0.9761,stairs_down,stairs_down,1,GREEN
108,0.9562,stairs_down,stairs_down,1,GREEN
108,0.887,stairs_down,stairs_down,1,GREEN
108,0.8654,stairs_down,stairs_down,1,GREEN
108,0.8109,stairs_down,stairs_down,1,GREEN
108,0.9096,stairs_down,stairs_down,1,GREEN
108,0.9388,stairs_down,stairs_down,1,GREEN
108,0.9865,stairs_down,stairs_down,1,GREEN
108,0.993,stairs_down,stairs_down,1,GREEN
108,0.9862,stairs_down,stairs_down,1,GREEN
108,0.978,stairs_down,stairs_down,1,GREEN
108,0.9892,stairs_down,stairs_down,1,GREEN
108,0.9021,stairs_down,stairs_down,1,GREEN
108,0.8315,stairs_down,stairs_down,1,GREEN
108,0.8201,stairs_down,stairs_down,1,GREEN
108,0.3543,walking,stairs_down,0,RED
108,0.7319,walking,stairs_down,0,YELLOW
108,0.3913,stairs_down,stairs_down,1,RED
108,0.9265,stairs_down,stairs_down,1,GREEN
108,0.9216,stairs_down,stairs_down,1,GREEN
108,0.8829,stairs_down,stairs_down,1,GREEN
108,0.8953,stairs_down,stairs_down,1,GREEN
108,0.8405,stairs_down,stairs_down,1,GREEN
108,0.8056,stairs_down,stairs_down,1,GREEN
108,0.9659,stairs_down,stairs_down,1,GREEN
108,0.9459,stairs_down,stairs_down,1,GREEN
108,0.9098,stairs_down,stairs_down,1,GREEN
108,0.9833,stairs_down,stairs_down,1,GREEN
108,0.9228,stairs_down,stairs_down,1,GREEN
108,0.8742,stairs_down,stairs_down,1,GREEN
108,0.8694,stairs_down,stairs_down,1,GREEN
108,0.4237,stairs_down,stairs_down,1,RED
108,0.3268,stairs_down,stairs_down,1,RED
108,0.3109,standing,stairs_down,0,RED
108,0.3472,standing,stairs_down,0,RED
108,0.2767,standing,stairs_down,0,RED
108,0.2572,stairs_up,stairs_down,0,RED
108,0.2861,stairs_up,stairs_down,0,RED
108,0.2224,standing,stairs_down,0,RED
108,0.2875,stairs_up,stairs_down,0,RED
108,0.2995,stairs_up,stairs_down,0,RED
108,0.2886,sitting,stairs_up,0,RED
108,0.2942,standing,stairs_up,0,RED
108,0.3397,standing,stairs_up,0,RED
108,0.2604,sitting,stairs_up,0,RED
108,0.2841,sitting,stairs_up,0,RED
108,0.2284,sitting,stairs_up,0,RED
108,0.3262,vacuuming,stairs_up,0,RED
108,0.3179,running,stairs_up,0,RED
108,0.2514,stairs_up,stairs_up,1,RED
108,0.5958,stairs_up,stairs_up,1,YELLOW
108,0.6105,stairs_up,stairs_up,1,YELLOW
108,0.447,stairs_up,stairs_up,1,RED
108,0.6528,stairs_up,stairs_up,1,YELLOW
108,0.5503,stairs_up,stairs_up,1,YELLOW
108,0.7943,stairs_up,stairs_up,1,GREEN
108,0.8336,stairs_up,stairs_up,1,GREEN
108,0.8201,stairs_up,stairs_up,1,GREEN
108,0.6119,stairs_up,stairs_up,1,YELLOW
108,0.5027,stairs_up,stairs_up,1,YELLOW
108,0.3422,stairs_up,stairs_up,1,RED
108,0.4887,stairs_down,stairs_up,0,YELLOW
108,0.5627,stairs_up,stairs_up,1,YELLOW
108,0.4322,stairs_down,stairs_up,0,RED
108,0.4275,stairs_down,stairs_up,0,RED
108,0.7891,stairs_up,stairs_up,1,GREEN
108,0.749,stairs_up,stairs_up,1,YELLOW
108,0.8538,stairs_up,stairs_up,1,GREEN
108,0.6075,stairs_up,stairs_up,1,YELLOW
108,0.6968,stairs_up,stairs_up,1,YELLOW
108,0.4694,stairs_up,stairs_up,1,YELLOW
108,0.5618,stairs_up,stairs_up,1,YELLOW
108,0.4869,stairs_up,stairs_up,1,YELLOW
108,0.4285,stairs_up,stairs_up,1,RED
108,0.7641,stairs_up,stairs_up,1,GREEN
108,0.5213,stairs_up,stairs_up,1,YELLOW
108,0.6664,stairs_up,stairs_up,1,YELLOW
108,0.7836,stairs_up,stairs_up,1,GREEN
108,0.8442,stairs_up,stairs_up,1,GREEN
108,0.8031,stairs_up,stairs_up,1,GREEN
108,0.5312,stairs_up,stairs_up,1,YELLOW
108,0.5308,stairs_up,stairs_up,1,YELLOW
108,0.4723,stairs_up,stairs_up,1,YELLOW
108,0.5433,stairs_down,stairs_up,0,YELLOW
108,0.4783,stairs_down,stairs_up,0,YELLOW
108,0.8231,stairs_up,stairs_up,1,GREEN
108,0.8312,stairs_up,stairs_up,1,GREEN
108,0.8992,stairs_up,stairs_up,1,GREEN
108,0.7494,stairs_up,stairs_up,1,YELLOW
108,0.8158,stairs_up,stairs_up,1,GREEN
108,0.692,stairs_up,stairs_up,1,YELLOW
108,0.6751,stairs_up,stairs_up,1,YELLOW
108,0.5887,stairs_up,stairs_up,1,YELLOW
108,0.3242,stairs_down,stairs_up,0,RED
108,0.6436,stairs_up,stairs_up,1,YELLOW
108,0.7335,stairs_up,stairs_up,1,YELLOW
108,0.8512,stairs_up,stairs_up,1,GREEN
108,0.68,stairs_up,stairs_up,1,YELLOW
108,0.8653,stairs_up,stairs_up,1,GREEN
108,0.8721,stairs_up,stairs_up,1,GREEN
108,0.6616,stairs_up,stairs_up,1,YELLOW
108,0.633,stairs_up,stairs_up,1,YELLOW
108,0.5499,stairs_up,stairs_up,1,YELLOW
108,0.5425,stairs_down,stairs_up,0,YELLOW
108,0.7255,stairs_up,stairs_up,1,YELLOW
108,0.7659,stairs_up,stairs_up,1,GREEN
108,0.8949,stairs_up,stairs_up,1,GREEN
108,0.7288,stairs_up,stairs_up,1,YELLOW
108,0.7295,stairs_up,stairs_up,1,YELLOW
108,0.7135,stairs_up,stairs_up,1,YELLOW
108,0.8678,stairs_up,stairs_up,1,GREEN
108,0.7618,stairs_up,stairs_up,1,GREEN
108,0.7368,stairs_up,stairs_up,1,YELLOW
108,0.8628,stairs_up,stairs_up,1,GREEN
108,0.7899,stairs_up,stairs_up,1,GREEN
108,0.7901,stairs_up,stairs_up,1,GREEN
108,0.8585,stairs_up,stairs_up,1,GREEN
108,0.7805,stairs_up,stairs_up,1,GREEN
108,0.8678,stairs_up,stairs_up,1,GREEN
108,0.8297,stairs_up,stairs_up,1,GREEN
108,0.785,stairs_up,stairs_up,1,GREEN
108,0.8807,stairs_up,stairs_up,1,GREEN
108,0.427,stairs_down,stairs_up,0,RED
108,0.4644,stairs_up,stairs_up,1,YELLOW
108,0.8573,stairs_up,stairs_up,1,GREEN
108,0.8714,stairs_up,stairs_up,1,GREEN
108,0.8714,stairs_up,stairs_up,1,GREEN
108,0.7879,stairs_up,stairs_up,1,GREEN
108,0.5087,stairs_down,stairs_up,0,YELLOW
108,0.7272,stairs_up,stairs_up,1,YELLOW
108,0.7109,stairs_up,stairs_up,1,YELLOW
108,0.6406,stairs_up,stairs_up,1,YELLOW
108,0.8567,stairs_up,stairs_up,1,GREEN
108,0.8288,stairs_up,stairs_up,1,GREEN
108,0.8237,stairs_up,stairs_up,1,GREEN
108,0.8809,stairs_up,stairs_up,1,GREEN
108,0.7752,stairs_up,stairs_up,1,GREEN
108,0.7962,stairs_up,stairs_up,1,GREEN
108,0.6307,stairs_up,stairs_up,1,YELLOW
108,0.6092,stairs_up,stairs_up,1,YELLOW
108,0.8906,stairs_up,stairs_up,1,GREEN
108,0.911,stairs_up,stairs_up,1,GREEN
108,0.3939,stairs_down,stairs_up,0,RED
108,0.6599,stairs_down,stairs_up,0,YELLOW
108,0.5508,stairs_down,stairs_up,0,YELLOW
108,0.3631,stairs_down,stairs_up,0,RED
108,0.6604,standing,stairs_up,0,YELLOW
108,0.6748,standing,stairs_up,0,YELLOW
108,0.6772,standing,stairs_up,0,YELLOW
108,0.6851,standing,stairs_up,0,YELLOW
108,0.6973,standing,stairs_up,0,YELLOW
108,0.6781,standing,stairs_up,0,YELLOW
108,0.6789,standing,stairs_up,0,YELLOW
108,0.649,standing,stairs_up,0,YELLOW
108,0.6734,standing,stairs_up,0,YELLOW
108,0.6375,standing,stairs_down,0,YELLOW
108,0.6486,standing,stairs_down,0,YELLOW
108,0.6114,standing,stairs_down,0,YELLOW
108,0.6135,standing,stairs_down,0,YELLOW
108,0.6334,standing,stairs_down,0,YELLOW
108,0.6308,standing,stairs_down,0,YELLOW
108,0.7308,standing,stairs_down,0,YELLOW
108,0.3428,stairs_down,stairs_down,1,RED
108,0.5718,stairs_down,stairs_down,1,YELLOW
108,0.8383,stairs_down,stairs_down,1,GREEN
108,0.8933,stairs_down,stairs_down,1,GREEN
108,0.9679,stairs_down,stairs_down,1,GREEN
108,0.9806,stairs_down,stairs_down,1,GREEN
108,0.9054,stairs_down,stairs_down,1,GREEN
108,0.8432,stairs_down,stairs_down,1,GREEN
108,0.8412,stairs_down,stairs_down,1,GREEN
108,0.7619,stairs_down,stairs_down,1,GREEN
108,0.9924,stairs_down,stairs_down,1,GREEN
108,0.9898,stairs_down,stairs_down,1,GREEN
108,0.985,stairs_down,stairs_down,1,GREEN
108,0.9684,stairs_down,stairs_down,1,GREEN
108,0.8963,stairs_down,stairs_down,1,GREEN
108,0.824,stairs_down,stairs_down,1,GREEN
108,0.8099,stairs_down,stairs_down,1,GREEN
108,0.9358,stairs_down,stairs_down,1,GREEN
108,0.9818,stairs_down,stairs_down,1,GREEN
108,0.9873,stairs_down,stairs_down,1,GREEN
108,0.9706,stairs_down,stairs_down,1,GREEN
108,0.9144,stairs_down,stairs_down,1,GREEN
108,0.8351,stairs_down,stairs_down,1,GREEN
108,0.725,stairs_down,stairs_down,1,YELLOW
108,0.9104,stairs_down,stairs_down,1,GREEN
108,0.9928,stairs_down,stairs_down,1,GREEN
108,0.965,stairs_down,stairs_down,1,GREEN
108,0.9031,stairs_down,stairs_down,1,GREEN
108,0.8197,stairs_down,stairs_down,1,GREEN
108,0.8115,stairs_down,stairs_down,1,GREEN
108,0.7863,stairs_down,stairs_down,1,GREEN
108,0.9576,stairs_down,stairs_down,1,GREEN
108,0.9872,stairs_down,stairs_down,1,GREEN
108,0.9413,stairs_down,stairs_down,1,GREEN
108,0.9131,stairs_down,stairs_down,1,GREEN
108,0.8827,stairs_down,stairs_down,1,GREEN
108,0.7976,stairs_down,stairs_down,1,GREEN
108,0.8898,stairs_down,stairs_down,1,GREEN
108,0.9394,stairs_down,stairs_down,1,GREEN
108,0.9861,stairs_down,stairs_down,1,GREEN
108,0.9875,stairs_down,stairs_down,1,GREEN
108,0.9447,stairs_down,stairs_down,1,GREEN
108,0.8595,stairs_down,stairs_down,1,GREEN
108,0.8127,stairs_down,stairs_down,1,GREEN
108,0.7182,stairs_down,stairs_down,1,YELLOW
108,0.9079,stairs_down,stairs_down,1,GREEN
108,0.9765,stairs_down,stairs_down,1,GREEN
108,0.9723,stairs_down,stairs_down,1,GREEN
108,0.9879,stairs_down,stairs_down,1,GREEN
108,0.9686,stairs_down,stairs_down,1,GREEN
108,0.9309,stairs_down,stairs_down,1,GREEN
108,0.8373,stairs_down,stairs_down,1,GREEN
108,0.8267,stairs_down,stairs_down,1,GREEN
108,0.9526,stairs_down,stairs_down,1,GREEN
108,0.9728,stairs_down,stairs_down,1,GREEN
108,0.9762,stairs_down,stairs_down,1,GREEN
108,0.9735,stairs_down,stairs_down,1,GREEN
108,0.973,stairs_down,stairs_down,1,GREEN
108,0.9892,stairs_down,stairs_down,1,GREEN
108,0.9354,stairs_down,stairs_down,1,GREEN
108,0.8606,stairs_down,stairs_down,1,GREEN
108,0.7989,stairs_down,stairs_down,1,GREEN
108,0.4536,stairs_down,stairs_down,1,YELLOW
108,0.6884,walking,stairs_down,0,YELLOW
108,0.5591,walking,stairs_down,0,YELLOW
108,0.6847,stairs_down,stairs_down,1,YELLOW
108,0.9723,stairs_down,stairs_down,1,GREEN
108,0.9738,stairs_down,stairs_down,1,GREEN
108,0.9883,stairs_down,stairs_down,1,GREEN
108,0.9645,stairs_down,stairs_down,1,GREEN
108,0.8781,stairs_down,stairs_down,1,GREEN
108,0.8094,stairs_down,stairs_down,1,GREEN
108,0.9264,stairs_down,stairs_down,1,GREEN
108,0.9575,stairs_down,stairs_down,1,GREEN
108,0.9883,stairs_down,stairs_down,1,GREEN
108,0.963,stairs_down,stairs_down,1,GREEN
108,0.9527,stairs_down,stairs_down,1,GREEN
108,0.8304,stairs_down,stairs_down,1,GREEN
108,0.7325,stairs_down,stairs_down,1,YELLOW
108,0.6528,stairs_down,stairs_down,1,YELLOW
108,0.7624,stairs_down,stairs_down,1,GREEN
108,0.2329,walking,stairs_down,0,RED
108,0.2714,stairs_down,stairs_down,1,RED
108,0.3163,standing,stairs_down,0,RED
108,0.4261,standing,stairs_down,0,RED
108,0.3644,standing,stairs_down,0,RED
108,0.3682,standing,stairs_down,0,RED
108,0.2808,standing,stairs_down,0,RED
108,0.4451,standing,walking,0,RED
108,0.4707,standing,walking,0,YELLOW
108,0.5097,standing,walking,0,YELLOW
108,0.2726,standing,walking,0,RED
108,0.2305,standing,walking,0,RED
108,0.2798,standing,walking,0,RED
108,0.2756,standing,walking,0,RED
108,0.3199,standing,walking,0,RED
108,0.4436,standing,walking,0,RED
108,0.3548,standing,walking,0,RED
108,0.2857,stairs_up,walking,0,RED
108,0.2859,stairs_up,walking,0,RED
108,0.3057,stairs_down,walking,0,RED
108,0.3516,stairs_up,walking,0,RED
108,0.7969,walking,walking,1,GREEN
108,0.734,walking,walking,1,YELLOW
108,0.5718,walking,walking,1,YELLOW
108,0.7134,walking,walking,1,YELLOW
108,0.64,walking,walking,1,YELLOW
108,0.5262,walking,walking,1,YELLOW
108,0.5836,walking,walking,1,YELLOW
108,0.6609,walking,walking,1,YELLOW
108,0.5661,walking,walking,1,YELLOW
108,0.8466,walking,walking,1,GREEN
108,0.8872,walking,walking,1,GREEN
108,0.9141,walking,walking,1,GREEN
108,0.9159,walking,walking,1,GREEN
108,0.8909,walking,walking,1,GREEN
108,0.9214,walking,walking,1,GREEN
108,0.9193,walking,walking,1,GREEN
108,0.9225,walking,walking,1,GREEN
108,0.9331,walking,walking,1,GREEN
108,0.9286,walking,walking,1,GREEN
108,0.9237,walking,walking,1,GREEN
108,0.9264,walking,walking,1,GREEN
108,0.9404,walking,walking,1,GREEN
108,0.9345,walking,walking,1,GREEN
108,0.9297,walking,walking,1,GREEN
108,0.9252,walking,walking,1,GREEN
108,0.9306,walking,walking,1,GREEN
108,0.9326,walking,walking,1,GREEN
108,0.9343,walking,walking,1,GREEN
108,0.9344,walking,walking,1,GREEN
108,0.9164,walking,walking,1,GREEN
108,0.8839,walking,walking,1,GREEN
108,0.8629,walking,walking,1,GREEN
108,0.9138,walking,walking,1,GREEN
108,0.8993,walking,walking,1,GREEN
108,0.9188,walking,walking,1,GREEN
108,0.9275,walking,walking,1,GREEN
108,0.9275,walking,walking,1,GREEN
108,0.9047,walking,walking,1,GREEN
108,0.9458,walking,walking,1,GREEN
108,0.9307,walking,walking,1,GREEN
108,0.9293,walking,walking,1,GREEN
108,0.9258,walking,walking,1,GREEN
108,0.9233,walking,walking,1,GREEN
108,0.9106,walking,walking,1,GREEN
108,0.9199,walking,walking,1,GREEN
108,0.936,walking,walking,1,GREEN
108,0.9303,walking,walking,1,GREEN
108,0.9355,walking,walking,1,GREEN
108,0.9248,walking,walking,1,GREEN
108,0.9482,walking,walking,1,GREEN
108,0.9502,walking,walking,1,GREEN
108,0.9382,walking,walking,1,GREEN
108,0.9465,walking,walking,1,GREEN
108,0.9482,walking,walking,1,GREEN
108,0.9335,walking,walking,1,GREEN
108,0.9468,walking,walking,1,GREEN
108,0.9452,walking,walking,1,GREEN
108,0.9263,walking,walking,1,GREEN
108,0.9118,walking,walking,1,GREEN
108,0.9274,walking,walking,1,GREEN
108,0.9005,walking,walking,1,GREEN
108,0.9247,walking,walking,1,GREEN
108,0.9124,walking,walking,1,GREEN
108,0.9156,walking,walking,1,GREEN
108,0.9374,walking,walking,1,GREEN
108,0.9268,walking,walking,1,GREEN
108,0.927,walking,walking,1,GREEN
108,0.9423,walking,walking,1,GREEN
108,0.9321,walking,walking,1,GREEN
108,0.929,walking,walking,1,GREEN
108,0.9402,walking,walking,1,GREEN
108,0.9128,walking,walking,1,GREEN
108,0.9164,walking,walking,1,GREEN
108,0.916,walking,walking,1,GREEN
108,0.9229,walking,walking,1,GREEN
108,0.8809,walking,walking,1,GREEN
108,0.8961,walking,walking,1,GREEN
108,0.9292,walking,walking,1,GREEN
108,0.9146,walking,walking,1,GREEN
108,0.8944,walking,walking,1,GREEN
108,0.9311,walking,walking,1,GREEN
108,0.9326,walking,walking,1,GREEN
108,0.9267,walking,walking,1,GREEN
108,0.9172,walking,walking,1,GREEN
108,0.9232,walking,walking,1,GREEN
108,0.9278,walking,walking,1,GREEN
108,0.9327,walking,walking,1,GREEN
108,0.9174,walking,walking,1,GREEN
108,0.9333,walking,walking,1,GREEN
108,0.9248,walking,walking,1,GREEN
108,0.927,walking,walking,1,GREEN
108,0.9238,walking,walking,1,GREEN
108,0.9288,walking,walking,1,GREEN
108,0.93,walking,walking,1,GREEN
108,0.9314,walking,walking,1,GREEN
108,0.9274,walking,walking,1,GREEN
108,0.9269,walking,walking,1,GREEN
108,0.9307,walking,walking,1,GREEN
108,0.9233,walking,walking,1,GREEN
108,0.9286,walking,walking,1,GREEN
108,0.9407,walking,walking,1,GREEN
108,0.9374,walking,walking,1,GREEN
108,0.8935,walking,walking,1,GREEN
108,0.9271,walking,walking,1,GREEN
108,0.928,walking,walking,1,GREEN
108,0.9261,walking,walking,1,GREEN
108,0.9287,walking,walking,1,GREEN
108,0.9511,walking,walking,1,GREEN
108,0.949,walking,walking,1,GREEN
108,0.941,walking,walking,1,GREEN
108,0.9459,walking,walking,1,GREEN
108,0.9437,walking,walking,1,GREEN
108,0.9287,walking,walking,1,GREEN
108,0.9256,walking,walking,1,GREEN
108,0.9257,walking,walking,1,GREEN
108,0.9259,walking,walking,1,GREEN
108,0.9221,walking,walking,1,GREEN
108,0.9447,walking,walking,1,GREEN
108,0.9458,walking,walking,1,GREEN
108,0.9418,walking,walking,1,GREEN
108,0.934,walking,walking,1,GREEN
108,0.923,walking,walking,1,GREEN
108,0.9136,walking,walking,1,GREEN
108,0.8902,walking,walking,1,GREEN
108,0.9176,walking,walking,1,GREEN
108,0.9419,walking,walking,1,GREEN
108,0.9347,walking,walking,1,GREEN
108,0.9374,walking,walking,1,GREEN
108,0.9315,walking,walking,1,GREEN
108,0.9345,walking,walking,1,GREEN
108,0.9275,walking,walking,1,GREEN
108,0.9253,walking,walking,1,GREEN
108,0.9254,walking,walking,1,GREEN
108,0.9386,walking,walking,1,GREEN
108,0.9363,walking,walking,1,GREEN
108,0.9204,walking,walking,1,GREEN
108,0.9268,walking,walking,1,GREEN
108,0.9357,walking,walking,1,GREEN
108,0.9318,walking,walking,1,GREEN
108,0.9337,walking,walking,1,GREEN
108,0.9277,walking,walking,1,GREEN
108,0.9228,walking,walking,1,GREEN
108,0.9223,walking,walking,1,GREEN
108,0.928,walking,walking,1,GREEN
108,0.9294,walking,walking,1,GREEN
108,0.927,walking,walking,1,GREEN
108,0.9203,walking,walking,1,GREEN
108,0.8962,walking,walking,1,GREEN
108,0.8753,walking,walking,1,GREEN
108,0.7701,walking,walking,1,GREEN
108,0.5086,walking,walking,1,YELLOW
108,0.4518,stairs_up,walking,0,YELLOW
108,0.7541,walking,walking,1,GREEN
108,0.8486,walking,walking,1,GREEN
108,0.9,walking,walking,1,GREEN
108,0.9135,walking,walking,1,GREEN
108,0.8633,walking,walking,1,GREEN
108,0.7427,walking,walking,1,YELLOW
108,0.8391,walking,walking,1,GREEN
108,0.8237,walking,walking,1,GREEN
108,0.7609,walking,walking,1,GREEN
108,0.7505,walking,walking,1,GREEN
108,0.7402,walking,walking,1,YELLOW
108,0.7848,walking,walking,1,GREEN
108,0.8748,walking,walking,1,GREEN
108,0.9152,walking,walking,1,GREEN
108,0.9197,walking,walking,1,GREEN
108,0.9263,walking,walking,1,GREEN
108,0.898,walking,walking,1,GREEN
108,0.9406,walking,walking,1,GREEN
108,0.9072,walking,walking,1,GREEN
108,0.9414,walking,walking,1,GREEN
108,0.8935,walking,walking,1,GREEN
108,0.9227,walking,walking,1,GREEN
108,0.9048,walking,walking,1,GREEN
108,0.9352,walking,walking,1,GREEN
108,0.9293,walking,walking,1,GREEN
108,0.8525,walking,walking,1,GREEN
108,0.7703,walking,walking,1,GREEN
108,0.8264,walking,walking,1,GREEN
108,0.9061,walking,walking,1,GREEN
108,0.9068,walking,walking,1,GREEN
108,0.9095,walking,walking,1,GREEN
108,0.9205,walking,walking,1,GREEN
108,0.9213,walking,walking,1,GREEN
108,0.9193,walking,walking,1,GREEN
108,0.9163,walking,walking,1,GREEN
108,0.9195,walking,walking,1,GREEN
108,0.9227,walking,walking,1,GREEN
108,0.9136,walking,walking,1,GREEN
108,0.9106,walking,walking,1,GREEN
108,0.9314,walking,walking,1,GREEN
108,0.926,walking,walking,1,GREEN
108,0.9136,walking,walking,1,GREEN
108,0.9121,walking,walking,1,GREEN
108,0.9155,walking,walking,1,GREEN
108,0.9099,walking,walking,1,GREEN
108,0.9371,walking,walking,1,GREEN
108,0.9368,walking,walking,1,GREEN
108,0.9277,walking,walking,1,GREEN
108,0.9305,walking,walking,1,GREEN
108,0.9114,walking,walking,1,GREEN
108,0.9052,walking,walking,1,GREEN
108,0.8977,walking,walking,1,GREEN
108,0.8927,walking,walking,1,GREEN
108,0.8715,walking,walking,1,GREEN
108,0.8992,walking,walking,1,GREEN
108,0.9018,walking,walking,1,GREEN
108,0.9162,walking,walking,1,GREEN
108,0.9115,walking,walking,1,GREEN
108,0.9245,walking,walking,1,GREEN
108,0.9118,walking,walking,1,GREEN
108,0.9222,walking,walking,1,GREEN
108,0.9062,walking,walking,1,GREEN
108,0.8804,walking,walking,1,GREEN
108,0.8108,walking,walking,1,GREEN
108,0.7758,walking,walking,1,GREEN
108,0.7521,walking,walking,1,GREEN
108,0.5955,walking,walking,1,YELLOW
108,0.6736,walking,walking,1,YELLOW
108,0.6807,walking,walking,1,YELLOW
108,0.6125,walking,walking,1,YELLOW
108,0.6887,walking,walking,1,YELLOW
108,0.6783,walking,walking,1,YELLOW
108,0.8693,walking,walking,1,GREEN
108,0.9039,walking,walking,1,GREEN
108,0.9339,walking,walking,1,GREEN
108,0.9295,walking,walking,1,GREEN
108,0.9095,walking,walking,1,GREEN
108,0.9084,walking,walking,1,GREEN
108,0.9268,walking,walking,1,GREEN
108,0.9159,walking,walking,1,GREEN
108,0.9125,walking,walking,1,GREEN
108,0.9338,walking,walking,1,GREEN
108,0.9213,walking,walking,1,GREEN
108,0.9182,walking,walking,1,GREEN
108,0.9209,walking,walking,1,GREEN
108,0.9199,walking,walking,1,GREEN
108,0.924,walking,walking,1,GREEN
108,0.9231,walking,walking,1,GREEN
108,0.9028,walking,walking,1,GREEN
108,0.9065,walking,walking,1,GREEN
108,0.9114,walking,walking,1,GREEN
108,0.9101,walking,walking,1,GREEN
108,0.9175,walking,walking,1,GREEN
108,0.9189,walking,walking,1,GREEN
108,0.9223,walking,walking,1,GREEN
108,0.9246,walking,walking,1,GREEN
108,0.9066,walking,walking,1,GREEN
108,0.9213,walking,walking,1,GREEN
108,0.9301,walking,walking,1,GREEN
108,0.9356,walking,walking,1,GREEN
108,0.9325,walking,walking,1,GREEN
108,0.9298,walking,walking,1,GREEN
108,0.9351,walking,walking,1,GREEN
108,0.9319,walking,walking,1,GREEN
108,0.9093,walking,walking,1,GREEN
108,0.9156,walking,walking,1,GREEN
108,0.9114,walking,walking,1,GREEN
108,0.9103,walking,walking,1,GREEN
108,0.8995,walking,walking,1,GREEN
108,0.921,walking,walking,1,GREEN
108,0.924,walking,walking,1,GREEN
108,0.9218,walking,walking,1,GREEN
108,0.9299,walking,walking,1,GREEN
108,0.9349,walking,walking,1,GREEN
108,0.9341,walking,walking,1,GREEN
108,0.9171,walking,walking,1,GREEN
108,0.9226,walking,walking,1,GREEN
108,0.9196,walking,walking,1,GREEN
108,0.9183,walking,walking,1,GREEN
108,0.9173,walking,walking,1,GREEN
108,0.9189,walking,walking,1,GREEN
108,0.9186,walking,walking,1,GREEN
108,0.9197,walking,walking,1,GREEN
108,0.9088,walking,walking,1,GREEN
108,0.9337,walking,walking,1,GREEN
108,0.9323,walking,walking,1,GREEN
108,0.9285,walking,walking,1,GREEN
108,0.8968,walking,walking,1,GREEN
108,0.8961,walking,walking,1,GREEN
108,0.8712,walking,walking,1,GREEN
108,0.9173,walking,walking,1,GREEN
108,0.9176,walking,walking,1,GREEN
108,0.92,walking,walking,1,GREEN
108,0.9078,walking,walking,1,GREEN
108,0.9169,walking,walking,1,GREEN
108,0.9303,walking,walking,1,GREEN
108,0.9027,walking,walking,1,GREEN
108,0.9075,walking,walking,1,GREEN
108,0.8867,walking,walking,1,GREEN
108,0.9122,walking,walking,1,GREEN
108,0.8218,walking,walking,1,GREEN
108,0.8903,walking,walking,1,GREEN
108,0.9363,walking,walking,1,GREEN
108,0.9531,walking,walking,1,GREEN
108,0.9606,walking,walking,1,GREEN
108,0.9522,walking,walking,1,GREEN
108,0.9385,walking,walking,1,GREEN
108,0.9281,walking,walking,1,GREEN
108,0.9249,walking,walking,1,GREEN
108,0.907,walking,walking,1,GREEN
108,0.8918,walking,walking,1,GREEN
108,0.9008,walking,walking,1,GREEN
108,0.9101,walking,walking,1,GREEN
108,0.8839,walking,walking,1,GREEN
108,0.9198,walking,walking,1,GREEN
108,0.8915,walking,walking,1,GREEN
108,0.8443,walking,walking,1,GREEN
108,0.746,walking,walking,1,YELLOW
108,0.8134,walking,walking,1,GREEN
108,0.8926,walking,walking,1,GREEN
108,0.9144,walking,walking,1,GREEN
108,0.9102,walking,walking,1,GREEN
108,0.9328,walking,walking,1,GREEN
108,0.8843,walking,walking,1,GREEN
108,0.7913,walking,walking,1,GREEN
108,0.6272,walking,walking,1,YELLOW
108,0.851,walking,walking,1,GREEN
108,0.8265,walking,walking,1,GREEN
108,0.7028,walking,walking,1,YELLOW
108,0.8706,walking,walking,1,GREEN
108,0.9192,walking,walking,1,GREEN
108,0.9321,walking,walking,1,GREEN
108,0.8862,walking,walking,1,GREEN
108,0.8898,walking,walking,1,GREEN
108,0.8997,walking,walking,1,GREEN
108,0.9001,walking,walking,1,GREEN
108,0.8433,walking,walking,1,GREEN
108,0.8811,walking,walking,1,GREEN
108,0.9043,walking,walking,1,GREEN
108,0.9458,walking,walking,1,GREEN
108,0.9437,walking,walking,1,GREEN
108,0.9356,walking,walking,1,GREEN
108,0.9209,walking,walking,1,GREEN
108,0.8955,walking,walking,1,GREEN
108,0.9098,walking,walking,1,GREEN
108,0.9282,walking,walking,1,GREEN
108,0.9312,walking,walking,1,GREEN
108,0.9303,walking,walking,1,GREEN
108,0.9202,walking,walking,1,GREEN
108,0.9152,walking,walking,1,GREEN
108,0.9172,walking,walking,1,GREEN
108,0.915,walking,walking,1,GREEN
108,0.9273,walking,walking,1,GREEN
108,0.9038,walking,walking,1,GREEN
108,0.9279,walking,walking,1,GREEN
108,0.9274,walking,walking,1,GREEN
108,0.9263,walking,walking,1,GREEN
108,0.917,walking,walking,1,GREEN
108,0.9302,walking,walking,1,GREEN
108,0.9279,walking,walking,1,GREEN
108,0.9353,walking,walking,1,GREEN
108,0.9332,walking,walking,1,GREEN
108,0.9291,walking,walking,1,GREEN
108,0.9323,walking,walking,1,GREEN
108,0.9293,walking,walking,1,GREEN
108,0.932,walking,walking,1,GREEN
108,0.9375,walking,walking,1,GREEN
108,0.9367,walking,walking,1,GREEN
108,0.9252,walking,walking,1,GREEN
108,0.9319,walking,walking,1,GREEN
108,0.9188,walking,walking,1,GREEN
108,0.9129,walking,walking,1,GREEN
108,0.9438,walking,walking,1,GREEN
108,0.9441,walking,walking,1,GREEN
108,0.9221,walking,walking,1,GREEN
108,0.9239,walking,walking,1,GREEN
108,0.9234,walking,walking,1,GREEN
108,0.9302,walking,walking,1,GREEN
108,0.9087,walking,walking,1,GREEN
108,0.9276,walking,walking,1,GREEN
108,0.9211,walking,walking,1,GREEN
108,0.9298,walking,walking,1,GREEN
108,0.9124,walking,walking,1,GREEN
108,0.933,walking,walking,1,GREEN
108,0.9248,walking,walking,1,GREEN
108,0.9256,walking,walking,1,GREEN
108,0.9249,walking,walking,1,GREEN
108,0.9247,walking,walking,1,GREEN
108,0.9193,walking,walking,1,GREEN
108,0.9306,walking,walking,1,GREEN
108,0.9444,walking,walking,1,GREEN
108,0.9362,walking,walking,1,GREEN
108,0.9357,walking,walking,1,GREEN
108,0.9283,walking,walking,1,GREEN
108,0.9255,walking,walking,1,GREEN
108,0.9259,walking,walking,1,GREEN
108,0.9314,walking,walking,1,GREEN
108,0.9456,walking,walking,1,GREEN
108,0.9276,walking,walking,1,GREEN
108,0.9278,walking,walking,1,GREEN
108,0.923,walking,walking,1,GREEN
108,0.935,walking,walking,1,GREEN
108,0.9263,walking,walking,1,GREEN
108,0.9322,walking,walking,1,GREEN
108,0.9394,walking,walking,1,GREEN
108,0.9201,walking,walking,1,GREEN
108,0.923,walking,walking,1,GREEN
108,0.9258,walking,walking,1,GREEN
108,0.9276,walking,walking,1,GREEN
108,0.9241,walking,walking,1,GREEN
108,0.9255,walking,walking,1,GREEN
108,0.9446,walking,walking,1,GREEN
108,0.9415,walking,walking,1,GREEN
108,0.9398,walking,walking,1,GREEN
108,0.9365,walking,walking,1,GREEN
108,0.9297,walking,walking,1,GREEN
108,0.9287,walking,walking,1,GREEN
108,0.9098,walking,walking,1,GREEN
108,0.9118,walking,walking,1,GREEN
108,0.9158,walking,walking,1,GREEN
108,0.9106,walking,walking,1,GREEN
108,0.9221,walking,walking,1,GREEN
108,0.9253,walking,walking,1,GREEN
108,0.9285,walking,walking,1,GREEN
108,0.9315,walking,walking,1,GREEN
108,0.9163,walking,walking,1,GREEN
108,0.9318,walking,walking,1,GREEN
108,0.9248,walking,walking,1,GREEN
108,0.9201,walking,walking,1,GREEN
108,0.9187,walking,walking,1,GREEN
108,0.9198,walking,walking,1,GREEN
108,0.906,walking,walking,1,GREEN
108,0.9177,walking,walking,1,GREEN
108,0.9124,walking,walking,1,GREEN
108,0.9178,walking,walking,1,GREEN
108,0.9117,walking,walking,1,GREEN
108,0.9297,walking,walking,1,GREEN
108,0.9304,walking,walking,1,GREEN
108,0.9207,walking,walking,1,GREEN
108,0.8831,walking,walking,1,GREEN
108,0.8281,walking,walking,1,GREEN
108,0.8328,walking,walking,1,GREEN
108,0.8849,walking,walking,1,GREEN
108,0.9139,walking,walking,1,GREEN
108,0.9502,walking,walking,1,GREEN
108,0.9456,walking,walking,1,GREEN
108,0.927,walking,walking,1,GREEN
108,0.9233,walking,walking,1,GREEN
108,0.9341,walking,walking,1,GREEN
108,0.9353,walking,walking,1,GREEN
108,0.9305,walking,walking,1,GREEN
108,0.9311,walking,walking,1,GREEN
108,0.9278,walking,walking,1,GREEN
108,0.9375,walking,walking,1,GREEN
108,0.9454,walking,walking,1,GREEN
108,0.9384,walking,walking,1,GREEN
108,0.9393,walking,walking,1,GREEN
108,0.9358,walking,walking,1,GREEN
108,0.9247,walking,walking,1,GREEN
108,0.9168,walking,walking,1,GREEN
108,0.9369,walking,walking,1,GREEN
108,0.9275,walking,walking,1,GREEN
108,0.9216,walking,walking,1,GREEN
108,0.9146,walking,walking,1,GREEN
108,0.9272,walking,walking,1,GREEN
108,0.9284,walking,walking,1,GREEN
108,0.9198,walking,walking,1,GREEN
108,0.9157,walking,walking,1,GREEN
108,0.9197,walking,walking,1,GREEN
108,0.9228,walking,walking,1,GREEN
108,0.9171,walking,walking,1,GREEN
108,0.9232,walking,walking,1,GREEN
108,0.8754,walking,walking,1,GREEN
108,0.9164,walking,walking,1,GREEN
108,0.9133,walking,walking,1,GREEN
108,0.933,walking,walking,1,GREEN
108,0.9284,walking,walking,1,GREEN
108,0.918,walking,walking,1,GREEN
108,0.9253,walking,walking,1,GREEN
108,0.926,walking,walking,1,GREEN
108,0.9174,walking,walking,1,GREEN
108,0.9199,walking,walking,1,GREEN
108,0.9262,walking,walking,1,GREEN
108,0.9284,walking,walking,1,GREEN
108,0.9159,walking,walking,1,GREEN
108,0.9013,walking,walking,1,GREEN
108,0.902,walking,walking,1,GREEN
108,0.9015,walking,walking,1,GREEN
108,0.913,walking,walking,1,GREEN
108,0.9111,walking,walking,1,GREEN
108,0.8999,walking,walking,1,GREEN
108,0.9161,walking,walking,1,GREEN
108,0.9244,walking,walking,1,GREEN
108,0.916,walking,walking,1,GREEN
108,0.9137,walking,walking,1,GREEN
108,0.9056,walking,walking,1,GREEN
108,0.865,walking,walking,1,GREEN
108,0.8924,walking,walking,1,GREEN
108,0.8866,walking,walking,1,GREEN
108,0.894,walking,walking,1,GREEN
108,0.9142,walking,walking,1,GREEN
108,0.9147,walking,walking,1,GREEN
108,0.9122,walking,walking,1,GREEN
108,0.9143,walking,walking,1,GREEN
108,0.9135,walking,walking,1,GREEN
108,0.9053,walking,walking,1,GREEN
108,0.911,walking,walking,1,GREEN
108,0.9154,walking,walking,1,GREEN
108,0.9082,walking,walking,1,GREEN
108,0.93,walking,walking,1,GREEN
108,0.9253,walking,walking,1,GREEN
108,0.9304,walking,walking,1,GREEN
108,0.9259,walking,walking,1,GREEN
108,0.9352,walking,walking,1,GREEN
108,0.938,walking,walking,1,GREEN
108,0.9236,walking,walking,1,GREEN
108,0.9218,walking,walking,1,GREEN
108,0.9184,walking,walking,1,GREEN
108,0.9267,walking,walking,1,GREEN
108,0.9386,walking,walking,1,GREEN
108,0.9352,walking,walking,1,GREEN
108,0.9371,walking,walking,1,GREEN
108,0.9235,walking,walking,1,GREEN
108,0.9098,walking,walking,1,GREEN
108,0.9128,walking,walking,1,GREEN
108,0.9371,walking,walking,1,GREEN
108,0.9459,walking,walking,1,GREEN
108,0.9173,walking,walking,1,GREEN
108,0.9311,walking,walking,1,GREEN
108,0.9273,walking,walking,1,GREEN
108,0.9285,walking,walking,1,GREEN
108,0.9217,walking,walking,1,GREEN
108,0.9177,walking,walking,1,GREEN
108,0.9087,walking,walking,1,GREEN
108,0.9174,walking,walking,1,GREEN
108,0.9133,walking,walking,1,GREEN
108,0.9235,walking,walking,1,GREEN
108,0.9223,walking,walking,1,GREEN
108,0.9229,walking,walking,1,GREEN
108,0.9182,walking,walking,1,GREEN
108,0.9213,walking,walking,1,GREEN
108,0.9273,walking,walking,1,GREEN
108,0.934,walking,walking,1,GREEN
108,0.9337,walking,walking,1,GREEN
108,0.9353,walking,walking,1,GREEN
108,0.9184,walking,walking,1,GREEN
108,0.9312,walking,walking,1,GREEN
108,0.9322,walking,walking,1,GREEN
108,0.943,walking,walking,1,GREEN
108,0.9289,walking,walking,1,GREEN
108,0.9133,walking,walking,1,GREEN
108,0.9161,walking,walking,1,GREEN
108,0.9341,walking,walking,1,GREEN
108,0.9266,walking,walking,1,GREEN
108,0.9226,walking,walking,1,GREEN
108,0.9248,walking,walking,1,GREEN
108,0.9196,walking,walking,1,GREEN
108,0.923,walking,walking,1,GREEN
108,0.9121,walking,walking,1,GREEN
108,0.9159,walking,walking,1,GREEN
108,0.9032,walking,walking,1,GREEN
108,0.8994,walking,walking,1,GREEN
108,0.9124,walking,walking,1,GREEN
108,0.9125,walking,walking,1,GREEN
108,0.8959,walking,walking,1,GREEN
108,0.9039,walking,walking,1,GREEN
108,0.9149,walking,walking,1,GREEN
108,0.9232,walking,walking,1,GREEN
108,0.9147,walking,walking,1,GREEN
108,0.9102,walking,walking,1,GREEN
108,0.8988,walking,walking,1,GREEN
108,0.9168,walking,walking,1,GREEN
108,0.9056,walking,walking,1,GREEN
108,0.9162,walking,walking,1,GREEN
108,0.9168,walking,walking,1,GREEN
108,0.9175,walking,walking,1,GREEN
108,0.9018,walking,walking,1,GREEN
108,0.888,walking,walking,1,GREEN
108,0.8648,walking,walking,1,GREEN
108,0.9178,walking,walking,1,GREEN
108,0.9221,walking,walking,1,GREEN
108,0.9033,walking,walking,1,GREEN
108,0.9059,walking,walking,1,GREEN
108,0.8922,walking,walking,1,GREEN
108,0.8883,walking,walking,1,GREEN
108,0.8605,walking,walking,1,GREEN
108,0.8694,walking,walking,1,GREEN
108,0.7314,walking,walking,1,YELLOW
108,0.7323,walking,walking,1,YELLOW
108,0.4172,stairs_down,walking,0,RED
108,0.3873,stairs_down,walking,0,RED
108,0.4019,stairs_down,walking,0,RED
108,0.3416,standing,walking,0,RED
108,0.3095,standing,walking,0,RED
108,0.2305,walking,walking,1,RED
108,0.2618,walking,walking,1,RED
108,0.311,standing,walking,0,RED
108,0.2948,standing,walking,0,RED
108,0.3527,standing,walking,0,RED
108,0.2642,standing,walking,0,RED
108,0.3219,cycling,cycling,1,RED
108,0.3944,cycling,cycling,1,RED
108,0.4095,cycling,cycling,1,RED
108,0.4842,cycling,cycling,1,YELLOW
108,0.3475,cycling,cycling,1,RED
108,0.3274,cycling,cycling,1,RED
108,0.3482,cycling,cycling,1,RED
108,0.3376,cycling,cycling,1,RED
108,0.3838,cycling,cycling,1,RED
108,0.3804,cycling,cycling,1,RED
108,0.498,cycling,cycling,1,YELLOW
108,0.4743,cycling,cycling,1,YELLOW
108,0.5039,cycling,cycling,1,YELLOW
108,0.5626,vacuuming,cycling,0,YELLOW
108,0.5871,cycling,cycling,1,YELLOW
108,0.7818,cycling,cycling,1,GREEN
108,0.9054,cycling,cycling,1,GREEN
108,0.7912,cycling,cycling,1,GREEN
108,0.8611,cycling,cycling,1,GREEN
108,0.8587,cycling,cycling,1,GREEN
108,0.9404,cycling,cycling,1,GREEN
108,0.8661,cycling,cycling,1,GREEN
108,0.8145,cycling,cycling,1,GREEN
108,0.8902,cycling,cycling,1,GREEN
108,0.8813,cycling,cycling,1,GREEN
108,0.9396,cycling,cycling,1,GREEN
108,0.9272,cycling,cycling,1,GREEN
108,0.9025,cycling,cycling,1,GREEN
108,0.932,cycling,cycling,1,GREEN
108,0.9615,cycling,cycling,1,GREEN
108,0.9515,cycling,cycling,1,GREEN
108,0.9549,cycling,cycling,1,GREEN
108,0.982,cycling,cycling,1,GREEN
108,0.9857,cycling,cycling,1,GREEN
108,0.9849,cycling,cycling,1,GREEN
108,0.9842,cycling,cycling,1,GREEN
108,0.9882,cycling,cycling,1,GREEN
108,0.986,cycling,cycling,1,GREEN
108,0.9847,cycling,cycling,1,GREEN
108,0.9712,cycling,cycling,1,GREEN
108,0.98,cycling,cycling,1,GREEN
108,0.9803,cycling,cycling,1,GREEN
108,0.9589,cycling,cycling,1,GREEN
108,0.9672,cycling,cycling,1,GREEN
108,0.9724,cycling,cycling,1,GREEN
108,0.9657,cycling,cycling,1,GREEN
108,0.9887,cycling,cycling,1,GREEN
108,0.9885,cycling,cycling,1,GREEN
108,0.9895,cycling,cycling,1,GREEN
108,0.9836,cycling,cycling,1,GREEN
108,0.9759,cycling,cycling,1,GREEN
108,0.9828,cycling,cycling,1,GREEN
108,0.9879,cycling,cycling,1,GREEN
108,0.9894,cycling,cycling,1,GREEN
108,0.9879,cycling,cycling,1,GREEN
108,0.9848,cycling,cycling,1,GREEN
108,0.9901,cycling,cycling,1,GREEN
108,0.9879,cycling,cycling,1,GREEN
108,0.9818,cycling,cycling,1,GREEN
108,0.9862,cycling,cycling,1,GREEN
108,0.985,cycling,cycling,1,GREEN
108,0.985,cycling,cycling,1,GREEN
108,0.9894,cycling,cycling,1,GREEN
108,0.9858,cycling,cycling,1,GREEN
108,0.9873,cycling,cycling,1,GREEN
108,0.9709,cycling,cycling,1,GREEN
108,0.9458,cycling,cycling,1,GREEN
108,0.9239,cycling,cycling,1,GREEN
108,0.9253,cycling,cycling,1,GREEN
108,0.889,cycling,cycling,1,GREEN
108,0.8969,cycling,cycling,1,GREEN
108,0.8642,cycling,cycling,1,GREEN
108,0.938,cycling,cycling,1,GREEN
108,0.9566,cycling,cycling,1,GREEN
108,0.9722,cycling,cycling,1,GREEN
108,0.957,cycling,cycling,1,GREEN
108,0.9673,cycling,cycling,1,GREEN
108,0.9572,cycling,cycling,1,GREEN
108,0.9564,cycling,cycling,1,GREEN
108,0.9399,cycling,cycling,1,GREEN
108,0.9545,cycling,cycling,1,GREEN
108,0.9787,cycling,cycling,1,GREEN
108,0.9687,cycling,cycling,1,GREEN
108,0.9613,cycling,cycling,1,GREEN
108,0.9796,cycling,cycling,1,GREEN
108,0.9763,cycling,cycling,1,GREEN
108,0.9659,cycling,cycling,1,GREEN
108,0.9676,cycling,cycling,1,GREEN
108,0.9772,cycling,cycling,1,GREEN
108,0.9825,cycling,cycling,1,GREEN
108,0.98,cycling,cycling,1,GREEN
108,0.9872,cycling,cycling,1,GREEN
108,0.9895,cycling,cycling,1,GREEN
108,0.984,cycling,cycling,1,GREEN
108,0.9707,cycling,cycling,1,GREEN
108,0.9697,cycling,cycling,1,GREEN
108,0.9732,cycling,cycling,1,GREEN
108,0.9643,cycling,cycling,1,GREEN
108,0.9664,cycling,cycling,1,GREEN
108,0.9832,cycling,cycling,1,GREEN
108,0.9834,cycling,cycling,1,GREEN
108,0.9805,cycling,cycling,1,GREEN
108,0.974,cycling,cycling,1,GREEN
108,0.8975,cycling,cycling,1,GREEN
108,0.6394,cycling,cycling,1,YELLOW
108,0.3823,vacuuming,cycling,0,RED
108,0.8255,cycling,cycling,1,GREEN
108,0.8885,cycling,cycling,1,GREEN
108,0.8748,cycling,cycling,1,GREEN
108,0.8617,cycling,cycling,1,GREEN
108,0.8473,cycling,cycling,1,GREEN
108,0.7956,cycling,cycling,1,GREEN
108,0.8352,cycling,cycling,1,GREEN
108,0.8716,cycling,cycling,1,GREEN
108,0.8712,cycling,cycling,1,GREEN
108,0.8719,cycling,cycling,1,GREEN
108,0.9195,cycling,cycling,1,GREEN
108,0.9367,cycling,cycling,1,GREEN
108,0.9648,cycling,cycling,1,GREEN
108,0.9312,cycling,cycling,1,GREEN
108,0.8941,cycling,cycling,1,GREEN
108,0.921,cycling,cycling,1,GREEN
108,0.9345,cycling,cycling,1,GREEN
108,0.908,cycling,cycling,1,GREEN
108,0.9175,cycling,cycling,1,GREEN
108,0.9849,cycling,cycling,1,GREEN
108,0.9839,cycling,cycling,1,GREEN
108,0.9854,cycling,cycling,1,GREEN
108,0.9714,cycling,cycling,1,GREEN
108,0.9862,cycling,cycling,1,GREEN
108,0.9796,cycling,cycling,1,GREEN
108,0.9856,cycling,cycling,1,GREEN
108,0.9859,cycling,cycling,1,GREEN
108,0.9874,cycling,cycling,1,GREEN
108,0.9881,cycling,cycling,1,GREEN
108,0.9812,cycling,cycling,1,GREEN
108,0.9834,cycling,cycling,1,GREEN
108,0.9864,cycling,cycling,1,GREEN
108,0.9901,cycling,cycling,1,GREEN
108,0.9908,cycling,cycling,1,GREEN
108,0.9901,cycling,cycling,1,GREEN
108,0.9909,cycling,cycling,1,GREEN
108,0.9894,cycling,cycling,1,GREEN
108,0.9889,cycling,cycling,1,GREEN
108,0.9916,cycling,cycling,1,GREEN
108,0.9801,cycling,cycling,1,GREEN
108,0.9706,cycling,cycling,1,GREEN
108,0.9879,cycling,cycling,1,GREEN
108,0.9854,cycling,cycling,1,GREEN
108,0.9854,cycling,cycling,1,GREEN
108,0.9865,cycling,cycling,1,GREEN
108,0.984,cycling,cycling,1,GREEN
108,0.9837,cycling,cycling,1,GREEN
108,0.9856,cycling,cycling,1,GREEN
108,0.9874,cycling,cycling,1,GREEN
108,0.9864,cycling,cycling,1,GREEN
108,0.9855,cycling,cycling,1,GREEN
108,0.979,cycling,cycling,1,GREEN
108,0.9805,cycling,cycling,1,GREEN
108,0.9607,cycling,cycling,1,GREEN
108,0.9263,cycling,cycling,1,GREEN
108,0.8968,cycling,cycling,1,GREEN
108,0.8943,cycling,cycling,1,GREEN
108,0.9062,cycling,cycling,1,GREEN
108,0.9128,cycling,cycling,1,GREEN
108,0.9166,cycling,cycling,1,GREEN
108,0.9443,cycling,cycling,1,GREEN
108,0.941,cycling,cycling,1,GREEN
108,0.9448,cycling,cycling,1,GREEN
108,0.8893,cycling,cycling,1,GREEN
108,0.903,cycling,cycling,1,GREEN
108,0.8616,cycling,cycling,1,GREEN
108,0.8554,cycling,cycling,1,GREEN
108,0.9448,cycling,cycling,1,GREEN
108,0.9464,cycling,cycling,1,GREEN
108,0.918,cycling,cycling,1,GREEN
108,0.9615,cycling,cycling,1,GREEN
108,0.9815,cycling,cycling,1,GREEN
108,0.9708,cycling,cycling,1,GREEN
108,0.9679,cycling,cycling,1,GREEN
108,0.9315,cycling,cycling,1,GREEN
108,0.9454,cycling,cycling,1,GREEN
108,0.984,cycling,cycling,1,GREEN
108,0.9813,cycling,cycling,1,GREEN
108,0.9812,cycling,cycling,1,GREEN
108,0.9784,cycling,cycling,1,GREEN
108,0.9807,cycling,cycling,1,GREEN
108,0.9794,cycling,cycling,1,GREEN
108,0.9771,cycling,cycling,1,GREEN
108,0.9751,cycling,cycling,1,GREEN
108,0.9803,cycling,cycling,1,GREEN
108,0.9764,cycling,cycling,1,GREEN
108,0.9794,cycling,cycling,1,GREEN
108,0.9794,cycling,cycling,1,GREEN
108,0.9749,cycling,cycling,1,GREEN
108,0.9744,cycling,cycling,1,GREEN
108,0.9672,cycling,cycling,1,GREEN
108,0.9473,cycling,cycling,1,GREEN
108,0.948,cycling,cycling,1,GREEN
108,0.8938,cycling,cycling,1,GREEN
108,0.8796,cycling,cycling,1,GREEN
108,0.9389,cycling,cycling,1,GREEN
108,0.8888,cycling,cycling,1,GREEN
108,0.7475,cycling,cycling,1,YELLOW
108,0.8462,cycling,cycling,1,GREEN
108,0.8935,cycling,cycling,1,GREEN
108,0.9205,cycling,cycling,1,GREEN
108,0.9492,cycling,cycling,1,GREEN
108,0.9782,cycling,cycling,1,GREEN
108,0.9608,cycling,cycling,1,GREEN
108,0.9723,cycling,cycling,1,GREEN
108,0.986,cycling,cycling,1,GREEN
108,0.9527,cycling,cycling,1,GREEN
108,0.9706,cycling,cycling,1,GREEN
108,0.9812,cycling,cycling,1,GREEN
108,0.9878,cycling,cycling,1,GREEN
108,0.974,cycling,cycling,1,GREEN
108,0.9747,cycling,cycling,1,GREEN
108,0.9849,cycling,cycling,1,GREEN
108,0.9422,cycling,cycling,1,GREEN
108,0.9903,cycling,cycling,1,GREEN
108,0.9882,cycling,cycling,1,GREEN
108,0.9764,cycling,cycling,1,GREEN
108,0.9891,cycling,cycling,1,GREEN
108,0.9819,cycling,cycling,1,GREEN
108,0.9839,cycling,cycling,1,GREEN
108,0.9878,cycling,cycling,1,GREEN
108,0.9849,cycling,cycling,1,GREEN
108,0.9894,cycling,cycling,1,GREEN
108,0.9842,cycling,cycling,1,GREEN
108,0.9886,cycling,cycling,1,GREEN
108,0.9854,cycling,cycling,1,GREEN
108,0.9856,cycling,cycling,1,GREEN
108,0.9864,cycling,cycling,1,GREEN
108,0.9894,cycling,cycling,1,GREEN
108,0.9933,cycling,cycling,1,GREEN
108,0.988,cycling,cycling,1,GREEN
108,0.9739,cycling,cycling,1,GREEN
108,0.974,cycling,cycling,1,GREEN
108,0.964,cycling,cycling,1,GREEN
108,0.9645,cycling,cycling,1,GREEN
108,0.9338,cycling,cycling,1,GREEN
108,0.8919,cycling,cycling,1,GREEN
108,0.8795,cycling,cycling,1,GREEN
108,0.9088,cycling,cycling,1,GREEN
108,0.9123,cycling,cycling,1,GREEN
108,0.9339,cycling,cycling,1,GREEN
108,0.9594,cycling,cycling,1,GREEN
108,0.9552,cycling,cycling,1,GREEN
108,0.9487,cycling,cycling,1,GREEN
108,0.9496,cycling,cycling,1,GREEN
108,0.9511,cycling,cycling,1,GREEN
108,0.9111,cycling,cycling,1,GREEN
108,0.9317,cycling,cycling,1,GREEN
108,0.9117,cycling,cycling,1,GREEN
108,0.8664,cycling,cycling,1,GREEN
108,0.9247,cycling,cycling,1,GREEN
108,0.9195,cycling,cycling,1,GREEN
108,0.9231,cycling,cycling,1,GREEN
108,0.9107,cycling,cycling,1,GREEN
108,0.9113,cycling,cycling,1,GREEN
108,0.9263,cycling,cycling,1,GREEN
108,0.9573,cycling,cycling,1,GREEN
108,0.9404,cycling,cycling,1,GREEN
108,0.9455,cycling,cycling,1,GREEN
108,0.9603,cycling,cycling,1,GREEN
108,0.9446,cycling,cycling,1,GREEN
108,0.9717,cycling,cycling,1,GREEN
108,0.9742,cycling,cycling,1,GREEN
108,0.9831,cycling,cycling,1,GREEN
108,0.9844,cycling,cycling,1,GREEN
108,0.9825,cycling,cycling,1,GREEN
108,0.9797,cycling,cycling,1,GREEN
108,0.9768,cycling,cycling,1,GREEN
108,0.9786,cycling,cycling,1,GREEN
108,0.9793,cycling,cycling,1,GREEN
108,0.9723,cycling,cycling,1,GREEN
108,0.9704,cycling,cycling,1,GREEN
108,0.9686,cycling,cycling,1,GREEN
108,0.9663,cycling,cycling,1,GREEN
108,0.9608,cycling,cycling,1,GREEN
108,0.9637,cycling,cycling,1,GREEN
108,0.9668,cycling,cycling,1,GREEN
108,0.9698,cycling,cycling,1,GREEN
108,0.9639,cycling,cycling,1,GREEN
108,0.971,cycling,cycling,1,GREEN
108,0.8902,cycling,cycling,1,GREEN
108,0.9078,cycling,cycling,1,GREEN
108,0.9267,cycling,cycling,1,GREEN
108,0.9046,cycling,cycling,1,GREEN
108,0.9224,cycling,cycling,1,GREEN
108,0.9319,cycling,cycling,1,GREEN
108,0.9664,cycling,cycling,1,GREEN
108,0.9694,cycling,cycling,1,GREEN
108,0.969,cycling,cycling,1,GREEN
108,0.9916,cycling,cycling,1,GREEN
108,0.9923,cycling,cycling,1,GREEN
108,0.9889,cycling,cycling,1,GREEN
108,0.9879,cycling,cycling,1,GREEN
108,0.9815,cycling,cycling,1,GREEN
108,0.9833,cycling,cycling,1,GREEN
108,0.9863,cycling,cycling,1,GREEN
108,0.9908,cycling,cycling,1,GREEN
108,0.9844,cycling,cycling,1,GREEN
108,0.9864,cycling,cycling,1,GREEN
108,0.9892,cycling,cycling,1,GREEN
108,0.9817,cycling,cycling,1,GREEN
108,0.98,cycling,cycling,1,GREEN
108,0.9838,cycling,cycling,1,GREEN
108,0.986,cycling,cycling,1,GREEN
108,0.9894,cycling,cycling,1,GREEN
108,0.9854,cycling,cycling,1,GREEN
108,0.9839,cycling,cycling,1,GREEN
108,0.9879,cycling,cycling,1,GREEN
108,0.9849,cycling,cycling,1,GREEN
108,0.9838,cycling,cycling,1,GREEN
108,0.9831,cycling,cycling,1,GREEN
108,0.9827,cycling,cycling,1,GREEN
108,0.9823,cycling,cycling,1,GREEN
108,0.9853,cycling,cycling,1,GREEN
108,0.984,cycling,cycling,1,GREEN
108,0.9876,cycling,cycling,1,GREEN
108,0.9811,cycling,cycling,1,GREEN
108,0.984,cycling,cycling,1,GREEN
108,0.9879,cycling,cycling,1,GREEN
108,0.9817,cycling,cycling,1,GREEN
108,0.9763,cycling,cycling,1,GREEN
108,0.9641,cycling,cycling,1,GREEN
108,0.9398,cycling,cycling,1,GREEN
108,0.8854,cycling,cycling,1,GREEN
108,0.8853,cycling,cycling,1,GREEN
108,0.9036,cycling,cycling,1,GREEN
108,0.9257,cycling,cycling,1,GREEN
108,0.9474,cycling,cycling,1,GREEN
108,0.9688,cycling,cycling,1,GREEN
108,0.9778,cycling,cycling,1,GREEN
108,0.9699,cycling,cycling,1,GREEN
108,0.9797,cycling,cycling,1,GREEN
108,0.976,cycling,cycling,1,GREEN
108,0.9795,cycling,cycling,1,GREEN
108,0.9749,cycling,cycling,1,GREEN
108,0.9764,cycling,cycling,1,GREEN
108,0.9517,cycling,cycling,1,GREEN
108,0.9827,cycling,cycling,1,GREEN
108,0.9786,cycling,cycling,1,GREEN
108,0.9663,cycling,cycling,1,GREEN
108,0.9707,cycling,cycling,1,GREEN
108,0.9623,cycling,cycling,1,GREEN
108,0.9775,cycling,cycling,1,GREEN
108,0.9775,cycling,cycling,1,GREEN
108,0.9774,cycling,cycling,1,GREEN
108,0.9747,cycling,cycling,1,GREEN
108,0.9759,cycling,cycling,1,GREEN
108,0.9688,cycling,cycling,1,GREEN
108,0.9512,cycling,cycling,1,GREEN
108,0.9571,cycling,cycling,1,GREEN
108,0.96,cycling,cycling,1,GREEN
108,0.9671,cycling,cycling,1,GREEN
108,0.9628,cycling,cycling,1,GREEN
108,0.9602,cycling,cycling,1,GREEN
108,0.9663,cycling,cycling,1,GREEN
108,0.9434,cycling,cycling,1,GREEN
108,0.9681,cycling,cycling,1,GREEN
108,0.959,cycling,cycling,1,GREEN
108,0.9635,cycling,cycling,1,GREEN
108,0.9742,cycling,cycling,1,GREEN
108,0.9771,cycling,cycling,1,GREEN
108,0.9722,cycling,cycling,1,GREEN
108,0.9602,cycling,cycling,1,GREEN
108,0.97,cycling,cycling,1,GREEN
108,0.9756,cycling,cycling,1,GREEN
108,0.9786,cycling,cycling,1,GREEN
108,0.9818,cycling,cycling,1,GREEN
108,0.9837,cycling,cycling,1,GREEN
108,0.9361,cycling,cycling,1,GREEN
108,0.9447,cycling,cycling,1,GREEN
108,0.8885,cycling,cycling,1,GREEN
108,0.8972,cycling,cycling,1,GREEN
108,0.9207,cycling,cycling,1,GREEN
108,0.9064,cycling,cycling,1,GREEN
108,0.8541,cycling,cycling,1,GREEN
108,0.8224,cycling,cycling,1,GREEN
108,0.8032,cycling,cycling,1,GREEN
108,0.6795,cycling,cycling,1,YELLOW
108,0.7905,cycling,cycling,1,GREEN
108,0.8328,cycling,cycling,1,GREEN
108,0.9059,cycling,cycling,1,GREEN
108,0.9595,cycling,cycling,1,GREEN
108,0.9825,cycling,cycling,1,GREEN
108,0.8697,cycling,cycling,1,GREEN
108,0.8502,cycling,cycling,1,GREEN
108,0.8308,cycling,cycling,1,GREEN
108,0.9129,cycling,cycling,1,GREEN
108,0.9076,cycling,cycling,1,GREEN
108,0.9103,cycling,cycling,1,GREEN
108,0.9534,cycling,cycling,1,GREEN
108,0.9694,cycling,cycling,1,GREEN
108,0.9613,cycling,cycling,1,GREEN
108,0.9683,cycling,cycling,1,GREEN
108,0.9305,cycling,cycling,1,GREEN
108,0.8981,cycling,cycling,1,GREEN
108,0.9019,cycling,cycling,1,GREEN
108,0.9518,cycling,cycling,1,GREEN
108,0.8576,cycling,cycling,1,GREEN
108,0.7738,cycling,cycling,1,GREEN
108,0.7705,cycling,cycling,1,GREEN
108,0.8542,cycling,cycling,1,GREEN
108,0.8692,cycling,cycling,1,GREEN
108,0.9239,cycling,cycling,1,GREEN
108,0.9547,cycling,cycling,1,GREEN
108,0.9696,cycling,cycling,1,GREEN
108,0.9012,cycling,cycling,1,GREEN
108,0.9005,cycling,cycling,1,GREEN
108,0.8653,cycling,cycling,1,GREEN
108,0.7841,cycling,cycling,1,GREEN
108,0.9309,cycling,cycling,1,GREEN
108,0.9279,cycling,cycling,1,GREEN
108,0.9133,cycling,cycling,1,GREEN
108,0.9194,cycling,cycling,1,GREEN
108,0.8895,cycling,cycling,1,GREEN
108,0.8856,cycling,cycling,1,GREEN
108,0.9515,cycling,cycling,1,GREEN
108,0.9605,cycling,cycling,1,GREEN
108,0.9724,cycling,cycling,1,GREEN
108,0.9787,cycling,cycling,1,GREEN
108,0.9784,cycling,cycling,1,GREEN
108,0.9781,cycling,cycling,1,GREEN
108,0.9782,cycling,cycling,1,GREEN
108,0.9781,cycling,cycling,1,GREEN
108,0.9812,cycling,cycling,1,GREEN
108,0.9804,cycling,cycling,1,GREEN
108,0.9765,cycling,cycling,1,GREEN
108,0.9773,cycling,cycling,1,GREEN
108,0.9864,cycling,cycling,1,GREEN
108,0.9801,cycling,cycling,1,GREEN
108,0.978,cycling,cycling,1,GREEN
108,0.9771,cycling,cycling,1,GREEN
108,0.9873,cycling,cycling,1,GREEN
108,0.9811,cycling,cycling,1,GREEN
108,0.9842,cycling,cycling,1,GREEN
108,0.9871,cycling,cycling,1,GREEN
108,0.986,cycling,cycling,1,GREEN
108,0.9778,cycling,cycling,1,GREEN
108,0.9864,cycling,cycling,1,GREEN
108,0.9883,cycling,cycling,1,GREEN
108,0.9706,cycling,cycling,1,GREEN
108,0.9501,cycling,cycling,1,GREEN
108,0.9405,cycling,cycling,1,GREEN
108,0.9128,cycling,cycling,1,GREEN
108,0.9023,cycling,cycling,1,GREEN
108,0.9205,cycling,cycling,1,GREEN
108,0.9161,cycling,cycling,1,GREEN
108,0.9051,cycling,cycling,1,GREEN
108,0.9326,cycling,cycling,1,GREEN
108,0.9692,cycling,cycling,1,GREEN
108,0.9708,cycling,cycling,1,GREEN
108,0.9767,cycling,cycling,1,GREEN
108,0.944,cycling,cycling,1,GREEN
108,0.9525,cycling,cycling,1,GREEN
108,0.9635,cycling,cycling,1,GREEN
108,0.9603,cycling,cycling,1,GREEN
108,0.9548,cycling,cycling,1,GREEN
108,0.9597,cycling,cycling,1,GREEN
108,0.9627,cycling,cycling,1,GREEN
108,0.9739,cycling,cycling,1,GREEN
108,0.9714,cycling,cycling,1,GREEN
108,0.9749,cycling,cycling,1,GREEN
108,0.9728,cycling,cycling,1,GREEN
108,0.9666,cycling,cycling,1,GREEN
108,0.951,cycling,cycling,1,GREEN
108,0.9593,cycling,cycling,1,GREEN
108,0.9675,cycling,cycling,1,GREEN
108,0.9706,cycling,cycling,1,GREEN
108,0.968,cycling,cycling,1,GREEN
108,0.9792,cycling,cycling,1,GREEN
108,0.9748,cycling,cycling,1,GREEN
108,0.9715,cycling,cycling,1,GREEN
108,0.9771,cycling,cycling,1,GREEN
108,0.9818,cycling,cycling,1,GREEN
108,0.9707,cycling,cycling,1,GREEN
108,0.9662,cycling,cycling,1,GREEN
108,0.9737,cycling,cycling,1,GREEN
108,0.9703,cycling,cycling,1,GREEN
108,0.9627,cycling,cycling,1,GREEN
108,0.8401,cycling,cycling,1,GREEN
108,0.8095,cycling,cycling,1,GREEN
108,0.8428,cycling,cycling,1,GREEN
108,0.8766,cycling,cycling,1,GREEN
108,0.5431,vacuuming,cycling,0,YELLOW
108,0.6689,vacuuming,cycling,0,YELLOW
108,0.338,cycling,cycling,1,RED
108,0.2445,stairs_up,cycling,0,RED
108,0.5688,vacuuming,cycling,0,YELLOW
108,0.3188,vacuuming,cycling,0,RED
108,0.391,cycling,cycling,1,RED
108,0.2548,cycling,cycling,1,RED
108,0.2022,cycling,cycling,1,RED
108,0.1745,cycling,cycling,1,RED
108,0.2566,cycling,cycling,1,RED
108,0.3522,vacuuming,cycling,0,RED
108,0.3701,cycling,cycling,1,RED
108,0.2994,cycling,cycling,1,RED
108,0.2353,cycling,cycling,1,RED
108,0.5293,sitting,nordic_walk,0,YELLOW
108,0.4168,sitting,nordic_walk,0,RED
108,0.3985,sitting,nordic_walk,0,RED
108,0.3369,sitting,nordic_walk,0,RED
108,0.3161,sitting,nordic_walk,0,RED
108,0.3191,standing,nordic_walk,0,RED
108,0.4354,sitting,nordic_walk,0,RED
108,0.4502,sitting,nordic_walk,0,YELLOW
108,0.3931,sitting,nordic_walk,0,RED
108,0.4265,sitting,nordic_walk,0,RED
108,0.3561,standing,nordic_walk,0,RED
108,0.4512,vacuuming,nordic_walk,0,YELLOW
108,0.3611,stairs_down,nordic_walk,0,RED
108,0.6114,nordic_walk,nordic_walk,1,YELLOW
108,0.3949,nordic_walk,nordic_walk,1,RED
108,0.5273,nordic_walk,nordic_walk,1,YELLOW
108,0.4251,nordic_walk,nordic_walk,1,RED
108,0.6235,nordic_walk,nordic_walk,1,YELLOW
108,0.6923,nordic_walk,nordic_walk,1,YELLOW
108,0.4901,nordic_walk,nordic_walk,1,YELLOW
108,0.7782,nordic_walk,nordic_walk,1,GREEN
108,0.4799,nordic_walk,nordic_walk,1,YELLOW
108,0.2359,stairs_up,nordic_walk,0,RED
108,0.6813,nordic_walk,nordic_walk,1,YELLOW
108,0.8209,nordic_walk,nordic_walk,1,GREEN
108,0.7986,nordic_walk,nordic_walk,1,GREEN
108,0.8181,nordic_walk,nordic_walk,1,GREEN
108,0.809,nordic_walk,nordic_walk,1,GREEN
108,0.7804,nordic_walk,nordic_walk,1,GREEN
108,0.4554,nordic_walk,nordic_walk,1,YELLOW
108,0.7687,nordic_walk,nordic_walk,1,GREEN
108,0.845,nordic_walk,nordic_walk,1,GREEN
108,0.7033,nordic_walk,nordic_walk,1,YELLOW
108,0.744,nordic_walk,nordic_walk,1,YELLOW
108,0.7894,nordic_walk,nordic_walk,1,GREEN
108,0.8253,nordic_walk,nordic_walk,1,GREEN
108,0.7343,nordic_walk,nordic_walk,1,YELLOW
108,0.8228,nordic_walk,nordic_walk,1,GREEN
108,0.8281,nordic_walk,nordic_walk,1,GREEN
108,0.7269,nordic_walk,nordic_walk,1,YELLOW
108,0.7813,nordic_walk,nordic_walk,1,GREEN
108,0.7304,nordic_walk,nordic_walk,1,YELLOW
108,0.7444,nordic_walk,nordic_walk,1,YELLOW
108,0.4906,nordic_walk,nordic_walk,1,YELLOW
108,0.5332,nordic_walk,nordic_walk,1,YELLOW
108,0.3652,nordic_walk,nordic_walk,1,RED
108,0.3479,nordic_walk,nordic_walk,1,RED
108,0.4607,walking,nordic_walk,0,YELLOW
108,0.5169,nordic_walk,nordic_walk,1,YELLOW
108,0.7436,nordic_walk,nordic_walk,1,YELLOW
108,0.6891,nordic_walk,nordic_walk,1,YELLOW
108,0.7523,nordic_walk,nordic_walk,1,GREEN
108,0.7145,nordic_walk,nordic_walk,1,YELLOW
108,0.6785,nordic_walk,nordic_walk,1,YELLOW
108,0.6053,walking,nordic_walk,0,YELLOW
108,0.5907,nordic_walk,nordic_walk,1,YELLOW
108,0.6904,nordic_walk,nordic_walk,1,YELLOW
108,0.6629,nordic_walk,nordic_walk,1,YELLOW
108,0.7282,nordic_walk,nordic_walk,1,YELLOW
108,0.7788,nordic_walk,nordic_walk,1,GREEN
108,0.807,nordic_walk,nordic_walk,1,GREEN
108,0.5652,nordic_walk,nordic_walk,1,YELLOW
108,0.7977,nordic_walk,nordic_walk,1,GREEN
108,0.8371,nordic_walk,nordic_walk,1,GREEN
108,0.4723,nordic_walk,nordic_walk,1,YELLOW
108,0.5808,nordic_walk,nordic_walk,1,YELLOW
108,0.4495,walking,nordic_walk,0,RED
108,0.4995,nordic_walk,nordic_walk,1,YELLOW
108,0.4081,nordic_walk,nordic_walk,1,RED
108,0.3844,nordic_walk,nordic_walk,1,RED
108,0.4556,walking,nordic_walk,0,YELLOW
108,0.6576,nordic_walk,nordic_walk,1,YELLOW
108,0.6966,nordic_walk,nordic_walk,1,YELLOW
108,0.5703,nordic_walk,nordic_walk,1,YELLOW
108,0.7151,nordic_walk,nordic_walk,1,YELLOW
108,0.3987,nordic_walk,nordic_walk,1,RED
108,0.4618,nordic_walk,nordic_walk,1,YELLOW
108,0.6351,nordic_walk,nordic_walk,1,YELLOW
108,0.658,nordic_walk,nordic_walk,1,YELLOW
108,0.4981,walking,nordic_walk,0,YELLOW
108,0.5219,nordic_walk,nordic_walk,1,YELLOW
108,0.5039,nordic_walk,nordic_walk,1,YELLOW
108,0.5584,nordic_walk,nordic_walk,1,YELLOW
108,0.5673,nordic_walk,nordic_walk,1,YELLOW
108,0.6694,nordic_walk,nordic_walk,1,YELLOW
108,0.7011,nordic_walk,nordic_walk,1,YELLOW
108,0.6875,nordic_walk,nordic_walk,1,YELLOW
108,0.6912,nordic_walk,nordic_walk,1,YELLOW
108,0.5551,walking,nordic_walk,0,YELLOW
108,0.491,nordic_walk,nordic_walk,1,YELLOW
108,0.7454,nordic_walk,nordic_walk,1,YELLOW
108,0.6969,nordic_walk,nordic_walk,1,YELLOW
108,0.7605,nordic_walk,nordic_walk,1,GREEN
108,0.7939,nordic_walk,nordic_walk,1,GREEN
108,0.7688,nordic_walk,nordic_walk,1,GREEN
108,0.6167,nordic_walk,nordic_walk,1,YELLOW
108,0.6312,nordic_walk,nordic_walk,1,YELLOW
108,0.4932,walking,nordic_walk,0,YELLOW
108,0.7728,nordic_walk,nordic_walk,1,GREEN
108,0.7835,nordic_walk,nordic_walk,1,GREEN
108,0.7259,nordic_walk,nordic_walk,1,YELLOW
108,0.7889,nordic_walk,nordic_walk,1,GREEN
108,0.5475,nordic_walk,nordic_walk,1,YELLOW
108,0.641,nordic_walk,nordic_walk,1,YELLOW
108,0.756,nordic_walk,nordic_walk,1,GREEN
108,0.7458,nordic_walk,nordic_walk,1,YELLOW
108,0.3978,walking,nordic_walk,0,RED
108,0.6406,nordic_walk,nordic_walk,1,YELLOW
108,0.7097,nordic_walk,nordic_walk,1,YELLOW
108,0.4615,nordic_walk,nordic_walk,1,YELLOW
108,0.5005,nordic_walk,nordic_walk,1,YELLOW
108,0.7514,nordic_walk,nordic_walk,1,GREEN
108,0.7964,nordic_walk,nordic_walk,1,GREEN
108,0.642,nordic_walk,nordic_walk,1,YELLOW
108,0.6391,nordic_walk,nordic_walk,1,YELLOW
108,0.4507,walking,nordic_walk,0,YELLOW
108,0.5744,nordic_walk,nordic_walk,1,YELLOW
108,0.5915,nordic_walk,nordic_walk,1,YELLOW
108,0.767,nordic_walk,nordic_walk,1,GREEN
108,0.7819,nordic_walk,nordic_walk,1,GREEN
108,0.752,nordic_walk,nordic_walk,1,GREEN
108,0.7521,nordic_walk,nordic_walk,1,GREEN
108,0.6346,nordic_walk,nordic_walk,1,YELLOW
108,0.6324,nordic_walk,nordic_walk,1,YELLOW
108,0.6158,walking,nordic_walk,0,YELLOW
108,0.6715,nordic_walk,nordic_walk,1,YELLOW
108,0.6967,nordic_walk,nordic_walk,1,YELLOW
108,0.5629,nordic_walk,nordic_walk,1,YELLOW
108,0.6346,nordic_walk,nordic_walk,1,YELLOW
108,0.6795,nordic_walk,nordic_walk,1,YELLOW
108,0.7163,nordic_walk,nordic_walk,1,YELLOW
108,0.5714,nordic_walk,nordic_walk,1,YELLOW
108,0.5542,nordic_walk,nordic_walk,1,YELLOW
108,0.6949,nordic_walk,nordic_walk,1,YELLOW
108,0.6887,nordic_walk,nordic_walk,1,YELLOW
108,0.4198,walking,nordic_walk,0,RED
108,0.7996,nordic_walk,nordic_walk,1,GREEN
108,0.8066,nordic_walk,nordic_walk,1,GREEN
108,0.5702,nordic_walk,nordic_walk,1,YELLOW
108,0.6294,nordic_walk,nordic_walk,1,YELLOW
108,0.5855,nordic_walk,nordic_walk,1,YELLOW
108,0.5946,nordic_walk,nordic_walk,1,YELLOW
108,0.5965,nordic_walk,nordic_walk,1,YELLOW
108,0.6867,nordic_walk,nordic_walk,1,YELLOW
108,0.6188,walking,nordic_walk,0,YELLOW
108,0.5798,nordic_walk,nordic_walk,1,YELLOW
108,0.5938,nordic_walk,nordic_walk,1,YELLOW
108,0.7883,nordic_walk,nordic_walk,1,GREEN
108,0.826,nordic_walk,nordic_walk,1,GREEN
108,0.8189,nordic_walk,nordic_walk,1,GREEN
108,0.799,nordic_walk,nordic_walk,1,GREEN
108,0.8054,nordic_walk,nordic_walk,1,GREEN
108,0.8093,nordic_walk,nordic_walk,1,GREEN
108,0.7368,nordic_walk,nordic_walk,1,YELLOW
108,0.7636,nordic_walk,nordic_walk,1,GREEN
108,0.4574,walking,nordic_walk,0,YELLOW
108,0.822,nordic_walk,nordic_walk,1,GREEN
108,0.8284,nordic_walk,nordic_walk,1,GREEN
108,0.7936,nordic_walk,nordic_walk,1,GREEN
108,0.7989,nordic_walk,nordic_walk,1,GREEN
108,0.7644,nordic_walk,nordic_walk,1,GREEN
108,0.7921,nordic_walk,nordic_walk,1,GREEN
108,0.7643,nordic_walk,nordic_walk,1,GREEN
108,0.7794,nordic_walk,nordic_walk,1,GREEN
108,0.5775,nordic_walk,nordic_walk,1,YELLOW
108,0.6682,nordic_walk,nordic_walk,1,YELLOW
108,0.4855,nordic_walk,nordic_walk,1,YELLOW
108,0.6331,nordic_walk,nordic_walk,1,YELLOW
108,0.7415,nordic_walk,nordic_walk,1,YELLOW
108,0.5646,nordic_walk,nordic_walk,1,YELLOW
108,0.6857,nordic_walk,nordic_walk,1,YELLOW
108,0.7933,nordic_walk,nordic_walk,1,GREEN
108,0.8018,nordic_walk,nordic_walk,1,GREEN
108,0.6055,nordic_walk,nordic_walk,1,YELLOW
108,0.7003,nordic_walk,nordic_walk,1,YELLOW
108,0.4696,nordic_walk,nordic_walk,1,YELLOW
108,0.7541,nordic_walk,nordic_walk,1,GREEN
108,0.7918,nordic_walk,nordic_walk,1,GREEN
108,0.7886,nordic_walk,nordic_walk,1,GREEN
108,0.8209,nordic_walk,nordic_walk,1,GREEN
108,0.8382,nordic_walk,nordic_walk,1,GREEN
108,0.8385,nordic_walk,nordic_walk,1,GREEN
108,0.5045,walking,nordic_walk,0,YELLOW
108,0.845,nordic_walk,nordic_walk,1,GREEN
108,0.8366,nordic_walk,nordic_walk,1,GREEN
108,0.7609,nordic_walk,nordic_walk,1,GREEN
108,0.81,nordic_walk,nordic_walk,1,GREEN
108,0.7235,nordic_walk,nordic_walk,1,YELLOW
108,0.7136,nordic_walk,nordic_walk,1,YELLOW
108,0.8103,nordic_walk,nordic_walk,1,GREEN
108,0.7978,nordic_walk,nordic_walk,1,GREEN
108,0.4256,walking,nordic_walk,0,RED
108,0.4984,nordic_walk,nordic_walk,1,YELLOW
108,0.6752,nordic_walk,nordic_walk,1,YELLOW
108,0.7751,nordic_walk,nordic_walk,1,GREEN
108,0.8245,nordic_walk,nordic_walk,1,GREEN
108,0.7907,nordic_walk,nordic_walk,1,GREEN
108,0.7919,nordic_walk,nordic_walk,1,GREEN
108,0.8501,nordic_walk,nordic_walk,1,GREEN
108,0.8239,nordic_walk,nordic_walk,1,GREEN
108,0.4301,walking,nordic_walk,0,RED
108,0.8165,nordic_walk,nordic_walk,1,GREEN
108,0.8105,nordic_walk,nordic_walk,1,GREEN
108,0.7047,nordic_walk,nordic_walk,1,YELLOW
108,0.623,nordic_walk,nordic_walk,1,YELLOW
108,0.7193,nordic_walk,nordic_walk,1,YELLOW
108,0.5975,nordic_walk,nordic_walk,1,YELLOW
108,0.67,nordic_walk,nordic_walk,1,YELLOW
108,0.694,nordic_walk,nordic_walk,1,YELLOW
108,0.4295,walking,nordic_walk,0,RED
108,0.4126,nordic_walk,nordic_walk,1,RED
108,0.5097,nordic_walk,nordic_walk,1,YELLOW
108,0.7564,nordic_walk,nordic_walk,1,GREEN
108,0.8073,nordic_walk,nordic_walk,1,GREEN
108,0.8018,nordic_walk,nordic_walk,1,GREEN
108,0.7858,nordic_walk,nordic_walk,1,GREEN
108,0.5584,nordic_walk,nordic_walk,1,YELLOW
108,0.4975,nordic_walk,nordic_walk,1,YELLOW
108,0.6981,nordic_walk,nordic_walk,1,YELLOW
108,0.6786,nordic_walk,nordic_walk,1,YELLOW
108,0.4228,walking,nordic_walk,0,RED
108,0.7349,nordic_walk,nordic_walk,1,YELLOW
108,0.8125,nordic_walk,nordic_walk,1,GREEN
108,0.8016,nordic_walk,nordic_walk,1,GREEN
108,0.7698,nordic_walk,nordic_walk,1,GREEN
108,0.7847,nordic_walk,nordic_walk,1,GREEN
108,0.7819,nordic_walk,nordic_walk,1,GREEN
108,0.3935,nordic_walk,nordic_walk,1,RED
108,0.3994,nordic_walk,nordic_walk,1,RED
108,0.5076,walking,nordic_walk,0,YELLOW
108,0.7265,nordic_walk,nordic_walk,1,YELLOW
108,0.6114,nordic_walk,nordic_walk,1,YELLOW
108,0.6732,nordic_walk,nordic_walk,1,YELLOW
108,0.7041,nordic_walk,nordic_walk,1,YELLOW
108,0.5962,nordic_walk,nordic_walk,1,YELLOW
108,0.6446,nordic_walk,nordic_walk,1,YELLOW
108,0.7686,nordic_walk,nordic_walk,1,GREEN
108,0.7703,nordic_walk,nordic_walk,1,GREEN
108,0.7902,nordic_walk,nordic_walk,1,GREEN
108,0.8032,nordic_walk,nordic_walk,1,GREEN
108,0.4269,nordic_walk,nordic_walk,1,RED
108,0.7924,nordic_walk,nordic_walk,1,GREEN
108,0.7859,nordic_walk,nordic_walk,1,GREEN
108,0.6784,nordic_walk,nordic_walk,1,YELLOW
108,0.754,nordic_walk,nordic_walk,1,GREEN
108,0.7685,nordic_walk,nordic_walk,1,GREEN
108,0.7804,nordic_walk,nordic_walk,1,GREEN
108,0.8218,nordic_walk,nordic_walk,1,GREEN
108,0.8118,nordic_walk,nordic_walk,1,GREEN
108,0.7366,nordic_walk,nordic_walk,1,YELLOW
108,0.803,nordic_walk,nordic_walk,1,GREEN
108,0.5492,nordic_walk,nordic_walk,1,YELLOW
108,0.6638,nordic_walk,nordic_walk,1,YELLOW
108,0.6499,nordic_walk,nordic_walk,1,YELLOW
108,0.7124,nordic_walk,nordic_walk,1,YELLOW
108,0.7266,nordic_walk,nordic_walk,1,YELLOW
108,0.676,nordic_walk,nordic_walk,1,YELLOW
108,0.6966,nordic_walk,nordic_walk,1,YELLOW
108,0.4744,walking,nordic_walk,0,YELLOW
108,0.4847,nordic_walk,nordic_walk,1,YELLOW
108,0.6621,nordic_walk,nordic_walk,1,YELLOW
108,0.7827,nordic_walk,nordic_walk,1,GREEN
108,0.8143,nordic_walk,nordic_walk,1,GREEN
108,0.7726,nordic_walk,nordic_walk,1,GREEN
108,0.7989,nordic_walk,nordic_walk,1,GREEN
108,0.7502,nordic_walk,nordic_walk,1,GREEN
108,0.6659,nordic_walk,nordic_walk,1,YELLOW
108,0.4084,nordic_walk,nordic_walk,1,RED
108,0.7855,nordic_walk,nordic_walk,1,GREEN
108,0.8283,nordic_walk,nordic_walk,1,GREEN
108,0.7533,nordic_walk,nordic_walk,1,GREEN
108,0.7664,nordic_walk,nordic_walk,1,GREEN
108,0.7051,nordic_walk,nordic_walk,1,YELLOW
108,0.6956,nordic_walk,nordic_walk,1,YELLOW
108,0.4124,walking,nordic_walk,0,RED
108,0.7602,nordic_walk,nordic_walk,1,GREEN
108,0.8182,nordic_walk,nordic_walk,1,GREEN
108,0.8112,nordic_walk,nordic_walk,1,GREEN
108,0.8293,nordic_walk,nordic_walk,1,GREEN
108,0.8291,nordic_walk,nordic_walk,1,GREEN
108,0.8368,nordic_walk,nordic_walk,1,GREEN
108,0.5021,nordic_walk,nordic_walk,1,YELLOW
108,0.4347,nordic_walk,nordic_walk,1,RED
108,0.4173,walking,nordic_walk,0,RED
108,0.4471,nordic_walk,nordic_walk,1,RED
108,0.4168,nordic_walk,nordic_walk,1,RED
108,0.5081,nordic_walk,nordic_walk,1,YELLOW
108,0.5346,nordic_walk,nordic_walk,1,YELLOW
108,0.8174,nordic_walk,nordic_walk,1,GREEN
108,0.7866,nordic_walk,nordic_walk,1,GREEN
108,0.6577,nordic_walk,nordic_walk,1,YELLOW
108,0.6808,nordic_walk,nordic_walk,1,YELLOW
108,0.776,nordic_walk,nordic_walk,1,GREEN
108,0.7713,nordic_walk,nordic_walk,1,GREEN
108,0.3998,walking,nordic_walk,0,RED
108,0.7843,nordic_walk,nordic_walk,1,GREEN
108,0.7919,nordic_walk,nordic_walk,1,GREEN
108,0.715,nordic_walk,nordic_walk,1,YELLOW
108,0.7701,nordic_walk,nordic_walk,1,GREEN
108,0.6967,nordic_walk,nordic_walk,1,YELLOW
108,0.7511,nordic_walk,nordic_walk,1,GREEN
108,0.6083,nordic_walk,nordic_walk,1,YELLOW
108,0.712,nordic_walk,nordic_walk,1,YELLOW
108,0.484,nordic_walk,nordic_walk,1,YELLOW
108,0.7372,nordic_walk,nordic_walk,1,YELLOW
108,0.7365,nordic_walk,nordic_walk,1,YELLOW
108,0.8202,nordic_walk,nordic_walk,1,GREEN
108,0.8302,nordic_walk,nordic_walk,1,GREEN
108,0.8246,nordic_walk,nordic_walk,1,GREEN
108,0.8103,nordic_walk,nordic_walk,1,GREEN
108,0.6105,nordic_walk,nordic_walk,1,YELLOW
108,0.8063,nordic_walk,nordic_walk,1,GREEN
108,0.574,nordic_walk,nordic_walk,1,YELLOW
108,0.4932,nordic_walk,nordic_walk,1,YELLOW
108,0.5434,nordic_walk,nordic_walk,1,YELLOW
108,0.5653,nordic_walk,nordic_walk,1,YELLOW
108,0.6567,nordic_walk,nordic_walk,1,YELLOW
108,0.8089,nordic_walk,nordic_walk,1,GREEN
108,0.783,nordic_walk,nordic_walk,1,GREEN
108,0.4127,nordic_walk,nordic_walk,1,RED
108,0.6566,nordic_walk,nordic_walk,1,YELLOW
108,0.6821,nordic_walk,nordic_walk,1,YELLOW
108,0.7273,nordic_walk,nordic_walk,1,YELLOW
108,0.7733,nordic_walk,nordic_walk,1,GREEN
108,0.4574,nordic_walk,nordic_walk,1,YELLOW
108,0.5417,nordic_walk,nordic_walk,1,YELLOW
108,0.58,nordic_walk,nordic_walk,1,YELLOW
108,0.6176,nordic_walk,nordic_walk,1,YELLOW
108,0.5662,walking,nordic_walk,0,YELLOW
108,0.4793,nordic_walk,nordic_walk,1,YELLOW
108,0.6784,nordic_walk,nordic_walk,1,YELLOW
108,0.8167,nordic_walk,nordic_walk,1,GREEN
108,0.7982,nordic_walk,nordic_walk,1,GREEN
108,0.7809,nordic_walk,nordic_walk,1,GREEN
108,0.8148,nordic_walk,nordic_walk,1,GREEN
108,0.4714,nordic_walk,nordic_walk,1,YELLOW
108,0.8029,nordic_walk,nordic_walk,1,GREEN
108,0.816,nordic_walk,nordic_walk,1,GREEN
108,0.7988,nordic_walk,nordic_walk,1,GREEN
108,0.8357,nordic_walk,nordic_walk,1,GREEN
108,0.6606,nordic_walk,nordic_walk,1,YELLOW
108,0.7337,nordic_walk,nordic_walk,1,YELLOW
108,0.8344,nordic_walk,nordic_walk,1,GREEN
108,0.8636,nordic_walk,nordic_walk,1,GREEN
108,0.7853,nordic_walk,nordic_walk,1,GREEN
108,0.66,nordic_walk,nordic_walk,1,YELLOW
108,0.6157,nordic_walk,nordic_walk,1,YELLOW
108,0.764,nordic_walk,nordic_walk,1,GREEN
108,0.8372,nordic_walk,nordic_walk,1,GREEN
108,0.6333,nordic_walk,nordic_walk,1,YELLOW
108,0.6635,nordic_walk,nordic_walk,1,YELLOW
108,0.6613,nordic_walk,nordic_walk,1,YELLOW
108,0.6763,nordic_walk,nordic_walk,1,YELLOW
108,0.4165,walking,nordic_walk,0,RED
108,0.6986,nordic_walk,nordic_walk,1,YELLOW
108,0.7594,nordic_walk,nordic_walk,1,GREEN
108,0.6372,nordic_walk,nordic_walk,1,YELLOW
108,0.7358,nordic_walk,nordic_walk,1,YELLOW
108,0.7882,nordic_walk,nordic_walk,1,GREEN
108,0.791,nordic_walk,nordic_walk,1,GREEN
108,0.516,nordic_walk,nordic_walk,1,YELLOW
108,0.5104,nordic_walk,nordic_walk,1,YELLOW
108,0.6714,nordic_walk,nordic_walk,1,YELLOW
108,0.6876,nordic_walk,nordic_walk,1,YELLOW
108,0.4998,nordic_walk,nordic_walk,1,YELLOW
108,0.4021,walking,nordic_walk,0,RED
108,0.5594,nordic_walk,nordic_walk,1,YELLOW
108,0.5556,nordic_walk,nordic_walk,1,YELLOW
108,0.6274,nordic_walk,nordic_walk,1,YELLOW
108,0.7027,nordic_walk,nordic_walk,1,YELLOW
108,0.7412,nordic_walk,nordic_walk,1,YELLOW
108,0.5919,nordic_walk,nordic_walk,1,YELLOW
108,0.7328,nordic_walk,nordic_walk,1,YELLOW
108,0.7201,nordic_walk,nordic_walk,1,YELLOW
108,0.7364,nordic_walk,nordic_walk,1,YELLOW
108,0.5094,nordic_walk,nordic_walk,1,YELLOW
108,0.7994,nordic_walk,nordic_walk,1,GREEN
108,0.843,nordic_walk,nordic_walk,1,GREEN
108,0.7734,nordic_walk,nordic_walk,1,GREEN
108,0.817,nordic_walk,nordic_walk,1,GREEN
108,0.534,nordic_walk,nordic_walk,1,YELLOW
108,0.4518,nordic_walk,nordic_walk,1,YELLOW
108,0.7651,nordic_walk,nordic_walk,1,GREEN
108,0.8197,nordic_walk,nordic_walk,1,GREEN
108,0.4394,nordic_walk,nordic_walk,1,RED
108,0.7178,nordic_walk,nordic_walk,1,YELLOW
108,0.7273,nordic_walk,nordic_walk,1,YELLOW
108,0.6399,nordic_walk,nordic_walk,1,YELLOW
108,0.6966,nordic_walk,nordic_walk,1,YELLOW
108,0.5586,nordic_walk,nordic_walk,1,YELLOW
108,0.6439,nordic_walk,nordic_walk,1,YELLOW
108,0.6916,nordic_walk,nordic_walk,1,YELLOW
108,0.7341,nordic_walk,nordic_walk,1,YELLOW
108,0.7138,nordic_walk,nordic_walk,1,YELLOW
108,0.6321,nordic_walk,nordic_walk,1,YELLOW
108,0.4027,nordic_walk,nordic_walk,1,RED
108,0.5979,nordic_walk,nordic_walk,1,YELLOW
108,0.6906,nordic_walk,nordic_walk,1,YELLOW
108,0.8278,nordic_walk,nordic_walk,1,GREEN
108,0.8222,nordic_walk,nordic_walk,1,GREEN
108,0.772,nordic_walk,nordic_walk,1,GREEN
108,0.8002,nordic_walk,nordic_walk,1,GREEN
108,0.8345,nordic_walk,nordic_walk,1,GREEN
108,0.8206,nordic_walk,nordic_walk,1,GREEN
108,0.7867,nordic_walk,nordic_walk,1,GREEN
108,0.7926,nordic_walk,nordic_walk,1,GREEN
108,0.4045,nordic_walk,nordic_walk,1,RED
108,0.755,nordic_walk,nordic_walk,1,GREEN
108,0.7819,nordic_walk,nordic_walk,1,GREEN
108,0.4331,nordic_walk,nordic_walk,1,RED
108,0.5421,nordic_walk,nordic_walk,1,YELLOW
108,0.7187,nordic_walk,nordic_walk,1,YELLOW
108,0.7327,nordic_walk,nordic_walk,1,YELLOW
108,0.7833,nordic_walk,nordic_walk,1,GREEN
108,0.8183,nordic_walk,nordic_walk,1,GREEN
108,0.8236,nordic_walk,nordic_walk,1,GREEN
108,0.821,nordic_walk,nordic_walk,1,GREEN
108,0.4409,nordic_walk,nordic_walk,1,RED
108,0.8108,nordic_walk,nordic_walk,1,GREEN
108,0.7997,nordic_walk,nordic_walk,1,GREEN
108,0.7126,nordic_walk,nordic_walk,1,YELLOW
108,0.7591,nordic_walk,nordic_walk,1,GREEN
108,0.8135,nordic_walk,nordic_walk,1,GREEN
108,0.8345,nordic_walk,nordic_walk,1,GREEN
108,0.7437,nordic_walk,nordic_walk,1,YELLOW
108,0.7729,nordic_walk,nordic_walk,1,GREEN
108,0.7851,nordic_walk,nordic_walk,1,GREEN
108,0.7477,nordic_walk,nordic_walk,1,YELLOW
108,0.4442,nordic_walk,nordic_walk,1,RED
108,0.4115,nordic_walk,nordic_walk,1,RED
108,0.4223,nordic_walk,nordic_walk,1,RED
108,0.5436,nordic_walk,nordic_walk,1,YELLOW
108,0.562,nordic_walk,nordic_walk,1,YELLOW
108,0.6411,nordic_walk,nordic_walk,1,YELLOW
108,0.6879,nordic_walk,nordic_walk,1,YELLOW
108,0.7566,nordic_walk,nordic_walk,1,GREEN
108,0.7412,nordic_walk,nordic_walk,1,YELLOW
108,0.3733,nordic_walk,nordic_walk,1,RED
108,0.5575,nordic_walk,nordic_walk,1,YELLOW
108,0.5066,nordic_walk,nordic_walk,1,YELLOW
108,0.6686,nordic_walk,nordic_walk,1,YELLOW
108,0.6733,nordic_walk,nordic_walk,1,YELLOW
108,0.3104,nordic_walk,nordic_walk,1,RED
108,0.4153,nordic_walk,nordic_walk,1,RED
108,0.3551,stairs_down,nordic_walk,0,RED
108,0.3937,nordic_walk,nordic_walk,1,RED
108,0.4731,walking,nordic_walk,0,YELLOW
108,0.4224,nordic_walk,nordic_walk,1,RED
108,0.5414,nordic_walk,nordic_walk,1,YELLOW
108,0.5354,nordic_walk,nordic_walk,1,YELLOW
108,0.592,nordic_walk,nordic_walk,1,YELLOW
108,0.7753,nordic_walk,nordic_walk,1,GREEN
108,0.7635,nordic_walk,nordic_walk,1,GREEN
108,0.4909,nordic_walk,nordic_walk,1,YELLOW
108,0.7107,nordic_walk,nordic_walk,1,YELLOW
108,0.5779,nordic_walk,nordic_walk,1,YELLOW
108,0.3774,nordic_walk,nordic_walk,1,RED
108,0.4804,nordic_walk,nordic_walk,1,YELLOW
108,0.6924,nordic_walk,nordic_walk,1,YELLOW
108,0.7024,nordic_walk,nordic_walk,1,YELLOW
108,0.659,nordic_walk,nordic_walk,1,YELLOW
108,0.5162,nordic_walk,nordic_walk,1,YELLOW
108,0.3694,nordic_walk,nordic_walk,1,RED
108,0.4276,nordic_walk,nordic_walk,1,RED
108,0.4858,nordic_walk,nordic_walk,1,YELLOW
108,0.3414,nordic_walk,nordic_walk,1,RED
108,0.4564,nordic_walk,nordic_walk,1,YELLOW
108,0.5739,nordic_walk,nordic_walk,1,YELLOW
108,0.6794,nordic_walk,nordic_walk,1,YELLOW
108,0.4519,nordic_walk,nordic_walk,1,YELLOW
108,0.4889,nordic_walk,nordic_walk,1,YELLOW
108,0.4417,walking,nordic_walk,0,RED
108,0.4459,nordic_walk,nordic_walk,1,RED
108,0.5091,nordic_walk,nordic_walk,1,YELLOW
108,0.6022,nordic_walk,nordic_walk,1,YELLOW
108,0.7648,nordic_walk,nordic_walk,1,GREEN
108,0.755,nordic_walk,nordic_walk,1,GREEN
108,0.7607,nordic_walk,nordic_walk,1,GREEN
108,0.5396,nordic_walk,nordic_walk,1,YELLOW
108,0.5912,nordic_walk,nordic_walk,1,YELLOW
108,0.4292,nordic_walk,nordic_walk,1,RED
108,0.5389,nordic_walk,nordic_walk,1,YELLOW
108,0.5108,nordic_walk,nordic_walk,1,YELLOW
108,0.4244,walking,nordic_walk,0,RED
108,0.4047,nordic_walk,nordic_walk,1,RED
108,0.4857,nordic_walk,nordic_walk,1,YELLOW
108,0.4925,nordic_walk,nordic_walk,1,YELLOW
108,0.7379,nordic_walk,nordic_walk,1,YELLOW
108,0.8111,nordic_walk,nordic_walk,1,GREEN
108,0.6806,nordic_walk,nordic_walk,1,YELLOW
108,0.7657,nordic_walk,nordic_walk,1,GREEN
108,0.7326,nordic_walk,nordic_walk,1,YELLOW
108,0.7884,nordic_walk,nordic_walk,1,GREEN
108,0.4989,nordic_walk,nordic_walk,1,YELLOW
108,0.7831,nordic_walk,nordic_walk,1,GREEN
108,0.7958,nordic_walk,nordic_walk,1,GREEN
108,0.4542,nordic_walk,nordic_walk,1,YELLOW
108,0.4465,nordic_walk,nordic_walk,1,RED
108,0.455,nordic_walk,nordic_walk,1,YELLOW
108,0.4916,nordic_walk,nordic_walk,1,YELLOW
108,0.529,nordic_walk,nordic_walk,1,YELLOW
108,0.4946,nordic_walk,nordic_walk,1,YELLOW
108,0.8052,nordic_walk,nordic_walk,1,GREEN
108,0.8287,nordic_walk,nordic_walk,1,GREEN
108,0.7331,nordic_walk,nordic_walk,1,YELLOW
108,0.655,nordic_walk,nordic_walk,1,YELLOW
108,0.6783,nordic_walk,nordic_walk,1,YELLOW
108,0.7466,nordic_walk,nordic_walk,1,YELLOW
108,0.4945,nordic_walk,nordic_walk,1,YELLOW
108,0.5488,nordic_walk,nordic_walk,1,YELLOW
108,0.4832,nordic_walk,nordic_walk,1,YELLOW
108,0.4373,nordic_walk,nordic_walk,1,RED
108,0.467,nordic_walk,nordic_walk,1,YELLOW
108,0.5256,nordic_walk,nordic_walk,1,YELLOW
108,0.7586,nordic_walk,nordic_walk,1,GREEN
108,0.7388,nordic_walk,nordic_walk,1,YELLOW
108,0.4941,nordic_walk,nordic_walk,1,YELLOW
108,0.8018,nordic_walk,nordic_walk,1,GREEN
108,0.8585,nordic_walk,nordic_walk,1,GREEN
108,0.6587,nordic_walk,nordic_walk,1,YELLOW
108,0.5321,nordic_walk,nordic_walk,1,YELLOW
108,0.4445,nordic_walk,nordic_walk,1,RED
108,0.5016,nordic_walk,nordic_walk,1,YELLOW
108,0.4432,walking,nordic_walk,0,RED
108,0.5105,nordic_walk,nordic_walk,1,YELLOW
108,0.6249,walking,nordic_walk,0,YELLOW
108,0.7615,nordic_walk,nordic_walk,1,GREEN
108,0.7752,nordic_walk,nordic_walk,1,GREEN
108,0.4295,nordic_walk,nordic_walk,1,RED
108,0.501,nordic_walk,nordic_walk,1,YELLOW
108,0.8084,nordic_walk,nordic_walk,1,GREEN
108,0.8001,nordic_walk,nordic_walk,1,GREEN
108,0.5985,nordic_walk,nordic_walk,1,YELLOW
108,0.5149,nordic_walk,nordic_walk,1,YELLOW
108,0.6651,nordic_walk,nordic_walk,1,YELLOW
108,0.7748,nordic_walk,nordic_walk,1,GREEN
108,0.548,walking,nordic_walk,0,YELLOW
108,0.7568,nordic_walk,nordic_walk,1,GREEN
108,0.7911,nordic_walk,nordic_walk,1,GREEN
108,0.67,nordic_walk,nordic_walk,1,YELLOW
108,0.6819,nordic_walk,nordic_walk,1,YELLOW
108,0.8191,nordic_walk,nordic_walk,1,GREEN
108,0.8298,nordic_walk,nordic_walk,1,GREEN
108,0.4906,nordic_walk,nordic_walk,1,YELLOW
108,0.5,nordic_walk,nordic_walk,1,YELLOW
108,0.7992,nordic_walk,nordic_walk,1,GREEN
108,0.783,nordic_walk,nordic_walk,1,GREEN
108,0.3963,nordic_walk,nordic_walk,1,RED
108,0.4802,nordic_walk,nordic_walk,1,YELLOW
108,0.4414,nordic_walk,nordic_walk,1,RED
108,0.4261,nordic_walk,nordic_walk,1,RED
108,0.4739,nordic_walk,nordic_walk,1,YELLOW
108,0.4603,nordic_walk,nordic_walk,1,YELLOW
108,0.3817,nordic_walk,nordic_walk,1,RED
108,0.6762,walking,nordic_walk,0,YELLOW
108,0.362,walking,nordic_walk,0,RED
108,0.5794,stairs_down,nordic_walk,0,YELLOW
108,0.3143,vacuuming,nordic_walk,0,RED
108,0.3278,stairs_down,nordic_walk,0,RED
108,0.3436,sitting,nordic_walk,0,RED
108,0.4181,sitting,nordic_walk,0,RED
108,0.387,sitting,nordic_walk,0,RED
108,0.2789,stairs_down,nordic_walk,0,RED
108,0.2823,stairs_down,nordic_walk,0,RED
108,0.2448,stairs_down,nordic_walk,0,RED
108,0.258,standing,nordic_walk,0,RED
108,0.4832,standing,nordic_walk,0,YELLOW
108,0.2876,stairs_down,running,0,RED
108,0.3677,walking,running,0,RED
108,0.2714,standing,running,0,RED
108,0.3616,standing,running,0,RED
108,0.286,walking,running,0,RED
108,0.2831,walking,running,0,RED
108,0.2631,walking,running,0,RED
108,0.3235,walking,running,0,RED
108,0.3102,standing,running,0,RED
108,0.3321,standing,running,0,RED
108,0.3352,standing,running,0,RED
108,0.23,vacuuming,running,0,RED
108,0.3426,running,running,1,RED
108,0.5528,walking,running,0,YELLOW
108,0.7991,running,running,1,GREEN
108,0.9152,running,running,1,GREEN
108,0.9047,running,running,1,GREEN
108,0.932,running,running,1,GREEN
108,0.9294,running,running,1,GREEN
108,0.9333,running,running,1,GREEN
108,0.9328,running,running,1,GREEN
108,0.9131,running,running,1,GREEN
108,0.9367,running,running,1,GREEN
108,0.9337,running,running,1,GREEN
108,0.9153,running,running,1,GREEN
108,0.9397,running,running,1,GREEN
108,0.9438,running,running,1,GREEN
108,0.9381,running,running,1,GREEN
108,0.9354,running,running,1,GREEN
108,0.9209,running,running,1,GREEN
108,0.9426,running,running,1,GREEN
108,0.9372,running,running,1,GREEN
108,0.9206,running,running,1,GREEN
108,0.9456,running,running,1,GREEN
108,0.9458,running,running,1,GREEN
108,0.9359,running,running,1,GREEN
108,0.9291,running,running,1,GREEN
108,0.9184,running,running,1,GREEN
108,0.9456,running,running,1,GREEN
108,0.9454,running,running,1,GREEN
108,0.95,running,running,1,GREEN
108,0.9453,running,running,1,GREEN
108,0.9214,running,running,1,GREEN
108,0.9418,running,running,1,GREEN
108,0.9455,running,running,1,GREEN
108,0.9249,running,running,1,GREEN
108,0.9424,running,running,1,GREEN
108,0.9426,running,running,1,GREEN
108,0.942,running,running,1,GREEN
108,0.9406,running,running,1,GREEN
108,0.9181,running,running,1,GREEN
108,0.9367,running,running,1,GREEN
108,0.9361,running,running,1,GREEN
108,0.9197,running,running,1,GREEN
108,0.9429,running,running,1,GREEN
108,0.9428,running,running,1,GREEN
108,0.9243,running,running,1,GREEN
108,0.9429,running,running,1,GREEN
108,0.9444,running,running,1,GREEN
108,0.9477,running,running,1,GREEN
108,0.9391,running,running,1,GREEN
108,0.9258,running,running,1,GREEN
108,0.9491,running,running,1,GREEN
108,0.9423,running,running,1,GREEN
108,0.921,running,running,1,GREEN
108,0.9421,running,running,1,GREEN
108,0.942,running,running,1,GREEN
108,0.9222,running,running,1,GREEN
108,0.9432,running,running,1,GREEN
108,0.9443,running,running,1,GREEN
108,0.9428,running,running,1,GREEN
108,0.9422,running,running,1,GREEN
108,0.9208,running,running,1,GREEN
108,0.9455,running,running,1,GREEN
108,0.9396,running,running,1,GREEN
108,0.9225,running,running,1,GREEN
108,0.9454,running,running,1,GREEN
108,0.9443,running,running,1,GREEN
108,0.947,running,running,1,GREEN
108,0.9449,running,running,1,GREEN
108,0.9225,running,running,1,GREEN
108,0.939,running,running,1,GREEN
108,0.9409,running,running,1,GREEN
108,0.9198,running,running,1,GREEN
108,0.9392,running,running,1,GREEN
108,0.9414,running,running,1,GREEN
108,0.942,running,running,1,GREEN
108,0.9421,running,running,1,GREEN
108,0.9235,running,running,1,GREEN
108,0.9315,running,running,1,GREEN
108,0.9372,running,running,1,GREEN
108,0.9187,running,running,1,GREEN
108,0.944,running,running,1,GREEN
108,0.9401,running,running,1,GREEN
108,0.9439,running,running,1,GREEN
108,0.9397,running,running,1,GREEN
108,0.9198,running,running,1,GREEN
108,0.9424,running,running,1,GREEN
108,0.933,running,running,1,GREEN
108,0.9152,running,running,1,GREEN
108,0.9552,running,running,1,GREEN
108,0.9499,running,running,1,GREEN
108,0.9263,running,running,1,GREEN
108,0.935,running,running,1,GREEN
108,0.9197,running,running,1,GREEN
108,0.9396,running,running,1,GREEN
108,0.9367,running,running,1,GREEN
108,0.9185,running,running,1,GREEN
108,0.9399,running,running,1,GREEN
108,0.9385,running,running,1,GREEN
108,0.9394,running,running,1,GREEN
108,0.9329,running,running,1,GREEN
108,0.9179,running,running,1,GREEN
108,0.9416,running,running,1,GREEN
108,0.933,running,running,1,GREEN
108,0.9181,running,running,1,GREEN
108,0.9408,running,running,1,GREEN
108,0.9425,running,running,1,GREEN
108,0.9238,running,running,1,GREEN
108,0.9424,running,running,1,GREEN
108,0.9438,running,running,1,GREEN
108,0.924,running,running,1,GREEN
108,0.936,running,running,1,GREEN
108,0.9348,running,running,1,GREEN
108,0.9156,running,running,1,GREEN
108,0.9419,running,running,1,GREEN
108,0.9252,running,running,1,GREEN
108,0.922,running,running,1,GREEN
108,0.9365,running,running,1,GREEN
108,0.9346,running,running,1,GREEN
108,0.9114,running,running,1,GREEN
108,0.9396,running,running,1,GREEN
108,0.9344,running,running,1,GREEN
108,0.9214,running,running,1,GREEN
108,0.9409,running,running,1,GREEN
108,0.9384,running,running,1,GREEN
108,0.9196,running,running,1,GREEN
108,0.936,running,running,1,GREEN
108,0.9203,running,running,1,GREEN
108,0.9458,running,running,1,GREEN
108,0.9419,running,running,1,GREEN
108,0.9199,running,running,1,GREEN
108,0.9437,running,running,1,GREEN
108,0.938,running,running,1,GREEN
108,0.9184,running,running,1,GREEN
108,0.9395,running,running,1,GREEN
108,0.9403,running,running,1,GREEN
108,0.9189,running,running,1,GREEN
108,0.94,running,running,1,GREEN
108,0.9355,running,running,1,GREEN
108,0.9146,running,running,1,GREEN
108,0.9309,running,running,1,GREEN
108,0.9358,running,running,1,GREEN
108,0.9432,running,running,1,GREEN
108,0.9371,running,running,1,GREEN
108,0.9206,running,running,1,GREEN
108,0.9443,running,running,1,GREEN
108,0.9388,running,running,1,GREEN
108,0.9233,running,running,1,GREEN
108,0.9478,running,running,1,GREEN
108,0.9387,running,running,1,GREEN
108,0.9194,running,running,1,GREEN
108,0.9426,running,running,1,GREEN
108,0.9352,running,running,1,GREEN
108,0.9093,running,running,1,GREEN
108,0.9356,running,running,1,GREEN
108,0.9365,running,running,1,GREEN
108,0.936,running,running,1,GREEN
108,0.9297,running,running,1,GREEN
108,0.9213,running,running,1,GREEN
108,0.9391,running,running,1,GREEN
108,0.9317,running,running,1,GREEN
108,0.9207,running,running,1,GREEN
108,0.9441,running,running,1,GREEN
108,0.942,running,running,1,GREEN
108,0.9218,running,running,1,GREEN
108,0.938,running,running,1,GREEN
108,0.9453,running,running,1,GREEN
108,0.9483,running,running,1,GREEN
108,0.9405,running,running,1,GREEN
108,0.9247,running,running,1,GREEN
108,0.9439,running,running,1,GREEN
108,0.9379,running,running,1,GREEN
108,0.9154,running,running,1,GREEN
108,0.9434,running,running,1,GREEN
108,0.9439,running,running,1,GREEN
108,0.9394,running,running,1,GREEN
108,0.9491,running,running,1,GREEN
108,0.9216,running,running,1,GREEN
108,0.9399,running,running,1,GREEN
108,0.9422,running,running,1,GREEN
108,0.9181,running,running,1,GREEN
108,0.9419,running,running,1,GREEN
108,0.9445,running,running,1,GREEN
108,0.9225,running,running,1,GREEN
108,0.9441,running,running,1,GREEN
108,0.923,running,running,1,GREEN
108,0.9368,running,running,1,GREEN
108,0.9376,running,running,1,GREEN
108,0.9244,running,running,1,GREEN
108,0.9445,running,running,1,GREEN
108,0.9437,running,running,1,GREEN
108,0.9204,running,running,1,GREEN
108,0.9433,running,running,1,GREEN
108,0.9442,running,running,1,GREEN
108,0.9204,running,running,1,GREEN
108,0.9393,running,running,1,GREEN
108,0.9419,running,running,1,GREEN
108,0.9482,running,running,1,GREEN
108,0.943,running,running,1,GREEN
108,0.926,running,running,1,GREEN
108,0.9399,running,running,1,GREEN
108,0.9436,running,running,1,GREEN
108,0.9235,running,running,1,GREEN
108,0.9463,running,running,1,GREEN
108,0.9378,running,running,1,GREEN
108,0.9193,running,running,1,GREEN
108,0.946,running,running,1,GREEN
108,0.9461,running,running,1,GREEN
108,0.9416,running,running,1,GREEN
108,0.9402,running,running,1,GREEN
108,0.9268,running,running,1,GREEN
108,0.9515,running,running,1,GREEN
108,0.9479,running,running,1,GREEN
108,0.925,running,running,1,GREEN
108,0.9419,running,running,1,GREEN
108,0.9405,running,running,1,GREEN
108,0.9197,running,running,1,GREEN
108,0.9467,running,running,1,GREEN
108,0.9447,running,running,1,GREEN
108,0.9204,running,running,1,GREEN
108,0.9429,running,running,1,GREEN
108,0.9432,running,running,1,GREEN
108,0.9224,running,running,1,GREEN
108,0.9434,running,running,1,GREEN
108,0.9439,running,running,1,GREEN
108,0.9209,running,running,1,GREEN
108,0.9395,running,running,1,GREEN
108,0.922,running,running,1,GREEN
108,0.9365,running,running,1,GREEN
108,0.9376,running,running,1,GREEN
108,0.9209,running,running,1,GREEN
108,0.9386,running,running,1,GREEN
108,0.9353,running,running,1,GREEN
108,0.9129,running,running,1,GREEN
108,0.9425,running,running,1,GREEN
108,0.9379,running,running,1,GREEN
108,0.9142,running,running,1,GREEN
108,0.939,running,running,1,GREEN
108,0.9395,running,running,1,GREEN
108,0.9375,running,running,1,GREEN
108,0.936,running,running,1,GREEN
108,0.916,running,running,1,GREEN
108,0.9448,running,running,1,GREEN
108,0.9407,running,running,1,GREEN
108,0.9458,running,running,1,GREEN
108,0.946,running,running,1,GREEN
108,0.9384,running,running,1,GREEN
108,0.9353,running,running,1,GREEN
108,0.9443,running,running,1,GREEN
108,0.9424,running,running,1,GREEN
108,0.9207,running,running,1,GREEN
108,0.9346,running,running,1,GREEN
108,0.943,running,running,1,GREEN
108,0.9217,running,running,1,GREEN
108,0.9497,running,running,1,GREEN
108,0.943,running,running,1,GREEN
108,0.9203,running,running,1,GREEN
108,0.9444,running,running,1,GREEN
108,0.939,running,running,1,GREEN
108,0.9179,running,running,1,GREEN
108,0.9447,running,running,1,GREEN
108,0.9405,running,running,1,GREEN
108,0.9229,running,running,1,GREEN
108,0.9445,running,running,1,GREEN
108,0.9401,running,running,1,GREEN
108,0.9175,running,running,1,GREEN
108,0.9417,running,running,1,GREEN
108,0.9479,running,running,1,GREEN
108,0.919,running,running,1,GREEN
108,0.9394,running,running,1,GREEN
108,0.9328,running,running,1,GREEN
108,0.9226,running,running,1,GREEN
108,0.9468,running,running,1,GREEN
108,0.9432,running,running,1,GREEN
108,0.9216,running,running,1,GREEN
108,0.944,running,running,1,GREEN
108,0.9429,running,running,1,GREEN
108,0.9268,running,running,1,GREEN
108,0.9427,running,running,1,GREEN
108,0.944,running,running,1,GREEN
108,0.913,running,running,1,GREEN
108,0.9461,running,running,1,GREEN
108,0.9443,running,running,1,GREEN
108,0.9157,running,running,1,GREEN
108,0.9415,running,running,1,GREEN
108,0.9401,running,running,1,GREEN
108,0.9209,running,running,1,GREEN
108,0.9402,running,running,1,GREEN
108,0.9344,running,running,1,GREEN
108,0.8507,running,running,1,GREEN
108,0.5466,walking,running,0,YELLOW
108,0.9027,walking,running,0,GREEN
108,0.8768,walking,running,0,GREEN
108,0.7867,walking,running,0,GREEN
108,0.5491,walking,running,0,YELLOW
108,0.6266,walking,running,0,YELLOW
108,0.3877,stairs_down,running,0,RED
108,0.4543,standing,running,0,YELLOW
108,0.3913,standing,running,0,RED
108,0.3495,vacuuming,running,0,RED
108,0.3507,vacuuming,running,0,RED
108,0.3622,stairs_down,running,0,RED
108,0.3574,stairs_down,running,0,RED
108,0.2633,stairs_down,running,0,RED
108,0.2214,standing,running,0,RED
108,0.3202,sitting,running,0,RED
108,0.2569,standing,running,0,RED
108,0.2627,stairs_down,running,0,RED
108,0.3425,stairs_down,running,0,RED
108,0.3729,stairs_down,running,0,RED
108,0.3465,stairs_down,running,0,RED
108,0.3321,stairs_down,running,0,RED
