true_activity,pred_activity,confidence,is_correct,reliability,traffic_light
lying,standing,0.329,0,0.0,RED
lying,standing,0.457,0,0.0,YELLOW
lying,standing,0.366,0,0.0,RED
lying,lying,0.381,1,0.381,RED
lying,lying,0.311,1,0.311,RED
lying,lying,0.274,1,0.274,RED
lying,lying,0.27,1,0.27,RED
lying,lying,0.399,1,0.399,RED
lying,lying,0.356,1,0.356,RED
lying,lying,0.302,1,0.302,RED
lying,lying,0.469,1,0.469,YELLOW
lying,lying,0.532,1,0.532,YELLOW
lying,lying,0.668,1,0.668,YELLOW
lying,lying,0.537,1,0.537,YELLOW
lying,lying,0.482,1,0.482,YELLOW
lying,lying,0.671,1,0.671,YELLOW
lying,lying,0.638,1,0.638,YELLOW
lying,lying,0.74,1,0.74,YELLOW
lying,lying,0.758,1,0.758,GREEN
lying,lying,0.763,1,0.763,GREEN
lying,lying,0.836,1,0.836,GREEN
lying,lying,0.99,1,0.99,GREEN
lying,lying,0.986,1,0.986,GREEN
lying,lying,0.988,1,0.988,GREEN
lying,lying,0.987,1,0.987,GREEN
lying,lying,0.982,1,0.982,GREEN
lying,lying,0.863,1,0.863,GREEN
lying,lying,0.884,1,0.884,GREEN
lying,lying,0.986,1,0.986,GREEN
lying,lying,0.989,1,0.989,GREEN
lying,lying,0.983,1,0.983,GREEN
lying,lying,0.927,1,0.927,GREEN
lying,lying,0.942,1,0.942,GREEN
lying,lying,0.998,1,0.998,GREEN
lying,lying,1.0,1,1.0,GREEN
lying,lying,0.996,1,0.996,GREEN
lying,lying,0.993,1,0.993,GREEN
lying,lying,0.998,1,0.998,GREEN
lying,lying,0.999,1,0.999,GREEN
lying,lying,0.999,1,0.999,GREEN
lying,lying,0.998,1,0.998,GREEN
lying,lying,0.998,1,0.998,GREEN
lying,lying,0.998,1,0.998,GREEN
lying,lying,0.999,1,0.999,GREEN
lying,lying,0.996,1,0.996,GREEN
lying,lying,0.992,1,0.992,GREEN
lying,lying,0.997,1,0.997,GREEN
lying,lying,0.992,1,0.992,GREEN
lying,lying,0.992,1,0.992,GREEN
lying,lying,0.994,1,0.994,GREEN
lying,lying,0.998,1,0.998,GREEN
lying,lying,0.999,1,0.999,GREEN
lying,lying,0.999,1,0.999,GREEN
lying,lying,0.999,1,0.999,GREEN
lying,lying,0.999,1,0.999,GREEN
lying,lying,0.993,1,0.993,GREEN
lying,lying,0.999,1,0.999,GREEN
lying,lying,0.993,1,0.993,GREEN
lying,lying,0.997,1,0.997,GREEN
lying,lying,0.993,1,0.993,GREEN
lying,lying,0.993,1,0.993,GREEN
lying,lying,0.999,1,0.999,GREEN
lying,lying,0.999,1,0.999,GREEN
lying,lying,0.999,1,0.999,GREEN
lying,lying,0.999,1,0.999,GREEN
lying,lying,0.999,1,0.999,GREEN
lying,lying,0.999,1,0.999,GREEN
lying,lying,0.999,1,0.999,GREEN
lying,lying,0.999,1,0.999,GREEN
lying,lying,0.999,1,0.999,GREEN
lying,lying,0.999,1,0.999,GREEN
lying,lying,0.999,1,0.999,GREEN
lying,lying,0.999,1,0.999,GREEN
lying,lying,0.998,1,0.998,GREEN
lying,lying,0.998,1,0.998,GREEN
lying,lying,0.999,1,0.999,GREEN
lying,lying,0.999,1,0.999,GREEN
lying,lying,0.999,1,0.999,GREEN
lying,lying,0.999,1,0.999,GREEN
lying,lying,0.993,1,0.993,GREEN
lying,lying,0.999,1,0.999,GREEN
lying,lying,0.999,1,0.999,GREEN
lying,lying,0.999,1,0.999,GREEN
lying,lying,0.999,1,0.999,GREEN
lying,lying,0.999,1,0.999,GREEN
lying,lying,0.999,1,0.999,GREEN
lying,lying,0.999,1,0.999,GREEN
lying,lying,0.999,1,0.999,GREEN
lying,lying,0.993,1,0.993,GREEN
lying,lying,0.999,1,0.999,GREEN
lying,lying,0.998,1,0.998,GREEN
lying,lying,0.998,1,0.998,GREEN
lying,lying,0.999,1,0.999,GREEN
lying,lying,0.999,1,0.999,GREEN
lying,lying,0.999,1,0.999,GREEN
lying,lying,0.999,1,0.999,GREEN
lying,lying,0.999,1,0.999,GREEN
lying,lying,0.999,1,0.999,GREEN
lying,lying,0.999,1,0.999,GREEN
lying,lying,0.999,1,0.999,GREEN
lying,lying,0.999,1,0.999,GREEN
lying,lying,0.999,1,0.999,GREEN
lying,lying,0.999,1,0.999,GREEN
lying,lying,0.999,1,0.999,GREEN
lying,lying,0.999,1,0.999,GREEN
lying,lying,0.999,1,0.999,GREEN
lying,lying,0.999,1,0.999,GREEN
lying,lying,0.999,1,0.999,GREEN
lying,lying,0.999,1,0.999,GREEN
lying,lying,0.999,1,0.999,GREEN
lying,lying,0.999,1,0.999,GREEN
lying,lying,0.999,1,0.999,GREEN
lying,lying,0.998,1,0.998,GREEN
lying,lying,0.998,1,0.998,GREEN
lying,lying,0.999,1,0.999,GREEN
lying,lying,0.993,1,0.993,GREEN
lying,lying,0.999,1,0.999,GREEN
lying,lying,0.999,1,0.999,GREEN
lying,lying,0.999,1,0.999,GREEN
lying,lying,0.999,1,0.999,GREEN
lying,lying,0.998,1,0.998,GREEN
lying,lying,0.994,1,0.994,GREEN
lying,lying,0.995,1,0.995,GREEN
lying,lying,0.999,1,0.999,GREEN
lying,lying,0.998,1,0.998,GREEN
lying,lying,0.993,1,0.993,GREEN
lying,lying,0.998,1,0.998,GREEN
lying,lying,0.998,1,0.998,GREEN
lying,lying,0.995,1,0.995,GREEN
lying,lying,0.998,1,0.998,GREEN
lying,lying,0.998,1,0.998,GREEN
lying,lying,0.999,1,0.999,GREEN
lying,lying,0.999,1,0.999,GREEN
lying,lying,0.999,1,0.999,GREEN
lying,lying,0.999,1,0.999,GREEN
lying,lying,0.999,1,0.999,GREEN
lying,lying,0.998,1,0.998,GREEN
lying,lying,0.998,1,0.998,GREEN
lying,lying,0.998,1,0.998,GREEN
lying,lying,0.999,1,0.999,GREEN
lying,lying,0.999,1,0.999,GREEN
lying,lying,0.999,1,0.999,GREEN
lying,lying,0.999,1,0.999,GREEN
lying,lying,0.999,1,0.999,GREEN
lying,lying,0.998,1,0.998,GREEN
lying,lying,0.998,1,0.998,GREEN
lying,lying,0.993,1,0.993,GREEN
lying,lying,0.999,1,0.999,GREEN
lying,lying,0.999,1,0.999,GREEN
lying,lying,0.999,1,0.999,GREEN
lying,lying,0.998,1,0.998,GREEN
lying,lying,0.998,1,0.998,GREEN
lying,lying,0.998,1,0.998,GREEN
lying,lying,0.998,1,0.998,GREEN
lying,lying,0.998,1,0.998,GREEN
lying,lying,0.998,1,0.998,GREEN
lying,lying,0.998,1,0.998,GREEN
lying,lying,0.998,1,0.998,GREEN
lying,lying,0.998,1,0.998,GREEN
lying,lying,0.998,1,0.998,GREEN
lying,lying,0.998,1,0.998,GREEN
lying,lying,0.998,1,0.998,GREEN
lying,lying,0.998,1,0.998,GREEN
lying,lying,0.998,1,0.998,GREEN
lying,lying,0.998,1,0.998,GREEN
lying,lying,0.998,1,0.998,GREEN
lying,lying,0.998,1,0.998,GREEN
lying,lying,0.998,1,0.998,GREEN
lying,lying,0.999,1,0.999,GREEN
lying,lying,0.999,1,0.999,GREEN
lying,lying,0.999,1,0.999,GREEN
lying,lying,0.999,1,0.999,GREEN
lying,lying,0.999,1,0.999,GREEN
lying,lying,0.999,1,0.999,GREEN
lying,lying,0.999,1,0.999,GREEN
lying,lying,0.999,1,0.999,GREEN
lying,lying,0.999,1,0.999,GREEN
lying,lying,0.999,1,0.999,GREEN
lying,lying,0.999,1,0.999,GREEN
lying,lying,0.999,1,0.999,GREEN
lying,lying,0.998,1,0.998,GREEN
lying,lying,0.998,1,0.998,GREEN
lying,lying,0.998,1,0.998,GREEN
lying,lying,0.998,1,0.998,GREEN
lying,lying,0.999,1,0.999,GREEN
lying,lying,0.997,1,0.997,GREEN
lying,lying,0.999,1,0.999,GREEN
lying,lying,0.999,1,0.999,GREEN
lying,lying,0.998,1,0.998,GREEN
lying,lying,0.998,1,0.998,GREEN
lying,lying,0.998,1,0.998,GREEN
lying,lying,0.999,1,0.999,GREEN
lying,lying,0.999,1,0.999,GREEN
lying,lying,0.999,1,0.999,GREEN
lying,lying,0.999,1,0.999,GREEN
lying,lying,0.998,1,0.998,GREEN
lying,lying,0.998,1,0.998,GREEN
lying,lying,0.998,1,0.998,GREEN
lying,lying,0.998,1,0.998,GREEN
lying,lying,0.999,1,0.999,GREEN
lying,lying,0.998,1,0.998,GREEN
lying,lying,0.998,1,0.998,GREEN
lying,lying,0.998,1,0.998,GREEN
lying,lying,0.998,1,0.998,GREEN
lying,lying,0.999,1,0.999,GREEN
lying,lying,0.998,1,0.998,GREEN
lying,lying,0.998,1,0.998,GREEN
lying,lying,0.998,1,0.998,GREEN
lying,lying,0.998,1,0.998,GREEN
lying,lying,0.998,1,0.998,GREEN
lying,lying,0.998,1,0.998,GREEN
lying,lying,0.999,1,0.999,GREEN
lying,lying,0.999,1,0.999,GREEN
lying,lying,0.999,1,0.999,GREEN
lying,lying,0.999,1,0.999,GREEN
lying,lying,0.998,1,0.998,GREEN
lying,lying,0.998,1,0.998,GREEN
lying,lying,0.999,1,0.999,GREEN
lying,lying,0.999,1,0.999,GREEN
lying,lying,0.999,1,0.999,GREEN
lying,lying,0.999,1,0.999,GREEN
lying,lying,0.999,1,0.999,GREEN
lying,lying,0.999,1,0.999,GREEN
lying,lying,0.999,1,0.999,GREEN
lying,lying,0.999,1,0.999,GREEN
lying,lying,0.999,1,0.999,GREEN
lying,lying,0.999,1,0.999,GREEN
lying,lying,0.998,1,0.998,GREEN
lying,lying,0.998,1,0.998,GREEN
lying,lying,0.998,1,0.998,GREEN
lying,lying,0.998,1,0.998,GREEN
lying,lying,0.999,1,0.999,GREEN
lying,lying,0.993,1,0.993,GREEN
lying,lying,0.998,1,0.998,GREEN
lying,lying,0.998,1,0.998,GREEN
lying,lying,0.998,1,0.998,GREEN
lying,lying,0.999,1,0.999,GREEN
lying,lying,0.999,1,0.999,GREEN
lying,lying,0.999,1,0.999,GREEN
lying,lying,0.999,1,0.999,GREEN
lying,lying,0.998,1,0.998,GREEN
lying,lying,0.998,1,0.998,GREEN
lying,lying,0.999,1,0.999,GREEN
lying,lying,0.998,1,0.998,GREEN
lying,lying,0.998,1,0.998,GREEN
lying,lying,0.999,1,0.999,GREEN
lying,lying,0.998,1,0.998,GREEN
lying,lying,0.998,1,0.998,GREEN
lying,lying,0.999,1,0.999,GREEN
lying,lying,0.998,1,0.998,GREEN
lying,lying,0.998,1,0.998,GREEN
lying,lying,0.999,1,0.999,GREEN
lying,lying,0.999,1,0.999,GREEN
lying,lying,0.998,1,0.998,GREEN
lying,lying,0.998,1,0.998,GREEN
lying,lying,0.999,1,0.999,GREEN
lying,lying,0.999,1,0.999,GREEN
lying,lying,0.999,1,0.999,GREEN
lying,lying,0.999,1,0.999,GREEN
lying,lying,0.999,1,0.999,GREEN
lying,lying,0.999,1,0.999,GREEN
lying,lying,0.999,1,0.999,GREEN
lying,lying,0.998,1,0.998,GREEN
lying,lying,0.998,1,0.998,GREEN
lying,lying,0.998,1,0.998,GREEN
lying,lying,0.998,1,0.998,GREEN
lying,lying,0.999,1,0.999,GREEN
lying,lying,0.999,1,0.999,GREEN
lying,lying,0.999,1,0.999,GREEN
lying,lying,0.999,1,0.999,GREEN
lying,lying,0.999,1,0.999,GREEN
lying,lying,0.998,1,0.998,GREEN
lying,lying,0.998,1,0.998,GREEN
lying,lying,0.999,1,0.999,GREEN
lying,lying,0.999,1,0.999,GREEN
lying,lying,0.999,1,0.999,GREEN
lying,lying,0.999,1,0.999,GREEN
lying,lying,0.998,1,0.998,GREEN
lying,lying,0.998,1,0.998,GREEN
lying,lying,0.998,1,0.998,GREEN
lying,lying,0.998,1,0.998,GREEN
lying,lying,0.998,1,0.998,GREEN
lying,lying,0.998,1,0.998,GREEN
lying,lying,0.998,1,0.998,GREEN
lying,lying,0.998,1,0.998,GREEN
lying,lying,0.998,1,0.998,GREEN
lying,lying,0.999,1,0.999,GREEN
lying,lying,0.998,1,0.998,GREEN
lying,lying,0.998,1,0.998,GREEN
lying,lying,0.998,1,0.998,GREEN
lying,lying,0.998,1,0.998,GREEN
lying,lying,0.998,1,0.998,GREEN
lying,lying,0.998,1,0.998,GREEN
lying,lying,0.998,1,0.998,GREEN
lying,lying,0.998,1,0.998,GREEN
lying,lying,0.999,1,0.999,GREEN
lying,lying,0.993,1,0.993,GREEN
lying,lying,0.998,1,0.998,GREEN
lying,lying,0.998,1,0.998,GREEN
lying,lying,0.999,1,0.999,GREEN
lying,lying,0.999,1,0.999,GREEN
lying,lying,0.999,1,0.999,GREEN
lying,lying,0.999,1,0.999,GREEN
lying,lying,0.991,1,0.991,GREEN
lying,lying,0.998,1,0.998,GREEN
lying,lying,0.998,1,0.998,GREEN
lying,lying,0.999,1,0.999,GREEN
lying,lying,0.999,1,0.999,GREEN
lying,lying,0.998,1,0.998,GREEN
lying,lying,0.998,1,0.998,GREEN
lying,lying,0.999,1,0.999,GREEN
lying,lying,0.998,1,0.998,GREEN
lying,lying,0.998,1,0.998,GREEN
lying,lying,0.998,1,0.998,GREEN
lying,lying,0.998,1,0.998,GREEN
lying,lying,0.998,1,0.998,GREEN
lying,lying,0.998,1,0.998,GREEN
lying,lying,0.998,1,0.998,GREEN
lying,lying,0.998,1,0.998,GREEN
lying,lying,0.998,1,0.998,GREEN
lying,lying,0.998,1,0.998,GREEN
lying,lying,0.998,1,0.998,GREEN
lying,lying,0.998,1,0.998,GREEN
lying,lying,0.999,1,0.999,GREEN
lying,lying,0.999,1,0.999,GREEN
lying,lying,0.999,1,0.999,GREEN
lying,lying,0.999,1,0.999,GREEN
lying,lying,0.998,1,0.998,GREEN
lying,lying,0.998,1,0.998,GREEN
lying,lying,0.998,1,0.998,GREEN
lying,lying,0.998,1,0.998,GREEN
lying,lying,0.999,1,0.999,GREEN
lying,lying,0.999,1,0.999,GREEN
lying,lying,0.999,1,0.999,GREEN
lying,lying,0.998,1,0.998,GREEN
lying,lying,0.998,1,0.998,GREEN
lying,lying,0.999,1,0.999,GREEN
lying,lying,0.999,1,0.999,GREEN
lying,lying,0.998,1,0.998,GREEN
lying,lying,0.998,1,0.998,GREEN
lying,lying,0.998,1,0.998,GREEN
lying,lying,0.999,1,0.999,GREEN
lying,lying,0.999,1,0.999,GREEN
lying,lying,0.993,1,0.993,GREEN
lying,lying,0.993,1,0.993,GREEN
lying,lying,0.999,1,0.999,GREEN
lying,lying,0.999,1,0.999,GREEN
lying,lying,0.999,1,0.999,GREEN
lying,lying,0.999,1,0.999,GREEN
lying,lying,0.998,1,0.998,GREEN
lying,lying,0.998,1,0.998,GREEN
lying,lying,0.999,1,0.999,GREEN
lying,lying,0.999,1,0.999,GREEN
lying,lying,0.999,1,0.999,GREEN
lying,lying,0.999,1,0.999,GREEN
lying,lying,0.999,1,0.999,GREEN
lying,lying,0.999,1,0.999,GREEN
lying,lying,0.999,1,0.999,GREEN
lying,lying,0.998,1,0.998,GREEN
lying,lying,0.998,1,0.998,GREEN
lying,lying,0.998,1,0.998,GREEN
lying,lying,0.998,1,0.998,GREEN
lying,lying,0.999,1,0.999,GREEN
lying,lying,0.999,1,0.999,GREEN
lying,lying,0.999,1,0.999,GREEN
lying,lying,0.999,1,0.999,GREEN
lying,lying,0.998,1,0.998,GREEN
lying,lying,0.998,1,0.998,GREEN
lying,lying,0.993,1,0.993,GREEN
lying,lying,0.993,1,0.993,GREEN
lying,lying,0.999,1,0.999,GREEN
lying,lying,0.999,1,0.999,GREEN
lying,lying,0.998,1,0.998,GREEN
lying,lying,0.998,1,0.998,GREEN
lying,lying,0.998,1,0.998,GREEN
lying,lying,0.999,1,0.999,GREEN
lying,lying,0.999,1,0.999,GREEN
lying,lying,0.999,1,0.999,GREEN
lying,lying,0.999,1,0.999,GREEN
lying,lying,0.999,1,0.999,GREEN
lying,lying,0.998,1,0.998,GREEN
lying,lying,0.998,1,0.998,GREEN
lying,lying,0.993,1,0.993,GREEN
lying,lying,0.998,1,0.998,GREEN
lying,lying,0.998,1,0.998,GREEN
lying,lying,0.999,1,0.999,GREEN
lying,lying,0.999,1,0.999,GREEN
lying,lying,0.999,1,0.999,GREEN
lying,lying,0.999,1,0.999,GREEN
lying,lying,0.998,1,0.998,GREEN
lying,lying,0.998,1,0.998,GREEN
lying,lying,0.998,1,0.998,GREEN
lying,lying,0.999,1,0.999,GREEN
lying,lying,0.999,1,0.999,GREEN
lying,lying,0.997,1,0.997,GREEN
lying,lying,0.999,1,0.999,GREEN
lying,lying,0.999,1,0.999,GREEN
lying,lying,0.998,1,0.998,GREEN
lying,lying,0.999,1,0.999,GREEN
lying,lying,0.999,1,0.999,GREEN
lying,lying,0.999,1,0.999,GREEN
lying,lying,0.999,1,0.999,GREEN
lying,lying,0.999,1,0.999,GREEN
lying,lying,0.999,1,0.999,GREEN
lying,lying,0.999,1,0.999,GREEN
lying,lying,0.999,1,0.999,GREEN
lying,lying,0.998,1,0.998,GREEN
lying,lying,0.998,1,0.998,GREEN
lying,lying,0.999,1,0.999,GREEN
lying,lying,0.998,1,0.998,GREEN
lying,lying,0.998,1,0.998,GREEN
lying,lying,0.998,1,0.998,GREEN
lying,lying,0.998,1,0.998,GREEN
lying,lying,0.999,1,0.999,GREEN
lying,lying,0.998,1,0.998,GREEN
lying,lying,0.998,1,0.998,GREEN
lying,lying,0.999,1,0.999,GREEN
lying,lying,0.993,1,0.993,GREEN
lying,lying,0.999,1,0.999,GREEN
lying,lying,0.998,1,0.998,GREEN
lying,lying,0.998,1,0.998,GREEN
lying,lying,0.999,1,0.999,GREEN
lying,lying,0.999,1,0.999,GREEN
lying,lying,0.999,1,0.999,GREEN
lying,lying,0.999,1,0.999,GREEN
lying,lying,0.999,1,0.999,GREEN
lying,lying,0.999,1,0.999,GREEN
lying,lying,0.999,1,0.999,GREEN
lying,lying,0.999,1,0.999,GREEN
lying,lying,0.999,1,0.999,GREEN
lying,lying,0.999,1,0.999,GREEN
lying,lying,0.999,1,0.999,GREEN
lying,lying,0.999,1,0.999,GREEN
lying,lying,0.999,1,0.999,GREEN
lying,lying,0.999,1,0.999,GREEN
lying,lying,0.999,1,0.999,GREEN
lying,lying,0.998,1,0.998,GREEN
lying,lying,0.998,1,0.998,GREEN
lying,lying,0.999,1,0.999,GREEN
lying,lying,0.999,1,0.999,GREEN
lying,lying,0.997,1,0.997,GREEN
lying,lying,0.996,1,0.996,GREEN
lying,lying,0.995,1,0.995,GREEN
lying,lying,0.999,1,0.999,GREEN
lying,lying,0.999,1,0.999,GREEN
lying,lying,0.997,1,0.997,GREEN
lying,lying,0.988,1,0.988,GREEN
lying,lying,0.92,1,0.92,GREEN
lying,lying,0.853,1,0.853,GREEN
lying,lying,0.791,1,0.791,GREEN
lying,lying,0.806,1,0.806,GREEN
lying,lying,0.631,1,0.631,YELLOW
lying,lying,0.577,1,0.577,YELLOW
lying,lying,0.483,1,0.483,YELLOW
lying,lying,0.615,1,0.615,YELLOW
lying,lying,0.755,1,0.755,GREEN
lying,lying,0.327,1,0.327,RED
lying,lying,0.473,1,0.473,YELLOW
lying,lying,0.44,1,0.44,RED
lying,lying,0.328,1,0.328,RED
lying,lying,0.338,1,0.338,RED
lying,lying,0.659,1,0.659,YELLOW
lying,lying,0.636,1,0.636,YELLOW
lying,lying,0.654,1,0.654,YELLOW
lying,lying,0.614,1,0.614,YELLOW
sitting,lying,0.445,0,0.0,RED
sitting,vacuuming,0.408,0,0.0,RED
sitting,vacuuming,0.342,0,0.0,RED
sitting,vacuuming,0.397,0,0.0,RED
sitting,vacuuming,0.435,0,0.0,RED
sitting,vacuuming,0.301,0,0.0,RED
sitting,vacuuming,0.368,0,0.0,RED
sitting,vacuuming,0.408,0,0.0,RED
sitting,vacuuming,0.256,0,0.0,RED
sitting,sitting,0.362,1,0.362,RED
sitting,sitting,0.521,1,0.521,YELLOW
sitting,sitting,0.621,1,0.621,YELLOW
sitting,sitting,0.271,1,0.271,RED
sitting,sitting,0.367,1,0.367,RED
sitting,sitting,0.571,1,0.571,YELLOW
sitting,sitting,0.604,1,0.604,YELLOW
sitting,sitting,0.811,1,0.811,GREEN
sitting,sitting,0.469,1,0.469,YELLOW
sitting,sitting,0.438,1,0.438,RED
sitting,sitting,0.612,1,0.612,YELLOW
sitting,sitting,0.716,1,0.716,YELLOW
sitting,sitting,0.894,1,0.894,GREEN
sitting,sitting,0.952,1,0.952,GREEN
sitting,sitting,0.949,1,0.949,GREEN
sitting,sitting,0.957,1,0.957,GREEN
sitting,sitting,0.957,1,0.957,GREEN
sitting,sitting,0.949,1,0.949,GREEN
sitting,sitting,0.942,1,0.942,GREEN
sitting,sitting,0.927,1,0.927,GREEN
sitting,sitting,0.938,1,0.938,GREEN
sitting,sitting,0.949,1,0.949,GREEN
sitting,sitting,0.927,1,0.927,GREEN
sitting,sitting,0.971,1,0.971,GREEN
sitting,sitting,0.977,1,0.977,GREEN
sitting,sitting,0.976,1,0.976,GREEN
sitting,sitting,0.974,1,0.974,GREEN
sitting,sitting,0.938,1,0.938,GREEN
sitting,sitting,0.972,1,0.972,GREEN
sitting,sitting,0.979,1,0.979,GREEN
sitting,sitting,0.98,1,0.98,GREEN
sitting,sitting,0.98,1,0.98,GREEN
sitting,sitting,0.981,1,0.981,GREEN
sitting,sitting,0.979,1,0.979,GREEN
sitting,sitting,0.982,1,0.982,GREEN
sitting,sitting,0.949,1,0.949,GREEN
sitting,sitting,0.946,1,0.946,GREEN
sitting,sitting,0.981,1,0.981,GREEN
sitting,sitting,0.983,1,0.983,GREEN
sitting,sitting,0.98,1,0.98,GREEN
sitting,sitting,0.979,1,0.979,GREEN
sitting,sitting,0.98,1,0.98,GREEN
sitting,sitting,0.978,1,0.978,GREEN
sitting,sitting,0.975,1,0.975,GREEN
sitting,sitting,0.974,1,0.974,GREEN
sitting,sitting,0.973,1,0.973,GREEN
sitting,sitting,0.972,1,0.972,GREEN
sitting,sitting,0.972,1,0.972,GREEN
sitting,sitting,0.974,1,0.974,GREEN
sitting,sitting,0.978,1,0.978,GREEN
sitting,sitting,0.979,1,0.979,GREEN
sitting,sitting,0.976,1,0.976,GREEN
sitting,sitting,0.977,1,0.977,GREEN
sitting,sitting,0.977,1,0.977,GREEN
sitting,sitting,0.944,1,0.944,GREEN
sitting,sitting,0.978,1,0.978,GREEN
sitting,sitting,0.979,1,0.979,GREEN
sitting,sitting,0.951,1,0.951,GREEN
sitting,sitting,0.864,1,0.864,GREEN
sitting,sitting,0.684,1,0.684,YELLOW
sitting,sitting,0.719,1,0.719,YELLOW
sitting,sitting,0.884,1,0.884,GREEN
sitting,sitting,0.971,1,0.971,GREEN
sitting,sitting,0.964,1,0.964,GREEN
sitting,sitting,0.913,1,0.913,GREEN
sitting,sitting,0.893,1,0.893,GREEN
sitting,sitting,0.897,1,0.897,GREEN
sitting,sitting,0.89,1,0.89,GREEN
sitting,sitting,0.907,1,0.907,GREEN
sitting,sitting,0.961,1,0.961,GREEN
sitting,sitting,0.977,1,0.977,GREEN
sitting,sitting,0.977,1,0.977,GREEN
sitting,sitting,0.979,1,0.979,GREEN
sitting,sitting,0.981,1,0.981,GREEN
sitting,sitting,0.979,1,0.979,GREEN
sitting,sitting,0.976,1,0.976,GREEN
sitting,sitting,0.973,1,0.973,GREEN
sitting,sitting,0.978,1,0.978,GREEN
sitting,sitting,0.974,1,0.974,GREEN
sitting,sitting,0.976,1,0.976,GREEN
sitting,sitting,0.981,1,0.981,GREEN
sitting,sitting,0.973,1,0.973,GREEN
sitting,sitting,0.968,1,0.968,GREEN
sitting,sitting,0.955,1,0.955,GREEN
sitting,sitting,0.964,1,0.964,GREEN
sitting,sitting,0.96,1,0.96,GREEN
sitting,sitting,0.965,1,0.965,GREEN
sitting,sitting,0.966,1,0.966,GREEN
sitting,sitting,0.964,1,0.964,GREEN
sitting,sitting,0.964,1,0.964,GREEN
sitting,sitting,0.96,1,0.96,GREEN
sitting,sitting,0.956,1,0.956,GREEN
sitting,sitting,0.955,1,0.955,GREEN
sitting,sitting,0.966,1,0.966,GREEN
sitting,sitting,0.965,1,0.965,GREEN
sitting,sitting,0.967,1,0.967,GREEN
sitting,sitting,0.967,1,0.967,GREEN
sitting,sitting,0.967,1,0.967,GREEN
sitting,sitting,0.965,1,0.965,GREEN
sitting,sitting,0.97,1,0.97,GREEN
sitting,sitting,0.969,1,0.969,GREEN
sitting,sitting,0.971,1,0.971,GREEN
sitting,sitting,0.97,1,0.97,GREEN
sitting,sitting,0.963,1,0.963,GREEN
sitting,sitting,0.962,1,0.962,GREEN
sitting,sitting,0.966,1,0.966,GREEN
sitting,sitting,0.969,1,0.969,GREEN
sitting,sitting,0.972,1,0.972,GREEN
sitting,sitting,0.97,1,0.97,GREEN
sitting,sitting,0.972,1,0.972,GREEN
sitting,sitting,0.967,1,0.967,GREEN
sitting,sitting,0.968,1,0.968,GREEN
sitting,sitting,0.961,1,0.961,GREEN
sitting,sitting,0.966,1,0.966,GREEN
sitting,sitting,0.966,1,0.966,GREEN
sitting,sitting,0.969,1,0.969,GREEN
sitting,sitting,0.97,1,0.97,GREEN
sitting,sitting,0.969,1,0.969,GREEN
sitting,sitting,0.973,1,0.973,GREEN
sitting,sitting,0.973,1,0.973,GREEN
sitting,sitting,0.961,1,0.961,GREEN
sitting,sitting,0.965,1,0.965,GREEN
sitting,sitting,0.972,1,0.972,GREEN
sitting,sitting,0.941,1,0.941,GREEN
sitting,sitting,0.971,1,0.971,GREEN
sitting,sitting,0.964,1,0.964,GREEN
sitting,sitting,0.95,1,0.95,GREEN
sitting,sitting,0.936,1,0.936,GREEN
sitting,sitting,0.922,1,0.922,GREEN
sitting,sitting,0.94,1,0.94,GREEN
sitting,sitting,0.932,1,0.932,GREEN
sitting,sitting,0.88,1,0.88,GREEN
sitting,sitting,0.918,1,0.918,GREEN
sitting,sitting,0.902,1,0.902,GREEN
sitting,sitting,0.938,1,0.938,GREEN
sitting,sitting,0.914,1,0.914,GREEN
sitting,sitting,0.871,1,0.871,GREEN
sitting,sitting,0.935,1,0.935,GREEN
sitting,sitting,0.958,1,0.958,GREEN
sitting,sitting,0.953,1,0.953,GREEN
sitting,sitting,0.911,1,0.911,GREEN
sitting,sitting,0.868,1,0.868,GREEN
sitting,sitting,0.833,1,0.833,GREEN
sitting,sitting,0.815,1,0.815,GREEN
sitting,sitting,0.854,1,0.854,GREEN
sitting,sitting,0.861,1,0.861,GREEN
sitting,sitting,0.921,1,0.921,GREEN
sitting,sitting,0.725,1,0.725,YELLOW
sitting,sitting,0.707,1,0.707,YELLOW
sitting,sitting,0.763,1,0.763,GREEN
sitting,sitting,0.882,1,0.882,GREEN
sitting,sitting,0.934,1,0.934,GREEN
sitting,sitting,0.979,1,0.979,GREEN
sitting,sitting,0.835,1,0.835,GREEN
sitting,sitting,0.697,1,0.697,YELLOW
sitting,sitting,0.63,1,0.63,YELLOW
sitting,sitting,0.761,1,0.761,GREEN
sitting,sitting,0.782,1,0.782,GREEN
sitting,sitting,0.802,1,0.802,GREEN
sitting,sitting,0.878,1,0.878,GREEN
sitting,sitting,0.945,1,0.945,GREEN
sitting,sitting,0.985,1,0.985,GREEN
sitting,sitting,0.981,1,0.981,GREEN
sitting,sitting,0.981,1,0.981,GREEN
sitting,sitting,0.982,1,0.982,GREEN
sitting,sitting,0.986,1,0.986,GREEN
sitting,sitting,0.987,1,0.987,GREEN
sitting,sitting,0.983,1,0.983,GREEN
sitting,sitting,0.983,1,0.983,GREEN
sitting,sitting,0.979,1,0.979,GREEN
sitting,sitting,0.98,1,0.98,GREEN
sitting,sitting,0.98,1,0.98,GREEN
sitting,sitting,0.986,1,0.986,GREEN
sitting,sitting,0.985,1,0.985,GREEN
sitting,sitting,0.989,1,0.989,GREEN
sitting,sitting,0.988,1,0.988,GREEN
sitting,sitting,0.989,1,0.989,GREEN
sitting,sitting,0.986,1,0.986,GREEN
sitting,sitting,0.987,1,0.987,GREEN
sitting,sitting,0.989,1,0.989,GREEN
sitting,sitting,0.985,1,0.985,GREEN
sitting,sitting,0.982,1,0.982,GREEN
sitting,sitting,0.987,1,0.987,GREEN
sitting,sitting,0.988,1,0.988,GREEN
sitting,sitting,0.955,1,0.955,GREEN
sitting,sitting,0.986,1,0.986,GREEN
sitting,sitting,0.984,1,0.984,GREEN
sitting,sitting,0.987,1,0.987,GREEN
sitting,sitting,0.985,1,0.985,GREEN
sitting,sitting,0.983,1,0.983,GREEN
sitting,sitting,0.986,1,0.986,GREEN
sitting,sitting,0.982,1,0.982,GREEN
sitting,sitting,0.909,1,0.909,GREEN
sitting,sitting,0.879,1,0.879,GREEN
sitting,sitting,0.858,1,0.858,GREEN
sitting,sitting,0.81,1,0.81,GREEN
sitting,sitting,0.794,1,0.794,GREEN
sitting,sitting,0.91,1,0.91,GREEN
sitting,sitting,0.941,1,0.941,GREEN
sitting,sitting,0.976,1,0.976,GREEN
sitting,sitting,0.957,1,0.957,GREEN
sitting,sitting,0.936,1,0.936,GREEN
sitting,sitting,0.951,1,0.951,GREEN
sitting,sitting,0.873,1,0.873,GREEN
sitting,sitting,0.796,1,0.796,GREEN
sitting,sitting,0.896,1,0.896,GREEN
sitting,sitting,0.933,1,0.933,GREEN
sitting,sitting,0.948,1,0.948,GREEN
sitting,sitting,0.944,1,0.944,GREEN
sitting,sitting,0.936,1,0.936,GREEN
sitting,sitting,0.949,1,0.949,GREEN
sitting,sitting,0.954,1,0.954,GREEN
sitting,sitting,0.965,1,0.965,GREEN
sitting,sitting,0.957,1,0.957,GREEN
sitting,sitting,0.963,1,0.963,GREEN
sitting,sitting,0.958,1,0.958,GREEN
sitting,sitting,0.964,1,0.964,GREEN
sitting,sitting,0.954,1,0.954,GREEN
sitting,sitting,0.958,1,0.958,GREEN
sitting,sitting,0.962,1,0.962,GREEN
sitting,sitting,0.946,1,0.946,GREEN
sitting,sitting,0.936,1,0.936,GREEN
sitting,sitting,0.954,1,0.954,GREEN
sitting,sitting,0.958,1,0.958,GREEN
sitting,sitting,0.901,1,0.901,GREEN
sitting,sitting,0.955,1,0.955,GREEN
sitting,sitting,0.945,1,0.945,GREEN
sitting,sitting,0.947,1,0.947,GREEN
sitting,sitting,0.959,1,0.959,GREEN
sitting,sitting,0.963,1,0.963,GREEN
sitting,sitting,0.97,1,0.97,GREEN
sitting,sitting,0.976,1,0.976,GREEN
sitting,sitting,0.976,1,0.976,GREEN
sitting,sitting,0.973,1,0.973,GREEN
sitting,sitting,0.973,1,0.973,GREEN
sitting,sitting,0.972,1,0.972,GREEN
sitting,sitting,0.976,1,0.976,GREEN
sitting,sitting,0.973,1,0.973,GREEN
sitting,sitting,0.975,1,0.975,GREEN
sitting,sitting,0.965,1,0.965,GREEN
sitting,sitting,0.957,1,0.957,GREEN
sitting,sitting,0.945,1,0.945,GREEN
sitting,sitting,0.96,1,0.96,GREEN
sitting,sitting,0.978,1,0.978,GREEN
sitting,sitting,0.97,1,0.97,GREEN
sitting,sitting,0.966,1,0.966,GREEN
sitting,sitting,0.965,1,0.965,GREEN
sitting,sitting,0.972,1,0.972,GREEN
sitting,sitting,0.976,1,0.976,GREEN
sitting,sitting,0.976,1,0.976,GREEN
sitting,sitting,0.974,1,0.974,GREEN
sitting,sitting,0.939,1,0.939,GREEN
sitting,sitting,0.976,1,0.976,GREEN
sitting,sitting,0.978,1,0.978,GREEN
sitting,sitting,0.945,1,0.945,GREEN
sitting,sitting,0.976,1,0.976,GREEN
sitting,sitting,0.977,1,0.977,GREEN
sitting,sitting,0.975,1,0.975,GREEN
sitting,sitting,0.976,1,0.976,GREEN
sitting,sitting,0.948,1,0.948,GREEN
sitting,sitting,0.976,1,0.976,GREEN
sitting,sitting,0.973,1,0.973,GREEN
sitting,sitting,0.936,1,0.936,GREEN
sitting,sitting,0.922,1,0.922,GREEN
sitting,sitting,0.85,1,0.85,GREEN
sitting,sitting,0.835,1,0.835,GREEN
sitting,sitting,0.905,1,0.905,GREEN
sitting,sitting,0.756,1,0.756,GREEN
sitting,sitting,0.563,1,0.563,YELLOW
sitting,sitting,0.688,1,0.688,YELLOW
sitting,sitting,0.793,1,0.793,GREEN
sitting,sitting,0.854,1,0.854,GREEN
sitting,sitting,0.937,1,0.937,GREEN
sitting,sitting,0.96,1,0.96,GREEN
sitting,sitting,0.923,1,0.923,GREEN
sitting,sitting,0.962,1,0.962,GREEN
sitting,sitting,0.927,1,0.927,GREEN
sitting,sitting,0.894,1,0.894,GREEN
sitting,sitting,0.959,1,0.959,GREEN
sitting,sitting,0.959,1,0.959,GREEN
sitting,sitting,0.924,1,0.924,GREEN
sitting,sitting,0.955,1,0.955,GREEN
sitting,sitting,0.953,1,0.953,GREEN
sitting,sitting,0.946,1,0.946,GREEN
sitting,sitting,0.956,1,0.956,GREEN
sitting,sitting,0.953,1,0.953,GREEN
sitting,sitting,0.947,1,0.947,GREEN
sitting,sitting,0.948,1,0.948,GREEN
sitting,sitting,0.889,1,0.889,GREEN
sitting,sitting,0.786,1,0.786,GREEN
sitting,sitting,0.797,1,0.797,GREEN
sitting,sitting,0.855,1,0.855,GREEN
sitting,sitting,0.906,1,0.906,GREEN
sitting,sitting,0.871,1,0.871,GREEN
sitting,sitting,0.85,1,0.85,GREEN
sitting,sitting,0.951,1,0.951,GREEN
sitting,sitting,0.959,1,0.959,GREEN
sitting,sitting,0.961,1,0.961,GREEN
sitting,sitting,0.955,1,0.955,GREEN
sitting,sitting,0.953,1,0.953,GREEN
sitting,sitting,0.956,1,0.956,GREEN
sitting,sitting,0.956,1,0.956,GREEN
sitting,sitting,0.93,1,0.93,GREEN
sitting,sitting,0.931,1,0.931,GREEN
sitting,sitting,0.96,1,0.96,GREEN
sitting,sitting,0.868,1,0.868,GREEN
sitting,sitting,0.931,1,0.931,GREEN
sitting,sitting,0.961,1,0.961,GREEN
sitting,sitting,0.961,1,0.961,GREEN
sitting,sitting,0.927,1,0.927,GREEN
sitting,sitting,0.955,1,0.955,GREEN
sitting,sitting,0.926,1,0.926,GREEN
sitting,sitting,0.928,1,0.928,GREEN
sitting,sitting,0.964,1,0.964,GREEN
sitting,sitting,0.96,1,0.96,GREEN
sitting,sitting,0.899,1,0.899,GREEN
sitting,sitting,0.931,1,0.931,GREEN
sitting,sitting,0.929,1,0.929,GREEN
sitting,sitting,0.924,1,0.924,GREEN
sitting,sitting,0.949,1,0.949,GREEN
sitting,sitting,0.953,1,0.953,GREEN
sitting,sitting,0.94,1,0.94,GREEN
sitting,sitting,0.914,1,0.914,GREEN
sitting,sitting,0.938,1,0.938,GREEN
sitting,sitting,0.957,1,0.957,GREEN
sitting,sitting,0.965,1,0.965,GREEN
sitting,sitting,0.967,1,0.967,GREEN
sitting,sitting,0.958,1,0.958,GREEN
sitting,sitting,0.948,1,0.948,GREEN
sitting,sitting,0.959,1,0.959,GREEN
sitting,sitting,0.965,1,0.965,GREEN
sitting,sitting,0.958,1,0.958,GREEN
sitting,sitting,0.947,1,0.947,GREEN
sitting,sitting,0.85,1,0.85,GREEN
sitting,sitting,0.903,1,0.903,GREEN
sitting,sitting,0.93,1,0.93,GREEN
sitting,sitting,0.923,1,0.923,GREEN
sitting,sitting,0.939,1,0.939,GREEN
sitting,sitting,0.943,1,0.943,GREEN
sitting,sitting,0.91,1,0.91,GREEN
sitting,sitting,0.922,1,0.922,GREEN
sitting,sitting,0.925,1,0.925,GREEN
sitting,sitting,0.929,1,0.929,GREEN
sitting,sitting,0.944,1,0.944,GREEN
sitting,sitting,0.932,1,0.932,GREEN
sitting,sitting,0.935,1,0.935,GREEN
sitting,sitting,0.935,1,0.935,GREEN
sitting,sitting,0.939,1,0.939,GREEN
sitting,sitting,0.874,1,0.874,GREEN
sitting,sitting,0.933,1,0.933,GREEN
sitting,sitting,0.873,1,0.873,GREEN
sitting,sitting,0.946,1,0.946,GREEN
sitting,sitting,0.926,1,0.926,GREEN
sitting,sitting,0.919,1,0.919,GREEN
sitting,sitting,0.654,1,0.654,YELLOW
sitting,sitting,0.729,1,0.729,YELLOW
sitting,sitting,0.739,1,0.739,YELLOW
sitting,sitting,0.745,1,0.745,YELLOW
sitting,sitting,0.705,1,0.705,YELLOW
sitting,sitting,0.552,1,0.552,YELLOW
sitting,sitting,0.602,1,0.602,YELLOW
sitting,sitting,0.585,1,0.585,YELLOW
sitting,sitting,0.699,1,0.699,YELLOW
sitting,sitting,0.747,1,0.747,YELLOW
sitting,sitting,0.73,1,0.73,YELLOW
sitting,sitting,0.7,1,0.7,YELLOW
sitting,sitting,0.762,1,0.762,GREEN
sitting,sitting,0.755,1,0.755,GREEN
sitting,sitting,0.745,1,0.745,YELLOW
sitting,sitting,0.753,1,0.753,GREEN
sitting,sitting,0.755,1,0.755,GREEN
sitting,sitting,0.757,1,0.757,GREEN
sitting,sitting,0.746,1,0.746,YELLOW
sitting,sitting,0.741,1,0.741,YELLOW
sitting,sitting,0.754,1,0.754,GREEN
sitting,sitting,0.735,1,0.735,YELLOW
sitting,sitting,0.702,1,0.702,YELLOW
sitting,sitting,0.727,1,0.727,YELLOW
sitting,sitting,0.748,1,0.748,YELLOW
sitting,sitting,0.686,1,0.686,YELLOW
sitting,sitting,0.734,1,0.734,YELLOW
sitting,sitting,0.705,1,0.705,YELLOW
sitting,sitting,0.744,1,0.744,YELLOW
sitting,sitting,0.743,1,0.743,YELLOW
sitting,sitting,0.746,1,0.746,YELLOW
sitting,sitting,0.747,1,0.747,YELLOW
sitting,sitting,0.731,1,0.731,YELLOW
sitting,sitting,0.739,1,0.739,YELLOW
sitting,sitting,0.633,1,0.633,YELLOW
sitting,sitting,0.708,1,0.708,YELLOW
sitting,sitting,0.762,1,0.762,GREEN
sitting,sitting,0.753,1,0.753,GREEN
sitting,sitting,0.757,1,0.757,GREEN
sitting,sitting,0.756,1,0.756,GREEN
sitting,sitting,0.753,1,0.753,GREEN
sitting,sitting,0.751,1,0.751,GREEN
sitting,sitting,0.754,1,0.754,GREEN
sitting,sitting,0.753,1,0.753,GREEN
sitting,sitting,0.702,1,0.702,YELLOW
sitting,sitting,0.743,1,0.743,YELLOW
sitting,sitting,0.739,1,0.739,YELLOW
sitting,sitting,0.747,1,0.747,YELLOW
sitting,sitting,0.757,1,0.757,GREEN
sitting,sitting,0.781,1,0.781,GREEN
sitting,sitting,0.79,1,0.79,GREEN
sitting,sitting,0.808,1,0.808,GREEN
sitting,sitting,0.785,1,0.785,GREEN
sitting,sitting,0.675,1,0.675,YELLOW
sitting,sitting,0.828,1,0.828,GREEN
sitting,sitting,0.871,1,0.871,GREEN
sitting,sitting,0.737,1,0.737,YELLOW
sitting,sitting,0.814,1,0.814,GREEN
sitting,sitting,0.846,1,0.846,GREEN
sitting,sitting,0.897,1,0.897,GREEN
sitting,sitting,0.865,1,0.865,GREEN
sitting,sitting,0.864,1,0.864,GREEN
sitting,sitting,0.879,1,0.879,GREEN
sitting,sitting,0.876,1,0.876,GREEN
sitting,sitting,0.848,1,0.848,GREEN
sitting,sitting,0.875,1,0.875,GREEN
sitting,sitting,0.879,1,0.879,GREEN
sitting,sitting,0.878,1,0.878,GREEN
sitting,sitting,0.776,1,0.776,GREEN
sitting,sitting,0.765,1,0.765,GREEN
sitting,sitting,0.861,1,0.861,GREEN
sitting,sitting,0.87,1,0.87,GREEN
sitting,sitting,0.859,1,0.859,GREEN
sitting,sitting,0.845,1,0.845,GREEN
sitting,sitting,0.876,1,0.876,GREEN
sitting,sitting,0.674,1,0.674,YELLOW
sitting,sitting,0.693,1,0.693,YELLOW
sitting,sitting,0.725,1,0.725,YELLOW
sitting,sitting,0.783,1,0.783,GREEN
sitting,sitting,0.795,1,0.795,GREEN
sitting,sitting,0.781,1,0.781,GREEN
sitting,sitting,0.776,1,0.776,GREEN
sitting,sitting,0.537,1,0.537,YELLOW
sitting,sitting,0.451,1,0.451,YELLOW
sitting,sitting,0.349,1,0.349,RED
sitting,sitting,0.37,1,0.37,RED
sitting,standing,0.729,0,0.0,YELLOW
sitting,standing,0.711,0,0.0,YELLOW
sitting,standing,0.425,0,0.0,RED
sitting,standing,0.386,0,0.0,RED
sitting,standing,0.549,0,0.0,YELLOW
standing,standing,0.524,1,0.524,YELLOW
standing,standing,0.376,1,0.376,RED
standing,standing,0.601,1,0.601,YELLOW
standing,standing,0.437,1,0.437,RED
standing,standing,0.512,1,0.512,YELLOW
standing,standing,0.573,1,0.573,YELLOW
standing,standing,0.545,1,0.545,YELLOW
standing,standing,0.496,1,0.496,YELLOW
standing,standing,0.656,1,0.656,YELLOW
standing,standing,0.474,1,0.474,YELLOW
standing,standing,0.483,1,0.483,YELLOW
standing,standing,0.707,1,0.707,YELLOW
standing,standing,0.525,1,0.525,YELLOW
standing,standing,0.589,1,0.589,YELLOW
standing,standing,0.625,1,0.625,YELLOW
standing,standing,0.597,1,0.597,YELLOW
standing,standing,0.591,1,0.591,YELLOW
standing,standing,0.519,1,0.519,YELLOW
standing,standing,0.579,1,0.579,YELLOW
standing,standing,0.601,1,0.601,YELLOW
standing,standing,0.594,1,0.594,YELLOW
standing,standing,0.607,1,0.607,YELLOW
standing,standing,0.68,1,0.68,YELLOW
standing,standing,0.611,1,0.611,YELLOW
standing,standing,0.435,1,0.435,RED
standing,standing,0.269,1,0.269,RED
standing,standing,0.308,1,0.308,RED
standing,standing,0.62,1,0.62,YELLOW
standing,standing,0.743,1,0.743,YELLOW
standing,standing,0.587,1,0.587,YELLOW
standing,standing,0.486,1,0.486,YELLOW
standing,standing,0.603,1,0.603,YELLOW
standing,standing,0.502,1,0.502,YELLOW
standing,standing,0.331,1,0.331,RED
standing,standing,0.377,1,0.377,RED
standing,standing,0.404,1,0.404,RED
standing,standing,0.617,1,0.617,YELLOW
standing,standing,0.687,1,0.687,YELLOW
standing,standing,0.637,1,0.637,YELLOW
standing,standing,0.667,1,0.667,YELLOW
standing,standing,0.639,1,0.639,YELLOW
standing,standing,0.719,1,0.719,YELLOW
standing,standing,0.607,1,0.607,YELLOW
standing,standing,0.672,1,0.672,YELLOW
standing,standing,0.66,1,0.66,YELLOW
standing,standing,0.733,1,0.733,YELLOW
standing,standing,0.726,1,0.726,YELLOW
standing,standing,0.685,1,0.685,YELLOW
standing,standing,0.637,1,0.637,YELLOW
standing,standing,0.607,1,0.607,YELLOW
standing,standing,0.689,1,0.689,YELLOW
standing,standing,0.614,1,0.614,YELLOW
standing,standing,0.562,1,0.562,YELLOW
standing,standing,0.661,1,0.661,YELLOW
standing,standing,0.468,1,0.468,YELLOW
standing,standing,0.561,1,0.561,YELLOW
standing,standing,0.645,1,0.645,YELLOW
standing,standing,0.503,1,0.503,YELLOW
standing,standing,0.745,1,0.745,YELLOW
standing,standing,0.886,1,0.886,GREEN
standing,standing,0.834,1,0.834,GREEN
standing,standing,0.774,1,0.774,GREEN
standing,standing,0.715,1,0.715,YELLOW
standing,standing,0.725,1,0.725,YELLOW
standing,standing,0.729,1,0.729,YELLOW
standing,standing,0.722,1,0.722,YELLOW
standing,standing,0.729,1,0.729,YELLOW
standing,standing,0.74,1,0.74,YELLOW
standing,standing,0.746,1,0.746,YELLOW
standing,standing,0.745,1,0.745,YELLOW
standing,standing,0.694,1,0.694,YELLOW
standing,standing,0.711,1,0.711,YELLOW
standing,standing,0.704,1,0.704,YELLOW
standing,standing,0.743,1,0.743,YELLOW
standing,standing,0.813,1,0.813,GREEN
standing,standing,0.865,1,0.865,GREEN
standing,standing,0.889,1,0.889,GREEN
standing,standing,0.839,1,0.839,GREEN
standing,standing,0.746,1,0.746,YELLOW
standing,standing,0.672,1,0.672,YELLOW
standing,standing,0.729,1,0.729,YELLOW
standing,standing,0.733,1,0.733,YELLOW
standing,standing,0.699,1,0.699,YELLOW
standing,standing,0.701,1,0.701,YELLOW
standing,standing,0.666,1,0.666,YELLOW
standing,standing,0.687,1,0.687,YELLOW
standing,standing,0.723,1,0.723,YELLOW
standing,standing,0.691,1,0.691,YELLOW
standing,standing,0.685,1,0.685,YELLOW
standing,standing,0.714,1,0.714,YELLOW
standing,standing,0.702,1,0.702,YELLOW
standing,standing,0.698,1,0.698,YELLOW
standing,standing,0.706,1,0.706,YELLOW
standing,standing,0.679,1,0.679,YELLOW
standing,standing,0.655,1,0.655,YELLOW
standing,standing,0.638,1,0.638,YELLOW
standing,standing,0.668,1,0.668,YELLOW
standing,standing,0.709,1,0.709,YELLOW
standing,standing,0.731,1,0.731,YELLOW
standing,standing,0.733,1,0.733,YELLOW
standing,standing,0.739,1,0.739,YELLOW
standing,standing,0.715,1,0.715,YELLOW
standing,standing,0.685,1,0.685,YELLOW
standing,standing,0.739,1,0.739,YELLOW
standing,standing,0.736,1,0.736,YELLOW
standing,standing,0.73,1,0.73,YELLOW
standing,standing,0.702,1,0.702,YELLOW
standing,standing,0.698,1,0.698,YELLOW
standing,standing,0.693,1,0.693,YELLOW
standing,standing,0.697,1,0.697,YELLOW
standing,standing,0.698,1,0.698,YELLOW
standing,standing,0.649,1,0.649,YELLOW
standing,standing,0.677,1,0.677,YELLOW
standing,standing,0.667,1,0.667,YELLOW
standing,standing,0.652,1,0.652,YELLOW
standing,standing,0.686,1,0.686,YELLOW
standing,standing,0.623,1,0.623,YELLOW
standing,standing,0.626,1,0.626,YELLOW
standing,standing,0.692,1,0.692,YELLOW
standing,standing,0.586,1,0.586,YELLOW
standing,standing,0.61,1,0.61,YELLOW
standing,standing,0.673,1,0.673,YELLOW
standing,standing,0.581,1,0.581,YELLOW
standing,standing,0.615,1,0.615,YELLOW
standing,standing,0.683,1,0.683,YELLOW
standing,standing,0.69,1,0.69,YELLOW
standing,standing,0.686,1,0.686,YELLOW
standing,standing,0.693,1,0.693,YELLOW
standing,standing,0.682,1,0.682,YELLOW
standing,standing,0.616,1,0.616,YELLOW
standing,standing,0.725,1,0.725,YELLOW
standing,standing,0.695,1,0.695,YELLOW
standing,standing,0.699,1,0.699,YELLOW
standing,standing,0.708,1,0.708,YELLOW
standing,standing,0.675,1,0.675,YELLOW
standing,standing,0.674,1,0.674,YELLOW
standing,standing,0.658,1,0.658,YELLOW
standing,standing,0.68,1,0.68,YELLOW
standing,standing,0.64,1,0.64,YELLOW
standing,standing,0.714,1,0.714,YELLOW
standing,standing,0.785,1,0.785,GREEN
standing,standing,0.695,1,0.695,YELLOW
standing,standing,0.364,1,0.364,RED
standing,standing,0.323,1,0.323,RED
standing,ironing,0.414,0,0.0,RED
standing,ironing,0.491,0,0.0,YELLOW
standing,ironing,0.492,0,0.0,YELLOW
standing,ironing,0.748,0,0.0,YELLOW
standing,ironing,0.92,0,0.0,GREEN
standing,ironing,0.819,0,0.0,GREEN
standing,ironing,0.675,0,0.0,YELLOW
standing,ironing,0.547,0,0.0,YELLOW
standing,ironing,0.428,0,0.0,RED
standing,ironing,0.538,0,0.0,YELLOW
standing,ironing,0.655,0,0.0,YELLOW
standing,ironing,0.702,0,0.0,YELLOW
standing,ironing,0.628,0,0.0,YELLOW
standing,ironing,0.594,0,0.0,YELLOW
standing,ironing,0.638,0,0.0,YELLOW
standing,ironing,0.707,0,0.0,YELLOW
standing,ironing,0.927,0,0.0,GREEN
standing,ironing,0.938,0,0.0,GREEN
standing,ironing,0.675,0,0.0,YELLOW
standing,ironing,0.439,0,0.0,RED
standing,ironing,0.587,0,0.0,YELLOW
standing,ironing,0.765,0,0.0,GREEN
standing,ironing,0.719,0,0.0,YELLOW
standing,ironing,0.617,0,0.0,YELLOW
standing,standing,0.618,1,0.618,YELLOW
standing,standing,0.577,1,0.577,YELLOW
standing,standing,0.732,1,0.732,YELLOW
standing,standing,0.454,1,0.454,YELLOW
standing,standing,0.808,1,0.808,GREEN
standing,standing,0.864,1,0.864,GREEN
standing,standing,0.63,1,0.63,YELLOW
standing,standing,0.473,1,0.473,YELLOW
standing,standing,0.548,1,0.548,YELLOW
standing,standing,0.711,1,0.711,YELLOW
standing,standing,0.591,1,0.591,YELLOW
standing,standing,0.653,1,0.653,YELLOW
standing,standing,0.748,1,0.748,YELLOW
standing,standing,0.717,1,0.717,YELLOW
standing,standing,0.773,1,0.773,GREEN
standing,standing,0.775,1,0.775,GREEN
standing,standing,0.707,1,0.707,YELLOW
standing,standing,0.742,1,0.742,YELLOW
standing,standing,0.76,1,0.76,GREEN
standing,standing,0.784,1,0.784,GREEN
standing,standing,0.81,1,0.81,GREEN
standing,standing,0.783,1,0.783,GREEN
standing,standing,0.723,1,0.723,YELLOW
standing,standing,0.753,1,0.753,GREEN
standing,standing,0.756,1,0.756,GREEN
standing,standing,0.706,1,0.706,YELLOW
standing,standing,0.745,1,0.745,YELLOW
standing,standing,0.667,1,0.667,YELLOW
standing,standing,0.559,1,0.559,YELLOW
standing,standing,0.341,1,0.341,RED
standing,standing,0.438,1,0.438,RED
standing,standing,0.456,1,0.456,YELLOW
standing,standing,0.625,1,0.625,YELLOW
standing,standing,0.734,1,0.734,YELLOW
standing,standing,0.437,1,0.437,RED
standing,standing,0.443,1,0.443,RED
standing,standing,0.458,1,0.458,YELLOW
standing,standing,0.364,1,0.364,RED
standing,standing,0.371,1,0.371,RED
standing,standing,0.576,1,0.576,YELLOW
standing,ironing,0.399,0,0.0,RED
standing,ironing,0.388,0,0.0,RED
standing,ironing,0.404,0,0.0,RED
standing,ironing,0.452,0,0.0,YELLOW
standing,ironing,0.591,0,0.0,YELLOW
standing,ironing,0.409,0,0.0,RED
standing,ironing,0.6,0,0.0,YELLOW
standing,ironing,0.744,0,0.0,YELLOW
standing,ironing,0.669,0,0.0,YELLOW
standing,ironing,0.811,0,0.0,GREEN
standing,ironing,0.837,0,0.0,GREEN
standing,ironing,0.892,0,0.0,GREEN
standing,ironing,0.728,0,0.0,YELLOW
standing,ironing,0.586,0,0.0,YELLOW
standing,ironing,0.575,0,0.0,YELLOW
standing,ironing,0.423,0,0.0,RED
standing,ironing,0.458,0,0.0,YELLOW
standing,ironing,0.41,0,0.0,RED
standing,ironing,0.37,0,0.0,RED
standing,ironing,0.466,0,0.0,YELLOW
standing,ironing,0.424,0,0.0,RED
standing,ironing,0.537,0,0.0,YELLOW
standing,ironing,0.582,0,0.0,YELLOW
standing,ironing,0.554,0,0.0,YELLOW
standing,ironing,0.524,0,0.0,YELLOW
standing,ironing,0.706,0,0.0,YELLOW
standing,ironing,0.884,0,0.0,GREEN
standing,ironing,0.867,0,0.0,GREEN
standing,ironing,0.867,0,0.0,GREEN
standing,ironing,0.836,0,0.0,GREEN
standing,ironing,0.771,0,0.0,GREEN
standing,ironing,0.719,0,0.0,YELLOW
standing,ironing,0.58,0,0.0,YELLOW
standing,ironing,0.4,0,0.0,RED
standing,ironing,0.366,0,0.0,RED
standing,ironing,0.38,0,0.0,RED
standing,ironing,0.438,0,0.0,RED
standing,ironing,0.394,0,0.0,RED
standing,ironing,0.387,0,0.0,RED
standing,ironing,0.444,0,0.0,RED
standing,ironing,0.514,0,0.0,YELLOW
standing,standing,0.792,1,0.792,GREEN
standing,standing,0.825,1,0.825,GREEN
standing,standing,0.677,1,0.677,YELLOW
standing,standing,0.372,1,0.372,RED
standing,standing,0.358,1,0.358,RED
standing,standing,0.417,1,0.417,RED
standing,standing,0.41,1,0.41,RED
standing,standing,0.37,1,0.37,RED
standing,standing,0.462,1,0.462,YELLOW
standing,standing,0.47,1,0.47,YELLOW
standing,standing,0.342,1,0.342,RED
standing,standing,0.38,1,0.38,RED
standing,standing,0.455,1,0.455,YELLOW
standing,standing,0.42,1,0.42,RED
standing,standing,0.378,1,0.378,RED
standing,standing,0.38,1,0.38,RED
standing,standing,0.4,1,0.4,RED
standing,standing,0.329,1,0.329,RED
standing,standing,0.432,1,0.432,RED
standing,standing,0.528,1,0.528,YELLOW
standing,standing,0.407,1,0.407,RED
standing,standing,0.481,1,0.481,YELLOW
standing,standing,0.443,1,0.443,RED
standing,standing,0.508,1,0.508,YELLOW
standing,standing,0.49,1,0.49,YELLOW
standing,standing,0.347,1,0.347,RED
standing,standing,0.312,1,0.312,RED
standing,standing,0.491,1,0.491,YELLOW
standing,standing,0.419,1,0.419,RED
standing,standing,0.45,1,0.45,YELLOW
standing,standing,0.397,1,0.397,RED
standing,standing,0.346,1,0.346,RED
standing,standing,0.303,1,0.303,RED
standing,standing,0.478,1,0.478,YELLOW
standing,standing,0.559,1,0.559,YELLOW
standing,standing,0.562,1,0.562,YELLOW
standing,standing,0.356,1,0.356,RED
standing,standing,0.389,1,0.389,RED
standing,standing,0.602,1,0.602,YELLOW
standing,standing,0.532,1,0.532,YELLOW
standing,standing,0.509,1,0.509,YELLOW
standing,standing,0.577,1,0.577,YELLOW
standing,standing,0.509,1,0.509,YELLOW
standing,standing,0.548,1,0.548,YELLOW
standing,standing,0.603,1,0.603,YELLOW
standing,standing,0.539,1,0.539,YELLOW
standing,standing,0.493,1,0.493,YELLOW
standing,standing,0.499,1,0.499,YELLOW
standing,standing,0.451,1,0.451,YELLOW
standing,standing,0.504,1,0.504,YELLOW
standing,standing,0.608,1,0.608,YELLOW
standing,standing,0.583,1,0.583,YELLOW
standing,standing,0.446,1,0.446,RED
standing,standing,0.546,1,0.546,YELLOW
standing,standing,0.373,1,0.373,RED
standing,standing,0.438,1,0.438,RED
standing,standing,0.594,1,0.594,YELLOW
standing,standing,0.664,1,0.664,YELLOW
standing,standing,0.732,1,0.732,YELLOW
standing,standing,0.64,1,0.64,YELLOW
standing,standing,0.434,1,0.434,RED
standing,standing,0.541,1,0.541,YELLOW
standing,standing,0.529,1,0.529,YELLOW
standing,standing,0.538,1,0.538,YELLOW
standing,standing,0.538,1,0.538,YELLOW
standing,standing,0.567,1,0.567,YELLOW
standing,standing,0.651,1,0.651,YELLOW
standing,standing,0.459,1,0.459,YELLOW
standing,standing,0.473,1,0.473,YELLOW
standing,standing,0.357,1,0.357,RED
standing,standing,0.384,1,0.384,RED
standing,standing,0.451,1,0.451,YELLOW
standing,standing,0.526,1,0.526,YELLOW
standing,standing,0.598,1,0.598,YELLOW
standing,standing,0.484,1,0.484,YELLOW
standing,standing,0.511,1,0.511,YELLOW
standing,standing,0.49,1,0.49,YELLOW
standing,standing,0.404,1,0.404,RED
standing,standing,0.452,1,0.452,YELLOW
standing,standing,0.431,1,0.431,RED
standing,standing,0.565,1,0.565,YELLOW
standing,standing,0.568,1,0.568,YELLOW
standing,standing,0.463,1,0.463,YELLOW
standing,standing,0.56,1,0.56,YELLOW
standing,standing,0.473,1,0.473,YELLOW
standing,standing,0.512,1,0.512,YELLOW
standing,standing,0.364,1,0.364,RED
standing,standing,0.508,1,0.508,YELLOW
standing,standing,0.417,1,0.417,RED
standing,standing,0.387,1,0.387,RED
standing,standing,0.564,1,0.564,YELLOW
standing,standing,0.403,1,0.403,RED
standing,standing,0.551,1,0.551,YELLOW
standing,standing,0.483,1,0.483,YELLOW
standing,standing,0.45,1,0.45,YELLOW
standing,standing,0.467,1,0.467,YELLOW
standing,standing,0.491,1,0.491,YELLOW
standing,standing,0.549,1,0.549,YELLOW
standing,standing,0.433,1,0.433,RED
standing,standing,0.336,1,0.336,RED
standing,standing,0.422,1,0.422,RED
standing,standing,0.538,1,0.538,YELLOW
standing,standing,0.384,1,0.384,RED
standing,standing,0.356,1,0.356,RED
standing,ironing,0.53,0,0.0,YELLOW
standing,ironing,0.376,0,0.0,RED
standing,ironing,0.363,0,0.0,RED
standing,ironing,0.39,0,0.0,RED
standing,ironing,0.406,0,0.0,RED
standing,ironing,0.535,0,0.0,YELLOW
standing,ironing,0.414,0,0.0,RED
standing,ironing,0.585,0,0.0,YELLOW
standing,ironing,0.621,0,0.0,YELLOW
standing,ironing,0.448,0,0.0,RED
standing,ironing,0.351,0,0.0,RED
standing,ironing,0.359,0,0.0,RED
standing,ironing,0.321,0,0.0,RED
standing,ironing,0.327,0,0.0,RED
standing,ironing,0.459,0,0.0,YELLOW
standing,ironing,0.839,0,0.0,GREEN
standing,ironing,0.852,0,0.0,GREEN
standing,ironing,0.828,0,0.0,GREEN
standing,ironing,0.629,0,0.0,YELLOW
standing,ironing,0.401,0,0.0,RED
standing,ironing,0.434,0,0.0,RED
standing,ironing,0.707,0,0.0,YELLOW
standing,ironing,0.69,0,0.0,YELLOW
standing,ironing,0.472,0,0.0,YELLOW
standing,ironing,0.419,0,0.0,RED
standing,ironing,0.672,0,0.0,YELLOW
standing,ironing,0.85,0,0.0,GREEN
standing,ironing,0.866,0,0.0,GREEN
standing,ironing,0.764,0,0.0,GREEN
standing,ironing,0.826,0,0.0,GREEN
standing,ironing,0.881,0,0.0,GREEN
standing,ironing,0.905,0,0.0,GREEN
standing,ironing,0.88,0,0.0,GREEN
standing,ironing,0.855,0,0.0,GREEN
standing,ironing,0.683,0,0.0,YELLOW
standing,ironing,0.673,0,0.0,YELLOW
standing,ironing,0.571,0,0.0,YELLOW
standing,ironing,0.484,0,0.0,YELLOW
standing,ironing,0.404,0,0.0,RED
standing,ironing,0.43,0,0.0,RED
standing,ironing,0.439,0,0.0,RED
standing,ironing,0.421,0,0.0,RED
standing,ironing,0.418,0,0.0,RED
standing,ironing,0.472,0,0.0,YELLOW
standing,ironing,0.451,0,0.0,YELLOW
standing,ironing,0.438,0,0.0,RED
standing,ironing,0.418,0,0.0,RED
standing,ironing,0.434,0,0.0,RED
standing,standing,0.621,1,0.621,YELLOW
standing,standing,0.56,1,0.56,YELLOW
standing,standing,0.393,1,0.393,RED
standing,standing,0.42,1,0.42,RED
standing,standing,0.45,1,0.45,YELLOW
standing,standing,0.506,1,0.506,YELLOW
standing,standing,0.506,1,0.506,YELLOW
standing,standing,0.49,1,0.49,YELLOW
standing,standing,0.419,1,0.419,RED
standing,standing,0.387,1,0.387,RED
standing,standing,0.53,1,0.53,YELLOW
standing,standing,0.345,1,0.345,RED
standing,standing,0.506,1,0.506,YELLOW
standing,standing,0.503,1,0.503,YELLOW
standing,standing,0.41,1,0.41,RED
standing,standing,0.398,1,0.398,RED
standing,standing,0.442,1,0.442,RED
standing,standing,0.473,1,0.473,YELLOW
standing,standing,0.46,1,0.46,YELLOW
standing,standing,0.433,1,0.433,RED
standing,standing,0.537,1,0.537,YELLOW
standing,standing,0.469,1,0.469,YELLOW
standing,standing,0.506,1,0.506,YELLOW
standing,standing,0.504,1,0.504,YELLOW
standing,standing,0.555,1,0.555,YELLOW
standing,standing,0.635,1,0.635,YELLOW
standing,standing,0.534,1,0.534,YELLOW
standing,standing,0.528,1,0.528,YELLOW
standing,standing,0.516,1,0.516,YELLOW
standing,standing,0.489,1,0.489,YELLOW
standing,standing,0.525,1,0.525,YELLOW
standing,standing,0.511,1,0.511,YELLOW
standing,standing,0.48,1,0.48,YELLOW
standing,standing,0.462,1,0.462,YELLOW
standing,standing,0.467,1,0.467,YELLOW
standing,standing,0.437,1,0.437,RED
standing,standing,0.466,1,0.466,YELLOW
standing,standing,0.435,1,0.435,RED
standing,standing,0.396,1,0.396,RED
standing,standing,0.456,1,0.456,YELLOW
standing,standing,0.496,1,0.496,YELLOW
standing,standing,0.507,1,0.507,YELLOW
standing,standing,0.481,1,0.481,YELLOW
standing,standing,0.52,1,0.52,YELLOW
standing,standing,0.584,1,0.584,YELLOW
standing,standing,0.496,1,0.496,YELLOW
standing,standing,0.531,1,0.531,YELLOW
standing,standing,0.457,1,0.457,YELLOW
standing,standing,0.491,1,0.491,YELLOW
standing,standing,0.532,1,0.532,YELLOW
standing,standing,0.491,1,0.491,YELLOW
standing,standing,0.457,1,0.457,YELLOW
standing,standing,0.457,1,0.457,YELLOW
standing,standing,0.506,1,0.506,YELLOW
standing,standing,0.492,1,0.492,YELLOW
standing,standing,0.406,1,0.406,RED
standing,standing,0.435,1,0.435,RED
standing,standing,0.506,1,0.506,YELLOW
standing,standing,0.515,1,0.515,YELLOW
standing,standing,0.569,1,0.569,YELLOW
standing,standing,0.519,1,0.519,YELLOW
standing,standing,0.576,1,0.576,YELLOW
standing,standing,0.516,1,0.516,YELLOW
standing,standing,0.487,1,0.487,YELLOW
standing,standing,0.464,1,0.464,YELLOW
standing,standing,0.394,1,0.394,RED
standing,standing,0.441,1,0.441,RED
standing,standing,0.478,1,0.478,YELLOW
standing,standing,0.499,1,0.499,YELLOW
standing,standing,0.419,1,0.419,RED
standing,standing,0.476,1,0.476,YELLOW
standing,standing,0.379,1,0.379,RED
standing,standing,0.457,1,0.457,YELLOW
standing,standing,0.563,1,0.563,YELLOW
standing,standing,0.513,1,0.513,YELLOW
standing,standing,0.495,1,0.495,YELLOW
standing,standing,0.529,1,0.529,YELLOW
standing,standing,0.549,1,0.549,YELLOW
standing,standing,0.474,1,0.474,YELLOW
ironing,standing,0.494,0,0.0,YELLOW
ironing,ironing,0.485,1,0.485,YELLOW
ironing,ironing,0.506,1,0.506,YELLOW
ironing,ironing,0.499,1,0.499,YELLOW
ironing,ironing,0.383,1,0.383,RED
ironing,ironing,0.7,1,0.7,YELLOW
ironing,ironing,0.502,1,0.502,YELLOW
ironing,ironing,0.471,1,0.471,YELLOW
ironing,ironing,0.514,1,0.514,YELLOW
ironing,ironing,0.797,1,0.797,GREEN
ironing,ironing,0.694,1,0.694,YELLOW
ironing,ironing,0.925,1,0.925,GREEN
ironing,ironing,0.906,1,0.906,GREEN
ironing,ironing,0.941,1,0.941,GREEN
ironing,ironing,0.979,1,0.979,GREEN
ironing,ironing,0.951,1,0.951,GREEN
ironing,ironing,0.864,1,0.864,GREEN
ironing,ironing,0.863,1,0.863,GREEN
ironing,ironing,0.932,1,0.932,GREEN
ironing,ironing,0.978,1,0.978,GREEN
ironing,ironing,0.934,1,0.934,GREEN
ironing,ironing,0.865,1,0.865,GREEN
ironing,ironing,0.92,1,0.92,GREEN
ironing,ironing,0.994,1,0.994,GREEN
ironing,ironing,0.99,1,0.99,GREEN
ironing,ironing,0.974,1,0.974,GREEN
ironing,ironing,0.969,1,0.969,GREEN
ironing,ironing,0.896,1,0.896,GREEN
ironing,ironing,0.95,1,0.95,GREEN
ironing,ironing,0.91,1,0.91,GREEN
ironing,ironing,0.888,1,0.888,GREEN
ironing,ironing,0.945,1,0.945,GREEN
ironing,ironing,0.992,1,0.992,GREEN
ironing,ironing,0.992,1,0.992,GREEN
ironing,ironing,0.992,1,0.992,GREEN
ironing,ironing,0.95,1,0.95,GREEN
ironing,ironing,0.963,1,0.963,GREEN
ironing,ironing,0.888,1,0.888,GREEN
ironing,ironing,0.832,1,0.832,GREEN
ironing,ironing,0.834,1,0.834,GREEN
ironing,ironing,0.851,1,0.851,GREEN
ironing,ironing,0.795,1,0.795,GREEN
ironing,ironing,0.668,1,0.668,YELLOW
ironing,ironing,0.788,1,0.788,GREEN
ironing,ironing,0.904,1,0.904,GREEN
ironing,ironing,0.937,1,0.937,GREEN
ironing,ironing,0.991,1,0.991,GREEN
ironing,ironing,0.936,1,0.936,GREEN
ironing,ironing,0.874,1,0.874,GREEN
ironing,ironing,0.833,1,0.833,GREEN
ironing,ironing,0.783,1,0.783,GREEN
ironing,ironing,0.809,1,0.809,GREEN
ironing,ironing,0.898,1,0.898,GREEN
ironing,ironing,0.936,1,0.936,GREEN
ironing,ironing,0.939,1,0.939,GREEN
ironing,ironing,0.862,1,0.862,GREEN
ironing,ironing,0.898,1,0.898,GREEN
ironing,ironing,0.93,1,0.93,GREEN
ironing,ironing,0.89,1,0.89,GREEN
ironing,ironing,0.859,1,0.859,GREEN
ironing,ironing,0.939,1,0.939,GREEN
ironing,ironing,0.815,1,0.815,GREEN
ironing,ironing,0.882,1,0.882,GREEN
ironing,ironing,0.9,1,0.9,GREEN
ironing,ironing,0.952,1,0.952,GREEN
ironing,ironing,0.903,1,0.903,GREEN
ironing,ironing,0.845,1,0.845,GREEN
ironing,ironing,0.829,1,0.829,GREEN
ironing,ironing,0.756,1,0.756,GREEN
ironing,ironing,0.866,1,0.866,GREEN
ironing,ironing,0.913,1,0.913,GREEN
ironing,ironing,0.914,1,0.914,GREEN
ironing,ironing,0.921,1,0.921,GREEN
ironing,ironing,0.969,1,0.969,GREEN
ironing,ironing,0.933,1,0.933,GREEN
ironing,ironing,0.843,1,0.843,GREEN
ironing,ironing,0.934,1,0.934,GREEN
ironing,ironing,0.973,1,0.973,GREEN
ironing,ironing,0.954,1,0.954,GREEN
ironing,ironing,0.937,1,0.937,GREEN
ironing,ironing,0.939,1,0.939,GREEN
ironing,ironing,0.883,1,0.883,GREEN
ironing,ironing,0.879,1,0.879,GREEN
ironing,ironing,0.869,1,0.869,GREEN
ironing,ironing,0.894,1,0.894,GREEN
ironing,ironing,0.948,1,0.948,GREEN
ironing,ironing,0.959,1,0.959,GREEN
ironing,ironing,0.958,1,0.958,GREEN
ironing,ironing,0.939,1,0.939,GREEN
ironing,ironing,0.883,1,0.883,GREEN
ironing,ironing,0.931,1,0.931,GREEN
ironing,ironing,0.957,1,0.957,GREEN
ironing,ironing,0.894,1,0.894,GREEN
ironing,ironing,0.883,1,0.883,GREEN
ironing,ironing,0.836,1,0.836,GREEN
ironing,ironing,0.96,1,0.96,GREEN
ironing,ironing,0.98,1,0.98,GREEN
ironing,ironing,0.986,1,0.986,GREEN
ironing,ironing,0.95,1,0.95,GREEN
ironing,ironing,0.949,1,0.949,GREEN
ironing,ironing,0.944,1,0.944,GREEN
ironing,ironing,0.921,1,0.921,GREEN
ironing,ironing,0.849,1,0.849,GREEN
ironing,ironing,0.872,1,0.872,GREEN
ironing,ironing,0.954,1,0.954,GREEN
ironing,ironing,0.926,1,0.926,GREEN
ironing,ironing,0.774,1,0.774,GREEN
ironing,ironing,0.781,1,0.781,GREEN
ironing,ironing,0.812,1,0.812,GREEN
ironing,ironing,0.848,1,0.848,GREEN
ironing,ironing,0.908,1,0.908,GREEN
ironing,ironing,0.856,1,0.856,GREEN
ironing,ironing,0.923,1,0.923,GREEN
ironing,ironing,0.891,1,0.891,GREEN
ironing,ironing,0.871,1,0.871,GREEN
ironing,ironing,0.88,1,0.88,GREEN
ironing,ironing,0.914,1,0.914,GREEN
ironing,ironing,0.897,1,0.897,GREEN
ironing,ironing,0.86,1,0.86,GREEN
ironing,ironing,0.929,1,0.929,GREEN
ironing,ironing,0.957,1,0.957,GREEN
ironing,ironing,0.956,1,0.956,GREEN
ironing,ironing,0.969,1,0.969,GREEN
ironing,ironing,0.939,1,0.939,GREEN
ironing,ironing,0.943,1,0.943,GREEN
ironing,ironing,0.988,1,0.988,GREEN
ironing,ironing,0.993,1,0.993,GREEN
ironing,ironing,0.995,1,0.995,GREEN
ironing,ironing,0.988,1,0.988,GREEN
ironing,ironing,0.991,1,0.991,GREEN
ironing,ironing,0.972,1,0.972,GREEN
ironing,ironing,0.812,1,0.812,GREEN
ironing,ironing,0.929,1,0.929,GREEN
ironing,ironing,0.931,1,0.931,GREEN
ironing,ironing,0.954,1,0.954,GREEN
ironing,ironing,0.9,1,0.9,GREEN
ironing,ironing,0.851,1,0.851,GREEN
ironing,ironing,0.898,1,0.898,GREEN
ironing,ironing,0.911,1,0.911,GREEN
ironing,ironing,0.938,1,0.938,GREEN
ironing,ironing,0.953,1,0.953,GREEN
ironing,ironing,0.995,1,0.995,GREEN
ironing,ironing,0.981,1,0.981,GREEN
ironing,ironing,0.966,1,0.966,GREEN
ironing,ironing,0.97,1,0.97,GREEN
ironing,ironing,0.989,1,0.989,GREEN
ironing,ironing,0.984,1,0.984,GREEN
ironing,ironing,0.982,1,0.982,GREEN
ironing,ironing,0.993,1,0.993,GREEN
ironing,ironing,0.993,1,0.993,GREEN
ironing,ironing,0.997,1,0.997,GREEN
ironing,ironing,0.998,1,0.998,GREEN
ironing,ironing,0.995,1,0.995,GREEN
ironing,ironing,0.964,1,0.964,GREEN
ironing,ironing,0.963,1,0.963,GREEN
ironing,ironing,0.981,1,0.981,GREEN
ironing,ironing,0.882,1,0.882,GREEN
ironing,ironing,0.844,1,0.844,GREEN
ironing,ironing,0.817,1,0.817,GREEN
ironing,ironing,0.897,1,0.897,GREEN
ironing,ironing,0.926,1,0.926,GREEN
ironing,ironing,0.983,1,0.983,GREEN
ironing,ironing,0.992,1,0.992,GREEN
ironing,ironing,0.997,1,0.997,GREEN
ironing,ironing,0.965,1,0.965,GREEN
ironing,ironing,0.936,1,0.936,GREEN
ironing,ironing,0.953,1,0.953,GREEN
ironing,ironing,0.954,1,0.954,GREEN
ironing,ironing,0.955,1,0.955,GREEN
ironing,ironing,0.963,1,0.963,GREEN
ironing,ironing,0.983,1,0.983,GREEN
ironing,ironing,0.992,1,0.992,GREEN
ironing,ironing,0.991,1,0.991,GREEN
ironing,ironing,0.976,1,0.976,GREEN
ironing,ironing,0.982,1,0.982,GREEN
ironing,ironing,0.937,1,0.937,GREEN
ironing,ironing,0.909,1,0.909,GREEN
ironing,ironing,0.891,1,0.891,GREEN
ironing,ironing,0.931,1,0.931,GREEN
ironing,ironing,0.936,1,0.936,GREEN
ironing,ironing,0.965,1,0.965,GREEN
ironing,ironing,0.979,1,0.979,GREEN
ironing,ironing,0.976,1,0.976,GREEN
ironing,ironing,0.922,1,0.922,GREEN
ironing,ironing,0.855,1,0.855,GREEN
ironing,ironing,0.862,1,0.862,GREEN
ironing,ironing,0.82,1,0.82,GREEN
ironing,ironing,0.92,1,0.92,GREEN
ironing,ironing,0.973,1,0.973,GREEN
ironing,ironing,0.981,1,0.981,GREEN
ironing,ironing,0.983,1,0.983,GREEN
ironing,ironing,0.948,1,0.948,GREEN
ironing,ironing,0.992,1,0.992,GREEN
ironing,ironing,0.989,1,0.989,GREEN
ironing,ironing,0.968,1,0.968,GREEN
ironing,ironing,0.948,1,0.948,GREEN
ironing,ironing,0.951,1,0.951,GREEN
ironing,ironing,0.929,1,0.929,GREEN
ironing,ironing,0.955,1,0.955,GREEN
ironing,ironing,0.855,1,0.855,GREEN
ironing,ironing,0.741,1,0.741,YELLOW
ironing,ironing,0.819,1,0.819,GREEN
ironing,ironing,0.886,1,0.886,GREEN
ironing,ironing,0.845,1,0.845,GREEN
ironing,ironing,0.746,1,0.746,YELLOW
ironing,ironing,0.814,1,0.814,GREEN
ironing,ironing,0.918,1,0.918,GREEN
ironing,ironing,0.973,1,0.973,GREEN
ironing,ironing,0.987,1,0.987,GREEN
ironing,ironing,0.98,1,0.98,GREEN
ironing,ironing,0.946,1,0.946,GREEN
ironing,ironing,0.963,1,0.963,GREEN
ironing,ironing,0.966,1,0.966,GREEN
ironing,ironing,0.975,1,0.975,GREEN
ironing,ironing,0.985,1,0.985,GREEN
ironing,ironing,0.982,1,0.982,GREEN
ironing,ironing,0.95,1,0.95,GREEN
ironing,ironing,0.93,1,0.93,GREEN
ironing,ironing,0.928,1,0.928,GREEN
ironing,ironing,0.951,1,0.951,GREEN
ironing,ironing,0.842,1,0.842,GREEN
ironing,ironing,0.71,1,0.71,YELLOW
ironing,ironing,0.935,1,0.935,GREEN
ironing,ironing,0.791,1,0.791,GREEN
ironing,ironing,0.823,1,0.823,GREEN
ironing,ironing,0.936,1,0.936,GREEN
ironing,ironing,0.975,1,0.975,GREEN
ironing,ironing,0.958,1,0.958,GREEN
ironing,ironing,0.932,1,0.932,GREEN
ironing,ironing,0.91,1,0.91,GREEN
ironing,ironing,0.918,1,0.918,GREEN
ironing,ironing,0.909,1,0.909,GREEN
ironing,ironing,0.909,1,0.909,GREEN
ironing,ironing,0.928,1,0.928,GREEN
ironing,ironing,0.99,1,0.99,GREEN
ironing,ironing,0.987,1,0.987,GREEN
ironing,ironing,0.992,1,0.992,GREEN
ironing,ironing,0.985,1,0.985,GREEN
ironing,ironing,0.882,1,0.882,GREEN
ironing,ironing,0.743,1,0.743,YELLOW
ironing,ironing,0.753,1,0.753,GREEN
ironing,ironing,0.534,1,0.534,YELLOW
ironing,ironing,0.544,1,0.544,YELLOW
ironing,ironing,0.556,1,0.556,YELLOW
ironing,ironing,0.828,1,0.828,GREEN
ironing,ironing,0.966,1,0.966,GREEN
ironing,ironing,0.926,1,0.926,GREEN
ironing,ironing,0.913,1,0.913,GREEN
ironing,ironing,0.899,1,0.899,GREEN
ironing,ironing,0.834,1,0.834,GREEN
ironing,ironing,0.861,1,0.861,GREEN
ironing,ironing,0.873,1,0.873,GREEN
ironing,ironing,0.872,1,0.872,GREEN
ironing,ironing,0.929,1,0.929,GREEN
ironing,ironing,0.917,1,0.917,GREEN
ironing,ironing,0.845,1,0.845,GREEN
ironing,ironing,0.769,1,0.769,GREEN
ironing,ironing,0.83,1,0.83,GREEN
ironing,ironing,0.832,1,0.832,GREEN
ironing,ironing,0.872,1,0.872,GREEN
ironing,ironing,0.914,1,0.914,GREEN
ironing,ironing,0.954,1,0.954,GREEN
ironing,ironing,0.963,1,0.963,GREEN
ironing,ironing,0.899,1,0.899,GREEN
ironing,ironing,0.867,1,0.867,GREEN
ironing,ironing,0.829,1,0.829,GREEN
ironing,ironing,0.748,1,0.748,YELLOW
ironing,ironing,0.708,1,0.708,YELLOW
ironing,ironing,0.919,1,0.919,GREEN
ironing,ironing,0.879,1,0.879,GREEN
ironing,ironing,0.786,1,0.786,GREEN
ironing,ironing,0.845,1,0.845,GREEN
ironing,ironing,0.925,1,0.925,GREEN
ironing,ironing,0.897,1,0.897,GREEN
ironing,ironing,0.821,1,0.821,GREEN
ironing,ironing,0.859,1,0.859,GREEN
ironing,ironing,0.836,1,0.836,GREEN
ironing,ironing,0.956,1,0.956,GREEN
ironing,ironing,0.985,1,0.985,GREEN
ironing,ironing,0.971,1,0.971,GREEN
ironing,ironing,0.914,1,0.914,GREEN
ironing,ironing,0.975,1,0.975,GREEN
ironing,ironing,0.846,1,0.846,GREEN
ironing,ironing,0.6,1,0.6,YELLOW
ironing,ironing,0.509,1,0.509,YELLOW
ironing,ironing,0.59,1,0.59,YELLOW
ironing,ironing,0.815,1,0.815,GREEN
ironing,ironing,0.978,1,0.978,GREEN
ironing,ironing,0.989,1,0.989,GREEN
ironing,ironing,0.858,1,0.858,GREEN
ironing,ironing,0.834,1,0.834,GREEN
ironing,ironing,0.938,1,0.938,GREEN
ironing,ironing,0.938,1,0.938,GREEN
ironing,ironing,0.946,1,0.946,GREEN
ironing,ironing,0.979,1,0.979,GREEN
ironing,ironing,0.982,1,0.982,GREEN
ironing,ironing,0.998,1,0.998,GREEN
ironing,ironing,0.997,1,0.997,GREEN
ironing,ironing,0.967,1,0.967,GREEN
ironing,ironing,0.998,1,0.998,GREEN
ironing,ironing,0.987,1,0.987,GREEN
ironing,ironing,0.982,1,0.982,GREEN
ironing,ironing,0.984,1,0.984,GREEN
ironing,ironing,0.993,1,0.993,GREEN
ironing,ironing,0.995,1,0.995,GREEN
ironing,ironing,0.979,1,0.979,GREEN
ironing,ironing,0.983,1,0.983,GREEN
ironing,ironing,0.995,1,0.995,GREEN
ironing,ironing,0.984,1,0.984,GREEN
ironing,ironing,0.964,1,0.964,GREEN
ironing,ironing,0.912,1,0.912,GREEN
ironing,ironing,0.958,1,0.958,GREEN
ironing,ironing,0.98,1,0.98,GREEN
ironing,ironing,0.987,1,0.987,GREEN
ironing,ironing,0.983,1,0.983,GREEN
ironing,ironing,0.971,1,0.971,GREEN
ironing,ironing,0.956,1,0.956,GREEN
ironing,ironing,0.866,1,0.866,GREEN
ironing,ironing,0.923,1,0.923,GREEN
ironing,ironing,0.912,1,0.912,GREEN
ironing,ironing,0.83,1,0.83,GREEN
ironing,ironing,0.651,1,0.651,YELLOW
ironing,ironing,0.547,1,0.547,YELLOW
ironing,ironing,0.988,1,0.988,GREEN
ironing,ironing,0.981,1,0.981,GREEN
ironing,ironing,0.951,1,0.951,GREEN
ironing,ironing,0.981,1,0.981,GREEN
ironing,ironing,0.663,1,0.663,YELLOW
ironing,ironing,0.69,1,0.69,YELLOW
ironing,ironing,0.71,1,0.71,YELLOW
ironing,ironing,0.789,1,0.789,GREEN
ironing,ironing,0.713,1,0.713,YELLOW
ironing,ironing,0.645,1,0.645,YELLOW
ironing,ironing,0.514,1,0.514,YELLOW
ironing,ironing,0.508,1,0.508,YELLOW
ironing,ironing,0.717,1,0.717,YELLOW
ironing,ironing,0.877,1,0.877,GREEN
ironing,ironing,0.874,1,0.874,GREEN
ironing,ironing,0.82,1,0.82,GREEN
ironing,ironing,0.678,1,0.678,YELLOW
ironing,ironing,0.683,1,0.683,YELLOW
ironing,ironing,0.814,1,0.814,GREEN
ironing,ironing,0.519,1,0.519,YELLOW
ironing,ironing,0.506,1,0.506,YELLOW
ironing,ironing,0.724,1,0.724,YELLOW
ironing,ironing,0.792,1,0.792,GREEN
ironing,ironing,0.938,1,0.938,GREEN
ironing,ironing,0.938,1,0.938,GREEN
ironing,ironing,0.947,1,0.947,GREEN
ironing,ironing,0.906,1,0.906,GREEN
ironing,ironing,0.958,1,0.958,GREEN
ironing,ironing,0.947,1,0.947,GREEN
ironing,ironing,0.874,1,0.874,GREEN
ironing,ironing,0.717,1,0.717,YELLOW
ironing,ironing,0.805,1,0.805,GREEN
ironing,ironing,0.851,1,0.851,GREEN
ironing,ironing,0.871,1,0.871,GREEN
ironing,ironing,0.969,1,0.969,GREEN
ironing,ironing,0.997,1,0.997,GREEN
ironing,ironing,0.99,1,0.99,GREEN
ironing,ironing,0.986,1,0.986,GREEN
ironing,ironing,0.993,1,0.993,GREEN
ironing,ironing,0.957,1,0.957,GREEN
ironing,ironing,0.978,1,0.978,GREEN
ironing,ironing,0.786,1,0.786,GREEN
ironing,ironing,0.555,1,0.555,YELLOW
ironing,ironing,0.543,1,0.543,YELLOW
ironing,ironing,0.924,1,0.924,GREEN
ironing,ironing,0.925,1,0.925,GREEN
ironing,ironing,0.956,1,0.956,GREEN
ironing,ironing,0.931,1,0.931,GREEN
ironing,ironing,0.959,1,0.959,GREEN
ironing,ironing,0.909,1,0.909,GREEN
ironing,ironing,0.877,1,0.877,GREEN
ironing,ironing,0.893,1,0.893,GREEN
ironing,ironing,0.813,1,0.813,GREEN
ironing,ironing,0.539,1,0.539,YELLOW
ironing,ironing,0.635,1,0.635,YELLOW
ironing,ironing,0.969,1,0.969,GREEN
ironing,ironing,0.913,1,0.913,GREEN
ironing,ironing,0.843,1,0.843,GREEN
ironing,ironing,0.878,1,0.878,GREEN
ironing,ironing,0.96,1,0.96,GREEN
ironing,ironing,0.981,1,0.981,GREEN
ironing,ironing,0.981,1,0.981,GREEN
ironing,ironing,0.977,1,0.977,GREEN
ironing,ironing,0.836,1,0.836,GREEN
ironing,ironing,0.725,1,0.725,YELLOW
ironing,ironing,0.778,1,0.778,GREEN
ironing,ironing,0.783,1,0.783,GREEN
ironing,ironing,0.74,1,0.74,YELLOW
ironing,ironing,0.764,1,0.764,GREEN
ironing,ironing,0.782,1,0.782,GREEN
ironing,ironing,0.828,1,0.828,GREEN
ironing,ironing,0.895,1,0.895,GREEN
ironing,ironing,0.731,1,0.731,YELLOW
ironing,ironing,0.745,1,0.745,YELLOW
ironing,ironing,0.807,1,0.807,GREEN
ironing,ironing,0.764,1,0.764,GREEN
ironing,ironing,0.82,1,0.82,GREEN
ironing,ironing,0.866,1,0.866,GREEN
ironing,ironing,0.754,1,0.754,GREEN
ironing,ironing,0.718,1,0.718,YELLOW
ironing,ironing,0.853,1,0.853,GREEN
ironing,ironing,0.821,1,0.821,GREEN
ironing,ironing,0.669,1,0.669,YELLOW
ironing,ironing,0.828,1,0.828,GREEN
ironing,ironing,0.978,1,0.978,GREEN
ironing,ironing,0.74,1,0.74,YELLOW
ironing,ironing,0.88,1,0.88,GREEN
ironing,ironing,0.842,1,0.842,GREEN
ironing,ironing,0.833,1,0.833,GREEN
ironing,ironing,0.738,1,0.738,YELLOW
ironing,ironing,0.767,1,0.767,GREEN
ironing,ironing,0.939,1,0.939,GREEN
ironing,ironing,0.884,1,0.884,GREEN
ironing,ironing,0.864,1,0.864,GREEN
ironing,ironing,0.897,1,0.897,GREEN
ironing,ironing,0.796,1,0.796,GREEN
ironing,ironing,0.781,1,0.781,GREEN
ironing,ironing,0.758,1,0.758,GREEN
ironing,ironing,0.77,1,0.77,GREEN
ironing,ironing,0.599,1,0.599,YELLOW
ironing,ironing,0.485,1,0.485,YELLOW
ironing,ironing,0.688,1,0.688,YELLOW
ironing,ironing,0.882,1,0.882,GREEN
ironing,ironing,0.859,1,0.859,GREEN
ironing,ironing,0.866,1,0.866,GREEN
ironing,ironing,0.915,1,0.915,GREEN
ironing,ironing,0.966,1,0.966,GREEN
ironing,ironing,0.881,1,0.881,GREEN
ironing,ironing,0.897,1,0.897,GREEN
ironing,ironing,0.821,1,0.821,GREEN
ironing,ironing,0.925,1,0.925,GREEN
ironing,ironing,0.839,1,0.839,GREEN
ironing,ironing,0.818,1,0.818,GREEN
ironing,ironing,0.861,1,0.861,GREEN
ironing,ironing,0.936,1,0.936,GREEN
ironing,ironing,0.975,1,0.975,GREEN
ironing,ironing,0.989,1,0.989,GREEN
ironing,ironing,0.983,1,0.983,GREEN
ironing,ironing,0.945,1,0.945,GREEN
ironing,ironing,0.774,1,0.774,GREEN
ironing,ironing,0.695,1,0.695,YELLOW
ironing,ironing,0.599,1,0.599,YELLOW
ironing,ironing,0.717,1,0.717,YELLOW
ironing,ironing,0.766,1,0.766,GREEN
ironing,ironing,0.788,1,0.788,GREEN
ironing,ironing,0.82,1,0.82,GREEN
ironing,ironing,0.699,1,0.699,YELLOW
ironing,ironing,0.508,1,0.508,YELLOW
ironing,ironing,0.71,1,0.71,YELLOW
ironing,ironing,0.886,1,0.886,GREEN
ironing,ironing,0.621,1,0.621,YELLOW
ironing,ironing,0.654,1,0.654,YELLOW
ironing,ironing,0.732,1,0.732,YELLOW
ironing,ironing,0.616,1,0.616,YELLOW
ironing,ironing,0.8,1,0.8,GREEN
ironing,ironing,0.788,1,0.788,GREEN
ironing,ironing,0.615,1,0.615,YELLOW
ironing,ironing,0.597,1,0.597,YELLOW
ironing,ironing,0.535,1,0.535,YELLOW
ironing,ironing,0.662,1,0.662,YELLOW
ironing,ironing,0.727,1,0.727,YELLOW
ironing,ironing,0.877,1,0.877,GREEN
ironing,ironing,0.942,1,0.942,GREEN
ironing,ironing,0.964,1,0.964,GREEN
ironing,ironing,0.937,1,0.937,GREEN
ironing,ironing,0.924,1,0.924,GREEN
ironing,ironing,0.799,1,0.799,GREEN
ironing,ironing,0.806,1,0.806,GREEN
ironing,ironing,0.846,1,0.846,GREEN
ironing,ironing,0.958,1,0.958,GREEN
ironing,ironing,0.882,1,0.882,GREEN
ironing,ironing,0.849,1,0.849,GREEN
ironing,ironing,0.821,1,0.821,GREEN
ironing,ironing,0.914,1,0.914,GREEN
ironing,ironing,0.712,1,0.712,YELLOW
ironing,ironing,0.752,1,0.752,GREEN
ironing,ironing,0.796,1,0.796,GREEN
ironing,ironing,0.849,1,0.849,GREEN
ironing,ironing,0.852,1,0.852,GREEN
ironing,ironing,0.909,1,0.909,GREEN
ironing,ironing,0.8,1,0.8,GREEN
ironing,ironing,0.799,1,0.799,GREEN
ironing,ironing,0.691,1,0.691,YELLOW
ironing,ironing,0.666,1,0.666,YELLOW
ironing,ironing,0.689,1,0.689,YELLOW
ironing,ironing,0.684,1,0.684,YELLOW
ironing,ironing,0.76,1,0.76,GREEN
ironing,ironing,0.755,1,0.755,GREEN
ironing,ironing,0.845,1,0.845,GREEN
ironing,ironing,0.935,1,0.935,GREEN
ironing,ironing,0.874,1,0.874,GREEN
ironing,ironing,0.874,1,0.874,GREEN
ironing,ironing,0.888,1,0.888,GREEN
ironing,ironing,0.925,1,0.925,GREEN
ironing,ironing,0.875,1,0.875,GREEN
ironing,ironing,0.857,1,0.857,GREEN
ironing,ironing,0.735,1,0.735,YELLOW
ironing,ironing,0.842,1,0.842,GREEN
ironing,ironing,0.892,1,0.892,GREEN
ironing,ironing,0.961,1,0.961,GREEN
ironing,ironing,0.998,1,0.998,GREEN
ironing,ironing,0.987,1,0.987,GREEN
ironing,ironing,0.956,1,0.956,GREEN
ironing,ironing,0.628,1,0.628,YELLOW
ironing,ironing,0.601,1,0.601,YELLOW
ironing,ironing,0.707,1,0.707,YELLOW
ironing,ironing,0.862,1,0.862,GREEN
ironing,ironing,0.91,1,0.91,GREEN
ironing,ironing,0.858,1,0.858,GREEN
ironing,ironing,0.841,1,0.841,GREEN
ironing,ironing,0.775,1,0.775,GREEN
ironing,ironing,0.722,1,0.722,YELLOW
ironing,ironing,0.891,1,0.891,GREEN
ironing,ironing,0.647,1,0.647,YELLOW
ironing,ironing,0.551,1,0.551,YELLOW
ironing,ironing,0.86,1,0.86,GREEN
ironing,ironing,0.939,1,0.939,GREEN
ironing,ironing,0.912,1,0.912,GREEN
ironing,ironing,0.8,1,0.8,GREEN
ironing,ironing,0.804,1,0.804,GREEN
ironing,ironing,0.929,1,0.929,GREEN
ironing,ironing,0.983,1,0.983,GREEN
ironing,ironing,0.994,1,0.994,GREEN
ironing,ironing,0.989,1,0.989,GREEN
ironing,ironing,0.951,1,0.951,GREEN
ironing,ironing,0.852,1,0.852,GREEN
ironing,ironing,0.788,1,0.788,GREEN
ironing,ironing,0.853,1,0.853,GREEN
ironing,ironing,0.898,1,0.898,GREEN
ironing,ironing,0.983,1,0.983,GREEN
ironing,ironing,0.993,1,0.993,GREEN
ironing,ironing,0.979,1,0.979,GREEN
ironing,ironing,0.981,1,0.981,GREEN
ironing,ironing,0.987,1,0.987,GREEN
ironing,ironing,0.999,1,0.999,GREEN
ironing,ironing,0.989,1,0.989,GREEN
ironing,ironing,0.952,1,0.952,GREEN
ironing,ironing,0.915,1,0.915,GREEN
ironing,ironing,0.784,1,0.784,GREEN
ironing,ironing,0.65,1,0.65,YELLOW
ironing,ironing,0.695,1,0.695,YELLOW
ironing,ironing,0.867,1,0.867,GREEN
ironing,ironing,0.985,1,0.985,GREEN
ironing,ironing,0.994,1,0.994,GREEN
ironing,ironing,0.955,1,0.955,GREEN
ironing,ironing,0.83,1,0.83,GREEN
ironing,ironing,0.876,1,0.876,GREEN
ironing,ironing,0.999,1,0.999,GREEN
ironing,ironing,0.96,1,0.96,GREEN
ironing,ironing,0.742,1,0.742,YELLOW
ironing,ironing,0.804,1,0.804,GREEN
ironing,ironing,0.99,1,0.99,GREEN
ironing,ironing,0.991,1,0.991,GREEN
ironing,ironing,0.995,1,0.995,GREEN
ironing,ironing,0.99,1,0.99,GREEN
ironing,ironing,0.99,1,0.99,GREEN
ironing,ironing,0.898,1,0.898,GREEN
ironing,ironing,0.76,1,0.76,GREEN
ironing,ironing,0.822,1,0.822,GREEN
ironing,ironing,0.787,1,0.787,GREEN
ironing,ironing,0.831,1,0.831,GREEN
ironing,ironing,0.795,1,0.795,GREEN
ironing,ironing,0.93,1,0.93,GREEN
ironing,ironing,0.993,1,0.993,GREEN
ironing,ironing,0.978,1,0.978,GREEN
ironing,ironing,0.565,1,0.565,YELLOW
ironing,ironing,0.646,1,0.646,YELLOW
ironing,ironing,0.782,1,0.782,GREEN
ironing,ironing,0.85,1,0.85,GREEN
ironing,ironing,0.859,1,0.859,GREEN
ironing,ironing,0.773,1,0.773,GREEN
ironing,ironing,0.733,1,0.733,YELLOW
ironing,ironing,0.808,1,0.808,GREEN
ironing,ironing,0.959,1,0.959,GREEN
ironing,ironing,0.947,1,0.947,GREEN
ironing,ironing,0.942,1,0.942,GREEN
ironing,ironing,0.835,1,0.835,GREEN
ironing,ironing,0.565,1,0.565,YELLOW
ironing,ironing,0.778,1,0.778,GREEN
ironing,ironing,0.9,1,0.9,GREEN
ironing,ironing,0.966,1,0.966,GREEN
ironing,ironing,0.955,1,0.955,GREEN
ironing,ironing,0.94,1,0.94,GREEN
ironing,ironing,0.885,1,0.885,GREEN
ironing,ironing,0.877,1,0.877,GREEN
ironing,ironing,0.979,1,0.979,GREEN
ironing,ironing,0.923,1,0.923,GREEN
ironing,ironing,0.932,1,0.932,GREEN
ironing,ironing,0.991,1,0.991,GREEN
ironing,ironing,0.974,1,0.974,GREEN
ironing,ironing,0.896,1,0.896,GREEN
ironing,ironing,0.991,1,0.991,GREEN
ironing,ironing,0.999,1,0.999,GREEN
ironing,ironing,0.994,1,0.994,GREEN
ironing,ironing,0.997,1,0.997,GREEN
ironing,ironing,0.996,1,0.996,GREEN
ironing,ironing,0.982,1,0.982,GREEN
ironing,ironing,0.954,1,0.954,GREEN
ironing,ironing,0.833,1,0.833,GREEN
ironing,ironing,0.849,1,0.849,GREEN
ironing,ironing,0.849,1,0.849,GREEN
ironing,ironing,0.784,1,0.784,GREEN
ironing,ironing,0.731,1,0.731,YELLOW
ironing,ironing,0.958,1,0.958,GREEN
ironing,ironing,0.904,1,0.904,GREEN
ironing,ironing,0.809,1,0.809,GREEN
ironing,ironing,0.926,1,0.926,GREEN
ironing,ironing,0.98,1,0.98,GREEN
ironing,ironing,0.98,1,0.98,GREEN
ironing,ironing,0.98,1,0.98,GREEN
ironing,ironing,0.936,1,0.936,GREEN
ironing,ironing,0.843,1,0.843,GREEN
ironing,ironing,0.853,1,0.853,GREEN
ironing,ironing,0.823,1,0.823,GREEN
ironing,ironing,0.681,1,0.681,YELLOW
ironing,ironing,0.529,1,0.529,YELLOW
ironing,ironing,0.702,1,0.702,YELLOW
ironing,ironing,0.718,1,0.718,YELLOW
ironing,ironing,0.833,1,0.833,GREEN
ironing,ironing,0.889,1,0.889,GREEN
ironing,ironing,0.747,1,0.747,YELLOW
ironing,ironing,0.822,1,0.822,GREEN
ironing,ironing,0.957,1,0.957,GREEN
ironing,ironing,0.983,1,0.983,GREEN
ironing,ironing,0.987,1,0.987,GREEN
ironing,ironing,0.989,1,0.989,GREEN
ironing,ironing,0.889,1,0.889,GREEN
ironing,ironing,0.949,1,0.949,GREEN
ironing,ironing,0.933,1,0.933,GREEN
ironing,ironing,0.901,1,0.901,GREEN
ironing,ironing,0.873,1,0.873,GREEN
ironing,ironing,0.943,1,0.943,GREEN
ironing,ironing,0.846,1,0.846,GREEN
ironing,ironing,0.925,1,0.925,GREEN
ironing,ironing,0.893,1,0.893,GREEN
ironing,ironing,0.76,1,0.76,GREEN
ironing,ironing,0.786,1,0.786,GREEN
ironing,ironing,0.655,1,0.655,YELLOW
ironing,ironing,0.749,1,0.749,YELLOW
ironing,ironing,0.777,1,0.777,GREEN
ironing,ironing,0.694,1,0.694,YELLOW
ironing,ironing,0.644,1,0.644,YELLOW
ironing,ironing,0.683,1,0.683,YELLOW
ironing,ironing,0.594,1,0.594,YELLOW
ironing,ironing,0.625,1,0.625,YELLOW
ironing,ironing,0.61,1,0.61,YELLOW
ironing,ironing,0.601,1,0.601,YELLOW
ironing,ironing,0.651,1,0.651,YELLOW
ironing,ironing,0.582,1,0.582,YELLOW
ironing,ironing,0.413,1,0.413,RED
ironing,ironing,0.418,1,0.418,RED
ironing,ironing,0.542,1,0.542,YELLOW
ironing,ironing,0.661,1,0.661,YELLOW
ironing,ironing,0.752,1,0.752,GREEN
ironing,ironing,0.729,1,0.729,YELLOW
ironing,ironing,0.738,1,0.738,YELLOW
ironing,ironing,0.704,1,0.704,YELLOW
ironing,ironing,0.71,1,0.71,YELLOW
ironing,ironing,0.716,1,0.716,YELLOW
ironing,ironing,0.572,1,0.572,YELLOW
ironing,ironing,0.637,1,0.637,YELLOW
ironing,ironing,0.654,1,0.654,YELLOW
ironing,ironing,0.684,1,0.684,YELLOW
ironing,ironing,0.859,1,0.859,GREEN
ironing,ironing,0.882,1,0.882,GREEN
ironing,ironing,0.841,1,0.841,GREEN
ironing,ironing,0.808,1,0.808,GREEN
ironing,ironing,0.854,1,0.854,GREEN
ironing,ironing,0.74,1,0.74,YELLOW
ironing,ironing,0.741,1,0.741,YELLOW
ironing,ironing,0.772,1,0.772,GREEN
ironing,ironing,0.819,1,0.819,GREEN
ironing,ironing,0.908,1,0.908,GREEN
ironing,ironing,0.832,1,0.832,GREEN
ironing,ironing,0.763,1,0.763,GREEN
ironing,ironing,0.788,1,0.788,GREEN
ironing,ironing,0.769,1,0.769,GREEN
ironing,ironing,0.708,1,0.708,YELLOW
ironing,ironing,0.64,1,0.64,YELLOW
ironing,ironing,0.846,1,0.846,GREEN
ironing,ironing,0.948,1,0.948,GREEN
ironing,ironing,0.994,1,0.994,GREEN
ironing,ironing,0.986,1,0.986,GREEN
ironing,ironing,0.945,1,0.945,GREEN
ironing,ironing,0.889,1,0.889,GREEN
ironing,ironing,0.961,1,0.961,GREEN
ironing,ironing,0.969,1,0.969,GREEN
ironing,ironing,0.973,1,0.973,GREEN
ironing,ironing,0.945,1,0.945,GREEN
ironing,ironing,0.923,1,0.923,GREEN
ironing,ironing,0.915,1,0.915,GREEN
ironing,ironing,0.877,1,0.877,GREEN
ironing,ironing,0.828,1,0.828,GREEN
ironing,ironing,0.812,1,0.812,GREEN
ironing,ironing,0.863,1,0.863,GREEN
ironing,ironing,0.887,1,0.887,GREEN
ironing,ironing,0.899,1,0.899,GREEN
ironing,ironing,0.87,1,0.87,GREEN
ironing,ironing,0.825,1,0.825,GREEN
ironing,ironing,0.817,1,0.817,GREEN
ironing,ironing,0.78,1,0.78,GREEN
ironing,ironing,0.777,1,0.777,GREEN
ironing,ironing,0.793,1,0.793,GREEN
ironing,ironing,0.722,1,0.722,YELLOW
ironing,ironing,0.78,1,0.78,GREEN
ironing,ironing,0.775,1,0.775,GREEN
ironing,ironing,0.752,1,0.752,GREEN
ironing,ironing,0.769,1,0.769,GREEN
ironing,ironing,0.794,1,0.794,GREEN
ironing,ironing,0.768,1,0.768,GREEN
ironing,ironing,0.735,1,0.735,YELLOW
ironing,ironing,0.769,1,0.769,GREEN
ironing,ironing,0.743,1,0.743,YELLOW
ironing,ironing,0.753,1,0.753,GREEN
ironing,ironing,0.766,1,0.766,GREEN
ironing,ironing,0.676,1,0.676,YELLOW
ironing,ironing,0.751,1,0.751,GREEN
ironing,ironing,0.807,1,0.807,GREEN
ironing,ironing,0.838,1,0.838,GREEN
ironing,ironing,0.839,1,0.839,GREEN
ironing,ironing,0.828,1,0.828,GREEN
ironing,ironing,0.81,1,0.81,GREEN
ironing,ironing,0.872,1,0.872,GREEN
ironing,ironing,0.98,1,0.98,GREEN
ironing,ironing,0.992,1,0.992,GREEN
ironing,ironing,0.99,1,0.99,GREEN
ironing,ironing,0.987,1,0.987,GREEN
ironing,ironing,0.974,1,0.974,GREEN
ironing,ironing,0.973,1,0.973,GREEN
ironing,ironing,0.956,1,0.956,GREEN
ironing,ironing,0.928,1,0.928,GREEN
ironing,ironing,0.926,1,0.926,GREEN
ironing,ironing,0.939,1,0.939,GREEN
ironing,ironing,0.86,1,0.86,GREEN
ironing,ironing,0.953,1,0.953,GREEN
ironing,ironing,0.906,1,0.906,GREEN
ironing,ironing,0.885,1,0.885,GREEN
ironing,ironing,0.766,1,0.766,GREEN
ironing,ironing,0.772,1,0.772,GREEN
ironing,ironing,0.7,1,0.7,YELLOW
ironing,ironing,0.625,1,0.625,YELLOW
ironing,ironing,0.546,1,0.546,YELLOW
ironing,ironing,0.428,1,0.428,RED
ironing,ironing,0.534,1,0.534,YELLOW
ironing,ironing,0.501,1,0.501,YELLOW
ironing,ironing,0.648,1,0.648,YELLOW
ironing,ironing,0.799,1,0.799,GREEN
vacuuming,ironing,0.213,0,0.0,RED
vacuuming,ironing,0.201,0,0.0,RED
vacuuming,vacuuming,0.257,1,0.257,RED
vacuuming,vacuuming,0.274,1,0.274,RED
vacuuming,vacuuming,0.266,1,0.266,RED
vacuuming,vacuuming,0.284,1,0.284,RED
vacuuming,vacuuming,0.286,1,0.286,RED
vacuuming,vacuuming,0.425,1,0.425,RED
vacuuming,vacuuming,0.616,1,0.616,YELLOW
vacuuming,vacuuming,0.592,1,0.592,YELLOW
vacuuming,vacuuming,0.458,1,0.458,YELLOW
vacuuming,vacuuming,0.618,1,0.618,YELLOW
vacuuming,vacuuming,0.816,1,0.816,GREEN
vacuuming,vacuuming,0.896,1,0.896,GREEN
vacuuming,vacuuming,0.917,1,0.917,GREEN
vacuuming,vacuuming,0.84,1,0.84,GREEN
vacuuming,vacuuming,0.833,1,0.833,GREEN
vacuuming,vacuuming,0.828,1,0.828,GREEN
vacuuming,vacuuming,0.661,1,0.661,YELLOW
vacuuming,vacuuming,0.567,1,0.567,YELLOW
vacuuming,vacuuming,0.768,1,0.768,GREEN
vacuuming,vacuuming,0.855,1,0.855,GREEN
vacuuming,vacuuming,0.802,1,0.802,GREEN
vacuuming,vacuuming,0.856,1,0.856,GREEN
vacuuming,vacuuming,0.744,1,0.744,YELLOW
vacuuming,vacuuming,0.782,1,0.782,GREEN
vacuuming,vacuuming,0.873,1,0.873,GREEN
vacuuming,vacuuming,0.93,1,0.93,GREEN
vacuuming,vacuuming,0.954,1,0.954,GREEN
vacuuming,vacuuming,0.977,1,0.977,GREEN
vacuuming,vacuuming,0.95,1,0.95,GREEN
vacuuming,vacuuming,0.898,1,0.898,GREEN
vacuuming,vacuuming,0.889,1,0.889,GREEN
vacuuming,vacuuming,0.866,1,0.866,GREEN
vacuuming,vacuuming,0.924,1,0.924,GREEN
vacuuming,vacuuming,0.937,1,0.937,GREEN
vacuuming,vacuuming,0.889,1,0.889,GREEN
vacuuming,vacuuming,0.925,1,0.925,GREEN
vacuuming,vacuuming,0.91,1,0.91,GREEN
vacuuming,vacuuming,0.944,1,0.944,GREEN
vacuuming,vacuuming,0.956,1,0.956,GREEN
vacuuming,vacuuming,0.916,1,0.916,GREEN
vacuuming,vacuuming,0.915,1,0.915,GREEN
vacuuming,vacuuming,0.993,1,0.993,GREEN
vacuuming,vacuuming,0.99,1,0.99,GREEN
vacuuming,vacuuming,0.978,1,0.978,GREEN
vacuuming,vacuuming,0.946,1,0.946,GREEN
vacuuming,vacuuming,0.798,1,0.798,GREEN
vacuuming,vacuuming,0.85,1,0.85,GREEN
vacuuming,vacuuming,0.983,1,0.983,GREEN
vacuuming,vacuuming,0.992,1,0.992,GREEN
vacuuming,vacuuming,0.99,1,0.99,GREEN
vacuuming,vacuuming,0.976,1,0.976,GREEN
vacuuming,vacuuming,0.938,1,0.938,GREEN
vacuuming,vacuuming,0.892,1,0.892,GREEN
vacuuming,vacuuming,0.918,1,0.918,GREEN
vacuuming,vacuuming,0.931,1,0.931,GREEN
vacuuming,vacuuming,0.844,1,0.844,GREEN
vacuuming,vacuuming,0.304,1,0.304,RED
vacuuming,vacuuming,0.452,1,0.452,YELLOW
vacuuming,vacuuming,0.388,1,0.388,RED
vacuuming,vacuuming,0.526,1,0.526,YELLOW
vacuuming,vacuuming,0.808,1,0.808,GREEN
vacuuming,vacuuming,0.887,1,0.887,GREEN
vacuuming,vacuuming,0.873,1,0.873,GREEN
vacuuming,vacuuming,0.869,1,0.869,GREEN
vacuuming,vacuuming,0.886,1,0.886,GREEN
vacuuming,vacuuming,0.956,1,0.956,GREEN
vacuuming,vacuuming,0.982,1,0.982,GREEN
vacuuming,vacuuming,0.981,1,0.981,GREEN
vacuuming,vacuuming,0.927,1,0.927,GREEN
vacuuming,vacuuming,0.928,1,0.928,GREEN
vacuuming,vacuuming,0.976,1,0.976,GREEN
vacuuming,vacuuming,0.957,1,0.957,GREEN
vacuuming,vacuuming,0.59,1,0.59,YELLOW
vacuuming,vacuuming,0.409,1,0.409,RED
vacuuming,vacuuming,0.628,1,0.628,YELLOW
vacuuming,vacuuming,0.995,1,0.995,GREEN
vacuuming,vacuuming,0.973,1,0.973,GREEN
vacuuming,vacuuming,0.982,1,0.982,GREEN
vacuuming,vacuuming,0.973,1,0.973,GREEN
vacuuming,vacuuming,0.967,1,0.967,GREEN
vacuuming,vacuuming,0.927,1,0.927,GREEN
vacuuming,vacuuming,0.53,1,0.53,YELLOW
vacuuming,vacuuming,0.368,1,0.368,RED
vacuuming,vacuuming,0.478,1,0.478,YELLOW
vacuuming,vacuuming,0.455,1,0.455,YELLOW
vacuuming,vacuuming,0.604,1,0.604,YELLOW
vacuuming,vacuuming,0.444,1,0.444,RED
vacuuming,vacuuming,0.521,1,0.521,YELLOW
vacuuming,vacuuming,0.786,1,0.786,GREEN
vacuuming,vacuuming,0.922,1,0.922,GREEN
vacuuming,vacuuming,0.941,1,0.941,GREEN
vacuuming,vacuuming,0.657,1,0.657,YELLOW
vacuuming,vacuuming,0.543,1,0.543,YELLOW
vacuuming,vacuuming,0.527,1,0.527,YELLOW
vacuuming,vacuuming,0.295,1,0.295,RED
vacuuming,vacuuming,0.374,1,0.374,RED
vacuuming,vacuuming,0.406,1,0.406,RED
vacuuming,vacuuming,0.329,1,0.329,RED
vacuuming,vacuuming,0.309,1,0.309,RED
vacuuming,vacuuming,0.42,1,0.42,RED
vacuuming,vacuuming,0.579,1,0.579,YELLOW
vacuuming,vacuuming,0.803,1,0.803,GREEN
vacuuming,vacuuming,0.86,1,0.86,GREEN
vacuuming,vacuuming,0.848,1,0.848,GREEN
vacuuming,vacuuming,0.868,1,0.868,GREEN
vacuuming,vacuuming,0.901,1,0.901,GREEN
vacuuming,vacuuming,0.964,1,0.964,GREEN
vacuuming,vacuuming,0.99,1,0.99,GREEN
vacuuming,vacuuming,0.997,1,0.997,GREEN
vacuuming,vacuuming,0.996,1,0.996,GREEN
vacuuming,vacuuming,0.994,1,0.994,GREEN
vacuuming,vacuuming,0.992,1,0.992,GREEN
vacuuming,vacuuming,0.995,1,0.995,GREEN
vacuuming,vacuuming,0.997,1,0.997,GREEN
vacuuming,vacuuming,0.981,1,0.981,GREEN
vacuuming,vacuuming,0.996,1,0.996,GREEN
vacuuming,vacuuming,0.93,1,0.93,GREEN
vacuuming,vacuuming,0.821,1,0.821,GREEN
vacuuming,vacuuming,0.814,1,0.814,GREEN
vacuuming,vacuuming,0.848,1,0.848,GREEN
vacuuming,vacuuming,0.866,1,0.866,GREEN
vacuuming,vacuuming,0.866,1,0.866,GREEN
vacuuming,vacuuming,0.909,1,0.909,GREEN
vacuuming,vacuuming,0.732,1,0.732,YELLOW
vacuuming,vacuuming,0.753,1,0.753,GREEN
vacuuming,vacuuming,0.684,1,0.684,YELLOW
vacuuming,vacuuming,0.644,1,0.644,YELLOW
vacuuming,vacuuming,0.628,1,0.628,YELLOW
vacuuming,vacuuming,0.795,1,0.795,GREEN
vacuuming,vacuuming,0.696,1,0.696,YELLOW
vacuuming,vacuuming,0.697,1,0.697,YELLOW
vacuuming,vacuuming,0.989,1,0.989,GREEN
vacuuming,vacuuming,0.994,1,0.994,GREEN
vacuuming,vacuuming,0.948,1,0.948,GREEN
vacuuming,vacuuming,0.858,1,0.858,GREEN
vacuuming,vacuuming,0.863,1,0.863,GREEN
vacuuming,vacuuming,0.71,1,0.71,YELLOW
vacuuming,vacuuming,0.618,1,0.618,YELLOW
vacuuming,vacuuming,0.556,1,0.556,YELLOW
vacuuming,vacuuming,0.659,1,0.659,YELLOW
vacuuming,vacuuming,0.794,1,0.794,GREEN
vacuuming,vacuuming,0.624,1,0.624,YELLOW
vacuuming,vacuuming,0.791,1,0.791,GREEN
vacuuming,vacuuming,0.684,1,0.684,YELLOW
vacuuming,vacuuming,0.282,1,0.282,RED
vacuuming,vacuuming,0.397,1,0.397,RED
vacuuming,vacuuming,0.334,1,0.334,RED
vacuuming,vacuuming,0.319,1,0.319,RED
vacuuming,vacuuming,0.48,1,0.48,YELLOW
vacuuming,vacuuming,0.292,1,0.292,RED
vacuuming,vacuuming,0.382,1,0.382,RED
vacuuming,vacuuming,0.74,1,0.74,YELLOW
vacuuming,vacuuming,0.871,1,0.871,GREEN
vacuuming,vacuuming,0.915,1,0.915,GREEN
vacuuming,vacuuming,0.746,1,0.746,YELLOW
vacuuming,vacuuming,0.585,1,0.585,YELLOW
vacuuming,vacuuming,0.572,1,0.572,YELLOW
vacuuming,vacuuming,0.733,1,0.733,YELLOW
vacuuming,vacuuming,0.764,1,0.764,GREEN
vacuuming,vacuuming,0.79,1,0.79,GREEN
vacuuming,vacuuming,0.966,1,0.966,GREEN
vacuuming,vacuuming,0.571,1,0.571,YELLOW
vacuuming,vacuuming,0.52,1,0.52,YELLOW
vacuuming,vacuuming,0.506,1,0.506,YELLOW
vacuuming,vacuuming,0.484,1,0.484,YELLOW
vacuuming,vacuuming,0.837,1,0.837,GREEN
vacuuming,vacuuming,0.712,1,0.712,YELLOW
vacuuming,vacuuming,0.853,1,0.853,GREEN
vacuuming,vacuuming,0.809,1,0.809,GREEN
vacuuming,vacuuming,0.793,1,0.793,GREEN
vacuuming,vacuuming,0.642,1,0.642,YELLOW
vacuuming,vacuuming,0.49,1,0.49,YELLOW
vacuuming,vacuuming,0.583,1,0.583,YELLOW
vacuuming,vacuuming,0.502,1,0.502,YELLOW
vacuuming,vacuuming,0.629,1,0.629,YELLOW
vacuuming,vacuuming,0.932,1,0.932,GREEN
vacuuming,vacuuming,0.97,1,0.97,GREEN
vacuuming,vacuuming,0.962,1,0.962,GREEN
vacuuming,vacuuming,0.956,1,0.956,GREEN
vacuuming,vacuuming,0.934,1,0.934,GREEN
vacuuming,vacuuming,0.94,1,0.94,GREEN
vacuuming,vacuuming,0.94,1,0.94,GREEN
vacuuming,vacuuming,0.682,1,0.682,YELLOW
vacuuming,vacuuming,0.684,1,0.684,YELLOW
vacuuming,vacuuming,0.747,1,0.747,YELLOW
vacuuming,vacuuming,0.305,1,0.305,RED
vacuuming,vacuuming,0.434,1,0.434,RED
vacuuming,vacuuming,0.522,1,0.522,YELLOW
vacuuming,vacuuming,0.857,1,0.857,GREEN
vacuuming,vacuuming,0.929,1,0.929,GREEN
vacuuming,vacuuming,0.919,1,0.919,GREEN
vacuuming,vacuuming,0.933,1,0.933,GREEN
vacuuming,vacuuming,0.934,1,0.934,GREEN
vacuuming,vacuuming,0.954,1,0.954,GREEN
vacuuming,vacuuming,0.903,1,0.903,GREEN
vacuuming,vacuuming,0.897,1,0.897,GREEN
vacuuming,vacuuming,0.854,1,0.854,GREEN
vacuuming,vacuuming,0.873,1,0.873,GREEN
vacuuming,vacuuming,0.801,1,0.801,GREEN
vacuuming,vacuuming,0.802,1,0.802,GREEN
vacuuming,vacuuming,0.515,1,0.515,YELLOW
vacuuming,vacuuming,0.607,1,0.607,YELLOW
vacuuming,vacuuming,0.787,1,0.787,GREEN
vacuuming,vacuuming,0.407,1,0.407,RED
vacuuming,vacuuming,0.363,1,0.363,RED
vacuuming,vacuuming,0.361,1,0.361,RED
vacuuming,vacuuming,0.525,1,0.525,YELLOW
vacuuming,vacuuming,0.541,1,0.541,YELLOW
vacuuming,vacuuming,0.311,1,0.311,RED
vacuuming,vacuuming,0.657,1,0.657,YELLOW
vacuuming,vacuuming,0.704,1,0.704,YELLOW
vacuuming,vacuuming,0.625,1,0.625,YELLOW
vacuuming,vacuuming,0.439,1,0.439,RED
vacuuming,vacuuming,0.648,1,0.648,YELLOW
vacuuming,vacuuming,0.53,1,0.53,YELLOW
vacuuming,vacuuming,0.493,1,0.493,YELLOW
vacuuming,vacuuming,0.825,1,0.825,GREEN
vacuuming,vacuuming,0.959,1,0.959,GREEN
vacuuming,vacuuming,0.974,1,0.974,GREEN
vacuuming,vacuuming,0.965,1,0.965,GREEN
vacuuming,vacuuming,0.963,1,0.963,GREEN
vacuuming,vacuuming,0.953,1,0.953,GREEN
vacuuming,vacuuming,0.847,1,0.847,GREEN
vacuuming,vacuuming,0.884,1,0.884,GREEN
vacuuming,vacuuming,0.486,1,0.486,YELLOW
vacuuming,vacuuming,0.434,1,0.434,RED
vacuuming,vacuuming,0.93,1,0.93,GREEN
vacuuming,vacuuming,0.844,1,0.844,GREEN
vacuuming,vacuuming,0.872,1,0.872,GREEN
vacuuming,vacuuming,0.939,1,0.939,GREEN
vacuuming,vacuuming,0.824,1,0.824,GREEN
vacuuming,vacuuming,0.899,1,0.899,GREEN
vacuuming,vacuuming,0.889,1,0.889,GREEN
vacuuming,vacuuming,0.874,1,0.874,GREEN
vacuuming,vacuuming,0.959,1,0.959,GREEN
vacuuming,vacuuming,0.967,1,0.967,GREEN
vacuuming,vacuuming,0.93,1,0.93,GREEN
vacuuming,vacuuming,0.932,1,0.932,GREEN
vacuuming,vacuuming,0.914,1,0.914,GREEN
vacuuming,vacuuming,0.911,1,0.911,GREEN
vacuuming,vacuuming,0.926,1,0.926,GREEN
vacuuming,vacuuming,0.968,1,0.968,GREEN
vacuuming,vacuuming,0.976,1,0.976,GREEN
vacuuming,vacuuming,0.987,1,0.987,GREEN
vacuuming,vacuuming,0.67,1,0.67,YELLOW
vacuuming,vacuuming,0.324,1,0.324,RED
vacuuming,vacuuming,0.215,1,0.215,RED
vacuuming,vacuuming,0.588,1,0.588,YELLOW
vacuuming,vacuuming,0.814,1,0.814,GREEN
vacuuming,vacuuming,0.882,1,0.882,GREEN
vacuuming,vacuuming,0.982,1,0.982,GREEN
vacuuming,vacuuming,0.994,1,0.994,GREEN
vacuuming,vacuuming,0.952,1,0.952,GREEN
vacuuming,vacuuming,0.873,1,0.873,GREEN
vacuuming,vacuuming,0.889,1,0.889,GREEN
vacuuming,vacuuming,0.827,1,0.827,GREEN
vacuuming,vacuuming,0.94,1,0.94,GREEN
vacuuming,vacuuming,0.985,1,0.985,GREEN
vacuuming,vacuuming,0.908,1,0.908,GREEN
vacuuming,vacuuming,0.824,1,0.824,GREEN
vacuuming,vacuuming,0.897,1,0.897,GREEN
vacuuming,vacuuming,0.921,1,0.921,GREEN
vacuuming,vacuuming,0.974,1,0.974,GREEN
vacuuming,vacuuming,0.973,1,0.973,GREEN
vacuuming,vacuuming,0.981,1,0.981,GREEN
vacuuming,vacuuming,0.963,1,0.963,GREEN
vacuuming,vacuuming,0.99,1,0.99,GREEN
vacuuming,vacuuming,0.984,1,0.984,GREEN
vacuuming,vacuuming,0.982,1,0.982,GREEN
vacuuming,vacuuming,0.958,1,0.958,GREEN
vacuuming,vacuuming,0.967,1,0.967,GREEN
vacuuming,vacuuming,0.983,1,0.983,GREEN
vacuuming,vacuuming,0.949,1,0.949,GREEN
vacuuming,vacuuming,0.903,1,0.903,GREEN
vacuuming,vacuuming,0.944,1,0.944,GREEN
vacuuming,vacuuming,0.723,1,0.723,YELLOW
vacuuming,vacuuming,0.815,1,0.815,GREEN
vacuuming,vacuuming,0.814,1,0.814,GREEN
vacuuming,vacuuming,0.809,1,0.809,GREEN
vacuuming,vacuuming,0.868,1,0.868,GREEN
vacuuming,vacuuming,0.869,1,0.869,GREEN
vacuuming,vacuuming,0.918,1,0.918,GREEN
vacuuming,vacuuming,0.886,1,0.886,GREEN
vacuuming,vacuuming,0.786,1,0.786,GREEN
vacuuming,vacuuming,0.908,1,0.908,GREEN
vacuuming,vacuuming,0.93,1,0.93,GREEN
vacuuming,vacuuming,0.836,1,0.836,GREEN
vacuuming,vacuuming,0.824,1,0.824,GREEN
vacuuming,vacuuming,0.687,1,0.687,YELLOW
vacuuming,vacuuming,0.512,1,0.512,YELLOW
vacuuming,vacuuming,0.439,1,0.439,RED
vacuuming,vacuuming,0.701,1,0.701,YELLOW
vacuuming,vacuuming,0.661,1,0.661,YELLOW
vacuuming,vacuuming,0.477,1,0.477,YELLOW
vacuuming,vacuuming,0.694,1,0.694,YELLOW
vacuuming,vacuuming,0.563,1,0.563,YELLOW
vacuuming,vacuuming,0.627,1,0.627,YELLOW
vacuuming,vacuuming,0.423,1,0.423,RED
vacuuming,vacuuming,0.608,1,0.608,YELLOW
vacuuming,vacuuming,0.625,1,0.625,YELLOW
vacuuming,vacuuming,0.294,1,0.294,RED
vacuuming,vacuuming,0.296,1,0.296,RED
vacuuming,vacuuming,0.281,1,0.281,RED
vacuuming,vacuuming,0.375,1,0.375,RED
vacuuming,vacuuming,0.622,1,0.622,YELLOW
vacuuming,vacuuming,0.803,1,0.803,GREEN
vacuuming,vacuuming,0.846,1,0.846,GREEN
vacuuming,vacuuming,0.897,1,0.897,GREEN
vacuuming,vacuuming,0.897,1,0.897,GREEN
vacuuming,vacuuming,0.578,1,0.578,YELLOW
vacuuming,vacuuming,0.678,1,0.678,YELLOW
vacuuming,vacuuming,0.875,1,0.875,GREEN
vacuuming,vacuuming,0.86,1,0.86,GREEN
vacuuming,vacuuming,0.898,1,0.898,GREEN
vacuuming,vacuuming,0.893,1,0.893,GREEN
vacuuming,vacuuming,0.845,1,0.845,GREEN
vacuuming,vacuuming,0.906,1,0.906,GREEN
vacuuming,vacuuming,0.874,1,0.874,GREEN
vacuuming,vacuuming,0.82,1,0.82,GREEN
vacuuming,vacuuming,0.783,1,0.783,GREEN
vacuuming,vacuuming,0.701,1,0.701,YELLOW
vacuuming,vacuuming,0.688,1,0.688,YELLOW
vacuuming,vacuuming,0.879,1,0.879,GREEN
vacuuming,vacuuming,0.994,1,0.994,GREEN
vacuuming,vacuuming,0.982,1,0.982,GREEN
vacuuming,vacuuming,0.973,1,0.973,GREEN
vacuuming,vacuuming,0.97,1,0.97,GREEN
vacuuming,vacuuming,0.858,1,0.858,GREEN
vacuuming,vacuuming,0.832,1,0.832,GREEN
vacuuming,vacuuming,0.809,1,0.809,GREEN
vacuuming,vacuuming,0.662,1,0.662,YELLOW
vacuuming,vacuuming,0.733,1,0.733,YELLOW
vacuuming,vacuuming,0.819,1,0.819,GREEN
vacuuming,vacuuming,0.818,1,0.818,GREEN
vacuuming,vacuuming,0.856,1,0.856,GREEN
vacuuming,vacuuming,0.918,1,0.918,GREEN
vacuuming,vacuuming,0.937,1,0.937,GREEN
vacuuming,vacuuming,0.968,1,0.968,GREEN
vacuuming,vacuuming,0.919,1,0.919,GREEN
vacuuming,vacuuming,0.82,1,0.82,GREEN
vacuuming,vacuuming,0.739,1,0.739,YELLOW
vacuuming,vacuuming,0.951,1,0.951,GREEN
vacuuming,vacuuming,0.916,1,0.916,GREEN
vacuuming,vacuuming,0.931,1,0.931,GREEN
vacuuming,vacuuming,0.936,1,0.936,GREEN
vacuuming,vacuuming,0.84,1,0.84,GREEN
vacuuming,vacuuming,0.884,1,0.884,GREEN
vacuuming,vacuuming,0.829,1,0.829,GREEN
vacuuming,vacuuming,0.676,1,0.676,YELLOW
vacuuming,vacuuming,0.611,1,0.611,YELLOW
vacuuming,vacuuming,0.812,1,0.812,GREEN
vacuuming,vacuuming,0.633,1,0.633,YELLOW
vacuuming,vacuuming,0.454,1,0.454,YELLOW
vacuuming,vacuuming,0.456,1,0.456,YELLOW
vacuuming,vacuuming,0.719,1,0.719,YELLOW
vacuuming,vacuuming,0.758,1,0.758,GREEN
vacuuming,vacuuming,0.634,1,0.634,YELLOW
vacuuming,vacuuming,0.754,1,0.754,GREEN
vacuuming,vacuuming,0.812,1,0.812,GREEN
vacuuming,vacuuming,0.902,1,0.902,GREEN
vacuuming,vacuuming,0.969,1,0.969,GREEN
vacuuming,vacuuming,0.94,1,0.94,GREEN
vacuuming,vacuuming,0.941,1,0.941,GREEN
vacuuming,vacuuming,0.923,1,0.923,GREEN
vacuuming,vacuuming,0.897,1,0.897,GREEN
vacuuming,vacuuming,0.874,1,0.874,GREEN
vacuuming,vacuuming,0.865,1,0.865,GREEN
vacuuming,vacuuming,0.866,1,0.866,GREEN
vacuuming,vacuuming,0.804,1,0.804,GREEN
vacuuming,vacuuming,0.748,1,0.748,YELLOW
vacuuming,vacuuming,0.603,1,0.603,YELLOW
vacuuming,vacuuming,0.811,1,0.811,GREEN
vacuuming,vacuuming,0.938,1,0.938,GREEN
vacuuming,vacuuming,0.97,1,0.97,GREEN
vacuuming,vacuuming,0.953,1,0.953,GREEN
vacuuming,vacuuming,0.93,1,0.93,GREEN
vacuuming,vacuuming,0.845,1,0.845,GREEN
vacuuming,vacuuming,0.745,1,0.745,YELLOW
vacuuming,vacuuming,0.896,1,0.896,GREEN
vacuuming,vacuuming,0.942,1,0.942,GREEN
vacuuming,vacuuming,0.917,1,0.917,GREEN
vacuuming,vacuuming,0.926,1,0.926,GREEN
vacuuming,vacuuming,0.966,1,0.966,GREEN
vacuuming,vacuuming,0.968,1,0.968,GREEN
vacuuming,vacuuming,0.961,1,0.961,GREEN
vacuuming,vacuuming,0.936,1,0.936,GREEN
vacuuming,vacuuming,0.921,1,0.921,GREEN
vacuuming,vacuuming,0.864,1,0.864,GREEN
vacuuming,vacuuming,0.928,1,0.928,GREEN
vacuuming,vacuuming,0.955,1,0.955,GREEN
vacuuming,vacuuming,0.91,1,0.91,GREEN
vacuuming,vacuuming,0.718,1,0.718,YELLOW
vacuuming,vacuuming,0.858,1,0.858,GREEN
vacuuming,vacuuming,0.505,1,0.505,YELLOW
vacuuming,vacuuming,0.508,1,0.508,YELLOW
vacuuming,vacuuming,0.534,1,0.534,YELLOW
vacuuming,vacuuming,0.681,1,0.681,YELLOW
vacuuming,vacuuming,0.636,1,0.636,YELLOW
vacuuming,vacuuming,0.298,1,0.298,RED
vacuuming,vacuuming,0.382,1,0.382,RED
vacuuming,vacuuming,0.363,1,0.363,RED
vacuuming,vacuuming,0.404,1,0.404,RED
vacuuming,vacuuming,0.488,1,0.488,YELLOW
vacuuming,vacuuming,0.378,1,0.378,RED
vacuuming,vacuuming,0.825,1,0.825,GREEN
vacuuming,vacuuming,0.938,1,0.938,GREEN
vacuuming,vacuuming,0.803,1,0.803,GREEN
vacuuming,vacuuming,0.688,1,0.688,YELLOW
vacuuming,vacuuming,0.486,1,0.486,YELLOW
vacuuming,vacuuming,0.698,1,0.698,YELLOW
vacuuming,vacuuming,0.348,1,0.348,RED
vacuuming,stairs_down,0.391,0,0.0,RED
vacuuming,stairs_down,0.475,0,0.0,YELLOW
vacuuming,stairs_down,0.533,0,0.0,YELLOW
vacuuming,stairs_up,0.278,0,0.0,RED
vacuuming,stairs_up,0.2,0,0.0,RED
vacuuming,stairs_up,0.192,0,0.0,RED
stairs_up,stairs_up,0.298,1,0.298,RED
stairs_up,stairs_up,0.502,1,0.502,YELLOW
stairs_up,stairs_up,0.511,1,0.511,YELLOW
stairs_up,stairs_up,0.492,1,0.492,YELLOW
stairs_up,stairs_up,0.529,1,0.529,YELLOW
stairs_up,stairs_up,0.525,1,0.525,YELLOW
stairs_up,stairs_up,0.512,1,0.512,YELLOW
stairs_up,stairs_up,0.529,1,0.529,YELLOW
stairs_up,stairs_up,0.365,1,0.365,RED
stairs_up,stairs_up,0.833,1,0.833,GREEN
stairs_up,stairs_up,0.969,1,0.969,GREEN
stairs_up,stairs_up,0.92,1,0.92,GREEN
stairs_up,stairs_up,0.95,1,0.95,GREEN
stairs_up,stairs_up,0.979,1,0.979,GREEN
stairs_up,stairs_up,0.985,1,0.985,GREEN
stairs_up,stairs_up,0.957,1,0.957,GREEN
stairs_up,stairs_up,0.986,1,0.986,GREEN
stairs_up,stairs_up,0.933,1,0.933,GREEN
stairs_up,stairs_up,0.915,1,0.915,GREEN
stairs_up,stairs_up,0.913,1,0.913,GREEN
stairs_up,stairs_up,0.966,1,0.966,GREEN
stairs_up,stairs_up,0.976,1,0.976,GREEN
stairs_up,stairs_up,0.926,1,0.926,GREEN
stairs_up,stairs_up,0.923,1,0.923,GREEN
stairs_up,stairs_up,0.894,1,0.894,GREEN
stairs_up,stairs_up,0.472,1,0.472,YELLOW
stairs_up,stairs_up,0.422,1,0.422,RED
stairs_up,stairs_up,0.674,1,0.674,YELLOW
stairs_up,stairs_up,0.875,1,0.875,GREEN
stairs_up,stairs_up,0.938,1,0.938,GREEN
stairs_up,stairs_up,0.932,1,0.932,GREEN
stairs_up,stairs_up,0.964,1,0.964,GREEN
stairs_up,stairs_up,0.922,1,0.922,GREEN
stairs_up,stairs_up,0.951,1,0.951,GREEN
stairs_up,stairs_up,0.967,1,0.967,GREEN
stairs_up,stairs_up,0.954,1,0.954,GREEN
stairs_up,stairs_up,0.759,1,0.759,GREEN
stairs_up,stairs_up,0.642,1,0.642,YELLOW
stairs_up,stairs_up,0.949,1,0.949,GREEN
stairs_up,stairs_up,0.923,1,0.923,GREEN
stairs_up,stairs_up,0.791,1,0.791,GREEN
stairs_up,stairs_up,0.815,1,0.815,GREEN
stairs_up,stairs_up,0.925,1,0.925,GREEN
stairs_up,stairs_up,0.978,1,0.978,GREEN
stairs_up,stairs_up,0.971,1,0.971,GREEN
stairs_up,stairs_up,0.885,1,0.885,GREEN
stairs_up,stairs_up,0.893,1,0.893,GREEN
stairs_up,stairs_up,0.967,1,0.967,GREEN
stairs_up,stairs_up,0.927,1,0.927,GREEN
stairs_up,stairs_up,0.985,1,0.985,GREEN
stairs_up,stairs_up,0.9,1,0.9,GREEN
stairs_up,stairs_up,0.803,1,0.803,GREEN
stairs_up,stairs_up,0.909,1,0.909,GREEN
stairs_up,stairs_up,0.984,1,0.984,GREEN
stairs_up,stairs_up,0.98,1,0.98,GREEN
stairs_up,stairs_up,0.941,1,0.941,GREEN
stairs_up,stairs_up,0.847,1,0.847,GREEN
stairs_up,stairs_up,0.928,1,0.928,GREEN
stairs_up,stairs_up,0.945,1,0.945,GREEN
stairs_up,stairs_up,0.826,1,0.826,GREEN
stairs_up,stairs_up,0.862,1,0.862,GREEN
stairs_up,stairs_up,0.967,1,0.967,GREEN
stairs_up,stairs_up,0.919,1,0.919,GREEN
stairs_up,stairs_up,0.825,1,0.825,GREEN
stairs_up,stairs_up,0.835,1,0.835,GREEN
stairs_up,stairs_up,0.965,1,0.965,GREEN
stairs_up,stairs_up,0.866,1,0.866,GREEN
stairs_up,stairs_up,0.754,1,0.754,GREEN
stairs_up,stairs_up,0.978,1,0.978,GREEN
stairs_up,stairs_up,0.965,1,0.965,GREEN
stairs_up,stairs_up,0.925,1,0.925,GREEN
stairs_up,stairs_up,0.868,1,0.868,GREEN
stairs_up,stairs_up,0.559,1,0.559,YELLOW
stairs_up,stairs_up,0.668,1,0.668,YELLOW
stairs_up,stairs_up,0.905,1,0.905,GREEN
stairs_up,stairs_up,0.773,1,0.773,GREEN
stairs_up,stairs_up,0.824,1,0.824,GREEN
stairs_up,stairs_up,0.977,1,0.977,GREEN
stairs_up,stairs_up,0.843,1,0.843,GREEN
stairs_up,stairs_up,0.892,1,0.892,GREEN
stairs_up,stairs_up,0.953,1,0.953,GREEN
stairs_up,stairs_up,0.966,1,0.966,GREEN
stairs_up,stairs_up,0.958,1,0.958,GREEN
stairs_up,stairs_up,0.901,1,0.901,GREEN
stairs_up,stairs_up,0.917,1,0.917,GREEN
stairs_up,stairs_up,0.951,1,0.951,GREEN
stairs_up,stairs_up,0.897,1,0.897,GREEN
stairs_up,stairs_up,0.9,1,0.9,GREEN
stairs_up,stairs_up,0.908,1,0.908,GREEN
stairs_up,stairs_up,0.948,1,0.948,GREEN
stairs_up,stairs_up,0.931,1,0.931,GREEN
stairs_up,stairs_up,0.934,1,0.934,GREEN
stairs_up,stairs_up,0.89,1,0.89,GREEN
stairs_up,stairs_up,0.971,1,0.971,GREEN
stairs_up,stairs_up,0.95,1,0.95,GREEN
stairs_up,stairs_up,0.936,1,0.936,GREEN
stairs_up,stairs_up,0.963,1,0.963,GREEN
stairs_up,stairs_up,0.881,1,0.881,GREEN
stairs_up,stairs_up,0.892,1,0.892,GREEN
stairs_up,stairs_up,0.955,1,0.955,GREEN
stairs_up,stairs_up,0.954,1,0.954,GREEN
stairs_up,stairs_up,0.954,1,0.954,GREEN
stairs_up,stairs_up,0.935,1,0.935,GREEN
stairs_up,stairs_up,0.701,1,0.701,YELLOW
stairs_up,stairs_up,0.464,1,0.464,YELLOW
stairs_up,stairs_up,0.528,1,0.528,YELLOW
stairs_up,stairs_up,0.407,1,0.407,RED
stairs_up,stairs_up,0.744,1,0.744,YELLOW
stairs_up,stairs_up,0.805,1,0.805,GREEN
stairs_up,stairs_up,0.373,1,0.373,RED
stairs_up,stairs_up,0.331,1,0.331,RED
stairs_up,stairs_up,0.256,1,0.256,RED
stairs_up,stairs_up,0.266,1,0.266,RED
stairs_up,stairs_up,0.268,1,0.268,RED
stairs_up,stairs_up,0.261,1,0.261,RED
stairs_up,stairs_up,0.281,1,0.281,RED
stairs_up,sitting,0.281,0,0.0,RED
stairs_up,sitting,0.279,0,0.0,RED
stairs_up,sitting,0.336,0,0.0,RED
stairs_up,sitting,0.312,0,0.0,RED
stairs_up,sitting,0.268,0,0.0,RED
stairs_up,sitting,0.276,0,0.0,RED
stairs_up,sitting,0.276,0,0.0,RED
stairs_up,sitting,0.337,0,0.0,RED
stairs_down,sitting,0.749,0,0.0,YELLOW
stairs_down,sitting,0.765,0,0.0,GREEN
stairs_down,stairs_down,0.74,1,0.74,YELLOW
stairs_down,stairs_down,0.7,1,0.7,YELLOW
stairs_down,stairs_down,0.756,1,0.756,GREEN
stairs_down,stairs_down,0.649,1,0.649,YELLOW
stairs_down,stairs_down,0.617,1,0.617,YELLOW
stairs_down,stairs_down,0.484,1,0.484,YELLOW
stairs_down,stairs_down,0.45,1,0.45,YELLOW
stairs_down,stairs_down,0.294,1,0.294,RED
stairs_down,stairs_down,0.306,1,0.306,RED
stairs_down,stairs_down,0.365,1,0.365,RED
stairs_down,stairs_down,0.798,1,0.798,GREEN
stairs_down,stairs_down,0.954,1,0.954,GREEN
stairs_down,stairs_down,0.949,1,0.949,GREEN
stairs_down,stairs_down,0.955,1,0.955,GREEN
stairs_down,stairs_down,0.939,1,0.939,GREEN
stairs_down,stairs_down,0.944,1,0.944,GREEN
stairs_down,stairs_down,0.963,1,0.963,GREEN
stairs_down,stairs_down,0.967,1,0.967,GREEN
stairs_down,stairs_down,0.941,1,0.941,GREEN
stairs_down,stairs_down,0.918,1,0.918,GREEN
stairs_down,stairs_down,0.874,1,0.874,GREEN
stairs_down,stairs_down,0.564,1,0.564,YELLOW
stairs_down,stairs_down,0.431,1,0.431,RED
stairs_down,stairs_down,0.901,1,0.901,GREEN
stairs_down,stairs_down,0.944,1,0.944,GREEN
stairs_down,stairs_down,0.964,1,0.964,GREEN
stairs_down,stairs_down,0.966,1,0.966,GREEN
stairs_down,stairs_down,0.907,1,0.907,GREEN
stairs_down,stairs_down,0.944,1,0.944,GREEN
stairs_down,stairs_down,0.915,1,0.915,GREEN
stairs_down,stairs_down,0.877,1,0.877,GREEN
stairs_down,stairs_down,0.821,1,0.821,GREEN
stairs_down,stairs_down,0.876,1,0.876,GREEN
stairs_down,stairs_down,0.927,1,0.927,GREEN
stairs_down,stairs_down,0.939,1,0.939,GREEN
stairs_down,stairs_down,0.96,1,0.96,GREEN
stairs_down,stairs_down,0.939,1,0.939,GREEN
stairs_down,stairs_down,0.876,1,0.876,GREEN
stairs_down,stairs_down,0.861,1,0.861,GREEN
stairs_down,stairs_down,0.824,1,0.824,GREEN
stairs_down,stairs_down,0.928,1,0.928,GREEN
stairs_down,stairs_down,0.836,1,0.836,GREEN
stairs_down,stairs_down,0.803,1,0.803,GREEN
stairs_down,stairs_down,0.926,1,0.926,GREEN
stairs_down,stairs_down,0.929,1,0.929,GREEN
stairs_down,stairs_down,0.952,1,0.952,GREEN
stairs_down,stairs_down,0.955,1,0.955,GREEN
stairs_down,stairs_down,0.933,1,0.933,GREEN
stairs_down,stairs_down,0.857,1,0.857,GREEN
stairs_down,stairs_down,0.856,1,0.856,GREEN
stairs_down,stairs_down,0.775,1,0.775,GREEN
stairs_down,stairs_down,0.678,1,0.678,YELLOW
stairs_down,stairs_down,0.93,1,0.93,GREEN
stairs_down,stairs_down,0.947,1,0.947,GREEN
stairs_down,stairs_down,0.926,1,0.926,GREEN
stairs_down,stairs_down,0.893,1,0.893,GREEN
stairs_down,stairs_down,0.903,1,0.903,GREEN
stairs_down,stairs_down,0.799,1,0.799,GREEN
stairs_down,stairs_down,0.896,1,0.896,GREEN
stairs_down,stairs_down,0.791,1,0.791,GREEN
stairs_down,stairs_down,0.888,1,0.888,GREEN
stairs_down,stairs_down,0.929,1,0.929,GREEN
stairs_down,stairs_down,0.927,1,0.927,GREEN
stairs_down,stairs_down,0.941,1,0.941,GREEN
stairs_down,stairs_down,0.919,1,0.919,GREEN
stairs_down,stairs_down,0.958,1,0.958,GREEN
stairs_down,stairs_down,0.845,1,0.845,GREEN
stairs_down,stairs_down,0.846,1,0.846,GREEN
stairs_down,stairs_down,0.903,1,0.903,GREEN
stairs_down,stairs_down,0.879,1,0.879,GREEN
stairs_down,stairs_down,0.866,1,0.866,GREEN
stairs_down,stairs_down,0.912,1,0.912,GREEN
stairs_down,stairs_down,0.956,1,0.956,GREEN
stairs_down,stairs_down,0.97,1,0.97,GREEN
stairs_down,stairs_down,0.953,1,0.953,GREEN
stairs_down,stairs_down,0.889,1,0.889,GREEN
stairs_down,stairs_down,0.868,1,0.868,GREEN
stairs_down,stairs_down,0.893,1,0.893,GREEN
stairs_down,stairs_down,0.905,1,0.905,GREEN
stairs_down,stairs_down,0.88,1,0.88,GREEN
stairs_down,stairs_down,0.887,1,0.887,GREEN
stairs_down,stairs_down,0.931,1,0.931,GREEN
stairs_down,stairs_down,0.965,1,0.965,GREEN
stairs_down,stairs_down,0.96,1,0.96,GREEN
stairs_down,stairs_down,0.947,1,0.947,GREEN
stairs_down,stairs_down,0.958,1,0.958,GREEN
stairs_down,stairs_down,0.949,1,0.949,GREEN
stairs_down,stairs_down,0.956,1,0.956,GREEN
stairs_down,stairs_down,0.932,1,0.932,GREEN
stairs_down,stairs_down,0.889,1,0.889,GREEN
stairs_down,stairs_down,0.824,1,0.824,GREEN
stairs_down,stairs_down,0.844,1,0.844,GREEN
stairs_down,stairs_down,0.765,1,0.765,GREEN
stairs_down,stairs_down,0.686,1,0.686,YELLOW
stairs_down,stairs_down,0.782,1,0.782,GREEN
stairs_down,stairs_down,0.89,1,0.89,GREEN
stairs_down,stairs_down,0.948,1,0.948,GREEN
stairs_down,stairs_down,0.871,1,0.871,GREEN
stairs_down,stairs_down,0.91,1,0.91,GREEN
stairs_down,stairs_down,0.97,1,0.97,GREEN
stairs_down,stairs_down,0.939,1,0.939,GREEN
stairs_down,stairs_down,0.915,1,0.915,GREEN
stairs_down,stairs_down,0.938,1,0.938,GREEN
stairs_down,stairs_down,0.912,1,0.912,GREEN
stairs_down,stairs_down,0.799,1,0.799,GREEN
stairs_down,stairs_down,0.767,1,0.767,GREEN
stairs_down,stairs_down,0.877,1,0.877,GREEN
stairs_down,stairs_down,0.912,1,0.912,GREEN
stairs_down,stairs_down,0.947,1,0.947,GREEN
stairs_down,stairs_down,0.935,1,0.935,GREEN
stairs_down,stairs_down,0.742,1,0.742,YELLOW
stairs_down,stairs_down,0.448,1,0.448,RED
stairs_down,stairs_down,0.783,1,0.783,GREEN
stairs_down,stairs_down,0.767,1,0.767,GREEN
stairs_down,stairs_down,0.713,1,0.713,YELLOW
stairs_down,stairs_down,0.553,1,0.553,YELLOW
stairs_down,stairs_down,0.673,1,0.673,YELLOW
stairs_down,stairs_down,0.512,1,0.512,YELLOW
stairs_down,stairs_down,0.502,1,0.502,YELLOW
stairs_down,stairs_down,0.592,1,0.592,YELLOW
stairs_up,stairs_down,0.415,0,0.0,RED
stairs_up,stairs_down,0.444,0,0.0,RED
stairs_up,stairs_down,0.454,0,0.0,YELLOW
stairs_up,stairs_down,0.453,0,0.0,YELLOW
stairs_up,stairs_up,0.489,1,0.489,YELLOW
stairs_up,stairs_up,0.518,1,0.518,YELLOW
stairs_up,stairs_up,0.472,1,0.472,YELLOW
stairs_up,stairs_up,0.495,1,0.495,YELLOW
stairs_up,stairs_up,0.488,1,0.488,YELLOW
stairs_up,stairs_up,0.352,1,0.352,RED
stairs_up,stairs_up,0.403,1,0.403,RED
stairs_up,stairs_up,0.948,1,0.948,GREEN
stairs_up,stairs_up,0.989,1,0.989,GREEN
stairs_up,stairs_up,0.999,1,0.999,GREEN
stairs_up,stairs_up,0.996,1,0.996,GREEN
stairs_up,stairs_up,0.998,1,0.998,GREEN
stairs_up,stairs_up,0.984,1,0.984,GREEN
stairs_up,stairs_up,0.965,1,0.965,GREEN
stairs_up,stairs_up,0.949,1,0.949,GREEN
stairs_up,stairs_up,0.927,1,0.927,GREEN
stairs_up,stairs_up,0.856,1,0.856,GREEN
stairs_up,stairs_up,0.89,1,0.89,GREEN
stairs_up,stairs_up,0.931,1,0.931,GREEN
stairs_up,stairs_up,0.847,1,0.847,GREEN
stairs_up,stairs_up,0.926,1,0.926,GREEN
stairs_up,stairs_up,0.938,1,0.938,GREEN
stairs_up,stairs_up,0.93,1,0.93,GREEN
stairs_up,stairs_up,0.898,1,0.898,GREEN
stairs_up,stairs_up,0.912,1,0.912,GREEN
stairs_up,stairs_up,0.876,1,0.876,GREEN
stairs_up,stairs_up,0.637,1,0.637,YELLOW
stairs_up,stairs_up,0.419,1,0.419,RED
stairs_up,stairs_up,0.409,1,0.409,RED
stairs_up,stairs_up,0.79,1,0.79,GREEN
stairs_up,stairs_up,0.896,1,0.896,GREEN
stairs_up,stairs_up,0.929,1,0.929,GREEN
stairs_up,stairs_up,0.941,1,0.941,GREEN
stairs_up,stairs_up,0.96,1,0.96,GREEN
stairs_up,stairs_up,0.872,1,0.872,GREEN
stairs_up,stairs_up,0.969,1,0.969,GREEN
stairs_up,stairs_up,0.957,1,0.957,GREEN
stairs_up,stairs_up,0.887,1,0.887,GREEN
stairs_up,stairs_up,0.885,1,0.885,GREEN
stairs_up,stairs_up,0.936,1,0.936,GREEN
stairs_up,stairs_up,0.962,1,0.962,GREEN
stairs_up,stairs_up,0.797,1,0.797,GREEN
stairs_up,stairs_up,0.923,1,0.923,GREEN
stairs_up,stairs_up,0.888,1,0.888,GREEN
stairs_up,stairs_up,0.77,1,0.77,GREEN
stairs_up,stairs_up,0.941,1,0.941,GREEN
stairs_up,stairs_up,0.896,1,0.896,GREEN
stairs_up,stairs_up,0.9,1,0.9,GREEN
stairs_up,stairs_up,0.924,1,0.924,GREEN
stairs_up,stairs_up,0.947,1,0.947,GREEN
stairs_up,stairs_up,0.93,1,0.93,GREEN
stairs_up,stairs_up,0.891,1,0.891,GREEN
stairs_up,stairs_up,0.922,1,0.922,GREEN
stairs_up,stairs_up,0.835,1,0.835,GREEN
stairs_up,stairs_up,0.767,1,0.767,GREEN
stairs_up,stairs_up,0.884,1,0.884,GREEN
stairs_up,stairs_up,0.969,1,0.969,GREEN
stairs_up,stairs_up,0.979,1,0.979,GREEN
stairs_up,stairs_up,0.793,1,0.793,GREEN
stairs_up,stairs_up,0.931,1,0.931,GREEN
stairs_up,stairs_up,0.946,1,0.946,GREEN
stairs_up,stairs_up,0.888,1,0.888,GREEN
stairs_up,stairs_up,0.955,1,0.955,GREEN
stairs_up,stairs_up,0.927,1,0.927,GREEN
stairs_up,stairs_up,0.834,1,0.834,GREEN
stairs_up,stairs_up,0.742,1,0.742,YELLOW
stairs_up,stairs_up,0.72,1,0.72,YELLOW
stairs_up,stairs_up,0.84,1,0.84,GREEN
stairs_up,stairs_up,0.945,1,0.945,GREEN
stairs_up,stairs_up,0.667,1,0.667,YELLOW
stairs_up,stairs_up,0.507,1,0.507,YELLOW
stairs_up,stairs_up,0.878,1,0.878,GREEN
stairs_up,stairs_up,0.947,1,0.947,GREEN
stairs_up,stairs_up,0.921,1,0.921,GREEN
stairs_up,stairs_up,0.918,1,0.918,GREEN
stairs_up,stairs_up,0.89,1,0.89,GREEN
stairs_up,stairs_up,0.855,1,0.855,GREEN
stairs_up,stairs_up,0.86,1,0.86,GREEN
stairs_up,stairs_up,0.92,1,0.92,GREEN
stairs_up,stairs_up,0.855,1,0.855,GREEN
stairs_up,stairs_up,0.957,1,0.957,GREEN
stairs_up,stairs_up,0.918,1,0.918,GREEN
stairs_up,stairs_up,0.782,1,0.782,GREEN
stairs_up,stairs_up,0.899,1,0.899,GREEN
stairs_up,stairs_up,0.942,1,0.942,GREEN
stairs_up,stairs_up,0.982,1,0.982,GREEN
stairs_up,stairs_up,0.764,1,0.764,GREEN
stairs_up,stairs_up,0.826,1,0.826,GREEN
stairs_up,stairs_up,0.838,1,0.838,GREEN
stairs_up,stairs_up,0.918,1,0.918,GREEN
stairs_up,stairs_up,0.954,1,0.954,GREEN
stairs_up,stairs_up,0.821,1,0.821,GREEN
stairs_up,stairs_up,0.817,1,0.817,GREEN
stairs_up,stairs_up,0.804,1,0.804,GREEN
stairs_up,stairs_up,0.874,1,0.874,GREEN
stairs_up,stairs_up,0.869,1,0.869,GREEN
stairs_up,stairs_up,0.926,1,0.926,GREEN
stairs_up,stairs_up,0.726,1,0.726,YELLOW
stairs_up,stairs_up,0.888,1,0.888,GREEN
stairs_up,stairs_up,0.93,1,0.93,GREEN
stairs_up,stairs_up,0.947,1,0.947,GREEN
stairs_up,stairs_up,0.916,1,0.916,GREEN
stairs_up,stairs_up,0.982,1,0.982,GREEN
stairs_up,stairs_up,0.971,1,0.971,GREEN
stairs_up,stairs_up,0.702,1,0.702,YELLOW
stairs_up,stairs_up,0.854,1,0.854,GREEN
stairs_up,stairs_up,0.803,1,0.803,GREEN
stairs_up,stairs_up,0.776,1,0.776,GREEN
stairs_up,stairs_up,0.95,1,0.95,GREEN
stairs_up,stairs_up,0.953,1,0.953,GREEN
stairs_up,stairs_up,0.933,1,0.933,GREEN
stairs_up,stairs_up,0.794,1,0.794,GREEN
stairs_up,stairs_up,0.754,1,0.754,GREEN
stairs_up,stairs_up,0.773,1,0.773,GREEN
stairs_up,stairs_up,0.955,1,0.955,GREEN
stairs_up,stairs_up,0.767,1,0.767,GREEN
stairs_up,stairs_up,0.589,1,0.589,YELLOW
stairs_up,stairs_up,0.887,1,0.887,GREEN
stairs_up,stairs_up,0.888,1,0.888,GREEN
stairs_up,stairs_up,0.963,1,0.963,GREEN
stairs_up,stairs_up,0.918,1,0.918,GREEN
stairs_up,stairs_up,0.92,1,0.92,GREEN
stairs_up,stairs_up,0.962,1,0.962,GREEN
stairs_up,stairs_up,0.873,1,0.873,GREEN
stairs_up,stairs_up,0.779,1,0.779,GREEN
stairs_up,stairs_up,0.793,1,0.793,GREEN
stairs_up,stairs_up,0.62,1,0.62,YELLOW
stairs_up,stairs_up,0.818,1,0.818,GREEN
stairs_up,stairs_up,0.83,1,0.83,GREEN
stairs_up,stairs_up,0.36,1,0.36,RED
stairs_up,stairs_up,0.499,1,0.499,YELLOW
stairs_up,stairs_up,0.415,1,0.415,RED
stairs_up,stairs_up,0.397,1,0.397,RED
stairs_up,stairs_up,0.262,1,0.262,RED
stairs_up,stairs_up,0.269,1,0.269,RED
stairs_up,stairs_up,0.423,1,0.423,RED
stairs_down,stairs_up,0.448,0,0.0,RED
stairs_down,stairs_down,0.367,1,0.367,RED
stairs_down,stairs_down,0.301,1,0.301,RED
stairs_down,stairs_down,0.273,1,0.273,RED
stairs_down,stairs_down,0.317,1,0.317,RED
stairs_down,stairs_down,0.397,1,0.397,RED
stairs_down,stairs_down,0.407,1,0.407,RED
stairs_down,stairs_down,0.348,1,0.348,RED
stairs_down,stairs_down,0.339,1,0.339,RED
stairs_down,stairs_down,0.529,1,0.529,YELLOW
stairs_down,stairs_down,0.464,1,0.464,YELLOW
stairs_down,stairs_down,0.493,1,0.493,YELLOW
stairs_down,stairs_down,0.568,1,0.568,YELLOW
stairs_down,stairs_down,0.977,1,0.977,GREEN
stairs_down,stairs_down,0.972,1,0.972,GREEN
stairs_down,stairs_down,0.976,1,0.976,GREEN
stairs_down,stairs_down,0.952,1,0.952,GREEN
stairs_down,stairs_down,0.963,1,0.963,GREEN
stairs_down,stairs_down,0.874,1,0.874,GREEN
stairs_down,stairs_down,0.874,1,0.874,GREEN
stairs_down,stairs_down,0.883,1,0.883,GREEN
stairs_down,stairs_down,0.946,1,0.946,GREEN
stairs_down,stairs_down,0.912,1,0.912,GREEN
stairs_down,stairs_down,0.96,1,0.96,GREEN
stairs_down,stairs_down,0.951,1,0.951,GREEN
stairs_down,stairs_down,0.908,1,0.908,GREEN
stairs_down,stairs_down,0.925,1,0.925,GREEN
stairs_down,stairs_down,0.921,1,0.921,GREEN
stairs_down,stairs_down,0.943,1,0.943,GREEN
stairs_down,stairs_down,0.865,1,0.865,GREEN
stairs_down,stairs_down,0.807,1,0.807,GREEN
stairs_down,stairs_down,0.962,1,0.962,GREEN
stairs_down,stairs_down,0.942,1,0.942,GREEN
stairs_down,stairs_down,0.877,1,0.877,GREEN
stairs_down,stairs_down,0.926,1,0.926,GREEN
stairs_down,stairs_down,0.922,1,0.922,GREEN
stairs_down,stairs_down,0.919,1,0.919,GREEN
stairs_down,stairs_down,0.954,1,0.954,GREEN
stairs_down,stairs_down,0.923,1,0.923,GREEN
stairs_down,stairs_down,0.952,1,0.952,GREEN
stairs_down,stairs_down,0.879,1,0.879,GREEN
stairs_down,stairs_down,0.789,1,0.789,GREEN
stairs_down,stairs_down,0.874,1,0.874,GREEN
stairs_down,stairs_down,0.963,1,0.963,GREEN
stairs_down,stairs_down,0.942,1,0.942,GREEN
stairs_down,stairs_down,0.953,1,0.953,GREEN
stairs_down,stairs_down,0.957,1,0.957,GREEN
stairs_down,stairs_down,0.964,1,0.964,GREEN
stairs_down,stairs_down,0.961,1,0.961,GREEN
stairs_down,stairs_down,0.962,1,0.962,GREEN
stairs_down,stairs_down,0.879,1,0.879,GREEN
stairs_down,stairs_down,0.79,1,0.79,GREEN
stairs_down,stairs_down,0.63,1,0.63,YELLOW
stairs_down,stairs_down,0.875,1,0.875,GREEN
stairs_down,stairs_down,0.888,1,0.888,GREEN
stairs_down,stairs_down,0.929,1,0.929,GREEN
stairs_down,stairs_down,0.973,1,0.973,GREEN
stairs_down,stairs_down,0.889,1,0.889,GREEN
stairs_down,stairs_down,0.815,1,0.815,GREEN
stairs_down,stairs_down,0.847,1,0.847,GREEN
stairs_down,stairs_down,0.944,1,0.944,GREEN
stairs_down,stairs_down,0.945,1,0.945,GREEN
stairs_down,stairs_down,0.927,1,0.927,GREEN
stairs_down,stairs_down,0.943,1,0.943,GREEN
stairs_down,stairs_down,0.926,1,0.926,GREEN
stairs_down,stairs_down,0.888,1,0.888,GREEN
stairs_down,stairs_down,0.897,1,0.897,GREEN
stairs_down,stairs_down,0.975,1,0.975,GREEN
stairs_down,stairs_down,0.964,1,0.964,GREEN
stairs_down,stairs_down,0.938,1,0.938,GREEN
stairs_down,stairs_down,0.927,1,0.927,GREEN
stairs_down,stairs_down,0.975,1,0.975,GREEN
stairs_down,stairs_down,0.945,1,0.945,GREEN
stairs_down,stairs_down,0.934,1,0.934,GREEN
stairs_down,stairs_down,0.957,1,0.957,GREEN
stairs_down,stairs_down,0.906,1,0.906,GREEN
stairs_down,stairs_down,0.827,1,0.827,GREEN
stairs_down,stairs_down,0.655,1,0.655,YELLOW
stairs_down,stairs_down,0.602,1,0.602,YELLOW
stairs_down,stairs_down,0.712,1,0.712,YELLOW
stairs_down,stairs_down,0.898,1,0.898,GREEN
stairs_down,stairs_down,0.965,1,0.965,GREEN
stairs_down,stairs_down,0.977,1,0.977,GREEN
stairs_down,stairs_down,0.863,1,0.863,GREEN
stairs_down,stairs_down,0.868,1,0.868,GREEN
stairs_down,stairs_down,0.942,1,0.942,GREEN
stairs_down,stairs_down,0.879,1,0.879,GREEN
stairs_down,stairs_down,0.841,1,0.841,GREEN
stairs_down,stairs_down,0.648,1,0.648,YELLOW
stairs_down,stairs_down,0.448,1,0.448,RED
stairs_down,stairs_down,0.576,1,0.576,YELLOW
stairs_down,stairs_down,0.485,1,0.485,YELLOW
stairs_down,stairs_down,0.658,1,0.658,YELLOW
stairs_down,stairs_down,0.406,1,0.406,RED
stairs_down,stairs_down,0.292,1,0.292,RED
stairs_down,stairs_down,0.495,1,0.495,YELLOW
stairs_down,stairs_down,0.495,1,0.495,YELLOW
stairs_down,stairs_down,0.514,1,0.514,YELLOW
stairs_down,stairs_down,0.496,1,0.496,YELLOW
stairs_down,stairs_down,0.555,1,0.555,YELLOW
stairs_down,stairs_down,0.545,1,0.545,YELLOW
walking,stairs_down,0.366,0,0.0,RED
walking,stairs_down,0.409,0,0.0,RED
walking,walking,0.503,1,0.503,YELLOW
walking,walking,0.513,1,0.513,YELLOW
walking,walking,0.46,1,0.46,YELLOW
walking,walking,0.424,1,0.424,RED
walking,walking,0.445,1,0.445,RED
walking,walking,0.309,1,0.309,RED
walking,walking,0.322,1,0.322,RED
walking,walking,0.291,1,0.291,RED
walking,walking,0.468,1,0.468,YELLOW
walking,walking,0.411,1,0.411,RED
walking,walking,0.466,1,0.466,YELLOW
walking,walking,0.88,1,0.88,GREEN
walking,walking,0.872,1,0.872,GREEN
walking,walking,0.845,1,0.845,GREEN
walking,walking,0.849,1,0.849,GREEN
walking,walking,0.81,1,0.81,GREEN
walking,walking,0.838,1,0.838,GREEN
walking,walking,0.665,1,0.665,YELLOW
walking,walking,0.888,1,0.888,GREEN
walking,walking,0.939,1,0.939,GREEN
walking,walking,0.989,1,0.989,GREEN
walking,walking,0.969,1,0.969,GREEN
walking,walking,0.916,1,0.916,GREEN
walking,walking,0.851,1,0.851,GREEN
walking,walking,0.613,1,0.613,YELLOW
walking,walking,0.909,1,0.909,GREEN
walking,walking,0.911,1,0.911,GREEN
walking,walking,0.977,1,0.977,GREEN
walking,walking,0.932,1,0.932,GREEN
walking,walking,0.899,1,0.899,GREEN
walking,walking,0.92,1,0.92,GREEN
walking,walking,0.937,1,0.937,GREEN
walking,walking,0.91,1,0.91,GREEN
walking,walking,0.829,1,0.829,GREEN
walking,walking,0.912,1,0.912,GREEN
walking,walking,0.801,1,0.801,GREEN
walking,walking,0.92,1,0.92,GREEN
walking,walking,0.985,1,0.985,GREEN
walking,walking,0.965,1,0.965,GREEN
walking,walking,0.99,1,0.99,GREEN
walking,walking,0.99,1,0.99,GREEN
walking,walking,0.973,1,0.973,GREEN
walking,walking,0.947,1,0.947,GREEN
walking,walking,0.874,1,0.874,GREEN
walking,walking,0.823,1,0.823,GREEN
walking,walking,0.872,1,0.872,GREEN
walking,walking,0.642,1,0.642,YELLOW
walking,walking,0.974,1,0.974,GREEN
walking,walking,0.977,1,0.977,GREEN
walking,walking,0.952,1,0.952,GREEN
walking,walking,0.944,1,0.944,GREEN
walking,walking,0.951,1,0.951,GREEN
walking,walking,0.957,1,0.957,GREEN
walking,walking,0.967,1,0.967,GREEN
walking,walking,0.853,1,0.853,GREEN
walking,walking,0.827,1,0.827,GREEN
walking,walking,0.881,1,0.881,GREEN
walking,walking,0.785,1,0.785,GREEN
walking,walking,0.892,1,0.892,GREEN
walking,walking,0.886,1,0.886,GREEN
walking,walking,0.928,1,0.928,GREEN
walking,walking,0.984,1,0.984,GREEN
walking,walking,0.929,1,0.929,GREEN
walking,walking,0.841,1,0.841,GREEN
walking,walking,0.821,1,0.821,GREEN
walking,walking,0.936,1,0.936,GREEN
walking,walking,0.63,1,0.63,YELLOW
walking,walking,0.951,1,0.951,GREEN
walking,walking,0.989,1,0.989,GREEN
walking,walking,0.986,1,0.986,GREEN
walking,walking,0.967,1,0.967,GREEN
walking,walking,0.876,1,0.876,GREEN
walking,walking,0.838,1,0.838,GREEN
walking,walking,0.423,1,0.423,RED
walking,walking,0.459,1,0.459,YELLOW
walking,walking,0.453,1,0.453,YELLOW
walking,walking,0.851,1,0.851,GREEN
walking,walking,0.873,1,0.873,GREEN
walking,walking,0.907,1,0.907,GREEN
walking,walking,0.909,1,0.909,GREEN
walking,walking,0.943,1,0.943,GREEN
walking,walking,0.974,1,0.974,GREEN
walking,walking,0.96,1,0.96,GREEN
walking,walking,0.908,1,0.908,GREEN
walking,walking,0.902,1,0.902,GREEN
walking,walking,0.912,1,0.912,GREEN
walking,walking,0.852,1,0.852,GREEN
walking,walking,0.961,1,0.961,GREEN
walking,walking,0.963,1,0.963,GREEN
walking,walking,0.994,1,0.994,GREEN
walking,walking,0.99,1,0.99,GREEN
walking,walking,0.965,1,0.965,GREEN
walking,walking,0.921,1,0.921,GREEN
walking,walking,0.908,1,0.908,GREEN
walking,walking,0.948,1,0.948,GREEN
walking,walking,0.82,1,0.82,GREEN
walking,walking,0.982,1,0.982,GREEN
walking,walking,0.971,1,0.971,GREEN
walking,walking,0.983,1,0.983,GREEN
walking,walking,0.989,1,0.989,GREEN
walking,walking,0.985,1,0.985,GREEN
walking,walking,0.915,1,0.915,GREEN
walking,walking,0.912,1,0.912,GREEN
walking,walking,0.959,1,0.959,GREEN
walking,walking,0.72,1,0.72,YELLOW
walking,walking,0.907,1,0.907,GREEN
walking,walking,0.906,1,0.906,GREEN
walking,walking,0.969,1,0.969,GREEN
walking,walking,0.993,1,0.993,GREEN
walking,walking,0.994,1,0.994,GREEN
walking,walking,0.993,1,0.993,GREEN
walking,walking,0.975,1,0.975,GREEN
walking,walking,0.932,1,0.932,GREEN
walking,walking,0.888,1,0.888,GREEN
walking,walking,0.957,1,0.957,GREEN
walking,walking,0.808,1,0.808,GREEN
walking,walking,0.988,1,0.988,GREEN
walking,walking,0.984,1,0.984,GREEN
walking,walking,0.985,1,0.985,GREEN
walking,walking,0.964,1,0.964,GREEN
walking,walking,0.914,1,0.914,GREEN
walking,walking,0.916,1,0.916,GREEN
walking,walking,0.957,1,0.957,GREEN
walking,walking,0.965,1,0.965,GREEN
walking,walking,0.906,1,0.906,GREEN
walking,walking,0.971,1,0.971,GREEN
walking,walking,0.959,1,0.959,GREEN
walking,walking,0.969,1,0.969,GREEN
walking,walking,0.938,1,0.938,GREEN
walking,walking,0.902,1,0.902,GREEN
walking,walking,0.926,1,0.926,GREEN
walking,walking,0.901,1,0.901,GREEN
walking,walking,0.984,1,0.984,GREEN
walking,walking,0.938,1,0.938,GREEN
walking,walking,0.979,1,0.979,GREEN
walking,walking,0.989,1,0.989,GREEN
walking,walking,0.971,1,0.971,GREEN
walking,walking,0.957,1,0.957,GREEN
walking,walking,0.931,1,0.931,GREEN
walking,walking,0.922,1,0.922,GREEN
walking,walking,0.935,1,0.935,GREEN
walking,walking,0.958,1,0.958,GREEN
walking,walking,0.873,1,0.873,GREEN
walking,walking,0.979,1,0.979,GREEN
walking,walking,0.98,1,0.98,GREEN
walking,walking,0.983,1,0.983,GREEN
walking,walking,0.981,1,0.981,GREEN
walking,walking,0.945,1,0.945,GREEN
walking,walking,0.929,1,0.929,GREEN
walking,walking,0.948,1,0.948,GREEN
walking,walking,0.97,1,0.97,GREEN
walking,walking,0.915,1,0.915,GREEN
walking,walking,0.969,1,0.969,GREEN
walking,walking,0.926,1,0.926,GREEN
walking,walking,0.988,1,0.988,GREEN
walking,walking,0.977,1,0.977,GREEN
walking,walking,0.963,1,0.963,GREEN
walking,walking,0.939,1,0.939,GREEN
walking,walking,0.917,1,0.917,GREEN
walking,walking,0.934,1,0.934,GREEN
walking,walking,0.941,1,0.941,GREEN
walking,walking,0.911,1,0.911,GREEN
walking,walking,0.697,1,0.697,YELLOW
walking,walking,0.895,1,0.895,GREEN
walking,walking,0.955,1,0.955,GREEN
walking,walking,0.937,1,0.937,GREEN
walking,walking,0.881,1,0.881,GREEN
walking,walking,0.862,1,0.862,GREEN
walking,walking,0.916,1,0.916,GREEN
walking,walking,0.655,1,0.655,YELLOW
walking,walking,0.956,1,0.956,GREEN
walking,walking,0.962,1,0.962,GREEN
walking,walking,0.964,1,0.964,GREEN
walking,walking,0.943,1,0.943,GREEN
walking,walking,0.93,1,0.93,GREEN
walking,walking,0.945,1,0.945,GREEN
walking,walking,0.85,1,0.85,GREEN
walking,walking,0.985,1,0.985,GREEN
walking,walking,0.944,1,0.944,GREEN
walking,walking,0.953,1,0.953,GREEN
walking,walking,0.956,1,0.956,GREEN
walking,walking,0.943,1,0.943,GREEN
walking,walking,0.91,1,0.91,GREEN
walking,walking,0.731,1,0.731,YELLOW
walking,walking,0.916,1,0.916,GREEN
walking,walking,0.87,1,0.87,GREEN
walking,walking,0.951,1,0.951,GREEN
walking,walking,0.95,1,0.95,GREEN
walking,walking,0.942,1,0.942,GREEN
walking,walking,0.927,1,0.927,GREEN
walking,walking,0.824,1,0.824,GREEN
walking,walking,0.933,1,0.933,GREEN
walking,walking,0.879,1,0.879,GREEN
walking,walking,0.987,1,0.987,GREEN
walking,walking,0.978,1,0.978,GREEN
walking,walking,0.952,1,0.952,GREEN
walking,walking,0.865,1,0.865,GREEN
walking,walking,0.795,1,0.795,GREEN
walking,walking,0.912,1,0.912,GREEN
walking,walking,0.785,1,0.785,GREEN
walking,walking,0.904,1,0.904,GREEN
walking,walking,0.897,1,0.897,GREEN
walking,walking,0.715,1,0.715,YELLOW
walking,walking,0.757,1,0.757,GREEN
walking,walking,0.675,1,0.675,YELLOW
walking,walking,0.899,1,0.899,GREEN
walking,walking,0.926,1,0.926,GREEN
walking,walking,0.922,1,0.922,GREEN
walking,walking,0.837,1,0.837,GREEN
walking,walking,0.719,1,0.719,YELLOW
walking,walking,0.873,1,0.873,GREEN
walking,walking,0.675,1,0.675,YELLOW
walking,walking,0.879,1,0.879,GREEN
walking,walking,0.853,1,0.853,GREEN
walking,walking,0.806,1,0.806,GREEN
walking,walking,0.787,1,0.787,GREEN
walking,walking,0.446,1,0.446,RED
walking,walking,0.453,1,0.453,YELLOW
walking,walking,0.633,1,0.633,YELLOW
walking,walking,0.689,1,0.689,YELLOW
walking,walking,0.608,1,0.608,YELLOW
walking,walking,0.5,1,0.5,YELLOW
walking,walking,0.686,1,0.686,YELLOW
walking,walking,0.677,1,0.677,YELLOW
walking,walking,0.701,1,0.701,YELLOW
walking,walking,0.818,1,0.818,GREEN
walking,walking,0.835,1,0.835,GREEN
walking,walking,0.723,1,0.723,YELLOW
walking,walking,0.475,1,0.475,YELLOW
walking,walking,0.563,1,0.563,YELLOW
walking,walking,0.719,1,0.719,YELLOW
walking,walking,0.662,1,0.662,YELLOW
walking,walking,0.586,1,0.586,YELLOW
walking,walking,0.692,1,0.692,YELLOW
walking,walking,0.578,1,0.578,YELLOW
walking,walking,0.411,1,0.411,RED
walking,walking,0.509,1,0.509,YELLOW
walking,walking,0.629,1,0.629,YELLOW
walking,walking,0.592,1,0.592,YELLOW
walking,walking,0.796,1,0.796,GREEN
walking,walking,0.9,1,0.9,GREEN
walking,walking,0.856,1,0.856,GREEN
walking,walking,0.801,1,0.801,GREEN
walking,walking,0.861,1,0.861,GREEN
walking,walking,0.494,1,0.494,YELLOW
walking,walking,0.793,1,0.793,GREEN
walking,walking,0.844,1,0.844,GREEN
walking,walking,0.831,1,0.831,GREEN
walking,walking,0.809,1,0.809,GREEN
walking,walking,0.639,1,0.639,YELLOW
walking,walking,0.501,1,0.501,YELLOW
walking,walking,0.53,1,0.53,YELLOW
walking,walking,0.726,1,0.726,YELLOW
walking,walking,0.736,1,0.736,YELLOW
walking,walking,0.806,1,0.806,GREEN
walking,walking,0.808,1,0.808,GREEN
walking,walking,0.63,1,0.63,YELLOW
walking,walking,0.49,1,0.49,YELLOW
walking,walking,0.499,1,0.499,YELLOW
walking,walking,0.868,1,0.868,GREEN
walking,walking,0.904,1,0.904,GREEN
walking,walking,0.861,1,0.861,GREEN
walking,walking,0.683,1,0.683,YELLOW
walking,walking,0.447,1,0.447,RED
walking,walking,0.552,1,0.552,YELLOW
walking,walking,0.64,1,0.64,YELLOW
walking,walking,0.841,1,0.841,GREEN
walking,walking,0.874,1,0.874,GREEN
walking,walking,0.869,1,0.869,GREEN
walking,walking,0.87,1,0.87,GREEN
walking,walking,0.831,1,0.831,GREEN
walking,walking,0.815,1,0.815,GREEN
walking,walking,0.477,1,0.477,YELLOW
walking,walking,0.396,1,0.396,RED
walking,walking,0.818,1,0.818,GREEN
walking,walking,0.849,1,0.849,GREEN
walking,walking,0.988,1,0.988,GREEN
walking,walking,0.979,1,0.979,GREEN
walking,walking,0.988,1,0.988,GREEN
walking,walking,0.981,1,0.981,GREEN
walking,walking,0.974,1,0.974,GREEN
walking,walking,0.944,1,0.944,GREEN
walking,walking,0.936,1,0.936,GREEN
walking,walking,0.926,1,0.926,GREEN
walking,walking,0.94,1,0.94,GREEN
walking,walking,0.869,1,0.869,GREEN
walking,walking,0.915,1,0.915,GREEN
walking,walking,0.797,1,0.797,GREEN
walking,walking,0.923,1,0.923,GREEN
walking,walking,0.926,1,0.926,GREEN
walking,walking,0.944,1,0.944,GREEN
walking,walking,0.974,1,0.974,GREEN
walking,walking,0.976,1,0.976,GREEN
walking,walking,0.944,1,0.944,GREEN
walking,walking,0.921,1,0.921,GREEN
walking,walking,0.93,1,0.93,GREEN
walking,walking,0.923,1,0.923,GREEN
walking,walking,0.982,1,0.982,GREEN
walking,walking,0.939,1,0.939,GREEN
walking,walking,0.989,1,0.989,GREEN
walking,walking,0.898,1,0.898,GREEN
walking,walking,0.876,1,0.876,GREEN
walking,walking,0.957,1,0.957,GREEN
walking,walking,0.983,1,0.983,GREEN
walking,walking,0.951,1,0.951,GREEN
walking,walking,0.958,1,0.958,GREEN
walking,walking,0.963,1,0.963,GREEN
walking,walking,0.922,1,0.922,GREEN
walking,walking,0.958,1,0.958,GREEN
walking,walking,0.887,1,0.887,GREEN
walking,walking,0.987,1,0.987,GREEN
walking,walking,0.977,1,0.977,GREEN
walking,walking,0.978,1,0.978,GREEN
walking,walking,0.993,1,0.993,GREEN
walking,walking,0.993,1,0.993,GREEN
walking,walking,0.98,1,0.98,GREEN
walking,walking,0.956,1,0.956,GREEN
walking,walking,0.961,1,0.961,GREEN
walking,walking,0.969,1,0.969,GREEN
walking,walking,0.976,1,0.976,GREEN
walking,walking,0.947,1,0.947,GREEN
walking,walking,0.991,1,0.991,GREEN
walking,walking,0.929,1,0.929,GREEN
walking,walking,0.97,1,0.97,GREEN
walking,walking,0.946,1,0.946,GREEN
walking,walking,0.888,1,0.888,GREEN
walking,walking,0.889,1,0.889,GREEN
walking,walking,0.979,1,0.979,GREEN
walking,walking,0.983,1,0.983,GREEN
walking,walking,0.937,1,0.937,GREEN
walking,walking,0.908,1,0.908,GREEN
walking,walking,0.975,1,0.975,GREEN
walking,walking,0.995,1,0.995,GREEN
walking,walking,0.977,1,0.977,GREEN
walking,walking,0.971,1,0.971,GREEN
walking,walking,0.976,1,0.976,GREEN
walking,walking,0.975,1,0.975,GREEN
walking,walking,0.873,1,0.873,GREEN
walking,walking,0.953,1,0.953,GREEN
walking,walking,0.978,1,0.978,GREEN
walking,walking,0.981,1,0.981,GREEN
walking,walking,0.944,1,0.944,GREEN
walking,walking,0.97,1,0.97,GREEN
walking,walking,0.936,1,0.936,GREEN
walking,walking,0.983,1,0.983,GREEN
walking,walking,0.979,1,0.979,GREEN
walking,walking,0.989,1,0.989,GREEN
walking,walking,0.98,1,0.98,GREEN
walking,walking,0.941,1,0.941,GREEN
walking,walking,0.915,1,0.915,GREEN
walking,walking,0.871,1,0.871,GREEN
walking,walking,0.753,1,0.753,GREEN
walking,walking,0.211,1,0.211,RED
walking,walking,0.512,1,0.512,YELLOW
walking,walking,0.445,1,0.445,RED
walking,walking,0.625,1,0.625,YELLOW
walking,walking,0.924,1,0.924,GREEN
walking,walking,0.885,1,0.885,GREEN
walking,walking,0.879,1,0.879,GREEN
walking,walking,0.883,1,0.883,GREEN
walking,walking,0.919,1,0.919,GREEN
walking,walking,0.896,1,0.896,GREEN
walking,walking,0.955,1,0.955,GREEN
walking,walking,0.883,1,0.883,GREEN
walking,walking,0.923,1,0.923,GREEN
walking,walking,0.666,1,0.666,YELLOW
walking,walking,0.663,1,0.663,YELLOW
walking,walking,0.769,1,0.769,GREEN
walking,walking,0.752,1,0.752,GREEN
walking,walking,0.787,1,0.787,GREEN
walking,walking,0.651,1,0.651,YELLOW
walking,walking,0.74,1,0.74,YELLOW
walking,walking,0.906,1,0.906,GREEN
walking,walking,0.977,1,0.977,GREEN
walking,walking,0.925,1,0.925,GREEN
walking,walking,0.979,1,0.979,GREEN
walking,walking,0.94,1,0.94,GREEN
walking,walking,0.98,1,0.98,GREEN
walking,walking,0.979,1,0.979,GREEN
walking,walking,0.98,1,0.98,GREEN
walking,walking,0.962,1,0.962,GREEN
walking,walking,0.932,1,0.932,GREEN
walking,walking,0.889,1,0.889,GREEN
walking,walking,0.903,1,0.903,GREEN
walking,walking,0.937,1,0.937,GREEN
walking,walking,0.77,1,0.77,GREEN
walking,walking,0.95,1,0.95,GREEN
walking,walking,0.949,1,0.949,GREEN
walking,walking,0.901,1,0.901,GREEN
walking,walking,0.849,1,0.849,GREEN
walking,walking,0.737,1,0.737,YELLOW
walking,walking,0.818,1,0.818,GREEN
walking,walking,0.546,1,0.546,YELLOW
walking,walking,0.83,1,0.83,GREEN
walking,walking,0.802,1,0.802,GREEN
walking,walking,0.692,1,0.692,YELLOW
walking,walking,0.753,1,0.753,GREEN
walking,walking,0.81,1,0.81,GREEN
walking,walking,0.73,1,0.73,YELLOW
walking,walking,0.802,1,0.802,GREEN
walking,walking,0.94,1,0.94,GREEN
walking,walking,0.88,1,0.88,GREEN
walking,walking,0.982,1,0.982,GREEN
walking,walking,0.993,1,0.993,GREEN
walking,walking,0.994,1,0.994,GREEN
walking,walking,0.998,1,0.998,GREEN
walking,walking,0.998,1,0.998,GREEN
walking,walking,0.998,1,0.998,GREEN
walking,walking,0.985,1,0.985,GREEN
walking,walking,0.951,1,0.951,GREEN
walking,walking,0.848,1,0.848,GREEN
walking,walking,0.882,1,0.882,GREEN
walking,walking,0.737,1,0.737,YELLOW
walking,walking,0.96,1,0.96,GREEN
walking,walking,0.913,1,0.913,GREEN
walking,walking,0.933,1,0.933,GREEN
walking,walking,0.958,1,0.958,GREEN
walking,walking,0.943,1,0.943,GREEN
walking,walking,0.971,1,0.971,GREEN
walking,walking,0.988,1,0.988,GREEN
walking,walking,0.969,1,0.969,GREEN
walking,walking,0.936,1,0.936,GREEN
walking,walking,0.948,1,0.948,GREEN
walking,walking,0.863,1,0.863,GREEN
walking,walking,0.894,1,0.894,GREEN
walking,walking,0.863,1,0.863,GREEN
walking,walking,0.927,1,0.927,GREEN
walking,walking,0.987,1,0.987,GREEN
walking,walking,0.772,1,0.772,GREEN
walking,walking,0.824,1,0.824,GREEN
walking,walking,0.916,1,0.916,GREEN
walking,walking,0.888,1,0.888,GREEN
walking,walking,0.929,1,0.929,GREEN
walking,walking,0.956,1,0.956,GREEN
walking,walking,0.93,1,0.93,GREEN
walking,walking,0.971,1,0.971,GREEN
walking,walking,0.979,1,0.979,GREEN
walking,walking,0.976,1,0.976,GREEN
walking,walking,0.971,1,0.971,GREEN
walking,walking,0.983,1,0.983,GREEN
walking,walking,0.958,1,0.958,GREEN
walking,walking,0.961,1,0.961,GREEN
walking,walking,0.929,1,0.929,GREEN
walking,walking,0.851,1,0.851,GREEN
walking,walking,0.948,1,0.948,GREEN
walking,walking,0.946,1,0.946,GREEN
walking,walking,0.994,1,0.994,GREEN
walking,walking,0.995,1,0.995,GREEN
walking,walking,0.992,1,0.992,GREEN
walking,walking,0.988,1,0.988,GREEN
walking,walking,0.977,1,0.977,GREEN
walking,walking,0.971,1,0.971,GREEN
walking,walking,0.984,1,0.984,GREEN
walking,walking,0.941,1,0.941,GREEN
walking,walking,0.963,1,0.963,GREEN
walking,walking,0.994,1,0.994,GREEN
walking,walking,0.949,1,0.949,GREEN
walking,walking,0.763,1,0.763,GREEN
walking,walking,0.669,1,0.669,YELLOW
walking,walking,0.934,1,0.934,GREEN
walking,walking,0.809,1,0.809,GREEN
walking,walking,0.929,1,0.929,GREEN
walking,walking,0.96,1,0.96,GREEN
walking,walking,0.981,1,0.981,GREEN
walking,walking,0.983,1,0.983,GREEN
walking,walking,0.99,1,0.99,GREEN
walking,walking,0.97,1,0.97,GREEN
walking,walking,0.938,1,0.938,GREEN
walking,walking,0.926,1,0.926,GREEN
walking,walking,0.92,1,0.92,GREEN
walking,walking,0.953,1,0.953,GREEN
walking,walking,0.7,1,0.7,YELLOW
walking,walking,0.984,1,0.984,GREEN
walking,walking,0.981,1,0.981,GREEN
walking,walking,0.978,1,0.978,GREEN
walking,walking,0.992,1,0.992,GREEN
walking,walking,0.981,1,0.981,GREEN
walking,walking,0.916,1,0.916,GREEN
walking,walking,0.843,1,0.843,GREEN
walking,walking,0.875,1,0.875,GREEN
walking,walking,0.522,1,0.522,YELLOW
walking,walking,0.836,1,0.836,GREEN
walking,walking,0.878,1,0.878,GREEN
walking,walking,0.943,1,0.943,GREEN
walking,walking,0.941,1,0.941,GREEN
walking,walking,0.958,1,0.958,GREEN
walking,walking,0.907,1,0.907,GREEN
walking,walking,0.873,1,0.873,GREEN
walking,walking,0.939,1,0.939,GREEN
walking,walking,0.742,1,0.742,YELLOW
walking,walking,0.924,1,0.924,GREEN
walking,walking,0.929,1,0.929,GREEN
walking,walking,0.948,1,0.948,GREEN
walking,walking,0.935,1,0.935,GREEN
walking,walking,0.856,1,0.856,GREEN
walking,walking,0.851,1,0.851,GREEN
walking,walking,0.42,1,0.42,RED
walking,walking,0.517,1,0.517,YELLOW
walking,walking,0.425,1,0.425,RED
walking,walking,0.456,1,0.456,YELLOW
walking,walking,0.511,1,0.511,YELLOW
walking,walking,0.458,1,0.458,YELLOW
walking,walking,0.391,1,0.391,RED
walking,walking,0.423,1,0.423,RED
nordic_walk,walking,0.202,0,0.0,RED
nordic_walk,walking,0.253,0,0.0,RED
nordic_walk,walking,0.266,0,0.0,RED
nordic_walk,nordic_walk,0.257,1,0.257,RED
nordic_walk,nordic_walk,0.289,1,0.289,RED
nordic_walk,nordic_walk,0.284,1,0.284,RED
nordic_walk,nordic_walk,0.205,1,0.205,RED
nordic_walk,nordic_walk,0.309,1,0.309,RED
nordic_walk,nordic_walk,0.243,1,0.243,RED
nordic_walk,nordic_walk,0.327,1,0.327,RED
nordic_walk,nordic_walk,0.495,1,0.495,YELLOW
nordic_walk,nordic_walk,0.911,1,0.911,GREEN
nordic_walk,nordic_walk,0.983,1,0.983,GREEN
nordic_walk,nordic_walk,0.991,1,0.991,GREEN
nordic_walk,nordic_walk,0.99,1,0.99,GREEN
nordic_walk,nordic_walk,0.984,1,0.984,GREEN
nordic_walk,nordic_walk,0.977,1,0.977,GREEN
nordic_walk,nordic_walk,0.915,1,0.915,GREEN
nordic_walk,nordic_walk,0.911,1,0.911,GREEN
nordic_walk,nordic_walk,0.934,1,0.934,GREEN
nordic_walk,nordic_walk,0.943,1,0.943,GREEN
nordic_walk,nordic_walk,0.903,1,0.903,GREEN
nordic_walk,nordic_walk,0.879,1,0.879,GREEN
nordic_walk,nordic_walk,0.888,1,0.888,GREEN
nordic_walk,nordic_walk,0.901,1,0.901,GREEN
nordic_walk,nordic_walk,0.909,1,0.909,GREEN
nordic_walk,nordic_walk,0.941,1,0.941,GREEN
nordic_walk,nordic_walk,0.925,1,0.925,GREEN
nordic_walk,nordic_walk,0.94,1,0.94,GREEN
nordic_walk,nordic_walk,0.914,1,0.914,GREEN
nordic_walk,nordic_walk,0.887,1,0.887,GREEN
nordic_walk,nordic_walk,0.957,1,0.957,GREEN
nordic_walk,nordic_walk,0.978,1,0.978,GREEN
nordic_walk,nordic_walk,0.971,1,0.971,GREEN
nordic_walk,nordic_walk,0.969,1,0.969,GREEN
nordic_walk,nordic_walk,0.949,1,0.949,GREEN
nordic_walk,nordic_walk,0.949,1,0.949,GREEN
nordic_walk,nordic_walk,0.977,1,0.977,GREEN
nordic_walk,nordic_walk,0.977,1,0.977,GREEN
nordic_walk,nordic_walk,0.989,1,0.989,GREEN
nordic_walk,nordic_walk,0.99,1,0.99,GREEN
nordic_walk,nordic_walk,0.983,1,0.983,GREEN
nordic_walk,nordic_walk,0.986,1,0.986,GREEN
nordic_walk,nordic_walk,0.986,1,0.986,GREEN
nordic_walk,nordic_walk,0.997,1,0.997,GREEN
nordic_walk,nordic_walk,0.998,1,0.998,GREEN
nordic_walk,nordic_walk,0.977,1,0.977,GREEN
nordic_walk,nordic_walk,0.98,1,0.98,GREEN
nordic_walk,nordic_walk,0.998,1,0.998,GREEN
nordic_walk,nordic_walk,0.987,1,0.987,GREEN
nordic_walk,nordic_walk,0.986,1,0.986,GREEN
nordic_walk,nordic_walk,0.973,1,0.973,GREEN
nordic_walk,nordic_walk,0.968,1,0.968,GREEN
nordic_walk,nordic_walk,0.981,1,0.981,GREEN
nordic_walk,nordic_walk,0.982,1,0.982,GREEN
nordic_walk,nordic_walk,0.94,1,0.94,GREEN
nordic_walk,nordic_walk,0.935,1,0.935,GREEN
nordic_walk,nordic_walk,0.981,1,0.981,GREEN
nordic_walk,nordic_walk,0.992,1,0.992,GREEN
nordic_walk,nordic_walk,0.993,1,0.993,GREEN
nordic_walk,nordic_walk,0.978,1,0.978,GREEN
nordic_walk,nordic_walk,0.975,1,0.975,GREEN
nordic_walk,nordic_walk,0.984,1,0.984,GREEN
nordic_walk,nordic_walk,0.951,1,0.951,GREEN
nordic_walk,nordic_walk,0.943,1,0.943,GREEN
nordic_walk,nordic_walk,0.988,1,0.988,GREEN
nordic_walk,nordic_walk,0.973,1,0.973,GREEN
nordic_walk,nordic_walk,0.99,1,0.99,GREEN
nordic_walk,nordic_walk,0.982,1,0.982,GREEN
nordic_walk,nordic_walk,0.985,1,0.985,GREEN
nordic_walk,nordic_walk,0.984,1,0.984,GREEN
nordic_walk,nordic_walk,0.988,1,0.988,GREEN
nordic_walk,nordic_walk,0.995,1,0.995,GREEN
nordic_walk,nordic_walk,0.97,1,0.97,GREEN
nordic_walk,nordic_walk,0.945,1,0.945,GREEN
nordic_walk,nordic_walk,0.956,1,0.956,GREEN
nordic_walk,nordic_walk,0.995,1,0.995,GREEN
nordic_walk,nordic_walk,0.993,1,0.993,GREEN
nordic_walk,nordic_walk,0.972,1,0.972,GREEN
nordic_walk,nordic_walk,0.982,1,0.982,GREEN
nordic_walk,nordic_walk,0.985,1,0.985,GREEN
nordic_walk,nordic_walk,0.982,1,0.982,GREEN
nordic_walk,nordic_walk,0.995,1,0.995,GREEN
nordic_walk,nordic_walk,0.991,1,0.991,GREEN
nordic_walk,nordic_walk,0.982,1,0.982,GREEN
nordic_walk,nordic_walk,0.994,1,0.994,GREEN
nordic_walk,nordic_walk,0.983,1,0.983,GREEN
nordic_walk,nordic_walk,0.983,1,0.983,GREEN
nordic_walk,nordic_walk,0.998,1,0.998,GREEN
nordic_walk,nordic_walk,0.993,1,0.993,GREEN
nordic_walk,nordic_walk,0.986,1,0.986,GREEN
nordic_walk,nordic_walk,0.986,1,0.986,GREEN
nordic_walk,nordic_walk,0.99,1,0.99,GREEN
nordic_walk,nordic_walk,0.993,1,0.993,GREEN
nordic_walk,nordic_walk,0.98,1,0.98,GREEN
nordic_walk,nordic_walk,0.981,1,0.981,GREEN
nordic_walk,nordic_walk,0.985,1,0.985,GREEN
nordic_walk,nordic_walk,0.985,1,0.985,GREEN
nordic_walk,nordic_walk,0.99,1,0.99,GREEN
nordic_walk,nordic_walk,0.987,1,0.987,GREEN
nordic_walk,nordic_walk,0.99,1,0.99,GREEN
nordic_walk,nordic_walk,0.989,1,0.989,GREEN
nordic_walk,nordic_walk,0.982,1,0.982,GREEN
nordic_walk,nordic_walk,0.973,1,0.973,GREEN
nordic_walk,nordic_walk,0.971,1,0.971,GREEN
nordic_walk,nordic_walk,0.982,1,0.982,GREEN
nordic_walk,nordic_walk,0.979,1,0.979,GREEN
nordic_walk,nordic_walk,0.986,1,0.986,GREEN
nordic_walk,nordic_walk,0.984,1,0.984,GREEN
nordic_walk,nordic_walk,0.981,1,0.981,GREEN
nordic_walk,nordic_walk,0.992,1,0.992,GREEN
nordic_walk,nordic_walk,0.982,1,0.982,GREEN
nordic_walk,nordic_walk,0.983,1,0.983,GREEN
nordic_walk,nordic_walk,0.957,1,0.957,GREEN
nordic_walk,nordic_walk,0.951,1,0.951,GREEN
nordic_walk,nordic_walk,0.949,1,0.949,GREEN
nordic_walk,nordic_walk,0.945,1,0.945,GREEN
nordic_walk,nordic_walk,0.966,1,0.966,GREEN
nordic_walk,nordic_walk,0.943,1,0.943,GREEN
nordic_walk,nordic_walk,0.906,1,0.906,GREEN
nordic_walk,nordic_walk,0.922,1,0.922,GREEN
nordic_walk,nordic_walk,0.894,1,0.894,GREEN
nordic_walk,nordic_walk,0.908,1,0.908,GREEN
nordic_walk,nordic_walk,0.959,1,0.959,GREEN
nordic_walk,nordic_walk,0.917,1,0.917,GREEN
nordic_walk,nordic_walk,0.939,1,0.939,GREEN
nordic_walk,nordic_walk,0.968,1,0.968,GREEN
nordic_walk,nordic_walk,0.973,1,0.973,GREEN
nordic_walk,nordic_walk,0.925,1,0.925,GREEN
nordic_walk,nordic_walk,0.906,1,0.906,GREEN
nordic_walk,nordic_walk,0.838,1,0.838,GREEN
nordic_walk,nordic_walk,0.854,1,0.854,GREEN
nordic_walk,nordic_walk,0.908,1,0.908,GREEN
nordic_walk,nordic_walk,0.894,1,0.894,GREEN
nordic_walk,nordic_walk,0.895,1,0.895,GREEN
nordic_walk,nordic_walk,0.911,1,0.911,GREEN
nordic_walk,nordic_walk,0.956,1,0.956,GREEN
nordic_walk,nordic_walk,0.886,1,0.886,GREEN
nordic_walk,nordic_walk,0.868,1,0.868,GREEN
nordic_walk,nordic_walk,0.931,1,0.931,GREEN
nordic_walk,nordic_walk,0.949,1,0.949,GREEN
nordic_walk,nordic_walk,0.895,1,0.895,GREEN
nordic_walk,nordic_walk,0.893,1,0.893,GREEN
nordic_walk,nordic_walk,0.925,1,0.925,GREEN
nordic_walk,nordic_walk,0.939,1,0.939,GREEN
nordic_walk,nordic_walk,0.987,1,0.987,GREEN
nordic_walk,nordic_walk,0.987,1,0.987,GREEN
nordic_walk,nordic_walk,0.986,1,0.986,GREEN
nordic_walk,nordic_walk,0.986,1,0.986,GREEN
nordic_walk,nordic_walk,0.988,1,0.988,GREEN
nordic_walk,nordic_walk,0.951,1,0.951,GREEN
nordic_walk,nordic_walk,0.987,1,0.987,GREEN
nordic_walk,nordic_walk,0.986,1,0.986,GREEN
nordic_walk,nordic_walk,0.986,1,0.986,GREEN
nordic_walk,nordic_walk,0.982,1,0.982,GREEN
nordic_walk,nordic_walk,0.981,1,0.981,GREEN
nordic_walk,nordic_walk,0.989,1,0.989,GREEN
nordic_walk,nordic_walk,0.997,1,0.997,GREEN
nordic_walk,nordic_walk,0.986,1,0.986,GREEN
nordic_walk,nordic_walk,0.978,1,0.978,GREEN
nordic_walk,nordic_walk,0.973,1,0.973,GREEN
nordic_walk,nordic_walk,0.986,1,0.986,GREEN
nordic_walk,nordic_walk,0.987,1,0.987,GREEN
nordic_walk,nordic_walk,0.963,1,0.963,GREEN
nordic_walk,nordic_walk,0.93,1,0.93,GREEN
nordic_walk,nordic_walk,0.883,1,0.883,GREEN
nordic_walk,nordic_walk,0.883,1,0.883,GREEN
nordic_walk,nordic_walk,0.944,1,0.944,GREEN
nordic_walk,nordic_walk,0.947,1,0.947,GREEN
nordic_walk,nordic_walk,0.966,1,0.966,GREEN
nordic_walk,nordic_walk,0.982,1,0.982,GREEN
nordic_walk,nordic_walk,0.978,1,0.978,GREEN
nordic_walk,nordic_walk,0.961,1,0.961,GREEN
nordic_walk,nordic_walk,0.96,1,0.96,GREEN
nordic_walk,nordic_walk,0.957,1,0.957,GREEN
nordic_walk,nordic_walk,0.954,1,0.954,GREEN
nordic_walk,nordic_walk,0.989,1,0.989,GREEN
nordic_walk,nordic_walk,0.987,1,0.987,GREEN
nordic_walk,nordic_walk,0.996,1,0.996,GREEN
nordic_walk,nordic_walk,0.988,1,0.988,GREEN
nordic_walk,nordic_walk,0.991,1,0.991,GREEN
nordic_walk,nordic_walk,0.988,1,0.988,GREEN
nordic_walk,nordic_walk,0.991,1,0.991,GREEN
nordic_walk,nordic_walk,0.986,1,0.986,GREEN
nordic_walk,nordic_walk,0.987,1,0.987,GREEN
nordic_walk,nordic_walk,0.985,1,0.985,GREEN
nordic_walk,nordic_walk,0.986,1,0.986,GREEN
nordic_walk,nordic_walk,0.983,1,0.983,GREEN
nordic_walk,nordic_walk,0.992,1,0.992,GREEN
nordic_walk,nordic_walk,0.995,1,0.995,GREEN
nordic_walk,nordic_walk,0.984,1,0.984,GREEN
nordic_walk,nordic_walk,0.985,1,0.985,GREEN
nordic_walk,nordic_walk,0.868,1,0.868,GREEN
nordic_walk,nordic_walk,0.988,1,0.988,GREEN
nordic_walk,nordic_walk,0.979,1,0.979,GREEN
nordic_walk,nordic_walk,1.0,1,1.0,GREEN
nordic_walk,nordic_walk,1.0,1,1.0,GREEN
nordic_walk,nordic_walk,0.995,1,0.995,GREEN
nordic_walk,nordic_walk,0.992,1,0.992,GREEN
nordic_walk,nordic_walk,0.969,1,0.969,GREEN
nordic_walk,nordic_walk,0.967,1,0.967,GREEN
nordic_walk,nordic_walk,0.983,1,0.983,GREEN
nordic_walk,nordic_walk,0.982,1,0.982,GREEN
nordic_walk,nordic_walk,0.951,1,0.951,GREEN
nordic_walk,nordic_walk,0.955,1,0.955,GREEN
nordic_walk,nordic_walk,0.976,1,0.976,GREEN
nordic_walk,nordic_walk,0.951,1,0.951,GREEN
nordic_walk,nordic_walk,0.958,1,0.958,GREEN
nordic_walk,nordic_walk,0.97,1,0.97,GREEN
nordic_walk,nordic_walk,0.993,1,0.993,GREEN
nordic_walk,nordic_walk,0.979,1,0.979,GREEN
nordic_walk,nordic_walk,0.977,1,0.977,GREEN
nordic_walk,nordic_walk,0.969,1,0.969,GREEN
nordic_walk,nordic_walk,0.97,1,0.97,GREEN
nordic_walk,nordic_walk,0.992,1,0.992,GREEN
nordic_walk,nordic_walk,0.941,1,0.941,GREEN
nordic_walk,nordic_walk,0.926,1,0.926,GREEN
nordic_walk,nordic_walk,0.942,1,0.942,GREEN
nordic_walk,nordic_walk,0.981,1,0.981,GREEN
nordic_walk,nordic_walk,0.983,1,0.983,GREEN
nordic_walk,nordic_walk,0.993,1,0.993,GREEN
nordic_walk,nordic_walk,0.977,1,0.977,GREEN
nordic_walk,nordic_walk,0.972,1,0.972,GREEN
nordic_walk,nordic_walk,0.995,1,0.995,GREEN
nordic_walk,nordic_walk,0.997,1,0.997,GREEN
nordic_walk,nordic_walk,0.993,1,0.993,GREEN
nordic_walk,nordic_walk,0.99,1,0.99,GREEN
nordic_walk,nordic_walk,0.988,1,0.988,GREEN
nordic_walk,nordic_walk,0.979,1,0.979,GREEN
nordic_walk,nordic_walk,0.989,1,0.989,GREEN
nordic_walk,nordic_walk,0.988,1,0.988,GREEN
nordic_walk,nordic_walk,0.984,1,0.984,GREEN
nordic_walk,nordic_walk,0.991,1,0.991,GREEN
nordic_walk,nordic_walk,0.998,1,0.998,GREEN
nordic_walk,nordic_walk,0.996,1,0.996,GREEN
nordic_walk,nordic_walk,0.976,1,0.976,GREEN
nordic_walk,nordic_walk,0.984,1,0.984,GREEN
nordic_walk,nordic_walk,0.989,1,0.989,GREEN
nordic_walk,nordic_walk,0.981,1,0.981,GREEN
nordic_walk,nordic_walk,0.985,1,0.985,GREEN
nordic_walk,nordic_walk,0.993,1,0.993,GREEN
nordic_walk,nordic_walk,0.964,1,0.964,GREEN
nordic_walk,nordic_walk,0.965,1,0.965,GREEN
nordic_walk,nordic_walk,0.997,1,0.997,GREEN
nordic_walk,nordic_walk,0.996,1,0.996,GREEN
nordic_walk,nordic_walk,0.998,1,0.998,GREEN
nordic_walk,nordic_walk,0.995,1,0.995,GREEN
nordic_walk,nordic_walk,0.993,1,0.993,GREEN
nordic_walk,nordic_walk,0.988,1,0.988,GREEN
nordic_walk,nordic_walk,0.981,1,0.981,GREEN
nordic_walk,nordic_walk,0.983,1,0.983,GREEN
nordic_walk,nordic_walk,0.986,1,0.986,GREEN
nordic_walk,nordic_walk,0.996,1,0.996,GREEN
nordic_walk,nordic_walk,0.994,1,0.994,GREEN
nordic_walk,nordic_walk,0.987,1,0.987,GREEN
nordic_walk,nordic_walk,0.996,1,0.996,GREEN
nordic_walk,nordic_walk,0.993,1,0.993,GREEN
nordic_walk,nordic_walk,0.994,1,0.994,GREEN
nordic_walk,nordic_walk,0.994,1,0.994,GREEN
nordic_walk,nordic_walk,0.994,1,0.994,GREEN
nordic_walk,nordic_walk,0.99,1,0.99,GREEN
nordic_walk,nordic_walk,0.984,1,0.984,GREEN
nordic_walk,nordic_walk,0.993,1,0.993,GREEN
nordic_walk,nordic_walk,0.994,1,0.994,GREEN
nordic_walk,nordic_walk,0.983,1,0.983,GREEN
nordic_walk,nordic_walk,0.895,1,0.895,GREEN
nordic_walk,nordic_walk,0.997,1,0.997,GREEN
nordic_walk,nordic_walk,0.999,1,0.999,GREEN
nordic_walk,nordic_walk,0.978,1,0.978,GREEN
nordic_walk,nordic_walk,0.982,1,0.982,GREEN
nordic_walk,nordic_walk,0.998,1,0.998,GREEN
nordic_walk,nordic_walk,0.998,1,0.998,GREEN
nordic_walk,nordic_walk,0.994,1,0.994,GREEN
nordic_walk,nordic_walk,0.984,1,0.984,GREEN
nordic_walk,nordic_walk,0.968,1,0.968,GREEN
nordic_walk,nordic_walk,0.98,1,0.98,GREEN
nordic_walk,nordic_walk,0.97,1,0.97,GREEN
nordic_walk,nordic_walk,0.991,1,0.991,GREEN
nordic_walk,nordic_walk,0.979,1,0.979,GREEN
nordic_walk,nordic_walk,0.882,1,0.882,GREEN
nordic_walk,nordic_walk,0.808,1,0.808,GREEN
nordic_walk,nordic_walk,0.644,1,0.644,YELLOW
nordic_walk,nordic_walk,0.884,1,0.884,GREEN
nordic_walk,nordic_walk,0.949,1,0.949,GREEN
nordic_walk,nordic_walk,0.986,1,0.986,GREEN
nordic_walk,nordic_walk,0.987,1,0.987,GREEN
nordic_walk,nordic_walk,0.987,1,0.987,GREEN
nordic_walk,nordic_walk,0.99,1,0.99,GREEN
nordic_walk,nordic_walk,0.996,1,0.996,GREEN
nordic_walk,nordic_walk,0.993,1,0.993,GREEN
nordic_walk,nordic_walk,0.991,1,0.991,GREEN
nordic_walk,nordic_walk,0.995,1,0.995,GREEN
nordic_walk,nordic_walk,0.956,1,0.956,GREEN
nordic_walk,nordic_walk,0.95,1,0.95,GREEN
nordic_walk,nordic_walk,0.993,1,0.993,GREEN
nordic_walk,nordic_walk,0.998,1,0.998,GREEN
nordic_walk,nordic_walk,0.977,1,0.977,GREEN
nordic_walk,nordic_walk,0.986,1,0.986,GREEN
nordic_walk,nordic_walk,0.978,1,0.978,GREEN
nordic_walk,nordic_walk,0.958,1,0.958,GREEN
nordic_walk,nordic_walk,0.986,1,0.986,GREEN
nordic_walk,nordic_walk,0.993,1,0.993,GREEN
nordic_walk,nordic_walk,0.994,1,0.994,GREEN
nordic_walk,nordic_walk,0.987,1,0.987,GREEN
nordic_walk,nordic_walk,0.981,1,0.981,GREEN
nordic_walk,nordic_walk,0.967,1,0.967,GREEN
nordic_walk,nordic_walk,0.966,1,0.966,GREEN
nordic_walk,nordic_walk,0.979,1,0.979,GREEN
nordic_walk,nordic_walk,0.986,1,0.986,GREEN
nordic_walk,nordic_walk,0.973,1,0.973,GREEN
nordic_walk,nordic_walk,0.973,1,0.973,GREEN
nordic_walk,nordic_walk,0.986,1,0.986,GREEN
nordic_walk,nordic_walk,0.981,1,0.981,GREEN
nordic_walk,nordic_walk,0.964,1,0.964,GREEN
nordic_walk,nordic_walk,0.986,1,0.986,GREEN
nordic_walk,nordic_walk,0.979,1,0.979,GREEN
nordic_walk,nordic_walk,0.975,1,0.975,GREEN
nordic_walk,nordic_walk,0.967,1,0.967,GREEN
nordic_walk,nordic_walk,0.984,1,0.984,GREEN
nordic_walk,nordic_walk,0.996,1,0.996,GREEN
nordic_walk,nordic_walk,0.996,1,0.996,GREEN
nordic_walk,nordic_walk,0.984,1,0.984,GREEN
nordic_walk,nordic_walk,0.962,1,0.962,GREEN
nordic_walk,nordic_walk,0.966,1,0.966,GREEN
nordic_walk,nordic_walk,0.985,1,0.985,GREEN
nordic_walk,nordic_walk,0.982,1,0.982,GREEN
nordic_walk,nordic_walk,0.979,1,0.979,GREEN
nordic_walk,nordic_walk,0.971,1,0.971,GREEN
nordic_walk,nordic_walk,0.985,1,0.985,GREEN
nordic_walk,nordic_walk,0.973,1,0.973,GREEN
nordic_walk,nordic_walk,0.976,1,0.976,GREEN
nordic_walk,nordic_walk,0.973,1,0.973,GREEN
nordic_walk,nordic_walk,0.968,1,0.968,GREEN
nordic_walk,nordic_walk,0.99,1,0.99,GREEN
nordic_walk,nordic_walk,0.984,1,0.984,GREEN
nordic_walk,nordic_walk,0.976,1,0.976,GREEN
nordic_walk,nordic_walk,0.989,1,0.989,GREEN
nordic_walk,nordic_walk,0.989,1,0.989,GREEN
nordic_walk,nordic_walk,0.992,1,0.992,GREEN
nordic_walk,nordic_walk,0.987,1,0.987,GREEN
nordic_walk,nordic_walk,0.995,1,0.995,GREEN
nordic_walk,nordic_walk,0.986,1,0.986,GREEN
nordic_walk,nordic_walk,0.982,1,0.982,GREEN
nordic_walk,nordic_walk,0.986,1,0.986,GREEN
nordic_walk,nordic_walk,0.994,1,0.994,GREEN
nordic_walk,nordic_walk,0.98,1,0.98,GREEN
nordic_walk,nordic_walk,0.987,1,0.987,GREEN
nordic_walk,nordic_walk,0.99,1,0.99,GREEN
nordic_walk,nordic_walk,0.994,1,0.994,GREEN
nordic_walk,nordic_walk,0.991,1,0.991,GREEN
nordic_walk,nordic_walk,0.989,1,0.989,GREEN
nordic_walk,nordic_walk,0.989,1,0.989,GREEN
nordic_walk,nordic_walk,0.981,1,0.981,GREEN
nordic_walk,nordic_walk,0.98,1,0.98,GREEN
nordic_walk,nordic_walk,0.983,1,0.983,GREEN
nordic_walk,nordic_walk,0.988,1,0.988,GREEN
nordic_walk,nordic_walk,0.982,1,0.982,GREEN
nordic_walk,nordic_walk,0.934,1,0.934,GREEN
nordic_walk,nordic_walk,0.99,1,0.99,GREEN
nordic_walk,nordic_walk,0.991,1,0.991,GREEN
nordic_walk,nordic_walk,0.979,1,0.979,GREEN
nordic_walk,nordic_walk,0.969,1,0.969,GREEN
nordic_walk,nordic_walk,0.975,1,0.975,GREEN
nordic_walk,nordic_walk,0.977,1,0.977,GREEN
nordic_walk,nordic_walk,0.985,1,0.985,GREEN
nordic_walk,nordic_walk,0.983,1,0.983,GREEN
nordic_walk,nordic_walk,0.962,1,0.962,GREEN
nordic_walk,nordic_walk,0.987,1,0.987,GREEN
nordic_walk,nordic_walk,0.99,1,0.99,GREEN
nordic_walk,nordic_walk,0.984,1,0.984,GREEN
nordic_walk,nordic_walk,0.965,1,0.965,GREEN
nordic_walk,nordic_walk,0.96,1,0.96,GREEN
nordic_walk,nordic_walk,0.964,1,0.964,GREEN
nordic_walk,nordic_walk,0.98,1,0.98,GREEN
nordic_walk,nordic_walk,0.978,1,0.978,GREEN
nordic_walk,nordic_walk,0.983,1,0.983,GREEN
nordic_walk,nordic_walk,0.992,1,0.992,GREEN
nordic_walk,nordic_walk,0.977,1,0.977,GREEN
nordic_walk,nordic_walk,0.97,1,0.97,GREEN
nordic_walk,nordic_walk,0.981,1,0.981,GREEN
nordic_walk,nordic_walk,0.995,1,0.995,GREEN
nordic_walk,nordic_walk,0.996,1,0.996,GREEN
nordic_walk,nordic_walk,0.968,1,0.968,GREEN
nordic_walk,nordic_walk,0.952,1,0.952,GREEN
nordic_walk,nordic_walk,0.967,1,0.967,GREEN
nordic_walk,nordic_walk,0.922,1,0.922,GREEN
nordic_walk,nordic_walk,0.928,1,0.928,GREEN
nordic_walk,nordic_walk,0.961,1,0.961,GREEN
nordic_walk,nordic_walk,0.922,1,0.922,GREEN
nordic_walk,nordic_walk,0.942,1,0.942,GREEN
nordic_walk,nordic_walk,0.963,1,0.963,GREEN
nordic_walk,nordic_walk,0.973,1,0.973,GREEN
nordic_walk,nordic_walk,0.984,1,0.984,GREEN
nordic_walk,nordic_walk,0.99,1,0.99,GREEN
nordic_walk,nordic_walk,0.992,1,0.992,GREEN
nordic_walk,nordic_walk,0.979,1,0.979,GREEN
nordic_walk,nordic_walk,0.991,1,0.991,GREEN
nordic_walk,nordic_walk,0.992,1,0.992,GREEN
nordic_walk,nordic_walk,0.991,1,0.991,GREEN
nordic_walk,nordic_walk,0.993,1,0.993,GREEN
nordic_walk,nordic_walk,0.993,1,0.993,GREEN
nordic_walk,nordic_walk,0.981,1,0.981,GREEN
nordic_walk,nordic_walk,0.967,1,0.967,GREEN
nordic_walk,nordic_walk,0.687,1,0.687,YELLOW
nordic_walk,nordic_walk,0.989,1,0.989,GREEN
nordic_walk,nordic_walk,0.993,1,0.993,GREEN
nordic_walk,nordic_walk,0.989,1,0.989,GREEN
nordic_walk,nordic_walk,0.969,1,0.969,GREEN
nordic_walk,nordic_walk,0.99,1,0.99,GREEN
nordic_walk,nordic_walk,0.998,1,0.998,GREEN
nordic_walk,nordic_walk,0.99,1,0.99,GREEN
nordic_walk,nordic_walk,0.985,1,0.985,GREEN
nordic_walk,nordic_walk,0.983,1,0.983,GREEN
nordic_walk,nordic_walk,0.983,1,0.983,GREEN
nordic_walk,nordic_walk,0.984,1,0.984,GREEN
nordic_walk,nordic_walk,0.993,1,0.993,GREEN
nordic_walk,nordic_walk,0.989,1,0.989,GREEN
nordic_walk,nordic_walk,0.985,1,0.985,GREEN
nordic_walk,nordic_walk,0.983,1,0.983,GREEN
nordic_walk,nordic_walk,0.982,1,0.982,GREEN
nordic_walk,nordic_walk,0.991,1,0.991,GREEN
nordic_walk,nordic_walk,0.984,1,0.984,GREEN
nordic_walk,nordic_walk,0.944,1,0.944,GREEN
nordic_walk,nordic_walk,0.94,1,0.94,GREEN
nordic_walk,nordic_walk,0.982,1,0.982,GREEN
nordic_walk,nordic_walk,0.976,1,0.976,GREEN
nordic_walk,nordic_walk,0.962,1,0.962,GREEN
nordic_walk,nordic_walk,0.957,1,0.957,GREEN
nordic_walk,nordic_walk,0.956,1,0.956,GREEN
nordic_walk,nordic_walk,0.915,1,0.915,GREEN
nordic_walk,nordic_walk,0.845,1,0.845,GREEN
nordic_walk,nordic_walk,0.922,1,0.922,GREEN
nordic_walk,nordic_walk,0.944,1,0.944,GREEN
nordic_walk,nordic_walk,0.945,1,0.945,GREEN
nordic_walk,nordic_walk,0.987,1,0.987,GREEN
nordic_walk,nordic_walk,0.993,1,0.993,GREEN
nordic_walk,nordic_walk,0.986,1,0.986,GREEN
nordic_walk,nordic_walk,0.988,1,0.988,GREEN
nordic_walk,nordic_walk,0.952,1,0.952,GREEN
nordic_walk,nordic_walk,0.695,1,0.695,YELLOW
nordic_walk,nordic_walk,0.631,1,0.631,YELLOW
nordic_walk,nordic_walk,0.925,1,0.925,GREEN
nordic_walk,nordic_walk,0.98,1,0.98,GREEN
nordic_walk,nordic_walk,0.982,1,0.982,GREEN
nordic_walk,nordic_walk,0.97,1,0.97,GREEN
nordic_walk,nordic_walk,0.723,1,0.723,YELLOW
nordic_walk,nordic_walk,0.987,1,0.987,GREEN
nordic_walk,nordic_walk,0.984,1,0.984,GREEN
nordic_walk,nordic_walk,0.966,1,0.966,GREEN
nordic_walk,nordic_walk,0.963,1,0.963,GREEN
nordic_walk,nordic_walk,0.977,1,0.977,GREEN
nordic_walk,nordic_walk,0.987,1,0.987,GREEN
nordic_walk,nordic_walk,0.976,1,0.976,GREEN
nordic_walk,nordic_walk,0.951,1,0.951,GREEN
nordic_walk,nordic_walk,0.939,1,0.939,GREEN
nordic_walk,nordic_walk,0.929,1,0.929,GREEN
nordic_walk,nordic_walk,0.949,1,0.949,GREEN
nordic_walk,nordic_walk,0.971,1,0.971,GREEN
nordic_walk,nordic_walk,0.981,1,0.981,GREEN
nordic_walk,nordic_walk,0.975,1,0.975,GREEN
nordic_walk,nordic_walk,0.977,1,0.977,GREEN
nordic_walk,nordic_walk,0.986,1,0.986,GREEN
nordic_walk,nordic_walk,0.988,1,0.988,GREEN
nordic_walk,nordic_walk,0.963,1,0.963,GREEN
nordic_walk,nordic_walk,0.966,1,0.966,GREEN
nordic_walk,nordic_walk,0.957,1,0.957,GREEN
nordic_walk,nordic_walk,0.906,1,0.906,GREEN
nordic_walk,nordic_walk,0.625,1,0.625,YELLOW
nordic_walk,nordic_walk,0.546,1,0.546,YELLOW
nordic_walk,nordic_walk,0.6,1,0.6,YELLOW
nordic_walk,nordic_walk,0.863,1,0.863,GREEN
nordic_walk,nordic_walk,0.917,1,0.917,GREEN
nordic_walk,nordic_walk,0.992,1,0.992,GREEN
nordic_walk,nordic_walk,1.0,1,1.0,GREEN
nordic_walk,nordic_walk,0.925,1,0.925,GREEN
nordic_walk,nordic_walk,0.852,1,0.852,GREEN
nordic_walk,nordic_walk,0.99,1,0.99,GREEN
nordic_walk,nordic_walk,0.997,1,0.997,GREEN
nordic_walk,nordic_walk,0.99,1,0.99,GREEN
nordic_walk,nordic_walk,0.994,1,0.994,GREEN
nordic_walk,nordic_walk,0.986,1,0.986,GREEN
nordic_walk,nordic_walk,0.996,1,0.996,GREEN
nordic_walk,nordic_walk,0.992,1,0.992,GREEN
nordic_walk,nordic_walk,0.979,1,0.979,GREEN
nordic_walk,nordic_walk,0.904,1,0.904,GREEN
nordic_walk,nordic_walk,0.891,1,0.891,GREEN
nordic_walk,nordic_walk,0.97,1,0.97,GREEN
nordic_walk,nordic_walk,0.965,1,0.965,GREEN
nordic_walk,nordic_walk,0.989,1,0.989,GREEN
nordic_walk,nordic_walk,0.991,1,0.991,GREEN
nordic_walk,nordic_walk,0.982,1,0.982,GREEN
nordic_walk,nordic_walk,0.991,1,0.991,GREEN
nordic_walk,nordic_walk,0.998,1,0.998,GREEN
nordic_walk,nordic_walk,0.994,1,0.994,GREEN
nordic_walk,nordic_walk,0.989,1,0.989,GREEN
nordic_walk,nordic_walk,0.979,1,0.979,GREEN
nordic_walk,nordic_walk,0.983,1,0.983,GREEN
nordic_walk,nordic_walk,0.99,1,0.99,GREEN
nordic_walk,nordic_walk,0.991,1,0.991,GREEN
nordic_walk,nordic_walk,0.991,1,0.991,GREEN
nordic_walk,nordic_walk,0.979,1,0.979,GREEN
nordic_walk,nordic_walk,0.986,1,0.986,GREEN
nordic_walk,nordic_walk,0.994,1,0.994,GREEN
nordic_walk,nordic_walk,0.988,1,0.988,GREEN
nordic_walk,nordic_walk,0.98,1,0.98,GREEN
nordic_walk,nordic_walk,0.971,1,0.971,GREEN
nordic_walk,nordic_walk,0.964,1,0.964,GREEN
nordic_walk,nordic_walk,0.983,1,0.983,GREEN
nordic_walk,nordic_walk,0.883,1,0.883,GREEN
nordic_walk,nordic_walk,0.915,1,0.915,GREEN
nordic_walk,nordic_walk,0.804,1,0.804,GREEN
nordic_walk,nordic_walk,0.956,1,0.956,GREEN
nordic_walk,nordic_walk,0.905,1,0.905,GREEN
nordic_walk,nordic_walk,0.943,1,0.943,GREEN
nordic_walk,nordic_walk,0.91,1,0.91,GREEN
nordic_walk,nordic_walk,0.891,1,0.891,GREEN
nordic_walk,nordic_walk,0.662,1,0.662,YELLOW
nordic_walk,nordic_walk,0.813,1,0.813,GREEN
nordic_walk,nordic_walk,0.83,1,0.83,GREEN
nordic_walk,nordic_walk,0.643,1,0.643,YELLOW
nordic_walk,nordic_walk,0.808,1,0.808,GREEN
nordic_walk,nordic_walk,0.75,1,0.75,GREEN
nordic_walk,nordic_walk,0.402,1,0.402,RED
nordic_walk,nordic_walk,0.577,1,0.577,YELLOW
nordic_walk,nordic_walk,0.602,1,0.602,YELLOW
nordic_walk,nordic_walk,0.575,1,0.575,YELLOW
nordic_walk,nordic_walk,0.488,1,0.488,YELLOW
nordic_walk,nordic_walk,0.462,1,0.462,YELLOW
nordic_walk,cycling,0.252,0,0.0,RED
cycling,cycling,0.741,1,0.741,YELLOW
cycling,cycling,0.737,1,0.737,YELLOW
cycling,cycling,0.823,1,0.823,GREEN
cycling,cycling,0.749,1,0.749,YELLOW
cycling,cycling,0.696,1,0.696,YELLOW
cycling,cycling,0.66,1,0.66,YELLOW
cycling,cycling,0.671,1,0.671,YELLOW
cycling,cycling,0.737,1,0.737,YELLOW
cycling,cycling,0.726,1,0.726,YELLOW
cycling,cycling,0.867,1,0.867,GREEN
cycling,cycling,0.84,1,0.84,GREEN
cycling,cycling,0.854,1,0.854,GREEN
cycling,cycling,0.832,1,0.832,GREEN
cycling,cycling,0.914,1,0.914,GREEN
cycling,cycling,0.929,1,0.929,GREEN
cycling,cycling,0.9,1,0.9,GREEN
cycling,cycling,0.881,1,0.881,GREEN
cycling,cycling,0.918,1,0.918,GREEN
cycling,cycling,0.909,1,0.909,GREEN
cycling,cycling,0.909,1,0.909,GREEN
cycling,cycling,0.988,1,0.988,GREEN
cycling,cycling,0.989,1,0.989,GREEN
cycling,cycling,1.0,1,1.0,GREEN
cycling,cycling,0.994,1,0.994,GREEN
cycling,cycling,0.981,1,0.981,GREEN
cycling,cycling,0.969,1,0.969,GREEN
cycling,cycling,0.984,1,0.984,GREEN
cycling,cycling,0.979,1,0.979,GREEN
cycling,cycling,0.965,1,0.965,GREEN
cycling,cycling,0.988,1,0.988,GREEN
cycling,cycling,0.994,1,0.994,GREEN
cycling,cycling,0.993,1,0.993,GREEN
cycling,cycling,1.0,1,1.0,GREEN
cycling,cycling,0.996,1,0.996,GREEN
cycling,cycling,0.996,1,0.996,GREEN
cycling,cycling,0.993,1,0.993,GREEN
cycling,cycling,1.0,1,1.0,GREEN
cycling,cycling,0.999,1,0.999,GREEN
cycling,cycling,0.855,1,0.855,GREEN
cycling,cycling,0.856,1,0.856,GREEN
cycling,cycling,0.985,1,0.985,GREEN
cycling,cycling,0.995,1,0.995,GREEN
cycling,cycling,0.997,1,0.997,GREEN
cycling,cycling,0.996,1,0.996,GREEN
cycling,cycling,0.995,1,0.995,GREEN
cycling,cycling,0.995,1,0.995,GREEN
cycling,cycling,0.999,1,0.999,GREEN
cycling,cycling,1.0,1,1.0,GREEN
cycling,cycling,0.998,1,0.998,GREEN
cycling,cycling,1.0,1,1.0,GREEN
cycling,cycling,0.999,1,0.999,GREEN
cycling,cycling,0.99,1,0.99,GREEN
cycling,cycling,0.99,1,0.99,GREEN
cycling,cycling,0.982,1,0.982,GREEN
cycling,cycling,0.978,1,0.978,GREEN
cycling,cycling,0.982,1,0.982,GREEN
cycling,cycling,0.996,1,0.996,GREEN
cycling,cycling,0.992,1,0.992,GREEN
cycling,cycling,0.995,1,0.995,GREEN
cycling,cycling,0.986,1,0.986,GREEN
cycling,cycling,0.994,1,0.994,GREEN
cycling,cycling,0.999,1,0.999,GREEN
cycling,cycling,0.917,1,0.917,GREEN
cycling,cycling,0.933,1,0.933,GREEN
cycling,cycling,0.985,1,0.985,GREEN
cycling,cycling,0.879,1,0.879,GREEN
cycling,cycling,0.808,1,0.808,GREEN
cycling,cycling,0.893,1,0.893,GREEN
cycling,cycling,0.968,1,0.968,GREEN
cycling,cycling,0.994,1,0.994,GREEN
cycling,cycling,0.969,1,0.969,GREEN
cycling,cycling,0.971,1,0.971,GREEN
cycling,cycling,0.993,1,0.993,GREEN
cycling,cycling,0.993,1,0.993,GREEN
cycling,cycling,0.985,1,0.985,GREEN
cycling,cycling,0.991,1,0.991,GREEN
cycling,cycling,0.989,1,0.989,GREEN
cycling,cycling,0.969,1,0.969,GREEN
cycling,cycling,0.968,1,0.968,GREEN
cycling,cycling,0.992,1,0.992,GREEN
cycling,cycling,0.995,1,0.995,GREEN
cycling,cycling,0.999,1,0.999,GREEN
cycling,cycling,0.999,1,0.999,GREEN
cycling,cycling,0.999,1,0.999,GREEN
cycling,cycling,0.998,1,0.998,GREEN
cycling,cycling,0.996,1,0.996,GREEN
cycling,cycling,0.992,1,0.992,GREEN
cycling,cycling,0.957,1,0.957,GREEN
cycling,cycling,0.914,1,0.914,GREEN
cycling,cycling,0.921,1,0.921,GREEN
cycling,cycling,0.958,1,0.958,GREEN
cycling,cycling,0.968,1,0.968,GREEN
cycling,cycling,0.909,1,0.909,GREEN
cycling,cycling,0.929,1,0.929,GREEN
cycling,cycling,0.942,1,0.942,GREEN
cycling,cycling,0.959,1,0.959,GREEN
cycling,cycling,0.948,1,0.948,GREEN
cycling,cycling,0.97,1,0.97,GREEN
cycling,cycling,0.854,1,0.854,GREEN
cycling,cycling,0.812,1,0.812,GREEN
cycling,cycling,0.949,1,0.949,GREEN
cycling,cycling,0.961,1,0.961,GREEN
cycling,cycling,0.942,1,0.942,GREEN
cycling,cycling,0.946,1,0.946,GREEN
cycling,cycling,0.959,1,0.959,GREEN
cycling,cycling,0.954,1,0.954,GREEN
cycling,cycling,0.958,1,0.958,GREEN
cycling,cycling,0.971,1,0.971,GREEN
cycling,cycling,0.964,1,0.964,GREEN
cycling,cycling,0.971,1,0.971,GREEN
cycling,cycling,0.968,1,0.968,GREEN
cycling,cycling,0.983,1,0.983,GREEN
cycling,cycling,0.97,1,0.97,GREEN
cycling,cycling,0.962,1,0.962,GREEN
cycling,cycling,0.974,1,0.974,GREEN
cycling,cycling,0.962,1,0.962,GREEN
cycling,cycling,0.981,1,0.981,GREEN
cycling,cycling,0.992,1,0.992,GREEN
cycling,cycling,0.989,1,0.989,GREEN
cycling,cycling,0.977,1,0.977,GREEN
cycling,cycling,0.961,1,0.961,GREEN
cycling,cycling,0.991,1,0.991,GREEN
cycling,cycling,0.999,1,0.999,GREEN
cycling,cycling,0.996,1,0.996,GREEN
cycling,cycling,0.987,1,0.987,GREEN
cycling,cycling,0.913,1,0.913,GREEN
cycling,cycling,0.94,1,0.94,GREEN
cycling,cycling,0.959,1,0.959,GREEN
cycling,cycling,0.939,1,0.939,GREEN
cycling,cycling,0.936,1,0.936,GREEN
cycling,cycling,0.952,1,0.952,GREEN
cycling,cycling,0.938,1,0.938,GREEN
cycling,cycling,0.959,1,0.959,GREEN
cycling,cycling,0.985,1,0.985,GREEN
cycling,cycling,0.999,1,0.999,GREEN
cycling,cycling,0.999,1,0.999,GREEN
cycling,cycling,0.997,1,0.997,GREEN
cycling,cycling,0.994,1,0.994,GREEN
cycling,cycling,0.976,1,0.976,GREEN
cycling,cycling,0.81,1,0.81,GREEN
cycling,cycling,0.722,1,0.722,YELLOW
cycling,cycling,0.847,1,0.847,GREEN
cycling,cycling,0.892,1,0.892,GREEN
cycling,cycling,0.91,1,0.91,GREEN
cycling,cycling,0.899,1,0.899,GREEN
cycling,cycling,0.811,1,0.811,GREEN
cycling,cycling,0.887,1,0.887,GREEN
cycling,cycling,0.8,1,0.8,GREEN
cycling,cycling,0.889,1,0.889,GREEN
cycling,cycling,0.987,1,0.987,GREEN
cycling,cycling,0.989,1,0.989,GREEN
cycling,cycling,0.997,1,0.997,GREEN
cycling,cycling,0.999,1,0.999,GREEN
cycling,cycling,0.997,1,0.997,GREEN
cycling,cycling,0.999,1,0.999,GREEN
cycling,cycling,1.0,1,1.0,GREEN
cycling,cycling,0.999,1,0.999,GREEN
cycling,cycling,1.0,1,1.0,GREEN
cycling,cycling,1.0,1,1.0,GREEN
cycling,cycling,0.998,1,0.998,GREEN
cycling,cycling,0.999,1,0.999,GREEN
cycling,cycling,0.996,1,0.996,GREEN
cycling,cycling,0.995,1,0.995,GREEN
cycling,cycling,0.981,1,0.981,GREEN
cycling,cycling,0.958,1,0.958,GREEN
cycling,cycling,0.961,1,0.961,GREEN
cycling,cycling,0.931,1,0.931,GREEN
cycling,cycling,0.929,1,0.929,GREEN
cycling,cycling,0.962,1,0.962,GREEN
cycling,cycling,0.91,1,0.91,GREEN
cycling,cycling,0.979,1,0.979,GREEN
cycling,cycling,0.925,1,0.925,GREEN
cycling,cycling,0.753,1,0.753,GREEN
cycling,cycling,0.898,1,0.898,GREEN
cycling,cycling,0.793,1,0.793,GREEN
cycling,cycling,0.789,1,0.789,GREEN
cycling,cycling,0.927,1,0.927,GREEN
cycling,cycling,0.972,1,0.972,GREEN
cycling,cycling,0.995,1,0.995,GREEN
cycling,cycling,0.99,1,0.99,GREEN
cycling,cycling,0.983,1,0.983,GREEN
cycling,cycling,0.972,1,0.972,GREEN
cycling,cycling,0.969,1,0.969,GREEN
cycling,cycling,0.946,1,0.946,GREEN
cycling,cycling,0.974,1,0.974,GREEN
cycling,cycling,0.998,1,0.998,GREEN
cycling,cycling,0.992,1,0.992,GREEN
cycling,cycling,0.969,1,0.969,GREEN
cycling,cycling,0.976,1,0.976,GREEN
cycling,cycling,0.977,1,0.977,GREEN
cycling,cycling,0.982,1,0.982,GREEN
cycling,cycling,0.957,1,0.957,GREEN
cycling,cycling,0.963,1,0.963,GREEN
cycling,cycling,0.985,1,0.985,GREEN
cycling,cycling,0.984,1,0.984,GREEN
cycling,cycling,0.988,1,0.988,GREEN
cycling,cycling,0.999,1,0.999,GREEN
cycling,cycling,1.0,1,1.0,GREEN
cycling,cycling,0.999,1,0.999,GREEN
cycling,cycling,0.999,1,0.999,GREEN
cycling,cycling,0.997,1,0.997,GREEN
cycling,cycling,0.977,1,0.977,GREEN
cycling,cycling,0.966,1,0.966,GREEN
cycling,cycling,0.972,1,0.972,GREEN
cycling,cycling,0.945,1,0.945,GREEN
cycling,cycling,0.962,1,0.962,GREEN
cycling,cycling,0.958,1,0.958,GREEN
cycling,cycling,0.953,1,0.953,GREEN
cycling,cycling,0.989,1,0.989,GREEN
cycling,cycling,0.993,1,0.993,GREEN
cycling,cycling,0.977,1,0.977,GREEN
cycling,cycling,0.926,1,0.926,GREEN
cycling,cycling,0.909,1,0.909,GREEN
cycling,cycling,0.953,1,0.953,GREEN
cycling,cycling,0.931,1,0.931,GREEN
cycling,cycling,0.918,1,0.918,GREEN
cycling,cycling,0.862,1,0.862,GREEN
cycling,cycling,0.781,1,0.781,GREEN
cycling,cycling,0.819,1,0.819,GREEN
cycling,cycling,0.835,1,0.835,GREEN
cycling,cycling,0.863,1,0.863,GREEN
cycling,cycling,0.976,1,0.976,GREEN
cycling,cycling,0.959,1,0.959,GREEN
cycling,cycling,0.933,1,0.933,GREEN
cycling,cycling,0.966,1,0.966,GREEN
cycling,cycling,0.987,1,0.987,GREEN
cycling,cycling,0.977,1,0.977,GREEN
cycling,cycling,0.981,1,0.981,GREEN
cycling,cycling,0.994,1,0.994,GREEN
cycling,cycling,0.998,1,0.998,GREEN
cycling,cycling,0.992,1,0.992,GREEN
cycling,cycling,0.984,1,0.984,GREEN
cycling,cycling,0.997,1,0.997,GREEN
cycling,cycling,0.993,1,0.993,GREEN
cycling,cycling,0.994,1,0.994,GREEN
cycling,cycling,0.999,1,0.999,GREEN
cycling,cycling,1.0,1,1.0,GREEN
cycling,cycling,1.0,1,1.0,GREEN
cycling,cycling,0.997,1,0.997,GREEN
cycling,cycling,0.992,1,0.992,GREEN
cycling,cycling,0.952,1,0.952,GREEN
cycling,cycling,0.897,1,0.897,GREEN
cycling,cycling,0.919,1,0.919,GREEN
cycling,cycling,0.97,1,0.97,GREEN
cycling,cycling,0.999,1,0.999,GREEN
cycling,cycling,0.992,1,0.992,GREEN
cycling,cycling,0.981,1,0.981,GREEN
cycling,cycling,0.963,1,0.963,GREEN
cycling,cycling,0.832,1,0.832,GREEN
cycling,cycling,0.833,1,0.833,GREEN
cycling,cycling,0.901,1,0.901,GREEN
cycling,cycling,0.853,1,0.853,GREEN
cycling,cycling,0.883,1,0.883,GREEN
cycling,cycling,0.967,1,0.967,GREEN
cycling,cycling,0.963,1,0.963,GREEN
cycling,cycling,0.963,1,0.963,GREEN
cycling,cycling,0.945,1,0.945,GREEN
cycling,cycling,0.938,1,0.938,GREEN
cycling,cycling,0.936,1,0.936,GREEN
cycling,cycling,0.93,1,0.93,GREEN
cycling,cycling,0.933,1,0.933,GREEN
cycling,cycling,0.983,1,0.983,GREEN
cycling,cycling,0.965,1,0.965,GREEN
cycling,cycling,0.962,1,0.962,GREEN
cycling,cycling,0.963,1,0.963,GREEN
cycling,cycling,0.965,1,0.965,GREEN
cycling,cycling,0.958,1,0.958,GREEN
cycling,cycling,0.953,1,0.953,GREEN
cycling,cycling,0.941,1,0.941,GREEN
cycling,cycling,0.947,1,0.947,GREEN
cycling,cycling,0.97,1,0.97,GREEN
cycling,cycling,0.98,1,0.98,GREEN
cycling,cycling,0.999,1,0.999,GREEN
cycling,cycling,0.977,1,0.977,GREEN
cycling,cycling,0.964,1,0.964,GREEN
cycling,cycling,0.902,1,0.902,GREEN
cycling,cycling,0.95,1,0.95,GREEN
cycling,cycling,0.931,1,0.931,GREEN
cycling,cycling,0.917,1,0.917,GREEN
cycling,cycling,0.922,1,0.922,GREEN
cycling,cycling,0.901,1,0.901,GREEN
cycling,cycling,0.922,1,0.922,GREEN
cycling,cycling,0.937,1,0.937,GREEN
cycling,cycling,0.99,1,0.99,GREEN
cycling,cycling,0.994,1,0.994,GREEN
cycling,cycling,0.993,1,0.993,GREEN
cycling,cycling,0.99,1,0.99,GREEN
cycling,cycling,0.969,1,0.969,GREEN
cycling,cycling,0.874,1,0.874,GREEN
cycling,cycling,0.827,1,0.827,GREEN
cycling,cycling,0.838,1,0.838,GREEN
cycling,cycling,0.822,1,0.822,GREEN
cycling,cycling,0.862,1,0.862,GREEN
cycling,cycling,0.969,1,0.969,GREEN
cycling,cycling,0.957,1,0.957,GREEN
cycling,cycling,0.938,1,0.938,GREEN
cycling,cycling,0.972,1,0.972,GREEN
cycling,cycling,0.974,1,0.974,GREEN
cycling,cycling,0.981,1,0.981,GREEN
cycling,cycling,0.97,1,0.97,GREEN
cycling,cycling,0.952,1,0.952,GREEN
cycling,cycling,0.944,1,0.944,GREEN
cycling,cycling,0.964,1,0.964,GREEN
cycling,cycling,0.984,1,0.984,GREEN
cycling,cycling,0.994,1,0.994,GREEN
cycling,cycling,0.999,1,0.999,GREEN
cycling,cycling,0.984,1,0.984,GREEN
cycling,cycling,0.953,1,0.953,GREEN
cycling,cycling,0.986,1,0.986,GREEN
cycling,cycling,0.997,1,0.997,GREEN
cycling,cycling,0.997,1,0.997,GREEN
cycling,cycling,0.991,1,0.991,GREEN
cycling,cycling,0.972,1,0.972,GREEN
cycling,cycling,0.96,1,0.96,GREEN
cycling,cycling,0.937,1,0.937,GREEN
cycling,cycling,0.977,1,0.977,GREEN
cycling,cycling,0.892,1,0.892,GREEN
cycling,cycling,0.907,1,0.907,GREEN
cycling,cycling,1.0,1,1.0,GREEN
cycling,cycling,0.994,1,0.994,GREEN
cycling,cycling,0.961,1,0.961,GREEN
cycling,cycling,0.839,1,0.839,GREEN
cycling,cycling,0.803,1,0.803,GREEN
cycling,cycling,0.868,1,0.868,GREEN
cycling,cycling,0.948,1,0.948,GREEN
cycling,cycling,0.954,1,0.954,GREEN
cycling,cycling,0.976,1,0.976,GREEN
cycling,cycling,0.961,1,0.961,GREEN
cycling,cycling,0.926,1,0.926,GREEN
cycling,cycling,0.933,1,0.933,GREEN
cycling,cycling,0.966,1,0.966,GREEN
cycling,cycling,0.955,1,0.955,GREEN
cycling,cycling,0.947,1,0.947,GREEN
cycling,cycling,0.952,1,0.952,GREEN
cycling,cycling,0.967,1,0.967,GREEN
cycling,cycling,0.969,1,0.969,GREEN
cycling,cycling,0.955,1,0.955,GREEN
cycling,cycling,0.967,1,0.967,GREEN
cycling,cycling,0.97,1,0.97,GREEN
cycling,cycling,0.967,1,0.967,GREEN
cycling,cycling,0.968,1,0.968,GREEN
cycling,cycling,0.951,1,0.951,GREEN
cycling,cycling,0.956,1,0.956,GREEN
cycling,cycling,0.983,1,0.983,GREEN
cycling,cycling,0.99,1,0.99,GREEN
cycling,cycling,0.999,1,0.999,GREEN
cycling,cycling,0.992,1,0.992,GREEN
cycling,cycling,0.973,1,0.973,GREEN
cycling,cycling,0.913,1,0.913,GREEN
cycling,cycling,0.927,1,0.927,GREEN
cycling,cycling,0.949,1,0.949,GREEN
cycling,cycling,0.966,1,0.966,GREEN
cycling,cycling,0.933,1,0.933,GREEN
cycling,cycling,0.939,1,0.939,GREEN
cycling,cycling,0.972,1,0.972,GREEN
cycling,cycling,0.963,1,0.963,GREEN
cycling,cycling,0.954,1,0.954,GREEN
cycling,cycling,0.976,1,0.976,GREEN
cycling,cycling,0.995,1,0.995,GREEN
cycling,cycling,0.987,1,0.987,GREEN
cycling,cycling,0.917,1,0.917,GREEN
cycling,cycling,0.827,1,0.827,GREEN
cycling,cycling,0.86,1,0.86,GREEN
cycling,cycling,0.841,1,0.841,GREEN
cycling,cycling,0.822,1,0.822,GREEN
cycling,cycling,0.793,1,0.793,GREEN
cycling,cycling,0.581,1,0.581,YELLOW
cycling,cycling,0.676,1,0.676,YELLOW
cycling,cycling,0.923,1,0.923,GREEN
cycling,cycling,0.978,1,0.978,GREEN
cycling,cycling,0.974,1,0.974,GREEN
cycling,cycling,0.962,1,0.962,GREEN
cycling,cycling,0.961,1,0.961,GREEN
cycling,cycling,0.966,1,0.966,GREEN
cycling,cycling,0.989,1,0.989,GREEN
cycling,cycling,0.998,1,0.998,GREEN
cycling,cycling,0.999,1,0.999,GREEN
cycling,cycling,1.0,1,1.0,GREEN
cycling,cycling,0.999,1,0.999,GREEN
cycling,cycling,1.0,1,1.0,GREEN
cycling,cycling,0.995,1,0.995,GREEN
cycling,cycling,0.996,1,0.996,GREEN
cycling,cycling,1.0,1,1.0,GREEN
cycling,cycling,0.996,1,0.996,GREEN
cycling,cycling,0.983,1,0.983,GREEN
cycling,cycling,0.96,1,0.96,GREEN
cycling,cycling,0.966,1,0.966,GREEN
cycling,cycling,0.941,1,0.941,GREEN
cycling,cycling,0.956,1,0.956,GREEN
cycling,cycling,0.659,1,0.659,YELLOW
cycling,cycling,0.651,1,0.651,YELLOW
cycling,cycling,0.707,1,0.707,YELLOW
cycling,cycling,0.841,1,0.841,GREEN
cycling,cycling,0.791,1,0.791,GREEN
cycling,cycling,0.715,1,0.715,YELLOW
cycling,cycling,0.74,1,0.74,YELLOW
cycling,cycling,0.361,1,0.361,RED
cycling,cycling,0.403,1,0.403,RED
cycling,cycling,0.423,1,0.423,RED
cycling,cycling,0.35,1,0.35,RED
cycling,cycling,0.396,1,0.396,RED
cycling,cycling,0.397,1,0.397,RED
cycling,cycling,0.392,1,0.392,RED
cycling,cycling,0.437,1,0.437,RED
cycling,cycling,0.235,1,0.235,RED
cycling,cycling,0.273,1,0.273,RED
cycling,cycling,0.431,1,0.431,RED
running,cycling,0.223,0,0.0,RED
running,ironing,0.234,0,0.0,RED
running,running,0.234,1,0.234,RED
running,running,0.234,1,0.234,RED
running,running,0.269,1,0.269,RED
running,running,0.265,1,0.265,RED
running,running,0.248,1,0.248,RED
running,running,0.26,1,0.26,RED
running,running,0.214,1,0.214,RED
running,running,0.252,1,0.252,RED
running,running,0.315,1,0.315,RED
running,running,0.239,1,0.239,RED
running,running,0.328,1,0.328,RED
running,running,0.508,1,0.508,YELLOW
running,running,0.439,1,0.439,RED
running,running,0.85,1,0.85,GREEN
running,running,0.953,1,0.953,GREEN
running,running,0.937,1,0.937,GREEN
running,running,0.956,1,0.956,GREEN
running,running,0.989,1,0.989,GREEN
running,running,0.987,1,0.987,GREEN
running,running,0.972,1,0.972,GREEN
running,running,0.975,1,0.975,GREEN
running,running,0.974,1,0.974,GREEN
running,running,0.985,1,0.985,GREEN
running,running,0.99,1,0.99,GREEN
running,running,0.986,1,0.986,GREEN
running,running,0.976,1,0.976,GREEN
running,running,0.967,1,0.967,GREEN
running,running,0.968,1,0.968,GREEN
running,running,0.988,1,0.988,GREEN
running,running,0.99,1,0.99,GREEN
running,running,0.969,1,0.969,GREEN
running,running,0.977,1,0.977,GREEN
running,running,0.986,1,0.986,GREEN
running,running,0.978,1,0.978,GREEN
running,running,0.966,1,0.966,GREEN
running,running,0.977,1,0.977,GREEN
running,running,0.98,1,0.98,GREEN
running,running,0.985,1,0.985,GREEN
running,running,0.991,1,0.991,GREEN
running,running,0.993,1,0.993,GREEN
running,running,0.98,1,0.98,GREEN
running,running,0.987,1,0.987,GREEN
running,running,0.987,1,0.987,GREEN
running,running,0.984,1,0.984,GREEN
running,running,0.987,1,0.987,GREEN
running,running,0.986,1,0.986,GREEN
running,running,0.987,1,0.987,GREEN
running,running,0.985,1,0.985,GREEN
running,running,0.979,1,0.979,GREEN
running,running,0.987,1,0.987,GREEN
running,running,0.99,1,0.99,GREEN
running,running,0.984,1,0.984,GREEN
running,running,0.984,1,0.984,GREEN
running,running,0.989,1,0.989,GREEN
running,running,0.995,1,0.995,GREEN
running,running,0.991,1,0.991,GREEN
running,running,0.991,1,0.991,GREEN
running,running,0.989,1,0.989,GREEN
running,running,0.993,1,0.993,GREEN
running,running,0.991,1,0.991,GREEN
running,running,0.993,1,0.993,GREEN
running,running,0.991,1,0.991,GREEN
running,running,0.995,1,0.995,GREEN
running,running,0.996,1,0.996,GREEN
running,running,0.997,1,0.997,GREEN
running,running,0.99,1,0.99,GREEN
running,running,0.979,1,0.979,GREEN
running,running,0.987,1,0.987,GREEN
running,running,0.98,1,0.98,GREEN
running,running,0.984,1,0.984,GREEN
running,running,0.992,1,0.992,GREEN
running,running,0.984,1,0.984,GREEN
running,running,0.982,1,0.982,GREEN
running,running,0.981,1,0.981,GREEN
running,running,0.996,1,0.996,GREEN
running,running,0.996,1,0.996,GREEN
running,running,1.0,1,1.0,GREEN
running,running,0.997,1,0.997,GREEN
running,running,0.994,1,0.994,GREEN
running,running,0.99,1,0.99,GREEN
running,running,0.989,1,0.989,GREEN
running,running,0.99,1,0.99,GREEN
running,running,0.995,1,0.995,GREEN
running,running,0.992,1,0.992,GREEN
running,running,0.984,1,0.984,GREEN
running,running,0.99,1,0.99,GREEN
running,running,0.99,1,0.99,GREEN
running,running,0.98,1,0.98,GREEN
running,running,0.986,1,0.986,GREEN
running,running,0.984,1,0.984,GREEN
running,running,0.984,1,0.984,GREEN
running,running,0.985,1,0.985,GREEN
running,running,0.985,1,0.985,GREEN
running,running,0.985,1,0.985,GREEN
running,running,0.985,1,0.985,GREEN
running,running,0.99,1,0.99,GREEN
running,running,0.997,1,0.997,GREEN
running,running,0.973,1,0.973,GREEN
running,running,0.983,1,0.983,GREEN
running,running,0.986,1,0.986,GREEN
running,running,0.98,1,0.98,GREEN
running,running,0.991,1,0.991,GREEN
running,running,0.987,1,0.987,GREEN
running,running,0.986,1,0.986,GREEN
running,running,0.994,1,0.994,GREEN
running,running,0.971,1,0.971,GREEN
running,running,0.99,1,0.99,GREEN
running,running,0.995,1,0.995,GREEN
running,running,0.984,1,0.984,GREEN
running,running,0.989,1,0.989,GREEN
running,running,0.994,1,0.994,GREEN
running,running,0.991,1,0.991,GREEN
running,running,0.987,1,0.987,GREEN
running,running,0.989,1,0.989,GREEN
running,running,0.983,1,0.983,GREEN
running,running,0.981,1,0.981,GREEN
running,running,0.988,1,0.988,GREEN
running,running,0.994,1,0.994,GREEN
running,running,0.987,1,0.987,GREEN
running,running,0.992,1,0.992,GREEN
running,running,0.994,1,0.994,GREEN
running,running,0.985,1,0.985,GREEN
running,running,0.988,1,0.988,GREEN
running,running,0.991,1,0.991,GREEN
running,running,0.98,1,0.98,GREEN
running,running,0.987,1,0.987,GREEN
running,running,0.988,1,0.988,GREEN
running,running,0.989,1,0.989,GREEN
running,running,0.987,1,0.987,GREEN
running,running,0.984,1,0.984,GREEN
running,running,0.979,1,0.979,GREEN
running,running,0.985,1,0.985,GREEN
running,running,0.993,1,0.993,GREEN
running,running,0.984,1,0.984,GREEN
running,running,0.986,1,0.986,GREEN
running,running,0.992,1,0.992,GREEN
running,running,0.991,1,0.991,GREEN
running,running,0.986,1,0.986,GREEN
running,running,0.988,1,0.988,GREEN
running,running,0.985,1,0.985,GREEN
running,running,0.984,1,0.984,GREEN
running,running,0.987,1,0.987,GREEN
running,running,0.983,1,0.983,GREEN
running,running,0.987,1,0.987,GREEN
running,running,0.987,1,0.987,GREEN
running,running,0.995,1,0.995,GREEN
running,running,0.985,1,0.985,GREEN
running,running,0.986,1,0.986,GREEN
running,running,0.994,1,0.994,GREEN
running,running,0.991,1,0.991,GREEN
running,running,0.991,1,0.991,GREEN
running,running,0.995,1,0.995,GREEN
running,running,0.99,1,0.99,GREEN
running,running,0.994,1,0.994,GREEN
running,running,0.998,1,0.998,GREEN
running,running,0.991,1,0.991,GREEN
running,running,0.984,1,0.984,GREEN
running,running,0.973,1,0.973,GREEN
running,running,0.985,1,0.985,GREEN
running,running,0.983,1,0.983,GREEN
running,running,0.988,1,0.988,GREEN
running,running,0.985,1,0.985,GREEN
running,running,0.983,1,0.983,GREEN
running,running,0.992,1,0.992,GREEN
running,running,0.989,1,0.989,GREEN
running,running,0.988,1,0.988,GREEN
running,running,0.986,1,0.986,GREEN
running,running,0.987,1,0.987,GREEN
running,running,0.993,1,0.993,GREEN
running,running,0.994,1,0.994,GREEN
running,running,0.98,1,0.98,GREEN
running,running,0.987,1,0.987,GREEN
running,running,0.995,1,0.995,GREEN
running,running,0.989,1,0.989,GREEN
running,running,0.986,1,0.986,GREEN
running,running,0.985,1,0.985,GREEN
running,running,0.996,1,0.996,GREEN
running,running,0.99,1,0.99,GREEN
running,running,0.989,1,0.989,GREEN
running,running,0.993,1,0.993,GREEN
running,running,0.98,1,0.98,GREEN
running,running,0.985,1,0.985,GREEN
running,running,0.985,1,0.985,GREEN
running,running,0.993,1,0.993,GREEN
running,running,0.988,1,0.988,GREEN
running,running,0.989,1,0.989,GREEN
running,running,0.991,1,0.991,GREEN
running,running,0.988,1,0.988,GREEN
running,running,0.98,1,0.98,GREEN
running,running,0.989,1,0.989,GREEN
running,running,0.984,1,0.984,GREEN
running,running,0.994,1,0.994,GREEN
running,running,0.993,1,0.993,GREEN
running,running,0.994,1,0.994,GREEN
running,running,0.995,1,0.995,GREEN
running,running,0.985,1,0.985,GREEN
running,running,0.984,1,0.984,GREEN
running,running,0.982,1,0.982,GREEN
running,running,0.988,1,0.988,GREEN
running,running,0.982,1,0.982,GREEN
running,running,0.985,1,0.985,GREEN
running,running,0.991,1,0.991,GREEN
running,running,0.986,1,0.986,GREEN
running,running,0.983,1,0.983,GREEN
running,running,0.99,1,0.99,GREEN
running,running,0.991,1,0.991,GREEN
running,running,0.983,1,0.983,GREEN
running,running,0.99,1,0.99,GREEN
running,running,0.997,1,0.997,GREEN
running,running,0.992,1,0.992,GREEN
running,running,0.991,1,0.991,GREEN
running,running,0.995,1,0.995,GREEN
running,running,0.982,1,0.982,GREEN
running,running,0.988,1,0.988,GREEN
running,running,0.989,1,0.989,GREEN
running,running,0.985,1,0.985,GREEN
running,running,0.993,1,0.993,GREEN
running,running,0.994,1,0.994,GREEN
running,running,0.991,1,0.991,GREEN
running,running,0.989,1,0.989,GREEN
running,running,0.993,1,0.993,GREEN
running,running,0.989,1,0.989,GREEN
running,running,0.982,1,0.982,GREEN
running,running,0.985,1,0.985,GREEN
running,running,0.993,1,0.993,GREEN
running,running,0.983,1,0.983,GREEN
running,running,0.992,1,0.992,GREEN
running,running,0.992,1,0.992,GREEN
running,running,0.988,1,0.988,GREEN
running,running,0.993,1,0.993,GREEN
running,running,0.99,1,0.99,GREEN
running,running,0.989,1,0.989,GREEN
running,running,0.995,1,0.995,GREEN
running,running,0.994,1,0.994,GREEN
running,running,0.984,1,0.984,GREEN
running,running,0.992,1,0.992,GREEN
running,running,0.997,1,0.997,GREEN
running,running,0.996,1,0.996,GREEN
running,running,0.998,1,0.998,GREEN
running,running,0.985,1,0.985,GREEN
running,running,0.985,1,0.985,GREEN
running,running,0.991,1,0.991,GREEN
running,running,0.994,1,0.994,GREEN
running,running,0.988,1,0.988,GREEN
running,running,0.99,1,0.99,GREEN
running,running,0.994,1,0.994,GREEN
running,running,0.994,1,0.994,GREEN
running,running,0.987,1,0.987,GREEN
running,running,0.99,1,0.99,GREEN
running,running,0.995,1,0.995,GREEN
running,running,0.987,1,0.987,GREEN
running,running,0.99,1,0.99,GREEN
running,running,0.995,1,0.995,GREEN
running,running,0.989,1,0.989,GREEN
running,running,0.995,1,0.995,GREEN
running,running,0.997,1,0.997,GREEN
running,running,0.997,1,0.997,GREEN
running,running,0.988,1,0.988,GREEN
running,running,0.987,1,0.987,GREEN
running,running,0.994,1,0.994,GREEN
running,running,0.99,1,0.99,GREEN
running,running,0.993,1,0.993,GREEN
running,running,0.994,1,0.994,GREEN
running,running,0.987,1,0.987,GREEN
running,running,0.991,1,0.991,GREEN
running,running,0.992,1,0.992,GREEN
running,running,0.989,1,0.989,GREEN
running,running,0.988,1,0.988,GREEN
running,running,0.994,1,0.994,GREEN
running,running,0.998,1,0.998,GREEN
running,running,0.995,1,0.995,GREEN
running,running,0.993,1,0.993,GREEN
running,running,0.997,1,0.997,GREEN
running,running,0.995,1,0.995,GREEN
running,running,0.997,1,0.997,GREEN
running,running,0.997,1,0.997,GREEN
running,running,0.993,1,0.993,GREEN
running,running,0.994,1,0.994,GREEN
running,running,0.995,1,0.995,GREEN
running,running,0.987,1,0.987,GREEN
running,running,0.997,1,0.997,GREEN
running,running,0.997,1,0.997,GREEN
running,running,0.99,1,0.99,GREEN
running,running,0.992,1,0.992,GREEN
running,running,0.996,1,0.996,GREEN
running,running,0.99,1,0.99,GREEN
running,running,0.988,1,0.988,GREEN
running,running,0.986,1,0.986,GREEN
running,running,0.994,1,0.994,GREEN
running,running,0.989,1,0.989,GREEN
running,running,0.987,1,0.987,GREEN
running,running,0.993,1,0.993,GREEN
running,running,0.988,1,0.988,GREEN
running,running,0.996,1,0.996,GREEN
running,running,0.997,1,0.997,GREEN
running,running,0.988,1,0.988,GREEN
running,running,0.983,1,0.983,GREEN
running,running,0.991,1,0.991,GREEN
running,running,0.997,1,0.997,GREEN
running,running,0.994,1,0.994,GREEN
running,running,0.991,1,0.991,GREEN
running,running,0.992,1,0.992,GREEN
running,running,0.987,1,0.987,GREEN
running,running,0.991,1,0.991,GREEN
running,running,0.995,1,0.995,GREEN
running,running,0.992,1,0.992,GREEN
running,running,0.994,1,0.994,GREEN
running,running,0.995,1,0.995,GREEN
running,running,0.982,1,0.982,GREEN
running,running,0.985,1,0.985,GREEN
running,running,0.989,1,0.989,GREEN
running,running,0.997,1,0.997,GREEN
running,running,0.989,1,0.989,GREEN
running,running,0.991,1,0.991,GREEN
running,running,0.997,1,0.997,GREEN
running,running,0.989,1,0.989,GREEN
running,running,0.986,1,0.986,GREEN
running,running,0.989,1,0.989,GREEN
running,running,0.989,1,0.989,GREEN
running,running,0.983,1,0.983,GREEN
running,running,0.995,1,0.995,GREEN
running,running,0.999,1,0.999,GREEN
running,running,0.994,1,0.994,GREEN
running,running,0.991,1,0.991,GREEN
running,running,0.987,1,0.987,GREEN
running,running,0.992,1,0.992,GREEN
running,running,0.992,1,0.992,GREEN
running,running,0.991,1,0.991,GREEN
running,running,0.992,1,0.992,GREEN
running,running,0.988,1,0.988,GREEN
running,running,0.987,1,0.987,GREEN
running,running,0.985,1,0.985,GREEN
running,running,0.992,1,0.992,GREEN
running,running,0.993,1,0.993,GREEN
running,running,0.992,1,0.992,GREEN
running,running,0.992,1,0.992,GREEN
running,running,0.994,1,0.994,GREEN
running,running,0.986,1,0.986,GREEN
running,running,0.99,1,0.99,GREEN
running,running,0.994,1,0.994,GREEN
running,running,0.994,1,0.994,GREEN
running,running,0.996,1,0.996,GREEN
running,running,0.987,1,0.987,GREEN
running,running,0.991,1,0.991,GREEN
running,running,0.994,1,0.994,GREEN
running,running,0.989,1,0.989,GREEN
running,running,0.991,1,0.991,GREEN
running,running,0.992,1,0.992,GREEN
running,running,0.988,1,0.988,GREEN
running,running,0.989,1,0.989,GREEN
running,running,0.989,1,0.989,GREEN
running,running,0.991,1,0.991,GREEN
running,running,0.985,1,0.985,GREEN
running,running,0.991,1,0.991,GREEN
running,running,0.996,1,0.996,GREEN
running,running,0.993,1,0.993,GREEN
running,running,0.997,1,0.997,GREEN
running,running,0.993,1,0.993,GREEN
running,running,0.988,1,0.988,GREEN
running,running,0.99,1,0.99,GREEN
running,running,0.992,1,0.992,GREEN
running,running,0.987,1,0.987,GREEN
running,running,0.994,1,0.994,GREEN
running,running,0.997,1,0.997,GREEN
running,running,0.988,1,0.988,GREEN
running,running,0.995,1,0.995,GREEN
running,running,0.995,1,0.995,GREEN
running,running,0.992,1,0.992,GREEN
running,running,0.988,1,0.988,GREEN
running,running,0.994,1,0.994,GREEN
running,running,0.993,1,0.993,GREEN
running,running,0.99,1,0.99,GREEN
running,running,0.994,1,0.994,GREEN
running,running,0.993,1,0.993,GREEN
running,running,0.996,1,0.996,GREEN
running,running,0.994,1,0.994,GREEN
running,running,0.995,1,0.995,GREEN
running,running,0.996,1,0.996,GREEN
running,running,0.992,1,0.992,GREEN
running,running,0.994,1,0.994,GREEN
running,running,0.992,1,0.992,GREEN
running,running,0.991,1,0.991,GREEN
running,running,0.996,1,0.996,GREEN
running,running,0.996,1,0.996,GREEN
running,running,0.994,1,0.994,GREEN
running,running,0.998,1,0.998,GREEN
running,running,0.997,1,0.997,GREEN
running,running,0.993,1,0.993,GREEN
running,running,0.99,1,0.99,GREEN
running,running,0.996,1,0.996,GREEN
running,running,0.989,1,0.989,GREEN
running,running,0.987,1,0.987,GREEN
running,running,0.987,1,0.987,GREEN
running,running,0.983,1,0.983,GREEN
running,running,0.988,1,0.988,GREEN
running,running,0.997,1,0.997,GREEN
running,running,0.983,1,0.983,GREEN
running,running,0.988,1,0.988,GREEN
running,running,0.991,1,0.991,GREEN
running,running,0.995,1,0.995,GREEN
running,running,0.986,1,0.986,GREEN
running,running,0.989,1,0.989,GREEN
running,running,0.991,1,0.991,GREEN
running,running,0.986,1,0.986,GREEN
running,running,0.994,1,0.994,GREEN
running,running,0.996,1,0.996,GREEN
running,running,0.987,1,0.987,GREEN
running,running,0.989,1,0.989,GREEN
running,running,0.994,1,0.994,GREEN
running,running,0.987,1,0.987,GREEN
running,running,0.997,1,0.997,GREEN
running,running,0.998,1,0.998,GREEN
running,running,0.986,1,0.986,GREEN
running,running,0.987,1,0.987,GREEN
running,running,0.992,1,0.992,GREEN
running,running,0.984,1,0.984,GREEN
running,running,0.993,1,0.993,GREEN
running,running,0.993,1,0.993,GREEN
running,running,0.994,1,0.994,GREEN
running,running,0.995,1,0.995,GREEN
running,running,0.969,1,0.969,GREEN
running,running,0.797,1,0.797,GREEN
running,running,0.422,1,0.422,RED
running,running,0.51,1,0.51,YELLOW
running,running,0.586,1,0.586,YELLOW
running,running,0.266,1,0.266,RED
running,running,0.209,1,0.209,RED
running,running,0.243,1,0.243,RED
running,running,0.26,1,0.26,RED
running,running,0.313,1,0.313,RED
running,running,0.317,1,0.317,RED
running,running,0.498,1,0.498,YELLOW
running,lying,0.429,0,0.0,RED
running,lying,0.44,0,0.0,RED
running,lying,0.421,0,0.0,RED
running,lying,0.51,0,0.0,YELLOW
running,lying,0.378,0,0.0,RED
running,lying,0.335,0,0.0,RED
running,lying,0.331,0,0.0,RED
running,lying,0.419,0,0.0,RED
