true_activity,pred_activity,confidence,is_correct,traffic_light,y_true_enc,y_pred_enc
lying,lying,0.801,1,GREEN,0,0
lying,lying,0.8,1,GREEN,0,0
lying,lying,0.802,1,GREEN,0,0
lying,lying,0.803,1,GREEN,0,0
lying,lying,0.799,1,GREEN,0,0
lying,lying,0.798,1,GREEN,0,0
lying,lying,0.782,1,GREEN,0,0
lying,lying,0.787,1,GREEN,0,0
lying,lying,0.806,1,GREEN,0,0
lying,lying,0.482,1,YELLOW,0,0
lying,lying,0.157,1,RED,0,0
lying,lying,0.063,1,RED,0,0
lying,lying,0.037,1,RED,0,0
lying,lying,0.174,1,RED,0,0
lying,lying,0.562,1,YELLOW,0,0
lying,lying,0.802,1,GREEN,0,0
lying,lying,0.912,1,GREEN,0,0
lying,lying,0.937,1,GREEN,0,0
lying,lying,0.95,1,GREEN,0,0
lying,lying,0.954,1,GREEN,0,0
lying,lying,0.957,1,GREEN,0,0
lying,lying,0.967,1,GREEN,0,0
lying,lying,0.964,1,GREEN,0,0
lying,lying,0.965,1,GREEN,0,0
lying,lying,0.966,1,GREEN,0,0
lying,lying,0.964,1,GREEN,0,0
lying,lying,0.955,1,GREEN,0,0
lying,lying,0.958,1,GREEN,0,0
lying,lying,0.962,1,GREEN,0,0
lying,lying,0.963,1,GREEN,0,0
lying,lying,0.964,1,GREEN,0,0
lying,lying,0.962,1,GREEN,0,0
lying,lying,0.965,1,GREEN,0,0
lying,lying,0.966,1,GREEN,0,0
lying,lying,0.966,1,GREEN,0,0
lying,lying,0.967,1,GREEN,0,0
lying,lying,0.967,1,GREEN,0,0
lying,lying,0.966,1,GREEN,0,0
lying,lying,0.966,1,GREEN,0,0
lying,lying,0.967,1,GREEN,0,0
lying,lying,0.967,1,GREEN,0,0
lying,lying,0.967,1,GREEN,0,0
lying,lying,0.967,1,GREEN,0,0
lying,lying,0.966,1,GREEN,0,0
lying,lying,0.966,1,GREEN,0,0
lying,lying,0.967,1,GREEN,0,0
lying,lying,0.966,1,GREEN,0,0
lying,lying,0.965,1,GREEN,0,0
lying,lying,0.965,1,GREEN,0,0
lying,lying,0.966,1,GREEN,0,0
lying,lying,0.966,1,GREEN,0,0
lying,lying,0.966,1,GREEN,0,0
lying,lying,0.966,1,GREEN,0,0
lying,lying,0.966,1,GREEN,0,0
lying,lying,0.966,1,GREEN,0,0
lying,lying,0.966,1,GREEN,0,0
lying,lying,0.966,1,GREEN,0,0
lying,lying,0.966,1,GREEN,0,0
lying,lying,0.966,1,GREEN,0,0
lying,lying,0.966,1,GREEN,0,0
lying,lying,0.966,1,GREEN,0,0
lying,lying,0.966,1,GREEN,0,0
lying,lying,0.966,1,GREEN,0,0
lying,lying,0.966,1,GREEN,0,0
lying,lying,0.966,1,GREEN,0,0
lying,lying,0.966,1,GREEN,0,0
lying,lying,0.966,1,GREEN,0,0
lying,lying,0.966,1,GREEN,0,0
lying,lying,0.966,1,GREEN,0,0
lying,lying,0.966,1,GREEN,0,0
lying,lying,0.966,1,GREEN,0,0
lying,lying,0.966,1,GREEN,0,0
lying,lying,0.966,1,GREEN,0,0
lying,lying,0.966,1,GREEN,0,0
lying,lying,0.966,1,GREEN,0,0
lying,lying,0.966,1,GREEN,0,0
lying,lying,0.966,1,GREEN,0,0
lying,lying,0.966,1,GREEN,0,0
lying,lying,0.966,1,GREEN,0,0
lying,lying,0.966,1,GREEN,0,0
lying,lying,0.966,1,GREEN,0,0
lying,lying,0.966,1,GREEN,0,0
lying,lying,0.966,1,GREEN,0,0
lying,lying,0.966,1,GREEN,0,0
lying,lying,0.966,1,GREEN,0,0
lying,lying,0.966,1,GREEN,0,0
lying,lying,0.966,1,GREEN,0,0
lying,lying,0.966,1,GREEN,0,0
lying,lying,0.966,1,GREEN,0,0
lying,lying,0.966,1,GREEN,0,0
lying,lying,0.966,1,GREEN,0,0
lying,lying,0.966,1,GREEN,0,0
lying,lying,0.966,1,GREEN,0,0
lying,lying,0.966,1,GREEN,0,0
lying,lying,0.966,1,GREEN,0,0
lying,lying,0.966,1,GREEN,0,0
lying,lying,0.966,1,GREEN,0,0
lying,lying,0.966,1,GREEN,0,0
lying,lying,0.966,1,GREEN,0,0
lying,lying,0.966,1,GREEN,0,0
lying,lying,0.966,1,GREEN,0,0
lying,lying,0.966,1,GREEN,0,0
lying,lying,0.966,1,GREEN,0,0
lying,lying,0.966,1,GREEN,0,0
lying,lying,0.966,1,GREEN,0,0
lying,lying,0.966,1,GREEN,0,0
lying,lying,0.966,1,GREEN,0,0
lying,lying,0.966,1,GREEN,0,0
lying,lying,0.966,1,GREEN,0,0
lying,lying,0.966,1,GREEN,0,0
lying,lying,0.966,1,GREEN,0,0
lying,lying,0.966,1,GREEN,0,0
lying,lying,0.966,1,GREEN,0,0
lying,lying,0.966,1,GREEN,0,0
lying,lying,0.966,1,GREEN,0,0
lying,lying,0.966,1,GREEN,0,0
lying,lying,0.966,1,GREEN,0,0
lying,lying,0.966,1,GREEN,0,0
lying,lying,0.966,1,GREEN,0,0
lying,lying,0.966,1,GREEN,0,0
lying,lying,0.966,1,GREEN,0,0
lying,lying,0.966,1,GREEN,0,0
lying,lying,0.966,1,GREEN,0,0
lying,lying,0.966,1,GREEN,0,0
lying,lying,0.966,1,GREEN,0,0
lying,lying,0.966,1,GREEN,0,0
lying,lying,0.966,1,GREEN,0,0
lying,lying,0.966,1,GREEN,0,0
lying,lying,0.966,1,GREEN,0,0
lying,lying,0.966,1,GREEN,0,0
lying,lying,0.966,1,GREEN,0,0
lying,lying,0.966,1,GREEN,0,0
lying,lying,0.966,1,GREEN,0,0
lying,lying,0.966,1,GREEN,0,0
lying,lying,0.966,1,GREEN,0,0
lying,lying,0.966,1,GREEN,0,0
lying,lying,0.966,1,GREEN,0,0
lying,lying,0.966,1,GREEN,0,0
lying,lying,0.966,1,GREEN,0,0
lying,lying,0.966,1,GREEN,0,0
lying,lying,0.966,1,GREEN,0,0
lying,lying,0.966,1,GREEN,0,0
lying,lying,0.966,1,GREEN,0,0
lying,lying,0.966,1,GREEN,0,0
lying,lying,0.966,1,GREEN,0,0
lying,lying,0.966,1,GREEN,0,0
lying,lying,0.966,1,GREEN,0,0
lying,lying,0.966,1,GREEN,0,0
lying,lying,0.966,1,GREEN,0,0
lying,lying,0.966,1,GREEN,0,0
lying,lying,0.966,1,GREEN,0,0
lying,lying,0.966,1,GREEN,0,0
lying,lying,0.966,1,GREEN,0,0
lying,lying,0.966,1,GREEN,0,0
lying,lying,0.966,1,GREEN,0,0
lying,lying,0.966,1,GREEN,0,0
lying,lying,0.966,1,GREEN,0,0
lying,lying,0.966,1,GREEN,0,0
lying,lying,0.966,1,GREEN,0,0
lying,lying,0.966,1,GREEN,0,0
lying,lying,0.966,1,GREEN,0,0
lying,lying,0.966,1,GREEN,0,0
lying,lying,0.966,1,GREEN,0,0
lying,lying,0.966,1,GREEN,0,0
lying,lying,0.966,1,GREEN,0,0
lying,lying,0.966,1,GREEN,0,0
lying,lying,0.966,1,GREEN,0,0
lying,lying,0.966,1,GREEN,0,0
lying,lying,0.966,1,GREEN,0,0
lying,lying,0.966,1,GREEN,0,0
lying,lying,0.966,1,GREEN,0,0
lying,lying,0.966,1,GREEN,0,0
lying,lying,0.966,1,GREEN,0,0
lying,lying,0.966,1,GREEN,0,0
lying,lying,0.966,1,GREEN,0,0
lying,lying,0.966,1,GREEN,0,0
lying,lying,0.966,1,GREEN,0,0
lying,lying,0.966,1,GREEN,0,0
lying,lying,0.966,1,GREEN,0,0
lying,lying,0.966,1,GREEN,0,0
lying,lying,0.966,1,GREEN,0,0
lying,lying,0.966,1,GREEN,0,0
lying,lying,0.966,1,GREEN,0,0
lying,lying,0.966,1,GREEN,0,0
lying,lying,0.966,1,GREEN,0,0
lying,lying,0.966,1,GREEN,0,0
lying,lying,0.966,1,GREEN,0,0
lying,lying,0.966,1,GREEN,0,0
lying,lying,0.966,1,GREEN,0,0
lying,lying,0.966,1,GREEN,0,0
lying,lying,0.966,1,GREEN,0,0
lying,lying,0.966,1,GREEN,0,0
lying,lying,0.966,1,GREEN,0,0
lying,lying,0.966,1,GREEN,0,0
lying,lying,0.966,1,GREEN,0,0
lying,lying,0.966,1,GREEN,0,0
lying,lying,0.966,1,GREEN,0,0
lying,lying,0.966,1,GREEN,0,0
lying,lying,0.966,1,GREEN,0,0
lying,lying,0.966,1,GREEN,0,0
lying,lying,0.966,1,GREEN,0,0
lying,lying,0.966,1,GREEN,0,0
lying,lying,0.966,1,GREEN,0,0
lying,lying,0.966,1,GREEN,0,0
lying,lying,0.966,1,GREEN,0,0
lying,lying,0.966,1,GREEN,0,0
lying,lying,0.966,1,GREEN,0,0
lying,lying,0.966,1,GREEN,0,0
lying,lying,0.966,1,GREEN,0,0
lying,lying,0.966,1,GREEN,0,0
lying,lying,0.966,1,GREEN,0,0
lying,lying,0.966,1,GREEN,0,0
lying,lying,0.966,1,GREEN,0,0
lying,lying,0.966,1,GREEN,0,0
lying,lying,0.966,1,GREEN,0,0
lying,lying,0.966,1,GREEN,0,0
lying,lying,0.966,1,GREEN,0,0
lying,lying,0.966,1,GREEN,0,0
lying,lying,0.966,1,GREEN,0,0
lying,lying,0.966,1,GREEN,0,0
lying,lying,0.966,1,GREEN,0,0
lying,lying,0.966,1,GREEN,0,0
lying,lying,0.966,1,GREEN,0,0
lying,lying,0.966,1,GREEN,0,0
lying,lying,0.966,1,GREEN,0,0
lying,lying,0.966,1,GREEN,0,0
lying,lying,0.966,1,GREEN,0,0
lying,lying,0.966,1,GREEN,0,0
lying,lying,0.966,1,GREEN,0,0
lying,lying,0.966,1,GREEN,0,0
lying,lying,0.966,1,GREEN,0,0
lying,lying,0.966,1,GREEN,0,0
lying,lying,0.966,1,GREEN,0,0
lying,lying,0.966,1,GREEN,0,0
lying,lying,0.966,1,GREEN,0,0
lying,lying,0.966,1,GREEN,0,0
lying,lying,0.966,1,GREEN,0,0
lying,lying,0.966,1,GREEN,0,0
lying,lying,0.966,1,GREEN,0,0
lying,lying,0.966,1,GREEN,0,0
lying,lying,0.966,1,GREEN,0,0
lying,lying,0.966,1,GREEN,0,0
lying,lying,0.966,1,GREEN,0,0
lying,lying,0.966,1,GREEN,0,0
lying,lying,0.966,1,GREEN,0,0
lying,lying,0.966,1,GREEN,0,0
lying,lying,0.966,1,GREEN,0,0
lying,lying,0.966,1,GREEN,0,0
lying,lying,0.966,1,GREEN,0,0
lying,lying,0.966,1,GREEN,0,0
lying,lying,0.966,1,GREEN,0,0
lying,lying,0.966,1,GREEN,0,0
lying,lying,0.966,1,GREEN,0,0
lying,lying,0.966,1,GREEN,0,0
lying,lying,0.966,1,GREEN,0,0
lying,lying,0.966,1,GREEN,0,0
lying,lying,0.966,1,GREEN,0,0
lying,lying,0.966,1,GREEN,0,0
lying,lying,0.966,1,GREEN,0,0
lying,lying,0.966,1,GREEN,0,0
lying,lying,0.966,1,GREEN,0,0
lying,lying,0.966,1,GREEN,0,0
lying,lying,0.966,1,GREEN,0,0
lying,lying,0.966,1,GREEN,0,0
lying,lying,0.966,1,GREEN,0,0
lying,lying,0.966,1,GREEN,0,0
lying,lying,0.966,1,GREEN,0,0
lying,lying,0.966,1,GREEN,0,0
lying,lying,0.966,1,GREEN,0,0
lying,lying,0.966,1,GREEN,0,0
lying,lying,0.966,1,GREEN,0,0
lying,lying,0.966,1,GREEN,0,0
lying,lying,0.966,1,GREEN,0,0
lying,lying,0.966,1,GREEN,0,0
lying,lying,0.966,1,GREEN,0,0
lying,lying,0.966,1,GREEN,0,0
lying,lying,0.966,1,GREEN,0,0
lying,lying,0.966,1,GREEN,0,0
lying,lying,0.966,1,GREEN,0,0
lying,lying,0.966,1,GREEN,0,0
lying,lying,0.966,1,GREEN,0,0
lying,lying,0.966,1,GREEN,0,0
lying,lying,0.966,1,GREEN,0,0
lying,lying,0.966,1,GREEN,0,0
lying,lying,0.966,1,GREEN,0,0
lying,lying,0.966,1,GREEN,0,0
lying,lying,0.966,1,GREEN,0,0
lying,lying,0.966,1,GREEN,0,0
lying,lying,0.966,1,GREEN,0,0
lying,lying,0.966,1,GREEN,0,0
lying,lying,0.966,1,GREEN,0,0
lying,lying,0.966,1,GREEN,0,0
lying,lying,0.966,1,GREEN,0,0
lying,lying,0.966,1,GREEN,0,0
lying,lying,0.966,1,GREEN,0,0
lying,lying,0.966,1,GREEN,0,0
lying,lying,0.966,1,GREEN,0,0
lying,lying,0.966,1,GREEN,0,0
lying,lying,0.966,1,GREEN,0,0
lying,lying,0.966,1,GREEN,0,0
lying,lying,0.966,1,GREEN,0,0
lying,lying,0.966,1,GREEN,0,0
lying,lying,0.966,1,GREEN,0,0
lying,lying,0.966,1,GREEN,0,0
lying,lying,0.966,1,GREEN,0,0
lying,lying,0.966,1,GREEN,0,0
lying,lying,0.966,1,GREEN,0,0
lying,lying,0.966,1,GREEN,0,0
lying,lying,0.966,1,GREEN,0,0
lying,lying,0.966,1,GREEN,0,0
lying,lying,0.966,1,GREEN,0,0
lying,lying,0.966,1,GREEN,0,0
lying,lying,0.966,1,GREEN,0,0
lying,lying,0.966,1,GREEN,0,0
lying,lying,0.966,1,GREEN,0,0
lying,lying,0.966,1,GREEN,0,0
lying,lying,0.966,1,GREEN,0,0
lying,lying,0.966,1,GREEN,0,0
lying,lying,0.966,1,GREEN,0,0
lying,lying,0.966,1,GREEN,0,0
lying,lying,0.966,1,GREEN,0,0
lying,lying,0.966,1,GREEN,0,0
lying,lying,0.966,1,GREEN,0,0
lying,lying,0.966,1,GREEN,0,0
lying,lying,0.966,1,GREEN,0,0
lying,lying,0.966,1,GREEN,0,0
lying,lying,0.966,1,GREEN,0,0
lying,lying,0.966,1,GREEN,0,0
lying,lying,0.966,1,GREEN,0,0
lying,lying,0.966,1,GREEN,0,0
lying,lying,0.966,1,GREEN,0,0
lying,lying,0.966,1,GREEN,0,0
lying,lying,0.966,1,GREEN,0,0
lying,lying,0.966,1,GREEN,0,0
lying,lying,0.966,1,GREEN,0,0
lying,lying,0.966,1,GREEN,0,0
lying,lying,0.966,1,GREEN,0,0
lying,lying,0.966,1,GREEN,0,0
lying,lying,0.966,1,GREEN,0,0
lying,lying,0.966,1,GREEN,0,0
lying,lying,0.966,1,GREEN,0,0
lying,lying,0.966,1,GREEN,0,0
lying,lying,0.966,1,GREEN,0,0
lying,lying,0.966,1,GREEN,0,0
lying,lying,0.966,1,GREEN,0,0
lying,lying,0.966,1,GREEN,0,0
lying,lying,0.966,1,GREEN,0,0
lying,lying,0.966,1,GREEN,0,0
lying,lying,0.966,1,GREEN,0,0
lying,lying,0.966,1,GREEN,0,0
lying,lying,0.966,1,GREEN,0,0
lying,lying,0.966,1,GREEN,0,0
lying,lying,0.966,1,GREEN,0,0
lying,lying,0.966,1,GREEN,0,0
lying,lying,0.966,1,GREEN,0,0
lying,lying,0.966,1,GREEN,0,0
lying,lying,0.966,1,GREEN,0,0
lying,lying,0.966,1,GREEN,0,0
lying,lying,0.966,1,GREEN,0,0
lying,lying,0.966,1,GREEN,0,0
lying,lying,0.966,1,GREEN,0,0
lying,lying,0.966,1,GREEN,0,0
lying,lying,0.966,1,GREEN,0,0
lying,lying,0.966,1,GREEN,0,0
lying,lying,0.966,1,GREEN,0,0
lying,lying,0.966,1,GREEN,0,0
lying,lying,0.966,1,GREEN,0,0
lying,lying,0.966,1,GREEN,0,0
lying,lying,0.966,1,GREEN,0,0
lying,lying,0.966,1,GREEN,0,0
lying,lying,0.966,1,GREEN,0,0
lying,lying,0.966,1,GREEN,0,0
lying,lying,0.966,1,GREEN,0,0
lying,lying,0.966,1,GREEN,0,0
lying,lying,0.966,1,GREEN,0,0
lying,lying,0.966,1,GREEN,0,0
lying,lying,0.966,1,GREEN,0,0
lying,lying,0.966,1,GREEN,0,0
lying,lying,0.966,1,GREEN,0,0
lying,lying,0.966,1,GREEN,0,0
lying,lying,0.966,1,GREEN,0,0
lying,lying,0.966,1,GREEN,0,0
lying,lying,0.966,1,GREEN,0,0
lying,lying,0.966,1,GREEN,0,0
lying,lying,0.966,1,GREEN,0,0
lying,lying,0.966,1,GREEN,0,0
lying,lying,0.966,1,GREEN,0,0
lying,lying,0.966,1,GREEN,0,0
lying,lying,0.966,1,GREEN,0,0
lying,lying,0.966,1,GREEN,0,0
lying,lying,0.966,1,GREEN,0,0
lying,lying,0.966,1,GREEN,0,0
lying,lying,0.966,1,GREEN,0,0
lying,lying,0.966,1,GREEN,0,0
lying,lying,0.966,1,GREEN,0,0
lying,lying,0.966,1,GREEN,0,0
lying,lying,0.966,1,GREEN,0,0
lying,lying,0.966,1,GREEN,0,0
lying,lying,0.966,1,GREEN,0,0
lying,lying,0.966,1,GREEN,0,0
lying,lying,0.966,1,GREEN,0,0
lying,lying,0.966,1,GREEN,0,0
lying,lying,0.966,1,GREEN,0,0
lying,lying,0.966,1,GREEN,0,0
lying,lying,0.966,1,GREEN,0,0
lying,lying,0.966,1,GREEN,0,0
lying,lying,0.966,1,GREEN,0,0
lying,lying,0.966,1,GREEN,0,0
lying,lying,0.966,1,GREEN,0,0
lying,lying,0.966,1,GREEN,0,0
lying,lying,0.966,1,GREEN,0,0
lying,lying,0.966,1,GREEN,0,0
lying,lying,0.966,1,GREEN,0,0
lying,lying,0.966,1,GREEN,0,0
lying,lying,0.966,1,GREEN,0,0
lying,lying,0.966,1,GREEN,0,0
lying,lying,0.966,1,GREEN,0,0
lying,lying,0.966,1,GREEN,0,0
lying,lying,0.966,1,GREEN,0,0
lying,lying,0.966,1,GREEN,0,0
lying,lying,0.966,1,GREEN,0,0
lying,lying,0.966,1,GREEN,0,0
lying,lying,0.966,1,GREEN,0,0
lying,lying,0.966,1,GREEN,0,0
lying,lying,0.966,1,GREEN,0,0
lying,lying,0.966,1,GREEN,0,0
lying,lying,0.966,1,GREEN,0,0
lying,lying,0.966,1,GREEN,0,0
lying,lying,0.966,1,GREEN,0,0
lying,lying,0.966,1,GREEN,0,0
lying,lying,0.966,1,GREEN,0,0
lying,lying,0.966,1,GREEN,0,0
lying,lying,0.966,1,GREEN,0,0
lying,lying,0.966,1,GREEN,0,0
lying,lying,0.966,1,GREEN,0,0
lying,lying,0.966,1,GREEN,0,0
lying,lying,0.966,1,GREEN,0,0
lying,lying,0.966,1,GREEN,0,0
lying,lying,0.966,1,GREEN,0,0
lying,lying,0.966,1,GREEN,0,0
lying,lying,0.963,1,GREEN,0,0
lying,lying,0.964,1,GREEN,0,0
lying,lying,0.969,1,GREEN,0,0
lying,lying,0.967,1,GREEN,0,0
lying,lying,0.967,1,GREEN,0,0
lying,lying,0.967,1,GREEN,0,0
lying,lying,0.965,1,GREEN,0,0
lying,lying,0.961,1,GREEN,0,0
lying,lying,0.954,1,GREEN,0,0
lying,lying,0.886,1,GREEN,0,0
lying,lying,0.939,1,GREEN,0,0
lying,lying,0.915,1,GREEN,0,0
lying,lying,0.951,1,GREEN,0,0
lying,lying,0.975,1,GREEN,0,0
lying,lying,0.985,1,GREEN,0,0
lying,lying,0.981,1,GREEN,0,0
lying,lying,0.73,1,YELLOW,0,0
lying,lying,0.051,1,RED,0,0
lying,lying,0.022,1,RED,0,0
lying,lying,0.692,1,YELLOW,0,0
lying,lying,0.765,1,GREEN,0,0
lying,lying,0.718,1,YELLOW,0,0
lying,lying,0.628,1,YELLOW,0,0
lying,lying,0.595,1,YELLOW,0,0
lying,lying,0.565,1,YELLOW,0,0
sitting,lying,0.057,0,RED,1,0
sitting,lying,0.058,0,RED,1,0
sitting,lying,0.06,0,RED,1,0
sitting,lying,0.056,0,RED,1,0
sitting,lying,0.059,0,RED,1,0
sitting,lying,0.063,0,RED,1,0
sitting,lying,0.064,0,RED,1,0
sitting,lying,0.056,0,RED,1,0
sitting,sitting,0.05,1,RED,1,1
sitting,sitting,0.154,1,RED,1,1
sitting,sitting,0.493,1,YELLOW,1,1
sitting,sitting,0.042,1,RED,1,1
sitting,sitting,0.149,1,RED,1,1
sitting,sitting,0.018,1,RED,1,1
sitting,sitting,0.038,1,RED,1,1
sitting,sitting,0.041,1,RED,1,1
sitting,sitting,0.262,1,RED,1,1
sitting,sitting,0.744,1,YELLOW,1,1
sitting,sitting,0.735,1,YELLOW,1,1
sitting,sitting,0.806,1,GREEN,1,1
sitting,sitting,0.928,1,GREEN,1,1
sitting,sitting,0.966,1,GREEN,1,1
sitting,sitting,0.971,1,GREEN,1,1
sitting,sitting,0.968,1,GREEN,1,1
sitting,sitting,0.965,1,GREEN,1,1
sitting,sitting,0.966,1,GREEN,1,1
sitting,sitting,0.966,1,GREEN,1,1
sitting,sitting,0.974,1,GREEN,1,1
sitting,sitting,0.975,1,GREEN,1,1
sitting,sitting,0.968,1,GREEN,1,1
sitting,sitting,0.97,1,GREEN,1,1
sitting,sitting,0.969,1,GREEN,1,1
sitting,sitting,0.972,1,GREEN,1,1
sitting,sitting,0.974,1,GREEN,1,1
sitting,sitting,0.973,1,GREEN,1,1
sitting,sitting,0.967,1,GREEN,1,1
sitting,sitting,0.967,1,GREEN,1,1
sitting,sitting,0.971,1,GREEN,1,1
sitting,sitting,0.972,1,GREEN,1,1
sitting,sitting,0.972,1,GREEN,1,1
sitting,sitting,0.972,1,GREEN,1,1
sitting,sitting,0.971,1,GREEN,1,1
sitting,sitting,0.971,1,GREEN,1,1
sitting,sitting,0.971,1,GREEN,1,1
sitting,sitting,0.971,1,GREEN,1,1
sitting,sitting,0.972,1,GREEN,1,1
sitting,sitting,0.972,1,GREEN,1,1
sitting,sitting,0.971,1,GREEN,1,1
sitting,sitting,0.971,1,GREEN,1,1
sitting,sitting,0.971,1,GREEN,1,1
sitting,sitting,0.973,1,GREEN,1,1
sitting,sitting,0.973,1,GREEN,1,1
sitting,sitting,0.973,1,GREEN,1,1
sitting,sitting,0.976,1,GREEN,1,1
sitting,sitting,0.973,1,GREEN,1,1
sitting,sitting,0.972,1,GREEN,1,1
sitting,sitting,0.974,1,GREEN,1,1
sitting,sitting,0.967,1,GREEN,1,1
sitting,sitting,0.968,1,GREEN,1,1
sitting,sitting,0.971,1,GREEN,1,1
sitting,sitting,0.969,1,GREEN,1,1
sitting,sitting,0.97,1,GREEN,1,1
sitting,sitting,0.97,1,GREEN,1,1
sitting,sitting,0.969,1,GREEN,1,1
sitting,sitting,0.969,1,GREEN,1,1
sitting,sitting,0.97,1,GREEN,1,1
sitting,sitting,0.973,1,GREEN,1,1
sitting,sitting,0.976,1,GREEN,1,1
sitting,sitting,0.97,1,GREEN,1,1
sitting,sitting,0.899,1,GREEN,1,1
sitting,sitting,0.953,1,GREEN,1,1
sitting,sitting,0.97,1,GREEN,1,1
sitting,sitting,0.968,1,GREEN,1,1
sitting,sitting,0.967,1,GREEN,1,1
sitting,sitting,0.967,1,GREEN,1,1
sitting,sitting,0.976,1,GREEN,1,1
sitting,sitting,0.974,1,GREEN,1,1
sitting,sitting,0.966,1,GREEN,1,1
sitting,sitting,0.969,1,GREEN,1,1
sitting,sitting,0.97,1,GREEN,1,1
sitting,sitting,0.969,1,GREEN,1,1
sitting,sitting,0.969,1,GREEN,1,1
sitting,sitting,0.97,1,GREEN,1,1
sitting,sitting,0.971,1,GREEN,1,1
sitting,sitting,0.971,1,GREEN,1,1
sitting,sitting,0.967,1,GREEN,1,1
sitting,sitting,0.97,1,GREEN,1,1
sitting,sitting,0.971,1,GREEN,1,1
sitting,sitting,0.972,1,GREEN,1,1
sitting,sitting,0.97,1,GREEN,1,1
sitting,sitting,0.962,1,GREEN,1,1
sitting,sitting,0.964,1,GREEN,1,1
sitting,sitting,0.97,1,GREEN,1,1
sitting,sitting,0.966,1,GREEN,1,1
sitting,sitting,0.964,1,GREEN,1,1
sitting,sitting,0.965,1,GREEN,1,1
sitting,sitting,0.967,1,GREEN,1,1
sitting,sitting,0.967,1,GREEN,1,1
sitting,sitting,0.966,1,GREEN,1,1
sitting,sitting,0.965,1,GREEN,1,1
sitting,sitting,0.964,1,GREEN,1,1
sitting,sitting,0.965,1,GREEN,1,1
sitting,sitting,0.965,1,GREEN,1,1
sitting,sitting,0.965,1,GREEN,1,1
sitting,sitting,0.964,1,GREEN,1,1
sitting,sitting,0.964,1,GREEN,1,1
sitting,sitting,0.965,1,GREEN,1,1
sitting,sitting,0.963,1,GREEN,1,1
sitting,sitting,0.963,1,GREEN,1,1
sitting,sitting,0.966,1,GREEN,1,1
sitting,sitting,0.967,1,GREEN,1,1
sitting,sitting,0.969,1,GREEN,1,1
sitting,sitting,0.965,1,GREEN,1,1
sitting,sitting,0.963,1,GREEN,1,1
sitting,sitting,0.967,1,GREEN,1,1
sitting,sitting,0.966,1,GREEN,1,1
sitting,sitting,0.966,1,GREEN,1,1
sitting,sitting,0.966,1,GREEN,1,1
sitting,sitting,0.966,1,GREEN,1,1
sitting,sitting,0.968,1,GREEN,1,1
sitting,sitting,0.967,1,GREEN,1,1
sitting,sitting,0.959,1,GREEN,1,1
sitting,sitting,0.966,1,GREEN,1,1
sitting,sitting,0.968,1,GREEN,1,1
sitting,sitting,0.964,1,GREEN,1,1
sitting,sitting,0.965,1,GREEN,1,1
sitting,sitting,0.965,1,GREEN,1,1
sitting,sitting,0.964,1,GREEN,1,1
sitting,sitting,0.967,1,GREEN,1,1
sitting,sitting,0.967,1,GREEN,1,1
sitting,sitting,0.965,1,GREEN,1,1
sitting,sitting,0.967,1,GREEN,1,1
sitting,sitting,0.967,1,GREEN,1,1
sitting,sitting,0.967,1,GREEN,1,1
sitting,sitting,0.965,1,GREEN,1,1
sitting,sitting,0.965,1,GREEN,1,1
sitting,sitting,0.966,1,GREEN,1,1
sitting,sitting,0.963,1,GREEN,1,1
sitting,sitting,0.966,1,GREEN,1,1
sitting,sitting,0.964,1,GREEN,1,1
sitting,sitting,0.963,1,GREEN,1,1
sitting,sitting,0.962,1,GREEN,1,1
sitting,sitting,0.961,1,GREEN,1,1
sitting,sitting,0.96,1,GREEN,1,1
sitting,sitting,0.961,1,GREEN,1,1
sitting,sitting,0.963,1,GREEN,1,1
sitting,sitting,0.961,1,GREEN,1,1
sitting,sitting,0.961,1,GREEN,1,1
sitting,sitting,0.961,1,GREEN,1,1
sitting,sitting,0.961,1,GREEN,1,1
sitting,sitting,0.96,1,GREEN,1,1
sitting,sitting,0.959,1,GREEN,1,1
sitting,sitting,0.959,1,GREEN,1,1
sitting,sitting,0.959,1,GREEN,1,1
sitting,sitting,0.956,1,GREEN,1,1
sitting,sitting,0.957,1,GREEN,1,1
sitting,sitting,0.962,1,GREEN,1,1
sitting,sitting,0.94,1,GREEN,1,1
sitting,sitting,0.882,1,GREEN,1,1
sitting,sitting,0.972,1,GREEN,1,1
sitting,sitting,0.98,1,GREEN,1,1
sitting,sitting,0.975,1,GREEN,1,1
sitting,sitting,0.98,1,GREEN,1,1
sitting,sitting,0.98,1,GREEN,1,1
sitting,sitting,0.978,1,GREEN,1,1
sitting,sitting,0.979,1,GREEN,1,1
sitting,sitting,0.974,1,GREEN,1,1
sitting,sitting,0.974,1,GREEN,1,1
sitting,sitting,0.975,1,GREEN,1,1
sitting,sitting,0.972,1,GREEN,1,1
sitting,sitting,0.972,1,GREEN,1,1
sitting,sitting,0.972,1,GREEN,1,1
sitting,sitting,0.971,1,GREEN,1,1
sitting,sitting,0.974,1,GREEN,1,1
sitting,sitting,0.974,1,GREEN,1,1
sitting,sitting,0.974,1,GREEN,1,1
sitting,sitting,0.979,1,GREEN,1,1
sitting,sitting,0.978,1,GREEN,1,1
sitting,sitting,0.972,1,GREEN,1,1
sitting,sitting,0.973,1,GREEN,1,1
sitting,sitting,0.975,1,GREEN,1,1
sitting,sitting,0.973,1,GREEN,1,1
sitting,sitting,0.972,1,GREEN,1,1
sitting,sitting,0.974,1,GREEN,1,1
sitting,sitting,0.975,1,GREEN,1,1
sitting,sitting,0.975,1,GREEN,1,1
sitting,sitting,0.973,1,GREEN,1,1
sitting,sitting,0.973,1,GREEN,1,1
sitting,sitting,0.974,1,GREEN,1,1
sitting,sitting,0.974,1,GREEN,1,1
sitting,sitting,0.973,1,GREEN,1,1
sitting,sitting,0.972,1,GREEN,1,1
sitting,sitting,0.973,1,GREEN,1,1
sitting,sitting,0.973,1,GREEN,1,1
sitting,sitting,0.973,1,GREEN,1,1
sitting,sitting,0.975,1,GREEN,1,1
sitting,sitting,0.975,1,GREEN,1,1
sitting,sitting,0.976,1,GREEN,1,1
sitting,sitting,0.976,1,GREEN,1,1
sitting,sitting,0.974,1,GREEN,1,1
sitting,sitting,0.97,1,GREEN,1,1
sitting,sitting,0.969,1,GREEN,1,1
sitting,sitting,0.953,1,GREEN,1,1
sitting,sitting,0.969,1,GREEN,1,1
sitting,sitting,0.972,1,GREEN,1,1
sitting,sitting,0.975,1,GREEN,1,1
sitting,sitting,0.977,1,GREEN,1,1
sitting,sitting,0.976,1,GREEN,1,1
sitting,sitting,0.971,1,GREEN,1,1
sitting,sitting,0.968,1,GREEN,1,1
sitting,sitting,0.967,1,GREEN,1,1
sitting,sitting,0.971,1,GREEN,1,1
sitting,sitting,0.977,1,GREEN,1,1
sitting,sitting,0.968,1,GREEN,1,1
sitting,sitting,0.949,1,GREEN,1,1
sitting,sitting,0.956,1,GREEN,1,1
sitting,sitting,0.958,1,GREEN,1,1
sitting,sitting,0.96,1,GREEN,1,1
sitting,sitting,0.965,1,GREEN,1,1
sitting,sitting,0.963,1,GREEN,1,1
sitting,sitting,0.962,1,GREEN,1,1
sitting,sitting,0.959,1,GREEN,1,1
sitting,sitting,0.959,1,GREEN,1,1
sitting,sitting,0.955,1,GREEN,1,1
sitting,sitting,0.95,1,GREEN,1,1
sitting,sitting,0.955,1,GREEN,1,1
sitting,sitting,0.958,1,GREEN,1,1
sitting,sitting,0.96,1,GREEN,1,1
sitting,sitting,0.96,1,GREEN,1,1
sitting,sitting,0.962,1,GREEN,1,1
sitting,sitting,0.961,1,GREEN,1,1
sitting,sitting,0.962,1,GREEN,1,1
sitting,sitting,0.958,1,GREEN,1,1
sitting,sitting,0.957,1,GREEN,1,1
sitting,sitting,0.961,1,GREEN,1,1
sitting,sitting,0.962,1,GREEN,1,1
sitting,sitting,0.963,1,GREEN,1,1
sitting,sitting,0.96,1,GREEN,1,1
sitting,sitting,0.956,1,GREEN,1,1
sitting,sitting,0.954,1,GREEN,1,1
sitting,sitting,0.956,1,GREEN,1,1
sitting,sitting,0.956,1,GREEN,1,1
sitting,sitting,0.956,1,GREEN,1,1
sitting,sitting,0.957,1,GREEN,1,1
sitting,sitting,0.957,1,GREEN,1,1
sitting,sitting,0.958,1,GREEN,1,1
sitting,sitting,0.958,1,GREEN,1,1
sitting,sitting,0.958,1,GREEN,1,1
sitting,sitting,0.96,1,GREEN,1,1
sitting,sitting,0.964,1,GREEN,1,1
sitting,sitting,0.957,1,GREEN,1,1
sitting,sitting,0.95,1,GREEN,1,1
sitting,sitting,0.963,1,GREEN,1,1
sitting,sitting,0.965,1,GREEN,1,1
sitting,sitting,0.958,1,GREEN,1,1
sitting,sitting,0.955,1,GREEN,1,1
sitting,sitting,0.952,1,GREEN,1,1
sitting,sitting,0.953,1,GREEN,1,1
sitting,sitting,0.961,1,GREEN,1,1
sitting,sitting,0.96,1,GREEN,1,1
sitting,sitting,0.959,1,GREEN,1,1
sitting,sitting,0.959,1,GREEN,1,1
sitting,sitting,0.958,1,GREEN,1,1
sitting,sitting,0.958,1,GREEN,1,1
sitting,sitting,0.959,1,GREEN,1,1
sitting,sitting,0.959,1,GREEN,1,1
sitting,sitting,0.958,1,GREEN,1,1
sitting,sitting,0.959,1,GREEN,1,1
sitting,sitting,0.958,1,GREEN,1,1
sitting,sitting,0.955,1,GREEN,1,1
sitting,sitting,0.957,1,GREEN,1,1
sitting,sitting,0.964,1,GREEN,1,1
sitting,sitting,0.969,1,GREEN,1,1
sitting,sitting,0.965,1,GREEN,1,1
sitting,sitting,0.954,1,GREEN,1,1
sitting,sitting,0.955,1,GREEN,1,1
sitting,sitting,0.957,1,GREEN,1,1
sitting,sitting,0.929,1,GREEN,1,1
sitting,sitting,0.917,1,GREEN,1,1
sitting,sitting,0.949,1,GREEN,1,1
sitting,sitting,0.954,1,GREEN,1,1
sitting,sitting,0.957,1,GREEN,1,1
sitting,sitting,0.956,1,GREEN,1,1
sitting,sitting,0.957,1,GREEN,1,1
sitting,sitting,0.957,1,GREEN,1,1
sitting,sitting,0.958,1,GREEN,1,1
sitting,sitting,0.958,1,GREEN,1,1
sitting,sitting,0.958,1,GREEN,1,1
sitting,sitting,0.958,1,GREEN,1,1
sitting,sitting,0.959,1,GREEN,1,1
sitting,sitting,0.958,1,GREEN,1,1
sitting,sitting,0.957,1,GREEN,1,1
sitting,sitting,0.957,1,GREEN,1,1
sitting,sitting,0.956,1,GREEN,1,1
sitting,sitting,0.957,1,GREEN,1,1
sitting,sitting,0.958,1,GREEN,1,1
sitting,sitting,0.957,1,GREEN,1,1
sitting,sitting,0.964,1,GREEN,1,1
sitting,sitting,0.98,1,GREEN,1,1
sitting,sitting,0.982,1,GREEN,1,1
sitting,sitting,0.978,1,GREEN,1,1
sitting,sitting,0.977,1,GREEN,1,1
sitting,sitting,0.973,1,GREEN,1,1
sitting,sitting,0.964,1,GREEN,1,1
sitting,sitting,0.962,1,GREEN,1,1
sitting,sitting,0.963,1,GREEN,1,1
sitting,sitting,0.961,1,GREEN,1,1
sitting,sitting,0.96,1,GREEN,1,1
sitting,sitting,0.96,1,GREEN,1,1
sitting,sitting,0.961,1,GREEN,1,1
sitting,sitting,0.961,1,GREEN,1,1
sitting,sitting,0.961,1,GREEN,1,1
sitting,sitting,0.961,1,GREEN,1,1
sitting,sitting,0.96,1,GREEN,1,1
sitting,sitting,0.96,1,GREEN,1,1
sitting,sitting,0.96,1,GREEN,1,1
sitting,sitting,0.961,1,GREEN,1,1
sitting,sitting,0.961,1,GREEN,1,1
sitting,sitting,0.961,1,GREEN,1,1
sitting,sitting,0.96,1,GREEN,1,1
sitting,sitting,0.96,1,GREEN,1,1
sitting,sitting,0.961,1,GREEN,1,1
sitting,sitting,0.961,1,GREEN,1,1
sitting,sitting,0.96,1,GREEN,1,1
sitting,sitting,0.961,1,GREEN,1,1
sitting,sitting,0.961,1,GREEN,1,1
sitting,sitting,0.961,1,GREEN,1,1
sitting,sitting,0.962,1,GREEN,1,1
sitting,sitting,0.958,1,GREEN,1,1
sitting,sitting,0.958,1,GREEN,1,1
sitting,sitting,0.965,1,GREEN,1,1
sitting,sitting,0.967,1,GREEN,1,1
sitting,sitting,0.961,1,GREEN,1,1
sitting,sitting,0.959,1,GREEN,1,1
sitting,sitting,0.969,1,GREEN,1,1
sitting,sitting,0.972,1,GREEN,1,1
sitting,sitting,0.972,1,GREEN,1,1
sitting,sitting,0.967,1,GREEN,1,1
sitting,sitting,0.959,1,GREEN,1,1
sitting,sitting,0.962,1,GREEN,1,1
sitting,sitting,0.962,1,GREEN,1,1
sitting,sitting,0.962,1,GREEN,1,1
sitting,sitting,0.97,1,GREEN,1,1
sitting,sitting,0.975,1,GREEN,1,1
sitting,sitting,0.976,1,GREEN,1,1
sitting,sitting,0.976,1,GREEN,1,1
sitting,sitting,0.977,1,GREEN,1,1
sitting,sitting,0.974,1,GREEN,1,1
sitting,sitting,0.969,1,GREEN,1,1
sitting,sitting,0.969,1,GREEN,1,1
sitting,sitting,0.968,1,GREEN,1,1
sitting,sitting,0.964,1,GREEN,1,1
sitting,sitting,0.962,1,GREEN,1,1
sitting,sitting,0.97,1,GREEN,1,1
sitting,sitting,0.958,1,GREEN,1,1
sitting,sitting,0.963,1,GREEN,1,1
sitting,sitting,0.969,1,GREEN,1,1
sitting,sitting,0.966,1,GREEN,1,1
sitting,sitting,0.963,1,GREEN,1,1
sitting,sitting,0.956,1,GREEN,1,1
sitting,sitting,0.961,1,GREEN,1,1
sitting,sitting,0.964,1,GREEN,1,1
sitting,sitting,0.97,1,GREEN,1,1
sitting,sitting,0.947,1,GREEN,1,1
sitting,sitting,0.89,1,GREEN,1,1
sitting,sitting,0.974,1,GREEN,1,1
sitting,sitting,0.987,1,GREEN,1,1
sitting,sitting,0.984,1,GREEN,1,1
sitting,sitting,0.986,1,GREEN,1,1
sitting,sitting,0.987,1,GREEN,1,1
sitting,sitting,0.986,1,GREEN,1,1
sitting,sitting,0.986,1,GREEN,1,1
sitting,sitting,0.985,1,GREEN,1,1
sitting,sitting,0.985,1,GREEN,1,1
sitting,sitting,0.983,1,GREEN,1,1
sitting,sitting,0.986,1,GREEN,1,1
sitting,sitting,0.986,1,GREEN,1,1
sitting,sitting,0.986,1,GREEN,1,1
sitting,sitting,0.986,1,GREEN,1,1
sitting,sitting,0.985,1,GREEN,1,1
sitting,sitting,0.985,1,GREEN,1,1
sitting,sitting,0.986,1,GREEN,1,1
sitting,sitting,0.986,1,GREEN,1,1
sitting,sitting,0.986,1,GREEN,1,1
sitting,sitting,0.986,1,GREEN,1,1
sitting,sitting,0.986,1,GREEN,1,1
sitting,sitting,0.986,1,GREEN,1,1
sitting,sitting,0.986,1,GREEN,1,1
sitting,sitting,0.984,1,GREEN,1,1
sitting,sitting,0.984,1,GREEN,1,1
sitting,sitting,0.985,1,GREEN,1,1
sitting,sitting,0.984,1,GREEN,1,1
sitting,sitting,0.984,1,GREEN,1,1
sitting,sitting,0.985,1,GREEN,1,1
sitting,sitting,0.985,1,GREEN,1,1
sitting,sitting,0.985,1,GREEN,1,1
sitting,sitting,0.985,1,GREEN,1,1
sitting,sitting,0.985,1,GREEN,1,1
sitting,sitting,0.985,1,GREEN,1,1
sitting,sitting,0.986,1,GREEN,1,1
sitting,sitting,0.986,1,GREEN,1,1
sitting,sitting,0.985,1,GREEN,1,1
sitting,sitting,0.986,1,GREEN,1,1
sitting,sitting,0.985,1,GREEN,1,1
sitting,sitting,0.985,1,GREEN,1,1
sitting,sitting,0.985,1,GREEN,1,1
sitting,sitting,0.985,1,GREEN,1,1
sitting,sitting,0.985,1,GREEN,1,1
sitting,sitting,0.985,1,GREEN,1,1
sitting,sitting,0.984,1,GREEN,1,1
sitting,sitting,0.983,1,GREEN,1,1
sitting,sitting,0.979,1,GREEN,1,1
sitting,sitting,0.972,1,GREEN,1,1
sitting,sitting,0.966,1,GREEN,1,1
sitting,sitting,0.968,1,GREEN,1,1
sitting,sitting,0.975,1,GREEN,1,1
sitting,sitting,0.976,1,GREEN,1,1
sitting,sitting,0.971,1,GREEN,1,1
sitting,sitting,0.972,1,GREEN,1,1
sitting,sitting,0.978,1,GREEN,1,1
sitting,sitting,0.982,1,GREEN,1,1
sitting,sitting,0.978,1,GREEN,1,1
sitting,sitting,0.977,1,GREEN,1,1
sitting,sitting,0.975,1,GREEN,1,1
sitting,sitting,0.978,1,GREEN,1,1
sitting,sitting,0.98,1,GREEN,1,1
sitting,sitting,0.98,1,GREEN,1,1
sitting,sitting,0.979,1,GREEN,1,1
sitting,sitting,0.979,1,GREEN,1,1
sitting,sitting,0.979,1,GREEN,1,1
sitting,sitting,0.98,1,GREEN,1,1
sitting,sitting,0.979,1,GREEN,1,1
sitting,sitting,0.973,1,GREEN,1,1
sitting,sitting,0.964,1,GREEN,1,1
sitting,sitting,0.967,1,GREEN,1,1
sitting,sitting,0.969,1,GREEN,1,1
sitting,sitting,0.972,1,GREEN,1,1
sitting,sitting,0.978,1,GREEN,1,1
sitting,sitting,0.972,1,GREEN,1,1
sitting,sitting,0.963,1,GREEN,1,1
sitting,sitting,0.98,1,GREEN,1,1
sitting,sitting,0.983,1,GREEN,1,1
sitting,sitting,0.984,1,GREEN,1,1
sitting,sitting,0.984,1,GREEN,1,1
sitting,sitting,0.981,1,GREEN,1,1
sitting,sitting,0.421,1,RED,1,1
sitting,standing,0.19,0,RED,1,2
sitting,standing,0.012,0,RED,1,2
sitting,standing,0.018,0,RED,1,2
sitting,standing,0.005,0,RED,1,2
sitting,standing,0.017,0,RED,1,2
sitting,standing,0.035,0,RED,1,2
sitting,standing,0.045,0,RED,1,2
sitting,standing,0.01,0,RED,1,2
standing,standing,0.85,1,GREEN,2,2
standing,standing,0.88,1,GREEN,2,2
standing,standing,0.763,1,GREEN,2,2
standing,standing,0.907,1,GREEN,2,2
standing,standing,0.914,1,GREEN,2,2
standing,standing,0.918,1,GREEN,2,2
standing,standing,0.891,1,GREEN,2,2
standing,standing,0.878,1,GREEN,2,2
standing,standing,0.909,1,GREEN,2,2
standing,standing,0.969,1,GREEN,2,2
standing,standing,0.959,1,GREEN,2,2
standing,standing,0.947,1,GREEN,2,2
standing,standing,0.927,1,GREEN,2,2
standing,standing,0.897,1,GREEN,2,2
standing,standing,0.954,1,GREEN,2,2
standing,standing,0.958,1,GREEN,2,2
standing,standing,0.968,1,GREEN,2,2
standing,standing,0.928,1,GREEN,2,2
standing,standing,0.899,1,GREEN,2,2
standing,standing,0.957,1,GREEN,2,2
standing,standing,0.976,1,GREEN,2,2
standing,standing,0.959,1,GREEN,2,2
standing,standing,0.965,1,GREEN,2,2
standing,standing,0.933,1,GREEN,2,2
standing,standing,0.788,1,GREEN,2,2
standing,standing,0.724,1,YELLOW,2,2
standing,standing,0.838,1,GREEN,2,2
standing,standing,0.849,1,GREEN,2,2
standing,standing,0.849,1,GREEN,2,2
standing,standing,0.885,1,GREEN,2,2
standing,standing,0.798,1,GREEN,2,2
standing,standing,0.847,1,GREEN,2,2
standing,standing,0.541,1,YELLOW,2,2
standing,standing,0.324,1,RED,2,2
standing,standing,0.453,1,YELLOW,2,2
standing,standing,0.521,1,YELLOW,2,2
standing,standing,0.444,1,RED,2,2
standing,standing,0.42,1,RED,2,2
standing,standing,0.413,1,RED,2,2
standing,standing,0.367,1,RED,2,2
standing,standing,0.388,1,RED,2,2
standing,standing,0.377,1,RED,2,2
standing,standing,0.413,1,RED,2,2
standing,standing,0.397,1,RED,2,2
standing,standing,0.391,1,RED,2,2
standing,standing,0.406,1,RED,2,2
standing,standing,0.382,1,RED,2,2
standing,standing,0.371,1,RED,2,2
standing,standing,0.363,1,RED,2,2
standing,standing,0.362,1,RED,2,2
standing,standing,0.36,1,RED,2,2
standing,standing,0.36,1,RED,2,2
standing,standing,0.364,1,RED,2,2
standing,standing,0.275,1,RED,2,2
standing,standing,0.793,1,GREEN,2,2
standing,standing,0.688,1,YELLOW,2,2
standing,standing,0.618,1,YELLOW,2,2
standing,standing,0.909,1,GREEN,2,2
standing,standing,0.936,1,GREEN,2,2
standing,standing,0.873,1,GREEN,2,2
standing,standing,0.909,1,GREEN,2,2
standing,standing,0.873,1,GREEN,2,2
standing,standing,0.86,1,GREEN,2,2
standing,standing,0.831,1,GREEN,2,2
standing,standing,0.83,1,GREEN,2,2
standing,standing,0.84,1,GREEN,2,2
standing,standing,0.861,1,GREEN,2,2
standing,standing,0.849,1,GREEN,2,2
standing,standing,0.843,1,GREEN,2,2
standing,standing,0.826,1,GREEN,2,2
standing,standing,0.83,1,GREEN,2,2
standing,standing,0.832,1,GREEN,2,2
standing,standing,0.829,1,GREEN,2,2
standing,standing,0.837,1,GREEN,2,2
standing,standing,0.812,1,GREEN,2,2
standing,standing,0.763,1,GREEN,2,2
standing,standing,0.807,1,GREEN,2,2
standing,standing,0.864,1,GREEN,2,2
standing,standing,0.86,1,GREEN,2,2
standing,standing,0.863,1,GREEN,2,2
standing,standing,0.846,1,GREEN,2,2
standing,standing,0.832,1,GREEN,2,2
standing,standing,0.852,1,GREEN,2,2
standing,standing,0.856,1,GREEN,2,2
standing,standing,0.854,1,GREEN,2,2
standing,standing,0.849,1,GREEN,2,2
standing,standing,0.861,1,GREEN,2,2
standing,standing,0.86,1,GREEN,2,2
standing,standing,0.86,1,GREEN,2,2
standing,standing,0.862,1,GREEN,2,2
standing,standing,0.863,1,GREEN,2,2
standing,standing,0.865,1,GREEN,2,2
standing,standing,0.861,1,GREEN,2,2
standing,standing,0.863,1,GREEN,2,2
standing,standing,0.852,1,GREEN,2,2
standing,standing,0.845,1,GREEN,2,2
standing,standing,0.851,1,GREEN,2,2
standing,standing,0.859,1,GREEN,2,2
standing,standing,0.854,1,GREEN,2,2
standing,standing,0.873,1,GREEN,2,2
standing,standing,0.857,1,GREEN,2,2
standing,standing,0.845,1,GREEN,2,2
standing,standing,0.844,1,GREEN,2,2
standing,standing,0.852,1,GREEN,2,2
standing,standing,0.843,1,GREEN,2,2
standing,standing,0.852,1,GREEN,2,2
standing,standing,0.861,1,GREEN,2,2
standing,standing,0.859,1,GREEN,2,2
standing,standing,0.84,1,GREEN,2,2
standing,standing,0.855,1,GREEN,2,2
standing,standing,0.843,1,GREEN,2,2
standing,standing,0.843,1,GREEN,2,2
standing,standing,0.846,1,GREEN,2,2
standing,standing,0.834,1,GREEN,2,2
standing,standing,0.843,1,GREEN,2,2
standing,standing,0.84,1,GREEN,2,2
standing,standing,0.845,1,GREEN,2,2
standing,standing,0.848,1,GREEN,2,2
standing,standing,0.845,1,GREEN,2,2
standing,standing,0.854,1,GREEN,2,2
standing,standing,0.852,1,GREEN,2,2
standing,standing,0.846,1,GREEN,2,2
standing,standing,0.856,1,GREEN,2,2
standing,standing,0.86,1,GREEN,2,2
standing,standing,0.863,1,GREEN,2,2
standing,standing,0.865,1,GREEN,2,2
standing,standing,0.864,1,GREEN,2,2
standing,standing,0.855,1,GREEN,2,2
standing,standing,0.85,1,GREEN,2,2
standing,standing,0.835,1,GREEN,2,2
standing,standing,0.847,1,GREEN,2,2
standing,standing,0.84,1,GREEN,2,2
standing,standing,0.853,1,GREEN,2,2
standing,standing,0.845,1,GREEN,2,2
standing,standing,0.855,1,GREEN,2,2
standing,standing,0.842,1,GREEN,2,2
standing,standing,0.85,1,GREEN,2,2
standing,standing,0.846,1,GREEN,2,2
standing,standing,0.843,1,GREEN,2,2
standing,standing,0.843,1,GREEN,2,2
standing,standing,0.822,1,GREEN,2,2
standing,standing,0.875,1,GREEN,2,2
standing,standing,0.749,1,YELLOW,2,2
standing,standing,0.727,1,YELLOW,2,2
standing,standing,0.584,1,YELLOW,2,2
standing,ironing,0.075,0,RED,2,10
standing,ironing,0.005,0,RED,2,10
standing,ironing,0.002,0,RED,2,10
standing,ironing,0.003,0,RED,2,10
standing,ironing,0.004,0,RED,2,10
standing,ironing,0.004,0,RED,2,10
standing,ironing,0.004,0,RED,2,10
standing,ironing,0.004,0,RED,2,10
standing,ironing,0.004,0,RED,2,10
standing,ironing,0.004,0,RED,2,10
standing,ironing,0.003,0,RED,2,10
standing,ironing,0.003,0,RED,2,10
standing,ironing,0.003,0,RED,2,10
standing,ironing,0.003,0,RED,2,10
standing,ironing,0.003,0,RED,2,10
standing,ironing,0.004,0,RED,2,10
standing,ironing,0.012,0,RED,2,10
standing,ironing,0.056,0,RED,2,10
standing,ironing,0.053,0,RED,2,10
standing,ironing,0.038,0,RED,2,10
standing,ironing,0.039,0,RED,2,10
standing,ironing,0.043,0,RED,2,10
standing,ironing,0.044,0,RED,2,10
standing,ironing,0.044,0,RED,2,10
standing,ironing,0.046,0,RED,2,10
standing,ironing,0.045,0,RED,2,10
standing,ironing,0.037,0,RED,2,10
standing,ironing,0.025,0,RED,2,10
standing,ironing,0.02,0,RED,2,10
standing,ironing,0.032,0,RED,2,10
standing,ironing,0.045,0,RED,2,10
standing,ironing,0.05,0,RED,2,10
standing,ironing,0.047,0,RED,2,10
standing,ironing,0.049,0,RED,2,10
standing,ironing,0.049,0,RED,2,10
standing,ironing,0.045,0,RED,2,10
standing,ironing,0.045,0,RED,2,10
standing,ironing,0.04,0,RED,2,10
standing,ironing,0.045,0,RED,2,10
standing,ironing,0.044,0,RED,2,10
standing,ironing,0.049,0,RED,2,10
standing,ironing,0.049,0,RED,2,10
standing,ironing,0.038,0,RED,2,10
standing,ironing,0.045,0,RED,2,10
standing,ironing,0.042,0,RED,2,10
standing,ironing,0.04,0,RED,2,10
standing,ironing,0.043,0,RED,2,10
standing,ironing,0.043,0,RED,2,10
standing,ironing,0.042,0,RED,2,10
standing,ironing,0.026,0,RED,2,10
standing,ironing,0.025,0,RED,2,10
standing,ironing,0.034,0,RED,2,10
standing,ironing,0.03,0,RED,2,10
standing,ironing,0.025,0,RED,2,10
standing,ironing,0.022,0,RED,2,10
standing,ironing,0.024,0,RED,2,10
standing,ironing,0.018,0,RED,2,10
standing,ironing,0.025,0,RED,2,10
standing,ironing,0.032,0,RED,2,10
standing,ironing,0.034,0,RED,2,10
standing,ironing,0.029,0,RED,2,10
standing,ironing,0.021,0,RED,2,10
standing,ironing,0.049,0,RED,2,10
standing,ironing,0.052,0,RED,2,10
standing,ironing,0.029,0,RED,2,10
standing,ironing,0.028,0,RED,2,10
standing,ironing,0.027,0,RED,2,10
standing,ironing,0.031,0,RED,2,10
standing,ironing,0.017,0,RED,2,10
standing,ironing,0.016,0,RED,2,10
standing,ironing,0.012,0,RED,2,10
standing,ironing,0.021,0,RED,2,10
standing,ironing,0.019,0,RED,2,10
standing,ironing,0.007,0,RED,2,10
standing,ironing,0.004,0,RED,2,10
standing,ironing,0.008,0,RED,2,10
standing,ironing,0.014,0,RED,2,10
standing,ironing,0.023,0,RED,2,10
standing,ironing,0.024,0,RED,2,10
standing,ironing,0.024,0,RED,2,10
standing,ironing,0.026,0,RED,2,10
standing,ironing,0.027,0,RED,2,10
standing,ironing,0.028,0,RED,2,10
standing,ironing,0.03,0,RED,2,10
standing,ironing,0.029,0,RED,2,10
standing,ironing,0.029,0,RED,2,10
standing,ironing,0.029,0,RED,2,10
standing,ironing,0.036,0,RED,2,10
standing,ironing,0.031,0,RED,2,10
standing,ironing,0.008,0,RED,2,10
standing,ironing,0.007,0,RED,2,10
standing,ironing,0.008,0,RED,2,10
standing,ironing,0.008,0,RED,2,10
standing,ironing,0.01,0,RED,2,10
standing,ironing,0.013,0,RED,2,10
standing,ironing,0.026,0,RED,2,10
standing,ironing,0.029,0,RED,2,10
standing,ironing,0.027,0,RED,2,10
standing,ironing,0.03,0,RED,2,10
standing,ironing,0.028,0,RED,2,10
standing,ironing,0.028,0,RED,2,10
standing,ironing,0.029,0,RED,2,10
standing,ironing,0.028,0,RED,2,10
standing,ironing,0.027,0,RED,2,10
standing,ironing,0.013,0,RED,2,10
standing,ironing,0.008,0,RED,2,10
standing,ironing,0.019,0,RED,2,10
standing,ironing,0.027,0,RED,2,10
standing,ironing,0.027,0,RED,2,10
standing,ironing,0.031,0,RED,2,10
standing,ironing,0.035,0,RED,2,10
standing,ironing,0.033,0,RED,2,10
standing,ironing,0.032,0,RED,2,10
standing,ironing,0.03,0,RED,2,10
standing,ironing,0.025,0,RED,2,10
standing,ironing,0.027,0,RED,2,10
standing,ironing,0.029,0,RED,2,10
standing,ironing,0.024,0,RED,2,10
standing,ironing,0.025,0,RED,2,10
standing,ironing,0.026,0,RED,2,10
standing,ironing,0.024,0,RED,2,10
standing,ironing,0.026,0,RED,2,10
standing,ironing,0.029,0,RED,2,10
standing,ironing,0.028,0,RED,2,10
standing,ironing,0.027,0,RED,2,10
standing,ironing,0.027,0,RED,2,10
standing,ironing,0.029,0,RED,2,10
standing,ironing,0.029,0,RED,2,10
standing,ironing,0.028,0,RED,2,10
standing,ironing,0.026,0,RED,2,10
standing,ironing,0.025,0,RED,2,10
standing,ironing,0.026,0,RED,2,10
standing,ironing,0.02,0,RED,2,10
standing,ironing,0.005,0,RED,2,10
standing,ironing,0.013,0,RED,2,10
standing,ironing,0.041,0,RED,2,10
standing,ironing,0.057,0,RED,2,10
standing,ironing,0.03,0,RED,2,10
standing,ironing,0.031,0,RED,2,10
standing,ironing,0.03,0,RED,2,10
standing,ironing,0.028,0,RED,2,10
standing,ironing,0.029,0,RED,2,10
standing,ironing,0.029,0,RED,2,10
standing,ironing,0.029,0,RED,2,10
standing,ironing,0.03,0,RED,2,10
standing,ironing,0.03,0,RED,2,10
standing,ironing,0.031,0,RED,2,10
standing,ironing,0.031,0,RED,2,10
standing,ironing,0.029,0,RED,2,10
standing,ironing,0.03,0,RED,2,10
standing,ironing,0.03,0,RED,2,10
standing,ironing,0.029,0,RED,2,10
standing,ironing,0.029,0,RED,2,10
standing,ironing,0.029,0,RED,2,10
standing,ironing,0.029,0,RED,2,10
standing,ironing,0.029,0,RED,2,10
standing,ironing,0.029,0,RED,2,10
standing,ironing,0.03,0,RED,2,10
standing,ironing,0.03,0,RED,2,10
standing,ironing,0.03,0,RED,2,10
standing,ironing,0.033,0,RED,2,10
standing,ironing,0.031,0,RED,2,10
standing,ironing,0.022,0,RED,2,10
standing,ironing,0.035,0,RED,2,10
standing,ironing,0.031,0,RED,2,10
standing,ironing,0.032,0,RED,2,10
standing,ironing,0.031,0,RED,2,10
standing,ironing,0.031,0,RED,2,10
standing,ironing,0.033,0,RED,2,10
standing,ironing,0.031,0,RED,2,10
standing,ironing,0.029,0,RED,2,10
standing,ironing,0.029,0,RED,2,10
standing,ironing,0.028,0,RED,2,10
standing,ironing,0.03,0,RED,2,10
standing,ironing,0.029,0,RED,2,10
standing,ironing,0.029,0,RED,2,10
standing,ironing,0.028,0,RED,2,10
standing,ironing,0.027,0,RED,2,10
standing,ironing,0.03,0,RED,2,10
standing,ironing,0.032,0,RED,2,10
standing,ironing,0.03,0,RED,2,10
standing,ironing,0.029,0,RED,2,10
standing,ironing,0.031,0,RED,2,10
standing,ironing,0.028,0,RED,2,10
standing,ironing,0.03,0,RED,2,10
standing,ironing,0.029,0,RED,2,10
standing,ironing,0.025,0,RED,2,10
standing,ironing,0.026,0,RED,2,10
standing,ironing,0.021,0,RED,2,10
standing,ironing,0.021,0,RED,2,10
standing,ironing,0.021,0,RED,2,10
standing,ironing,0.025,0,RED,2,10
standing,ironing,0.024,0,RED,2,10
standing,ironing,0.025,0,RED,2,10
standing,ironing,0.024,0,RED,2,10
standing,ironing,0.023,0,RED,2,10
standing,ironing,0.026,0,RED,2,10
standing,ironing,0.026,0,RED,2,10
standing,ironing,0.021,0,RED,2,10
standing,ironing,0.024,0,RED,2,10
standing,ironing,0.027,0,RED,2,10
standing,ironing,0.028,0,RED,2,10
standing,ironing,0.025,0,RED,2,10
standing,ironing,0.025,0,RED,2,10
standing,ironing,0.026,0,RED,2,10
standing,ironing,0.031,0,RED,2,10
standing,ironing,0.025,0,RED,2,10
standing,ironing,0.082,0,RED,2,10
standing,ironing,0.188,0,RED,2,10
standing,ironing,0.095,0,RED,2,10
standing,ironing,0.014,0,RED,2,10
standing,ironing,0.031,0,RED,2,10
standing,ironing,0.064,0,RED,2,10
standing,ironing,0.048,0,RED,2,10
standing,ironing,0.029,0,RED,2,10
standing,ironing,0.026,0,RED,2,10
standing,ironing,0.024,0,RED,2,10
standing,ironing,0.026,0,RED,2,10
standing,ironing,0.022,0,RED,2,10
standing,ironing,0.027,0,RED,2,10
standing,ironing,0.026,0,RED,2,10
standing,ironing,0.022,0,RED,2,10
standing,ironing,0.021,0,RED,2,10
standing,ironing,0.019,0,RED,2,10
standing,ironing,0.006,0,RED,2,10
standing,ironing,0.007,0,RED,2,10
standing,ironing,0.021,0,RED,2,10
standing,ironing,0.029,0,RED,2,10
standing,ironing,0.036,0,RED,2,10
standing,ironing,0.037,0,RED,2,10
standing,ironing,0.053,0,RED,2,10
standing,ironing,0.052,0,RED,2,10
standing,ironing,0.028,0,RED,2,10
standing,ironing,0.018,0,RED,2,10
standing,ironing,0.007,0,RED,2,10
standing,ironing,0.003,0,RED,2,10
standing,ironing,0.002,0,RED,2,10
standing,ironing,0.003,0,RED,2,10
standing,ironing,0.002,0,RED,2,10
standing,ironing,0.003,0,RED,2,10
standing,ironing,0.003,0,RED,2,10
standing,ironing,0.003,0,RED,2,10
standing,ironing,0.004,0,RED,2,10
standing,ironing,0.004,0,RED,2,10
standing,ironing,0.004,0,RED,2,10
standing,ironing,0.004,0,RED,2,10
standing,ironing,0.004,0,RED,2,10
standing,ironing,0.004,0,RED,2,10
standing,ironing,0.004,0,RED,2,10
standing,ironing,0.003,0,RED,2,10
standing,ironing,0.003,0,RED,2,10
standing,ironing,0.004,0,RED,2,10
standing,ironing,0.004,0,RED,2,10
standing,ironing,0.004,0,RED,2,10
standing,ironing,0.004,0,RED,2,10
standing,ironing,0.004,0,RED,2,10
standing,ironing,0.003,0,RED,2,10
standing,ironing,0.004,0,RED,2,10
standing,ironing,0.004,0,RED,2,10
standing,ironing,0.004,0,RED,2,10
standing,ironing,0.004,0,RED,2,10
standing,ironing,0.004,0,RED,2,10
standing,ironing,0.004,0,RED,2,10
standing,ironing,0.004,0,RED,2,10
standing,ironing,0.004,0,RED,2,10
standing,ironing,0.004,0,RED,2,10
standing,ironing,0.004,0,RED,2,10
standing,ironing,0.004,0,RED,2,10
standing,ironing,0.004,0,RED,2,10
standing,ironing,0.004,0,RED,2,10
standing,ironing,0.004,0,RED,2,10
standing,ironing,0.004,0,RED,2,10
standing,ironing,0.004,0,RED,2,10
standing,ironing,0.004,0,RED,2,10
standing,ironing,0.004,0,RED,2,10
standing,ironing,0.004,0,RED,2,10
standing,ironing,0.004,0,RED,2,10
standing,ironing,0.004,0,RED,2,10
standing,ironing,0.004,0,RED,2,10
standing,ironing,0.004,0,RED,2,10
standing,ironing,0.004,0,RED,2,10
standing,ironing,0.004,0,RED,2,10
standing,ironing,0.004,0,RED,2,10
standing,ironing,0.004,0,RED,2,10
standing,ironing,0.004,0,RED,2,10
standing,ironing,0.004,0,RED,2,10
standing,ironing,0.004,0,RED,2,10
standing,ironing,0.004,0,RED,2,10
standing,ironing,0.004,0,RED,2,10
standing,ironing,0.004,0,RED,2,10
standing,ironing,0.004,0,RED,2,10
standing,ironing,0.004,0,RED,2,10
standing,ironing,0.004,0,RED,2,10
standing,ironing,0.004,0,RED,2,10
standing,ironing,0.004,0,RED,2,10
standing,ironing,0.004,0,RED,2,10
standing,ironing,0.004,0,RED,2,10
standing,ironing,0.004,0,RED,2,10
standing,ironing,0.004,0,RED,2,10
standing,ironing,0.004,0,RED,2,10
standing,ironing,0.004,0,RED,2,10
standing,ironing,0.004,0,RED,2,10
standing,ironing,0.004,0,RED,2,10
standing,ironing,0.004,0,RED,2,10
standing,ironing,0.004,0,RED,2,10
standing,ironing,0.004,0,RED,2,10
standing,ironing,0.004,0,RED,2,10
standing,ironing,0.004,0,RED,2,10
standing,ironing,0.004,0,RED,2,10
standing,ironing,0.004,0,RED,2,10
standing,ironing,0.004,0,RED,2,10
standing,ironing,0.004,0,RED,2,10
standing,ironing,0.004,0,RED,2,10
standing,ironing,0.004,0,RED,2,10
standing,ironing,0.004,0,RED,2,10
standing,ironing,0.004,0,RED,2,10
standing,ironing,0.004,0,RED,2,10
standing,ironing,0.004,0,RED,2,10
standing,ironing,0.004,0,RED,2,10
standing,ironing,0.004,0,RED,2,10
standing,ironing,0.004,0,RED,2,10
standing,ironing,0.004,0,RED,2,10
standing,ironing,0.004,0,RED,2,10
standing,ironing,0.004,0,RED,2,10
standing,ironing,0.004,0,RED,2,10
standing,ironing,0.004,0,RED,2,10
standing,ironing,0.004,0,RED,2,10
standing,ironing,0.004,0,RED,2,10
standing,ironing,0.004,0,RED,2,10
standing,ironing,0.004,0,RED,2,10
standing,ironing,0.004,0,RED,2,10
standing,ironing,0.004,0,RED,2,10
standing,ironing,0.004,0,RED,2,10
standing,ironing,0.004,0,RED,2,10
standing,ironing,0.004,0,RED,2,10
ironing,ironing,0.971,1,GREEN,10,10
ironing,ironing,0.97,1,GREEN,10,10
ironing,ironing,0.969,1,GREEN,10,10
ironing,ironing,0.97,1,GREEN,10,10
ironing,ironing,0.97,1,GREEN,10,10
ironing,ironing,0.971,1,GREEN,10,10
ironing,ironing,0.926,1,GREEN,10,10
ironing,ironing,0.062,1,RED,10,10
ironing,ironing,0.444,1,RED,10,10
ironing,ironing,0.938,1,GREEN,10,10
ironing,ironing,0.975,1,GREEN,10,10
ironing,ironing,0.959,1,GREEN,10,10
ironing,ironing,0.956,1,GREEN,10,10
ironing,ironing,0.967,1,GREEN,10,10
ironing,ironing,0.945,1,GREEN,10,10
ironing,ironing,0.931,1,GREEN,10,10
ironing,ironing,0.881,1,GREEN,10,10
ironing,ironing,0.938,1,GREEN,10,10
ironing,ironing,0.952,1,GREEN,10,10
ironing,ironing,0.969,1,GREEN,10,10
ironing,ironing,0.962,1,GREEN,10,10
ironing,ironing,0.938,1,GREEN,10,10
ironing,ironing,0.965,1,GREEN,10,10
ironing,ironing,0.947,1,GREEN,10,10
ironing,ironing,0.947,1,GREEN,10,10
ironing,ironing,0.944,1,GREEN,10,10
ironing,ironing,0.927,1,GREEN,10,10
ironing,ironing,0.892,1,GREEN,10,10
ironing,ironing,0.93,1,GREEN,10,10
ironing,ironing,0.928,1,GREEN,10,10
ironing,ironing,0.899,1,GREEN,10,10
ironing,ironing,0.914,1,GREEN,10,10
ironing,ironing,0.936,1,GREEN,10,10
ironing,ironing,0.947,1,GREEN,10,10
ironing,ironing,0.959,1,GREEN,10,10
ironing,ironing,0.958,1,GREEN,10,10
ironing,ironing,0.933,1,GREEN,10,10
ironing,ironing,0.93,1,GREEN,10,10
ironing,ironing,0.965,1,GREEN,10,10
ironing,ironing,0.959,1,GREEN,10,10
ironing,ironing,0.947,1,GREEN,10,10
ironing,ironing,0.947,1,GREEN,10,10
ironing,ironing,0.941,1,GREEN,10,10
ironing,ironing,0.94,1,GREEN,10,10
ironing,ironing,0.95,1,GREEN,10,10
ironing,ironing,0.957,1,GREEN,10,10
ironing,ironing,0.957,1,GREEN,10,10
ironing,ironing,0.943,1,GREEN,10,10
ironing,ironing,0.933,1,GREEN,10,10
ironing,ironing,0.938,1,GREEN,10,10
ironing,ironing,0.944,1,GREEN,10,10
ironing,ironing,0.941,1,GREEN,10,10
ironing,ironing,0.94,1,GREEN,10,10
ironing,ironing,0.946,1,GREEN,10,10
ironing,ironing,0.944,1,GREEN,10,10
ironing,ironing,0.939,1,GREEN,10,10
ironing,ironing,0.925,1,GREEN,10,10
ironing,ironing,0.948,1,GREEN,10,10
ironing,ironing,0.951,1,GREEN,10,10
ironing,ironing,0.925,1,GREEN,10,10
ironing,ironing,0.892,1,GREEN,10,10
ironing,ironing,0.898,1,GREEN,10,10
ironing,ironing,0.875,1,GREEN,10,10
ironing,ironing,0.916,1,GREEN,10,10
ironing,ironing,0.921,1,GREEN,10,10
ironing,ironing,0.902,1,GREEN,10,10
ironing,ironing,0.9,1,GREEN,10,10
ironing,ironing,0.902,1,GREEN,10,10
ironing,ironing,0.9,1,GREEN,10,10
ironing,ironing,0.912,1,GREEN,10,10
ironing,ironing,0.938,1,GREEN,10,10
ironing,ironing,0.946,1,GREEN,10,10
ironing,ironing,0.948,1,GREEN,10,10
ironing,ironing,0.957,1,GREEN,10,10
ironing,ironing,0.946,1,GREEN,10,10
ironing,ironing,0.933,1,GREEN,10,10
ironing,ironing,0.841,1,GREEN,10,10
ironing,ironing,0.885,1,GREEN,10,10
ironing,ironing,0.968,1,GREEN,10,10
ironing,ironing,0.906,1,GREEN,10,10
ironing,ironing,0.919,1,GREEN,10,10
ironing,ironing,0.929,1,GREEN,10,10
ironing,ironing,0.926,1,GREEN,10,10
ironing,ironing,0.938,1,GREEN,10,10
ironing,ironing,0.944,1,GREEN,10,10
ironing,ironing,0.949,1,GREEN,10,10
ironing,ironing,0.958,1,GREEN,10,10
ironing,ironing,0.958,1,GREEN,10,10
ironing,ironing,0.932,1,GREEN,10,10
ironing,ironing,0.873,1,GREEN,10,10
ironing,ironing,0.905,1,GREEN,10,10
ironing,ironing,0.874,1,GREEN,10,10
ironing,ironing,0.874,1,GREEN,10,10
ironing,ironing,0.891,1,GREEN,10,10
ironing,ironing,0.928,1,GREEN,10,10
ironing,ironing,0.944,1,GREEN,10,10
ironing,ironing,0.95,1,GREEN,10,10
ironing,ironing,0.961,1,GREEN,10,10
ironing,ironing,0.958,1,GREEN,10,10
ironing,ironing,0.956,1,GREEN,10,10
ironing,ironing,0.95,1,GREEN,10,10
ironing,ironing,0.932,1,GREEN,10,10
ironing,ironing,0.896,1,GREEN,10,10
ironing,ironing,0.812,1,GREEN,10,10
ironing,ironing,0.853,1,GREEN,10,10
ironing,ironing,0.879,1,GREEN,10,10
ironing,ironing,0.794,1,GREEN,10,10
ironing,ironing,0.898,1,GREEN,10,10
ironing,ironing,0.885,1,GREEN,10,10
ironing,ironing,0.934,1,GREEN,10,10
ironing,ironing,0.957,1,GREEN,10,10
ironing,ironing,0.935,1,GREEN,10,10
ironing,ironing,0.87,1,GREEN,10,10
ironing,ironing,0.823,1,GREEN,10,10
ironing,ironing,0.896,1,GREEN,10,10
ironing,ironing,0.93,1,GREEN,10,10
ironing,ironing,0.943,1,GREEN,10,10
ironing,ironing,0.934,1,GREEN,10,10
ironing,ironing,0.899,1,GREEN,10,10
ironing,ironing,0.735,1,YELLOW,10,10
ironing,ironing,0.916,1,GREEN,10,10
ironing,ironing,0.919,1,GREEN,10,10
ironing,ironing,0.917,1,GREEN,10,10
ironing,ironing,0.82,1,GREEN,10,10
ironing,ironing,0.875,1,GREEN,10,10
ironing,ironing,0.926,1,GREEN,10,10
ironing,ironing,0.952,1,GREEN,10,10
ironing,ironing,0.953,1,GREEN,10,10
ironing,ironing,0.946,1,GREEN,10,10
ironing,ironing,0.899,1,GREEN,10,10
ironing,ironing,0.922,1,GREEN,10,10
ironing,ironing,0.94,1,GREEN,10,10
ironing,ironing,0.954,1,GREEN,10,10
ironing,ironing,0.943,1,GREEN,10,10
ironing,ironing,0.945,1,GREEN,10,10
ironing,ironing,0.942,1,GREEN,10,10
ironing,ironing,0.902,1,GREEN,10,10
ironing,ironing,0.92,1,GREEN,10,10
ironing,ironing,0.939,1,GREEN,10,10
ironing,ironing,0.927,1,GREEN,10,10
ironing,ironing,0.912,1,GREEN,10,10
ironing,ironing,0.939,1,GREEN,10,10
ironing,ironing,0.956,1,GREEN,10,10
ironing,ironing,0.946,1,GREEN,10,10
ironing,ironing,0.936,1,GREEN,10,10
ironing,ironing,0.923,1,GREEN,10,10
ironing,ironing,0.892,1,GREEN,10,10
ironing,ironing,0.863,1,GREEN,10,10
ironing,ironing,0.881,1,GREEN,10,10
ironing,ironing,0.878,1,GREEN,10,10
ironing,ironing,0.865,1,GREEN,10,10
ironing,ironing,0.889,1,GREEN,10,10
ironing,ironing,0.929,1,GREEN,10,10
ironing,ironing,0.951,1,GREEN,10,10
ironing,ironing,0.958,1,GREEN,10,10
ironing,ironing,0.958,1,GREEN,10,10
ironing,ironing,0.965,1,GREEN,10,10
ironing,ironing,0.947,1,GREEN,10,10
ironing,ironing,0.934,1,GREEN,10,10
ironing,ironing,0.95,1,GREEN,10,10
ironing,ironing,0.961,1,GREEN,10,10
ironing,ironing,0.957,1,GREEN,10,10
ironing,ironing,0.971,1,GREEN,10,10
ironing,ironing,0.974,1,GREEN,10,10
ironing,ironing,0.969,1,GREEN,10,10
ironing,ironing,0.96,1,GREEN,10,10
ironing,ironing,0.962,1,GREEN,10,10
ironing,ironing,0.959,1,GREEN,10,10
ironing,ironing,0.958,1,GREEN,10,10
ironing,ironing,0.959,1,GREEN,10,10
ironing,ironing,0.938,1,GREEN,10,10
ironing,ironing,0.939,1,GREEN,10,10
ironing,ironing,0.954,1,GREEN,10,10
ironing,ironing,0.96,1,GREEN,10,10
ironing,ironing,0.955,1,GREEN,10,10
ironing,ironing,0.943,1,GREEN,10,10
ironing,ironing,0.943,1,GREEN,10,10
ironing,ironing,0.946,1,GREEN,10,10
ironing,ironing,0.945,1,GREEN,10,10
ironing,ironing,0.953,1,GREEN,10,10
ironing,ironing,0.96,1,GREEN,10,10
ironing,ironing,0.966,1,GREEN,10,10
ironing,ironing,0.917,1,GREEN,10,10
ironing,ironing,0.893,1,GREEN,10,10
ironing,ironing,0.903,1,GREEN,10,10
ironing,ironing,0.902,1,GREEN,10,10
ironing,ironing,0.905,1,GREEN,10,10
ironing,ironing,0.901,1,GREEN,10,10
ironing,ironing,0.891,1,GREEN,10,10
ironing,ironing,0.897,1,GREEN,10,10
ironing,ironing,0.912,1,GREEN,10,10
ironing,ironing,0.892,1,GREEN,10,10
ironing,ironing,0.862,1,GREEN,10,10
ironing,ironing,0.938,1,GREEN,10,10
ironing,ironing,0.975,1,GREEN,10,10
ironing,ironing,0.958,1,GREEN,10,10
ironing,ironing,0.931,1,GREEN,10,10
ironing,ironing,0.879,1,GREEN,10,10
ironing,ironing,0.802,1,GREEN,10,10
ironing,ironing,0.828,1,GREEN,10,10
ironing,ironing,0.914,1,GREEN,10,10
ironing,ironing,0.896,1,GREEN,10,10
ironing,ironing,0.896,1,GREEN,10,10
ironing,ironing,0.961,1,GREEN,10,10
ironing,ironing,0.986,1,GREEN,10,10
ironing,ironing,0.955,1,GREEN,10,10
ironing,ironing,0.895,1,GREEN,10,10
ironing,ironing,0.813,1,GREEN,10,10
ironing,ironing,0.792,1,GREEN,10,10
ironing,ironing,0.886,1,GREEN,10,10
ironing,ironing,0.967,1,GREEN,10,10
ironing,ironing,0.976,1,GREEN,10,10
ironing,ironing,0.974,1,GREEN,10,10
ironing,ironing,0.959,1,GREEN,10,10
ironing,ironing,0.962,1,GREEN,10,10
ironing,ironing,0.966,1,GREEN,10,10
ironing,ironing,0.968,1,GREEN,10,10
ironing,ironing,0.964,1,GREEN,10,10
ironing,ironing,0.94,1,GREEN,10,10
ironing,ironing,0.956,1,GREEN,10,10
ironing,ironing,0.934,1,GREEN,10,10
ironing,ironing,0.898,1,GREEN,10,10
ironing,ironing,0.845,1,GREEN,10,10
ironing,ironing,0.882,1,GREEN,10,10
ironing,ironing,0.951,1,GREEN,10,10
ironing,ironing,0.975,1,GREEN,10,10
ironing,ironing,0.976,1,GREEN,10,10
ironing,ironing,0.976,1,GREEN,10,10
ironing,ironing,0.966,1,GREEN,10,10
ironing,ironing,0.961,1,GREEN,10,10
ironing,ironing,0.959,1,GREEN,10,10
ironing,ironing,0.937,1,GREEN,10,10
ironing,ironing,0.966,1,GREEN,10,10
ironing,ironing,0.956,1,GREEN,10,10
ironing,ironing,0.873,1,GREEN,10,10
ironing,ironing,0.821,1,GREEN,10,10
ironing,ironing,0.874,1,GREEN,10,10
ironing,ironing,0.853,1,GREEN,10,10
ironing,ironing,0.893,1,GREEN,10,10
ironing,ironing,0.612,1,YELLOW,10,10
ironing,ironing,0.763,1,GREEN,10,10
ironing,ironing,0.853,1,GREEN,10,10
ironing,ironing,0.862,1,GREEN,10,10
ironing,ironing,0.916,1,GREEN,10,10
ironing,ironing,0.969,1,GREEN,10,10
ironing,ironing,0.956,1,GREEN,10,10
ironing,ironing,0.955,1,GREEN,10,10
ironing,ironing,0.946,1,GREEN,10,10
ironing,ironing,0.948,1,GREEN,10,10
ironing,ironing,0.953,1,GREEN,10,10
ironing,ironing,0.959,1,GREEN,10,10
ironing,ironing,0.958,1,GREEN,10,10
ironing,ironing,0.956,1,GREEN,10,10
ironing,ironing,0.957,1,GREEN,10,10
ironing,ironing,0.948,1,GREEN,10,10
ironing,ironing,0.924,1,GREEN,10,10
ironing,ironing,0.934,1,GREEN,10,10
ironing,ironing,0.966,1,GREEN,10,10
ironing,ironing,0.963,1,GREEN,10,10
ironing,ironing,0.941,1,GREEN,10,10
ironing,ironing,0.936,1,GREEN,10,10
ironing,ironing,0.947,1,GREEN,10,10
ironing,ironing,0.927,1,GREEN,10,10
ironing,ironing,0.886,1,GREEN,10,10
ironing,ironing,0.913,1,GREEN,10,10
ironing,ironing,0.937,1,GREEN,10,10
ironing,ironing,0.926,1,GREEN,10,10
ironing,ironing,0.946,1,GREEN,10,10
ironing,ironing,0.924,1,GREEN,10,10
ironing,ironing,0.931,1,GREEN,10,10
ironing,ironing,0.98,1,GREEN,10,10
ironing,ironing,0.972,1,GREEN,10,10
ironing,ironing,0.963,1,GREEN,10,10
ironing,ironing,0.956,1,GREEN,10,10
ironing,ironing,0.953,1,GREEN,10,10
ironing,ironing,0.951,1,GREEN,10,10
ironing,ironing,0.897,1,GREEN,10,10
ironing,ironing,0.843,1,GREEN,10,10
ironing,ironing,0.881,1,GREEN,10,10
ironing,ironing,0.86,1,GREEN,10,10
ironing,ironing,0.868,1,GREEN,10,10
ironing,ironing,0.945,1,GREEN,10,10
ironing,ironing,0.884,1,GREEN,10,10
ironing,ironing,0.937,1,GREEN,10,10
ironing,ironing,0.807,1,GREEN,10,10
ironing,ironing,0.974,1,GREEN,10,10
ironing,ironing,0.971,1,GREEN,10,10
ironing,ironing,0.944,1,GREEN,10,10
ironing,ironing,0.971,1,GREEN,10,10
ironing,ironing,0.971,1,GREEN,10,10
ironing,ironing,0.948,1,GREEN,10,10
ironing,ironing,0.866,1,GREEN,10,10
ironing,ironing,0.87,1,GREEN,10,10
ironing,ironing,0.927,1,GREEN,10,10
ironing,ironing,0.817,1,GREEN,10,10
ironing,ironing,0.813,1,GREEN,10,10
ironing,ironing,0.906,1,GREEN,10,10
ironing,ironing,0.908,1,GREEN,10,10
ironing,ironing,0.95,1,GREEN,10,10
ironing,ironing,0.959,1,GREEN,10,10
ironing,ironing,0.959,1,GREEN,10,10
ironing,ironing,0.957,1,GREEN,10,10
ironing,ironing,0.951,1,GREEN,10,10
ironing,ironing,0.944,1,GREEN,10,10
ironing,ironing,0.939,1,GREEN,10,10
ironing,ironing,0.946,1,GREEN,10,10
ironing,ironing,0.947,1,GREEN,10,10
ironing,ironing,0.956,1,GREEN,10,10
ironing,ironing,0.956,1,GREEN,10,10
ironing,ironing,0.947,1,GREEN,10,10
ironing,ironing,0.934,1,GREEN,10,10
ironing,ironing,0.946,1,GREEN,10,10
ironing,ironing,0.958,1,GREEN,10,10
ironing,ironing,0.955,1,GREEN,10,10
ironing,ironing,0.953,1,GREEN,10,10
ironing,ironing,0.955,1,GREEN,10,10
ironing,ironing,0.956,1,GREEN,10,10
ironing,ironing,0.951,1,GREEN,10,10
ironing,ironing,0.926,1,GREEN,10,10
ironing,ironing,0.883,1,GREEN,10,10
ironing,ironing,0.864,1,GREEN,10,10
ironing,ironing,0.901,1,GREEN,10,10
ironing,ironing,0.96,1,GREEN,10,10
ironing,ironing,0.952,1,GREEN,10,10
ironing,ironing,0.942,1,GREEN,10,10
ironing,ironing,0.947,1,GREEN,10,10
ironing,ironing,0.947,1,GREEN,10,10
ironing,ironing,0.959,1,GREEN,10,10
ironing,ironing,0.902,1,GREEN,10,10
ironing,ironing,0.908,1,GREEN,10,10
ironing,ironing,0.938,1,GREEN,10,10
ironing,ironing,0.969,1,GREEN,10,10
ironing,ironing,0.925,1,GREEN,10,10
ironing,ironing,0.964,1,GREEN,10,10
ironing,ironing,0.942,1,GREEN,10,10
ironing,ironing,0.961,1,GREEN,10,10
ironing,ironing,0.943,1,GREEN,10,10
ironing,ironing,0.918,1,GREEN,10,10
ironing,ironing,0.899,1,GREEN,10,10
ironing,ironing,0.788,1,GREEN,10,10
ironing,ironing,0.491,1,YELLOW,10,10
ironing,ironing,0.877,1,GREEN,10,10
ironing,ironing,0.967,1,GREEN,10,10
ironing,ironing,0.981,1,GREEN,10,10
ironing,ironing,0.976,1,GREEN,10,10
ironing,ironing,0.964,1,GREEN,10,10
ironing,ironing,0.967,1,GREEN,10,10
ironing,ironing,0.965,1,GREEN,10,10
ironing,ironing,0.952,1,GREEN,10,10
ironing,ironing,0.959,1,GREEN,10,10
ironing,ironing,0.962,1,GREEN,10,10
ironing,ironing,0.958,1,GREEN,10,10
ironing,ironing,0.968,1,GREEN,10,10
ironing,ironing,0.962,1,GREEN,10,10
ironing,ironing,0.947,1,GREEN,10,10
ironing,ironing,0.972,1,GREEN,10,10
ironing,ironing,0.972,1,GREEN,10,10
ironing,ironing,0.958,1,GREEN,10,10
ironing,ironing,0.957,1,GREEN,10,10
ironing,ironing,0.959,1,GREEN,10,10
ironing,ironing,0.96,1,GREEN,10,10
ironing,ironing,0.945,1,GREEN,10,10
ironing,ironing,0.921,1,GREEN,10,10
ironing,ironing,0.942,1,GREEN,10,10
ironing,ironing,0.929,1,GREEN,10,10
ironing,ironing,0.952,1,GREEN,10,10
ironing,ironing,0.966,1,GREEN,10,10
ironing,ironing,0.95,1,GREEN,10,10
ironing,ironing,0.944,1,GREEN,10,10
ironing,ironing,0.956,1,GREEN,10,10
ironing,ironing,0.957,1,GREEN,10,10
ironing,ironing,0.947,1,GREEN,10,10
ironing,ironing,0.943,1,GREEN,10,10
ironing,ironing,0.951,1,GREEN,10,10
ironing,ironing,0.94,1,GREEN,10,10
ironing,ironing,0.948,1,GREEN,10,10
ironing,ironing,0.952,1,GREEN,10,10
ironing,ironing,0.891,1,GREEN,10,10
ironing,ironing,0.953,1,GREEN,10,10
ironing,ironing,0.962,1,GREEN,10,10
ironing,ironing,0.967,1,GREEN,10,10
ironing,ironing,0.958,1,GREEN,10,10
ironing,ironing,0.964,1,GREEN,10,10
ironing,ironing,0.968,1,GREEN,10,10
ironing,ironing,0.968,1,GREEN,10,10
ironing,ironing,0.976,1,GREEN,10,10
ironing,ironing,0.972,1,GREEN,10,10
ironing,ironing,0.959,1,GREEN,10,10
ironing,ironing,0.952,1,GREEN,10,10
ironing,ironing,0.96,1,GREEN,10,10
ironing,ironing,0.96,1,GREEN,10,10
ironing,ironing,0.942,1,GREEN,10,10
ironing,ironing,0.963,1,GREEN,10,10
ironing,ironing,0.967,1,GREEN,10,10
ironing,ironing,0.963,1,GREEN,10,10
ironing,ironing,0.98,1,GREEN,10,10
ironing,ironing,0.982,1,GREEN,10,10
ironing,ironing,0.971,1,GREEN,10,10
ironing,ironing,0.971,1,GREEN,10,10
ironing,ironing,0.961,1,GREEN,10,10
ironing,ironing,0.969,1,GREEN,10,10
ironing,ironing,0.956,1,GREEN,10,10
ironing,ironing,0.977,1,GREEN,10,10
ironing,ironing,0.971,1,GREEN,10,10
ironing,ironing,0.961,1,GREEN,10,10
ironing,ironing,0.973,1,GREEN,10,10
ironing,ironing,0.96,1,GREEN,10,10
ironing,ironing,0.951,1,GREEN,10,10
ironing,ironing,0.913,1,GREEN,10,10
ironing,ironing,0.871,1,GREEN,10,10
ironing,ironing,0.892,1,GREEN,10,10
ironing,ironing,0.197,1,RED,10,10
ironing,ironing,0.753,1,GREEN,10,10
ironing,ironing,0.875,1,GREEN,10,10
ironing,ironing,0.972,1,GREEN,10,10
ironing,ironing,0.968,1,GREEN,10,10
ironing,ironing,0.962,1,GREEN,10,10
ironing,ironing,0.972,1,GREEN,10,10
ironing,ironing,0.985,1,GREEN,10,10
ironing,ironing,0.985,1,GREEN,10,10
ironing,ironing,0.95,1,GREEN,10,10
ironing,ironing,0.811,1,GREEN,10,10
ironing,ironing,0.617,1,YELLOW,10,10
ironing,ironing,0.535,1,YELLOW,10,10
ironing,ironing,0.522,1,YELLOW,10,10
ironing,ironing,0.865,1,GREEN,10,10
ironing,ironing,0.958,1,GREEN,10,10
ironing,ironing,0.87,1,GREEN,10,10
ironing,ironing,0.901,1,GREEN,10,10
ironing,ironing,0.915,1,GREEN,10,10
ironing,ironing,0.798,1,GREEN,10,10
ironing,ironing,0.749,1,YELLOW,10,10
ironing,ironing,0.877,1,GREEN,10,10
ironing,ironing,0.886,1,GREEN,10,10
ironing,ironing,0.961,1,GREEN,10,10
ironing,ironing,0.947,1,GREEN,10,10
ironing,ironing,0.963,1,GREEN,10,10
ironing,ironing,0.962,1,GREEN,10,10
ironing,ironing,0.971,1,GREEN,10,10
ironing,ironing,0.973,1,GREEN,10,10
ironing,ironing,0.975,1,GREEN,10,10
ironing,ironing,0.978,1,GREEN,10,10
ironing,ironing,0.972,1,GREEN,10,10
ironing,ironing,0.971,1,GREEN,10,10
ironing,ironing,0.968,1,GREEN,10,10
ironing,ironing,0.979,1,GREEN,10,10
ironing,ironing,0.974,1,GREEN,10,10
ironing,ironing,0.968,1,GREEN,10,10
ironing,ironing,0.94,1,GREEN,10,10
ironing,ironing,0.952,1,GREEN,10,10
ironing,ironing,0.94,1,GREEN,10,10
ironing,ironing,0.955,1,GREEN,10,10
ironing,ironing,0.964,1,GREEN,10,10
ironing,ironing,0.933,1,GREEN,10,10
ironing,ironing,0.916,1,GREEN,10,10
ironing,ironing,0.932,1,GREEN,10,10
ironing,ironing,0.892,1,GREEN,10,10
ironing,ironing,0.908,1,GREEN,10,10
ironing,ironing,0.9,1,GREEN,10,10
ironing,ironing,0.885,1,GREEN,10,10
ironing,ironing,0.891,1,GREEN,10,10
ironing,ironing,0.895,1,GREEN,10,10
ironing,ironing,0.905,1,GREEN,10,10
ironing,ironing,0.917,1,GREEN,10,10
ironing,ironing,0.831,1,GREEN,10,10
ironing,ironing,0.827,1,GREEN,10,10
ironing,ironing,0.905,1,GREEN,10,10
ironing,ironing,0.934,1,GREEN,10,10
ironing,ironing,0.965,1,GREEN,10,10
ironing,ironing,0.959,1,GREEN,10,10
ironing,ironing,0.946,1,GREEN,10,10
ironing,ironing,0.942,1,GREEN,10,10
ironing,ironing,0.912,1,GREEN,10,10
ironing,ironing,0.857,1,GREEN,10,10
ironing,ironing,0.865,1,GREEN,10,10
ironing,ironing,0.907,1,GREEN,10,10
ironing,ironing,0.922,1,GREEN,10,10
ironing,ironing,0.938,1,GREEN,10,10
ironing,ironing,0.954,1,GREEN,10,10
ironing,ironing,0.955,1,GREEN,10,10
ironing,ironing,0.898,1,GREEN,10,10
ironing,ironing,0.875,1,GREEN,10,10
ironing,ironing,0.875,1,GREEN,10,10
ironing,ironing,0.917,1,GREEN,10,10
ironing,ironing,0.949,1,GREEN,10,10
ironing,ironing,0.896,1,GREEN,10,10
ironing,ironing,0.896,1,GREEN,10,10
ironing,ironing,0.956,1,GREEN,10,10
ironing,ironing,0.917,1,GREEN,10,10
ironing,ironing,0.98,1,GREEN,10,10
ironing,ironing,0.982,1,GREEN,10,10
ironing,ironing,0.965,1,GREEN,10,10
ironing,ironing,0.942,1,GREEN,10,10
ironing,ironing,0.95,1,GREEN,10,10
ironing,ironing,0.961,1,GREEN,10,10
ironing,ironing,0.958,1,GREEN,10,10
ironing,ironing,0.962,1,GREEN,10,10
ironing,ironing,0.963,1,GREEN,10,10
ironing,ironing,0.961,1,GREEN,10,10
ironing,ironing,0.909,1,GREEN,10,10
ironing,ironing,0.938,1,GREEN,10,10
ironing,ironing,0.926,1,GREEN,10,10
ironing,ironing,0.949,1,GREEN,10,10
ironing,ironing,0.965,1,GREEN,10,10
ironing,ironing,0.956,1,GREEN,10,10
ironing,ironing,0.949,1,GREEN,10,10
ironing,ironing,0.958,1,GREEN,10,10
ironing,ironing,0.932,1,GREEN,10,10
ironing,ironing,0.939,1,GREEN,10,10
ironing,ironing,0.947,1,GREEN,10,10
ironing,ironing,0.945,1,GREEN,10,10
ironing,ironing,0.939,1,GREEN,10,10
ironing,ironing,0.947,1,GREEN,10,10
ironing,ironing,0.898,1,GREEN,10,10
ironing,ironing,0.857,1,GREEN,10,10
ironing,ironing,0.903,1,GREEN,10,10
ironing,ironing,0.954,1,GREEN,10,10
ironing,ironing,0.977,1,GREEN,10,10
ironing,ironing,0.967,1,GREEN,10,10
ironing,ironing,0.966,1,GREEN,10,10
ironing,ironing,0.967,1,GREEN,10,10
ironing,ironing,0.976,1,GREEN,10,10
ironing,ironing,0.971,1,GREEN,10,10
ironing,ironing,0.956,1,GREEN,10,10
ironing,ironing,0.954,1,GREEN,10,10
ironing,ironing,0.946,1,GREEN,10,10
ironing,ironing,0.952,1,GREEN,10,10
ironing,ironing,0.93,1,GREEN,10,10
ironing,ironing,0.945,1,GREEN,10,10
ironing,ironing,0.927,1,GREEN,10,10
ironing,ironing,0.75,1,GREEN,10,10
ironing,ironing,0.864,1,GREEN,10,10
ironing,ironing,0.951,1,GREEN,10,10
ironing,ironing,0.973,1,GREEN,10,10
ironing,ironing,0.976,1,GREEN,10,10
ironing,ironing,0.969,1,GREEN,10,10
ironing,ironing,0.962,1,GREEN,10,10
ironing,ironing,0.953,1,GREEN,10,10
ironing,ironing,0.947,1,GREEN,10,10
ironing,ironing,0.947,1,GREEN,10,10
ironing,ironing,0.957,1,GREEN,10,10
ironing,ironing,0.954,1,GREEN,10,10
ironing,ironing,0.959,1,GREEN,10,10
ironing,ironing,0.941,1,GREEN,10,10
ironing,ironing,0.962,1,GREEN,10,10
ironing,ironing,0.955,1,GREEN,10,10
ironing,ironing,0.951,1,GREEN,10,10
ironing,ironing,0.963,1,GREEN,10,10
ironing,ironing,0.97,1,GREEN,10,10
ironing,ironing,0.958,1,GREEN,10,10
ironing,ironing,0.967,1,GREEN,10,10
ironing,ironing,0.965,1,GREEN,10,10
ironing,ironing,0.97,1,GREEN,10,10
ironing,ironing,0.973,1,GREEN,10,10
ironing,ironing,0.964,1,GREEN,10,10
ironing,ironing,0.963,1,GREEN,10,10
ironing,ironing,0.961,1,GREEN,10,10
ironing,ironing,0.968,1,GREEN,10,10
ironing,ironing,0.973,1,GREEN,10,10
ironing,ironing,0.957,1,GREEN,10,10
ironing,ironing,0.947,1,GREEN,10,10
ironing,ironing,0.942,1,GREEN,10,10
ironing,ironing,0.946,1,GREEN,10,10
ironing,ironing,0.943,1,GREEN,10,10
ironing,ironing,0.946,1,GREEN,10,10
ironing,ironing,0.95,1,GREEN,10,10
ironing,ironing,0.945,1,GREEN,10,10
ironing,ironing,0.956,1,GREEN,10,10
ironing,ironing,0.227,1,RED,10,10
ironing,ironing,0.729,1,YELLOW,10,10
ironing,ironing,0.888,1,GREEN,10,10
ironing,ironing,0.841,1,GREEN,10,10
ironing,ironing,0.82,1,GREEN,10,10
ironing,ironing,0.826,1,GREEN,10,10
ironing,ironing,0.835,1,GREEN,10,10
ironing,ironing,0.815,1,GREEN,10,10
ironing,ironing,0.83,1,GREEN,10,10
ironing,ironing,0.816,1,GREEN,10,10
ironing,ironing,0.747,1,YELLOW,10,10
ironing,ironing,0.903,1,GREEN,10,10
ironing,ironing,0.912,1,GREEN,10,10
ironing,ironing,0.943,1,GREEN,10,10
ironing,ironing,0.923,1,GREEN,10,10
ironing,ironing,0.933,1,GREEN,10,10
ironing,ironing,0.916,1,GREEN,10,10
ironing,ironing,0.931,1,GREEN,10,10
ironing,ironing,0.922,1,GREEN,10,10
ironing,ironing,0.929,1,GREEN,10,10
ironing,ironing,0.939,1,GREEN,10,10
ironing,ironing,0.921,1,GREEN,10,10
ironing,ironing,0.949,1,GREEN,10,10
ironing,ironing,0.949,1,GREEN,10,10
ironing,ironing,0.967,1,GREEN,10,10
ironing,ironing,0.967,1,GREEN,10,10
ironing,ironing,0.962,1,GREEN,10,10
ironing,ironing,0.951,1,GREEN,10,10
ironing,ironing,0.948,1,GREEN,10,10
ironing,ironing,0.942,1,GREEN,10,10
ironing,ironing,0.92,1,GREEN,10,10
ironing,ironing,0.944,1,GREEN,10,10
ironing,ironing,0.964,1,GREEN,10,10
ironing,ironing,0.963,1,GREEN,10,10
ironing,ironing,0.969,1,GREEN,10,10
ironing,ironing,0.956,1,GREEN,10,10
ironing,ironing,0.913,1,GREEN,10,10
ironing,ironing,0.865,1,GREEN,10,10
ironing,ironing,0.855,1,GREEN,10,10
ironing,ironing,0.817,1,GREEN,10,10
ironing,ironing,0.834,1,GREEN,10,10
ironing,ironing,0.88,1,GREEN,10,10
ironing,ironing,0.871,1,GREEN,10,10
ironing,ironing,0.807,1,GREEN,10,10
ironing,ironing,0.829,1,GREEN,10,10
ironing,ironing,0.905,1,GREEN,10,10
ironing,ironing,0.887,1,GREEN,10,10
ironing,ironing,0.924,1,GREEN,10,10
ironing,ironing,0.938,1,GREEN,10,10
ironing,ironing,0.909,1,GREEN,10,10
ironing,ironing,0.743,1,YELLOW,10,10
ironing,ironing,0.856,1,GREEN,10,10
ironing,ironing,0.959,1,GREEN,10,10
ironing,ironing,0.925,1,GREEN,10,10
ironing,ironing,0.858,1,GREEN,10,10
ironing,ironing,0.627,1,YELLOW,10,10
ironing,ironing,0.72,1,YELLOW,10,10
ironing,ironing,0.982,1,GREEN,10,10
ironing,ironing,0.984,1,GREEN,10,10
ironing,ironing,0.974,1,GREEN,10,10
ironing,ironing,0.942,1,GREEN,10,10
ironing,ironing,0.915,1,GREEN,10,10
ironing,ironing,0.877,1,GREEN,10,10
ironing,ironing,0.924,1,GREEN,10,10
ironing,ironing,0.921,1,GREEN,10,10
ironing,ironing,0.946,1,GREEN,10,10
ironing,ironing,0.903,1,GREEN,10,10
ironing,ironing,0.9,1,GREEN,10,10
ironing,ironing,0.906,1,GREEN,10,10
ironing,ironing,0.946,1,GREEN,10,10
ironing,ironing,0.959,1,GREEN,10,10
ironing,ironing,0.957,1,GREEN,10,10
ironing,ironing,0.935,1,GREEN,10,10
ironing,ironing,0.925,1,GREEN,10,10
ironing,ironing,0.945,1,GREEN,10,10
ironing,ironing,0.965,1,GREEN,10,10
ironing,ironing,0.949,1,GREEN,10,10
ironing,ironing,0.954,1,GREEN,10,10
ironing,ironing,0.943,1,GREEN,10,10
ironing,ironing,0.947,1,GREEN,10,10
ironing,ironing,0.93,1,GREEN,10,10
ironing,ironing,0.949,1,GREEN,10,10
ironing,ironing,0.898,1,GREEN,10,10
ironing,ironing,0.889,1,GREEN,10,10
ironing,ironing,0.908,1,GREEN,10,10
ironing,ironing,0.927,1,GREEN,10,10
ironing,ironing,0.907,1,GREEN,10,10
ironing,ironing,0.904,1,GREEN,10,10
ironing,ironing,0.924,1,GREEN,10,10
ironing,ironing,0.912,1,GREEN,10,10
ironing,ironing,0.926,1,GREEN,10,10
ironing,ironing,0.928,1,GREEN,10,10
ironing,ironing,0.909,1,GREEN,10,10
ironing,ironing,0.914,1,GREEN,10,10
ironing,ironing,0.911,1,GREEN,10,10
ironing,ironing,0.926,1,GREEN,10,10
ironing,ironing,0.887,1,GREEN,10,10
ironing,ironing,0.795,1,GREEN,10,10
ironing,ironing,0.798,1,GREEN,10,10
ironing,ironing,0.822,1,GREEN,10,10
ironing,ironing,0.872,1,GREEN,10,10
ironing,ironing,0.866,1,GREEN,10,10
ironing,ironing,0.799,1,GREEN,10,10
ironing,ironing,0.81,1,GREEN,10,10
ironing,ironing,0.753,1,GREEN,10,10
ironing,ironing,0.878,1,GREEN,10,10
ironing,ironing,0.967,1,GREEN,10,10
ironing,ironing,0.972,1,GREEN,10,10
ironing,ironing,0.95,1,GREEN,10,10
ironing,ironing,0.859,1,GREEN,10,10
ironing,ironing,0.862,1,GREEN,10,10
ironing,ironing,0.746,1,YELLOW,10,10
ironing,ironing,0.745,1,YELLOW,10,10
ironing,ironing,0.793,1,GREEN,10,10
ironing,ironing,0.96,1,GREEN,10,10
ironing,ironing,0.95,1,GREEN,10,10
ironing,ironing,0.912,1,GREEN,10,10
ironing,ironing,0.893,1,GREEN,10,10
ironing,ironing,0.885,1,GREEN,10,10
ironing,ironing,0.913,1,GREEN,10,10
ironing,ironing,0.893,1,GREEN,10,10
ironing,ironing,0.886,1,GREEN,10,10
ironing,ironing,0.89,1,GREEN,10,10
ironing,ironing,0.871,1,GREEN,10,10
ironing,ironing,0.868,1,GREEN,10,10
ironing,ironing,0.867,1,GREEN,10,10
ironing,ironing,0.879,1,GREEN,10,10
ironing,ironing,0.894,1,GREEN,10,10
ironing,ironing,0.895,1,GREEN,10,10
ironing,ironing,0.903,1,GREEN,10,10
ironing,ironing,0.903,1,GREEN,10,10
ironing,ironing,0.908,1,GREEN,10,10
ironing,ironing,0.914,1,GREEN,10,10
ironing,ironing,0.918,1,GREEN,10,10
ironing,ironing,0.924,1,GREEN,10,10
ironing,ironing,0.926,1,GREEN,10,10
ironing,ironing,0.929,1,GREEN,10,10
ironing,ironing,0.932,1,GREEN,10,10
ironing,ironing,0.934,1,GREEN,10,10
ironing,ironing,0.937,1,GREEN,10,10
ironing,ironing,0.939,1,GREEN,10,10
ironing,ironing,0.941,1,GREEN,10,10
ironing,ironing,0.942,1,GREEN,10,10
ironing,ironing,0.944,1,GREEN,10,10
ironing,ironing,0.945,1,GREEN,10,10
ironing,ironing,0.945,1,GREEN,10,10
ironing,ironing,0.944,1,GREEN,10,10
ironing,ironing,0.946,1,GREEN,10,10
ironing,ironing,0.946,1,GREEN,10,10
ironing,ironing,0.944,1,GREEN,10,10
ironing,ironing,0.947,1,GREEN,10,10
ironing,ironing,0.948,1,GREEN,10,10
ironing,ironing,0.951,1,GREEN,10,10
ironing,ironing,0.954,1,GREEN,10,10
ironing,ironing,0.959,1,GREEN,10,10
ironing,ironing,0.963,1,GREEN,10,10
ironing,ironing,0.966,1,GREEN,10,10
ironing,ironing,0.968,1,GREEN,10,10
ironing,ironing,0.965,1,GREEN,10,10
ironing,ironing,0.967,1,GREEN,10,10
ironing,ironing,0.952,1,GREEN,10,10
ironing,ironing,0.929,1,GREEN,10,10
ironing,ironing,0.92,1,GREEN,10,10
ironing,ironing,0.929,1,GREEN,10,10
ironing,ironing,0.944,1,GREEN,10,10
ironing,ironing,0.942,1,GREEN,10,10
ironing,ironing,0.95,1,GREEN,10,10
ironing,ironing,0.96,1,GREEN,10,10
ironing,ironing,0.947,1,GREEN,10,10
ironing,ironing,0.736,1,YELLOW,10,10
ironing,ironing,0.871,1,GREEN,10,10
ironing,ironing,0.695,1,YELLOW,10,10
ironing,ironing,0.73,1,YELLOW,10,10
ironing,ironing,0.899,1,GREEN,10,10
ironing,ironing,0.724,1,YELLOW,10,10
ironing,ironing,0.734,1,YELLOW,10,10
ironing,ironing,0.723,1,YELLOW,10,10
ironing,ironing,0.666,1,YELLOW,10,10
ironing,ironing,0.632,1,YELLOW,10,10
ironing,ironing,0.677,1,YELLOW,10,10
ironing,ironing,0.574,1,YELLOW,10,10
ironing,ironing,0.744,1,YELLOW,10,10
vacuuming,ironing,0.065,0,RED,9,10
vacuuming,ironing,0.062,0,RED,9,10
vacuuming,ironing,0.058,0,RED,9,10
vacuuming,ironing,0.057,0,RED,9,10
vacuuming,vacuuming,0.057,1,RED,9,9
vacuuming,vacuuming,0.074,1,RED,9,9
vacuuming,vacuuming,0.161,1,RED,9,9
vacuuming,vacuuming,0.095,1,RED,9,9
vacuuming,vacuuming,0.139,1,RED,9,9
vacuuming,vacuuming,0.339,1,RED,9,9
vacuuming,vacuuming,0.894,1,GREEN,9,9
vacuuming,vacuuming,0.823,1,GREEN,9,9
vacuuming,vacuuming,0.913,1,GREEN,9,9
vacuuming,vacuuming,0.922,1,GREEN,9,9
vacuuming,vacuuming,0.946,1,GREEN,9,9
vacuuming,vacuuming,0.951,1,GREEN,9,9
vacuuming,vacuuming,0.9,1,GREEN,9,9
vacuuming,vacuuming,0.054,1,RED,9,9
vacuuming,vacuuming,0.011,1,RED,9,9
vacuuming,vacuuming,0.027,1,RED,9,9
vacuuming,vacuuming,0.635,1,YELLOW,9,9
vacuuming,vacuuming,0.34,1,RED,9,9
vacuuming,vacuuming,0.843,1,GREEN,9,9
vacuuming,vacuuming,0.904,1,GREEN,9,9
vacuuming,vacuuming,0.915,1,GREEN,9,9
vacuuming,vacuuming,0.966,1,GREEN,9,9
vacuuming,vacuuming,0.976,1,GREEN,9,9
vacuuming,vacuuming,0.975,1,GREEN,9,9
vacuuming,vacuuming,0.968,1,GREEN,9,9
vacuuming,vacuuming,0.936,1,GREEN,9,9
vacuuming,vacuuming,0.897,1,GREEN,9,9
vacuuming,vacuuming,0.658,1,YELLOW,9,9
vacuuming,vacuuming,0.503,1,YELLOW,9,9
vacuuming,vacuuming,0.184,1,RED,9,9
vacuuming,vacuuming,0.703,1,YELLOW,9,9
vacuuming,vacuuming,0.204,1,RED,9,9
vacuuming,vacuuming,0.152,1,RED,9,9
vacuuming,vacuuming,0.185,1,RED,9,9
vacuuming,vacuuming,0.094,1,RED,9,9
vacuuming,stairs_up,0.32,0,RED,9,7
vacuuming,stairs_up,0.28,0,RED,9,7
vacuuming,stairs_up,0.063,0,RED,9,7
vacuuming,stairs_up,0.176,0,RED,9,7
vacuuming,stairs_up,0.392,0,RED,9,7
vacuuming,stairs_up,0.888,0,GREEN,9,7
vacuuming,stairs_up,0.761,0,GREEN,9,7
vacuuming,stairs_up,0.339,0,RED,9,7
vacuuming,stairs_up,0.023,0,RED,9,7
vacuuming,stairs_up,0.049,0,RED,9,7
vacuuming,stairs_up,0.347,0,RED,9,7
vacuuming,stairs_up,0.144,0,RED,9,7
vacuuming,stairs_up,0.251,0,RED,9,7
vacuuming,vacuuming,0.642,1,YELLOW,9,9
vacuuming,vacuuming,0.308,1,RED,9,9
vacuuming,vacuuming,0.769,1,GREEN,9,9
vacuuming,vacuuming,0.866,1,GREEN,9,9
vacuuming,vacuuming,0.715,1,YELLOW,9,9
vacuuming,vacuuming,0.451,1,YELLOW,9,9
vacuuming,vacuuming,0.04,1,RED,9,9
vacuuming,vacuuming,0.027,1,RED,9,9
vacuuming,vacuuming,0.153,1,RED,9,9
vacuuming,vacuuming,0.204,1,RED,9,9
vacuuming,vacuuming,0.537,1,YELLOW,9,9
vacuuming,vacuuming,0.824,1,GREEN,9,9
vacuuming,vacuuming,0.796,1,GREEN,9,9
vacuuming,vacuuming,0.729,1,YELLOW,9,9
vacuuming,vacuuming,0.718,1,YELLOW,9,9
vacuuming,vacuuming,0.83,1,GREEN,9,9
vacuuming,vacuuming,0.845,1,GREEN,9,9
vacuuming,vacuuming,0.683,1,YELLOW,9,9
vacuuming,vacuuming,0.834,1,GREEN,9,9
vacuuming,vacuuming,0.847,1,GREEN,9,9
vacuuming,vacuuming,0.878,1,GREEN,9,9
vacuuming,vacuuming,0.73,1,YELLOW,9,9
vacuuming,vacuuming,0.878,1,GREEN,9,9
vacuuming,vacuuming,0.349,1,RED,9,9
vacuuming,vacuuming,0.535,1,YELLOW,9,9
vacuuming,vacuuming,0.974,1,GREEN,9,9
vacuuming,vacuuming,0.96,1,GREEN,9,9
vacuuming,vacuuming,0.936,1,GREEN,9,9
vacuuming,vacuuming,0.938,1,GREEN,9,9
vacuuming,vacuuming,0.537,1,YELLOW,9,9
vacuuming,vacuuming,0.192,1,RED,9,9
vacuuming,vacuuming,0.128,1,RED,9,9
vacuuming,vacuuming,0.156,1,RED,9,9
vacuuming,vacuuming,0.805,1,GREEN,9,9
vacuuming,vacuuming,0.878,1,GREEN,9,9
vacuuming,vacuuming,0.918,1,GREEN,9,9
vacuuming,vacuuming,0.936,1,GREEN,9,9
vacuuming,vacuuming,0.602,1,YELLOW,9,9
vacuuming,vacuuming,0.113,1,RED,9,9
vacuuming,vacuuming,0.665,1,YELLOW,9,9
vacuuming,vacuuming,0.726,1,YELLOW,9,9
vacuuming,vacuuming,0.428,1,RED,9,9
vacuuming,vacuuming,0.061,1,RED,9,9
vacuuming,vacuuming,0.02,1,RED,9,9
vacuuming,vacuuming,0.47,1,YELLOW,9,9
vacuuming,vacuuming,0.85,1,GREEN,9,9
vacuuming,vacuuming,0.916,1,GREEN,9,9
vacuuming,vacuuming,0.946,1,GREEN,9,9
vacuuming,vacuuming,0.861,1,GREEN,9,9
vacuuming,vacuuming,0.872,1,GREEN,9,9
vacuuming,vacuuming,0.814,1,GREEN,9,9
vacuuming,vacuuming,0.712,1,YELLOW,9,9
vacuuming,vacuuming,0.71,1,YELLOW,9,9
vacuuming,vacuuming,0.897,1,GREEN,9,9
vacuuming,vacuuming,0.377,1,RED,9,9
vacuuming,vacuuming,0.854,1,GREEN,9,9
vacuuming,vacuuming,0.374,1,RED,9,9
vacuuming,vacuuming,0.881,1,GREEN,9,9
vacuuming,vacuuming,0.973,1,GREEN,9,9
vacuuming,vacuuming,0.973,1,GREEN,9,9
vacuuming,vacuuming,0.945,1,GREEN,9,9
vacuuming,vacuuming,0.976,1,GREEN,9,9
vacuuming,vacuuming,0.967,1,GREEN,9,9
vacuuming,vacuuming,0.966,1,GREEN,9,9
vacuuming,vacuuming,0.925,1,GREEN,9,9
vacuuming,vacuuming,0.912,1,GREEN,9,9
vacuuming,vacuuming,0.596,1,YELLOW,9,9
vacuuming,vacuuming,0.876,1,GREEN,9,9
vacuuming,vacuuming,0.426,1,RED,9,9
vacuuming,vacuuming,0.122,1,RED,9,9
vacuuming,vacuuming,0.474,1,YELLOW,9,9
vacuuming,vacuuming,0.839,1,GREEN,9,9
vacuuming,vacuuming,0.671,1,YELLOW,9,9
vacuuming,vacuuming,0.519,1,YELLOW,9,9
vacuuming,vacuuming,0.652,1,YELLOW,9,9
vacuuming,vacuuming,0.551,1,YELLOW,9,9
vacuuming,vacuuming,0.592,1,YELLOW,9,9
vacuuming,vacuuming,0.609,1,YELLOW,9,9
vacuuming,vacuuming,0.111,1,RED,9,9
vacuuming,vacuuming,0.067,1,RED,9,9
vacuuming,vacuuming,0.104,1,RED,9,9
vacuuming,vacuuming,0.952,1,GREEN,9,9
vacuuming,vacuuming,0.925,1,GREEN,9,9
vacuuming,vacuuming,0.593,1,YELLOW,9,9
vacuuming,vacuuming,0.304,1,RED,9,9
vacuuming,vacuuming,0.669,1,YELLOW,9,9
vacuuming,vacuuming,0.381,1,RED,9,9
vacuuming,vacuuming,0.8,1,GREEN,9,9
vacuuming,vacuuming,0.205,1,RED,9,9
vacuuming,vacuuming,0.476,1,YELLOW,9,9
vacuuming,vacuuming,0.787,1,GREEN,9,9
vacuuming,vacuuming,0.851,1,GREEN,9,9
vacuuming,vacuuming,0.817,1,GREEN,9,9
vacuuming,vacuuming,0.936,1,GREEN,9,9
vacuuming,vacuuming,0.373,1,RED,9,9
vacuuming,vacuuming,0.272,1,RED,9,9
vacuuming,vacuuming,0.275,1,RED,9,9
vacuuming,vacuuming,0.197,1,RED,9,9
vacuuming,vacuuming,0.659,1,YELLOW,9,9
vacuuming,vacuuming,0.947,1,GREEN,9,9
vacuuming,vacuuming,0.965,1,GREEN,9,9
vacuuming,vacuuming,0.953,1,GREEN,9,9
vacuuming,vacuuming,0.964,1,GREEN,9,9
vacuuming,vacuuming,0.971,1,GREEN,9,9
vacuuming,vacuuming,0.947,1,GREEN,9,9
vacuuming,vacuuming,0.961,1,GREEN,9,9
vacuuming,vacuuming,0.956,1,GREEN,9,9
vacuuming,vacuuming,0.922,1,GREEN,9,9
vacuuming,vacuuming,0.777,1,GREEN,9,9
vacuuming,vacuuming,0.486,1,YELLOW,9,9
vacuuming,vacuuming,0.734,1,YELLOW,9,9
vacuuming,vacuuming,0.894,1,GREEN,9,9
vacuuming,vacuuming,0.735,1,YELLOW,9,9
vacuuming,vacuuming,0.093,1,RED,9,9
vacuuming,vacuuming,0.015,1,RED,9,9
vacuuming,vacuuming,0.025,1,RED,9,9
vacuuming,vacuuming,0.038,1,RED,9,9
vacuuming,vacuuming,0.183,1,RED,9,9
vacuuming,vacuuming,0.207,1,RED,9,9
vacuuming,vacuuming,0.164,1,RED,9,9
vacuuming,vacuuming,0.446,1,RED,9,9
vacuuming,vacuuming,0.456,1,YELLOW,9,9
vacuuming,vacuuming,0.089,1,RED,9,9
vacuuming,vacuuming,0.01,1,RED,9,9
vacuuming,vacuuming,0.116,1,RED,9,9
vacuuming,vacuuming,0.452,1,YELLOW,9,9
vacuuming,vacuuming,0.658,1,YELLOW,9,9
vacuuming,vacuuming,0.974,1,GREEN,9,9
vacuuming,vacuuming,0.895,1,GREEN,9,9
vacuuming,vacuuming,0.638,1,YELLOW,9,9
vacuuming,vacuuming,0.72,1,YELLOW,9,9
vacuuming,vacuuming,0.445,1,RED,9,9
vacuuming,vacuuming,0.006,1,RED,9,9
vacuuming,vacuuming,0.002,1,RED,9,9
vacuuming,vacuuming,0.003,1,RED,9,9
vacuuming,vacuuming,0.267,1,RED,9,9
vacuuming,vacuuming,0.356,1,RED,9,9
vacuuming,vacuuming,0.09,1,RED,9,9
vacuuming,vacuuming,0.911,1,GREEN,9,9
vacuuming,vacuuming,0.872,1,GREEN,9,9
vacuuming,vacuuming,0.966,1,GREEN,9,9
vacuuming,vacuuming,0.925,1,GREEN,9,9
vacuuming,vacuuming,0.946,1,GREEN,9,9
vacuuming,vacuuming,0.893,1,GREEN,9,9
vacuuming,vacuuming,0.192,1,RED,9,9
vacuuming,vacuuming,0.107,1,RED,9,9
vacuuming,vacuuming,0.1,1,RED,9,9
vacuuming,vacuuming,0.083,1,RED,9,9
vacuuming,vacuuming,0.068,1,RED,9,9
vacuuming,vacuuming,0.105,1,RED,9,9
vacuuming,vacuuming,0.077,1,RED,9,9
vacuuming,vacuuming,0.488,1,YELLOW,9,9
vacuuming,vacuuming,0.934,1,GREEN,9,9
vacuuming,vacuuming,0.066,1,RED,9,9
vacuuming,vacuuming,0.015,1,RED,9,9
vacuuming,vacuuming,0.041,1,RED,9,9
vacuuming,vacuuming,0.085,1,RED,9,9
vacuuming,vacuuming,0.778,1,GREEN,9,9
vacuuming,vacuuming,0.034,1,RED,9,9
vacuuming,vacuuming,0.149,1,RED,9,9
vacuuming,vacuuming,0.912,1,GREEN,9,9
vacuuming,vacuuming,0.002,1,RED,9,9
vacuuming,vacuuming,0.002,1,RED,9,9
vacuuming,vacuuming,0.395,1,RED,9,9
vacuuming,vacuuming,0.829,1,GREEN,9,9
vacuuming,vacuuming,0.177,1,RED,9,9
vacuuming,vacuuming,0.869,1,GREEN,9,9
vacuuming,vacuuming,0.954,1,GREEN,9,9
vacuuming,vacuuming,0.906,1,GREEN,9,9
vacuuming,vacuuming,0.679,1,YELLOW,9,9
vacuuming,vacuuming,0.778,1,GREEN,9,9
vacuuming,vacuuming,0.879,1,GREEN,9,9
vacuuming,vacuuming,0.829,1,GREEN,9,9
vacuuming,vacuuming,0.766,1,GREEN,9,9
vacuuming,vacuuming,0.062,1,RED,9,9
vacuuming,vacuuming,0.068,1,RED,9,9
vacuuming,vacuuming,0.754,1,GREEN,9,9
vacuuming,vacuuming,0.77,1,GREEN,9,9
vacuuming,vacuuming,0.779,1,GREEN,9,9
vacuuming,vacuuming,0.863,1,GREEN,9,9
vacuuming,vacuuming,0.921,1,GREEN,9,9
vacuuming,vacuuming,0.938,1,GREEN,9,9
vacuuming,vacuuming,0.564,1,YELLOW,9,9
vacuuming,vacuuming,0.385,1,RED,9,9
vacuuming,vacuuming,0.713,1,YELLOW,9,9
vacuuming,vacuuming,0.592,1,YELLOW,9,9
vacuuming,vacuuming,0.101,1,RED,9,9
vacuuming,vacuuming,0.249,1,RED,9,9
vacuuming,vacuuming,0.352,1,RED,9,9
vacuuming,vacuuming,0.175,1,RED,9,9
vacuuming,vacuuming,0.751,1,GREEN,9,9
vacuuming,vacuuming,0.844,1,GREEN,9,9
vacuuming,vacuuming,0.981,1,GREEN,9,9
vacuuming,vacuuming,0.981,1,GREEN,9,9
vacuuming,vacuuming,0.27,1,RED,9,9
vacuuming,vacuuming,0.012,1,RED,9,9
vacuuming,vacuuming,0.056,1,RED,9,9
vacuuming,vacuuming,0.161,1,RED,9,9
vacuuming,vacuuming,0.843,1,GREEN,9,9
vacuuming,vacuuming,0.864,1,GREEN,9,9
vacuuming,vacuuming,0.982,1,GREEN,9,9
vacuuming,vacuuming,0.965,1,GREEN,9,9
vacuuming,vacuuming,0.944,1,GREEN,9,9
vacuuming,vacuuming,0.885,1,GREEN,9,9
vacuuming,vacuuming,0.824,1,GREEN,9,9
vacuuming,vacuuming,0.84,1,GREEN,9,9
vacuuming,vacuuming,0.836,1,GREEN,9,9
vacuuming,vacuuming,0.904,1,GREEN,9,9
vacuuming,vacuuming,0.481,1,YELLOW,9,9
vacuuming,vacuuming,0.042,1,RED,9,9
vacuuming,vacuuming,0.54,1,YELLOW,9,9
vacuuming,vacuuming,0.836,1,GREEN,9,9
vacuuming,vacuuming,0.931,1,GREEN,9,9
vacuuming,vacuuming,0.982,1,GREEN,9,9
vacuuming,vacuuming,0.985,1,GREEN,9,9
vacuuming,vacuuming,0.978,1,GREEN,9,9
vacuuming,vacuuming,0.961,1,GREEN,9,9
vacuuming,vacuuming,0.966,1,GREEN,9,9
vacuuming,vacuuming,0.97,1,GREEN,9,9
vacuuming,vacuuming,0.946,1,GREEN,9,9
vacuuming,vacuuming,0.832,1,GREEN,9,9
vacuuming,vacuuming,0.597,1,YELLOW,9,9
vacuuming,vacuuming,0.971,1,GREEN,9,9
vacuuming,vacuuming,0.974,1,GREEN,9,9
vacuuming,vacuuming,0.967,1,GREEN,9,9
vacuuming,vacuuming,0.934,1,GREEN,9,9
vacuuming,vacuuming,0.953,1,GREEN,9,9
vacuuming,vacuuming,0.951,1,GREEN,9,9
vacuuming,vacuuming,0.896,1,GREEN,9,9
vacuuming,vacuuming,0.973,1,GREEN,9,9
vacuuming,vacuuming,0.908,1,GREEN,9,9
vacuuming,vacuuming,0.202,1,RED,9,9
vacuuming,vacuuming,0.109,1,RED,9,9
vacuuming,vacuuming,0.212,1,RED,9,9
vacuuming,vacuuming,0.899,1,GREEN,9,9
vacuuming,vacuuming,0.913,1,GREEN,9,9
vacuuming,vacuuming,0.036,1,RED,9,9
vacuuming,vacuuming,0.057,1,RED,9,9
vacuuming,vacuuming,0.036,1,RED,9,9
vacuuming,vacuuming,0.116,1,RED,9,9
vacuuming,vacuuming,0.612,1,YELLOW,9,9
vacuuming,vacuuming,0.328,1,RED,9,9
vacuuming,vacuuming,0.34,1,RED,9,9
vacuuming,vacuuming,0.392,1,RED,9,9
vacuuming,vacuuming,0.008,1,RED,9,9
vacuuming,vacuuming,0.008,1,RED,9,9
vacuuming,vacuuming,0.005,1,RED,9,9
vacuuming,vacuuming,0.003,1,RED,9,9
vacuuming,vacuuming,0.002,1,RED,9,9
vacuuming,vacuuming,0.003,1,RED,9,9
vacuuming,vacuuming,0.011,1,RED,9,9
vacuuming,vacuuming,0.204,1,RED,9,9
vacuuming,vacuuming,0.564,1,YELLOW,9,9
vacuuming,vacuuming,0.668,1,YELLOW,9,9
vacuuming,vacuuming,0.766,1,GREEN,9,9
vacuuming,vacuuming,0.615,1,YELLOW,9,9
vacuuming,vacuuming,0.052,1,RED,9,9
vacuuming,vacuuming,0.807,1,GREEN,9,9
vacuuming,vacuuming,0.886,1,GREEN,9,9
vacuuming,vacuuming,0.853,1,GREEN,9,9
vacuuming,vacuuming,0.619,1,YELLOW,9,9
vacuuming,vacuuming,0.802,1,GREEN,9,9
vacuuming,vacuuming,0.379,1,RED,9,9
vacuuming,vacuuming,0.172,1,RED,9,9
vacuuming,vacuuming,0.235,1,RED,9,9
vacuuming,vacuuming,0.071,1,RED,9,9
vacuuming,vacuuming,0.059,1,RED,9,9
vacuuming,vacuuming,0.024,1,RED,9,9
vacuuming,vacuuming,0.024,1,RED,9,9
vacuuming,vacuuming,0.021,1,RED,9,9
vacuuming,vacuuming,0.039,1,RED,9,9
vacuuming,vacuuming,0.161,1,RED,9,9
vacuuming,vacuuming,0.893,1,GREEN,9,9
vacuuming,vacuuming,0.926,1,GREEN,9,9
vacuuming,vacuuming,0.944,1,GREEN,9,9
vacuuming,vacuuming,0.954,1,GREEN,9,9
vacuuming,vacuuming,0.921,1,GREEN,9,9
vacuuming,vacuuming,0.845,1,GREEN,9,9
vacuuming,vacuuming,0.77,1,GREEN,9,9
vacuuming,vacuuming,0.406,1,RED,9,9
vacuuming,vacuuming,0.457,1,YELLOW,9,9
vacuuming,vacuuming,0.434,1,RED,9,9
vacuuming,vacuuming,0.582,1,YELLOW,9,9
vacuuming,vacuuming,0.755,1,GREEN,9,9
vacuuming,vacuuming,0.799,1,GREEN,9,9
vacuuming,vacuuming,0.851,1,GREEN,9,9
vacuuming,vacuuming,0.861,1,GREEN,9,9
vacuuming,vacuuming,0.939,1,GREEN,9,9
vacuuming,vacuuming,0.277,1,RED,9,9
vacuuming,vacuuming,0.143,1,RED,9,9
vacuuming,vacuuming,0.021,1,RED,9,9
vacuuming,vacuuming,0.017,1,RED,9,9
vacuuming,vacuuming,0.069,1,RED,9,9
vacuuming,vacuuming,0.242,1,RED,9,9
vacuuming,vacuuming,0.529,1,YELLOW,9,9
vacuuming,vacuuming,0.564,1,YELLOW,9,9
vacuuming,vacuuming,0.433,1,RED,9,9
vacuuming,vacuuming,0.747,1,YELLOW,9,9
vacuuming,vacuuming,0.663,1,YELLOW,9,9
vacuuming,vacuuming,0.447,1,RED,9,9
vacuuming,vacuuming,0.82,1,GREEN,9,9
vacuuming,vacuuming,0.265,1,RED,9,9
vacuuming,vacuuming,0.014,1,RED,9,9
vacuuming,vacuuming,0.008,1,RED,9,9
vacuuming,vacuuming,0.698,1,YELLOW,9,9
vacuuming,vacuuming,0.571,1,YELLOW,9,9
vacuuming,vacuuming,0.549,1,YELLOW,9,9
vacuuming,vacuuming,0.902,1,GREEN,9,9
vacuuming,vacuuming,0.922,1,GREEN,9,9
vacuuming,vacuuming,0.816,1,GREEN,9,9
vacuuming,vacuuming,0.687,1,YELLOW,9,9
vacuuming,vacuuming,0.57,1,YELLOW,9,9
vacuuming,vacuuming,0.639,1,YELLOW,9,9
vacuuming,vacuuming,0.711,1,YELLOW,9,9
vacuuming,vacuuming,0.734,1,YELLOW,9,9
vacuuming,vacuuming,0.776,1,GREEN,9,9
vacuuming,vacuuming,0.745,1,YELLOW,9,9
vacuuming,vacuuming,0.543,1,YELLOW,9,9
vacuuming,vacuuming,0.443,1,RED,9,9
vacuuming,vacuuming,0.826,1,GREEN,9,9
vacuuming,vacuuming,0.719,1,YELLOW,9,9
vacuuming,vacuuming,0.511,1,YELLOW,9,9
vacuuming,vacuuming,0.426,1,RED,9,9
vacuuming,vacuuming,0.321,1,RED,9,9
vacuuming,vacuuming,0.476,1,YELLOW,9,9
vacuuming,vacuuming,0.78,1,GREEN,9,9
vacuuming,vacuuming,0.609,1,YELLOW,9,9
vacuuming,vacuuming,0.247,1,RED,9,9
vacuuming,vacuuming,0.382,1,RED,9,9
vacuuming,vacuuming,0.531,1,YELLOW,9,9
vacuuming,vacuuming,0.578,1,YELLOW,9,9
vacuuming,vacuuming,0.825,1,GREEN,9,9
vacuuming,vacuuming,0.899,1,GREEN,9,9
vacuuming,vacuuming,0.907,1,GREEN,9,9
vacuuming,vacuuming,0.79,1,GREEN,9,9
vacuuming,vacuuming,0.809,1,GREEN,9,9
vacuuming,vacuuming,0.868,1,GREEN,9,9
vacuuming,vacuuming,0.93,1,GREEN,9,9
vacuuming,vacuuming,0.959,1,GREEN,9,9
vacuuming,vacuuming,0.976,1,GREEN,9,9
vacuuming,vacuuming,0.975,1,GREEN,9,9
vacuuming,vacuuming,0.878,1,GREEN,9,9
vacuuming,vacuuming,0.194,1,RED,9,9
vacuuming,vacuuming,0.298,1,RED,9,9
vacuuming,vacuuming,0.072,1,RED,9,9
vacuuming,vacuuming,0.012,1,RED,9,9
vacuuming,vacuuming,0.151,1,RED,9,9
vacuuming,vacuuming,0.019,1,RED,9,9
vacuuming,vacuuming,0.04,1,RED,9,9
vacuuming,vacuuming,0.022,1,RED,9,9
vacuuming,vacuuming,0.047,1,RED,9,9
vacuuming,vacuuming,0.118,1,RED,9,9
vacuuming,vacuuming,0.027,1,RED,9,9
vacuuming,stairs_up,0.003,0,RED,9,7
vacuuming,stairs_up,0.352,0,RED,9,7
vacuuming,stairs_up,0.799,0,GREEN,9,7
vacuuming,stairs_up,0.031,0,RED,9,7
vacuuming,stairs_up,0.38,0,RED,9,7
vacuuming,stairs_up,0.436,0,RED,9,7
vacuuming,stairs_up,0.096,0,RED,9,7
vacuuming,stairs_up,0.243,0,RED,9,7
vacuuming,stairs_up,0.188,0,RED,9,7
vacuuming,stairs_up,0.167,0,RED,9,7
vacuuming,stairs_up,0.121,0,RED,9,7
vacuuming,stairs_up,0.044,0,RED,9,7
vacuuming,stairs_up,0.018,0,RED,9,7
vacuuming,stairs_up,0.018,0,RED,9,7
stairs_up,stairs_up,0.329,1,RED,7,7
stairs_up,stairs_up,0.384,1,RED,7,7
stairs_up,stairs_up,0.376,1,RED,7,7
stairs_up,stairs_up,0.368,1,RED,7,7
stairs_up,stairs_up,0.368,1,RED,7,7
stairs_up,stairs_up,0.375,1,RED,7,7
stairs_up,stairs_up,0.368,1,RED,7,7
stairs_up,stairs_up,0.778,1,GREEN,7,7
stairs_up,stairs_up,0.795,1,GREEN,7,7
stairs_up,stairs_up,0.948,1,GREEN,7,7
stairs_up,stairs_up,0.951,1,GREEN,7,7
stairs_up,stairs_up,0.665,1,YELLOW,7,7
stairs_up,stairs_up,0.964,1,GREEN,7,7
stairs_up,stairs_up,0.968,1,GREEN,7,7
stairs_up,stairs_up,0.965,1,GREEN,7,7
stairs_up,stairs_up,0.975,1,GREEN,7,7
stairs_up,stairs_up,0.959,1,GREEN,7,7
stairs_up,stairs_up,0.96,1,GREEN,7,7
stairs_up,stairs_up,0.967,1,GREEN,7,7
stairs_up,stairs_up,0.96,1,GREEN,7,7
stairs_up,stairs_up,0.971,1,GREEN,7,7
stairs_up,stairs_up,0.957,1,GREEN,7,7
stairs_up,stairs_up,0.941,1,GREEN,7,7
stairs_up,stairs_up,0.946,1,GREEN,7,7
stairs_up,stairs_up,0.836,1,GREEN,7,7
stairs_up,stairs_up,0.406,1,RED,7,7
stairs_up,stairs_up,0.601,1,YELLOW,7,7
stairs_up,stairs_up,0.816,1,GREEN,7,7
stairs_up,stairs_up,0.956,1,GREEN,7,7
stairs_up,stairs_up,0.918,1,GREEN,7,7
stairs_up,stairs_up,0.956,1,GREEN,7,7
stairs_up,stairs_up,0.946,1,GREEN,7,7
stairs_up,stairs_up,0.97,1,GREEN,7,7
stairs_up,stairs_up,0.977,1,GREEN,7,7
stairs_up,stairs_up,0.967,1,GREEN,7,7
stairs_up,stairs_up,0.939,1,GREEN,7,7
stairs_up,stairs_up,0.955,1,GREEN,7,7
stairs_up,stairs_up,0.966,1,GREEN,7,7
stairs_up,stairs_up,0.978,1,GREEN,7,7
stairs_up,stairs_up,0.95,1,GREEN,7,7
stairs_up,stairs_up,0.883,1,GREEN,7,7
stairs_up,stairs_up,0.838,1,GREEN,7,7
stairs_up,stairs_up,0.889,1,GREEN,7,7
stairs_up,stairs_up,0.935,1,GREEN,7,7
stairs_up,stairs_up,0.901,1,GREEN,7,7
stairs_up,stairs_up,0.9,1,GREEN,7,7
stairs_up,stairs_up,0.914,1,GREEN,7,7
stairs_up,stairs_up,0.896,1,GREEN,7,7
stairs_up,stairs_up,0.933,1,GREEN,7,7
stairs_up,stairs_up,0.967,1,GREEN,7,7
stairs_up,stairs_up,0.741,1,YELLOW,7,7
stairs_up,stairs_up,0.921,1,GREEN,7,7
stairs_up,stairs_up,0.966,1,GREEN,7,7
stairs_up,stairs_up,0.978,1,GREEN,7,7
stairs_up,stairs_up,0.97,1,GREEN,7,7
stairs_up,stairs_up,0.911,1,GREEN,7,7
stairs_up,stairs_up,0.943,1,GREEN,7,7
stairs_up,stairs_up,0.886,1,GREEN,7,7
stairs_up,stairs_up,0.968,1,GREEN,7,7
stairs_up,stairs_up,0.961,1,GREEN,7,7
stairs_up,stairs_up,0.956,1,GREEN,7,7
stairs_up,stairs_up,0.872,1,GREEN,7,7
stairs_up,stairs_up,0.923,1,GREEN,7,7
stairs_up,stairs_up,0.533,1,YELLOW,7,7
stairs_up,stairs_up,0.917,1,GREEN,7,7
stairs_up,stairs_up,0.962,1,GREEN,7,7
stairs_up,stairs_up,0.967,1,GREEN,7,7
stairs_up,stairs_up,0.952,1,GREEN,7,7
stairs_up,stairs_up,0.953,1,GREEN,7,7
stairs_up,stairs_up,0.936,1,GREEN,7,7
stairs_up,stairs_up,0.955,1,GREEN,7,7
stairs_up,stairs_up,0.777,1,GREEN,7,7
stairs_up,stairs_up,0.214,1,RED,7,7
stairs_up,stairs_up,0.759,1,GREEN,7,7
stairs_up,stairs_up,0.939,1,GREEN,7,7
stairs_up,stairs_up,0.61,1,YELLOW,7,7
stairs_up,stairs_up,0.732,1,YELLOW,7,7
stairs_up,stairs_up,0.965,1,GREEN,7,7
stairs_up,stairs_up,0.964,1,GREEN,7,7
stairs_up,stairs_up,0.964,1,GREEN,7,7
stairs_up,stairs_up,0.953,1,GREEN,7,7
stairs_up,stairs_up,0.947,1,GREEN,7,7
stairs_up,stairs_up,0.888,1,GREEN,7,7
stairs_up,stairs_up,0.913,1,GREEN,7,7
stairs_up,stairs_up,0.949,1,GREEN,7,7
stairs_up,stairs_up,0.953,1,GREEN,7,7
stairs_up,stairs_up,0.814,1,GREEN,7,7
stairs_up,stairs_up,0.881,1,GREEN,7,7
stairs_up,stairs_up,0.959,1,GREEN,7,7
stairs_up,stairs_up,0.963,1,GREEN,7,7
stairs_up,stairs_up,0.958,1,GREEN,7,7
stairs_up,stairs_up,0.941,1,GREEN,7,7
stairs_up,stairs_up,0.96,1,GREEN,7,7
stairs_up,stairs_up,0.975,1,GREEN,7,7
stairs_up,stairs_up,0.974,1,GREEN,7,7
stairs_up,stairs_up,0.974,1,GREEN,7,7
stairs_up,stairs_up,0.974,1,GREEN,7,7
stairs_up,stairs_up,0.948,1,GREEN,7,7
stairs_up,stairs_up,0.914,1,GREEN,7,7
stairs_up,stairs_up,0.964,1,GREEN,7,7
stairs_up,stairs_up,0.946,1,GREEN,7,7
stairs_up,stairs_up,0.968,1,GREEN,7,7
stairs_up,stairs_up,0.974,1,GREEN,7,7
stairs_up,stairs_up,0.23,1,RED,7,7
stairs_up,stairs_up,0.89,1,GREEN,7,7
stairs_up,stairs_up,0.792,1,GREEN,7,7
stairs_up,stairs_up,0.225,1,RED,7,7
stairs_up,stairs_up,0.924,1,GREEN,7,7
stairs_up,stairs_up,0.933,1,GREEN,7,7
stairs_up,stairs_up,0.758,1,GREEN,7,7
stairs_up,stairs_up,0.693,1,YELLOW,7,7
stairs_up,stairs_up,0.186,1,RED,7,7
stairs_up,stairs_up,0.207,1,RED,7,7
stairs_up,stairs_up,0.217,1,RED,7,7
stairs_up,stairs_up,0.247,1,RED,7,7
stairs_up,walking,0.209,0,RED,7,3
stairs_up,walking,0.251,0,RED,7,3
stairs_up,walking,0.278,0,RED,7,3
stairs_up,sitting,0.257,0,RED,7,1
stairs_up,sitting,0.249,0,RED,7,1
stairs_up,sitting,0.264,0,RED,7,1
stairs_up,sitting,0.271,0,RED,7,1
stairs_up,sitting,0.265,0,RED,7,1
stairs_up,sitting,0.2,0,RED,7,1
stairs_down,sitting,0.002,0,RED,8,1
stairs_down,sitting,0.002,0,RED,8,1
stairs_down,sitting,0.002,0,RED,8,1
stairs_down,sitting,0.002,0,RED,8,1
stairs_down,sitting,0.002,0,RED,8,1
stairs_down,sitting,0.002,0,RED,8,1
stairs_down,sitting,0.004,0,RED,8,1
stairs_down,sitting,0.014,0,RED,8,1
stairs_down,stairs_down,0.007,1,RED,8,8
stairs_down,stairs_down,0.01,1,RED,8,8
stairs_down,stairs_down,0.066,1,RED,8,8
stairs_down,stairs_down,0.575,1,YELLOW,8,8
stairs_down,stairs_down,0.965,1,GREEN,8,8
stairs_down,stairs_down,0.868,1,GREEN,8,8
stairs_down,stairs_down,0.862,1,GREEN,8,8
stairs_down,stairs_down,0.442,1,RED,8,8
stairs_down,stairs_down,0.805,1,GREEN,8,8
stairs_down,stairs_down,0.959,1,GREEN,8,8
stairs_down,stairs_down,0.962,1,GREEN,8,8
stairs_down,stairs_down,0.949,1,GREEN,8,8
stairs_down,stairs_down,0.97,1,GREEN,8,8
stairs_down,stairs_down,0.96,1,GREEN,8,8
stairs_down,stairs_down,0.893,1,GREEN,8,8
stairs_down,stairs_down,0.815,1,GREEN,8,8
stairs_down,stairs_down,0.851,1,GREEN,8,8
stairs_down,stairs_down,0.95,1,GREEN,8,8
stairs_down,stairs_down,0.952,1,GREEN,8,8
stairs_down,stairs_down,0.898,1,GREEN,8,8
stairs_down,stairs_down,0.951,1,GREEN,8,8
stairs_down,stairs_down,0.925,1,GREEN,8,8
stairs_down,stairs_down,0.962,1,GREEN,8,8
stairs_down,stairs_down,0.958,1,GREEN,8,8
stairs_down,stairs_down,0.975,1,GREEN,8,8
stairs_down,stairs_down,0.923,1,GREEN,8,8
stairs_down,stairs_down,0.967,1,GREEN,8,8
stairs_down,stairs_down,0.963,1,GREEN,8,8
stairs_down,stairs_down,0.965,1,GREEN,8,8
stairs_down,stairs_down,0.965,1,GREEN,8,8
stairs_down,stairs_down,0.942,1,GREEN,8,8
stairs_down,stairs_down,0.979,1,GREEN,8,8
stairs_down,stairs_down,0.91,1,GREEN,8,8
stairs_down,stairs_down,0.669,1,YELLOW,8,8
stairs_down,stairs_down,0.967,1,GREEN,8,8
stairs_down,stairs_down,0.936,1,GREEN,8,8
stairs_down,stairs_down,0.958,1,GREEN,8,8
stairs_down,stairs_down,0.736,1,YELLOW,8,8
stairs_down,stairs_down,0.946,1,GREEN,8,8
stairs_down,stairs_down,0.977,1,GREEN,8,8
stairs_down,stairs_down,0.972,1,GREEN,8,8
stairs_down,stairs_down,0.965,1,GREEN,8,8
stairs_down,stairs_down,0.916,1,GREEN,8,8
stairs_down,stairs_down,0.965,1,GREEN,8,8
stairs_down,stairs_down,0.961,1,GREEN,8,8
stairs_down,stairs_down,0.928,1,GREEN,8,8
stairs_down,stairs_down,0.847,1,GREEN,8,8
stairs_down,stairs_down,0.927,1,GREEN,8,8
stairs_down,stairs_down,0.921,1,GREEN,8,8
stairs_down,stairs_down,0.955,1,GREEN,8,8
stairs_down,stairs_down,0.954,1,GREEN,8,8
stairs_down,stairs_down,0.827,1,GREEN,8,8
stairs_down,stairs_down,0.733,1,YELLOW,8,8
stairs_down,stairs_down,0.707,1,YELLOW,8,8
stairs_down,stairs_down,0.976,1,GREEN,8,8
stairs_down,stairs_down,0.94,1,GREEN,8,8
stairs_down,stairs_down,0.961,1,GREEN,8,8
stairs_down,stairs_down,0.875,1,GREEN,8,8
stairs_down,stairs_down,0.645,1,YELLOW,8,8
stairs_down,stairs_down,0.469,1,YELLOW,8,8
stairs_down,stairs_down,0.943,1,GREEN,8,8
stairs_down,stairs_down,0.885,1,GREEN,8,8
stairs_down,stairs_down,0.327,1,RED,8,8
stairs_down,stairs_down,0.916,1,GREEN,8,8
stairs_down,stairs_down,0.871,1,GREEN,8,8
stairs_down,stairs_down,0.811,1,GREEN,8,8
stairs_down,stairs_down,0.889,1,GREEN,8,8
stairs_down,stairs_down,0.925,1,GREEN,8,8
stairs_down,stairs_down,0.925,1,GREEN,8,8
stairs_down,stairs_down,0.972,1,GREEN,8,8
stairs_down,stairs_down,0.957,1,GREEN,8,8
stairs_down,stairs_down,0.828,1,GREEN,8,8
stairs_down,stairs_down,0.813,1,GREEN,8,8
stairs_down,stairs_down,0.679,1,YELLOW,8,8
stairs_down,stairs_down,0.888,1,GREEN,8,8
stairs_down,stairs_down,0.367,1,RED,8,8
stairs_down,stairs_down,0.604,1,YELLOW,8,8
stairs_down,stairs_down,0.947,1,GREEN,8,8
stairs_down,stairs_down,0.921,1,GREEN,8,8
stairs_down,stairs_down,0.888,1,GREEN,8,8
stairs_down,stairs_down,0.954,1,GREEN,8,8
stairs_down,stairs_down,0.876,1,GREEN,8,8
stairs_down,stairs_down,0.944,1,GREEN,8,8
stairs_down,stairs_down,0.915,1,GREEN,8,8
stairs_down,stairs_down,0.825,1,GREEN,8,8
stairs_down,stairs_down,0.474,1,YELLOW,8,8
stairs_down,stairs_down,0.785,1,GREEN,8,8
stairs_down,stairs_down,0.894,1,GREEN,8,8
stairs_down,stairs_down,0.493,1,YELLOW,8,8
stairs_down,stairs_down,0.885,1,GREEN,8,8
stairs_down,stairs_down,0.716,1,YELLOW,8,8
stairs_down,stairs_down,0.702,1,YELLOW,8,8
stairs_down,stairs_down,0.944,1,GREEN,8,8
stairs_down,stairs_down,0.936,1,GREEN,8,8
stairs_down,stairs_down,0.968,1,GREEN,8,8
stairs_down,stairs_down,0.919,1,GREEN,8,8
stairs_down,stairs_down,0.89,1,GREEN,8,8
stairs_down,stairs_down,0.636,1,YELLOW,8,8
stairs_down,stairs_down,0.74,1,YELLOW,8,8
stairs_down,stairs_down,0.949,1,GREEN,8,8
stairs_down,stairs_down,0.945,1,GREEN,8,8
stairs_down,stairs_down,0.973,1,GREEN,8,8
stairs_down,stairs_down,0.904,1,GREEN,8,8
stairs_down,stairs_down,0.96,1,GREEN,8,8
stairs_down,stairs_down,0.897,1,GREEN,8,8
stairs_down,stairs_down,0.133,1,RED,8,8
stairs_down,stairs_down,0.017,1,RED,8,8
stairs_down,stairs_down,0.006,1,RED,8,8
stairs_down,stairs_down,0.006,1,RED,8,8
stairs_down,stairs_down,0.012,1,RED,8,8
stairs_down,stairs_down,0.159,1,RED,8,8
stairs_down,stairs_down,0.322,1,RED,8,8
stairs_down,stairs_up,0.266,0,RED,8,7
stairs_down,stairs_up,0.168,0,RED,8,7
stairs_up,stairs_up,0.313,1,RED,7,7
stairs_up,stairs_up,0.323,1,RED,7,7
stairs_up,stairs_up,0.326,1,RED,7,7
stairs_up,stairs_up,0.387,1,RED,7,7
stairs_up,stairs_up,0.43,1,RED,7,7
stairs_up,stairs_up,0.396,1,RED,7,7
stairs_up,stairs_up,0.376,1,RED,7,7
stairs_up,stairs_up,0.338,1,RED,7,7
stairs_up,stairs_up,0.437,1,RED,7,7
stairs_up,stairs_up,0.655,1,YELLOW,7,7
stairs_up,stairs_up,0.93,1,GREEN,7,7
stairs_up,stairs_up,0.974,1,GREEN,7,7
stairs_up,stairs_up,0.965,1,GREEN,7,7
stairs_up,stairs_up,0.961,1,GREEN,7,7
stairs_up,stairs_up,0.969,1,GREEN,7,7
stairs_up,stairs_up,0.968,1,GREEN,7,7
stairs_up,stairs_up,0.971,1,GREEN,7,7
stairs_up,stairs_up,0.947,1,GREEN,7,7
stairs_up,stairs_up,0.935,1,GREEN,7,7
stairs_up,stairs_up,0.943,1,GREEN,7,7
stairs_up,stairs_up,0.944,1,GREEN,7,7
stairs_up,stairs_up,0.891,1,GREEN,7,7
stairs_up,stairs_up,0.815,1,GREEN,7,7
stairs_up,stairs_up,0.873,1,GREEN,7,7
stairs_up,stairs_up,0.931,1,GREEN,7,7
stairs_up,stairs_up,0.873,1,GREEN,7,7
stairs_up,stairs_up,0.934,1,GREEN,7,7
stairs_up,stairs_up,0.549,1,YELLOW,7,7
stairs_up,stairs_up,0.749,1,YELLOW,7,7
stairs_up,stairs_up,0.7,1,YELLOW,7,7
stairs_up,stairs_up,0.031,1,RED,7,7
stairs_up,stairs_up,0.103,1,RED,7,7
stairs_up,stairs_up,0.66,1,YELLOW,7,7
stairs_up,stairs_up,0.796,1,GREEN,7,7
stairs_up,stairs_up,0.911,1,GREEN,7,7
stairs_up,stairs_up,0.949,1,GREEN,7,7
stairs_up,stairs_up,0.963,1,GREEN,7,7
stairs_up,stairs_up,0.953,1,GREEN,7,7
stairs_up,stairs_up,0.946,1,GREEN,7,7
stairs_up,stairs_up,0.846,1,GREEN,7,7
stairs_up,stairs_up,0.875,1,GREEN,7,7
stairs_up,stairs_up,0.809,1,GREEN,7,7
stairs_up,stairs_up,0.443,1,RED,7,7
stairs_up,stairs_up,0.935,1,GREEN,7,7
stairs_up,stairs_up,0.961,1,GREEN,7,7
stairs_up,stairs_up,0.823,1,GREEN,7,7
stairs_up,stairs_up,0.604,1,YELLOW,7,7
stairs_up,stairs_up,0.289,1,RED,7,7
stairs_up,stairs_up,0.453,1,YELLOW,7,7
stairs_up,stairs_up,0.884,1,GREEN,7,7
stairs_up,stairs_up,0.923,1,GREEN,7,7
stairs_up,stairs_up,0.781,1,GREEN,7,7
stairs_up,stairs_up,0.675,1,YELLOW,7,7
stairs_up,stairs_up,0.876,1,GREEN,7,7
stairs_up,stairs_up,0.916,1,GREEN,7,7
stairs_up,stairs_up,0.88,1,GREEN,7,7
stairs_up,stairs_up,0.638,1,YELLOW,7,7
stairs_up,stairs_up,0.67,1,YELLOW,7,7
stairs_up,stairs_up,0.514,1,YELLOW,7,7
stairs_up,stairs_up,0.504,1,YELLOW,7,7
stairs_up,stairs_up,0.707,1,YELLOW,7,7
stairs_up,stairs_up,0.95,1,GREEN,7,7
stairs_up,stairs_up,0.946,1,GREEN,7,7
stairs_up,stairs_up,0.945,1,GREEN,7,7
stairs_up,stairs_up,0.957,1,GREEN,7,7
stairs_up,stairs_up,0.97,1,GREEN,7,7
stairs_up,stairs_up,0.913,1,GREEN,7,7
stairs_up,stairs_up,0.816,1,GREEN,7,7
stairs_up,stairs_up,0.332,1,RED,7,7
stairs_up,stairs_up,0.801,1,GREEN,7,7
stairs_up,stairs_up,0.881,1,GREEN,7,7
stairs_up,stairs_up,0.771,1,GREEN,7,7
stairs_up,stairs_up,0.871,1,GREEN,7,7
stairs_up,stairs_up,0.743,1,YELLOW,7,7
stairs_up,stairs_up,0.324,1,RED,7,7
stairs_up,stairs_up,0.873,1,GREEN,7,7
stairs_up,stairs_up,0.665,1,YELLOW,7,7
stairs_up,stairs_up,0.894,1,GREEN,7,7
stairs_up,stairs_up,0.697,1,YELLOW,7,7
stairs_up,stairs_up,0.325,1,RED,7,7
stairs_up,stairs_up,0.782,1,GREEN,7,7
stairs_up,stairs_up,0.939,1,GREEN,7,7
stairs_up,stairs_up,0.958,1,GREEN,7,7
stairs_up,stairs_up,0.833,1,GREEN,7,7
stairs_up,stairs_up,0.949,1,GREEN,7,7
stairs_up,stairs_up,0.925,1,GREEN,7,7
stairs_up,stairs_up,0.943,1,GREEN,7,7
stairs_up,stairs_up,0.953,1,GREEN,7,7
stairs_up,stairs_up,0.967,1,GREEN,7,7
stairs_up,stairs_up,0.969,1,GREEN,7,7
stairs_up,stairs_up,0.937,1,GREEN,7,7
stairs_up,stairs_up,0.945,1,GREEN,7,7
stairs_up,stairs_up,0.563,1,YELLOW,7,7
stairs_up,stairs_up,0.476,1,YELLOW,7,7
stairs_up,stairs_up,0.915,1,GREEN,7,7
stairs_up,stairs_up,0.93,1,GREEN,7,7
stairs_up,stairs_up,0.923,1,GREEN,7,7
stairs_up,stairs_up,0.958,1,GREEN,7,7
stairs_up,stairs_up,0.884,1,GREEN,7,7
stairs_up,stairs_up,0.949,1,GREEN,7,7
stairs_up,stairs_up,0.949,1,GREEN,7,7
stairs_up,stairs_up,0.945,1,GREEN,7,7
stairs_up,stairs_up,0.909,1,GREEN,7,7
stairs_up,stairs_up,0.933,1,GREEN,7,7
stairs_up,stairs_up,0.965,1,GREEN,7,7
stairs_up,stairs_up,0.85,1,GREEN,7,7
stairs_up,stairs_up,0.896,1,GREEN,7,7
stairs_up,stairs_up,0.96,1,GREEN,7,7
stairs_up,stairs_up,0.888,1,GREEN,7,7
stairs_up,stairs_up,0.946,1,GREEN,7,7
stairs_up,stairs_up,0.966,1,GREEN,7,7
stairs_up,stairs_up,0.958,1,GREEN,7,7
stairs_up,stairs_up,0.968,1,GREEN,7,7
stairs_up,stairs_up,0.957,1,GREEN,7,7
stairs_up,stairs_up,0.929,1,GREEN,7,7
stairs_up,stairs_up,0.763,1,GREEN,7,7
stairs_up,stairs_up,0.731,1,YELLOW,7,7
stairs_up,stairs_up,0.949,1,GREEN,7,7
stairs_up,stairs_up,0.97,1,GREEN,7,7
stairs_up,stairs_up,0.955,1,GREEN,7,7
stairs_up,stairs_up,0.917,1,GREEN,7,7
stairs_up,stairs_up,0.921,1,GREEN,7,7
stairs_up,stairs_up,0.958,1,GREEN,7,7
stairs_up,stairs_up,0.962,1,GREEN,7,7
stairs_up,stairs_up,0.9,1,GREEN,7,7
stairs_up,stairs_up,0.935,1,GREEN,7,7
stairs_up,stairs_up,0.948,1,GREEN,7,7
stairs_up,stairs_up,0.961,1,GREEN,7,7
stairs_up,stairs_up,0.909,1,GREEN,7,7
stairs_up,stairs_up,0.94,1,GREEN,7,7
stairs_up,stairs_up,0.807,1,GREEN,7,7
stairs_up,stairs_up,0.911,1,GREEN,7,7
stairs_up,stairs_up,0.944,1,GREEN,7,7
stairs_up,stairs_up,0.126,1,RED,7,7
stairs_up,stairs_up,0.12,1,RED,7,7
stairs_up,stairs_up,0.124,1,RED,7,7
stairs_up,stairs_up,0.069,1,RED,7,7
stairs_up,stairs_up,0.026,1,RED,7,7
stairs_up,stairs_up,0.034,1,RED,7,7
stairs_up,stairs_up,0.037,1,RED,7,7
stairs_down,stairs_up,0.042,0,RED,8,7
stairs_down,sitting,0.018,0,RED,8,1
stairs_down,sitting,0.011,0,RED,8,1
stairs_down,stairs_down,0.008,1,RED,8,8
stairs_down,stairs_down,0.029,1,RED,8,8
stairs_down,stairs_down,0.031,1,RED,8,8
stairs_down,stairs_down,0.043,1,RED,8,8
stairs_down,stairs_down,0.056,1,RED,8,8
stairs_down,stairs_down,0.092,1,RED,8,8
stairs_down,stairs_down,0.082,1,RED,8,8
stairs_down,stairs_down,0.024,1,RED,8,8
stairs_down,stairs_down,0.86,1,GREEN,8,8
stairs_down,stairs_down,0.957,1,GREEN,8,8
stairs_down,stairs_down,0.939,1,GREEN,8,8
stairs_down,stairs_down,0.963,1,GREEN,8,8
stairs_down,stairs_down,0.963,1,GREEN,8,8
stairs_down,stairs_down,0.947,1,GREEN,8,8
stairs_down,stairs_down,0.901,1,GREEN,8,8
stairs_down,stairs_down,0.965,1,GREEN,8,8
stairs_down,stairs_down,0.97,1,GREEN,8,8
stairs_down,stairs_down,0.963,1,GREEN,8,8
stairs_down,stairs_down,0.937,1,GREEN,8,8
stairs_down,stairs_down,0.731,1,YELLOW,8,8
stairs_down,stairs_down,0.949,1,GREEN,8,8
stairs_down,stairs_down,0.957,1,GREEN,8,8
stairs_down,stairs_down,0.952,1,GREEN,8,8
stairs_down,stairs_down,0.941,1,GREEN,8,8
stairs_down,stairs_down,0.964,1,GREEN,8,8
stairs_down,stairs_down,0.968,1,GREEN,8,8
stairs_down,stairs_down,0.911,1,GREEN,8,8
stairs_down,stairs_down,0.483,1,YELLOW,8,8
stairs_down,stairs_down,0.807,1,GREEN,8,8
stairs_down,stairs_down,0.932,1,GREEN,8,8
stairs_down,stairs_down,0.961,1,GREEN,8,8
stairs_down,stairs_down,0.974,1,GREEN,8,8
stairs_down,stairs_down,0.975,1,GREEN,8,8
stairs_down,stairs_down,0.979,1,GREEN,8,8
stairs_down,stairs_down,0.97,1,GREEN,8,8
stairs_down,stairs_down,0.914,1,GREEN,8,8
stairs_down,stairs_down,0.953,1,GREEN,8,8
stairs_down,stairs_down,0.964,1,GREEN,8,8
stairs_down,stairs_down,0.891,1,GREEN,8,8
stairs_down,stairs_down,0.953,1,GREEN,8,8
stairs_down,stairs_down,0.964,1,GREEN,8,8
stairs_down,stairs_down,0.949,1,GREEN,8,8
stairs_down,stairs_down,0.939,1,GREEN,8,8
stairs_down,stairs_down,0.95,1,GREEN,8,8
stairs_down,stairs_down,0.943,1,GREEN,8,8
stairs_down,stairs_down,0.966,1,GREEN,8,8
stairs_down,stairs_down,0.97,1,GREEN,8,8
stairs_down,stairs_down,0.914,1,GREEN,8,8
stairs_down,stairs_down,0.899,1,GREEN,8,8
stairs_down,stairs_down,0.897,1,GREEN,8,8
stairs_down,stairs_down,0.95,1,GREEN,8,8
stairs_down,stairs_down,0.978,1,GREEN,8,8
stairs_down,stairs_down,0.962,1,GREEN,8,8
stairs_down,stairs_down,0.964,1,GREEN,8,8
stairs_down,stairs_down,0.873,1,GREEN,8,8
stairs_down,stairs_down,0.882,1,GREEN,8,8
stairs_down,stairs_down,0.945,1,GREEN,8,8
stairs_down,stairs_down,0.954,1,GREEN,8,8
stairs_down,stairs_down,0.944,1,GREEN,8,8
stairs_down,stairs_down,0.95,1,GREEN,8,8
stairs_down,stairs_down,0.952,1,GREEN,8,8
stairs_down,stairs_down,0.914,1,GREEN,8,8
stairs_down,stairs_down,0.81,1,GREEN,8,8
stairs_down,stairs_down,0.744,1,YELLOW,8,8
stairs_down,stairs_down,0.964,1,GREEN,8,8
stairs_down,stairs_down,0.963,1,GREEN,8,8
stairs_down,stairs_down,0.949,1,GREEN,8,8
stairs_down,stairs_down,0.953,1,GREEN,8,8
stairs_down,stairs_down,0.827,1,GREEN,8,8
stairs_down,stairs_down,0.954,1,GREEN,8,8
stairs_down,stairs_down,0.954,1,GREEN,8,8
stairs_down,stairs_down,0.966,1,GREEN,8,8
stairs_down,stairs_down,0.8,1,GREEN,8,8
stairs_down,stairs_down,0.313,1,RED,8,8
stairs_down,stairs_down,0.871,1,GREEN,8,8
stairs_down,stairs_down,0.116,1,RED,8,8
stairs_down,stairs_down,0.801,1,GREEN,8,8
stairs_down,stairs_down,0.947,1,GREEN,8,8
stairs_down,stairs_down,0.945,1,GREEN,8,8
stairs_down,stairs_down,0.941,1,GREEN,8,8
stairs_down,stairs_down,0.937,1,GREEN,8,8
stairs_down,stairs_down,0.94,1,GREEN,8,8
stairs_down,stairs_down,0.955,1,GREEN,8,8
stairs_down,stairs_down,0.967,1,GREEN,8,8
stairs_down,stairs_down,0.933,1,GREEN,8,8
stairs_down,stairs_down,0.97,1,GREEN,8,8
stairs_down,stairs_down,0.815,1,GREEN,8,8
stairs_down,stairs_down,0.895,1,GREEN,8,8
stairs_down,stairs_down,0.95,1,GREEN,8,8
stairs_down,stairs_down,0.615,1,YELLOW,8,8
stairs_down,stairs_down,0.125,1,RED,8,8
stairs_down,stairs_down,0.201,1,RED,8,8
stairs_down,stairs_down,0.208,1,RED,8,8
stairs_down,stairs_down,0.12,1,RED,8,8
stairs_down,stairs_down,0.121,1,RED,8,8
stairs_down,stairs_down,0.156,1,RED,8,8
stairs_down,stairs_down,0.168,1,RED,8,8
stairs_down,walking,0.16,0,RED,8,3
walking,walking,0.465,1,YELLOW,3,3
walking,walking,0.447,1,RED,3,3
walking,walking,0.428,1,RED,3,3
walking,walking,0.421,1,RED,3,3
walking,walking,0.447,1,RED,3,3
walking,walking,0.439,1,RED,3,3
walking,walking,0.407,1,RED,3,3
walking,walking,0.375,1,RED,3,3
walking,walking,0.335,1,RED,3,3
walking,walking,0.197,1,RED,3,3
walking,walking,0.624,1,YELLOW,3,3
walking,walking,0.9,1,GREEN,3,3
walking,walking,0.938,1,GREEN,3,3
walking,walking,0.933,1,GREEN,3,3
walking,walking,0.955,1,GREEN,3,3
walking,walking,0.936,1,GREEN,3,3
walking,walking,0.937,1,GREEN,3,3
walking,walking,0.97,1,GREEN,3,3
walking,walking,0.971,1,GREEN,3,3
walking,walking,0.954,1,GREEN,3,3
walking,walking,0.969,1,GREEN,3,3
walking,walking,0.969,1,GREEN,3,3
walking,walking,0.962,1,GREEN,3,3
walking,walking,0.975,1,GREEN,3,3
walking,walking,0.971,1,GREEN,3,3
walking,walking,0.974,1,GREEN,3,3
walking,walking,0.957,1,GREEN,3,3
walking,walking,0.966,1,GREEN,3,3
walking,walking,0.968,1,GREEN,3,3
walking,walking,0.969,1,GREEN,3,3
walking,walking,0.971,1,GREEN,3,3
walking,walking,0.975,1,GREEN,3,3
walking,walking,0.974,1,GREEN,3,3
walking,walking,0.974,1,GREEN,3,3
walking,walking,0.979,1,GREEN,3,3
walking,walking,0.962,1,GREEN,3,3
walking,walking,0.974,1,GREEN,3,3
walking,walking,0.971,1,GREEN,3,3
walking,walking,0.977,1,GREEN,3,3
walking,walking,0.976,1,GREEN,3,3
walking,walking,0.971,1,GREEN,3,3
walking,walking,0.967,1,GREEN,3,3
walking,walking,0.97,1,GREEN,3,3
walking,walking,0.976,1,GREEN,3,3
walking,walking,0.973,1,GREEN,3,3
walking,walking,0.976,1,GREEN,3,3
walking,walking,0.946,1,GREEN,3,3
walking,walking,0.973,1,GREEN,3,3
walking,walking,0.963,1,GREEN,3,3
walking,walking,0.975,1,GREEN,3,3
walking,walking,0.98,1,GREEN,3,3
walking,walking,0.97,1,GREEN,3,3
walking,walking,0.974,1,GREEN,3,3
walking,walking,0.97,1,GREEN,3,3
walking,walking,0.97,1,GREEN,3,3
walking,walking,0.965,1,GREEN,3,3
walking,walking,0.97,1,GREEN,3,3
walking,walking,0.957,1,GREEN,3,3
walking,walking,0.972,1,GREEN,3,3
walking,walking,0.962,1,GREEN,3,3
walking,walking,0.972,1,GREEN,3,3
walking,walking,0.975,1,GREEN,3,3
walking,walking,0.968,1,GREEN,3,3
walking,walking,0.973,1,GREEN,3,3
walking,walking,0.971,1,GREEN,3,3
walking,walking,0.973,1,GREEN,3,3
walking,walking,0.958,1,GREEN,3,3
walking,walking,0.968,1,GREEN,3,3
walking,walking,0.959,1,GREEN,3,3
walking,walking,0.97,1,GREEN,3,3
walking,walking,0.975,1,GREEN,3,3
walking,walking,0.966,1,GREEN,3,3
walking,walking,0.971,1,GREEN,3,3
walking,walking,0.965,1,GREEN,3,3
walking,walking,0.969,1,GREEN,3,3
walking,walking,0.114,1,RED,3,3
walking,walking,0.133,1,RED,3,3
walking,walking,0.939,1,GREEN,3,3
walking,walking,0.959,1,GREEN,3,3
walking,walking,0.965,1,GREEN,3,3
walking,walking,0.971,1,GREEN,3,3
walking,walking,0.964,1,GREEN,3,3
walking,walking,0.941,1,GREEN,3,3
walking,walking,0.951,1,GREEN,3,3
walking,walking,0.973,1,GREEN,3,3
walking,walking,0.967,1,GREEN,3,3
walking,walking,0.966,1,GREEN,3,3
walking,walking,0.976,1,GREEN,3,3
walking,walking,0.967,1,GREEN,3,3
walking,walking,0.97,1,GREEN,3,3
walking,walking,0.973,1,GREEN,3,3
walking,walking,0.972,1,GREEN,3,3
walking,walking,0.972,1,GREEN,3,3
walking,walking,0.968,1,GREEN,3,3
walking,walking,0.976,1,GREEN,3,3
walking,walking,0.966,1,GREEN,3,3
walking,walking,0.975,1,GREEN,3,3
walking,walking,0.965,1,GREEN,3,3
walking,walking,0.976,1,GREEN,3,3
walking,walking,0.978,1,GREEN,3,3
walking,walking,0.969,1,GREEN,3,3
walking,walking,0.972,1,GREEN,3,3
walking,walking,0.967,1,GREEN,3,3
walking,walking,0.973,1,GREEN,3,3
walking,walking,0.957,1,GREEN,3,3
walking,walking,0.975,1,GREEN,3,3
walking,walking,0.95,1,GREEN,3,3
walking,walking,0.974,1,GREEN,3,3
walking,walking,0.971,1,GREEN,3,3
walking,walking,0.973,1,GREEN,3,3
walking,walking,0.976,1,GREEN,3,3
walking,walking,0.969,1,GREEN,3,3
walking,walking,0.974,1,GREEN,3,3
walking,walking,0.969,1,GREEN,3,3
walking,walking,0.971,1,GREEN,3,3
walking,walking,0.948,1,GREEN,3,3
walking,walking,0.973,1,GREEN,3,3
walking,walking,0.97,1,GREEN,3,3
walking,walking,0.973,1,GREEN,3,3
walking,walking,0.975,1,GREEN,3,3
walking,walking,0.964,1,GREEN,3,3
walking,walking,0.973,1,GREEN,3,3
walking,walking,0.967,1,GREEN,3,3
walking,walking,0.974,1,GREEN,3,3
walking,walking,0.968,1,GREEN,3,3
walking,walking,0.974,1,GREEN,3,3
walking,walking,0.973,1,GREEN,3,3
walking,walking,0.972,1,GREEN,3,3
walking,walking,0.969,1,GREEN,3,3
walking,walking,0.964,1,GREEN,3,3
walking,walking,0.973,1,GREEN,3,3
walking,walking,0.964,1,GREEN,3,3
walking,walking,0.974,1,GREEN,3,3
walking,walking,0.965,1,GREEN,3,3
walking,walking,0.973,1,GREEN,3,3
walking,walking,0.965,1,GREEN,3,3
walking,walking,0.973,1,GREEN,3,3
walking,walking,0.971,1,GREEN,3,3
walking,walking,0.962,1,GREEN,3,3
walking,walking,0.977,1,GREEN,3,3
walking,walking,0.964,1,GREEN,3,3
walking,walking,0.974,1,GREEN,3,3
walking,walking,0.972,1,GREEN,3,3
walking,walking,0.977,1,GREEN,3,3
walking,walking,0.968,1,GREEN,3,3
walking,walking,0.975,1,GREEN,3,3
walking,walking,0.972,1,GREEN,3,3
walking,walking,0.967,1,GREEN,3,3
walking,walking,0.972,1,GREEN,3,3
walking,walking,0.97,1,GREEN,3,3
walking,walking,0.973,1,GREEN,3,3
walking,walking,0.966,1,GREEN,3,3
walking,walking,0.976,1,GREEN,3,3
walking,walking,0.973,1,GREEN,3,3
walking,walking,0.976,1,GREEN,3,3
walking,walking,0.972,1,GREEN,3,3
walking,walking,0.973,1,GREEN,3,3
walking,walking,0.972,1,GREEN,3,3
walking,walking,0.965,1,GREEN,3,3
walking,walking,0.972,1,GREEN,3,3
walking,walking,0.969,1,GREEN,3,3
walking,walking,0.976,1,GREEN,3,3
walking,walking,0.969,1,GREEN,3,3
walking,walking,0.971,1,GREEN,3,3
walking,walking,0.961,1,GREEN,3,3
walking,walking,0.969,1,GREEN,3,3
walking,walking,0.975,1,GREEN,3,3
walking,walking,0.959,1,GREEN,3,3
walking,walking,0.974,1,GREEN,3,3
walking,walking,0.964,1,GREEN,3,3
walking,walking,0.973,1,GREEN,3,3
walking,walking,0.954,1,GREEN,3,3
walking,walking,0.969,1,GREEN,3,3
walking,walking,0.976,1,GREEN,3,3
walking,walking,0.964,1,GREEN,3,3
walking,walking,0.974,1,GREEN,3,3
walking,walking,0.966,1,GREEN,3,3
walking,walking,0.973,1,GREEN,3,3
walking,walking,0.965,1,GREEN,3,3
walking,walking,0.972,1,GREEN,3,3
walking,walking,0.974,1,GREEN,3,3
walking,walking,0.965,1,GREEN,3,3
walking,walking,0.976,1,GREEN,3,3
walking,walking,0.972,1,GREEN,3,3
walking,walking,0.97,1,GREEN,3,3
walking,walking,0.955,1,GREEN,3,3
walking,walking,0.971,1,GREEN,3,3
walking,walking,0.964,1,GREEN,3,3
walking,walking,0.968,1,GREEN,3,3
walking,walking,0.975,1,GREEN,3,3
walking,walking,0.965,1,GREEN,3,3
walking,walking,0.97,1,GREEN,3,3
walking,walking,0.958,1,GREEN,3,3
walking,walking,0.974,1,GREEN,3,3
walking,walking,0.972,1,GREEN,3,3
walking,walking,0.966,1,GREEN,3,3
walking,walking,0.967,1,GREEN,3,3
walking,walking,0.965,1,GREEN,3,3
walking,walking,0.971,1,GREEN,3,3
walking,walking,0.957,1,GREEN,3,3
walking,walking,0.971,1,GREEN,3,3
walking,walking,0.964,1,GREEN,3,3
walking,walking,0.963,1,GREEN,3,3
walking,walking,0.973,1,GREEN,3,3
walking,walking,0.943,1,GREEN,3,3
walking,walking,0.969,1,GREEN,3,3
walking,walking,0.954,1,GREEN,3,3
walking,walking,0.97,1,GREEN,3,3
walking,walking,0.967,1,GREEN,3,3
walking,walking,0.961,1,GREEN,3,3
walking,walking,0.973,1,GREEN,3,3
walking,walking,0.938,1,GREEN,3,3
walking,walking,0.963,1,GREEN,3,3
walking,walking,0.96,1,GREEN,3,3
walking,walking,0.97,1,GREEN,3,3
walking,walking,0.97,1,GREEN,3,3
walking,walking,0.964,1,GREEN,3,3
walking,walking,0.969,1,GREEN,3,3
walking,walking,0.831,1,GREEN,3,3
walking,walking,0.798,1,GREEN,3,3
walking,walking,0.874,1,GREEN,3,3
walking,walking,0.912,1,GREEN,3,3
walking,walking,0.943,1,GREEN,3,3
walking,walking,0.922,1,GREEN,3,3
walking,walking,0.849,1,GREEN,3,3
walking,walking,0.968,1,GREEN,3,3
walking,walking,0.954,1,GREEN,3,3
walking,walking,0.968,1,GREEN,3,3
walking,walking,0.953,1,GREEN,3,3
walking,walking,0.977,1,GREEN,3,3
walking,walking,0.888,1,GREEN,3,3
walking,walking,0.936,1,GREEN,3,3
walking,walking,0.949,1,GREEN,3,3
walking,walking,0.024,1,RED,3,3
walking,walking,0.028,1,RED,3,3
walking,walking,0.917,1,GREEN,3,3
walking,walking,0.977,1,GREEN,3,3
walking,walking,0.944,1,GREEN,3,3
walking,walking,0.246,1,RED,3,3
walking,walking,0.556,1,YELLOW,3,3
walking,walking,0.958,1,GREEN,3,3
walking,walking,0.974,1,GREEN,3,3
walking,walking,0.942,1,GREEN,3,3
walking,walking,0.965,1,GREEN,3,3
walking,walking,0.963,1,GREEN,3,3
walking,walking,0.97,1,GREEN,3,3
walking,walking,0.927,1,GREEN,3,3
walking,walking,0.952,1,GREEN,3,3
walking,walking,0.97,1,GREEN,3,3
walking,walking,0.957,1,GREEN,3,3
walking,walking,0.963,1,GREEN,3,3
walking,walking,0.808,1,GREEN,3,3
walking,walking,0.418,1,RED,3,3
walking,walking,0.702,1,YELLOW,3,3
walking,walking,0.93,1,GREEN,3,3
walking,walking,0.951,1,GREEN,3,3
walking,walking,0.955,1,GREEN,3,3
walking,walking,0.975,1,GREEN,3,3
walking,walking,0.962,1,GREEN,3,3
walking,walking,0.944,1,GREEN,3,3
walking,walking,0.937,1,GREEN,3,3
walking,walking,0.971,1,GREEN,3,3
walking,walking,0.974,1,GREEN,3,3
walking,walking,0.961,1,GREEN,3,3
walking,walking,0.968,1,GREEN,3,3
walking,walking,0.956,1,GREEN,3,3
walking,walking,0.907,1,GREEN,3,3
walking,walking,0.937,1,GREEN,3,3
walking,walking,0.971,1,GREEN,3,3
walking,walking,0.975,1,GREEN,3,3
walking,walking,0.968,1,GREEN,3,3
walking,walking,0.978,1,GREEN,3,3
walking,walking,0.959,1,GREEN,3,3
walking,walking,0.971,1,GREEN,3,3
walking,walking,0.844,1,GREEN,3,3
walking,walking,0.946,1,GREEN,3,3
walking,walking,0.828,1,GREEN,3,3
walking,walking,0.972,1,GREEN,3,3
walking,walking,0.977,1,GREEN,3,3
walking,walking,0.972,1,GREEN,3,3
walking,walking,0.976,1,GREEN,3,3
walking,walking,0.975,1,GREEN,3,3
walking,walking,0.977,1,GREEN,3,3
walking,walking,0.977,1,GREEN,3,3
walking,walking,0.976,1,GREEN,3,3
walking,walking,0.968,1,GREEN,3,3
walking,walking,0.973,1,GREEN,3,3
walking,walking,0.973,1,GREEN,3,3
walking,walking,0.974,1,GREEN,3,3
walking,walking,0.968,1,GREEN,3,3
walking,walking,0.968,1,GREEN,3,3
walking,walking,0.975,1,GREEN,3,3
walking,walking,0.971,1,GREEN,3,3
walking,walking,0.976,1,GREEN,3,3
walking,walking,0.971,1,GREEN,3,3
walking,walking,0.976,1,GREEN,3,3
walking,walking,0.973,1,GREEN,3,3
walking,walking,0.976,1,GREEN,3,3
walking,walking,0.971,1,GREEN,3,3
walking,walking,0.976,1,GREEN,3,3
walking,walking,0.975,1,GREEN,3,3
walking,walking,0.975,1,GREEN,3,3
walking,walking,0.974,1,GREEN,3,3
walking,walking,0.963,1,GREEN,3,3
walking,walking,0.979,1,GREEN,3,3
walking,walking,0.976,1,GREEN,3,3
walking,walking,0.977,1,GREEN,3,3
walking,walking,0.967,1,GREEN,3,3
walking,walking,0.972,1,GREEN,3,3
walking,walking,0.971,1,GREEN,3,3
walking,walking,0.973,1,GREEN,3,3
walking,walking,0.977,1,GREEN,3,3
walking,walking,0.974,1,GREEN,3,3
walking,walking,0.978,1,GREEN,3,3
walking,walking,0.973,1,GREEN,3,3
walking,walking,0.976,1,GREEN,3,3
walking,walking,0.974,1,GREEN,3,3
walking,walking,0.975,1,GREEN,3,3
walking,walking,0.976,1,GREEN,3,3
walking,walking,0.977,1,GREEN,3,3
walking,walking,0.975,1,GREEN,3,3
walking,walking,0.979,1,GREEN,3,3
walking,walking,0.977,1,GREEN,3,3
walking,walking,0.975,1,GREEN,3,3
walking,walking,0.973,1,GREEN,3,3
walking,walking,0.975,1,GREEN,3,3
walking,walking,0.979,1,GREEN,3,3
walking,walking,0.975,1,GREEN,3,3
walking,walking,0.974,1,GREEN,3,3
walking,walking,0.974,1,GREEN,3,3
walking,walking,0.977,1,GREEN,3,3
walking,walking,0.977,1,GREEN,3,3
walking,walking,0.975,1,GREEN,3,3
walking,walking,0.974,1,GREEN,3,3
walking,walking,0.978,1,GREEN,3,3
walking,walking,0.975,1,GREEN,3,3
walking,walking,0.977,1,GREEN,3,3
walking,walking,0.975,1,GREEN,3,3
walking,walking,0.978,1,GREEN,3,3
walking,walking,0.967,1,GREEN,3,3
walking,walking,0.977,1,GREEN,3,3
walking,walking,0.974,1,GREEN,3,3
walking,walking,0.976,1,GREEN,3,3
walking,walking,0.974,1,GREEN,3,3
walking,walking,0.975,1,GREEN,3,3
walking,walking,0.976,1,GREEN,3,3
walking,walking,0.974,1,GREEN,3,3
walking,walking,0.977,1,GREEN,3,3
walking,walking,0.976,1,GREEN,3,3
walking,walking,0.977,1,GREEN,3,3
walking,walking,0.973,1,GREEN,3,3
walking,walking,0.977,1,GREEN,3,3
walking,walking,0.968,1,GREEN,3,3
walking,walking,0.962,1,GREEN,3,3
walking,walking,0.213,1,RED,3,3
walking,walking,0.007,1,RED,3,3
walking,walking,0.009,1,RED,3,3
walking,walking,0.82,1,GREEN,3,3
walking,walking,0.972,1,GREEN,3,3
walking,walking,0.968,1,GREEN,3,3
walking,walking,0.976,1,GREEN,3,3
walking,walking,0.971,1,GREEN,3,3
walking,walking,0.977,1,GREEN,3,3
walking,walking,0.976,1,GREEN,3,3
walking,walking,0.973,1,GREEN,3,3
walking,walking,0.975,1,GREEN,3,3
walking,walking,0.975,1,GREEN,3,3
walking,walking,0.975,1,GREEN,3,3
walking,walking,0.877,1,GREEN,3,3
walking,walking,0.968,1,GREEN,3,3
walking,walking,0.968,1,GREEN,3,3
walking,walking,0.978,1,GREEN,3,3
walking,walking,0.973,1,GREEN,3,3
walking,walking,0.978,1,GREEN,3,3
walking,walking,0.973,1,GREEN,3,3
walking,walking,0.979,1,GREEN,3,3
walking,walking,0.974,1,GREEN,3,3
walking,walking,0.975,1,GREEN,3,3
walking,walking,0.979,1,GREEN,3,3
walking,walking,0.972,1,GREEN,3,3
walking,walking,0.975,1,GREEN,3,3
walking,walking,0.972,1,GREEN,3,3
walking,walking,0.971,1,GREEN,3,3
walking,walking,0.977,1,GREEN,3,3
walking,walking,0.977,1,GREEN,3,3
walking,walking,0.965,1,GREEN,3,3
walking,walking,0.973,1,GREEN,3,3
walking,walking,0.966,1,GREEN,3,3
walking,walking,0.971,1,GREEN,3,3
walking,walking,0.976,1,GREEN,3,3
walking,walking,0.966,1,GREEN,3,3
walking,walking,0.98,1,GREEN,3,3
walking,walking,0.967,1,GREEN,3,3
walking,walking,0.977,1,GREEN,3,3
walking,walking,0.964,1,GREEN,3,3
walking,walking,0.969,1,GREEN,3,3
walking,walking,0.975,1,GREEN,3,3
walking,walking,0.944,1,GREEN,3,3
walking,walking,0.94,1,GREEN,3,3
walking,walking,0.973,1,GREEN,3,3
walking,walking,0.974,1,GREEN,3,3
walking,walking,0.962,1,GREEN,3,3
walking,walking,0.976,1,GREEN,3,3
walking,walking,0.976,1,GREEN,3,3
walking,walking,0.973,1,GREEN,3,3
walking,walking,0.977,1,GREEN,3,3
walking,walking,0.976,1,GREEN,3,3
walking,walking,0.977,1,GREEN,3,3
walking,walking,0.972,1,GREEN,3,3
walking,walking,0.976,1,GREEN,3,3
walking,walking,0.973,1,GREEN,3,3
walking,walking,0.973,1,GREEN,3,3
walking,walking,0.964,1,GREEN,3,3
walking,walking,0.968,1,GREEN,3,3
walking,walking,0.97,1,GREEN,3,3
walking,walking,0.974,1,GREEN,3,3
walking,walking,0.963,1,GREEN,3,3
walking,walking,0.97,1,GREEN,3,3
walking,walking,0.971,1,GREEN,3,3
walking,walking,0.966,1,GREEN,3,3
walking,walking,0.969,1,GREEN,3,3
walking,walking,0.974,1,GREEN,3,3
walking,walking,0.976,1,GREEN,3,3
walking,walking,0.963,1,GREEN,3,3
walking,walking,0.969,1,GREEN,3,3
walking,walking,0.96,1,GREEN,3,3
walking,walking,0.972,1,GREEN,3,3
walking,walking,0.972,1,GREEN,3,3
walking,walking,0.972,1,GREEN,3,3
walking,walking,0.974,1,GREEN,3,3
walking,walking,0.973,1,GREEN,3,3
walking,walking,0.973,1,GREEN,3,3
walking,walking,0.973,1,GREEN,3,3
walking,walking,0.975,1,GREEN,3,3
walking,walking,0.953,1,GREEN,3,3
walking,walking,0.973,1,GREEN,3,3
walking,walking,0.967,1,GREEN,3,3
walking,walking,0.974,1,GREEN,3,3
walking,walking,0.972,1,GREEN,3,3
walking,walking,0.972,1,GREEN,3,3
walking,walking,0.973,1,GREEN,3,3
walking,walking,0.962,1,GREEN,3,3
walking,walking,0.972,1,GREEN,3,3
walking,walking,0.969,1,GREEN,3,3
walking,walking,0.972,1,GREEN,3,3
walking,walking,0.943,1,GREEN,3,3
walking,walking,0.974,1,GREEN,3,3
walking,walking,0.973,1,GREEN,3,3
walking,walking,0.973,1,GREEN,3,3
walking,walking,0.975,1,GREEN,3,3
walking,walking,0.967,1,GREEN,3,3
walking,walking,0.969,1,GREEN,3,3
walking,walking,0.965,1,GREEN,3,3
walking,walking,0.972,1,GREEN,3,3
walking,walking,0.971,1,GREEN,3,3
walking,walking,0.973,1,GREEN,3,3
walking,walking,0.966,1,GREEN,3,3
walking,walking,0.973,1,GREEN,3,3
walking,walking,0.953,1,GREEN,3,3
walking,walking,0.809,1,GREEN,3,3
walking,walking,0.931,1,GREEN,3,3
walking,walking,0.976,1,GREEN,3,3
walking,walking,0.971,1,GREEN,3,3
walking,walking,0.97,1,GREEN,3,3
walking,walking,0.977,1,GREEN,3,3
walking,walking,0.977,1,GREEN,3,3
walking,walking,0.974,1,GREEN,3,3
walking,walking,0.963,1,GREEN,3,3
walking,walking,0.974,1,GREEN,3,3
walking,walking,0.969,1,GREEN,3,3
walking,walking,0.972,1,GREEN,3,3
walking,walking,0.959,1,GREEN,3,3
walking,walking,0.958,1,GREEN,3,3
walking,walking,0.96,1,GREEN,3,3
walking,walking,0.962,1,GREEN,3,3
walking,walking,0.974,1,GREEN,3,3
walking,walking,0.97,1,GREEN,3,3
walking,walking,0.975,1,GREEN,3,3
walking,walking,0.967,1,GREEN,3,3
walking,walking,0.98,1,GREEN,3,3
walking,walking,0.971,1,GREEN,3,3
walking,walking,0.973,1,GREEN,3,3
walking,walking,0.933,1,GREEN,3,3
walking,walking,0.95,1,GREEN,3,3
walking,walking,0.962,1,GREEN,3,3
walking,walking,0.967,1,GREEN,3,3
walking,walking,0.974,1,GREEN,3,3
walking,walking,0.969,1,GREEN,3,3
walking,walking,0.98,1,GREEN,3,3
walking,walking,0.965,1,GREEN,3,3
walking,walking,0.976,1,GREEN,3,3
walking,walking,0.965,1,GREEN,3,3
walking,walking,0.963,1,GREEN,3,3
walking,walking,0.973,1,GREEN,3,3
walking,walking,0.968,1,GREEN,3,3
walking,walking,0.973,1,GREEN,3,3
walking,walking,0.957,1,GREEN,3,3
walking,walking,0.974,1,GREEN,3,3
walking,walking,0.599,1,YELLOW,3,3
walking,walking,0.075,1,RED,3,3
walking,walking,0.062,1,RED,3,3
walking,walking,0.675,1,YELLOW,3,3
walking,walking,0.791,1,GREEN,3,3
walking,walking,0.803,1,GREEN,3,3
walking,walking,0.81,1,GREEN,3,3
walking,walking,0.806,1,GREEN,3,3
nordic_walk,walking,0.584,0,YELLOW,6,3
nordic_walk,walking,0.742,0,YELLOW,6,3
nordic_walk,nordic_walk,0.712,1,YELLOW,6,6
nordic_walk,nordic_walk,0.656,1,YELLOW,6,6
nordic_walk,nordic_walk,0.518,1,YELLOW,6,6
nordic_walk,nordic_walk,0.39,1,RED,6,6
nordic_walk,nordic_walk,0.289,1,RED,6,6
nordic_walk,nordic_walk,0.099,1,RED,6,6
nordic_walk,nordic_walk,0.019,1,RED,6,6
nordic_walk,nordic_walk,0.017,1,RED,6,6
nordic_walk,nordic_walk,0.946,1,GREEN,6,6
nordic_walk,nordic_walk,0.958,1,GREEN,6,6
nordic_walk,nordic_walk,0.968,1,GREEN,6,6
nordic_walk,nordic_walk,0.958,1,GREEN,6,6
nordic_walk,nordic_walk,0.966,1,GREEN,6,6
nordic_walk,nordic_walk,0.957,1,GREEN,6,6
nordic_walk,nordic_walk,0.962,1,GREEN,6,6
nordic_walk,nordic_walk,0.964,1,GREEN,6,6
nordic_walk,nordic_walk,0.968,1,GREEN,6,6
nordic_walk,nordic_walk,0.964,1,GREEN,6,6
nordic_walk,nordic_walk,0.962,1,GREEN,6,6
nordic_walk,nordic_walk,0.973,1,GREEN,6,6
nordic_walk,nordic_walk,0.969,1,GREEN,6,6
nordic_walk,nordic_walk,0.97,1,GREEN,6,6
nordic_walk,nordic_walk,0.967,1,GREEN,6,6
nordic_walk,nordic_walk,0.969,1,GREEN,6,6
nordic_walk,nordic_walk,0.97,1,GREEN,6,6
nordic_walk,nordic_walk,0.974,1,GREEN,6,6
nordic_walk,nordic_walk,0.967,1,GREEN,6,6
nordic_walk,nordic_walk,0.973,1,GREEN,6,6
nordic_walk,nordic_walk,0.969,1,GREEN,6,6
nordic_walk,nordic_walk,0.972,1,GREEN,6,6
nordic_walk,nordic_walk,0.972,1,GREEN,6,6
nordic_walk,nordic_walk,0.964,1,GREEN,6,6
nordic_walk,nordic_walk,0.963,1,GREEN,6,6
nordic_walk,nordic_walk,0.962,1,GREEN,6,6
nordic_walk,nordic_walk,0.975,1,GREEN,6,6
nordic_walk,nordic_walk,0.966,1,GREEN,6,6
nordic_walk,nordic_walk,0.972,1,GREEN,6,6
nordic_walk,nordic_walk,0.966,1,GREEN,6,6
nordic_walk,nordic_walk,0.969,1,GREEN,6,6
nordic_walk,nordic_walk,0.969,1,GREEN,6,6
nordic_walk,nordic_walk,0.968,1,GREEN,6,6
nordic_walk,nordic_walk,0.964,1,GREEN,6,6
nordic_walk,nordic_walk,0.958,1,GREEN,6,6
nordic_walk,nordic_walk,0.961,1,GREEN,6,6
nordic_walk,nordic_walk,0.949,1,GREEN,6,6
nordic_walk,nordic_walk,0.957,1,GREEN,6,6
nordic_walk,nordic_walk,0.951,1,GREEN,6,6
nordic_walk,nordic_walk,0.957,1,GREEN,6,6
nordic_walk,nordic_walk,0.954,1,GREEN,6,6
nordic_walk,nordic_walk,0.961,1,GREEN,6,6
nordic_walk,nordic_walk,0.969,1,GREEN,6,6
nordic_walk,nordic_walk,0.965,1,GREEN,6,6
nordic_walk,nordic_walk,0.961,1,GREEN,6,6
nordic_walk,nordic_walk,0.962,1,GREEN,6,6
nordic_walk,nordic_walk,0.948,1,GREEN,6,6
nordic_walk,nordic_walk,0.96,1,GREEN,6,6
nordic_walk,nordic_walk,0.95,1,GREEN,6,6
nordic_walk,nordic_walk,0.961,1,GREEN,6,6
nordic_walk,nordic_walk,0.951,1,GREEN,6,6
nordic_walk,nordic_walk,0.952,1,GREEN,6,6
nordic_walk,nordic_walk,0.949,1,GREEN,6,6
nordic_walk,nordic_walk,0.955,1,GREEN,6,6
nordic_walk,nordic_walk,0.943,1,GREEN,6,6
nordic_walk,nordic_walk,0.957,1,GREEN,6,6
nordic_walk,nordic_walk,0.97,1,GREEN,6,6
nordic_walk,nordic_walk,0.971,1,GREEN,6,6
nordic_walk,nordic_walk,0.969,1,GREEN,6,6
nordic_walk,nordic_walk,0.964,1,GREEN,6,6
nordic_walk,nordic_walk,0.964,1,GREEN,6,6
nordic_walk,nordic_walk,0.966,1,GREEN,6,6
nordic_walk,nordic_walk,0.971,1,GREEN,6,6
nordic_walk,nordic_walk,0.967,1,GREEN,6,6
nordic_walk,nordic_walk,0.962,1,GREEN,6,6
nordic_walk,nordic_walk,0.961,1,GREEN,6,6
nordic_walk,nordic_walk,0.965,1,GREEN,6,6
nordic_walk,nordic_walk,0.961,1,GREEN,6,6
nordic_walk,nordic_walk,0.947,1,GREEN,6,6
nordic_walk,nordic_walk,0.954,1,GREEN,6,6
nordic_walk,nordic_walk,0.958,1,GREEN,6,6
nordic_walk,nordic_walk,0.954,1,GREEN,6,6
nordic_walk,nordic_walk,0.963,1,GREEN,6,6
nordic_walk,nordic_walk,0.959,1,GREEN,6,6
nordic_walk,nordic_walk,0.957,1,GREEN,6,6
nordic_walk,nordic_walk,0.952,1,GREEN,6,6
nordic_walk,nordic_walk,0.964,1,GREEN,6,6
nordic_walk,nordic_walk,0.958,1,GREEN,6,6
nordic_walk,nordic_walk,0.95,1,GREEN,6,6
nordic_walk,nordic_walk,0.961,1,GREEN,6,6
nordic_walk,nordic_walk,0.956,1,GREEN,6,6
nordic_walk,nordic_walk,0.954,1,GREEN,6,6
nordic_walk,nordic_walk,0.957,1,GREEN,6,6
nordic_walk,nordic_walk,0.954,1,GREEN,6,6
nordic_walk,nordic_walk,0.962,1,GREEN,6,6
nordic_walk,nordic_walk,0.952,1,GREEN,6,6
nordic_walk,nordic_walk,0.95,1,GREEN,6,6
nordic_walk,nordic_walk,0.95,1,GREEN,6,6
nordic_walk,nordic_walk,0.96,1,GREEN,6,6
nordic_walk,nordic_walk,0.955,1,GREEN,6,6
nordic_walk,nordic_walk,0.961,1,GREEN,6,6
nordic_walk,nordic_walk,0.957,1,GREEN,6,6
nordic_walk,nordic_walk,0.959,1,GREEN,6,6
nordic_walk,nordic_walk,0.962,1,GREEN,6,6
nordic_walk,nordic_walk,0.958,1,GREEN,6,6
nordic_walk,nordic_walk,0.956,1,GREEN,6,6
nordic_walk,nordic_walk,0.952,1,GREEN,6,6
nordic_walk,nordic_walk,0.957,1,GREEN,6,6
nordic_walk,nordic_walk,0.958,1,GREEN,6,6
nordic_walk,nordic_walk,0.961,1,GREEN,6,6
nordic_walk,nordic_walk,0.952,1,GREEN,6,6
nordic_walk,nordic_walk,0.956,1,GREEN,6,6
nordic_walk,nordic_walk,0.962,1,GREEN,6,6
nordic_walk,nordic_walk,0.958,1,GREEN,6,6
nordic_walk,nordic_walk,0.959,1,GREEN,6,6
nordic_walk,nordic_walk,0.959,1,GREEN,6,6
nordic_walk,nordic_walk,0.961,1,GREEN,6,6
nordic_walk,nordic_walk,0.941,1,GREEN,6,6
nordic_walk,nordic_walk,0.953,1,GREEN,6,6
nordic_walk,nordic_walk,0.948,1,GREEN,6,6
nordic_walk,nordic_walk,0.961,1,GREEN,6,6
nordic_walk,nordic_walk,0.963,1,GREEN,6,6
nordic_walk,nordic_walk,0.954,1,GREEN,6,6
nordic_walk,nordic_walk,0.955,1,GREEN,6,6
nordic_walk,nordic_walk,0.953,1,GREEN,6,6
nordic_walk,nordic_walk,0.952,1,GREEN,6,6
nordic_walk,nordic_walk,0.954,1,GREEN,6,6
nordic_walk,nordic_walk,0.949,1,GREEN,6,6
nordic_walk,nordic_walk,0.959,1,GREEN,6,6
nordic_walk,nordic_walk,0.956,1,GREEN,6,6
nordic_walk,nordic_walk,0.959,1,GREEN,6,6
nordic_walk,nordic_walk,0.957,1,GREEN,6,6
nordic_walk,nordic_walk,0.96,1,GREEN,6,6
nordic_walk,nordic_walk,0.956,1,GREEN,6,6
nordic_walk,nordic_walk,0.959,1,GREEN,6,6
nordic_walk,nordic_walk,0.965,1,GREEN,6,6
nordic_walk,nordic_walk,0.963,1,GREEN,6,6
nordic_walk,nordic_walk,0.971,1,GREEN,6,6
nordic_walk,nordic_walk,0.961,1,GREEN,6,6
nordic_walk,nordic_walk,0.969,1,GREEN,6,6
nordic_walk,nordic_walk,0.959,1,GREEN,6,6
nordic_walk,nordic_walk,0.965,1,GREEN,6,6
nordic_walk,nordic_walk,0.962,1,GREEN,6,6
nordic_walk,nordic_walk,0.962,1,GREEN,6,6
nordic_walk,nordic_walk,0.969,1,GREEN,6,6
nordic_walk,nordic_walk,0.96,1,GREEN,6,6
nordic_walk,nordic_walk,0.969,1,GREEN,6,6
nordic_walk,nordic_walk,0.956,1,GREEN,6,6
nordic_walk,nordic_walk,0.964,1,GREEN,6,6
nordic_walk,nordic_walk,0.945,1,GREEN,6,6
nordic_walk,nordic_walk,0.966,1,GREEN,6,6
nordic_walk,nordic_walk,0.963,1,GREEN,6,6
nordic_walk,nordic_walk,0.966,1,GREEN,6,6
nordic_walk,nordic_walk,0.958,1,GREEN,6,6
nordic_walk,nordic_walk,0.971,1,GREEN,6,6
nordic_walk,nordic_walk,0.973,1,GREEN,6,6
nordic_walk,nordic_walk,0.97,1,GREEN,6,6
nordic_walk,nordic_walk,0.973,1,GREEN,6,6
nordic_walk,nordic_walk,0.969,1,GREEN,6,6
nordic_walk,nordic_walk,0.967,1,GREEN,6,6
nordic_walk,nordic_walk,0.961,1,GREEN,6,6
nordic_walk,nordic_walk,0.963,1,GREEN,6,6
nordic_walk,nordic_walk,0.967,1,GREEN,6,6
nordic_walk,nordic_walk,0.97,1,GREEN,6,6
nordic_walk,nordic_walk,0.971,1,GREEN,6,6
nordic_walk,nordic_walk,0.96,1,GREEN,6,6
nordic_walk,nordic_walk,0.958,1,GREEN,6,6
nordic_walk,nordic_walk,0.967,1,GREEN,6,6
nordic_walk,nordic_walk,0.965,1,GREEN,6,6
nordic_walk,nordic_walk,0.966,1,GREEN,6,6
nordic_walk,nordic_walk,0.97,1,GREEN,6,6
nordic_walk,nordic_walk,0.964,1,GREEN,6,6
nordic_walk,nordic_walk,0.97,1,GREEN,6,6
nordic_walk,nordic_walk,0.968,1,GREEN,6,6
nordic_walk,nordic_walk,0.972,1,GREEN,6,6
nordic_walk,nordic_walk,0.975,1,GREEN,6,6
nordic_walk,nordic_walk,0.978,1,GREEN,6,6
nordic_walk,nordic_walk,0.973,1,GREEN,6,6
nordic_walk,nordic_walk,0.973,1,GREEN,6,6
nordic_walk,nordic_walk,0.967,1,GREEN,6,6
nordic_walk,nordic_walk,0.96,1,GREEN,6,6
nordic_walk,nordic_walk,0.967,1,GREEN,6,6
nordic_walk,nordic_walk,0.969,1,GREEN,6,6
nordic_walk,nordic_walk,0.972,1,GREEN,6,6
nordic_walk,nordic_walk,0.97,1,GREEN,6,6
nordic_walk,nordic_walk,0.981,1,GREEN,6,6
nordic_walk,nordic_walk,0.977,1,GREEN,6,6
nordic_walk,nordic_walk,0.972,1,GREEN,6,6
nordic_walk,nordic_walk,0.963,1,GREEN,6,6
nordic_walk,nordic_walk,0.968,1,GREEN,6,6
nordic_walk,nordic_walk,0.968,1,GREEN,6,6
nordic_walk,nordic_walk,0.97,1,GREEN,6,6
nordic_walk,nordic_walk,0.975,1,GREEN,6,6
nordic_walk,nordic_walk,0.971,1,GREEN,6,6
nordic_walk,nordic_walk,0.968,1,GREEN,6,6
nordic_walk,nordic_walk,0.969,1,GREEN,6,6
nordic_walk,nordic_walk,0.966,1,GREEN,6,6
nordic_walk,nordic_walk,0.967,1,GREEN,6,6
nordic_walk,nordic_walk,0.964,1,GREEN,6,6
nordic_walk,nordic_walk,0.964,1,GREEN,6,6
nordic_walk,nordic_walk,0.959,1,GREEN,6,6
nordic_walk,nordic_walk,0.966,1,GREEN,6,6
nordic_walk,nordic_walk,0.968,1,GREEN,6,6
nordic_walk,nordic_walk,0.966,1,GREEN,6,6
nordic_walk,nordic_walk,0.966,1,GREEN,6,6
nordic_walk,nordic_walk,0.968,1,GREEN,6,6
nordic_walk,nordic_walk,0.958,1,GREEN,6,6
nordic_walk,nordic_walk,0.959,1,GREEN,6,6
nordic_walk,nordic_walk,0.97,1,GREEN,6,6
nordic_walk,nordic_walk,0.972,1,GREEN,6,6
nordic_walk,nordic_walk,0.971,1,GREEN,6,6
nordic_walk,nordic_walk,0.958,1,GREEN,6,6
nordic_walk,nordic_walk,0.954,1,GREEN,6,6
nordic_walk,nordic_walk,0.931,1,GREEN,6,6
nordic_walk,nordic_walk,0.968,1,GREEN,6,6
nordic_walk,nordic_walk,0.962,1,GREEN,6,6
nordic_walk,nordic_walk,0.967,1,GREEN,6,6
nordic_walk,nordic_walk,0.968,1,GREEN,6,6
nordic_walk,nordic_walk,0.965,1,GREEN,6,6
nordic_walk,nordic_walk,0.965,1,GREEN,6,6
nordic_walk,nordic_walk,0.971,1,GREEN,6,6
nordic_walk,nordic_walk,0.97,1,GREEN,6,6
nordic_walk,nordic_walk,0.967,1,GREEN,6,6
nordic_walk,nordic_walk,0.972,1,GREEN,6,6
nordic_walk,nordic_walk,0.968,1,GREEN,6,6
nordic_walk,nordic_walk,0.969,1,GREEN,6,6
nordic_walk,nordic_walk,0.968,1,GREEN,6,6
nordic_walk,nordic_walk,0.964,1,GREEN,6,6
nordic_walk,nordic_walk,0.962,1,GREEN,6,6
nordic_walk,nordic_walk,0.967,1,GREEN,6,6
nordic_walk,nordic_walk,0.97,1,GREEN,6,6
nordic_walk,nordic_walk,0.963,1,GREEN,6,6
nordic_walk,nordic_walk,0.968,1,GREEN,6,6
nordic_walk,nordic_walk,0.964,1,GREEN,6,6
nordic_walk,nordic_walk,0.961,1,GREEN,6,6
nordic_walk,nordic_walk,0.964,1,GREEN,6,6
nordic_walk,nordic_walk,0.956,1,GREEN,6,6
nordic_walk,nordic_walk,0.966,1,GREEN,6,6
nordic_walk,nordic_walk,0.957,1,GREEN,6,6
nordic_walk,nordic_walk,0.967,1,GREEN,6,6
nordic_walk,nordic_walk,0.959,1,GREEN,6,6
nordic_walk,nordic_walk,0.972,1,GREEN,6,6
nordic_walk,nordic_walk,0.967,1,GREEN,6,6
nordic_walk,nordic_walk,0.973,1,GREEN,6,6
nordic_walk,nordic_walk,0.966,1,GREEN,6,6
nordic_walk,nordic_walk,0.968,1,GREEN,6,6
nordic_walk,nordic_walk,0.961,1,GREEN,6,6
nordic_walk,nordic_walk,0.97,1,GREEN,6,6
nordic_walk,nordic_walk,0.961,1,GREEN,6,6
nordic_walk,nordic_walk,0.968,1,GREEN,6,6
nordic_walk,nordic_walk,0.961,1,GREEN,6,6
nordic_walk,nordic_walk,0.971,1,GREEN,6,6
nordic_walk,nordic_walk,0.962,1,GREEN,6,6
nordic_walk,nordic_walk,0.962,1,GREEN,6,6
nordic_walk,nordic_walk,0.968,1,GREEN,6,6
nordic_walk,nordic_walk,0.971,1,GREEN,6,6
nordic_walk,nordic_walk,0.979,1,GREEN,6,6
nordic_walk,nordic_walk,0.976,1,GREEN,6,6
nordic_walk,nordic_walk,0.97,1,GREEN,6,6
nordic_walk,nordic_walk,0.965,1,GREEN,6,6
nordic_walk,nordic_walk,0.969,1,GREEN,6,6
nordic_walk,nordic_walk,0.964,1,GREEN,6,6
nordic_walk,nordic_walk,0.967,1,GREEN,6,6
nordic_walk,nordic_walk,0.964,1,GREEN,6,6
nordic_walk,nordic_walk,0.974,1,GREEN,6,6
nordic_walk,nordic_walk,0.975,1,GREEN,6,6
nordic_walk,nordic_walk,0.973,1,GREEN,6,6
nordic_walk,nordic_walk,0.969,1,GREEN,6,6
nordic_walk,nordic_walk,0.973,1,GREEN,6,6
nordic_walk,nordic_walk,0.972,1,GREEN,6,6
nordic_walk,nordic_walk,0.97,1,GREEN,6,6
nordic_walk,nordic_walk,0.968,1,GREEN,6,6
nordic_walk,nordic_walk,0.968,1,GREEN,6,6
nordic_walk,nordic_walk,0.964,1,GREEN,6,6
nordic_walk,nordic_walk,0.962,1,GREEN,6,6
nordic_walk,nordic_walk,0.967,1,GREEN,6,6
nordic_walk,nordic_walk,0.962,1,GREEN,6,6
nordic_walk,nordic_walk,0.959,1,GREEN,6,6
nordic_walk,nordic_walk,0.964,1,GREEN,6,6
nordic_walk,nordic_walk,0.978,1,GREEN,6,6
nordic_walk,nordic_walk,0.921,1,GREEN,6,6
nordic_walk,nordic_walk,0.9,1,GREEN,6,6
nordic_walk,nordic_walk,0.951,1,GREEN,6,6
nordic_walk,nordic_walk,0.969,1,GREEN,6,6
nordic_walk,nordic_walk,0.972,1,GREEN,6,6
nordic_walk,nordic_walk,0.968,1,GREEN,6,6
nordic_walk,nordic_walk,0.959,1,GREEN,6,6
nordic_walk,nordic_walk,0.965,1,GREEN,6,6
nordic_walk,nordic_walk,0.956,1,GREEN,6,6
nordic_walk,nordic_walk,0.949,1,GREEN,6,6
nordic_walk,nordic_walk,0.951,1,GREEN,6,6
nordic_walk,nordic_walk,0.953,1,GREEN,6,6
nordic_walk,nordic_walk,0.951,1,GREEN,6,6
nordic_walk,nordic_walk,0.973,1,GREEN,6,6
nordic_walk,nordic_walk,0.972,1,GREEN,6,6
nordic_walk,nordic_walk,0.971,1,GREEN,6,6
nordic_walk,nordic_walk,0.967,1,GREEN,6,6
nordic_walk,nordic_walk,0.965,1,GREEN,6,6
nordic_walk,nordic_walk,0.962,1,GREEN,6,6
nordic_walk,nordic_walk,0.958,1,GREEN,6,6
nordic_walk,nordic_walk,0.96,1,GREEN,6,6
nordic_walk,nordic_walk,0.965,1,GREEN,6,6
nordic_walk,nordic_walk,0.964,1,GREEN,6,6
nordic_walk,nordic_walk,0.963,1,GREEN,6,6
nordic_walk,nordic_walk,0.952,1,GREEN,6,6
nordic_walk,nordic_walk,0.975,1,GREEN,6,6
nordic_walk,nordic_walk,0.972,1,GREEN,6,6
nordic_walk,nordic_walk,0.967,1,GREEN,6,6
nordic_walk,nordic_walk,0.966,1,GREEN,6,6
nordic_walk,nordic_walk,0.962,1,GREEN,6,6
nordic_walk,nordic_walk,0.965,1,GREEN,6,6
nordic_walk,nordic_walk,0.969,1,GREEN,6,6
nordic_walk,nordic_walk,0.961,1,GREEN,6,6
nordic_walk,nordic_walk,0.957,1,GREEN,6,6
nordic_walk,nordic_walk,0.967,1,GREEN,6,6
nordic_walk,nordic_walk,0.969,1,GREEN,6,6
nordic_walk,nordic_walk,0.962,1,GREEN,6,6
nordic_walk,nordic_walk,0.977,1,GREEN,6,6
nordic_walk,nordic_walk,0.964,1,GREEN,6,6
nordic_walk,nordic_walk,0.958,1,GREEN,6,6
nordic_walk,nordic_walk,0.952,1,GREEN,6,6
nordic_walk,nordic_walk,0.955,1,GREEN,6,6
nordic_walk,nordic_walk,0.951,1,GREEN,6,6
nordic_walk,nordic_walk,0.96,1,GREEN,6,6
nordic_walk,nordic_walk,0.954,1,GREEN,6,6
nordic_walk,nordic_walk,0.958,1,GREEN,6,6
nordic_walk,nordic_walk,0.967,1,GREEN,6,6
nordic_walk,nordic_walk,0.966,1,GREEN,6,6
nordic_walk,nordic_walk,0.972,1,GREEN,6,6
nordic_walk,nordic_walk,0.96,1,GREEN,6,6
nordic_walk,nordic_walk,0.967,1,GREEN,6,6
nordic_walk,nordic_walk,0.972,1,GREEN,6,6
nordic_walk,nordic_walk,0.979,1,GREEN,6,6
nordic_walk,nordic_walk,0.971,1,GREEN,6,6
nordic_walk,nordic_walk,0.975,1,GREEN,6,6
nordic_walk,nordic_walk,0.969,1,GREEN,6,6
nordic_walk,nordic_walk,0.959,1,GREEN,6,6
nordic_walk,nordic_walk,0.952,1,GREEN,6,6
nordic_walk,nordic_walk,0.969,1,GREEN,6,6
nordic_walk,nordic_walk,0.967,1,GREEN,6,6
nordic_walk,nordic_walk,0.966,1,GREEN,6,6
nordic_walk,nordic_walk,0.954,1,GREEN,6,6
nordic_walk,nordic_walk,0.959,1,GREEN,6,6
nordic_walk,nordic_walk,0.969,1,GREEN,6,6
nordic_walk,nordic_walk,0.958,1,GREEN,6,6
nordic_walk,nordic_walk,0.964,1,GREEN,6,6
nordic_walk,nordic_walk,0.962,1,GREEN,6,6
nordic_walk,nordic_walk,0.964,1,GREEN,6,6
nordic_walk,nordic_walk,0.959,1,GREEN,6,6
nordic_walk,nordic_walk,0.967,1,GREEN,6,6
nordic_walk,nordic_walk,0.966,1,GREEN,6,6
nordic_walk,nordic_walk,0.964,1,GREEN,6,6
nordic_walk,nordic_walk,0.957,1,GREEN,6,6
nordic_walk,nordic_walk,0.959,1,GREEN,6,6
nordic_walk,nordic_walk,0.959,1,GREEN,6,6
nordic_walk,nordic_walk,0.964,1,GREEN,6,6
nordic_walk,nordic_walk,0.967,1,GREEN,6,6
nordic_walk,nordic_walk,0.971,1,GREEN,6,6
nordic_walk,nordic_walk,0.954,1,GREEN,6,6
nordic_walk,nordic_walk,0.962,1,GREEN,6,6
nordic_walk,nordic_walk,0.95,1,GREEN,6,6
nordic_walk,nordic_walk,0.965,1,GREEN,6,6
nordic_walk,nordic_walk,0.96,1,GREEN,6,6
nordic_walk,nordic_walk,0.967,1,GREEN,6,6
nordic_walk,nordic_walk,0.964,1,GREEN,6,6
nordic_walk,nordic_walk,0.961,1,GREEN,6,6
nordic_walk,nordic_walk,0.962,1,GREEN,6,6
nordic_walk,nordic_walk,0.965,1,GREEN,6,6
nordic_walk,nordic_walk,0.972,1,GREEN,6,6
nordic_walk,nordic_walk,0.956,1,GREEN,6,6
nordic_walk,nordic_walk,0.968,1,GREEN,6,6
nordic_walk,nordic_walk,0.968,1,GREEN,6,6
nordic_walk,nordic_walk,0.966,1,GREEN,6,6
nordic_walk,nordic_walk,0.955,1,GREEN,6,6
nordic_walk,nordic_walk,0.96,1,GREEN,6,6
nordic_walk,nordic_walk,0.964,1,GREEN,6,6
nordic_walk,nordic_walk,0.96,1,GREEN,6,6
nordic_walk,nordic_walk,0.964,1,GREEN,6,6
nordic_walk,nordic_walk,0.966,1,GREEN,6,6
nordic_walk,nordic_walk,0.966,1,GREEN,6,6
nordic_walk,nordic_walk,0.955,1,GREEN,6,6
nordic_walk,nordic_walk,0.96,1,GREEN,6,6
nordic_walk,nordic_walk,0.954,1,GREEN,6,6
nordic_walk,nordic_walk,0.965,1,GREEN,6,6
nordic_walk,nordic_walk,0.961,1,GREEN,6,6
nordic_walk,nordic_walk,0.965,1,GREEN,6,6
nordic_walk,nordic_walk,0.955,1,GREEN,6,6
nordic_walk,nordic_walk,0.974,1,GREEN,6,6
nordic_walk,nordic_walk,0.964,1,GREEN,6,6
nordic_walk,nordic_walk,0.975,1,GREEN,6,6
nordic_walk,nordic_walk,0.977,1,GREEN,6,6
nordic_walk,nordic_walk,0.964,1,GREEN,6,6
nordic_walk,nordic_walk,0.965,1,GREEN,6,6
nordic_walk,nordic_walk,0.973,1,GREEN,6,6
nordic_walk,nordic_walk,0.975,1,GREEN,6,6
nordic_walk,nordic_walk,0.968,1,GREEN,6,6
nordic_walk,nordic_walk,0.963,1,GREEN,6,6
nordic_walk,nordic_walk,0.973,1,GREEN,6,6
nordic_walk,nordic_walk,0.966,1,GREEN,6,6
nordic_walk,nordic_walk,0.964,1,GREEN,6,6
nordic_walk,nordic_walk,0.961,1,GREEN,6,6
nordic_walk,nordic_walk,0.962,1,GREEN,6,6
nordic_walk,nordic_walk,0.967,1,GREEN,6,6
nordic_walk,nordic_walk,0.924,1,GREEN,6,6
nordic_walk,nordic_walk,0.969,1,GREEN,6,6
nordic_walk,nordic_walk,0.966,1,GREEN,6,6
nordic_walk,nordic_walk,0.973,1,GREEN,6,6
nordic_walk,nordic_walk,0.968,1,GREEN,6,6
nordic_walk,nordic_walk,0.974,1,GREEN,6,6
nordic_walk,nordic_walk,0.971,1,GREEN,6,6
nordic_walk,nordic_walk,0.971,1,GREEN,6,6
nordic_walk,nordic_walk,0.969,1,GREEN,6,6
nordic_walk,nordic_walk,0.971,1,GREEN,6,6
nordic_walk,nordic_walk,0.974,1,GREEN,6,6
nordic_walk,nordic_walk,0.973,1,GREEN,6,6
nordic_walk,nordic_walk,0.977,1,GREEN,6,6
nordic_walk,nordic_walk,0.974,1,GREEN,6,6
nordic_walk,nordic_walk,0.978,1,GREEN,6,6
nordic_walk,nordic_walk,0.977,1,GREEN,6,6
nordic_walk,nordic_walk,0.98,1,GREEN,6,6
nordic_walk,nordic_walk,0.976,1,GREEN,6,6
nordic_walk,nordic_walk,0.978,1,GREEN,6,6
nordic_walk,nordic_walk,0.974,1,GREEN,6,6
nordic_walk,nordic_walk,0.977,1,GREEN,6,6
nordic_walk,nordic_walk,0.98,1,GREEN,6,6
nordic_walk,nordic_walk,0.982,1,GREEN,6,6
nordic_walk,nordic_walk,0.977,1,GREEN,6,6
nordic_walk,nordic_walk,0.98,1,GREEN,6,6
nordic_walk,nordic_walk,0.979,1,GREEN,6,6
nordic_walk,nordic_walk,0.98,1,GREEN,6,6
nordic_walk,nordic_walk,0.981,1,GREEN,6,6
nordic_walk,nordic_walk,0.975,1,GREEN,6,6
nordic_walk,nordic_walk,0.978,1,GREEN,6,6
nordic_walk,nordic_walk,0.971,1,GREEN,6,6
nordic_walk,nordic_walk,0.977,1,GREEN,6,6
nordic_walk,nordic_walk,0.978,1,GREEN,6,6
nordic_walk,nordic_walk,0.978,1,GREEN,6,6
nordic_walk,nordic_walk,0.979,1,GREEN,6,6
nordic_walk,nordic_walk,0.97,1,GREEN,6,6
nordic_walk,nordic_walk,0.984,1,GREEN,6,6
nordic_walk,nordic_walk,0.977,1,GREEN,6,6
nordic_walk,nordic_walk,0.966,1,GREEN,6,6
nordic_walk,nordic_walk,0.976,1,GREEN,6,6
nordic_walk,nordic_walk,0.976,1,GREEN,6,6
nordic_walk,nordic_walk,0.973,1,GREEN,6,6
nordic_walk,nordic_walk,0.972,1,GREEN,6,6
nordic_walk,nordic_walk,0.972,1,GREEN,6,6
nordic_walk,nordic_walk,0.969,1,GREEN,6,6
nordic_walk,nordic_walk,0.969,1,GREEN,6,6
nordic_walk,nordic_walk,0.969,1,GREEN,6,6
nordic_walk,nordic_walk,0.972,1,GREEN,6,6
nordic_walk,nordic_walk,0.973,1,GREEN,6,6
nordic_walk,nordic_walk,0.974,1,GREEN,6,6
nordic_walk,nordic_walk,0.976,1,GREEN,6,6
nordic_walk,nordic_walk,0.964,1,GREEN,6,6
nordic_walk,nordic_walk,0.974,1,GREEN,6,6
nordic_walk,nordic_walk,0.975,1,GREEN,6,6
nordic_walk,nordic_walk,0.971,1,GREEN,6,6
nordic_walk,nordic_walk,0.97,1,GREEN,6,6
nordic_walk,nordic_walk,0.975,1,GREEN,6,6
nordic_walk,nordic_walk,0.969,1,GREEN,6,6
nordic_walk,nordic_walk,0.972,1,GREEN,6,6
nordic_walk,nordic_walk,0.97,1,GREEN,6,6
nordic_walk,nordic_walk,0.974,1,GREEN,6,6
nordic_walk,nordic_walk,0.971,1,GREEN,6,6
nordic_walk,nordic_walk,0.976,1,GREEN,6,6
nordic_walk,nordic_walk,0.976,1,GREEN,6,6
nordic_walk,nordic_walk,0.774,1,GREEN,6,6
nordic_walk,nordic_walk,0.371,1,RED,6,6
nordic_walk,nordic_walk,0.716,1,YELLOW,6,6
nordic_walk,nordic_walk,0.971,1,GREEN,6,6
nordic_walk,nordic_walk,0.978,1,GREEN,6,6
nordic_walk,nordic_walk,0.969,1,GREEN,6,6
nordic_walk,nordic_walk,0.968,1,GREEN,6,6
nordic_walk,nordic_walk,0.982,1,GREEN,6,6
nordic_walk,nordic_walk,0.977,1,GREEN,6,6
nordic_walk,nordic_walk,0.971,1,GREEN,6,6
nordic_walk,nordic_walk,0.97,1,GREEN,6,6
nordic_walk,nordic_walk,0.972,1,GREEN,6,6
nordic_walk,nordic_walk,0.976,1,GREEN,6,6
nordic_walk,nordic_walk,0.972,1,GREEN,6,6
nordic_walk,nordic_walk,0.974,1,GREEN,6,6
nordic_walk,nordic_walk,0.971,1,GREEN,6,6
nordic_walk,nordic_walk,0.973,1,GREEN,6,6
nordic_walk,nordic_walk,0.816,1,GREEN,6,6
nordic_walk,nordic_walk,0.953,1,GREEN,6,6
nordic_walk,nordic_walk,0.97,1,GREEN,6,6
nordic_walk,nordic_walk,0.978,1,GREEN,6,6
nordic_walk,nordic_walk,0.974,1,GREEN,6,6
nordic_walk,nordic_walk,0.979,1,GREEN,6,6
nordic_walk,nordic_walk,0.967,1,GREEN,6,6
nordic_walk,nordic_walk,0.974,1,GREEN,6,6
nordic_walk,nordic_walk,0.968,1,GREEN,6,6
nordic_walk,nordic_walk,0.969,1,GREEN,6,6
nordic_walk,nordic_walk,0.966,1,GREEN,6,6
nordic_walk,nordic_walk,0.97,1,GREEN,6,6
nordic_walk,nordic_walk,0.958,1,GREEN,6,6
nordic_walk,nordic_walk,0.966,1,GREEN,6,6
nordic_walk,nordic_walk,0.965,1,GREEN,6,6
nordic_walk,nordic_walk,0.967,1,GREEN,6,6
nordic_walk,nordic_walk,0.97,1,GREEN,6,6
nordic_walk,nordic_walk,0.975,1,GREEN,6,6
nordic_walk,nordic_walk,0.975,1,GREEN,6,6
nordic_walk,nordic_walk,0.972,1,GREEN,6,6
nordic_walk,nordic_walk,0.967,1,GREEN,6,6
nordic_walk,nordic_walk,0.97,1,GREEN,6,6
nordic_walk,nordic_walk,0.978,1,GREEN,6,6
nordic_walk,nordic_walk,0.978,1,GREEN,6,6
nordic_walk,nordic_walk,0.98,1,GREEN,6,6
nordic_walk,nordic_walk,0.981,1,GREEN,6,6
nordic_walk,nordic_walk,0.976,1,GREEN,6,6
nordic_walk,nordic_walk,0.976,1,GREEN,6,6
nordic_walk,nordic_walk,0.978,1,GREEN,6,6
nordic_walk,nordic_walk,0.978,1,GREEN,6,6
nordic_walk,nordic_walk,0.971,1,GREEN,6,6
nordic_walk,nordic_walk,0.962,1,GREEN,6,6
nordic_walk,nordic_walk,0.981,1,GREEN,6,6
nordic_walk,nordic_walk,0.969,1,GREEN,6,6
nordic_walk,nordic_walk,0.967,1,GREEN,6,6
nordic_walk,nordic_walk,0.941,1,GREEN,6,6
nordic_walk,nordic_walk,0.974,1,GREEN,6,6
nordic_walk,nordic_walk,0.968,1,GREEN,6,6
nordic_walk,nordic_walk,0.93,1,GREEN,6,6
nordic_walk,nordic_walk,0.949,1,GREEN,6,6
nordic_walk,nordic_walk,0.946,1,GREEN,6,6
nordic_walk,nordic_walk,0.943,1,GREEN,6,6
nordic_walk,nordic_walk,0.922,1,GREEN,6,6
nordic_walk,nordic_walk,0.937,1,GREEN,6,6
nordic_walk,nordic_walk,0.931,1,GREEN,6,6
cycling,nordic_walk,0.927,0,GREEN,5,6
cycling,cycling,0.926,1,GREEN,5,5
cycling,cycling,0.925,1,GREEN,5,5
cycling,cycling,0.927,1,GREEN,5,5
cycling,cycling,0.927,1,GREEN,5,5
cycling,cycling,0.928,1,GREEN,5,5
cycling,cycling,0.929,1,GREEN,5,5
cycling,cycling,0.924,1,GREEN,5,5
cycling,cycling,0.923,1,GREEN,5,5
cycling,cycling,0.901,1,GREEN,5,5
cycling,cycling,0.855,1,GREEN,5,5
cycling,cycling,0.627,1,YELLOW,5,5
cycling,cycling,0.525,1,YELLOW,5,5
cycling,cycling,0.977,1,GREEN,5,5
cycling,cycling,0.953,1,GREEN,5,5
cycling,cycling,0.969,1,GREEN,5,5
cycling,cycling,0.975,1,GREEN,5,5
cycling,cycling,0.975,1,GREEN,5,5
cycling,cycling,0.949,1,GREEN,5,5
cycling,cycling,0.961,1,GREEN,5,5
cycling,cycling,0.976,1,GREEN,5,5
cycling,cycling,0.976,1,GREEN,5,5
cycling,cycling,0.977,1,GREEN,5,5
cycling,cycling,0.976,1,GREEN,5,5
cycling,cycling,0.977,1,GREEN,5,5
cycling,cycling,0.971,1,GREEN,5,5
cycling,cycling,0.976,1,GREEN,5,5
cycling,cycling,0.977,1,GREEN,5,5
cycling,cycling,0.97,1,GREEN,5,5
cycling,cycling,0.977,1,GREEN,5,5
cycling,cycling,0.975,1,GREEN,5,5
cycling,cycling,0.968,1,GREEN,5,5
cycling,cycling,0.977,1,GREEN,5,5
cycling,cycling,0.971,1,GREEN,5,5
cycling,cycling,0.971,1,GREEN,5,5
cycling,cycling,0.966,1,GREEN,5,5
cycling,cycling,0.975,1,GREEN,5,5
cycling,cycling,0.972,1,GREEN,5,5
cycling,cycling,0.96,1,GREEN,5,5
cycling,cycling,0.97,1,GREEN,5,5
cycling,cycling,0.972,1,GREEN,5,5
cycling,cycling,0.954,1,GREEN,5,5
cycling,cycling,0.975,1,GREEN,5,5
cycling,cycling,0.97,1,GREEN,5,5
cycling,cycling,0.973,1,GREEN,5,5
cycling,cycling,0.968,1,GREEN,5,5
cycling,cycling,0.973,1,GREEN,5,5
cycling,cycling,0.963,1,GREEN,5,5
cycling,cycling,0.971,1,GREEN,5,5
cycling,cycling,0.969,1,GREEN,5,5
cycling,cycling,0.972,1,GREEN,5,5
cycling,cycling,0.966,1,GREEN,5,5
cycling,cycling,0.959,1,GREEN,5,5
cycling,cycling,0.964,1,GREEN,5,5
cycling,cycling,0.959,1,GREEN,5,5
cycling,cycling,0.936,1,GREEN,5,5
cycling,cycling,0.925,1,GREEN,5,5
cycling,cycling,0.942,1,GREEN,5,5
cycling,cycling,0.941,1,GREEN,5,5
cycling,cycling,0.981,1,GREEN,5,5
cycling,cycling,0.977,1,GREEN,5,5
cycling,cycling,0.973,1,GREEN,5,5
cycling,cycling,0.914,1,GREEN,5,5
cycling,cycling,0.965,1,GREEN,5,5
cycling,cycling,0.96,1,GREEN,5,5
cycling,cycling,0.936,1,GREEN,5,5
cycling,cycling,0.958,1,GREEN,5,5
cycling,cycling,0.968,1,GREEN,5,5
cycling,cycling,0.96,1,GREEN,5,5
cycling,cycling,0.956,1,GREEN,5,5
cycling,cycling,0.953,1,GREEN,5,5
cycling,cycling,0.974,1,GREEN,5,5
cycling,cycling,0.974,1,GREEN,5,5
cycling,cycling,0.967,1,GREEN,5,5
cycling,cycling,0.968,1,GREEN,5,5
cycling,cycling,0.973,1,GREEN,5,5
cycling,cycling,0.972,1,GREEN,5,5
cycling,cycling,0.969,1,GREEN,5,5
cycling,cycling,0.972,1,GREEN,5,5
cycling,cycling,0.977,1,GREEN,5,5
cycling,cycling,0.977,1,GREEN,5,5
cycling,cycling,0.976,1,GREEN,5,5
cycling,cycling,0.974,1,GREEN,5,5
cycling,cycling,0.974,1,GREEN,5,5
cycling,cycling,0.973,1,GREEN,5,5
cycling,cycling,0.963,1,GREEN,5,5
cycling,cycling,0.95,1,GREEN,5,5
cycling,cycling,0.921,1,GREEN,5,5
cycling,cycling,0.945,1,GREEN,5,5
cycling,cycling,0.948,1,GREEN,5,5
cycling,cycling,0.972,1,GREEN,5,5
cycling,cycling,0.978,1,GREEN,5,5
cycling,cycling,0.965,1,GREEN,5,5
cycling,cycling,0.961,1,GREEN,5,5
cycling,cycling,0.963,1,GREEN,5,5
cycling,cycling,0.972,1,GREEN,5,5
cycling,cycling,0.977,1,GREEN,5,5
cycling,cycling,0.97,1,GREEN,5,5
cycling,cycling,0.976,1,GREEN,5,5
cycling,cycling,0.978,1,GREEN,5,5
cycling,cycling,0.979,1,GREEN,5,5
cycling,cycling,0.959,1,GREEN,5,5
cycling,cycling,0.97,1,GREEN,5,5
cycling,cycling,0.969,1,GREEN,5,5
cycling,cycling,0.964,1,GREEN,5,5
cycling,cycling,0.967,1,GREEN,5,5
cycling,cycling,0.965,1,GREEN,5,5
cycling,cycling,0.969,1,GREEN,5,5
cycling,cycling,0.954,1,GREEN,5,5
cycling,cycling,0.958,1,GREEN,5,5
cycling,cycling,0.971,1,GREEN,5,5
cycling,cycling,0.972,1,GREEN,5,5
cycling,cycling,0.968,1,GREEN,5,5
cycling,cycling,0.963,1,GREEN,5,5
cycling,cycling,0.963,1,GREEN,5,5
cycling,cycling,0.962,1,GREEN,5,5
cycling,cycling,0.971,1,GREEN,5,5
cycling,cycling,0.975,1,GREEN,5,5
cycling,cycling,0.974,1,GREEN,5,5
cycling,cycling,0.977,1,GREEN,5,5
cycling,cycling,0.968,1,GREEN,5,5
cycling,cycling,0.971,1,GREEN,5,5
cycling,cycling,0.968,1,GREEN,5,5
cycling,cycling,0.953,1,GREEN,5,5
cycling,cycling,0.841,1,GREEN,5,5
cycling,cycling,0.934,1,GREEN,5,5
cycling,cycling,0.968,1,GREEN,5,5
cycling,cycling,0.962,1,GREEN,5,5
cycling,cycling,0.958,1,GREEN,5,5
cycling,cycling,0.951,1,GREEN,5,5
cycling,cycling,0.933,1,GREEN,5,5
cycling,cycling,0.926,1,GREEN,5,5
cycling,cycling,0.909,1,GREEN,5,5
cycling,cycling,0.971,1,GREEN,5,5
cycling,cycling,0.978,1,GREEN,5,5
cycling,cycling,0.977,1,GREEN,5,5
cycling,cycling,0.974,1,GREEN,5,5
cycling,cycling,0.968,1,GREEN,5,5
cycling,cycling,0.971,1,GREEN,5,5
cycling,cycling,0.969,1,GREEN,5,5
cycling,cycling,0.956,1,GREEN,5,5
cycling,cycling,0.948,1,GREEN,5,5
cycling,cycling,0.737,1,YELLOW,5,5
cycling,cycling,0.76,1,GREEN,5,5
cycling,cycling,0.925,1,GREEN,5,5
cycling,cycling,0.738,1,YELLOW,5,5
cycling,cycling,0.875,1,GREEN,5,5
cycling,cycling,0.952,1,GREEN,5,5
cycling,cycling,0.97,1,GREEN,5,5
cycling,cycling,0.963,1,GREEN,5,5
cycling,cycling,0.968,1,GREEN,5,5
cycling,cycling,0.978,1,GREEN,5,5
cycling,cycling,0.972,1,GREEN,5,5
cycling,cycling,0.974,1,GREEN,5,5
cycling,cycling,0.972,1,GREEN,5,5
cycling,cycling,0.978,1,GREEN,5,5
cycling,cycling,0.976,1,GREEN,5,5
cycling,cycling,0.976,1,GREEN,5,5
cycling,cycling,0.972,1,GREEN,5,5
cycling,cycling,0.969,1,GREEN,5,5
cycling,cycling,0.969,1,GREEN,5,5
cycling,cycling,0.93,1,GREEN,5,5
cycling,cycling,0.958,1,GREEN,5,5
cycling,cycling,0.966,1,GREEN,5,5
cycling,cycling,0.969,1,GREEN,5,5
cycling,cycling,0.97,1,GREEN,5,5
cycling,cycling,0.977,1,GREEN,5,5
cycling,cycling,0.978,1,GREEN,5,5
cycling,cycling,0.973,1,GREEN,5,5
cycling,cycling,0.971,1,GREEN,5,5
cycling,cycling,0.963,1,GREEN,5,5
cycling,cycling,0.957,1,GREEN,5,5
cycling,cycling,0.974,1,GREEN,5,5
cycling,cycling,0.977,1,GREEN,5,5
cycling,cycling,0.973,1,GREEN,5,5
cycling,cycling,0.971,1,GREEN,5,5
cycling,cycling,0.979,1,GREEN,5,5
cycling,cycling,0.972,1,GREEN,5,5
cycling,cycling,0.975,1,GREEN,5,5
cycling,cycling,0.974,1,GREEN,5,5
cycling,cycling,0.971,1,GREEN,5,5
cycling,cycling,0.969,1,GREEN,5,5
cycling,cycling,0.968,1,GREEN,5,5
cycling,cycling,0.972,1,GREEN,5,5
cycling,cycling,0.968,1,GREEN,5,5
cycling,cycling,0.971,1,GREEN,5,5
cycling,cycling,0.974,1,GREEN,5,5
cycling,cycling,0.968,1,GREEN,5,5
cycling,cycling,0.973,1,GREEN,5,5
cycling,cycling,0.972,1,GREEN,5,5
cycling,cycling,0.972,1,GREEN,5,5
cycling,cycling,0.966,1,GREEN,5,5
cycling,cycling,0.969,1,GREEN,5,5
cycling,cycling,0.977,1,GREEN,5,5
cycling,cycling,0.978,1,GREEN,5,5
cycling,cycling,0.979,1,GREEN,5,5
cycling,cycling,0.974,1,GREEN,5,5
cycling,cycling,0.976,1,GREEN,5,5
cycling,cycling,0.965,1,GREEN,5,5
cycling,cycling,0.974,1,GREEN,5,5
cycling,cycling,0.969,1,GREEN,5,5
cycling,cycling,0.965,1,GREEN,5,5
cycling,cycling,0.972,1,GREEN,5,5
cycling,cycling,0.965,1,GREEN,5,5
cycling,cycling,0.966,1,GREEN,5,5
cycling,cycling,0.962,1,GREEN,5,5
cycling,cycling,0.956,1,GREEN,5,5
cycling,cycling,0.934,1,GREEN,5,5
cycling,cycling,0.963,1,GREEN,5,5
cycling,cycling,0.978,1,GREEN,5,5
cycling,cycling,0.976,1,GREEN,5,5
cycling,cycling,0.945,1,GREEN,5,5
cycling,cycling,0.951,1,GREEN,5,5
cycling,cycling,0.959,1,GREEN,5,5
cycling,cycling,0.964,1,GREEN,5,5
cycling,cycling,0.944,1,GREEN,5,5
cycling,cycling,0.919,1,GREEN,5,5
cycling,cycling,0.801,1,GREEN,5,5
cycling,cycling,0.567,1,YELLOW,5,5
cycling,cycling,0.936,1,GREEN,5,5
cycling,cycling,0.969,1,GREEN,5,5
cycling,cycling,0.975,1,GREEN,5,5
cycling,cycling,0.956,1,GREEN,5,5
cycling,cycling,0.943,1,GREEN,5,5
cycling,cycling,0.963,1,GREEN,5,5
cycling,cycling,0.976,1,GREEN,5,5
cycling,cycling,0.968,1,GREEN,5,5
cycling,cycling,0.976,1,GREEN,5,5
cycling,cycling,0.973,1,GREEN,5,5
cycling,cycling,0.972,1,GREEN,5,5
cycling,cycling,0.978,1,GREEN,5,5
cycling,cycling,0.977,1,GREEN,5,5
cycling,cycling,0.977,1,GREEN,5,5
cycling,cycling,0.969,1,GREEN,5,5
cycling,cycling,0.972,1,GREEN,5,5
cycling,cycling,0.966,1,GREEN,5,5
cycling,cycling,0.967,1,GREEN,5,5
cycling,cycling,0.973,1,GREEN,5,5
cycling,cycling,0.975,1,GREEN,5,5
cycling,cycling,0.976,1,GREEN,5,5
cycling,cycling,0.975,1,GREEN,5,5
cycling,cycling,0.947,1,GREEN,5,5
cycling,cycling,0.95,1,GREEN,5,5
cycling,cycling,0.966,1,GREEN,5,5
cycling,cycling,0.968,1,GREEN,5,5
cycling,cycling,0.975,1,GREEN,5,5
cycling,cycling,0.975,1,GREEN,5,5
cycling,cycling,0.978,1,GREEN,5,5
cycling,cycling,0.596,1,YELLOW,5,5
cycling,cycling,0.917,1,GREEN,5,5
cycling,cycling,0.983,1,GREEN,5,5
cycling,cycling,0.977,1,GREEN,5,5
cycling,cycling,0.976,1,GREEN,5,5
cycling,cycling,0.976,1,GREEN,5,5
cycling,cycling,0.973,1,GREEN,5,5
cycling,cycling,0.974,1,GREEN,5,5
cycling,cycling,0.97,1,GREEN,5,5
cycling,cycling,0.963,1,GREEN,5,5
cycling,cycling,0.962,1,GREEN,5,5
cycling,cycling,0.961,1,GREEN,5,5
cycling,cycling,0.965,1,GREEN,5,5
cycling,cycling,0.972,1,GREEN,5,5
cycling,cycling,0.975,1,GREEN,5,5
cycling,cycling,0.967,1,GREEN,5,5
cycling,cycling,0.961,1,GREEN,5,5
cycling,cycling,0.967,1,GREEN,5,5
cycling,cycling,0.969,1,GREEN,5,5
cycling,cycling,0.971,1,GREEN,5,5
cycling,cycling,0.969,1,GREEN,5,5
cycling,cycling,0.976,1,GREEN,5,5
cycling,cycling,0.969,1,GREEN,5,5
cycling,cycling,0.977,1,GREEN,5,5
cycling,cycling,0.968,1,GREEN,5,5
cycling,cycling,0.957,1,GREEN,5,5
cycling,cycling,0.859,1,GREEN,5,5
cycling,cycling,0.947,1,GREEN,5,5
cycling,cycling,0.959,1,GREEN,5,5
cycling,cycling,0.948,1,GREEN,5,5
cycling,cycling,0.961,1,GREEN,5,5
cycling,cycling,0.95,1,GREEN,5,5
cycling,cycling,0.954,1,GREEN,5,5
cycling,cycling,0.926,1,GREEN,5,5
cycling,cycling,0.952,1,GREEN,5,5
cycling,cycling,0.978,1,GREEN,5,5
cycling,cycling,0.975,1,GREEN,5,5
cycling,cycling,0.974,1,GREEN,5,5
cycling,cycling,0.973,1,GREEN,5,5
cycling,cycling,0.963,1,GREEN,5,5
cycling,cycling,0.958,1,GREEN,5,5
cycling,cycling,0.963,1,GREEN,5,5
cycling,cycling,0.729,1,YELLOW,5,5
cycling,cycling,0.76,1,GREEN,5,5
cycling,cycling,0.948,1,GREEN,5,5
cycling,cycling,0.947,1,GREEN,5,5
cycling,cycling,0.973,1,GREEN,5,5
cycling,cycling,0.97,1,GREEN,5,5
cycling,cycling,0.969,1,GREEN,5,5
cycling,cycling,0.961,1,GREEN,5,5
cycling,cycling,0.952,1,GREEN,5,5
cycling,cycling,0.966,1,GREEN,5,5
cycling,cycling,0.971,1,GREEN,5,5
cycling,cycling,0.974,1,GREEN,5,5
cycling,cycling,0.972,1,GREEN,5,5
cycling,cycling,0.974,1,GREEN,5,5
cycling,cycling,0.971,1,GREEN,5,5
cycling,cycling,0.974,1,GREEN,5,5
cycling,cycling,0.967,1,GREEN,5,5
cycling,cycling,0.963,1,GREEN,5,5
cycling,cycling,0.964,1,GREEN,5,5
cycling,cycling,0.967,1,GREEN,5,5
cycling,cycling,0.95,1,GREEN,5,5
cycling,cycling,0.954,1,GREEN,5,5
cycling,cycling,0.967,1,GREEN,5,5
cycling,cycling,0.975,1,GREEN,5,5
cycling,cycling,0.972,1,GREEN,5,5
cycling,cycling,0.978,1,GREEN,5,5
cycling,cycling,0.935,1,GREEN,5,5
cycling,cycling,0.926,1,GREEN,5,5
cycling,cycling,0.97,1,GREEN,5,5
cycling,cycling,0.973,1,GREEN,5,5
cycling,cycling,0.967,1,GREEN,5,5
cycling,cycling,0.972,1,GREEN,5,5
cycling,cycling,0.96,1,GREEN,5,5
cycling,cycling,0.964,1,GREEN,5,5
cycling,cycling,0.961,1,GREEN,5,5
cycling,cycling,0.967,1,GREEN,5,5
cycling,cycling,0.97,1,GREEN,5,5
cycling,cycling,0.963,1,GREEN,5,5
cycling,cycling,0.957,1,GREEN,5,5
cycling,cycling,0.95,1,GREEN,5,5
cycling,cycling,0.967,1,GREEN,5,5
cycling,cycling,0.956,1,GREEN,5,5
cycling,cycling,0.958,1,GREEN,5,5
cycling,cycling,0.968,1,GREEN,5,5
cycling,cycling,0.967,1,GREEN,5,5
cycling,cycling,0.966,1,GREEN,5,5
cycling,cycling,0.966,1,GREEN,5,5
cycling,cycling,0.957,1,GREEN,5,5
cycling,cycling,0.964,1,GREEN,5,5
cycling,cycling,0.97,1,GREEN,5,5
cycling,cycling,0.966,1,GREEN,5,5
cycling,cycling,0.97,1,GREEN,5,5
cycling,cycling,0.974,1,GREEN,5,5
cycling,cycling,0.976,1,GREEN,5,5
cycling,cycling,0.978,1,GREEN,5,5
cycling,cycling,0.976,1,GREEN,5,5
cycling,cycling,0.97,1,GREEN,5,5
cycling,cycling,0.643,1,YELLOW,5,5
cycling,cycling,0.816,1,GREEN,5,5
cycling,cycling,0.939,1,GREEN,5,5
cycling,cycling,0.957,1,GREEN,5,5
cycling,cycling,0.962,1,GREEN,5,5
cycling,cycling,0.953,1,GREEN,5,5
cycling,cycling,0.957,1,GREEN,5,5
cycling,cycling,0.937,1,GREEN,5,5
cycling,cycling,0.915,1,GREEN,5,5
cycling,cycling,0.957,1,GREEN,5,5
cycling,cycling,0.96,1,GREEN,5,5
cycling,cycling,0.975,1,GREEN,5,5
cycling,cycling,0.969,1,GREEN,5,5
cycling,cycling,0.975,1,GREEN,5,5
cycling,cycling,0.974,1,GREEN,5,5
cycling,cycling,0.954,1,GREEN,5,5
cycling,cycling,0.898,1,GREEN,5,5
cycling,cycling,0.877,1,GREEN,5,5
cycling,cycling,0.533,1,YELLOW,5,5
cycling,cycling,0.912,1,GREEN,5,5
cycling,cycling,0.966,1,GREEN,5,5
cycling,cycling,0.952,1,GREEN,5,5
cycling,cycling,0.968,1,GREEN,5,5
cycling,cycling,0.963,1,GREEN,5,5
cycling,cycling,0.954,1,GREEN,5,5
cycling,cycling,0.956,1,GREEN,5,5
cycling,cycling,0.968,1,GREEN,5,5
cycling,cycling,0.965,1,GREEN,5,5
cycling,cycling,0.976,1,GREEN,5,5
cycling,cycling,0.971,1,GREEN,5,5
cycling,cycling,0.972,1,GREEN,5,5
cycling,cycling,0.972,1,GREEN,5,5
cycling,cycling,0.973,1,GREEN,5,5
cycling,cycling,0.976,1,GREEN,5,5
cycling,cycling,0.969,1,GREEN,5,5
cycling,cycling,0.973,1,GREEN,5,5
cycling,cycling,0.97,1,GREEN,5,5
cycling,cycling,0.958,1,GREEN,5,5
cycling,cycling,0.905,1,GREEN,5,5
cycling,cycling,0.942,1,GREEN,5,5
cycling,cycling,0.956,1,GREEN,5,5
cycling,cycling,0.964,1,GREEN,5,5
cycling,cycling,0.94,1,GREEN,5,5
cycling,cycling,0.966,1,GREEN,5,5
cycling,cycling,0.922,1,GREEN,5,5
cycling,cycling,0.961,1,GREEN,5,5
cycling,cycling,0.961,1,GREEN,5,5
cycling,cycling,0.949,1,GREEN,5,5
cycling,cycling,0.9,1,GREEN,5,5
cycling,cycling,0.072,1,RED,5,5
cycling,cycling,0.02,1,RED,5,5
cycling,cycling,0.093,1,RED,5,5
cycling,cycling,0.022,1,RED,5,5
cycling,cycling,0.017,1,RED,5,5
cycling,cycling,0.012,1,RED,5,5
cycling,cycling,0.011,1,RED,5,5
cycling,cycling,0.01,1,RED,5,5
cycling,cycling,0.013,1,RED,5,5
cycling,stairs_up,0.013,0,RED,5,7
cycling,stairs_up,0.007,0,RED,5,7
running,stairs_up,0.021,0,RED,4,7
running,stairs_up,0.021,0,RED,4,7
running,stairs_up,0.021,0,RED,4,7
running,stairs_up,0.022,0,RED,4,7
running,stairs_up,0.021,0,RED,4,7
running,stairs_up,0.024,0,RED,4,7
running,running,0.022,1,RED,4,4
running,running,0.021,1,RED,4,4
running,running,0.02,1,RED,4,4
running,running,0.021,1,RED,4,4
running,running,0.023,1,RED,4,4
running,running,0.019,1,RED,4,4
running,running,0.026,1,RED,4,4
running,running,0.005,1,RED,4,4
running,running,0.014,1,RED,4,4
running,running,0.952,1,GREEN,4,4
running,running,0.986,1,GREEN,4,4
running,running,0.985,1,GREEN,4,4
running,running,0.975,1,GREEN,4,4
running,running,0.982,1,GREEN,4,4
running,running,0.982,1,GREEN,4,4
running,running,0.924,1,GREEN,4,4
running,running,0.982,1,GREEN,4,4
running,running,0.984,1,GREEN,4,4
running,running,0.98,1,GREEN,4,4
running,running,0.979,1,GREEN,4,4
running,running,0.978,1,GREEN,4,4
running,running,0.975,1,GREEN,4,4
running,running,0.977,1,GREEN,4,4
running,running,0.983,1,GREEN,4,4
running,running,0.956,1,GREEN,4,4
running,running,0.979,1,GREEN,4,4
running,running,0.978,1,GREEN,4,4
running,running,0.973,1,GREEN,4,4
running,running,0.936,1,GREEN,4,4
running,running,0.958,1,GREEN,4,4
running,running,0.943,1,GREEN,4,4
running,running,0.639,1,YELLOW,4,4
running,running,0.831,1,GREEN,4,4
running,running,0.835,1,GREEN,4,4
running,running,0.964,1,GREEN,4,4
running,running,0.874,1,GREEN,4,4
running,running,0.839,1,GREEN,4,4
running,running,0.965,1,GREEN,4,4
running,running,0.9,1,GREEN,4,4
running,running,0.819,1,GREEN,4,4
running,running,0.945,1,GREEN,4,4
running,running,0.954,1,GREEN,4,4
running,running,0.942,1,GREEN,4,4
running,running,0.974,1,GREEN,4,4
running,running,0.953,1,GREEN,4,4
running,running,0.763,1,GREEN,4,4
running,running,0.728,1,YELLOW,4,4
running,running,0.413,1,RED,4,4
running,running,0.901,1,GREEN,4,4
running,running,0.861,1,GREEN,4,4
running,running,0.811,1,GREEN,4,4
running,running,0.978,1,GREEN,4,4
running,running,0.96,1,GREEN,4,4
running,running,0.957,1,GREEN,4,4
running,running,0.973,1,GREEN,4,4
running,running,0.949,1,GREEN,4,4
running,running,0.945,1,GREEN,4,4
running,running,0.944,1,GREEN,4,4
running,running,0.974,1,GREEN,4,4
running,running,0.974,1,GREEN,4,4
running,running,0.974,1,GREEN,4,4
running,running,0.973,1,GREEN,4,4
running,running,0.951,1,GREEN,4,4
running,running,0.807,1,GREEN,4,4
running,running,0.835,1,GREEN,4,4
running,running,0.914,1,GREEN,4,4
running,running,0.879,1,GREEN,4,4
running,running,0.928,1,GREEN,4,4
running,running,0.879,1,GREEN,4,4
running,running,0.725,1,YELLOW,4,4
running,running,0.959,1,GREEN,4,4
running,running,0.937,1,GREEN,4,4
running,running,0.961,1,GREEN,4,4
running,running,0.945,1,GREEN,4,4
running,running,0.95,1,GREEN,4,4
running,running,0.967,1,GREEN,4,4
running,running,0.87,1,GREEN,4,4
running,running,0.944,1,GREEN,4,4
running,running,0.976,1,GREEN,4,4
running,running,0.964,1,GREEN,4,4
running,running,0.95,1,GREEN,4,4
running,running,0.912,1,GREEN,4,4
running,running,0.924,1,GREEN,4,4
running,running,0.919,1,GREEN,4,4
running,running,0.897,1,GREEN,4,4
running,running,0.614,1,YELLOW,4,4
running,running,0.886,1,GREEN,4,4
running,running,0.726,1,YELLOW,4,4
running,running,0.691,1,YELLOW,4,4
running,running,0.963,1,GREEN,4,4
running,running,0.766,1,GREEN,4,4
running,running,0.728,1,YELLOW,4,4
running,running,0.91,1,GREEN,4,4
running,running,0.45,1,YELLOW,4,4
running,running,0.545,1,YELLOW,4,4
running,running,0.586,1,YELLOW,4,4
running,running,0.649,1,YELLOW,4,4
running,running,0.303,1,RED,4,4
running,running,0.062,1,RED,4,4
running,running,0.457,1,YELLOW,4,4
running,running,0.949,1,GREEN,4,4
running,running,0.895,1,GREEN,4,4
running,running,0.894,1,GREEN,4,4
running,running,0.828,1,GREEN,4,4
running,running,0.137,1,RED,4,4
running,running,0.65,1,YELLOW,4,4
running,running,0.863,1,GREEN,4,4
running,running,0.939,1,GREEN,4,4
running,running,0.625,1,YELLOW,4,4
running,running,0.15,1,RED,4,4
running,running,0.474,1,YELLOW,4,4
running,running,0.588,1,YELLOW,4,4
running,running,0.736,1,YELLOW,4,4
running,running,0.898,1,GREEN,4,4
running,running,0.741,1,YELLOW,4,4
running,running,0.605,1,YELLOW,4,4
running,running,0.54,1,YELLOW,4,4
running,running,0.894,1,GREEN,4,4
running,running,0.906,1,GREEN,4,4
running,running,0.211,1,RED,4,4
running,running,0.664,1,YELLOW,4,4
running,running,0.824,1,GREEN,4,4
running,running,0.611,1,YELLOW,4,4
running,running,0.206,1,RED,4,4
running,running,0.806,1,GREEN,4,4
running,running,0.823,1,GREEN,4,4
running,running,0.916,1,GREEN,4,4
running,running,0.944,1,GREEN,4,4
running,running,0.08,1,RED,4,4
running,running,0.098,1,RED,4,4
running,running,0.387,1,RED,4,4
running,running,0.642,1,YELLOW,4,4
running,running,0.611,1,YELLOW,4,4
running,running,0.195,1,RED,4,4
running,running,0.151,1,RED,4,4
running,running,0.618,1,YELLOW,4,4
running,running,0.233,1,RED,4,4
running,running,0.64,1,YELLOW,4,4
running,running,0.884,1,GREEN,4,4
running,running,0.791,1,GREEN,4,4
running,running,0.532,1,YELLOW,4,4
running,running,0.687,1,YELLOW,4,4
running,running,0.363,1,RED,4,4
running,running,0.151,1,RED,4,4
running,running,0.866,1,GREEN,4,4
running,running,0.651,1,YELLOW,4,4
running,running,0.881,1,GREEN,4,4
running,running,0.942,1,GREEN,4,4
running,running,0.844,1,GREEN,4,4
running,running,0.362,1,RED,4,4
running,running,0.943,1,GREEN,4,4
running,running,0.925,1,GREEN,4,4
running,running,0.954,1,GREEN,4,4
running,running,0.94,1,GREEN,4,4
running,running,0.61,1,YELLOW,4,4
running,running,0.342,1,RED,4,4
running,running,0.68,1,YELLOW,4,4
running,running,0.884,1,GREEN,4,4
running,running,0.96,1,GREEN,4,4
running,running,0.955,1,GREEN,4,4
running,running,0.962,1,GREEN,4,4
running,running,0.942,1,GREEN,4,4
running,running,0.964,1,GREEN,4,4
running,running,0.888,1,GREEN,4,4
running,running,0.777,1,GREEN,4,4
running,running,0.559,1,YELLOW,4,4
running,running,0.696,1,YELLOW,4,4
running,running,0.959,1,GREEN,4,4
running,running,0.928,1,GREEN,4,4
running,running,0.897,1,GREEN,4,4
running,running,0.812,1,GREEN,4,4
running,running,0.2,1,RED,4,4
running,running,0.824,1,GREEN,4,4
running,running,0.56,1,YELLOW,4,4
running,running,0.848,1,GREEN,4,4
running,running,0.849,1,GREEN,4,4
running,running,0.314,1,RED,4,4
running,running,0.375,1,RED,4,4
running,running,0.764,1,GREEN,4,4
running,running,0.934,1,GREEN,4,4
running,running,0.765,1,GREEN,4,4
running,running,0.899,1,GREEN,4,4
running,running,0.545,1,YELLOW,4,4
running,running,0.745,1,YELLOW,4,4
running,running,0.392,1,RED,4,4
running,running,0.404,1,RED,4,4
running,running,0.493,1,YELLOW,4,4
running,running,0.953,1,GREEN,4,4
running,running,0.91,1,GREEN,4,4
running,running,0.977,1,GREEN,4,4
running,running,0.95,1,GREEN,4,4
running,running,0.362,1,RED,4,4
running,running,0.862,1,GREEN,4,4
running,running,0.819,1,GREEN,4,4
running,running,0.379,1,RED,4,4
running,running,0.766,1,GREEN,4,4
running,running,0.908,1,GREEN,4,4
running,running,0.852,1,GREEN,4,4
running,running,0.832,1,GREEN,4,4
running,running,0.851,1,GREEN,4,4
running,running,0.604,1,YELLOW,4,4
running,running,0.545,1,YELLOW,4,4
running,running,0.964,1,GREEN,4,4
running,running,0.946,1,GREEN,4,4
running,running,0.716,1,YELLOW,4,4
running,running,0.421,1,RED,4,4
running,running,0.795,1,GREEN,4,4
running,running,0.711,1,YELLOW,4,4
running,running,0.487,1,YELLOW,4,4
running,running,0.856,1,GREEN,4,4
running,running,0.825,1,GREEN,4,4
running,running,0.853,1,GREEN,4,4
running,running,0.856,1,GREEN,4,4
running,running,0.846,1,GREEN,4,4
running,running,0.777,1,GREEN,4,4
running,running,0.957,1,GREEN,4,4
running,running,0.959,1,GREEN,4,4
running,running,0.843,1,GREEN,4,4
running,running,0.855,1,GREEN,4,4
running,running,0.972,1,GREEN,4,4
running,running,0.967,1,GREEN,4,4
running,running,0.973,1,GREEN,4,4
running,running,0.977,1,GREEN,4,4
running,running,0.939,1,GREEN,4,4
running,running,0.971,1,GREEN,4,4
running,running,0.975,1,GREEN,4,4
running,running,0.931,1,GREEN,4,4
running,running,0.926,1,GREEN,4,4
running,running,0.936,1,GREEN,4,4
running,running,0.901,1,GREEN,4,4
running,running,0.951,1,GREEN,4,4
running,running,0.924,1,GREEN,4,4
running,running,0.827,1,GREEN,4,4
running,running,0.534,1,YELLOW,4,4
running,running,0.682,1,YELLOW,4,4
running,running,0.661,1,YELLOW,4,4
running,running,0.693,1,YELLOW,4,4
running,running,0.518,1,YELLOW,4,4
running,running,0.073,1,RED,4,4
running,running,0.169,1,RED,4,4
running,running,0.894,1,GREEN,4,4
running,running,0.737,1,YELLOW,4,4
running,running,0.579,1,YELLOW,4,4
running,running,0.795,1,GREEN,4,4
running,running,0.633,1,YELLOW,4,4
running,running,0.875,1,GREEN,4,4
running,running,0.876,1,GREEN,4,4
running,running,0.896,1,GREEN,4,4
running,running,0.905,1,GREEN,4,4
running,running,0.792,1,GREEN,4,4
running,running,0.883,1,GREEN,4,4
running,running,0.85,1,GREEN,4,4
running,running,0.772,1,GREEN,4,4
running,running,0.872,1,GREEN,4,4
running,running,0.802,1,GREEN,4,4
running,running,0.847,1,GREEN,4,4
running,running,0.931,1,GREEN,4,4
running,running,0.958,1,GREEN,4,4
running,running,0.781,1,GREEN,4,4
running,running,0.597,1,YELLOW,4,4
running,running,0.72,1,YELLOW,4,4
running,running,0.558,1,YELLOW,4,4
running,running,0.849,1,GREEN,4,4
running,running,0.835,1,GREEN,4,4
running,running,0.805,1,GREEN,4,4
running,running,0.744,1,YELLOW,4,4
running,running,0.783,1,GREEN,4,4
running,running,0.726,1,YELLOW,4,4
running,running,0.401,1,RED,4,4
running,running,0.57,1,YELLOW,4,4
running,running,0.904,1,GREEN,4,4
running,running,0.91,1,GREEN,4,4
running,running,0.876,1,GREEN,4,4
running,running,0.917,1,GREEN,4,4
running,running,0.89,1,GREEN,4,4
running,running,0.949,1,GREEN,4,4
running,running,0.891,1,GREEN,4,4
running,running,0.85,1,GREEN,4,4
running,running,0.955,1,GREEN,4,4
running,running,0.786,1,GREEN,4,4
running,running,0.547,1,YELLOW,4,4
running,running,0.864,1,GREEN,4,4
running,running,0.662,1,YELLOW,4,4
running,running,0.535,1,YELLOW,4,4
running,running,0.799,1,GREEN,4,4
running,running,0.924,1,GREEN,4,4
running,running,0.946,1,GREEN,4,4
running,running,0.787,1,GREEN,4,4
running,running,0.929,1,GREEN,4,4
running,running,0.738,1,YELLOW,4,4
running,running,0.856,1,GREEN,4,4
running,running,0.904,1,GREEN,4,4
running,running,0.794,1,GREEN,4,4
running,running,0.937,1,GREEN,4,4
running,running,0.965,1,GREEN,4,4
running,running,0.964,1,GREEN,4,4
running,running,0.925,1,GREEN,4,4
running,running,0.963,1,GREEN,4,4
running,running,0.954,1,GREEN,4,4
running,running,0.959,1,GREEN,4,4
running,running,0.967,1,GREEN,4,4
running,running,0.97,1,GREEN,4,4
running,running,0.892,1,GREEN,4,4
running,running,0.867,1,GREEN,4,4
running,running,0.923,1,GREEN,4,4
running,running,0.259,1,RED,4,4
running,running,0.169,1,RED,4,4
running,running,0.709,1,YELLOW,4,4
running,running,0.815,1,GREEN,4,4
running,running,0.852,1,GREEN,4,4
running,running,0.876,1,GREEN,4,4
running,running,0.807,1,GREEN,4,4
running,running,0.863,1,GREEN,4,4
running,running,0.819,1,GREEN,4,4
running,running,0.712,1,YELLOW,4,4
running,running,0.753,1,GREEN,4,4
running,running,0.952,1,GREEN,4,4
running,running,0.947,1,GREEN,4,4
running,running,0.965,1,GREEN,4,4
running,running,0.938,1,GREEN,4,4
running,running,0.716,1,YELLOW,4,4
running,running,0.71,1,YELLOW,4,4
running,running,0.966,1,GREEN,4,4
running,running,0.938,1,GREEN,4,4
running,running,0.958,1,GREEN,4,4
running,running,0.817,1,GREEN,4,4
running,running,0.861,1,GREEN,4,4
running,running,0.953,1,GREEN,4,4
running,running,0.903,1,GREEN,4,4
running,running,0.959,1,GREEN,4,4
running,running,0.921,1,GREEN,4,4
running,running,0.438,1,RED,4,4
running,running,0.956,1,GREEN,4,4
running,running,0.924,1,GREEN,4,4
running,running,0.899,1,GREEN,4,4
running,running,0.943,1,GREEN,4,4
running,running,0.958,1,GREEN,4,4
running,running,0.898,1,GREEN,4,4
running,running,0.919,1,GREEN,4,4
running,running,0.942,1,GREEN,4,4
running,running,0.918,1,GREEN,4,4
running,running,0.871,1,GREEN,4,4
running,running,0.971,1,GREEN,4,4
running,running,0.974,1,GREEN,4,4
running,running,0.959,1,GREEN,4,4
running,running,0.963,1,GREEN,4,4
running,running,0.923,1,GREEN,4,4
running,running,0.776,1,GREEN,4,4
running,running,0.942,1,GREEN,4,4
running,running,0.954,1,GREEN,4,4
running,running,0.968,1,GREEN,4,4
running,running,0.964,1,GREEN,4,4
running,running,0.945,1,GREEN,4,4
running,running,0.972,1,GREEN,4,4
running,running,0.918,1,GREEN,4,4
running,running,0.91,1,GREEN,4,4
running,running,0.972,1,GREEN,4,4
running,running,0.833,1,GREEN,4,4
running,running,0.89,1,GREEN,4,4
running,running,0.97,1,GREEN,4,4
running,running,0.961,1,GREEN,4,4
running,running,0.889,1,GREEN,4,4
running,running,0.933,1,GREEN,4,4
running,running,0.976,1,GREEN,4,4
running,running,0.709,1,YELLOW,4,4
running,running,0.883,1,GREEN,4,4
running,running,0.873,1,GREEN,4,4
running,running,0.679,1,YELLOW,4,4
running,running,0.696,1,YELLOW,4,4
running,running,0.785,1,GREEN,4,4
running,running,0.823,1,GREEN,4,4
running,running,0.714,1,YELLOW,4,4
running,running,0.915,1,GREEN,4,4
running,running,0.786,1,GREEN,4,4
running,running,0.671,1,YELLOW,4,4
running,running,0.569,1,YELLOW,4,4
running,running,0.496,1,YELLOW,4,4
running,running,0.62,1,YELLOW,4,4
running,running,0.918,1,GREEN,4,4
running,running,0.901,1,GREEN,4,4
running,running,0.874,1,GREEN,4,4
running,running,0.966,1,GREEN,4,4
running,running,0.951,1,GREEN,4,4
running,running,0.92,1,GREEN,4,4
running,running,0.695,1,YELLOW,4,4
running,running,0.731,1,YELLOW,4,4
running,running,0.45,1,RED,4,4
running,running,0.884,1,GREEN,4,4
running,running,0.921,1,GREEN,4,4
running,running,0.915,1,GREEN,4,4
running,running,0.958,1,GREEN,4,4
running,running,0.818,1,GREEN,4,4
running,running,0.798,1,GREEN,4,4
running,running,0.045,1,RED,4,4
running,running,0.191,1,RED,4,4
running,running,0.899,1,GREEN,4,4
running,running,0.776,1,GREEN,4,4
running,running,0.495,1,YELLOW,4,4
running,running,0.971,1,GREEN,4,4
running,running,0.945,1,GREEN,4,4
running,running,0.928,1,GREEN,4,4
running,running,0.961,1,GREEN,4,4
running,running,0.864,1,GREEN,4,4
running,running,0.951,1,GREEN,4,4
running,running,0.91,1,GREEN,4,4
running,running,0.893,1,GREEN,4,4
running,running,0.853,1,GREEN,4,4
running,running,0.962,1,GREEN,4,4
running,running,0.9,1,GREEN,4,4
running,running,0.588,1,YELLOW,4,4
running,running,0.883,1,GREEN,4,4
running,running,0.874,1,GREEN,4,4
running,running,0.848,1,GREEN,4,4
running,running,0.943,1,GREEN,4,4
running,running,0.932,1,GREEN,4,4
running,running,0.732,1,YELLOW,4,4
running,running,0.621,1,YELLOW,4,4
running,running,0.016,1,RED,4,4
running,running,0.02,1,RED,4,4
running,running,0.027,1,RED,4,4
running,running,0.021,1,RED,4,4
running,running,0.036,1,RED,4,4
running,running,0.038,1,RED,4,4
running,lying,0.031,0,RED,4,0
running,lying,0.033,0,RED,4,0
running,lying,0.032,0,RED,4,0
running,lying,0.04,0,RED,4,0
running,lying,0.037,0,RED,4,0
running,lying,0.035,0,RED,4,0
running,lying,0.035,0,RED,4,0
running,lying,0.025,0,RED,4,0
running,lying,0.026,0,RED,4,0
running,lying,0.033,0,RED,4,0
running,lying,0.031,0,RED,4,0
running,lying,0.026,0,RED,4,0
running,lying,0.026,0,RED,4,0
