true_activity,pred_activity,confidence,is_correct,traffic_light,y_true_enc,y_pred_enc
lying,cycling,0.002,0,RED,0,5
lying,cycling,0.002,0,RED,0,5
lying,cycling,0.002,0,RED,0,5
lying,cycling,0.002,0,RED,0,5
lying,cycling,0.002,0,RED,0,5
lying,cycling,0.002,0,RED,0,5
lying,cycling,0.002,0,RED,0,5
lying,cycling,0.002,0,RED,0,5
lying,lying,0.001,1,RED,0,0
lying,lying,0.001,1,RED,0,0
lying,lying,0.003,1,RED,0,0
lying,lying,0.001,1,RED,0,0
lying,lying,0.003,1,RED,0,0
lying,lying,0.011,1,RED,0,0
lying,lying,0.081,1,RED,0,0
lying,lying,0.479,1,YELLOW,0,0
lying,lying,0.665,1,YELLOW,0,0
lying,lying,0.686,1,YELLOW,0,0
lying,lying,0.803,1,GREEN,0,0
lying,lying,0.92,1,GREEN,0,0
lying,lying,0.946,1,GREEN,0,0
lying,lying,0.947,1,GREEN,0,0
lying,lying,0.959,1,GREEN,0,0
lying,lying,0.959,1,GREEN,0,0
lying,lying,0.934,1,GREEN,0,0
lying,lying,0.955,1,GREEN,0,0
lying,lying,0.951,1,GREEN,0,0
lying,lying,0.924,1,GREEN,0,0
lying,lying,0.904,1,GREEN,0,0
lying,lying,0.867,1,GREEN,0,0
lying,lying,0.881,1,GREEN,0,0
lying,lying,0.929,1,GREEN,0,0
lying,lying,0.942,1,GREEN,0,0
lying,lying,0.923,1,GREEN,0,0
lying,lying,0.929,1,GREEN,0,0
lying,lying,0.937,1,GREEN,0,0
lying,lying,0.942,1,GREEN,0,0
lying,lying,0.94,1,GREEN,0,0
lying,lying,0.931,1,GREEN,0,0
lying,lying,0.93,1,GREEN,0,0
lying,lying,0.93,1,GREEN,0,0
lying,lying,0.929,1,GREEN,0,0
lying,lying,0.928,1,GREEN,0,0
lying,lying,0.927,1,GREEN,0,0
lying,lying,0.923,1,GREEN,0,0
lying,lying,0.923,1,GREEN,0,0
lying,lying,0.935,1,GREEN,0,0
lying,lying,0.945,1,GREEN,0,0
lying,lying,0.938,1,GREEN,0,0
lying,lying,0.93,1,GREEN,0,0
lying,lying,0.932,1,GREEN,0,0
lying,lying,0.932,1,GREEN,0,0
lying,lying,0.929,1,GREEN,0,0
lying,lying,0.929,1,GREEN,0,0
lying,lying,0.931,1,GREEN,0,0
lying,lying,0.933,1,GREEN,0,0
lying,lying,0.933,1,GREEN,0,0
lying,lying,0.932,1,GREEN,0,0
lying,lying,0.933,1,GREEN,0,0
lying,lying,0.932,1,GREEN,0,0
lying,lying,0.932,1,GREEN,0,0
lying,lying,0.932,1,GREEN,0,0
lying,lying,0.932,1,GREEN,0,0
lying,lying,0.932,1,GREEN,0,0
lying,lying,0.933,1,GREEN,0,0
lying,lying,0.932,1,GREEN,0,0
lying,lying,0.932,1,GREEN,0,0
lying,lying,0.932,1,GREEN,0,0
lying,lying,0.932,1,GREEN,0,0
lying,lying,0.932,1,GREEN,0,0
lying,lying,0.93,1,GREEN,0,0
lying,lying,0.93,1,GREEN,0,0
lying,lying,0.932,1,GREEN,0,0
lying,lying,0.933,1,GREEN,0,0
lying,lying,0.933,1,GREEN,0,0
lying,lying,0.933,1,GREEN,0,0
lying,lying,0.932,1,GREEN,0,0
lying,lying,0.932,1,GREEN,0,0
lying,lying,0.932,1,GREEN,0,0
lying,lying,0.933,1,GREEN,0,0
lying,lying,0.933,1,GREEN,0,0
lying,lying,0.932,1,GREEN,0,0
lying,lying,0.931,1,GREEN,0,0
lying,lying,0.933,1,GREEN,0,0
lying,lying,0.933,1,GREEN,0,0
lying,lying,0.933,1,GREEN,0,0
lying,lying,0.933,1,GREEN,0,0
lying,lying,0.933,1,GREEN,0,0
lying,lying,0.933,1,GREEN,0,0
lying,lying,0.933,1,GREEN,0,0
lying,lying,0.933,1,GREEN,0,0
lying,lying,0.932,1,GREEN,0,0
lying,lying,0.932,1,GREEN,0,0
lying,lying,0.932,1,GREEN,0,0
lying,lying,0.932,1,GREEN,0,0
lying,lying,0.933,1,GREEN,0,0
lying,lying,0.933,1,GREEN,0,0
lying,lying,0.932,1,GREEN,0,0
lying,lying,0.932,1,GREEN,0,0
lying,lying,0.932,1,GREEN,0,0
lying,lying,0.932,1,GREEN,0,0
lying,lying,0.932,1,GREEN,0,0
lying,lying,0.933,1,GREEN,0,0
lying,lying,0.933,1,GREEN,0,0
lying,lying,0.933,1,GREEN,0,0
lying,lying,0.933,1,GREEN,0,0
lying,lying,0.932,1,GREEN,0,0
lying,lying,0.932,1,GREEN,0,0
lying,lying,0.932,1,GREEN,0,0
lying,lying,0.932,1,GREEN,0,0
lying,lying,0.932,1,GREEN,0,0
lying,lying,0.933,1,GREEN,0,0
lying,lying,0.933,1,GREEN,0,0
lying,lying,0.933,1,GREEN,0,0
lying,lying,0.933,1,GREEN,0,0
lying,lying,0.933,1,GREEN,0,0
lying,lying,0.932,1,GREEN,0,0
lying,lying,0.932,1,GREEN,0,0
lying,lying,0.932,1,GREEN,0,0
lying,lying,0.932,1,GREEN,0,0
lying,lying,0.934,1,GREEN,0,0
lying,lying,0.928,1,GREEN,0,0
lying,lying,0.923,1,GREEN,0,0
lying,lying,0.928,1,GREEN,0,0
lying,lying,0.928,1,GREEN,0,0
lying,lying,0.927,1,GREEN,0,0
lying,lying,0.927,1,GREEN,0,0
lying,lying,0.929,1,GREEN,0,0
lying,lying,0.929,1,GREEN,0,0
lying,lying,0.927,1,GREEN,0,0
lying,lying,0.929,1,GREEN,0,0
lying,lying,0.93,1,GREEN,0,0
lying,lying,0.929,1,GREEN,0,0
lying,lying,0.928,1,GREEN,0,0
lying,lying,0.93,1,GREEN,0,0
lying,lying,0.93,1,GREEN,0,0
lying,lying,0.93,1,GREEN,0,0
lying,lying,0.931,1,GREEN,0,0
lying,lying,0.931,1,GREEN,0,0
lying,lying,0.93,1,GREEN,0,0
lying,lying,0.931,1,GREEN,0,0
lying,lying,0.93,1,GREEN,0,0
lying,lying,0.929,1,GREEN,0,0
lying,lying,0.93,1,GREEN,0,0
lying,lying,0.931,1,GREEN,0,0
lying,lying,0.931,1,GREEN,0,0
lying,lying,0.931,1,GREEN,0,0
lying,lying,0.931,1,GREEN,0,0
lying,lying,0.931,1,GREEN,0,0
lying,lying,0.931,1,GREEN,0,0
lying,lying,0.931,1,GREEN,0,0
lying,lying,0.93,1,GREEN,0,0
lying,lying,0.93,1,GREEN,0,0
lying,lying,0.931,1,GREEN,0,0
lying,lying,0.932,1,GREEN,0,0
lying,lying,0.932,1,GREEN,0,0
lying,lying,0.931,1,GREEN,0,0
lying,lying,0.931,1,GREEN,0,0
lying,lying,0.931,1,GREEN,0,0
lying,lying,0.93,1,GREEN,0,0
lying,lying,0.93,1,GREEN,0,0
lying,lying,0.931,1,GREEN,0,0
lying,lying,0.93,1,GREEN,0,0
lying,lying,0.93,1,GREEN,0,0
lying,lying,0.931,1,GREEN,0,0
lying,lying,0.931,1,GREEN,0,0
lying,lying,0.931,1,GREEN,0,0
lying,lying,0.931,1,GREEN,0,0
lying,lying,0.931,1,GREEN,0,0
lying,lying,0.931,1,GREEN,0,0
lying,lying,0.931,1,GREEN,0,0
lying,lying,0.93,1,GREEN,0,0
lying,lying,0.929,1,GREEN,0,0
lying,lying,0.929,1,GREEN,0,0
lying,lying,0.93,1,GREEN,0,0
lying,lying,0.931,1,GREEN,0,0
lying,lying,0.931,1,GREEN,0,0
lying,lying,0.931,1,GREEN,0,0
lying,lying,0.93,1,GREEN,0,0
lying,lying,0.93,1,GREEN,0,0
lying,lying,0.931,1,GREEN,0,0
lying,lying,0.93,1,GREEN,0,0
lying,lying,0.929,1,GREEN,0,0
lying,lying,0.93,1,GREEN,0,0
lying,lying,0.93,1,GREEN,0,0
lying,lying,0.93,1,GREEN,0,0
lying,lying,0.931,1,GREEN,0,0
lying,lying,0.931,1,GREEN,0,0
lying,lying,0.931,1,GREEN,0,0
lying,lying,0.931,1,GREEN,0,0
lying,lying,0.932,1,GREEN,0,0
lying,lying,0.931,1,GREEN,0,0
lying,lying,0.93,1,GREEN,0,0
lying,lying,0.93,1,GREEN,0,0
lying,lying,0.93,1,GREEN,0,0
lying,lying,0.93,1,GREEN,0,0
lying,lying,0.931,1,GREEN,0,0
lying,lying,0.931,1,GREEN,0,0
lying,lying,0.931,1,GREEN,0,0
lying,lying,0.93,1,GREEN,0,0
lying,lying,0.931,1,GREEN,0,0
lying,lying,0.932,1,GREEN,0,0
lying,lying,0.931,1,GREEN,0,0
lying,lying,0.929,1,GREEN,0,0
lying,lying,0.93,1,GREEN,0,0
lying,lying,0.931,1,GREEN,0,0
lying,lying,0.931,1,GREEN,0,0
lying,lying,0.931,1,GREEN,0,0
lying,lying,0.931,1,GREEN,0,0
lying,lying,0.931,1,GREEN,0,0
lying,lying,0.93,1,GREEN,0,0
lying,lying,0.93,1,GREEN,0,0
lying,lying,0.929,1,GREEN,0,0
lying,lying,0.93,1,GREEN,0,0
lying,lying,0.93,1,GREEN,0,0
lying,lying,0.93,1,GREEN,0,0
lying,lying,0.931,1,GREEN,0,0
lying,lying,0.93,1,GREEN,0,0
lying,lying,0.93,1,GREEN,0,0
lying,lying,0.93,1,GREEN,0,0
lying,lying,0.931,1,GREEN,0,0
lying,lying,0.93,1,GREEN,0,0
lying,lying,0.93,1,GREEN,0,0
lying,lying,0.93,1,GREEN,0,0
lying,lying,0.931,1,GREEN,0,0
lying,lying,0.931,1,GREEN,0,0
lying,lying,0.931,1,GREEN,0,0
lying,lying,0.931,1,GREEN,0,0
lying,lying,0.931,1,GREEN,0,0
lying,lying,0.931,1,GREEN,0,0
lying,lying,0.93,1,GREEN,0,0
lying,lying,0.93,1,GREEN,0,0
lying,lying,0.931,1,GREEN,0,0
lying,lying,0.931,1,GREEN,0,0
lying,lying,0.931,1,GREEN,0,0
lying,lying,0.931,1,GREEN,0,0
lying,lying,0.93,1,GREEN,0,0
lying,lying,0.931,1,GREEN,0,0
lying,lying,0.931,1,GREEN,0,0
lying,lying,0.931,1,GREEN,0,0
lying,lying,0.93,1,GREEN,0,0
lying,lying,0.93,1,GREEN,0,0
lying,lying,0.93,1,GREEN,0,0
lying,lying,0.931,1,GREEN,0,0
lying,lying,0.931,1,GREEN,0,0
lying,lying,0.931,1,GREEN,0,0
lying,lying,0.931,1,GREEN,0,0
lying,lying,0.931,1,GREEN,0,0
lying,lying,0.93,1,GREEN,0,0
lying,lying,0.93,1,GREEN,0,0
lying,lying,0.93,1,GREEN,0,0
lying,lying,0.931,1,GREEN,0,0
lying,lying,0.931,1,GREEN,0,0
lying,lying,0.93,1,GREEN,0,0
lying,lying,0.931,1,GREEN,0,0
lying,lying,0.931,1,GREEN,0,0
lying,lying,0.931,1,GREEN,0,0
lying,lying,0.93,1,GREEN,0,0
lying,lying,0.929,1,GREEN,0,0
lying,lying,0.93,1,GREEN,0,0
lying,lying,0.93,1,GREEN,0,0
lying,lying,0.931,1,GREEN,0,0
lying,lying,0.931,1,GREEN,0,0
lying,lying,0.931,1,GREEN,0,0
lying,lying,0.931,1,GREEN,0,0
lying,lying,0.93,1,GREEN,0,0
lying,lying,0.93,1,GREEN,0,0
lying,lying,0.93,1,GREEN,0,0
lying,lying,0.93,1,GREEN,0,0
lying,lying,0.93,1,GREEN,0,0
lying,lying,0.931,1,GREEN,0,0
lying,lying,0.931,1,GREEN,0,0
lying,lying,0.931,1,GREEN,0,0
lying,lying,0.93,1,GREEN,0,0
lying,lying,0.93,1,GREEN,0,0
lying,lying,0.929,1,GREEN,0,0
lying,lying,0.929,1,GREEN,0,0
lying,lying,0.93,1,GREEN,0,0
lying,lying,0.931,1,GREEN,0,0
lying,lying,0.931,1,GREEN,0,0
lying,lying,0.931,1,GREEN,0,0
lying,lying,0.931,1,GREEN,0,0
lying,lying,0.931,1,GREEN,0,0
lying,lying,0.932,1,GREEN,0,0
lying,lying,0.931,1,GREEN,0,0
lying,lying,0.93,1,GREEN,0,0
lying,lying,0.93,1,GREEN,0,0
lying,lying,0.93,1,GREEN,0,0
lying,lying,0.931,1,GREEN,0,0
lying,lying,0.931,1,GREEN,0,0
lying,lying,0.931,1,GREEN,0,0
lying,lying,0.931,1,GREEN,0,0
lying,lying,0.931,1,GREEN,0,0
lying,lying,0.931,1,GREEN,0,0
lying,lying,0.931,1,GREEN,0,0
lying,lying,0.931,1,GREEN,0,0
lying,lying,0.931,1,GREEN,0,0
lying,lying,0.931,1,GREEN,0,0
lying,lying,0.931,1,GREEN,0,0
lying,lying,0.931,1,GREEN,0,0
lying,lying,0.931,1,GREEN,0,0
lying,lying,0.93,1,GREEN,0,0
lying,lying,0.93,1,GREEN,0,0
lying,lying,0.931,1,GREEN,0,0
lying,lying,0.931,1,GREEN,0,0
lying,lying,0.931,1,GREEN,0,0
lying,lying,0.932,1,GREEN,0,0
lying,lying,0.931,1,GREEN,0,0
lying,lying,0.931,1,GREEN,0,0
lying,lying,0.931,1,GREEN,0,0
lying,lying,0.931,1,GREEN,0,0
lying,lying,0.93,1,GREEN,0,0
lying,lying,0.93,1,GREEN,0,0
lying,lying,0.93,1,GREEN,0,0
lying,lying,0.931,1,GREEN,0,0
lying,lying,0.931,1,GREEN,0,0
lying,lying,0.931,1,GREEN,0,0
lying,lying,0.932,1,GREEN,0,0
lying,lying,0.932,1,GREEN,0,0
lying,lying,0.932,1,GREEN,0,0
lying,lying,0.931,1,GREEN,0,0
lying,lying,0.93,1,GREEN,0,0
lying,lying,0.93,1,GREEN,0,0
lying,lying,0.931,1,GREEN,0,0
lying,lying,0.931,1,GREEN,0,0
lying,lying,0.931,1,GREEN,0,0
lying,lying,0.931,1,GREEN,0,0
lying,lying,0.931,1,GREEN,0,0
lying,lying,0.932,1,GREEN,0,0
lying,lying,0.931,1,GREEN,0,0
lying,lying,0.931,1,GREEN,0,0
lying,lying,0.931,1,GREEN,0,0
lying,lying,0.93,1,GREEN,0,0
lying,lying,0.93,1,GREEN,0,0
lying,lying,0.931,1,GREEN,0,0
lying,lying,0.931,1,GREEN,0,0
lying,lying,0.93,1,GREEN,0,0
lying,lying,0.931,1,GREEN,0,0
lying,lying,0.931,1,GREEN,0,0
lying,lying,0.93,1,GREEN,0,0
lying,lying,0.93,1,GREEN,0,0
lying,lying,0.929,1,GREEN,0,0
lying,lying,0.929,1,GREEN,0,0
lying,lying,0.93,1,GREEN,0,0
lying,lying,0.931,1,GREEN,0,0
lying,lying,0.932,1,GREEN,0,0
lying,lying,0.932,1,GREEN,0,0
lying,lying,0.931,1,GREEN,0,0
lying,lying,0.931,1,GREEN,0,0
lying,lying,0.93,1,GREEN,0,0
lying,lying,0.93,1,GREEN,0,0
lying,lying,0.931,1,GREEN,0,0
lying,lying,0.932,1,GREEN,0,0
lying,lying,0.931,1,GREEN,0,0
lying,lying,0.931,1,GREEN,0,0
lying,lying,0.932,1,GREEN,0,0
lying,lying,0.931,1,GREEN,0,0
lying,lying,0.931,1,GREEN,0,0
lying,lying,0.932,1,GREEN,0,0
lying,lying,0.931,1,GREEN,0,0
lying,lying,0.93,1,GREEN,0,0
lying,lying,0.929,1,GREEN,0,0
lying,lying,0.93,1,GREEN,0,0
lying,lying,0.931,1,GREEN,0,0
lying,lying,0.931,1,GREEN,0,0
lying,lying,0.931,1,GREEN,0,0
lying,lying,0.931,1,GREEN,0,0
lying,lying,0.931,1,GREEN,0,0
lying,lying,0.931,1,GREEN,0,0
lying,lying,0.931,1,GREEN,0,0
lying,lying,0.931,1,GREEN,0,0
lying,lying,0.93,1,GREEN,0,0
lying,lying,0.93,1,GREEN,0,0
lying,lying,0.931,1,GREEN,0,0
lying,lying,0.931,1,GREEN,0,0
lying,lying,0.931,1,GREEN,0,0
lying,lying,0.931,1,GREEN,0,0
lying,lying,0.931,1,GREEN,0,0
lying,lying,0.93,1,GREEN,0,0
lying,lying,0.929,1,GREEN,0,0
lying,lying,0.931,1,GREEN,0,0
lying,lying,0.931,1,GREEN,0,0
lying,lying,0.931,1,GREEN,0,0
lying,lying,0.931,1,GREEN,0,0
lying,lying,0.93,1,GREEN,0,0
lying,lying,0.929,1,GREEN,0,0
lying,lying,0.93,1,GREEN,0,0
lying,lying,0.931,1,GREEN,0,0
lying,lying,0.931,1,GREEN,0,0
lying,lying,0.931,1,GREEN,0,0
lying,lying,0.931,1,GREEN,0,0
lying,lying,0.931,1,GREEN,0,0
lying,lying,0.93,1,GREEN,0,0
lying,lying,0.93,1,GREEN,0,0
lying,lying,0.93,1,GREEN,0,0
lying,lying,0.93,1,GREEN,0,0
lying,lying,0.931,1,GREEN,0,0
lying,lying,0.932,1,GREEN,0,0
lying,lying,0.932,1,GREEN,0,0
lying,lying,0.931,1,GREEN,0,0
lying,lying,0.93,1,GREEN,0,0
lying,lying,0.93,1,GREEN,0,0
lying,lying,0.93,1,GREEN,0,0
lying,lying,0.931,1,GREEN,0,0
lying,lying,0.931,1,GREEN,0,0
lying,lying,0.931,1,GREEN,0,0
lying,lying,0.932,1,GREEN,0,0
lying,lying,0.932,1,GREEN,0,0
lying,lying,0.931,1,GREEN,0,0
lying,lying,0.931,1,GREEN,0,0
lying,lying,0.93,1,GREEN,0,0
lying,lying,0.93,1,GREEN,0,0
lying,lying,0.93,1,GREEN,0,0
lying,lying,0.931,1,GREEN,0,0
lying,lying,0.932,1,GREEN,0,0
lying,lying,0.931,1,GREEN,0,0
lying,lying,0.931,1,GREEN,0,0
lying,lying,0.931,1,GREEN,0,0
lying,lying,0.931,1,GREEN,0,0
lying,lying,0.93,1,GREEN,0,0
lying,lying,0.93,1,GREEN,0,0
lying,lying,0.931,1,GREEN,0,0
lying,lying,0.931,1,GREEN,0,0
lying,lying,0.931,1,GREEN,0,0
lying,lying,0.931,1,GREEN,0,0
lying,lying,0.931,1,GREEN,0,0
lying,lying,0.931,1,GREEN,0,0
lying,lying,0.931,1,GREEN,0,0
lying,lying,0.931,1,GREEN,0,0
lying,lying,0.931,1,GREEN,0,0
lying,lying,0.931,1,GREEN,0,0
lying,lying,0.93,1,GREEN,0,0
lying,lying,0.93,1,GREEN,0,0
lying,lying,0.93,1,GREEN,0,0
lying,lying,0.931,1,GREEN,0,0
lying,lying,0.932,1,GREEN,0,0
lying,lying,0.931,1,GREEN,0,0
lying,lying,0.931,1,GREEN,0,0
lying,lying,0.93,1,GREEN,0,0
lying,lying,0.919,1,GREEN,0,0
lying,lying,0.914,1,GREEN,0,0
lying,lying,0.932,1,GREEN,0,0
lying,lying,0.935,1,GREEN,0,0
lying,lying,0.934,1,GREEN,0,0
lying,lying,0.933,1,GREEN,0,0
lying,lying,0.928,1,GREEN,0,0
lying,lying,0.919,1,GREEN,0,0
lying,lying,0.869,1,GREEN,0,0
lying,lying,0.912,1,GREEN,0,0
lying,lying,0.885,1,GREEN,0,0
lying,lying,0.173,1,RED,0,0
lying,lying,0.073,1,RED,0,0
lying,lying,0.453,1,YELLOW,0,0
lying,lying,0.818,1,GREEN,0,0
lying,lying,0.95,1,GREEN,0,0
lying,lying,0.927,1,GREEN,0,0
lying,lying,0.606,1,YELLOW,0,0
lying,lying,0.105,1,RED,0,0
lying,lying,0.025,1,RED,0,0
lying,lying,0.192,1,RED,0,0
lying,lying,0.389,1,RED,0,0
lying,lying,0.455,1,YELLOW,0,0
lying,lying,0.482,1,YELLOW,0,0
lying,lying,0.467,1,YELLOW,0,0
lying,lying,0.471,1,YELLOW,0,0
sitting,lying,0.457,0,YELLOW,1,0
sitting,lying,0.445,0,RED,1,0
sitting,sitting,0.427,1,RED,1,1
sitting,sitting,0.472,1,YELLOW,1,1
sitting,sitting,0.527,1,YELLOW,1,1
sitting,sitting,0.523,1,YELLOW,1,1
sitting,sitting,0.45,1,YELLOW,1,1
sitting,sitting,0.352,1,RED,1,1
sitting,sitting,0.323,1,RED,1,1
sitting,sitting,0.175,1,RED,1,1
sitting,sitting,0.095,1,RED,1,1
sitting,sitting,0.196,1,RED,1,1
sitting,sitting,0.209,1,RED,1,1
sitting,sitting,0.215,1,RED,1,1
sitting,sitting,0.189,1,RED,1,1
sitting,sitting,0.246,1,RED,1,1
sitting,sitting,0.211,1,RED,1,1
sitting,sitting,0.234,1,RED,1,1
sitting,sitting,0.241,1,RED,1,1
sitting,sitting,0.218,1,RED,1,1
sitting,sitting,0.621,1,YELLOW,1,1
sitting,sitting,0.858,1,GREEN,1,1
sitting,sitting,0.854,1,GREEN,1,1
sitting,sitting,0.87,1,GREEN,1,1
sitting,sitting,0.879,1,GREEN,1,1
sitting,sitting,0.872,1,GREEN,1,1
sitting,sitting,0.839,1,GREEN,1,1
sitting,sitting,0.859,1,GREEN,1,1
sitting,sitting,0.86,1,GREEN,1,1
sitting,sitting,0.858,1,GREEN,1,1
sitting,sitting,0.887,1,GREEN,1,1
sitting,sitting,0.88,1,GREEN,1,1
sitting,sitting,0.899,1,GREEN,1,1
sitting,sitting,0.905,1,GREEN,1,1
sitting,sitting,0.915,1,GREEN,1,1
sitting,sitting,0.91,1,GREEN,1,1
sitting,sitting,0.886,1,GREEN,1,1
sitting,sitting,0.889,1,GREEN,1,1
sitting,sitting,0.903,1,GREEN,1,1
sitting,sitting,0.901,1,GREEN,1,1
sitting,sitting,0.897,1,GREEN,1,1
sitting,sitting,0.9,1,GREEN,1,1
sitting,sitting,0.903,1,GREEN,1,1
sitting,sitting,0.901,1,GREEN,1,1
sitting,sitting,0.901,1,GREEN,1,1
sitting,sitting,0.902,1,GREEN,1,1
sitting,sitting,0.904,1,GREEN,1,1
sitting,sitting,0.898,1,GREEN,1,1
sitting,sitting,0.897,1,GREEN,1,1
sitting,sitting,0.896,1,GREEN,1,1
sitting,sitting,0.897,1,GREEN,1,1
sitting,sitting,0.91,1,GREEN,1,1
sitting,sitting,0.912,1,GREEN,1,1
sitting,sitting,0.903,1,GREEN,1,1
sitting,sitting,0.908,1,GREEN,1,1
sitting,sitting,0.913,1,GREEN,1,1
sitting,sitting,0.909,1,GREEN,1,1
sitting,sitting,0.9,1,GREEN,1,1
sitting,sitting,0.894,1,GREEN,1,1
sitting,sitting,0.9,1,GREEN,1,1
sitting,sitting,0.901,1,GREEN,1,1
sitting,sitting,0.905,1,GREEN,1,1
sitting,sitting,0.908,1,GREEN,1,1
sitting,sitting,0.903,1,GREEN,1,1
sitting,sitting,0.902,1,GREEN,1,1
sitting,sitting,0.903,1,GREEN,1,1
sitting,sitting,0.903,1,GREEN,1,1
sitting,sitting,0.902,1,GREEN,1,1
sitting,sitting,0.862,1,GREEN,1,1
sitting,sitting,0.832,1,GREEN,1,1
sitting,sitting,0.876,1,GREEN,1,1
sitting,sitting,0.902,1,GREEN,1,1
sitting,sitting,0.904,1,GREEN,1,1
sitting,sitting,0.909,1,GREEN,1,1
sitting,sitting,0.895,1,GREEN,1,1
sitting,sitting,0.854,1,GREEN,1,1
sitting,sitting,0.815,1,GREEN,1,1
sitting,sitting,0.768,1,GREEN,1,1
sitting,sitting,0.819,1,GREEN,1,1
sitting,sitting,0.891,1,GREEN,1,1
sitting,sitting,0.899,1,GREEN,1,1
sitting,sitting,0.893,1,GREEN,1,1
sitting,sitting,0.895,1,GREEN,1,1
sitting,sitting,0.899,1,GREEN,1,1
sitting,sitting,0.903,1,GREEN,1,1
sitting,sitting,0.895,1,GREEN,1,1
sitting,sitting,0.891,1,GREEN,1,1
sitting,sitting,0.902,1,GREEN,1,1
sitting,sitting,0.904,1,GREEN,1,1
sitting,sitting,0.891,1,GREEN,1,1
sitting,sitting,0.868,1,GREEN,1,1
sitting,sitting,0.871,1,GREEN,1,1
sitting,sitting,0.881,1,GREEN,1,1
sitting,sitting,0.87,1,GREEN,1,1
sitting,sitting,0.866,1,GREEN,1,1
sitting,sitting,0.872,1,GREEN,1,1
sitting,sitting,0.875,1,GREEN,1,1
sitting,sitting,0.872,1,GREEN,1,1
sitting,sitting,0.87,1,GREEN,1,1
sitting,sitting,0.87,1,GREEN,1,1
sitting,sitting,0.868,1,GREEN,1,1
sitting,sitting,0.873,1,GREEN,1,1
sitting,sitting,0.872,1,GREEN,1,1
sitting,sitting,0.869,1,GREEN,1,1
sitting,sitting,0.868,1,GREEN,1,1
sitting,sitting,0.868,1,GREEN,1,1
sitting,sitting,0.867,1,GREEN,1,1
sitting,sitting,0.865,1,GREEN,1,1
sitting,sitting,0.864,1,GREEN,1,1
sitting,sitting,0.87,1,GREEN,1,1
sitting,sitting,0.87,1,GREEN,1,1
sitting,sitting,0.875,1,GREEN,1,1
sitting,sitting,0.874,1,GREEN,1,1
sitting,sitting,0.868,1,GREEN,1,1
sitting,sitting,0.872,1,GREEN,1,1
sitting,sitting,0.873,1,GREEN,1,1
sitting,sitting,0.877,1,GREEN,1,1
sitting,sitting,0.868,1,GREEN,1,1
sitting,sitting,0.864,1,GREEN,1,1
sitting,sitting,0.876,1,GREEN,1,1
sitting,sitting,0.873,1,GREEN,1,1
sitting,sitting,0.856,1,GREEN,1,1
sitting,sitting,0.865,1,GREEN,1,1
sitting,sitting,0.876,1,GREEN,1,1
sitting,sitting,0.863,1,GREEN,1,1
sitting,sitting,0.86,1,GREEN,1,1
sitting,sitting,0.863,1,GREEN,1,1
sitting,sitting,0.861,1,GREEN,1,1
sitting,sitting,0.867,1,GREEN,1,1
sitting,sitting,0.871,1,GREEN,1,1
sitting,sitting,0.859,1,GREEN,1,1
sitting,sitting,0.858,1,GREEN,1,1
sitting,sitting,0.859,1,GREEN,1,1
sitting,sitting,0.863,1,GREEN,1,1
sitting,sitting,0.875,1,GREEN,1,1
sitting,sitting,0.886,1,GREEN,1,1
sitting,sitting,0.887,1,GREEN,1,1
sitting,sitting,0.879,1,GREEN,1,1
sitting,sitting,0.856,1,GREEN,1,1
sitting,sitting,0.822,1,GREEN,1,1
sitting,sitting,0.835,1,GREEN,1,1
sitting,sitting,0.86,1,GREEN,1,1
sitting,sitting,0.856,1,GREEN,1,1
sitting,sitting,0.851,1,GREEN,1,1
sitting,sitting,0.854,1,GREEN,1,1
sitting,sitting,0.857,1,GREEN,1,1
sitting,sitting,0.856,1,GREEN,1,1
sitting,sitting,0.855,1,GREEN,1,1
sitting,sitting,0.857,1,GREEN,1,1
sitting,sitting,0.855,1,GREEN,1,1
sitting,sitting,0.852,1,GREEN,1,1
sitting,sitting,0.845,1,GREEN,1,1
sitting,sitting,0.845,1,GREEN,1,1
sitting,sitting,0.848,1,GREEN,1,1
sitting,sitting,0.836,1,GREEN,1,1
sitting,sitting,0.827,1,GREEN,1,1
sitting,sitting,0.763,1,GREEN,1,1
sitting,sitting,0.696,1,YELLOW,1,1
sitting,sitting,0.797,1,GREEN,1,1
sitting,sitting,0.89,1,GREEN,1,1
sitting,sitting,0.907,1,GREEN,1,1
sitting,sitting,0.889,1,GREEN,1,1
sitting,sitting,0.825,1,GREEN,1,1
sitting,sitting,0.66,1,YELLOW,1,1
sitting,sitting,0.594,1,YELLOW,1,1
sitting,sitting,0.713,1,YELLOW,1,1
sitting,sitting,0.82,1,GREEN,1,1
sitting,sitting,0.857,1,GREEN,1,1
sitting,sitting,0.886,1,GREEN,1,1
sitting,sitting,0.891,1,GREEN,1,1
sitting,sitting,0.894,1,GREEN,1,1
sitting,sitting,0.894,1,GREEN,1,1
sitting,sitting,0.894,1,GREEN,1,1
sitting,sitting,0.904,1,GREEN,1,1
sitting,sitting,0.907,1,GREEN,1,1
sitting,sitting,0.906,1,GREEN,1,1
sitting,sitting,0.908,1,GREEN,1,1
sitting,sitting,0.909,1,GREEN,1,1
sitting,sitting,0.907,1,GREEN,1,1
sitting,sitting,0.911,1,GREEN,1,1
sitting,sitting,0.91,1,GREEN,1,1
sitting,sitting,0.901,1,GREEN,1,1
sitting,sitting,0.901,1,GREEN,1,1
sitting,sitting,0.906,1,GREEN,1,1
sitting,sitting,0.909,1,GREEN,1,1
sitting,sitting,0.907,1,GREEN,1,1
sitting,sitting,0.904,1,GREEN,1,1
sitting,sitting,0.903,1,GREEN,1,1
sitting,sitting,0.904,1,GREEN,1,1
sitting,sitting,0.907,1,GREEN,1,1
sitting,sitting,0.905,1,GREEN,1,1
sitting,sitting,0.9,1,GREEN,1,1
sitting,sitting,0.902,1,GREEN,1,1
sitting,sitting,0.904,1,GREEN,1,1
sitting,sitting,0.901,1,GREEN,1,1
sitting,sitting,0.905,1,GREEN,1,1
sitting,sitting,0.909,1,GREEN,1,1
sitting,sitting,0.912,1,GREEN,1,1
sitting,sitting,0.918,1,GREEN,1,1
sitting,sitting,0.908,1,GREEN,1,1
sitting,sitting,0.907,1,GREEN,1,1
sitting,sitting,0.91,1,GREEN,1,1
sitting,sitting,0.878,1,GREEN,1,1
sitting,sitting,0.795,1,GREEN,1,1
sitting,sitting,0.717,1,YELLOW,1,1
sitting,sitting,0.788,1,GREEN,1,1
sitting,sitting,0.821,1,GREEN,1,1
sitting,sitting,0.867,1,GREEN,1,1
sitting,sitting,0.922,1,GREEN,1,1
sitting,sitting,0.931,1,GREEN,1,1
sitting,sitting,0.922,1,GREEN,1,1
sitting,sitting,0.92,1,GREEN,1,1
sitting,sitting,0.935,1,GREEN,1,1
sitting,sitting,0.889,1,GREEN,1,1
sitting,sitting,0.812,1,GREEN,1,1
sitting,sitting,0.811,1,GREEN,1,1
sitting,sitting,0.81,1,GREEN,1,1
sitting,sitting,0.792,1,GREEN,1,1
sitting,sitting,0.73,1,YELLOW,1,1
sitting,sitting,0.755,1,GREEN,1,1
sitting,sitting,0.826,1,GREEN,1,1
sitting,sitting,0.847,1,GREEN,1,1
sitting,sitting,0.836,1,GREEN,1,1
sitting,sitting,0.821,1,GREEN,1,1
sitting,sitting,0.811,1,GREEN,1,1
sitting,sitting,0.805,1,GREEN,1,1
sitting,sitting,0.812,1,GREEN,1,1
sitting,sitting,0.824,1,GREEN,1,1
sitting,sitting,0.816,1,GREEN,1,1
sitting,sitting,0.748,1,YELLOW,1,1
sitting,sitting,0.742,1,YELLOW,1,1
sitting,sitting,0.816,1,GREEN,1,1
sitting,sitting,0.84,1,GREEN,1,1
sitting,sitting,0.819,1,GREEN,1,1
sitting,sitting,0.732,1,YELLOW,1,1
sitting,sitting,0.725,1,YELLOW,1,1
sitting,sitting,0.806,1,GREEN,1,1
sitting,sitting,0.837,1,GREEN,1,1
sitting,sitting,0.821,1,GREEN,1,1
sitting,sitting,0.798,1,GREEN,1,1
sitting,sitting,0.801,1,GREEN,1,1
sitting,sitting,0.8,1,GREEN,1,1
sitting,sitting,0.806,1,GREEN,1,1
sitting,sitting,0.804,1,GREEN,1,1
sitting,sitting,0.799,1,GREEN,1,1
sitting,sitting,0.798,1,GREEN,1,1
sitting,sitting,0.8,1,GREEN,1,1
sitting,sitting,0.801,1,GREEN,1,1
sitting,sitting,0.761,1,GREEN,1,1
sitting,sitting,0.757,1,GREEN,1,1
sitting,sitting,0.804,1,GREEN,1,1
sitting,sitting,0.817,1,GREEN,1,1
sitting,sitting,0.824,1,GREEN,1,1
sitting,sitting,0.822,1,GREEN,1,1
sitting,sitting,0.798,1,GREEN,1,1
sitting,sitting,0.786,1,GREEN,1,1
sitting,sitting,0.79,1,GREEN,1,1
sitting,sitting,0.79,1,GREEN,1,1
sitting,sitting,0.797,1,GREEN,1,1
sitting,sitting,0.801,1,GREEN,1,1
sitting,sitting,0.804,1,GREEN,1,1
sitting,sitting,0.809,1,GREEN,1,1
sitting,sitting,0.806,1,GREEN,1,1
sitting,sitting,0.799,1,GREEN,1,1
sitting,sitting,0.803,1,GREEN,1,1
sitting,sitting,0.809,1,GREEN,1,1
sitting,sitting,0.81,1,GREEN,1,1
sitting,sitting,0.813,1,GREEN,1,1
sitting,sitting,0.806,1,GREEN,1,1
sitting,sitting,0.794,1,GREEN,1,1
sitting,sitting,0.8,1,GREEN,1,1
sitting,sitting,0.801,1,GREEN,1,1
sitting,sitting,0.806,1,GREEN,1,1
sitting,sitting,0.832,1,GREEN,1,1
sitting,sitting,0.817,1,GREEN,1,1
sitting,sitting,0.809,1,GREEN,1,1
sitting,sitting,0.809,1,GREEN,1,1
sitting,sitting,0.763,1,GREEN,1,1
sitting,sitting,0.728,1,YELLOW,1,1
sitting,sitting,0.711,1,YELLOW,1,1
sitting,sitting,0.733,1,YELLOW,1,1
sitting,sitting,0.778,1,GREEN,1,1
sitting,sitting,0.783,1,GREEN,1,1
sitting,sitting,0.784,1,GREEN,1,1
sitting,sitting,0.786,1,GREEN,1,1
sitting,sitting,0.787,1,GREEN,1,1
sitting,sitting,0.79,1,GREEN,1,1
sitting,sitting,0.791,1,GREEN,1,1
sitting,sitting,0.785,1,GREEN,1,1
sitting,sitting,0.788,1,GREEN,1,1
sitting,sitting,0.791,1,GREEN,1,1
sitting,sitting,0.792,1,GREEN,1,1
sitting,sitting,0.782,1,GREEN,1,1
sitting,sitting,0.779,1,GREEN,1,1
sitting,sitting,0.786,1,GREEN,1,1
sitting,sitting,0.796,1,GREEN,1,1
sitting,sitting,0.792,1,GREEN,1,1
sitting,sitting,0.783,1,GREEN,1,1
sitting,sitting,0.848,1,GREEN,1,1
sitting,sitting,0.91,1,GREEN,1,1
sitting,sitting,0.931,1,GREEN,1,1
sitting,sitting,0.931,1,GREEN,1,1
sitting,sitting,0.906,1,GREEN,1,1
sitting,sitting,0.86,1,GREEN,1,1
sitting,sitting,0.862,1,GREEN,1,1
sitting,sitting,0.861,1,GREEN,1,1
sitting,sitting,0.857,1,GREEN,1,1
sitting,sitting,0.857,1,GREEN,1,1
sitting,sitting,0.858,1,GREEN,1,1
sitting,sitting,0.86,1,GREEN,1,1
sitting,sitting,0.859,1,GREEN,1,1
sitting,sitting,0.859,1,GREEN,1,1
sitting,sitting,0.861,1,GREEN,1,1
sitting,sitting,0.86,1,GREEN,1,1
sitting,sitting,0.859,1,GREEN,1,1
sitting,sitting,0.857,1,GREEN,1,1
sitting,sitting,0.857,1,GREEN,1,1
sitting,sitting,0.86,1,GREEN,1,1
sitting,sitting,0.861,1,GREEN,1,1
sitting,sitting,0.855,1,GREEN,1,1
sitting,sitting,0.852,1,GREEN,1,1
sitting,sitting,0.853,1,GREEN,1,1
sitting,sitting,0.853,1,GREEN,1,1
sitting,sitting,0.858,1,GREEN,1,1
sitting,sitting,0.859,1,GREEN,1,1
sitting,sitting,0.854,1,GREEN,1,1
sitting,sitting,0.858,1,GREEN,1,1
sitting,sitting,0.861,1,GREEN,1,1
sitting,sitting,0.853,1,GREEN,1,1
sitting,sitting,0.838,1,GREEN,1,1
sitting,sitting,0.83,1,GREEN,1,1
sitting,sitting,0.814,1,GREEN,1,1
sitting,sitting,0.741,1,YELLOW,1,1
sitting,sitting,0.709,1,YELLOW,1,1
sitting,sitting,0.737,1,YELLOW,1,1
sitting,sitting,0.731,1,YELLOW,1,1
sitting,sitting,0.792,1,GREEN,1,1
sitting,sitting,0.838,1,GREEN,1,1
sitting,sitting,0.834,1,GREEN,1,1
sitting,sitting,0.836,1,GREEN,1,1
sitting,sitting,0.839,1,GREEN,1,1
sitting,sitting,0.838,1,GREEN,1,1
sitting,sitting,0.885,1,GREEN,1,1
sitting,sitting,0.909,1,GREEN,1,1
sitting,sitting,0.838,1,GREEN,1,1
sitting,sitting,0.756,1,GREEN,1,1
sitting,sitting,0.825,1,GREEN,1,1
sitting,sitting,0.871,1,GREEN,1,1
sitting,sitting,0.888,1,GREEN,1,1
sitting,sitting,0.895,1,GREEN,1,1
sitting,sitting,0.892,1,GREEN,1,1
sitting,sitting,0.879,1,GREEN,1,1
sitting,sitting,0.874,1,GREEN,1,1
sitting,sitting,0.88,1,GREEN,1,1
sitting,sitting,0.865,1,GREEN,1,1
sitting,sitting,0.861,1,GREEN,1,1
sitting,sitting,0.872,1,GREEN,1,1
sitting,sitting,0.872,1,GREEN,1,1
sitting,sitting,0.869,1,GREEN,1,1
sitting,sitting,0.865,1,GREEN,1,1
sitting,sitting,0.867,1,GREEN,1,1
sitting,sitting,0.874,1,GREEN,1,1
sitting,sitting,0.858,1,GREEN,1,1
sitting,sitting,0.782,1,GREEN,1,1
sitting,sitting,0.757,1,GREEN,1,1
sitting,sitting,0.869,1,GREEN,1,1
sitting,sitting,0.791,1,GREEN,1,1
sitting,sitting,0.679,1,YELLOW,1,1
sitting,sitting,0.754,1,GREEN,1,1
sitting,sitting,0.756,1,GREEN,1,1
sitting,sitting,0.718,1,YELLOW,1,1
sitting,sitting,0.746,1,YELLOW,1,1
sitting,sitting,0.761,1,GREEN,1,1
sitting,sitting,0.705,1,YELLOW,1,1
sitting,sitting,0.704,1,YELLOW,1,1
sitting,sitting,0.762,1,GREEN,1,1
sitting,sitting,0.774,1,GREEN,1,1
sitting,sitting,0.763,1,GREEN,1,1
sitting,sitting,0.763,1,GREEN,1,1
sitting,sitting,0.767,1,GREEN,1,1
sitting,sitting,0.768,1,GREEN,1,1
sitting,sitting,0.764,1,GREEN,1,1
sitting,sitting,0.765,1,GREEN,1,1
sitting,sitting,0.772,1,GREEN,1,1
sitting,sitting,0.763,1,GREEN,1,1
sitting,sitting,0.754,1,GREEN,1,1
sitting,sitting,0.762,1,GREEN,1,1
sitting,sitting,0.768,1,GREEN,1,1
sitting,sitting,0.749,1,YELLOW,1,1
sitting,sitting,0.71,1,YELLOW,1,1
sitting,sitting,0.719,1,YELLOW,1,1
sitting,sitting,0.746,1,YELLOW,1,1
sitting,sitting,0.735,1,YELLOW,1,1
sitting,sitting,0.735,1,YELLOW,1,1
sitting,sitting,0.75,1,GREEN,1,1
sitting,sitting,0.751,1,GREEN,1,1
sitting,sitting,0.748,1,YELLOW,1,1
sitting,sitting,0.754,1,GREEN,1,1
sitting,sitting,0.75,1,YELLOW,1,1
sitting,sitting,0.754,1,GREEN,1,1
sitting,sitting,0.765,1,GREEN,1,1
sitting,sitting,0.76,1,GREEN,1,1
sitting,sitting,0.758,1,GREEN,1,1
sitting,sitting,0.747,1,YELLOW,1,1
sitting,sitting,0.746,1,YELLOW,1,1
sitting,sitting,0.749,1,YELLOW,1,1
sitting,sitting,0.749,1,YELLOW,1,1
sitting,sitting,0.747,1,YELLOW,1,1
sitting,sitting,0.743,1,YELLOW,1,1
sitting,sitting,0.734,1,YELLOW,1,1
sitting,sitting,0.729,1,YELLOW,1,1
sitting,sitting,0.692,1,YELLOW,1,1
sitting,sitting,0.662,1,YELLOW,1,1
sitting,sitting,0.717,1,YELLOW,1,1
sitting,sitting,0.743,1,YELLOW,1,1
sitting,sitting,0.725,1,YELLOW,1,1
sitting,sitting,0.726,1,YELLOW,1,1
sitting,sitting,0.761,1,GREEN,1,1
sitting,sitting,0.772,1,GREEN,1,1
sitting,sitting,0.792,1,GREEN,1,1
sitting,sitting,0.803,1,GREEN,1,1
sitting,sitting,0.787,1,GREEN,1,1
sitting,sitting,0.819,1,GREEN,1,1
sitting,sitting,0.825,1,GREEN,1,1
sitting,sitting,0.821,1,GREEN,1,1
sitting,sitting,0.811,1,GREEN,1,1
sitting,sitting,0.812,1,GREEN,1,1
sitting,sitting,0.811,1,GREEN,1,1
sitting,sitting,0.812,1,GREEN,1,1
sitting,sitting,0.814,1,GREEN,1,1
sitting,sitting,0.813,1,GREEN,1,1
sitting,sitting,0.808,1,GREEN,1,1
sitting,sitting,0.732,1,YELLOW,1,1
sitting,sitting,0.676,1,YELLOW,1,1
sitting,sitting,0.758,1,GREEN,1,1
sitting,sitting,0.787,1,GREEN,1,1
sitting,sitting,0.767,1,GREEN,1,1
sitting,sitting,0.784,1,GREEN,1,1
sitting,sitting,0.713,1,YELLOW,1,1
sitting,sitting,0.561,1,YELLOW,1,1
sitting,sitting,0.626,1,YELLOW,1,1
sitting,sitting,0.701,1,YELLOW,1,1
sitting,sitting,0.731,1,YELLOW,1,1
sitting,sitting,0.826,1,GREEN,1,1
sitting,sitting,0.858,1,GREEN,1,1
sitting,sitting,0.694,1,YELLOW,1,1
sitting,sitting,0.357,1,RED,1,1
sitting,sitting,0.217,1,RED,1,1
sitting,sitting,0.057,1,RED,1,1
sitting,standing,0.004,0,RED,1,2
sitting,standing,0.015,0,RED,1,2
sitting,standing,0.125,0,RED,1,2
sitting,standing,0.243,0,RED,1,2
sitting,standing,0.25,0,RED,1,2
standing,standing,0.418,1,RED,2,2
standing,standing,0.29,1,RED,2,2
standing,standing,0.333,1,RED,2,2
standing,standing,0.46,1,YELLOW,2,2
standing,standing,0.505,1,YELLOW,2,2
standing,standing,0.574,1,YELLOW,2,2
standing,standing,0.602,1,YELLOW,2,2
standing,standing,0.588,1,YELLOW,2,2
standing,standing,0.467,1,YELLOW,2,2
standing,standing,0.476,1,YELLOW,2,2
standing,standing,0.778,1,GREEN,2,2
standing,standing,0.864,1,GREEN,2,2
standing,standing,0.893,1,GREEN,2,2
standing,standing,0.899,1,GREEN,2,2
standing,standing,0.819,1,GREEN,2,2
standing,standing,0.9,1,GREEN,2,2
standing,standing,0.912,1,GREEN,2,2
standing,standing,0.784,1,GREEN,2,2
standing,standing,0.606,1,YELLOW,2,2
standing,standing,0.655,1,YELLOW,2,2
standing,standing,0.75,1,GREEN,2,2
standing,standing,0.7,1,YELLOW,2,2
standing,standing,0.652,1,YELLOW,2,2
standing,standing,0.649,1,YELLOW,2,2
standing,standing,0.529,1,YELLOW,2,2
standing,standing,0.459,1,YELLOW,2,2
standing,standing,0.446,1,RED,2,2
standing,standing,0.734,1,YELLOW,2,2
standing,standing,0.863,1,GREEN,2,2
standing,standing,0.499,1,YELLOW,2,2
standing,standing,0.163,1,RED,2,2
standing,standing,0.386,1,RED,2,2
standing,standing,0.416,1,RED,2,2
standing,standing,0.299,1,RED,2,2
standing,standing,0.34,1,RED,2,2
standing,standing,0.509,1,YELLOW,2,2
standing,standing,0.666,1,YELLOW,2,2
standing,standing,0.695,1,YELLOW,2,2
standing,standing,0.67,1,YELLOW,2,2
standing,standing,0.674,1,YELLOW,2,2
standing,standing,0.705,1,YELLOW,2,2
standing,standing,0.725,1,YELLOW,2,2
standing,standing,0.722,1,YELLOW,2,2
standing,standing,0.705,1,YELLOW,2,2
standing,standing,0.695,1,YELLOW,2,2
standing,standing,0.725,1,YELLOW,2,2
standing,standing,0.742,1,YELLOW,2,2
standing,standing,0.729,1,YELLOW,2,2
standing,standing,0.714,1,YELLOW,2,2
standing,standing,0.719,1,YELLOW,2,2
standing,standing,0.723,1,YELLOW,2,2
standing,standing,0.715,1,YELLOW,2,2
standing,standing,0.703,1,YELLOW,2,2
standing,standing,0.438,1,RED,2,2
standing,standing,0.241,1,RED,2,2
standing,standing,0.223,1,RED,2,2
standing,standing,0.341,1,RED,2,2
standing,standing,0.419,1,RED,2,2
standing,standing,0.548,1,YELLOW,2,2
standing,standing,0.745,1,YELLOW,2,2
standing,standing,0.698,1,YELLOW,2,2
standing,standing,0.679,1,YELLOW,2,2
standing,standing,0.702,1,YELLOW,2,2
standing,standing,0.667,1,YELLOW,2,2
standing,standing,0.639,1,YELLOW,2,2
standing,standing,0.628,1,YELLOW,2,2
standing,standing,0.652,1,YELLOW,2,2
standing,standing,0.67,1,YELLOW,2,2
standing,standing,0.672,1,YELLOW,2,2
standing,standing,0.66,1,YELLOW,2,2
standing,standing,0.648,1,YELLOW,2,2
standing,standing,0.647,1,YELLOW,2,2
standing,standing,0.648,1,YELLOW,2,2
standing,standing,0.677,1,YELLOW,2,2
standing,standing,0.627,1,YELLOW,2,2
standing,standing,0.477,1,YELLOW,2,2
standing,standing,0.463,1,YELLOW,2,2
standing,standing,0.6,1,YELLOW,2,2
standing,standing,0.654,1,YELLOW,2,2
standing,standing,0.634,1,YELLOW,2,2
standing,standing,0.621,1,YELLOW,2,2
standing,standing,0.587,1,YELLOW,2,2
standing,standing,0.599,1,YELLOW,2,2
standing,standing,0.618,1,YELLOW,2,2
standing,standing,0.602,1,YELLOW,2,2
standing,standing,0.592,1,YELLOW,2,2
standing,standing,0.587,1,YELLOW,2,2
standing,standing,0.597,1,YELLOW,2,2
standing,standing,0.605,1,YELLOW,2,2
standing,standing,0.599,1,YELLOW,2,2
standing,standing,0.596,1,YELLOW,2,2
standing,standing,0.6,1,YELLOW,2,2
standing,standing,0.609,1,YELLOW,2,2
standing,standing,0.613,1,YELLOW,2,2
standing,standing,0.606,1,YELLOW,2,2
standing,standing,0.591,1,YELLOW,2,2
standing,standing,0.579,1,YELLOW,2,2
standing,standing,0.585,1,YELLOW,2,2
standing,standing,0.61,1,YELLOW,2,2
standing,standing,0.668,1,YELLOW,2,2
standing,standing,0.695,1,YELLOW,2,2
standing,standing,0.689,1,YELLOW,2,2
standing,standing,0.677,1,YELLOW,2,2
standing,standing,0.65,1,YELLOW,2,2
standing,standing,0.618,1,YELLOW,2,2
standing,standing,0.598,1,YELLOW,2,2
standing,standing,0.597,1,YELLOW,2,2
standing,standing,0.614,1,YELLOW,2,2
standing,standing,0.633,1,YELLOW,2,2
standing,standing,0.65,1,YELLOW,2,2
standing,standing,0.63,1,YELLOW,2,2
standing,standing,0.601,1,YELLOW,2,2
standing,standing,0.594,1,YELLOW,2,2
standing,standing,0.614,1,YELLOW,2,2
standing,standing,0.625,1,YELLOW,2,2
standing,standing,0.602,1,YELLOW,2,2
standing,standing,0.595,1,YELLOW,2,2
standing,standing,0.6,1,YELLOW,2,2
standing,standing,0.614,1,YELLOW,2,2
standing,standing,0.636,1,YELLOW,2,2
standing,standing,0.64,1,YELLOW,2,2
standing,standing,0.627,1,YELLOW,2,2
standing,standing,0.62,1,YELLOW,2,2
standing,standing,0.614,1,YELLOW,2,2
standing,standing,0.596,1,YELLOW,2,2
standing,standing,0.576,1,YELLOW,2,2
standing,standing,0.573,1,YELLOW,2,2
standing,standing,0.589,1,YELLOW,2,2
standing,standing,0.621,1,YELLOW,2,2
standing,standing,0.62,1,YELLOW,2,2
standing,standing,0.586,1,YELLOW,2,2
standing,standing,0.589,1,YELLOW,2,2
standing,standing,0.597,1,YELLOW,2,2
standing,standing,0.602,1,YELLOW,2,2
standing,standing,0.621,1,YELLOW,2,2
standing,standing,0.619,1,YELLOW,2,2
standing,standing,0.612,1,YELLOW,2,2
standing,standing,0.604,1,YELLOW,2,2
standing,standing,0.61,1,YELLOW,2,2
standing,standing,0.596,1,YELLOW,2,2
standing,standing,0.505,1,YELLOW,2,2
standing,standing,0.505,1,YELLOW,2,2
standing,standing,0.486,1,YELLOW,2,2
standing,standing,0.66,1,YELLOW,2,2
standing,ironing,0.843,0,GREEN,2,10
standing,ironing,0.418,0,RED,2,10
standing,ironing,0.044,0,RED,2,10
standing,ironing,0.026,0,RED,2,10
standing,ironing,0.023,0,RED,2,10
standing,ironing,0.025,0,RED,2,10
standing,ironing,0.025,0,RED,2,10
standing,ironing,0.028,0,RED,2,10
standing,ironing,0.029,0,RED,2,10
standing,ironing,0.03,0,RED,2,10
standing,ironing,0.03,0,RED,2,10
standing,ironing,0.032,0,RED,2,10
standing,ironing,0.031,0,RED,2,10
standing,ironing,0.035,0,RED,2,10
standing,ironing,0.037,0,RED,2,10
standing,ironing,0.033,0,RED,2,10
standing,ironing,0.04,0,RED,2,10
standing,ironing,0.148,0,RED,2,10
standing,ironing,0.163,0,RED,2,10
standing,ironing,0.198,0,RED,2,10
standing,ironing,0.285,0,RED,2,10
standing,ironing,0.392,0,RED,2,10
standing,ironing,0.373,0,RED,2,10
standing,ironing,0.357,0,RED,2,10
standing,ironing,0.349,0,RED,2,10
standing,standing,0.356,1,RED,2,2
standing,standing,0.368,1,RED,2,2
standing,standing,0.322,1,RED,2,2
standing,standing,0.161,1,RED,2,2
standing,standing,0.157,1,RED,2,2
standing,standing,0.451,1,YELLOW,2,2
standing,standing,0.472,1,YELLOW,2,2
standing,standing,0.455,1,YELLOW,2,2
standing,standing,0.458,1,YELLOW,2,2
standing,standing,0.409,1,RED,2,2
standing,standing,0.403,1,RED,2,2
standing,standing,0.409,1,RED,2,2
standing,standing,0.409,1,RED,2,2
standing,standing,0.46,1,YELLOW,2,2
standing,standing,0.411,1,RED,2,2
standing,standing,0.469,1,YELLOW,2,2
standing,standing,0.513,1,YELLOW,2,2
standing,standing,0.561,1,YELLOW,2,2
standing,standing,0.565,1,YELLOW,2,2
standing,standing,0.332,1,RED,2,2
standing,standing,0.413,1,RED,2,2
standing,standing,0.52,1,YELLOW,2,2
standing,standing,0.506,1,YELLOW,2,2
standing,standing,0.514,1,YELLOW,2,2
standing,standing,0.517,1,YELLOW,2,2
standing,standing,0.352,1,RED,2,2
standing,standing,0.19,1,RED,2,2
standing,standing,0.167,1,RED,2,2
standing,standing,0.159,1,RED,2,2
standing,standing,0.197,1,RED,2,2
standing,standing,0.147,1,RED,2,2
standing,standing,0.095,1,RED,2,2
standing,standing,0.103,1,RED,2,2
standing,standing,0.13,1,RED,2,2
standing,standing,0.15,1,RED,2,2
standing,standing,0.149,1,RED,2,2
standing,ironing,0.197,0,RED,2,10
standing,ironing,0.255,0,RED,2,10
standing,ironing,0.218,0,RED,2,10
standing,ironing,0.12,0,RED,2,10
standing,ironing,0.117,0,RED,2,10
standing,ironing,0.171,0,RED,2,10
standing,ironing,0.19,0,RED,2,10
standing,ironing,0.176,0,RED,2,10
standing,ironing,0.134,0,RED,2,10
standing,ironing,0.134,0,RED,2,10
standing,ironing,0.119,0,RED,2,10
standing,ironing,0.154,0,RED,2,10
standing,ironing,0.164,0,RED,2,10
standing,ironing,0.051,0,RED,2,10
standing,ironing,0.059,0,RED,2,10
standing,ironing,0.125,0,RED,2,10
standing,ironing,0.171,0,RED,2,10
standing,ironing,0.225,0,RED,2,10
standing,ironing,0.204,0,RED,2,10
standing,ironing,0.196,0,RED,2,10
standing,ironing,0.198,0,RED,2,10
standing,ironing,0.194,0,RED,2,10
standing,ironing,0.184,0,RED,2,10
standing,ironing,0.234,0,RED,2,10
standing,ironing,0.254,0,RED,2,10
standing,ironing,0.259,0,RED,2,10
standing,ironing,0.306,0,RED,2,10
standing,ironing,0.282,0,RED,2,10
standing,ironing,0.251,0,RED,2,10
standing,ironing,0.088,0,RED,2,10
standing,ironing,0.022,0,RED,2,10
standing,ironing,0.036,0,RED,2,10
standing,ironing,0.047,0,RED,2,10
standing,ironing,0.074,0,RED,2,10
standing,ironing,0.234,0,RED,2,10
standing,ironing,0.22,0,RED,2,10
standing,ironing,0.14,0,RED,2,10
standing,ironing,0.146,0,RED,2,10
standing,ironing,0.17,0,RED,2,10
standing,ironing,0.192,0,RED,2,10
standing,ironing,0.203,0,RED,2,10
standing,ironing,0.209,0,RED,2,10
standing,ironing,0.183,0,RED,2,10
standing,ironing,0.149,0,RED,2,10
standing,ironing,0.091,0,RED,2,10
standing,ironing,0.082,0,RED,2,10
standing,ironing,0.223,0,RED,2,10
standing,ironing,0.217,0,RED,2,10
standing,ironing,0.151,0,RED,2,10
standing,ironing,0.146,0,RED,2,10
standing,ironing,0.151,0,RED,2,10
standing,ironing,0.146,0,RED,2,10
standing,ironing,0.157,0,RED,2,10
standing,ironing,0.181,0,RED,2,10
standing,ironing,0.191,0,RED,2,10
standing,ironing,0.187,0,RED,2,10
standing,ironing,0.188,0,RED,2,10
standing,ironing,0.131,0,RED,2,10
standing,standing,0.104,1,RED,2,2
standing,standing,0.177,1,RED,2,2
standing,standing,0.225,1,RED,2,2
standing,standing,0.175,1,RED,2,2
standing,standing,0.168,1,RED,2,2
standing,standing,0.18,1,RED,2,2
standing,standing,0.185,1,RED,2,2
standing,standing,0.186,1,RED,2,2
standing,standing,0.197,1,RED,2,2
standing,standing,0.199,1,RED,2,2
standing,standing,0.179,1,RED,2,2
standing,standing,0.178,1,RED,2,2
standing,standing,0.172,1,RED,2,2
standing,standing,0.16,1,RED,2,2
standing,standing,0.183,1,RED,2,2
standing,standing,0.214,1,RED,2,2
standing,standing,0.129,1,RED,2,2
standing,standing,0.061,1,RED,2,2
standing,standing,0.065,1,RED,2,2
standing,standing,0.1,1,RED,2,2
standing,standing,0.225,1,RED,2,2
standing,standing,0.256,1,RED,2,2
standing,standing,0.176,1,RED,2,2
standing,standing,0.197,1,RED,2,2
standing,standing,0.218,1,RED,2,2
standing,standing,0.232,1,RED,2,2
standing,standing,0.228,1,RED,2,2
standing,standing,0.248,1,RED,2,2
standing,standing,0.24,1,RED,2,2
standing,standing,0.232,1,RED,2,2
standing,standing,0.252,1,RED,2,2
standing,standing,0.237,1,RED,2,2
standing,standing,0.222,1,RED,2,2
standing,standing,0.215,1,RED,2,2
standing,standing,0.219,1,RED,2,2
standing,standing,0.225,1,RED,2,2
standing,standing,0.231,1,RED,2,2
standing,standing,0.22,1,RED,2,2
standing,standing,0.223,1,RED,2,2
standing,standing,0.217,1,RED,2,2
standing,standing,0.223,1,RED,2,2
standing,standing,0.222,1,RED,2,2
standing,standing,0.221,1,RED,2,2
standing,standing,0.346,1,RED,2,2
standing,standing,0.267,1,RED,2,2
standing,standing,0.113,1,RED,2,2
standing,standing,0.152,1,RED,2,2
standing,standing,0.267,1,RED,2,2
standing,standing,0.376,1,RED,2,2
standing,standing,0.347,1,RED,2,2
standing,standing,0.259,1,RED,2,2
standing,standing,0.239,1,RED,2,2
standing,standing,0.217,1,RED,2,2
standing,standing,0.189,1,RED,2,2
standing,standing,0.188,1,RED,2,2
standing,standing,0.201,1,RED,2,2
standing,standing,0.219,1,RED,2,2
standing,standing,0.216,1,RED,2,2
standing,standing,0.21,1,RED,2,2
standing,standing,0.235,1,RED,2,2
standing,standing,0.251,1,RED,2,2
standing,standing,0.226,1,RED,2,2
standing,standing,0.225,1,RED,2,2
standing,standing,0.23,1,RED,2,2
standing,ironing,0.25,0,RED,2,10
standing,ironing,0.226,0,RED,2,10
standing,ironing,0.183,0,RED,2,10
standing,ironing,0.181,0,RED,2,10
standing,ironing,0.149,0,RED,2,10
standing,ironing,0.147,0,RED,2,10
standing,ironing,0.155,0,RED,2,10
standing,ironing,0.157,0,RED,2,10
standing,ironing,0.166,0,RED,2,10
standing,ironing,0.178,0,RED,2,10
standing,ironing,0.192,0,RED,2,10
standing,ironing,0.189,0,RED,2,10
standing,ironing,0.22,0,RED,2,10
standing,ironing,0.22,0,RED,2,10
standing,ironing,0.179,0,RED,2,10
standing,ironing,0.166,0,RED,2,10
standing,ironing,0.146,0,RED,2,10
standing,ironing,0.159,0,RED,2,10
standing,ironing,0.204,0,RED,2,10
standing,ironing,0.212,0,RED,2,10
standing,ironing,0.196,0,RED,2,10
standing,ironing,0.19,0,RED,2,10
standing,ironing,0.186,0,RED,2,10
standing,ironing,0.264,0,RED,2,10
standing,ironing,0.392,0,RED,2,10
standing,ironing,0.192,0,RED,2,10
standing,ironing,0.043,0,RED,2,10
standing,ironing,0.116,0,RED,2,10
standing,ironing,0.168,0,RED,2,10
standing,ironing,0.087,0,RED,2,10
standing,ironing,0.103,0,RED,2,10
standing,ironing,0.067,0,RED,2,10
standing,ironing,0.055,0,RED,2,10
standing,ironing,0.098,0,RED,2,10
standing,ironing,0.121,0,RED,2,10
standing,ironing,0.127,0,RED,2,10
standing,ironing,0.103,0,RED,2,10
standing,ironing,0.076,0,RED,2,10
standing,ironing,0.105,0,RED,2,10
standing,ironing,0.133,0,RED,2,10
standing,ironing,0.096,0,RED,2,10
standing,ironing,0.062,0,RED,2,10
standing,ironing,0.044,0,RED,2,10
standing,ironing,0.069,0,RED,2,10
standing,ironing,0.106,0,RED,2,10
standing,ironing,0.117,0,RED,2,10
standing,ironing,0.22,0,RED,2,10
standing,ironing,0.33,0,RED,2,10
standing,ironing,0.19,0,RED,2,10
standing,ironing,0.136,0,RED,2,10
standing,ironing,0.146,0,RED,2,10
standing,ironing,0.106,0,RED,2,10
standing,ironing,0.055,0,RED,2,10
standing,ironing,0.024,0,RED,2,10
standing,ironing,0.024,0,RED,2,10
standing,ironing,0.016,0,RED,2,10
standing,ironing,0.013,0,RED,2,10
standing,ironing,0.018,0,RED,2,10
standing,ironing,0.021,0,RED,2,10
standing,ironing,0.02,0,RED,2,10
standing,ironing,0.016,0,RED,2,10
standing,ironing,0.019,0,RED,2,10
standing,ironing,0.024,0,RED,2,10
standing,ironing,0.026,0,RED,2,10
standing,ironing,0.025,0,RED,2,10
standing,ironing,0.024,0,RED,2,10
standing,ironing,0.025,0,RED,2,10
standing,ironing,0.034,0,RED,2,10
standing,ironing,0.033,0,RED,2,10
standing,ironing,0.025,0,RED,2,10
standing,ironing,0.026,0,RED,2,10
standing,ironing,0.024,0,RED,2,10
standing,ironing,0.026,0,RED,2,10
standing,ironing,0.03,0,RED,2,10
standing,ironing,0.025,0,RED,2,10
standing,ironing,0.02,0,RED,2,10
standing,ironing,0.022,0,RED,2,10
standing,ironing,0.03,0,RED,2,10
standing,ironing,0.029,0,RED,2,10
standing,ironing,0.028,0,RED,2,10
standing,ironing,0.028,0,RED,2,10
standing,ironing,0.028,0,RED,2,10
standing,ironing,0.029,0,RED,2,10
standing,ironing,0.031,0,RED,2,10
standing,ironing,0.034,0,RED,2,10
standing,ironing,0.036,0,RED,2,10
standing,ironing,0.033,0,RED,2,10
standing,ironing,0.028,0,RED,2,10
standing,ironing,0.028,0,RED,2,10
standing,ironing,0.03,0,RED,2,10
standing,ironing,0.029,0,RED,2,10
standing,ironing,0.028,0,RED,2,10
standing,ironing,0.027,0,RED,2,10
standing,ironing,0.028,0,RED,2,10
standing,ironing,0.028,0,RED,2,10
standing,ironing,0.03,0,RED,2,10
standing,ironing,0.029,0,RED,2,10
standing,ironing,0.029,0,RED,2,10
standing,ironing,0.03,0,RED,2,10
standing,ironing,0.029,0,RED,2,10
standing,ironing,0.028,0,RED,2,10
standing,ironing,0.029,0,RED,2,10
standing,ironing,0.031,0,RED,2,10
standing,ironing,0.032,0,RED,2,10
standing,ironing,0.03,0,RED,2,10
standing,ironing,0.029,0,RED,2,10
standing,ironing,0.029,0,RED,2,10
standing,ironing,0.031,0,RED,2,10
standing,ironing,0.033,0,RED,2,10
standing,ironing,0.031,0,RED,2,10
standing,ironing,0.03,0,RED,2,10
standing,ironing,0.029,0,RED,2,10
standing,ironing,0.03,0,RED,2,10
standing,ironing,0.03,0,RED,2,10
standing,ironing,0.029,0,RED,2,10
standing,ironing,0.028,0,RED,2,10
standing,ironing,0.029,0,RED,2,10
standing,ironing,0.03,0,RED,2,10
standing,ironing,0.03,0,RED,2,10
standing,ironing,0.029,0,RED,2,10
standing,ironing,0.03,0,RED,2,10
standing,ironing,0.031,0,RED,2,10
standing,ironing,0.029,0,RED,2,10
standing,ironing,0.032,0,RED,2,10
standing,ironing,0.031,0,RED,2,10
standing,ironing,0.03,0,RED,2,10
standing,ironing,0.031,0,RED,2,10
standing,ironing,0.029,0,RED,2,10
standing,ironing,0.031,0,RED,2,10
standing,ironing,0.031,0,RED,2,10
standing,ironing,0.029,0,RED,2,10
standing,ironing,0.028,0,RED,2,10
standing,ironing,0.028,0,RED,2,10
standing,ironing,0.027,0,RED,2,10
standing,ironing,0.026,0,RED,2,10
standing,ironing,0.029,0,RED,2,10
standing,ironing,0.028,0,RED,2,10
standing,ironing,0.027,0,RED,2,10
standing,ironing,0.032,0,RED,2,10
standing,ironing,0.03,0,RED,2,10
standing,ironing,0.027,0,RED,2,10
standing,ironing,0.031,0,RED,2,10
standing,ironing,0.032,0,RED,2,10
standing,ironing,0.031,0,RED,2,10
standing,ironing,0.03,0,RED,2,10
standing,ironing,0.03,0,RED,2,10
standing,ironing,0.03,0,RED,2,10
standing,ironing,0.029,0,RED,2,10
standing,ironing,0.031,0,RED,2,10
standing,ironing,0.029,0,RED,2,10
standing,ironing,0.027,0,RED,2,10
standing,ironing,0.03,0,RED,2,10
standing,ironing,0.03,0,RED,2,10
ironing,ironing,0.876,1,GREEN,10,10
ironing,ironing,0.878,1,GREEN,10,10
ironing,ironing,0.881,1,GREEN,10,10
ironing,ironing,0.877,1,GREEN,10,10
ironing,ironing,0.873,1,GREEN,10,10
ironing,ironing,0.866,1,GREEN,10,10
ironing,ironing,0.705,1,YELLOW,10,10
ironing,ironing,0.182,1,RED,10,10
ironing,ironing,0.18,1,RED,10,10
ironing,ironing,0.663,1,YELLOW,10,10
ironing,ironing,0.803,1,GREEN,10,10
ironing,ironing,0.823,1,GREEN,10,10
ironing,ironing,0.836,1,GREEN,10,10
ironing,ironing,0.864,1,GREEN,10,10
ironing,ironing,0.898,1,GREEN,10,10
ironing,ironing,0.813,1,GREEN,10,10
ironing,ironing,0.791,1,GREEN,10,10
ironing,ironing,0.818,1,GREEN,10,10
ironing,ironing,0.75,1,GREEN,10,10
ironing,ironing,0.791,1,GREEN,10,10
ironing,ironing,0.827,1,GREEN,10,10
ironing,ironing,0.77,1,GREEN,10,10
ironing,ironing,0.735,1,YELLOW,10,10
ironing,ironing,0.803,1,GREEN,10,10
ironing,ironing,0.9,1,GREEN,10,10
ironing,ironing,0.895,1,GREEN,10,10
ironing,ironing,0.818,1,GREEN,10,10
ironing,ironing,0.786,1,GREEN,10,10
ironing,ironing,0.811,1,GREEN,10,10
ironing,ironing,0.808,1,GREEN,10,10
ironing,ironing,0.842,1,GREEN,10,10
ironing,ironing,0.897,1,GREEN,10,10
ironing,ironing,0.911,1,GREEN,10,10
ironing,ironing,0.885,1,GREEN,10,10
ironing,ironing,0.843,1,GREEN,10,10
ironing,ironing,0.863,1,GREEN,10,10
ironing,ironing,0.885,1,GREEN,10,10
ironing,ironing,0.895,1,GREEN,10,10
ironing,ironing,0.864,1,GREEN,10,10
ironing,ironing,0.879,1,GREEN,10,10
ironing,ironing,0.878,1,GREEN,10,10
ironing,ironing,0.846,1,GREEN,10,10
ironing,ironing,0.846,1,GREEN,10,10
ironing,ironing,0.846,1,GREEN,10,10
ironing,ironing,0.874,1,GREEN,10,10
ironing,ironing,0.895,1,GREEN,10,10
ironing,ironing,0.875,1,GREEN,10,10
ironing,ironing,0.895,1,GREEN,10,10
ironing,ironing,0.921,1,GREEN,10,10
ironing,ironing,0.887,1,GREEN,10,10
ironing,ironing,0.852,1,GREEN,10,10
ironing,ironing,0.874,1,GREEN,10,10
ironing,ironing,0.893,1,GREEN,10,10
ironing,ironing,0.892,1,GREEN,10,10
ironing,ironing,0.878,1,GREEN,10,10
ironing,ironing,0.859,1,GREEN,10,10
ironing,ironing,0.835,1,GREEN,10,10
ironing,ironing,0.809,1,GREEN,10,10
ironing,ironing,0.817,1,GREEN,10,10
ironing,ironing,0.891,1,GREEN,10,10
ironing,ironing,0.866,1,GREEN,10,10
ironing,ironing,0.792,1,GREEN,10,10
ironing,ironing,0.816,1,GREEN,10,10
ironing,ironing,0.875,1,GREEN,10,10
ironing,ironing,0.878,1,GREEN,10,10
ironing,ironing,0.83,1,GREEN,10,10
ironing,ironing,0.823,1,GREEN,10,10
ironing,ironing,0.803,1,GREEN,10,10
ironing,ironing,0.791,1,GREEN,10,10
ironing,ironing,0.861,1,GREEN,10,10
ironing,ironing,0.893,1,GREEN,10,10
ironing,ironing,0.903,1,GREEN,10,10
ironing,ironing,0.9,1,GREEN,10,10
ironing,ironing,0.882,1,GREEN,10,10
ironing,ironing,0.842,1,GREEN,10,10
ironing,ironing,0.802,1,GREEN,10,10
ironing,ironing,0.8,1,GREEN,10,10
ironing,ironing,0.861,1,GREEN,10,10
ironing,ironing,0.917,1,GREEN,10,10
ironing,ironing,0.901,1,GREEN,10,10
ironing,ironing,0.869,1,GREEN,10,10
ironing,ironing,0.892,1,GREEN,10,10
ironing,ironing,0.896,1,GREEN,10,10
ironing,ironing,0.893,1,GREEN,10,10
ironing,ironing,0.908,1,GREEN,10,10
ironing,ironing,0.9,1,GREEN,10,10
ironing,ironing,0.89,1,GREEN,10,10
ironing,ironing,0.885,1,GREEN,10,10
ironing,ironing,0.853,1,GREEN,10,10
ironing,ironing,0.841,1,GREEN,10,10
ironing,ironing,0.874,1,GREEN,10,10
ironing,ironing,0.857,1,GREEN,10,10
ironing,ironing,0.807,1,GREEN,10,10
ironing,ironing,0.86,1,GREEN,10,10
ironing,ironing,0.895,1,GREEN,10,10
ironing,ironing,0.897,1,GREEN,10,10
ironing,ironing,0.891,1,GREEN,10,10
ironing,ironing,0.893,1,GREEN,10,10
ironing,ironing,0.898,1,GREEN,10,10
ironing,ironing,0.9,1,GREEN,10,10
ironing,ironing,0.872,1,GREEN,10,10
ironing,ironing,0.842,1,GREEN,10,10
ironing,ironing,0.724,1,YELLOW,10,10
ironing,ironing,0.456,1,YELLOW,10,10
ironing,ironing,0.584,1,YELLOW,10,10
ironing,ironing,0.594,1,YELLOW,10,10
ironing,ironing,0.525,1,YELLOW,10,10
ironing,ironing,0.634,1,YELLOW,10,10
ironing,ironing,0.784,1,GREEN,10,10
ironing,ironing,0.877,1,GREEN,10,10
ironing,ironing,0.897,1,GREEN,10,10
ironing,ironing,0.828,1,GREEN,10,10
ironing,ironing,0.743,1,YELLOW,10,10
ironing,ironing,0.776,1,GREEN,10,10
ironing,ironing,0.815,1,GREEN,10,10
ironing,ironing,0.877,1,GREEN,10,10
ironing,ironing,0.883,1,GREEN,10,10
ironing,ironing,0.848,1,GREEN,10,10
ironing,ironing,0.707,1,YELLOW,10,10
ironing,ironing,0.801,1,GREEN,10,10
ironing,ironing,0.868,1,GREEN,10,10
ironing,ironing,0.878,1,GREEN,10,10
ironing,ironing,0.902,1,GREEN,10,10
ironing,ironing,0.797,1,GREEN,10,10
ironing,ironing,0.783,1,GREEN,10,10
ironing,ironing,0.87,1,GREEN,10,10
ironing,ironing,0.915,1,GREEN,10,10
ironing,ironing,0.913,1,GREEN,10,10
ironing,ironing,0.925,1,GREEN,10,10
ironing,ironing,0.893,1,GREEN,10,10
ironing,ironing,0.872,1,GREEN,10,10
ironing,ironing,0.898,1,GREEN,10,10
ironing,ironing,0.921,1,GREEN,10,10
ironing,ironing,0.894,1,GREEN,10,10
ironing,ironing,0.884,1,GREEN,10,10
ironing,ironing,0.888,1,GREEN,10,10
ironing,ironing,0.889,1,GREEN,10,10
ironing,ironing,0.921,1,GREEN,10,10
ironing,ironing,0.917,1,GREEN,10,10
ironing,ironing,0.907,1,GREEN,10,10
ironing,ironing,0.937,1,GREEN,10,10
ironing,ironing,0.945,1,GREEN,10,10
ironing,ironing,0.925,1,GREEN,10,10
ironing,ironing,0.927,1,GREEN,10,10
ironing,ironing,0.891,1,GREEN,10,10
ironing,ironing,0.847,1,GREEN,10,10
ironing,ironing,0.85,1,GREEN,10,10
ironing,ironing,0.851,1,GREEN,10,10
ironing,ironing,0.836,1,GREEN,10,10
ironing,ironing,0.824,1,GREEN,10,10
ironing,ironing,0.837,1,GREEN,10,10
ironing,ironing,0.894,1,GREEN,10,10
ironing,ironing,0.91,1,GREEN,10,10
ironing,ironing,0.873,1,GREEN,10,10
ironing,ironing,0.907,1,GREEN,10,10
ironing,ironing,0.928,1,GREEN,10,10
ironing,ironing,0.9,1,GREEN,10,10
ironing,ironing,0.902,1,GREEN,10,10
ironing,ironing,0.921,1,GREEN,10,10
ironing,ironing,0.925,1,GREEN,10,10
ironing,ironing,0.932,1,GREEN,10,10
ironing,ironing,0.937,1,GREEN,10,10
ironing,ironing,0.905,1,GREEN,10,10
ironing,ironing,0.866,1,GREEN,10,10
ironing,ironing,0.858,1,GREEN,10,10
ironing,ironing,0.863,1,GREEN,10,10
ironing,ironing,0.872,1,GREEN,10,10
ironing,ironing,0.827,1,GREEN,10,10
ironing,ironing,0.827,1,GREEN,10,10
ironing,ironing,0.85,1,GREEN,10,10
ironing,ironing,0.853,1,GREEN,10,10
ironing,ironing,0.894,1,GREEN,10,10
ironing,ironing,0.897,1,GREEN,10,10
ironing,ironing,0.883,1,GREEN,10,10
ironing,ironing,0.87,1,GREEN,10,10
ironing,ironing,0.839,1,GREEN,10,10
ironing,ironing,0.816,1,GREEN,10,10
ironing,ironing,0.792,1,GREEN,10,10
ironing,ironing,0.832,1,GREEN,10,10
ironing,ironing,0.853,1,GREEN,10,10
ironing,ironing,0.829,1,GREEN,10,10
ironing,ironing,0.837,1,GREEN,10,10
ironing,ironing,0.833,1,GREEN,10,10
ironing,ironing,0.766,1,GREEN,10,10
ironing,ironing,0.784,1,GREEN,10,10
ironing,ironing,0.805,1,GREEN,10,10
ironing,ironing,0.801,1,GREEN,10,10
ironing,ironing,0.804,1,GREEN,10,10
ironing,ironing,0.734,1,YELLOW,10,10
ironing,ironing,0.745,1,YELLOW,10,10
ironing,ironing,0.812,1,GREEN,10,10
ironing,ironing,0.789,1,GREEN,10,10
ironing,ironing,0.879,1,GREEN,10,10
ironing,ironing,0.87,1,GREEN,10,10
ironing,ironing,0.794,1,GREEN,10,10
ironing,ironing,0.833,1,GREEN,10,10
ironing,ironing,0.87,1,GREEN,10,10
ironing,ironing,0.862,1,GREEN,10,10
ironing,ironing,0.654,1,YELLOW,10,10
ironing,ironing,0.549,1,YELLOW,10,10
ironing,ironing,0.701,1,YELLOW,10,10
ironing,ironing,0.736,1,YELLOW,10,10
ironing,ironing,0.738,1,YELLOW,10,10
ironing,ironing,0.752,1,GREEN,10,10
ironing,ironing,0.723,1,YELLOW,10,10
ironing,ironing,0.718,1,YELLOW,10,10
ironing,ironing,0.673,1,YELLOW,10,10
ironing,ironing,0.792,1,GREEN,10,10
ironing,ironing,0.865,1,GREEN,10,10
ironing,ironing,0.868,1,GREEN,10,10
ironing,ironing,0.869,1,GREEN,10,10
ironing,ironing,0.878,1,GREEN,10,10
ironing,ironing,0.871,1,GREEN,10,10
ironing,ironing,0.859,1,GREEN,10,10
ironing,ironing,0.884,1,GREEN,10,10
ironing,ironing,0.88,1,GREEN,10,10
ironing,ironing,0.852,1,GREEN,10,10
ironing,ironing,0.799,1,GREEN,10,10
ironing,ironing,0.753,1,GREEN,10,10
ironing,ironing,0.753,1,GREEN,10,10
ironing,ironing,0.717,1,YELLOW,10,10
ironing,ironing,0.783,1,GREEN,10,10
ironing,ironing,0.797,1,GREEN,10,10
ironing,ironing,0.77,1,GREEN,10,10
ironing,ironing,0.807,1,GREEN,10,10
ironing,ironing,0.832,1,GREEN,10,10
ironing,ironing,0.836,1,GREEN,10,10
ironing,ironing,0.85,1,GREEN,10,10
ironing,ironing,0.8,1,GREEN,10,10
ironing,ironing,0.781,1,GREEN,10,10
ironing,ironing,0.739,1,YELLOW,10,10
ironing,ironing,0.833,1,GREEN,10,10
ironing,ironing,0.883,1,GREEN,10,10
ironing,ironing,0.934,1,GREEN,10,10
ironing,ironing,0.903,1,GREEN,10,10
ironing,ironing,0.843,1,GREEN,10,10
ironing,ironing,0.832,1,GREEN,10,10
ironing,ironing,0.735,1,YELLOW,10,10
ironing,ironing,0.697,1,YELLOW,10,10
ironing,ironing,0.61,1,YELLOW,10,10
ironing,ironing,0.681,1,YELLOW,10,10
ironing,ironing,0.889,1,GREEN,10,10
ironing,ironing,0.768,1,GREEN,10,10
ironing,ironing,0.493,1,YELLOW,10,10
ironing,ironing,0.75,1,GREEN,10,10
ironing,ironing,0.909,1,GREEN,10,10
ironing,ironing,0.894,1,GREEN,10,10
ironing,ironing,0.795,1,GREEN,10,10
ironing,ironing,0.783,1,GREEN,10,10
ironing,ironing,0.841,1,GREEN,10,10
ironing,ironing,0.869,1,GREEN,10,10
ironing,ironing,0.844,1,GREEN,10,10
ironing,ironing,0.792,1,GREEN,10,10
ironing,ironing,0.772,1,GREEN,10,10
ironing,ironing,0.684,1,YELLOW,10,10
ironing,ironing,0.507,1,YELLOW,10,10
ironing,ironing,0.486,1,YELLOW,10,10
ironing,ironing,0.615,1,YELLOW,10,10
ironing,ironing,0.732,1,YELLOW,10,10
ironing,ironing,0.751,1,GREEN,10,10
ironing,ironing,0.795,1,GREEN,10,10
ironing,ironing,0.873,1,GREEN,10,10
ironing,ironing,0.872,1,GREEN,10,10
ironing,ironing,0.695,1,YELLOW,10,10
ironing,ironing,0.647,1,YELLOW,10,10
ironing,ironing,0.77,1,GREEN,10,10
ironing,ironing,0.687,1,YELLOW,10,10
ironing,ironing,0.582,1,YELLOW,10,10
ironing,ironing,0.716,1,YELLOW,10,10
ironing,ironing,0.802,1,GREEN,10,10
ironing,ironing,0.814,1,GREEN,10,10
ironing,ironing,0.871,1,GREEN,10,10
ironing,ironing,0.936,1,GREEN,10,10
ironing,ironing,0.92,1,GREEN,10,10
ironing,ironing,0.853,1,GREEN,10,10
ironing,ironing,0.843,1,GREEN,10,10
ironing,ironing,0.736,1,YELLOW,10,10
ironing,ironing,0.801,1,GREEN,10,10
ironing,ironing,0.911,1,GREEN,10,10
ironing,ironing,0.883,1,GREEN,10,10
ironing,ironing,0.714,1,YELLOW,10,10
ironing,ironing,0.737,1,YELLOW,10,10
ironing,ironing,0.843,1,GREEN,10,10
ironing,ironing,0.704,1,YELLOW,10,10
ironing,ironing,0.713,1,YELLOW,10,10
ironing,ironing,0.795,1,GREEN,10,10
ironing,ironing,0.747,1,YELLOW,10,10
ironing,ironing,0.791,1,GREEN,10,10
ironing,ironing,0.887,1,GREEN,10,10
ironing,ironing,0.903,1,GREEN,10,10
ironing,ironing,0.89,1,GREEN,10,10
ironing,ironing,0.844,1,GREEN,10,10
ironing,ironing,0.768,1,GREEN,10,10
ironing,ironing,0.666,1,YELLOW,10,10
ironing,ironing,0.806,1,GREEN,10,10
ironing,ironing,0.873,1,GREEN,10,10
ironing,ironing,0.877,1,GREEN,10,10
ironing,ironing,0.893,1,GREEN,10,10
ironing,ironing,0.892,1,GREEN,10,10
ironing,ironing,0.867,1,GREEN,10,10
ironing,ironing,0.847,1,GREEN,10,10
ironing,ironing,0.866,1,GREEN,10,10
ironing,ironing,0.875,1,GREEN,10,10
ironing,ironing,0.873,1,GREEN,10,10
ironing,ironing,0.874,1,GREEN,10,10
ironing,ironing,0.863,1,GREEN,10,10
ironing,ironing,0.876,1,GREEN,10,10
ironing,ironing,0.88,1,GREEN,10,10
ironing,ironing,0.887,1,GREEN,10,10
ironing,ironing,0.904,1,GREEN,10,10
ironing,ironing,0.904,1,GREEN,10,10
ironing,ironing,0.91,1,GREEN,10,10
ironing,ironing,0.899,1,GREEN,10,10
ironing,ironing,0.896,1,GREEN,10,10
ironing,ironing,0.899,1,GREEN,10,10
ironing,ironing,0.896,1,GREEN,10,10
ironing,ironing,0.889,1,GREEN,10,10
ironing,ironing,0.867,1,GREEN,10,10
ironing,ironing,0.816,1,GREEN,10,10
ironing,ironing,0.836,1,GREEN,10,10
ironing,ironing,0.788,1,GREEN,10,10
ironing,ironing,0.561,1,YELLOW,10,10
ironing,ironing,0.689,1,YELLOW,10,10
ironing,ironing,0.836,1,GREEN,10,10
ironing,ironing,0.827,1,GREEN,10,10
ironing,ironing,0.791,1,GREEN,10,10
ironing,ironing,0.809,1,GREEN,10,10
ironing,ironing,0.867,1,GREEN,10,10
ironing,ironing,0.82,1,GREEN,10,10
ironing,ironing,0.515,1,YELLOW,10,10
ironing,ironing,0.403,1,RED,10,10
ironing,ironing,0.658,1,YELLOW,10,10
ironing,ironing,0.741,1,YELLOW,10,10
ironing,ironing,0.515,1,YELLOW,10,10
ironing,ironing,0.554,1,YELLOW,10,10
ironing,ironing,0.767,1,GREEN,10,10
ironing,ironing,0.813,1,GREEN,10,10
ironing,ironing,0.777,1,GREEN,10,10
ironing,ironing,0.698,1,YELLOW,10,10
ironing,ironing,0.641,1,YELLOW,10,10
ironing,ironing,0.58,1,YELLOW,10,10
ironing,ironing,0.688,1,YELLOW,10,10
ironing,ironing,0.663,1,YELLOW,10,10
ironing,ironing,0.66,1,YELLOW,10,10
ironing,ironing,0.722,1,YELLOW,10,10
ironing,ironing,0.653,1,YELLOW,10,10
ironing,ironing,0.77,1,GREEN,10,10
ironing,ironing,0.833,1,GREEN,10,10
ironing,ironing,0.89,1,GREEN,10,10
ironing,ironing,0.842,1,GREEN,10,10
ironing,ironing,0.851,1,GREEN,10,10
ironing,ironing,0.88,1,GREEN,10,10
ironing,ironing,0.76,1,GREEN,10,10
ironing,ironing,0.725,1,YELLOW,10,10
ironing,ironing,0.821,1,GREEN,10,10
ironing,ironing,0.825,1,GREEN,10,10
ironing,ironing,0.831,1,GREEN,10,10
ironing,ironing,0.87,1,GREEN,10,10
ironing,ironing,0.89,1,GREEN,10,10
ironing,ironing,0.88,1,GREEN,10,10
ironing,ironing,0.876,1,GREEN,10,10
ironing,ironing,0.901,1,GREEN,10,10
ironing,ironing,0.904,1,GREEN,10,10
ironing,ironing,0.872,1,GREEN,10,10
ironing,ironing,0.719,1,YELLOW,10,10
ironing,ironing,0.522,1,YELLOW,10,10
ironing,ironing,0.633,1,YELLOW,10,10
ironing,ironing,0.783,1,GREEN,10,10
ironing,ironing,0.828,1,GREEN,10,10
ironing,ironing,0.841,1,GREEN,10,10
ironing,ironing,0.815,1,GREEN,10,10
ironing,ironing,0.728,1,YELLOW,10,10
ironing,ironing,0.731,1,YELLOW,10,10
ironing,ironing,0.786,1,GREEN,10,10
ironing,ironing,0.759,1,GREEN,10,10
ironing,ironing,0.729,1,YELLOW,10,10
ironing,ironing,0.594,1,YELLOW,10,10
ironing,ironing,0.647,1,YELLOW,10,10
ironing,ironing,0.807,1,GREEN,10,10
ironing,ironing,0.779,1,GREEN,10,10
ironing,ironing,0.761,1,GREEN,10,10
ironing,ironing,0.843,1,GREEN,10,10
ironing,ironing,0.877,1,GREEN,10,10
ironing,ironing,0.899,1,GREEN,10,10
ironing,ironing,0.889,1,GREEN,10,10
ironing,ironing,0.863,1,GREEN,10,10
ironing,ironing,0.819,1,GREEN,10,10
ironing,ironing,0.744,1,YELLOW,10,10
ironing,ironing,0.74,1,YELLOW,10,10
ironing,ironing,0.665,1,YELLOW,10,10
ironing,ironing,0.635,1,YELLOW,10,10
ironing,ironing,0.65,1,YELLOW,10,10
ironing,ironing,0.761,1,GREEN,10,10
ironing,ironing,0.768,1,GREEN,10,10
ironing,ironing,0.761,1,GREEN,10,10
ironing,ironing,0.84,1,GREEN,10,10
ironing,ironing,0.891,1,GREEN,10,10
ironing,ironing,0.89,1,GREEN,10,10
ironing,ironing,0.841,1,GREEN,10,10
ironing,ironing,0.827,1,GREEN,10,10
ironing,ironing,0.807,1,GREEN,10,10
ironing,ironing,0.685,1,YELLOW,10,10
ironing,ironing,0.789,1,GREEN,10,10
ironing,ironing,0.85,1,GREEN,10,10
ironing,ironing,0.788,1,GREEN,10,10
ironing,ironing,0.757,1,GREEN,10,10
ironing,ironing,0.815,1,GREEN,10,10
ironing,ironing,0.803,1,GREEN,10,10
ironing,ironing,0.726,1,YELLOW,10,10
ironing,ironing,0.839,1,GREEN,10,10
ironing,ironing,0.907,1,GREEN,10,10
ironing,ironing,0.588,1,YELLOW,10,10
ironing,ironing,0.452,1,YELLOW,10,10
ironing,ironing,0.684,1,YELLOW,10,10
ironing,ironing,0.816,1,GREEN,10,10
ironing,ironing,0.884,1,GREEN,10,10
ironing,ironing,0.773,1,GREEN,10,10
ironing,ironing,0.797,1,GREEN,10,10
ironing,ironing,0.839,1,GREEN,10,10
ironing,ironing,0.8,1,GREEN,10,10
ironing,ironing,0.75,1,GREEN,10,10
ironing,ironing,0.731,1,YELLOW,10,10
ironing,ironing,0.64,1,YELLOW,10,10
ironing,ironing,0.456,1,YELLOW,10,10
ironing,ironing,0.385,1,RED,10,10
ironing,ironing,0.632,1,YELLOW,10,10
ironing,ironing,0.611,1,YELLOW,10,10
ironing,ironing,0.685,1,YELLOW,10,10
ironing,ironing,0.775,1,GREEN,10,10
ironing,ironing,0.686,1,YELLOW,10,10
ironing,ironing,0.625,1,YELLOW,10,10
ironing,ironing,0.707,1,YELLOW,10,10
ironing,ironing,0.704,1,YELLOW,10,10
ironing,ironing,0.751,1,GREEN,10,10
ironing,ironing,0.869,1,GREEN,10,10
ironing,ironing,0.817,1,GREEN,10,10
ironing,ironing,0.83,1,GREEN,10,10
ironing,ironing,0.868,1,GREEN,10,10
ironing,ironing,0.887,1,GREEN,10,10
ironing,ironing,0.898,1,GREEN,10,10
ironing,ironing,0.893,1,GREEN,10,10
ironing,ironing,0.862,1,GREEN,10,10
ironing,ironing,0.827,1,GREEN,10,10
ironing,ironing,0.768,1,GREEN,10,10
ironing,ironing,0.823,1,GREEN,10,10
ironing,ironing,0.871,1,GREEN,10,10
ironing,ironing,0.817,1,GREEN,10,10
ironing,ironing,0.785,1,GREEN,10,10
ironing,ironing,0.815,1,GREEN,10,10
ironing,ironing,0.776,1,GREEN,10,10
ironing,ironing,0.557,1,YELLOW,10,10
ironing,ironing,0.626,1,YELLOW,10,10
ironing,ironing,0.79,1,GREEN,10,10
ironing,ironing,0.638,1,YELLOW,10,10
ironing,ironing,0.559,1,YELLOW,10,10
ironing,ironing,0.624,1,YELLOW,10,10
ironing,ironing,0.496,1,YELLOW,10,10
ironing,ironing,0.43,1,RED,10,10
ironing,ironing,0.434,1,RED,10,10
ironing,ironing,0.382,1,RED,10,10
ironing,ironing,0.415,1,RED,10,10
ironing,ironing,0.497,1,YELLOW,10,10
ironing,ironing,0.571,1,YELLOW,10,10
ironing,ironing,0.586,1,YELLOW,10,10
ironing,ironing,0.409,1,RED,10,10
ironing,ironing,0.568,1,YELLOW,10,10
ironing,ironing,0.846,1,GREEN,10,10
ironing,ironing,0.89,1,GREEN,10,10
ironing,ironing,0.902,1,GREEN,10,10
ironing,ironing,0.889,1,GREEN,10,10
ironing,ironing,0.899,1,GREEN,10,10
ironing,ironing,0.887,1,GREEN,10,10
ironing,ironing,0.823,1,GREEN,10,10
ironing,ironing,0.75,1,YELLOW,10,10
ironing,ironing,0.759,1,GREEN,10,10
ironing,ironing,0.797,1,GREEN,10,10
ironing,ironing,0.788,1,GREEN,10,10
ironing,ironing,0.785,1,GREEN,10,10
ironing,ironing,0.746,1,YELLOW,10,10
ironing,ironing,0.672,1,YELLOW,10,10
ironing,ironing,0.615,1,YELLOW,10,10
ironing,ironing,0.74,1,YELLOW,10,10
ironing,ironing,0.734,1,YELLOW,10,10
ironing,ironing,0.713,1,YELLOW,10,10
ironing,ironing,0.779,1,GREEN,10,10
ironing,ironing,0.755,1,GREEN,10,10
ironing,ironing,0.799,1,GREEN,10,10
ironing,ironing,0.831,1,GREEN,10,10
ironing,ironing,0.849,1,GREEN,10,10
ironing,ironing,0.767,1,GREEN,10,10
ironing,ironing,0.546,1,YELLOW,10,10
ironing,ironing,0.624,1,YELLOW,10,10
ironing,ironing,0.615,1,YELLOW,10,10
ironing,ironing,0.601,1,YELLOW,10,10
ironing,ironing,0.632,1,YELLOW,10,10
ironing,ironing,0.65,1,YELLOW,10,10
ironing,ironing,0.499,1,YELLOW,10,10
ironing,ironing,0.506,1,YELLOW,10,10
ironing,ironing,0.605,1,YELLOW,10,10
ironing,ironing,0.624,1,YELLOW,10,10
ironing,ironing,0.721,1,YELLOW,10,10
ironing,ironing,0.806,1,GREEN,10,10
ironing,ironing,0.831,1,GREEN,10,10
ironing,ironing,0.878,1,GREEN,10,10
ironing,ironing,0.91,1,GREEN,10,10
ironing,ironing,0.892,1,GREEN,10,10
ironing,ironing,0.788,1,GREEN,10,10
ironing,ironing,0.74,1,YELLOW,10,10
ironing,ironing,0.753,1,GREEN,10,10
ironing,ironing,0.808,1,GREEN,10,10
ironing,ironing,0.77,1,GREEN,10,10
ironing,ironing,0.779,1,GREEN,10,10
ironing,ironing,0.844,1,GREEN,10,10
ironing,ironing,0.813,1,GREEN,10,10
ironing,ironing,0.761,1,GREEN,10,10
ironing,ironing,0.675,1,YELLOW,10,10
ironing,ironing,0.559,1,YELLOW,10,10
ironing,ironing,0.7,1,YELLOW,10,10
ironing,ironing,0.9,1,GREEN,10,10
ironing,ironing,0.901,1,GREEN,10,10
ironing,ironing,0.889,1,GREEN,10,10
ironing,ironing,0.828,1,GREEN,10,10
ironing,ironing,0.832,1,GREEN,10,10
ironing,ironing,0.858,1,GREEN,10,10
ironing,ironing,0.879,1,GREEN,10,10
ironing,ironing,0.924,1,GREEN,10,10
ironing,ironing,0.907,1,GREEN,10,10
ironing,ironing,0.85,1,GREEN,10,10
ironing,ironing,0.829,1,GREEN,10,10
ironing,ironing,0.699,1,YELLOW,10,10
ironing,ironing,0.689,1,YELLOW,10,10
ironing,ironing,0.858,1,GREEN,10,10
ironing,ironing,0.914,1,GREEN,10,10
ironing,ironing,0.921,1,GREEN,10,10
ironing,ironing,0.929,1,GREEN,10,10
ironing,ironing,0.924,1,GREEN,10,10
ironing,ironing,0.901,1,GREEN,10,10
ironing,ironing,0.906,1,GREEN,10,10
ironing,ironing,0.89,1,GREEN,10,10
ironing,ironing,0.836,1,GREEN,10,10
ironing,ironing,0.836,1,GREEN,10,10
ironing,ironing,0.825,1,GREEN,10,10
ironing,ironing,0.711,1,YELLOW,10,10
ironing,ironing,0.71,1,YELLOW,10,10
ironing,ironing,0.858,1,GREEN,10,10
ironing,ironing,0.892,1,GREEN,10,10
ironing,ironing,0.892,1,GREEN,10,10
ironing,ironing,0.803,1,GREEN,10,10
ironing,ironing,0.828,1,GREEN,10,10
ironing,ironing,0.837,1,GREEN,10,10
ironing,ironing,0.874,1,GREEN,10,10
ironing,ironing,0.849,1,GREEN,10,10
ironing,ironing,0.71,1,YELLOW,10,10
ironing,ironing,0.756,1,GREEN,10,10
ironing,ironing,0.782,1,GREEN,10,10
ironing,ironing,0.832,1,GREEN,10,10
ironing,ironing,0.86,1,GREEN,10,10
ironing,ironing,0.819,1,GREEN,10,10
ironing,ironing,0.812,1,GREEN,10,10
ironing,ironing,0.77,1,GREEN,10,10
ironing,ironing,0.758,1,GREEN,10,10
ironing,ironing,0.797,1,GREEN,10,10
ironing,ironing,0.814,1,GREEN,10,10
ironing,ironing,0.822,1,GREEN,10,10
ironing,ironing,0.823,1,GREEN,10,10
ironing,ironing,0.84,1,GREEN,10,10
ironing,ironing,0.856,1,GREEN,10,10
ironing,ironing,0.81,1,GREEN,10,10
ironing,ironing,0.463,1,YELLOW,10,10
ironing,ironing,0.396,1,RED,10,10
ironing,ironing,0.516,1,YELLOW,10,10
ironing,ironing,0.5,1,YELLOW,10,10
ironing,ironing,0.508,1,YELLOW,10,10
ironing,ironing,0.56,1,YELLOW,10,10
ironing,ironing,0.598,1,YELLOW,10,10
ironing,ironing,0.615,1,YELLOW,10,10
ironing,ironing,0.632,1,YELLOW,10,10
ironing,ironing,0.651,1,YELLOW,10,10
ironing,ironing,0.713,1,YELLOW,10,10
ironing,ironing,0.686,1,YELLOW,10,10
ironing,ironing,0.695,1,YELLOW,10,10
ironing,ironing,0.795,1,GREEN,10,10
ironing,ironing,0.838,1,GREEN,10,10
ironing,ironing,0.81,1,GREEN,10,10
ironing,ironing,0.834,1,GREEN,10,10
ironing,ironing,0.861,1,GREEN,10,10
ironing,ironing,0.838,1,GREEN,10,10
ironing,ironing,0.855,1,GREEN,10,10
ironing,ironing,0.879,1,GREEN,10,10
ironing,ironing,0.866,1,GREEN,10,10
ironing,ironing,0.878,1,GREEN,10,10
ironing,ironing,0.879,1,GREEN,10,10
ironing,ironing,0.89,1,GREEN,10,10
ironing,ironing,0.905,1,GREEN,10,10
ironing,ironing,0.914,1,GREEN,10,10
ironing,ironing,0.916,1,GREEN,10,10
ironing,ironing,0.9,1,GREEN,10,10
ironing,ironing,0.882,1,GREEN,10,10
ironing,ironing,0.828,1,GREEN,10,10
ironing,ironing,0.814,1,GREEN,10,10
ironing,ironing,0.848,1,GREEN,10,10
ironing,ironing,0.85,1,GREEN,10,10
ironing,ironing,0.835,1,GREEN,10,10
ironing,ironing,0.699,1,YELLOW,10,10
ironing,ironing,0.463,1,YELLOW,10,10
ironing,ironing,0.403,1,RED,10,10
ironing,ironing,0.416,1,RED,10,10
ironing,ironing,0.441,1,RED,10,10
ironing,ironing,0.568,1,YELLOW,10,10
ironing,ironing,0.646,1,YELLOW,10,10
ironing,ironing,0.653,1,YELLOW,10,10
ironing,ironing,0.614,1,YELLOW,10,10
ironing,ironing,0.659,1,YELLOW,10,10
ironing,ironing,0.611,1,YELLOW,10,10
ironing,ironing,0.589,1,YELLOW,10,10
ironing,ironing,0.731,1,YELLOW,10,10
ironing,ironing,0.651,1,YELLOW,10,10
ironing,ironing,0.557,1,YELLOW,10,10
ironing,ironing,0.376,1,RED,10,10
ironing,ironing,0.445,1,RED,10,10
ironing,ironing,0.773,1,GREEN,10,10
ironing,ironing,0.88,1,GREEN,10,10
ironing,ironing,0.751,1,GREEN,10,10
ironing,ironing,0.527,1,YELLOW,10,10
ironing,ironing,0.599,1,YELLOW,10,10
ironing,ironing,0.788,1,GREEN,10,10
ironing,ironing,0.866,1,GREEN,10,10
ironing,ironing,0.866,1,GREEN,10,10
ironing,ironing,0.892,1,GREEN,10,10
ironing,ironing,0.838,1,GREEN,10,10
ironing,ironing,0.73,1,YELLOW,10,10
ironing,ironing,0.775,1,GREEN,10,10
ironing,ironing,0.784,1,GREEN,10,10
ironing,ironing,0.804,1,GREEN,10,10
ironing,ironing,0.801,1,GREEN,10,10
ironing,ironing,0.754,1,GREEN,10,10
ironing,ironing,0.739,1,YELLOW,10,10
ironing,ironing,0.791,1,GREEN,10,10
ironing,ironing,0.771,1,GREEN,10,10
ironing,ironing,0.734,1,YELLOW,10,10
ironing,ironing,0.73,1,YELLOW,10,10
ironing,ironing,0.742,1,YELLOW,10,10
ironing,ironing,0.746,1,YELLOW,10,10
ironing,ironing,0.722,1,YELLOW,10,10
ironing,ironing,0.662,1,YELLOW,10,10
ironing,ironing,0.612,1,YELLOW,10,10
ironing,ironing,0.615,1,YELLOW,10,10
ironing,ironing,0.64,1,YELLOW,10,10
ironing,ironing,0.666,1,YELLOW,10,10
ironing,ironing,0.538,1,YELLOW,10,10
ironing,ironing,0.475,1,YELLOW,10,10
ironing,ironing,0.537,1,YELLOW,10,10
ironing,ironing,0.469,1,YELLOW,10,10
ironing,ironing,0.42,1,RED,10,10
ironing,ironing,0.414,1,RED,10,10
ironing,ironing,0.445,1,RED,10,10
ironing,ironing,0.503,1,YELLOW,10,10
ironing,ironing,0.519,1,YELLOW,10,10
ironing,ironing,0.504,1,YELLOW,10,10
ironing,ironing,0.508,1,YELLOW,10,10
ironing,ironing,0.494,1,YELLOW,10,10
ironing,ironing,0.387,1,RED,10,10
ironing,ironing,0.338,1,RED,10,10
ironing,ironing,0.463,1,YELLOW,10,10
ironing,ironing,0.565,1,YELLOW,10,10
ironing,ironing,0.508,1,YELLOW,10,10
ironing,ironing,0.552,1,YELLOW,10,10
ironing,ironing,0.511,1,YELLOW,10,10
ironing,ironing,0.411,1,RED,10,10
ironing,ironing,0.395,1,RED,10,10
ironing,ironing,0.622,1,YELLOW,10,10
ironing,ironing,0.786,1,GREEN,10,10
ironing,ironing,0.753,1,GREEN,10,10
ironing,ironing,0.726,1,YELLOW,10,10
ironing,ironing,0.739,1,YELLOW,10,10
ironing,ironing,0.793,1,GREEN,10,10
ironing,ironing,0.832,1,GREEN,10,10
ironing,ironing,0.796,1,GREEN,10,10
ironing,ironing,0.714,1,YELLOW,10,10
ironing,ironing,0.566,1,YELLOW,10,10
ironing,ironing,0.589,1,YELLOW,10,10
ironing,ironing,0.672,1,YELLOW,10,10
ironing,ironing,0.818,1,GREEN,10,10
ironing,ironing,0.896,1,GREEN,10,10
ironing,ironing,0.855,1,GREEN,10,10
ironing,ironing,0.808,1,GREEN,10,10
ironing,ironing,0.826,1,GREEN,10,10
ironing,ironing,0.844,1,GREEN,10,10
ironing,ironing,0.837,1,GREEN,10,10
ironing,ironing,0.848,1,GREEN,10,10
ironing,ironing,0.84,1,GREEN,10,10
ironing,ironing,0.788,1,GREEN,10,10
ironing,ironing,0.789,1,GREEN,10,10
ironing,ironing,0.799,1,GREEN,10,10
ironing,ironing,0.82,1,GREEN,10,10
ironing,ironing,0.844,1,GREEN,10,10
ironing,ironing,0.846,1,GREEN,10,10
ironing,ironing,0.849,1,GREEN,10,10
ironing,ironing,0.848,1,GREEN,10,10
ironing,ironing,0.835,1,GREEN,10,10
ironing,ironing,0.829,1,GREEN,10,10
ironing,ironing,0.829,1,GREEN,10,10
ironing,ironing,0.845,1,GREEN,10,10
ironing,ironing,0.85,1,GREEN,10,10
ironing,ironing,0.839,1,GREEN,10,10
ironing,ironing,0.835,1,GREEN,10,10
ironing,ironing,0.835,1,GREEN,10,10
ironing,ironing,0.839,1,GREEN,10,10
ironing,ironing,0.858,1,GREEN,10,10
ironing,ironing,0.873,1,GREEN,10,10
ironing,ironing,0.888,1,GREEN,10,10
ironing,ironing,0.901,1,GREEN,10,10
ironing,ironing,0.913,1,GREEN,10,10
ironing,ironing,0.919,1,GREEN,10,10
ironing,ironing,0.924,1,GREEN,10,10
ironing,ironing,0.927,1,GREEN,10,10
ironing,ironing,0.925,1,GREEN,10,10
ironing,ironing,0.918,1,GREEN,10,10
ironing,ironing,0.915,1,GREEN,10,10
ironing,ironing,0.915,1,GREEN,10,10
ironing,ironing,0.904,1,GREEN,10,10
ironing,ironing,0.897,1,GREEN,10,10
ironing,ironing,0.899,1,GREEN,10,10
ironing,ironing,0.896,1,GREEN,10,10
ironing,ironing,0.895,1,GREEN,10,10
ironing,ironing,0.888,1,GREEN,10,10
ironing,ironing,0.893,1,GREEN,10,10
ironing,ironing,0.903,1,GREEN,10,10
ironing,ironing,0.861,1,GREEN,10,10
ironing,ironing,0.856,1,GREEN,10,10
ironing,ironing,0.873,1,GREEN,10,10
ironing,ironing,0.834,1,GREEN,10,10
ironing,ironing,0.813,1,GREEN,10,10
ironing,ironing,0.807,1,GREEN,10,10
ironing,ironing,0.804,1,GREEN,10,10
ironing,ironing,0.81,1,GREEN,10,10
ironing,ironing,0.759,1,GREEN,10,10
ironing,ironing,0.836,1,GREEN,10,10
ironing,ironing,0.871,1,GREEN,10,10
ironing,ironing,0.604,1,YELLOW,10,10
ironing,ironing,0.569,1,YELLOW,10,10
ironing,ironing,0.624,1,YELLOW,10,10
ironing,ironing,0.504,1,YELLOW,10,10
ironing,ironing,0.451,1,YELLOW,10,10
ironing,ironing,0.545,1,YELLOW,10,10
ironing,ironing,0.488,1,YELLOW,10,10
ironing,ironing,0.373,1,RED,10,10
ironing,ironing,0.341,1,RED,10,10
ironing,ironing,0.445,1,RED,10,10
ironing,ironing,0.747,1,YELLOW,10,10
vacuuming,ironing,0.029,0,RED,9,10
vacuuming,ironing,0.029,0,RED,9,10
vacuuming,vacuuming,0.033,1,RED,9,9
vacuuming,vacuuming,0.035,1,RED,9,9
vacuuming,vacuuming,0.033,1,RED,9,9
vacuuming,vacuuming,0.037,1,RED,9,9
vacuuming,vacuuming,0.077,1,RED,9,9
vacuuming,vacuuming,0.347,1,RED,9,9
vacuuming,vacuuming,0.572,1,YELLOW,9,9
vacuuming,vacuuming,0.629,1,YELLOW,9,9
vacuuming,vacuuming,0.831,1,GREEN,9,9
vacuuming,vacuuming,0.873,1,GREEN,9,9
vacuuming,vacuuming,0.921,1,GREEN,9,9
vacuuming,vacuuming,0.99,1,GREEN,9,9
vacuuming,vacuuming,0.989,1,GREEN,9,9
vacuuming,vacuuming,0.942,1,GREEN,9,9
vacuuming,vacuuming,0.309,1,RED,9,9
vacuuming,vacuuming,0.009,1,RED,9,9
vacuuming,vacuuming,0.095,1,RED,9,9
vacuuming,vacuuming,0.238,1,RED,9,9
vacuuming,vacuuming,0.187,1,RED,9,9
vacuuming,vacuuming,0.084,1,RED,9,9
vacuuming,vacuuming,0.094,1,RED,9,9
vacuuming,vacuuming,0.287,1,RED,9,9
vacuuming,vacuuming,0.239,1,RED,9,9
vacuuming,vacuuming,0.306,1,RED,9,9
vacuuming,vacuuming,0.45,1,YELLOW,9,9
vacuuming,vacuuming,0.841,1,GREEN,9,9
vacuuming,vacuuming,0.926,1,GREEN,9,9
vacuuming,vacuuming,0.778,1,GREEN,9,9
vacuuming,vacuuming,0.706,1,YELLOW,9,9
vacuuming,vacuuming,0.742,1,YELLOW,9,9
vacuuming,vacuuming,0.577,1,YELLOW,9,9
vacuuming,vacuuming,0.21,1,RED,9,9
vacuuming,vacuuming,0.312,1,RED,9,9
vacuuming,vacuuming,0.665,1,YELLOW,9,9
vacuuming,vacuuming,0.544,1,YELLOW,9,9
vacuuming,vacuuming,0.376,1,RED,9,9
vacuuming,vacuuming,0.229,1,RED,9,9
vacuuming,vacuuming,0.309,1,RED,9,9
vacuuming,vacuuming,0.313,1,RED,9,9
vacuuming,vacuuming,0.222,1,RED,9,9
vacuuming,vacuuming,0.416,1,RED,9,9
vacuuming,vacuuming,0.402,1,RED,9,9
vacuuming,vacuuming,0.616,1,YELLOW,9,9
vacuuming,vacuuming,0.466,1,YELLOW,9,9
vacuuming,vacuuming,0.131,1,RED,9,9
vacuuming,vacuuming,0.047,1,RED,9,9
vacuuming,vacuuming,0.21,1,RED,9,9
vacuuming,stairs_up,0.26,0,RED,9,7
vacuuming,stairs_up,0.051,0,RED,9,7
vacuuming,stairs_up,0.553,0,YELLOW,9,7
vacuuming,stairs_up,0.687,0,YELLOW,9,7
vacuuming,stairs_up,0.332,0,RED,9,7
vacuuming,stairs_up,0.617,0,YELLOW,9,7
vacuuming,stairs_up,0.78,0,GREEN,9,7
vacuuming,stairs_up,0.585,0,YELLOW,9,7
vacuuming,stairs_up,0.124,0,RED,9,7
vacuuming,stairs_up,0.131,0,RED,9,7
vacuuming,stairs_up,0.112,0,RED,9,7
vacuuming,vacuuming,0.047,1,RED,9,9
vacuuming,vacuuming,0.062,1,RED,9,9
vacuuming,vacuuming,0.043,1,RED,9,9
vacuuming,vacuuming,0.281,1,RED,9,9
vacuuming,vacuuming,0.363,1,RED,9,9
vacuuming,vacuuming,0.171,1,RED,9,9
vacuuming,vacuuming,0.302,1,RED,9,9
vacuuming,vacuuming,0.753,1,GREEN,9,9
vacuuming,vacuuming,0.837,1,GREEN,9,9
vacuuming,vacuuming,0.668,1,YELLOW,9,9
vacuuming,vacuuming,0.506,1,YELLOW,9,9
vacuuming,vacuuming,0.666,1,YELLOW,9,9
vacuuming,vacuuming,0.709,1,YELLOW,9,9
vacuuming,vacuuming,0.525,1,YELLOW,9,9
vacuuming,vacuuming,0.438,1,RED,9,9
vacuuming,vacuuming,0.342,1,RED,9,9
vacuuming,vacuuming,0.911,1,GREEN,9,9
vacuuming,vacuuming,0.931,1,GREEN,9,9
vacuuming,vacuuming,0.68,1,YELLOW,9,9
vacuuming,vacuuming,0.891,1,GREEN,9,9
vacuuming,vacuuming,0.921,1,GREEN,9,9
vacuuming,vacuuming,0.472,1,YELLOW,9,9
vacuuming,vacuuming,0.148,1,RED,9,9
vacuuming,vacuuming,0.209,1,RED,9,9
vacuuming,vacuuming,0.171,1,RED,9,9
vacuuming,vacuuming,0.156,1,RED,9,9
vacuuming,vacuuming,0.264,1,RED,9,9
vacuuming,vacuuming,0.459,1,YELLOW,9,9
vacuuming,vacuuming,0.64,1,YELLOW,9,9
vacuuming,vacuuming,0.438,1,RED,9,9
vacuuming,vacuuming,0.353,1,RED,9,9
vacuuming,vacuuming,0.701,1,YELLOW,9,9
vacuuming,vacuuming,0.722,1,YELLOW,9,9
vacuuming,vacuuming,0.438,1,RED,9,9
vacuuming,vacuuming,0.313,1,RED,9,9
vacuuming,vacuuming,0.192,1,RED,9,9
vacuuming,vacuuming,0.285,1,RED,9,9
vacuuming,vacuuming,0.209,1,RED,9,9
vacuuming,vacuuming,0.214,1,RED,9,9
vacuuming,vacuuming,0.291,1,RED,9,9
vacuuming,vacuuming,0.299,1,RED,9,9
vacuuming,vacuuming,0.307,1,RED,9,9
vacuuming,vacuuming,0.232,1,RED,9,9
vacuuming,vacuuming,0.577,1,YELLOW,9,9
vacuuming,vacuuming,0.746,1,YELLOW,9,9
vacuuming,vacuuming,0.763,1,GREEN,9,9
vacuuming,vacuuming,0.646,1,YELLOW,9,9
vacuuming,vacuuming,0.257,1,RED,9,9
vacuuming,vacuuming,0.456,1,YELLOW,9,9
vacuuming,vacuuming,0.895,1,GREEN,9,9
vacuuming,vacuuming,0.878,1,GREEN,9,9
vacuuming,vacuuming,0.883,1,GREEN,9,9
vacuuming,vacuuming,0.777,1,GREEN,9,9
vacuuming,vacuuming,0.721,1,YELLOW,9,9
vacuuming,vacuuming,0.834,1,GREEN,9,9
vacuuming,vacuuming,0.931,1,GREEN,9,9
vacuuming,vacuuming,0.959,1,GREEN,9,9
vacuuming,vacuuming,0.973,1,GREEN,9,9
vacuuming,vacuuming,0.846,1,GREEN,9,9
vacuuming,vacuuming,0.285,1,RED,9,9
vacuuming,vacuuming,0.222,1,RED,9,9
vacuuming,vacuuming,0.289,1,RED,9,9
vacuuming,vacuuming,0.442,1,RED,9,9
vacuuming,vacuuming,0.635,1,YELLOW,9,9
vacuuming,vacuuming,0.35,1,RED,9,9
vacuuming,vacuuming,0.321,1,RED,9,9
vacuuming,vacuuming,0.484,1,YELLOW,9,9
vacuuming,vacuuming,0.244,1,RED,9,9
vacuuming,vacuuming,0.421,1,RED,9,9
vacuuming,vacuuming,0.356,1,RED,9,9
vacuuming,vacuuming,0.353,1,RED,9,9
vacuuming,vacuuming,0.545,1,YELLOW,9,9
vacuuming,vacuuming,0.894,1,GREEN,9,9
vacuuming,vacuuming,0.981,1,GREEN,9,9
vacuuming,vacuuming,0.969,1,GREEN,9,9
vacuuming,vacuuming,0.816,1,GREEN,9,9
vacuuming,vacuuming,0.712,1,YELLOW,9,9
vacuuming,vacuuming,0.844,1,GREEN,9,9
vacuuming,vacuuming,0.441,1,RED,9,9
vacuuming,vacuuming,0.204,1,RED,9,9
vacuuming,vacuuming,0.165,1,RED,9,9
vacuuming,vacuuming,0.465,1,YELLOW,9,9
vacuuming,vacuuming,0.573,1,YELLOW,9,9
vacuuming,vacuuming,0.682,1,YELLOW,9,9
vacuuming,vacuuming,0.427,1,RED,9,9
vacuuming,vacuuming,0.208,1,RED,9,9
vacuuming,vacuuming,0.223,1,RED,9,9
vacuuming,vacuuming,0.335,1,RED,9,9
vacuuming,vacuuming,0.243,1,RED,9,9
vacuuming,vacuuming,0.209,1,RED,9,9
vacuuming,vacuuming,0.306,1,RED,9,9
vacuuming,vacuuming,0.619,1,YELLOW,9,9
vacuuming,vacuuming,0.904,1,GREEN,9,9
vacuuming,vacuuming,0.892,1,GREEN,9,9
vacuuming,vacuuming,0.869,1,GREEN,9,9
vacuuming,vacuuming,0.783,1,GREEN,9,9
vacuuming,vacuuming,0.658,1,YELLOW,9,9
vacuuming,vacuuming,0.871,1,GREEN,9,9
vacuuming,vacuuming,0.889,1,GREEN,9,9
vacuuming,vacuuming,0.887,1,GREEN,9,9
vacuuming,vacuuming,0.739,1,YELLOW,9,9
vacuuming,vacuuming,0.745,1,YELLOW,9,9
vacuuming,vacuuming,0.702,1,YELLOW,9,9
vacuuming,vacuuming,0.38,1,RED,9,9
vacuuming,vacuuming,0.426,1,RED,9,9
vacuuming,vacuuming,0.224,1,RED,9,9
vacuuming,vacuuming,0.215,1,RED,9,9
vacuuming,vacuuming,0.545,1,YELLOW,9,9
vacuuming,vacuuming,0.764,1,GREEN,9,9
vacuuming,vacuuming,0.612,1,YELLOW,9,9
vacuuming,vacuuming,0.331,1,RED,9,9
vacuuming,vacuuming,0.456,1,YELLOW,9,9
vacuuming,vacuuming,0.25,1,RED,9,9
vacuuming,vacuuming,0.166,1,RED,9,9
vacuuming,vacuuming,0.308,1,RED,9,9
vacuuming,vacuuming,0.28,1,RED,9,9
vacuuming,vacuuming,0.178,1,RED,9,9
vacuuming,vacuuming,0.15,1,RED,9,9
vacuuming,vacuuming,0.339,1,RED,9,9
vacuuming,vacuuming,0.421,1,RED,9,9
vacuuming,vacuuming,0.596,1,YELLOW,9,9
vacuuming,vacuuming,0.71,1,YELLOW,9,9
vacuuming,vacuuming,0.801,1,GREEN,9,9
vacuuming,vacuuming,0.653,1,YELLOW,9,9
vacuuming,vacuuming,0.428,1,RED,9,9
vacuuming,vacuuming,0.073,1,RED,9,9
vacuuming,vacuuming,0.093,1,RED,9,9
vacuuming,vacuuming,0.193,1,RED,9,9
vacuuming,vacuuming,0.161,1,RED,9,9
vacuuming,vacuuming,0.236,1,RED,9,9
vacuuming,vacuuming,0.595,1,YELLOW,9,9
vacuuming,vacuuming,0.81,1,GREEN,9,9
vacuuming,vacuuming,0.824,1,GREEN,9,9
vacuuming,vacuuming,0.911,1,GREEN,9,9
vacuuming,vacuuming,0.866,1,GREEN,9,9
vacuuming,vacuuming,0.77,1,GREEN,9,9
vacuuming,vacuuming,0.727,1,YELLOW,9,9
vacuuming,vacuuming,0.503,1,YELLOW,9,9
vacuuming,vacuuming,0.218,1,RED,9,9
vacuuming,vacuuming,0.209,1,RED,9,9
vacuuming,vacuuming,0.215,1,RED,9,9
vacuuming,vacuuming,0.189,1,RED,9,9
vacuuming,vacuuming,0.324,1,RED,9,9
vacuuming,vacuuming,0.547,1,YELLOW,9,9
vacuuming,vacuuming,0.601,1,YELLOW,9,9
vacuuming,vacuuming,0.113,1,RED,9,9
vacuuming,vacuuming,0.067,1,RED,9,9
vacuuming,vacuuming,0.076,1,RED,9,9
vacuuming,vacuuming,0.727,1,YELLOW,9,9
vacuuming,vacuuming,0.706,1,YELLOW,9,9
vacuuming,vacuuming,0.104,1,RED,9,9
vacuuming,vacuuming,0.099,1,RED,9,9
vacuuming,vacuuming,0.821,1,GREEN,9,9
vacuuming,vacuuming,0.358,1,RED,9,9
vacuuming,vacuuming,0.076,1,RED,9,9
vacuuming,vacuuming,0.268,1,RED,9,9
vacuuming,vacuuming,0.232,1,RED,9,9
vacuuming,vacuuming,0.226,1,RED,9,9
vacuuming,vacuuming,0.777,1,GREEN,9,9
vacuuming,vacuuming,0.882,1,GREEN,9,9
vacuuming,vacuuming,0.591,1,YELLOW,9,9
vacuuming,vacuuming,0.382,1,RED,9,9
vacuuming,vacuuming,0.433,1,RED,9,9
vacuuming,vacuuming,0.536,1,YELLOW,9,9
vacuuming,vacuuming,0.484,1,YELLOW,9,9
vacuuming,vacuuming,0.549,1,YELLOW,9,9
vacuuming,vacuuming,0.407,1,RED,9,9
vacuuming,vacuuming,0.522,1,YELLOW,9,9
vacuuming,vacuuming,0.498,1,YELLOW,9,9
vacuuming,vacuuming,0.444,1,RED,9,9
vacuuming,vacuuming,0.544,1,YELLOW,9,9
vacuuming,vacuuming,0.502,1,YELLOW,9,9
vacuuming,vacuuming,0.51,1,YELLOW,9,9
vacuuming,vacuuming,0.806,1,GREEN,9,9
vacuuming,vacuuming,0.544,1,YELLOW,9,9
vacuuming,vacuuming,0.149,1,RED,9,9
vacuuming,vacuuming,0.285,1,RED,9,9
vacuuming,vacuuming,0.394,1,RED,9,9
vacuuming,vacuuming,0.286,1,RED,9,9
vacuuming,vacuuming,0.299,1,RED,9,9
vacuuming,vacuuming,0.219,1,RED,9,9
vacuuming,vacuuming,0.149,1,RED,9,9
vacuuming,vacuuming,0.225,1,RED,9,9
vacuuming,vacuuming,0.564,1,YELLOW,9,9
vacuuming,vacuuming,0.92,1,GREEN,9,9
vacuuming,vacuuming,0.964,1,GREEN,9,9
vacuuming,vacuuming,0.565,1,YELLOW,9,9
vacuuming,vacuuming,0.107,1,RED,9,9
vacuuming,vacuuming,0.175,1,RED,9,9
vacuuming,vacuuming,0.141,1,RED,9,9
vacuuming,vacuuming,0.117,1,RED,9,9
vacuuming,vacuuming,0.199,1,RED,9,9
vacuuming,vacuuming,0.379,1,RED,9,9
vacuuming,vacuuming,0.817,1,GREEN,9,9
vacuuming,vacuuming,0.895,1,GREEN,9,9
vacuuming,vacuuming,0.789,1,GREEN,9,9
vacuuming,vacuuming,0.659,1,YELLOW,9,9
vacuuming,vacuuming,0.604,1,YELLOW,9,9
vacuuming,vacuuming,0.678,1,YELLOW,9,9
vacuuming,vacuuming,0.781,1,GREEN,9,9
vacuuming,vacuuming,0.312,1,RED,9,9
vacuuming,vacuuming,0.13,1,RED,9,9
vacuuming,vacuuming,0.346,1,RED,9,9
vacuuming,vacuuming,0.489,1,YELLOW,9,9
vacuuming,vacuuming,0.488,1,YELLOW,9,9
vacuuming,vacuuming,0.744,1,YELLOW,9,9
vacuuming,vacuuming,0.939,1,GREEN,9,9
vacuuming,vacuuming,0.984,1,GREEN,9,9
vacuuming,vacuuming,0.962,1,GREEN,9,9
vacuuming,vacuuming,0.823,1,GREEN,9,9
vacuuming,vacuuming,0.959,1,GREEN,9,9
vacuuming,vacuuming,0.906,1,GREEN,9,9
vacuuming,vacuuming,0.431,1,RED,9,9
vacuuming,vacuuming,0.428,1,RED,9,9
vacuuming,vacuuming,0.513,1,YELLOW,9,9
vacuuming,vacuuming,0.667,1,YELLOW,9,9
vacuuming,vacuuming,0.842,1,GREEN,9,9
vacuuming,vacuuming,0.796,1,GREEN,9,9
vacuuming,vacuuming,0.833,1,GREEN,9,9
vacuuming,vacuuming,0.838,1,GREEN,9,9
vacuuming,vacuuming,0.693,1,YELLOW,9,9
vacuuming,vacuuming,0.914,1,GREEN,9,9
vacuuming,vacuuming,0.906,1,GREEN,9,9
vacuuming,vacuuming,0.271,1,RED,9,9
vacuuming,vacuuming,0.195,1,RED,9,9
vacuuming,vacuuming,0.359,1,RED,9,9
vacuuming,vacuuming,0.499,1,YELLOW,9,9
vacuuming,vacuuming,0.626,1,YELLOW,9,9
vacuuming,vacuuming,0.354,1,RED,9,9
vacuuming,vacuuming,0.104,1,RED,9,9
vacuuming,vacuuming,0.034,1,RED,9,9
vacuuming,vacuuming,0.071,1,RED,9,9
vacuuming,vacuuming,0.16,1,RED,9,9
vacuuming,vacuuming,0.104,1,RED,9,9
vacuuming,vacuuming,0.133,1,RED,9,9
vacuuming,vacuuming,0.274,1,RED,9,9
vacuuming,vacuuming,0.134,1,RED,9,9
vacuuming,vacuuming,0.07,1,RED,9,9
vacuuming,vacuuming,0.063,1,RED,9,9
vacuuming,vacuuming,0.046,1,RED,9,9
vacuuming,vacuuming,0.059,1,RED,9,9
vacuuming,vacuuming,0.06,1,RED,9,9
vacuuming,vacuuming,0.208,1,RED,9,9
vacuuming,vacuuming,0.337,1,RED,9,9
vacuuming,vacuuming,0.195,1,RED,9,9
vacuuming,vacuuming,0.275,1,RED,9,9
vacuuming,vacuuming,0.39,1,RED,9,9
vacuuming,vacuuming,0.332,1,RED,9,9
vacuuming,vacuuming,0.372,1,RED,9,9
vacuuming,vacuuming,0.556,1,YELLOW,9,9
vacuuming,vacuuming,0.591,1,YELLOW,9,9
vacuuming,vacuuming,0.303,1,RED,9,9
vacuuming,vacuuming,0.343,1,RED,9,9
vacuuming,vacuuming,0.447,1,RED,9,9
vacuuming,vacuuming,0.156,1,RED,9,9
vacuuming,vacuuming,0.076,1,RED,9,9
vacuuming,vacuuming,0.039,1,RED,9,9
vacuuming,vacuuming,0.05,1,RED,9,9
vacuuming,vacuuming,0.065,1,RED,9,9
vacuuming,vacuuming,0.059,1,RED,9,9
vacuuming,vacuuming,0.1,1,RED,9,9
vacuuming,vacuuming,0.046,1,RED,9,9
vacuuming,vacuuming,0.199,1,RED,9,9
vacuuming,vacuuming,0.554,1,YELLOW,9,9
vacuuming,vacuuming,0.812,1,GREEN,9,9
vacuuming,vacuuming,0.981,1,GREEN,9,9
vacuuming,vacuuming,0.978,1,GREEN,9,9
vacuuming,vacuuming,0.926,1,GREEN,9,9
vacuuming,vacuuming,0.889,1,GREEN,9,9
vacuuming,vacuuming,0.593,1,YELLOW,9,9
vacuuming,vacuuming,0.461,1,YELLOW,9,9
vacuuming,vacuuming,0.375,1,RED,9,9
vacuuming,vacuuming,0.314,1,RED,9,9
vacuuming,vacuuming,0.166,1,RED,9,9
vacuuming,vacuuming,0.29,1,RED,9,9
vacuuming,vacuuming,0.405,1,RED,9,9
vacuuming,vacuuming,0.177,1,RED,9,9
vacuuming,vacuuming,0.141,1,RED,9,9
vacuuming,vacuuming,0.562,1,YELLOW,9,9
vacuuming,vacuuming,0.635,1,YELLOW,9,9
vacuuming,vacuuming,0.124,1,RED,9,9
vacuuming,vacuuming,0.085,1,RED,9,9
vacuuming,vacuuming,0.06,1,RED,9,9
vacuuming,vacuuming,0.144,1,RED,9,9
vacuuming,vacuuming,0.062,1,RED,9,9
vacuuming,vacuuming,0.115,1,RED,9,9
vacuuming,vacuuming,0.332,1,RED,9,9
vacuuming,vacuuming,0.195,1,RED,9,9
vacuuming,vacuuming,0.198,1,RED,9,9
vacuuming,vacuuming,0.51,1,YELLOW,9,9
vacuuming,vacuuming,0.333,1,RED,9,9
vacuuming,vacuuming,0.099,1,RED,9,9
vacuuming,vacuuming,0.359,1,RED,9,9
vacuuming,vacuuming,0.433,1,RED,9,9
vacuuming,vacuuming,0.124,1,RED,9,9
vacuuming,vacuuming,0.114,1,RED,9,9
vacuuming,vacuuming,0.292,1,RED,9,9
vacuuming,vacuuming,0.327,1,RED,9,9
vacuuming,vacuuming,0.334,1,RED,9,9
vacuuming,vacuuming,0.561,1,YELLOW,9,9
vacuuming,vacuuming,0.645,1,YELLOW,9,9
vacuuming,vacuuming,0.775,1,GREEN,9,9
vacuuming,vacuuming,0.876,1,GREEN,9,9
vacuuming,vacuuming,0.637,1,YELLOW,9,9
vacuuming,vacuuming,0.822,1,GREEN,9,9
vacuuming,vacuuming,0.734,1,YELLOW,9,9
vacuuming,vacuuming,0.557,1,YELLOW,9,9
vacuuming,vacuuming,0.774,1,GREEN,9,9
vacuuming,vacuuming,0.777,1,GREEN,9,9
vacuuming,vacuuming,0.449,1,RED,9,9
vacuuming,vacuuming,0.283,1,RED,9,9
vacuuming,vacuuming,0.527,1,YELLOW,9,9
vacuuming,vacuuming,0.47,1,YELLOW,9,9
vacuuming,vacuuming,0.626,1,YELLOW,9,9
vacuuming,vacuuming,0.592,1,YELLOW,9,9
vacuuming,vacuuming,0.393,1,RED,9,9
vacuuming,vacuuming,0.603,1,YELLOW,9,9
vacuuming,vacuuming,0.897,1,GREEN,9,9
vacuuming,vacuuming,0.783,1,GREEN,9,9
vacuuming,vacuuming,0.267,1,RED,9,9
vacuuming,vacuuming,0.304,1,RED,9,9
vacuuming,vacuuming,0.609,1,YELLOW,9,9
vacuuming,vacuuming,0.668,1,YELLOW,9,9
vacuuming,vacuuming,0.82,1,GREEN,9,9
vacuuming,vacuuming,0.932,1,GREEN,9,9
vacuuming,vacuuming,0.756,1,GREEN,9,9
vacuuming,vacuuming,0.635,1,YELLOW,9,9
vacuuming,vacuuming,0.603,1,YELLOW,9,9
vacuuming,vacuuming,0.408,1,RED,9,9
vacuuming,vacuuming,0.639,1,YELLOW,9,9
vacuuming,vacuuming,0.973,1,GREEN,9,9
vacuuming,vacuuming,0.985,1,GREEN,9,9
vacuuming,vacuuming,0.855,1,GREEN,9,9
vacuuming,vacuuming,0.324,1,RED,9,9
vacuuming,vacuuming,0.193,1,RED,9,9
vacuuming,vacuuming,0.182,1,RED,9,9
vacuuming,vacuuming,0.148,1,RED,9,9
vacuuming,vacuuming,0.137,1,RED,9,9
vacuuming,vacuuming,0.17,1,RED,9,9
vacuuming,vacuuming,0.214,1,RED,9,9
vacuuming,vacuuming,0.148,1,RED,9,9
vacuuming,vacuuming,0.16,1,RED,9,9
vacuuming,vacuuming,0.193,1,RED,9,9
vacuuming,vacuuming,0.219,1,RED,9,9
vacuuming,stairs_up,0.143,0,RED,9,7
vacuuming,stairs_up,0.161,0,RED,9,7
vacuuming,stairs_up,0.139,0,RED,9,7
vacuuming,stairs_up,0.07,0,RED,9,7
vacuuming,stairs_up,0.132,0,RED,9,7
vacuuming,stairs_up,0.399,0,RED,9,7
vacuuming,stairs_up,0.197,0,RED,9,7
vacuuming,stairs_up,0.135,0,RED,9,7
vacuuming,stairs_up,0.211,0,RED,9,7
vacuuming,stairs_up,0.221,0,RED,9,7
vacuuming,stairs_up,0.217,0,RED,9,7
vacuuming,stairs_up,0.198,0,RED,9,7
vacuuming,stairs_up,0.14,0,RED,9,7
vacuuming,stairs_up,0.066,0,RED,9,7
vacuuming,stairs_up,0.028,0,RED,9,7
stairs_up,stairs_up,0.272,1,RED,7,7
stairs_up,stairs_up,0.303,1,RED,7,7
stairs_up,stairs_up,0.29,1,RED,7,7
stairs_up,stairs_up,0.312,1,RED,7,7
stairs_up,stairs_up,0.338,1,RED,7,7
stairs_up,stairs_up,0.32,1,RED,7,7
stairs_up,stairs_up,0.292,1,RED,7,7
stairs_up,stairs_up,0.265,1,RED,7,7
stairs_up,stairs_up,0.444,1,RED,7,7
stairs_up,stairs_up,0.806,1,GREEN,7,7
stairs_up,stairs_up,0.927,1,GREEN,7,7
stairs_up,stairs_up,0.929,1,GREEN,7,7
stairs_up,stairs_up,0.959,1,GREEN,7,7
stairs_up,stairs_up,0.841,1,GREEN,7,7
stairs_up,stairs_up,0.531,1,YELLOW,7,7
stairs_up,stairs_up,0.867,1,GREEN,7,7
stairs_up,stairs_up,0.833,1,GREEN,7,7
stairs_up,stairs_up,0.944,1,GREEN,7,7
stairs_up,stairs_up,0.983,1,GREEN,7,7
stairs_up,stairs_up,0.945,1,GREEN,7,7
stairs_up,stairs_up,0.985,1,GREEN,7,7
stairs_up,stairs_up,0.942,1,GREEN,7,7
stairs_up,stairs_up,0.841,1,GREEN,7,7
stairs_up,stairs_up,0.6,1,YELLOW,7,7
stairs_up,stairs_up,0.207,1,RED,7,7
stairs_up,stairs_up,0.376,1,RED,7,7
stairs_up,stairs_up,0.078,1,RED,7,7
stairs_up,stairs_up,0.347,1,RED,7,7
stairs_up,stairs_up,0.873,1,GREEN,7,7
stairs_up,stairs_up,0.981,1,GREEN,7,7
stairs_up,stairs_up,0.984,1,GREEN,7,7
stairs_up,stairs_up,0.8,1,GREEN,7,7
stairs_up,stairs_up,0.921,1,GREEN,7,7
stairs_up,stairs_up,0.973,1,GREEN,7,7
stairs_up,stairs_up,0.822,1,GREEN,7,7
stairs_up,stairs_up,0.91,1,GREEN,7,7
stairs_up,stairs_up,0.903,1,GREEN,7,7
stairs_up,stairs_up,0.832,1,GREEN,7,7
stairs_up,stairs_up,0.886,1,GREEN,7,7
stairs_up,stairs_up,0.853,1,GREEN,7,7
stairs_up,stairs_up,0.802,1,GREEN,7,7
stairs_up,stairs_up,0.875,1,GREEN,7,7
stairs_up,stairs_up,0.926,1,GREEN,7,7
stairs_up,stairs_up,0.989,1,GREEN,7,7
stairs_up,stairs_up,0.989,1,GREEN,7,7
stairs_up,stairs_up,0.552,1,YELLOW,7,7
stairs_up,stairs_up,0.485,1,YELLOW,7,7
stairs_up,stairs_up,0.821,1,GREEN,7,7
stairs_up,stairs_up,0.776,1,GREEN,7,7
stairs_up,stairs_up,0.718,1,YELLOW,7,7
stairs_up,stairs_up,0.79,1,GREEN,7,7
stairs_up,stairs_up,0.811,1,GREEN,7,7
stairs_up,stairs_up,0.935,1,GREEN,7,7
stairs_up,stairs_up,0.992,1,GREEN,7,7
stairs_up,stairs_up,0.929,1,GREEN,7,7
stairs_up,stairs_up,0.628,1,YELLOW,7,7
stairs_up,stairs_up,0.956,1,GREEN,7,7
stairs_up,stairs_up,0.926,1,GREEN,7,7
stairs_up,stairs_up,0.697,1,YELLOW,7,7
stairs_up,stairs_up,0.803,1,GREEN,7,7
stairs_up,stairs_up,0.571,1,YELLOW,7,7
stairs_up,stairs_up,0.953,1,GREEN,7,7
stairs_up,stairs_up,0.989,1,GREEN,7,7
stairs_up,stairs_up,0.843,1,GREEN,7,7
stairs_up,stairs_up,0.487,1,YELLOW,7,7
stairs_up,stairs_up,0.547,1,YELLOW,7,7
stairs_up,stairs_up,0.315,1,RED,7,7
stairs_up,stairs_up,0.461,1,YELLOW,7,7
stairs_up,stairs_up,0.74,1,YELLOW,7,7
stairs_up,stairs_up,0.841,1,GREEN,7,7
stairs_up,stairs_up,0.953,1,GREEN,7,7
stairs_up,stairs_up,0.782,1,GREEN,7,7
stairs_up,stairs_up,0.36,1,RED,7,7
stairs_up,stairs_up,0.78,1,GREEN,7,7
stairs_up,stairs_up,0.643,1,YELLOW,7,7
stairs_up,stairs_up,0.163,1,RED,7,7
stairs_up,stairs_up,0.843,1,GREEN,7,7
stairs_up,stairs_up,0.847,1,GREEN,7,7
stairs_up,stairs_up,0.838,1,GREEN,7,7
stairs_up,stairs_up,0.878,1,GREEN,7,7
stairs_up,stairs_up,0.768,1,GREEN,7,7
stairs_up,stairs_up,0.982,1,GREEN,7,7
stairs_up,stairs_up,0.905,1,GREEN,7,7
stairs_up,stairs_up,0.354,1,RED,7,7
stairs_up,stairs_up,0.879,1,GREEN,7,7
stairs_up,stairs_up,0.796,1,GREEN,7,7
stairs_up,stairs_up,0.384,1,RED,7,7
stairs_up,stairs_up,0.674,1,YELLOW,7,7
stairs_up,stairs_up,0.827,1,GREEN,7,7
stairs_up,stairs_up,0.982,1,GREEN,7,7
stairs_up,stairs_up,0.996,1,GREEN,7,7
stairs_up,stairs_up,0.951,1,GREEN,7,7
stairs_up,stairs_up,0.75,1,GREEN,7,7
stairs_up,stairs_up,0.858,1,GREEN,7,7
stairs_up,stairs_up,0.774,1,GREEN,7,7
stairs_up,stairs_up,0.857,1,GREEN,7,7
stairs_up,stairs_up,0.951,1,GREEN,7,7
stairs_up,stairs_up,0.962,1,GREEN,7,7
stairs_up,stairs_up,0.977,1,GREEN,7,7
stairs_up,stairs_up,0.969,1,GREEN,7,7
stairs_up,stairs_up,0.88,1,GREEN,7,7
stairs_up,stairs_up,0.947,1,GREEN,7,7
stairs_up,stairs_up,0.892,1,GREEN,7,7
stairs_up,stairs_up,0.258,1,RED,7,7
stairs_up,stairs_up,0.061,1,RED,7,7
stairs_up,stairs_up,0.049,1,RED,7,7
stairs_up,stairs_up,0.126,1,RED,7,7
stairs_up,stairs_up,0.631,1,YELLOW,7,7
stairs_up,stairs_up,0.81,1,GREEN,7,7
stairs_up,stairs_up,0.653,1,YELLOW,7,7
stairs_up,stairs_up,0.297,1,RED,7,7
stairs_up,stairs_up,0.373,1,RED,7,7
stairs_up,stairs_up,0.617,1,YELLOW,7,7
stairs_up,stairs_up,0.481,1,YELLOW,7,7
stairs_up,stairs_up,0.468,1,YELLOW,7,7
stairs_up,stairs_up,0.602,1,YELLOW,7,7
stairs_up,stairs_up,0.719,1,YELLOW,7,7
stairs_up,stairs_up,0.81,1,GREEN,7,7
stairs_up,stairs_up,0.732,1,YELLOW,7,7
stairs_up,stairs_up,0.697,1,YELLOW,7,7
stairs_up,stairs_up,0.72,1,YELLOW,7,7
stairs_up,stairs_up,0.657,1,YELLOW,7,7
stairs_up,stairs_up,0.511,1,YELLOW,7,7
stairs_up,stairs_up,0.358,1,RED,7,7
stairs_down,sitting,0.003,0,RED,8,1
stairs_down,sitting,0.002,0,RED,8,1
stairs_down,sitting,0.001,0,RED,8,1
stairs_down,sitting,0.001,0,RED,8,1
stairs_down,sitting,0.001,0,RED,8,1
stairs_down,sitting,0.001,0,RED,8,1
stairs_down,sitting,0.004,0,RED,8,1
stairs_down,sitting,0.007,0,RED,8,1
stairs_down,stairs_down,0.01,1,RED,8,8
stairs_down,stairs_down,0.032,1,RED,8,8
stairs_down,stairs_down,0.064,1,RED,8,8
stairs_down,stairs_down,0.197,1,RED,8,8
stairs_down,stairs_down,0.685,1,YELLOW,8,8
stairs_down,stairs_down,0.924,1,GREEN,8,8
stairs_down,stairs_down,0.917,1,GREEN,8,8
stairs_down,stairs_down,0.891,1,GREEN,8,8
stairs_down,stairs_down,0.952,1,GREEN,8,8
stairs_down,stairs_down,0.951,1,GREEN,8,8
stairs_down,stairs_down,0.976,1,GREEN,8,8
stairs_down,stairs_down,0.971,1,GREEN,8,8
stairs_down,stairs_down,0.956,1,GREEN,8,8
stairs_down,stairs_down,0.896,1,GREEN,8,8
stairs_down,stairs_down,0.971,1,GREEN,8,8
stairs_down,stairs_down,0.922,1,GREEN,8,8
stairs_down,stairs_down,0.688,1,YELLOW,8,8
stairs_down,stairs_down,0.966,1,GREEN,8,8
stairs_down,stairs_down,0.969,1,GREEN,8,8
stairs_down,stairs_down,0.941,1,GREEN,8,8
stairs_down,stairs_down,0.765,1,GREEN,8,8
stairs_down,stairs_down,0.667,1,YELLOW,8,8
stairs_down,stairs_down,0.656,1,YELLOW,8,8
stairs_down,stairs_down,0.663,1,YELLOW,8,8
stairs_down,stairs_down,0.758,1,GREEN,8,8
stairs_down,stairs_down,0.802,1,GREEN,8,8
stairs_down,stairs_down,0.864,1,GREEN,8,8
stairs_down,stairs_down,0.91,1,GREEN,8,8
stairs_down,stairs_down,0.977,1,GREEN,8,8
stairs_down,stairs_down,0.99,1,GREEN,8,8
stairs_down,stairs_down,0.943,1,GREEN,8,8
stairs_down,stairs_down,0.851,1,GREEN,8,8
stairs_down,stairs_down,0.793,1,GREEN,8,8
stairs_down,stairs_down,0.713,1,YELLOW,8,8
stairs_down,stairs_down,0.811,1,GREEN,8,8
stairs_down,stairs_down,0.807,1,GREEN,8,8
stairs_down,stairs_down,0.621,1,YELLOW,8,8
stairs_down,stairs_down,0.67,1,YELLOW,8,8
stairs_down,stairs_down,0.937,1,GREEN,8,8
stairs_down,stairs_down,0.916,1,GREEN,8,8
stairs_down,stairs_down,0.887,1,GREEN,8,8
stairs_down,stairs_down,0.812,1,GREEN,8,8
stairs_down,stairs_down,0.657,1,YELLOW,8,8
stairs_down,stairs_down,0.668,1,YELLOW,8,8
stairs_down,stairs_down,0.684,1,YELLOW,8,8
stairs_down,stairs_down,0.748,1,YELLOW,8,8
stairs_down,stairs_down,0.818,1,GREEN,8,8
stairs_down,stairs_down,0.952,1,GREEN,8,8
stairs_down,stairs_down,0.945,1,GREEN,8,8
stairs_down,stairs_down,0.899,1,GREEN,8,8
stairs_down,stairs_down,0.783,1,GREEN,8,8
stairs_down,stairs_down,0.664,1,YELLOW,8,8
stairs_down,stairs_down,0.772,1,GREEN,8,8
stairs_down,stairs_down,0.941,1,GREEN,8,8
stairs_down,stairs_down,0.797,1,GREEN,8,8
stairs_down,stairs_down,0.45,1,YELLOW,8,8
stairs_down,stairs_down,0.828,1,GREEN,8,8
stairs_down,stairs_down,0.909,1,GREEN,8,8
stairs_down,stairs_down,0.857,1,GREEN,8,8
stairs_down,stairs_down,0.505,1,YELLOW,8,8
stairs_down,stairs_down,0.368,1,RED,8,8
stairs_down,stairs_down,0.484,1,YELLOW,8,8
stairs_down,stairs_down,0.633,1,YELLOW,8,8
stairs_down,stairs_down,0.683,1,YELLOW,8,8
stairs_down,stairs_down,0.821,1,GREEN,8,8
stairs_down,stairs_down,0.932,1,GREEN,8,8
stairs_down,stairs_down,0.941,1,GREEN,8,8
stairs_down,stairs_down,0.986,1,GREEN,8,8
stairs_down,stairs_down,0.943,1,GREEN,8,8
stairs_down,stairs_down,0.888,1,GREEN,8,8
stairs_down,stairs_down,0.75,1,YELLOW,8,8
stairs_down,stairs_down,0.547,1,YELLOW,8,8
stairs_down,stairs_down,0.868,1,GREEN,8,8
stairs_down,stairs_down,0.929,1,GREEN,8,8
stairs_down,stairs_down,0.773,1,GREEN,8,8
stairs_down,stairs_down,0.796,1,GREEN,8,8
stairs_down,stairs_down,0.958,1,GREEN,8,8
stairs_down,stairs_down,0.869,1,GREEN,8,8
stairs_down,stairs_down,0.856,1,GREEN,8,8
stairs_down,stairs_down,0.97,1,GREEN,8,8
stairs_down,stairs_down,0.957,1,GREEN,8,8
stairs_down,stairs_down,0.942,1,GREEN,8,8
stairs_down,stairs_down,0.779,1,GREEN,8,8
stairs_down,stairs_down,0.81,1,GREEN,8,8
stairs_down,stairs_down,0.87,1,GREEN,8,8
stairs_down,stairs_down,0.83,1,GREEN,8,8
stairs_down,stairs_down,0.923,1,GREEN,8,8
stairs_down,stairs_down,0.472,1,YELLOW,8,8
stairs_down,stairs_down,0.243,1,RED,8,8
stairs_down,stairs_down,0.764,1,GREEN,8,8
stairs_down,stairs_down,0.966,1,GREEN,8,8
stairs_down,stairs_down,0.909,1,GREEN,8,8
stairs_down,stairs_down,0.834,1,GREEN,8,8
stairs_down,stairs_down,0.982,1,GREEN,8,8
stairs_down,stairs_down,0.873,1,GREEN,8,8
stairs_down,stairs_down,0.899,1,GREEN,8,8
stairs_down,stairs_down,0.965,1,GREEN,8,8
stairs_down,stairs_down,0.882,1,GREEN,8,8
stairs_down,stairs_down,0.771,1,GREEN,8,8
stairs_down,stairs_down,0.665,1,YELLOW,8,8
stairs_down,stairs_down,0.892,1,GREEN,8,8
stairs_down,stairs_down,0.878,1,GREEN,8,8
stairs_down,stairs_down,0.869,1,GREEN,8,8
stairs_down,stairs_down,0.804,1,GREEN,8,8
stairs_down,stairs_down,0.567,1,YELLOW,8,8
stairs_down,stairs_down,0.081,1,RED,8,8
stairs_down,stairs_down,0.006,1,RED,8,8
stairs_down,stairs_down,0.014,1,RED,8,8
stairs_down,stairs_down,0.064,1,RED,8,8
stairs_down,stairs_down,0.099,1,RED,8,8
stairs_down,stairs_down,0.124,1,RED,8,8
stairs_down,stairs_down,0.337,1,RED,8,8
stairs_down,stairs_down,0.367,1,RED,8,8
stairs_down,stairs_up,0.273,0,RED,8,7
stairs_up,stairs_up,0.398,1,RED,7,7
stairs_up,stairs_up,0.384,1,RED,7,7
stairs_up,stairs_up,0.392,1,RED,7,7
stairs_up,stairs_up,0.346,1,RED,7,7
stairs_up,stairs_up,0.364,1,RED,7,7
stairs_up,stairs_up,0.415,1,RED,7,7
stairs_up,stairs_up,0.319,1,RED,7,7
stairs_up,stairs_up,0.211,1,RED,7,7
stairs_up,stairs_up,0.304,1,RED,7,7
stairs_up,stairs_up,0.345,1,RED,7,7
stairs_up,stairs_up,0.706,1,YELLOW,7,7
stairs_up,stairs_up,0.981,1,GREEN,7,7
stairs_up,stairs_up,0.991,1,GREEN,7,7
stairs_up,stairs_up,0.984,1,GREEN,7,7
stairs_up,stairs_up,0.969,1,GREEN,7,7
stairs_up,stairs_up,0.96,1,GREEN,7,7
stairs_up,stairs_up,0.815,1,GREEN,7,7
stairs_up,stairs_up,0.458,1,YELLOW,7,7
stairs_up,stairs_up,0.595,1,YELLOW,7,7
stairs_up,stairs_up,0.762,1,GREEN,7,7
stairs_up,stairs_up,0.837,1,GREEN,7,7
stairs_up,stairs_up,0.923,1,GREEN,7,7
stairs_up,stairs_up,0.902,1,GREEN,7,7
stairs_up,stairs_up,0.893,1,GREEN,7,7
stairs_up,stairs_up,0.713,1,YELLOW,7,7
stairs_up,stairs_up,0.812,1,GREEN,7,7
stairs_up,stairs_up,0.74,1,YELLOW,7,7
stairs_up,stairs_up,0.178,1,RED,7,7
stairs_up,stairs_up,0.732,1,YELLOW,7,7
stairs_up,stairs_up,0.502,1,YELLOW,7,7
stairs_up,stairs_up,0.11,1,RED,7,7
stairs_up,stairs_up,0.486,1,YELLOW,7,7
stairs_up,stairs_up,0.417,1,RED,7,7
stairs_up,stairs_up,0.639,1,YELLOW,7,7
stairs_up,stairs_up,0.745,1,YELLOW,7,7
stairs_up,stairs_up,0.885,1,GREEN,7,7
stairs_up,stairs_up,0.997,1,GREEN,7,7
stairs_up,stairs_up,0.996,1,GREEN,7,7
stairs_up,stairs_up,0.873,1,GREEN,7,7
stairs_up,stairs_up,0.646,1,YELLOW,7,7
stairs_up,stairs_up,0.699,1,YELLOW,7,7
stairs_up,stairs_up,0.792,1,GREEN,7,7
stairs_up,stairs_up,0.46,1,YELLOW,7,7
stairs_up,stairs_up,0.901,1,GREEN,7,7
stairs_up,stairs_up,0.926,1,GREEN,7,7
stairs_up,stairs_up,0.593,1,YELLOW,7,7
stairs_up,stairs_up,0.246,1,RED,7,7
stairs_up,stairs_up,0.642,1,YELLOW,7,7
stairs_up,stairs_up,0.903,1,GREEN,7,7
stairs_up,stairs_up,0.82,1,GREEN,7,7
stairs_up,stairs_up,0.882,1,GREEN,7,7
stairs_up,stairs_up,0.773,1,GREEN,7,7
stairs_up,stairs_up,0.755,1,GREEN,7,7
stairs_up,stairs_up,0.915,1,GREEN,7,7
stairs_up,stairs_up,0.878,1,GREEN,7,7
stairs_up,stairs_up,0.435,1,RED,7,7
stairs_up,stairs_up,0.435,1,RED,7,7
stairs_up,stairs_up,0.523,1,YELLOW,7,7
stairs_up,stairs_up,0.364,1,RED,7,7
stairs_up,stairs_up,0.312,1,RED,7,7
stairs_up,stairs_up,0.519,1,YELLOW,7,7
stairs_up,stairs_up,0.919,1,GREEN,7,7
stairs_up,stairs_up,0.948,1,GREEN,7,7
stairs_up,stairs_up,0.912,1,GREEN,7,7
stairs_up,stairs_up,0.933,1,GREEN,7,7
stairs_up,stairs_up,0.984,1,GREEN,7,7
stairs_up,stairs_up,0.981,1,GREEN,7,7
stairs_up,stairs_up,0.798,1,GREEN,7,7
stairs_up,stairs_up,0.182,1,RED,7,7
stairs_up,stairs_up,0.722,1,YELLOW,7,7
stairs_up,stairs_up,0.717,1,YELLOW,7,7
stairs_up,stairs_up,0.467,1,YELLOW,7,7
stairs_up,stairs_up,0.528,1,YELLOW,7,7
stairs_up,stairs_up,0.43,1,RED,7,7
stairs_up,stairs_up,0.6,1,YELLOW,7,7
stairs_up,stairs_up,0.899,1,GREEN,7,7
stairs_up,stairs_up,0.93,1,GREEN,7,7
stairs_up,stairs_up,0.792,1,GREEN,7,7
stairs_up,stairs_up,0.816,1,GREEN,7,7
stairs_up,stairs_up,0.277,1,RED,7,7
stairs_up,stairs_up,0.329,1,RED,7,7
stairs_up,stairs_up,0.713,1,YELLOW,7,7
stairs_up,stairs_up,0.562,1,YELLOW,7,7
stairs_up,stairs_up,0.702,1,YELLOW,7,7
stairs_up,stairs_up,0.845,1,GREEN,7,7
stairs_up,stairs_up,0.89,1,GREEN,7,7
stairs_up,stairs_up,0.943,1,GREEN,7,7
stairs_up,stairs_up,0.94,1,GREEN,7,7
stairs_up,stairs_up,0.978,1,GREEN,7,7
stairs_up,stairs_up,0.927,1,GREEN,7,7
stairs_up,stairs_up,0.756,1,GREEN,7,7
stairs_up,stairs_up,0.646,1,YELLOW,7,7
stairs_up,stairs_up,0.305,1,RED,7,7
stairs_up,stairs_up,0.749,1,YELLOW,7,7
stairs_up,stairs_up,0.796,1,GREEN,7,7
stairs_up,stairs_up,0.483,1,YELLOW,7,7
stairs_up,stairs_up,0.794,1,GREEN,7,7
stairs_up,stairs_up,0.72,1,YELLOW,7,7
stairs_up,stairs_up,0.66,1,YELLOW,7,7
stairs_up,stairs_up,0.966,1,GREEN,7,7
stairs_up,stairs_up,0.978,1,GREEN,7,7
stairs_up,stairs_up,0.763,1,GREEN,7,7
stairs_up,stairs_up,0.244,1,RED,7,7
stairs_up,stairs_up,0.567,1,YELLOW,7,7
stairs_up,stairs_up,0.889,1,GREEN,7,7
stairs_up,stairs_up,0.377,1,RED,7,7
stairs_up,stairs_up,0.616,1,YELLOW,7,7
stairs_up,stairs_up,0.867,1,GREEN,7,7
stairs_up,stairs_up,0.9,1,GREEN,7,7
stairs_up,stairs_up,0.888,1,GREEN,7,7
stairs_up,stairs_up,0.916,1,GREEN,7,7
stairs_up,stairs_up,0.932,1,GREEN,7,7
stairs_up,stairs_up,0.898,1,GREEN,7,7
stairs_up,stairs_up,0.816,1,GREEN,7,7
stairs_up,stairs_up,0.48,1,YELLOW,7,7
stairs_up,stairs_up,0.585,1,YELLOW,7,7
stairs_up,stairs_up,0.654,1,YELLOW,7,7
stairs_up,stairs_up,0.831,1,GREEN,7,7
stairs_up,stairs_up,0.817,1,GREEN,7,7
stairs_up,stairs_up,0.574,1,YELLOW,7,7
stairs_up,stairs_up,0.669,1,YELLOW,7,7
stairs_up,stairs_up,0.757,1,GREEN,7,7
stairs_up,stairs_up,0.959,1,GREEN,7,7
stairs_up,stairs_up,0.933,1,GREEN,7,7
stairs_up,stairs_up,0.509,1,YELLOW,7,7
stairs_up,stairs_up,0.642,1,YELLOW,7,7
stairs_up,stairs_up,0.743,1,YELLOW,7,7
stairs_up,stairs_up,0.751,1,GREEN,7,7
stairs_up,stairs_up,0.878,1,GREEN,7,7
stairs_up,stairs_up,0.687,1,YELLOW,7,7
stairs_up,stairs_up,0.656,1,YELLOW,7,7
stairs_up,stairs_up,0.787,1,GREEN,7,7
stairs_up,stairs_up,0.759,1,GREEN,7,7
stairs_up,stairs_up,0.673,1,YELLOW,7,7
stairs_up,stairs_up,0.303,1,RED,7,7
stairs_up,stairs_up,0.284,1,RED,7,7
stairs_up,stairs_up,0.127,1,RED,7,7
stairs_up,stairs_up,0.048,1,RED,7,7
stairs_up,stairs_up,0.087,1,RED,7,7
stairs_up,stairs_up,0.191,1,RED,7,7
stairs_down,stairs_up,0.062,0,RED,8,7
stairs_down,stairs_up,0.071,0,RED,8,7
stairs_down,stairs_up,0.081,0,RED,8,7
stairs_down,stairs_down,0.097,1,RED,8,8
stairs_down,stairs_down,0.106,1,RED,8,8
stairs_down,stairs_down,0.088,1,RED,8,8
stairs_down,stairs_down,0.073,1,RED,8,8
stairs_down,stairs_down,0.069,1,RED,8,8
stairs_down,stairs_down,0.082,1,RED,8,8
stairs_down,stairs_down,0.294,1,RED,8,8
stairs_down,stairs_down,0.256,1,RED,8,8
stairs_down,stairs_down,0.357,1,RED,8,8
stairs_down,stairs_down,0.737,1,YELLOW,8,8
stairs_down,stairs_down,0.852,1,GREEN,8,8
stairs_down,stairs_down,0.911,1,GREEN,8,8
stairs_down,stairs_down,0.948,1,GREEN,8,8
stairs_down,stairs_down,0.971,1,GREEN,8,8
stairs_down,stairs_down,0.989,1,GREEN,8,8
stairs_down,stairs_down,0.966,1,GREEN,8,8
stairs_down,stairs_down,0.959,1,GREEN,8,8
stairs_down,stairs_down,0.912,1,GREEN,8,8
stairs_down,stairs_down,0.74,1,YELLOW,8,8
stairs_down,stairs_down,0.79,1,GREEN,8,8
stairs_down,stairs_down,0.901,1,GREEN,8,8
stairs_down,stairs_down,0.991,1,GREEN,8,8
stairs_down,stairs_down,0.963,1,GREEN,8,8
stairs_down,stairs_down,0.861,1,GREEN,8,8
stairs_down,stairs_down,0.864,1,GREEN,8,8
stairs_down,stairs_down,0.922,1,GREEN,8,8
stairs_down,stairs_down,0.857,1,GREEN,8,8
stairs_down,stairs_down,0.655,1,YELLOW,8,8
stairs_down,stairs_down,0.927,1,GREEN,8,8
stairs_down,stairs_down,0.976,1,GREEN,8,8
stairs_down,stairs_down,0.941,1,GREEN,8,8
stairs_down,stairs_down,0.949,1,GREEN,8,8
stairs_down,stairs_down,0.923,1,GREEN,8,8
stairs_down,stairs_down,0.962,1,GREEN,8,8
stairs_down,stairs_down,0.972,1,GREEN,8,8
stairs_down,stairs_down,0.85,1,GREEN,8,8
stairs_down,stairs_down,0.921,1,GREEN,8,8
stairs_down,stairs_down,0.893,1,GREEN,8,8
stairs_down,stairs_down,0.762,1,GREEN,8,8
stairs_down,stairs_down,0.923,1,GREEN,8,8
stairs_down,stairs_down,0.94,1,GREEN,8,8
stairs_down,stairs_down,0.865,1,GREEN,8,8
stairs_down,stairs_down,0.622,1,YELLOW,8,8
stairs_down,stairs_down,0.871,1,GREEN,8,8
stairs_down,stairs_down,0.932,1,GREEN,8,8
stairs_down,stairs_down,0.961,1,GREEN,8,8
stairs_down,stairs_down,0.942,1,GREEN,8,8
stairs_down,stairs_down,0.889,1,GREEN,8,8
stairs_down,stairs_down,0.808,1,GREEN,8,8
stairs_down,stairs_down,0.7,1,YELLOW,8,8
stairs_down,stairs_down,0.896,1,GREEN,8,8
stairs_down,stairs_down,0.831,1,GREEN,8,8
stairs_down,stairs_down,0.942,1,GREEN,8,8
stairs_down,stairs_down,0.932,1,GREEN,8,8
stairs_down,stairs_down,0.706,1,YELLOW,8,8
stairs_down,stairs_down,0.584,1,YELLOW,8,8
stairs_down,stairs_down,0.523,1,YELLOW,8,8
stairs_down,stairs_down,0.769,1,GREEN,8,8
stairs_down,stairs_down,0.926,1,GREEN,8,8
stairs_down,stairs_down,0.852,1,GREEN,8,8
stairs_down,stairs_down,0.928,1,GREEN,8,8
stairs_down,stairs_down,0.921,1,GREEN,8,8
stairs_down,stairs_down,0.746,1,YELLOW,8,8
stairs_down,stairs_down,0.741,1,YELLOW,8,8
stairs_down,stairs_down,0.871,1,GREEN,8,8
stairs_down,stairs_down,0.895,1,GREEN,8,8
stairs_down,stairs_down,0.921,1,GREEN,8,8
stairs_down,stairs_down,0.939,1,GREEN,8,8
stairs_down,stairs_down,0.952,1,GREEN,8,8
stairs_down,stairs_down,0.973,1,GREEN,8,8
stairs_down,stairs_down,0.849,1,GREEN,8,8
stairs_down,stairs_down,0.842,1,GREEN,8,8
stairs_down,stairs_down,0.954,1,GREEN,8,8
stairs_down,stairs_down,0.852,1,GREEN,8,8
stairs_down,stairs_down,0.694,1,YELLOW,8,8
stairs_down,stairs_down,0.294,1,RED,8,8
stairs_down,stairs_down,0.573,1,YELLOW,8,8
stairs_down,stairs_down,0.883,1,GREEN,8,8
stairs_down,stairs_down,0.936,1,GREEN,8,8
stairs_down,stairs_down,0.968,1,GREEN,8,8
stairs_down,stairs_down,0.881,1,GREEN,8,8
stairs_down,stairs_down,0.961,1,GREEN,8,8
stairs_down,stairs_down,0.983,1,GREEN,8,8
stairs_down,stairs_down,0.891,1,GREEN,8,8
stairs_down,stairs_down,0.842,1,GREEN,8,8
stairs_down,stairs_down,0.95,1,GREEN,8,8
stairs_down,stairs_down,0.858,1,GREEN,8,8
stairs_down,stairs_down,0.782,1,GREEN,8,8
stairs_down,stairs_down,0.818,1,GREEN,8,8
stairs_down,stairs_down,0.137,1,RED,8,8
stairs_down,stairs_down,0.017,1,RED,8,8
stairs_down,stairs_down,0.07,1,RED,8,8
stairs_down,stairs_down,0.304,1,RED,8,8
stairs_down,stairs_down,0.27,1,RED,8,8
stairs_down,stairs_down,0.29,1,RED,8,8
stairs_down,stairs_down,0.29,1,RED,8,8
stairs_down,stairs_up,0.299,0,RED,8,7
stairs_down,stairs_up,0.317,0,RED,8,7
walking,stairs_up,0.111,0,RED,3,7
walking,stairs_up,0.122,0,RED,3,7
walking,stairs_up,0.125,0,RED,3,7
walking,stairs_up,0.117,0,RED,3,7
walking,stairs_up,0.112,0,RED,3,7
walking,stairs_up,0.107,0,RED,3,7
walking,walking,0.1,1,RED,3,3
walking,walking,0.091,1,RED,3,3
walking,walking,0.069,1,RED,3,3
walking,walking,0.053,1,RED,3,3
walking,walking,0.185,1,RED,3,3
walking,walking,0.377,1,RED,3,3
walking,walking,0.727,1,YELLOW,3,3
walking,walking,0.845,1,GREEN,3,3
walking,walking,0.859,1,GREEN,3,3
walking,walking,0.876,1,GREEN,3,3
walking,walking,0.903,1,GREEN,3,3
walking,walking,0.921,1,GREEN,3,3
walking,walking,0.838,1,GREEN,3,3
walking,walking,0.84,1,GREEN,3,3
walking,walking,0.871,1,GREEN,3,3
walking,walking,0.956,1,GREEN,3,3
walking,walking,0.949,1,GREEN,3,3
walking,walking,0.961,1,GREEN,3,3
walking,walking,0.902,1,GREEN,3,3
walking,walking,0.862,1,GREEN,3,3
walking,walking,0.875,1,GREEN,3,3
walking,walking,0.827,1,GREEN,3,3
walking,walking,0.868,1,GREEN,3,3
walking,walking,0.873,1,GREEN,3,3
walking,walking,0.939,1,GREEN,3,3
walking,walking,0.913,1,GREEN,3,3
walking,walking,0.929,1,GREEN,3,3
walking,walking,0.84,1,GREEN,3,3
walking,walking,0.832,1,GREEN,3,3
walking,walking,0.933,1,GREEN,3,3
walking,walking,0.84,1,GREEN,3,3
walking,walking,0.905,1,GREEN,3,3
walking,walking,0.937,1,GREEN,3,3
walking,walking,0.946,1,GREEN,3,3
walking,walking,0.945,1,GREEN,3,3
walking,walking,0.975,1,GREEN,3,3
walking,walking,0.953,1,GREEN,3,3
walking,walking,0.956,1,GREEN,3,3
walking,walking,0.932,1,GREEN,3,3
walking,walking,0.855,1,GREEN,3,3
walking,walking,0.889,1,GREEN,3,3
walking,walking,0.832,1,GREEN,3,3
walking,walking,0.878,1,GREEN,3,3
walking,walking,0.911,1,GREEN,3,3
walking,walking,0.952,1,GREEN,3,3
walking,walking,0.879,1,GREEN,3,3
walking,walking,0.95,1,GREEN,3,3
walking,walking,0.92,1,GREEN,3,3
walking,walking,0.965,1,GREEN,3,3
walking,walking,0.974,1,GREEN,3,3
walking,walking,0.912,1,GREEN,3,3
walking,walking,0.967,1,GREEN,3,3
walking,walking,0.916,1,GREEN,3,3
walking,walking,0.915,1,GREEN,3,3
walking,walking,0.919,1,GREEN,3,3
walking,walking,0.94,1,GREEN,3,3
walking,walking,0.875,1,GREEN,3,3
walking,walking,0.944,1,GREEN,3,3
walking,walking,0.935,1,GREEN,3,3
walking,walking,0.877,1,GREEN,3,3
walking,walking,0.938,1,GREEN,3,3
walking,walking,0.921,1,GREEN,3,3
walking,walking,0.901,1,GREEN,3,3
walking,walking,0.883,1,GREEN,3,3
walking,walking,0.964,1,GREEN,3,3
walking,walking,0.93,1,GREEN,3,3
walking,walking,0.935,1,GREEN,3,3
walking,walking,0.943,1,GREEN,3,3
walking,walking,0.874,1,GREEN,3,3
walking,walking,0.621,1,YELLOW,3,3
walking,walking,0.137,1,RED,3,3
walking,walking,0.348,1,RED,3,3
walking,walking,0.789,1,GREEN,3,3
walking,walking,0.829,1,GREEN,3,3
walking,walking,0.739,1,YELLOW,3,3
walking,walking,0.899,1,GREEN,3,3
walking,walking,0.884,1,GREEN,3,3
walking,walking,0.941,1,GREEN,3,3
walking,walking,0.953,1,GREEN,3,3
walking,walking,0.922,1,GREEN,3,3
walking,walking,0.949,1,GREEN,3,3
walking,walking,0.778,1,GREEN,3,3
walking,walking,0.81,1,GREEN,3,3
walking,walking,0.875,1,GREEN,3,3
walking,walking,0.914,1,GREEN,3,3
walking,walking,0.906,1,GREEN,3,3
walking,walking,0.968,1,GREEN,3,3
walking,walking,0.915,1,GREEN,3,3
walking,walking,0.84,1,GREEN,3,3
walking,walking,0.941,1,GREEN,3,3
walking,walking,0.89,1,GREEN,3,3
walking,walking,0.918,1,GREEN,3,3
walking,walking,0.931,1,GREEN,3,3
walking,walking,0.965,1,GREEN,3,3
walking,walking,0.929,1,GREEN,3,3
walking,walking,0.964,1,GREEN,3,3
walking,walking,0.941,1,GREEN,3,3
walking,walking,0.898,1,GREEN,3,3
walking,walking,0.946,1,GREEN,3,3
walking,walking,0.879,1,GREEN,3,3
walking,walking,0.892,1,GREEN,3,3
walking,walking,0.911,1,GREEN,3,3
walking,walking,0.939,1,GREEN,3,3
walking,walking,0.892,1,GREEN,3,3
walking,walking,0.952,1,GREEN,3,3
walking,walking,0.945,1,GREEN,3,3
walking,walking,0.971,1,GREEN,3,3
walking,walking,0.952,1,GREEN,3,3
walking,walking,0.876,1,GREEN,3,3
walking,walking,0.933,1,GREEN,3,3
walking,walking,0.829,1,GREEN,3,3
walking,walking,0.912,1,GREEN,3,3
walking,walking,0.93,1,GREEN,3,3
walking,walking,0.962,1,GREEN,3,3
walking,walking,0.922,1,GREEN,3,3
walking,walking,0.965,1,GREEN,3,3
walking,walking,0.941,1,GREEN,3,3
walking,walking,0.873,1,GREEN,3,3
walking,walking,0.948,1,GREEN,3,3
walking,walking,0.891,1,GREEN,3,3
walking,walking,0.92,1,GREEN,3,3
walking,walking,0.926,1,GREEN,3,3
walking,walking,0.97,1,GREEN,3,3
walking,walking,0.932,1,GREEN,3,3
walking,walking,0.941,1,GREEN,3,3
walking,walking,0.948,1,GREEN,3,3
walking,walking,0.838,1,GREEN,3,3
walking,walking,0.93,1,GREEN,3,3
walking,walking,0.909,1,GREEN,3,3
walking,walking,0.905,1,GREEN,3,3
walking,walking,0.871,1,GREEN,3,3
walking,walking,0.949,1,GREEN,3,3
walking,walking,0.898,1,GREEN,3,3
walking,walking,0.908,1,GREEN,3,3
walking,walking,0.949,1,GREEN,3,3
walking,walking,0.878,1,GREEN,3,3
walking,walking,0.927,1,GREEN,3,3
walking,walking,0.907,1,GREEN,3,3
walking,walking,0.917,1,GREEN,3,3
walking,walking,0.898,1,GREEN,3,3
walking,walking,0.959,1,GREEN,3,3
walking,walking,0.918,1,GREEN,3,3
walking,walking,0.954,1,GREEN,3,3
walking,walking,0.922,1,GREEN,3,3
walking,walking,0.757,1,GREEN,3,3
walking,walking,0.921,1,GREEN,3,3
walking,walking,0.875,1,GREEN,3,3
walking,walking,0.901,1,GREEN,3,3
walking,walking,0.912,1,GREEN,3,3
walking,walking,0.902,1,GREEN,3,3
walking,walking,0.858,1,GREEN,3,3
walking,walking,0.952,1,GREEN,3,3
walking,walking,0.902,1,GREEN,3,3
walking,walking,0.935,1,GREEN,3,3
walking,walking,0.968,1,GREEN,3,3
walking,walking,0.917,1,GREEN,3,3
walking,walking,0.943,1,GREEN,3,3
walking,walking,0.792,1,GREEN,3,3
walking,walking,0.826,1,GREEN,3,3
walking,walking,0.92,1,GREEN,3,3
walking,walking,0.971,1,GREEN,3,3
walking,walking,0.91,1,GREEN,3,3
walking,walking,0.892,1,GREEN,3,3
walking,walking,0.962,1,GREEN,3,3
walking,walking,0.879,1,GREEN,3,3
walking,walking,0.891,1,GREEN,3,3
walking,walking,0.862,1,GREEN,3,3
walking,walking,0.947,1,GREEN,3,3
walking,walking,0.905,1,GREEN,3,3
walking,walking,0.925,1,GREEN,3,3
walking,walking,0.955,1,GREEN,3,3
walking,walking,0.874,1,GREEN,3,3
walking,walking,0.92,1,GREEN,3,3
walking,walking,0.901,1,GREEN,3,3
walking,walking,0.936,1,GREEN,3,3
walking,walking,0.864,1,GREEN,3,3
walking,walking,0.943,1,GREEN,3,3
walking,walking,0.932,1,GREEN,3,3
walking,walking,0.856,1,GREEN,3,3
walking,walking,0.914,1,GREEN,3,3
walking,walking,0.889,1,GREEN,3,3
walking,walking,0.914,1,GREEN,3,3
walking,walking,0.849,1,GREEN,3,3
walking,walking,0.962,1,GREEN,3,3
walking,walking,0.947,1,GREEN,3,3
walking,walking,0.825,1,GREEN,3,3
walking,walking,0.9,1,GREEN,3,3
walking,walking,0.906,1,GREEN,3,3
walking,walking,0.918,1,GREEN,3,3
walking,walking,0.892,1,GREEN,3,3
walking,walking,0.963,1,GREEN,3,3
walking,walking,0.928,1,GREEN,3,3
walking,walking,0.848,1,GREEN,3,3
walking,walking,0.919,1,GREEN,3,3
walking,walking,0.832,1,GREEN,3,3
walking,walking,0.873,1,GREEN,3,3
walking,walking,0.803,1,GREEN,3,3
walking,walking,0.915,1,GREEN,3,3
walking,walking,0.864,1,GREEN,3,3
walking,walking,0.663,1,YELLOW,3,3
walking,walking,0.854,1,GREEN,3,3
walking,walking,0.927,1,GREEN,3,3
walking,walking,0.972,1,GREEN,3,3
walking,walking,0.889,1,GREEN,3,3
walking,walking,0.864,1,GREEN,3,3
walking,walking,0.892,1,GREEN,3,3
walking,walking,0.789,1,GREEN,3,3
walking,walking,0.829,1,GREEN,3,3
walking,walking,0.759,1,GREEN,3,3
walking,walking,0.917,1,GREEN,3,3
walking,walking,0.87,1,GREEN,3,3
walking,walking,0.702,1,YELLOW,3,3
walking,walking,0.71,1,YELLOW,3,3
walking,walking,0.642,1,YELLOW,3,3
walking,walking,0.859,1,GREEN,3,3
walking,walking,0.675,1,YELLOW,3,3
walking,walking,0.664,1,YELLOW,3,3
walking,walking,0.668,1,YELLOW,3,3
walking,walking,0.721,1,YELLOW,3,3
walking,walking,0.917,1,GREEN,3,3
walking,walking,0.856,1,GREEN,3,3
walking,walking,0.939,1,GREEN,3,3
walking,walking,0.917,1,GREEN,3,3
walking,walking,0.711,1,YELLOW,3,3
walking,walking,0.775,1,GREEN,3,3
walking,walking,0.882,1,GREEN,3,3
walking,walking,0.868,1,GREEN,3,3
walking,walking,0.227,1,RED,3,3
walking,walking,0.498,1,YELLOW,3,3
walking,walking,0.693,1,YELLOW,3,3
walking,walking,0.801,1,GREEN,3,3
walking,walking,0.745,1,YELLOW,3,3
walking,walking,0.44,1,RED,3,3
walking,walking,0.464,1,YELLOW,3,3
walking,walking,0.497,1,YELLOW,3,3
walking,walking,0.786,1,GREEN,3,3
walking,walking,0.581,1,YELLOW,3,3
walking,walking,0.595,1,YELLOW,3,3
walking,walking,0.795,1,GREEN,3,3
walking,walking,0.746,1,YELLOW,3,3
walking,walking,0.788,1,GREEN,3,3
walking,walking,0.879,1,GREEN,3,3
walking,walking,0.896,1,GREEN,3,3
walking,walking,0.789,1,GREEN,3,3
walking,walking,0.941,1,GREEN,3,3
walking,walking,0.829,1,GREEN,3,3
walking,walking,0.744,1,YELLOW,3,3
walking,walking,0.849,1,GREEN,3,3
walking,walking,0.631,1,YELLOW,3,3
walking,walking,0.863,1,GREEN,3,3
walking,walking,0.852,1,GREEN,3,3
walking,walking,0.884,1,GREEN,3,3
walking,walking,0.864,1,GREEN,3,3
walking,walking,0.503,1,YELLOW,3,3
walking,walking,0.76,1,GREEN,3,3
walking,walking,0.945,1,GREEN,3,3
walking,walking,0.983,1,GREEN,3,3
walking,walking,0.905,1,GREEN,3,3
walking,walking,0.629,1,YELLOW,3,3
walking,walking,0.767,1,GREEN,3,3
walking,walking,0.696,1,YELLOW,3,3
walking,walking,0.63,1,YELLOW,3,3
walking,walking,0.881,1,GREEN,3,3
walking,walking,0.967,1,GREEN,3,3
walking,walking,0.892,1,GREEN,3,3
walking,walking,0.945,1,GREEN,3,3
walking,walking,0.968,1,GREEN,3,3
walking,walking,0.8,1,GREEN,3,3
walking,walking,0.609,1,YELLOW,3,3
walking,walking,0.4,1,RED,3,3
walking,walking,0.799,1,GREEN,3,3
walking,walking,0.858,1,GREEN,3,3
walking,walking,0.967,1,GREEN,3,3
walking,walking,0.926,1,GREEN,3,3
walking,walking,0.923,1,GREEN,3,3
walking,walking,0.958,1,GREEN,3,3
walking,walking,0.968,1,GREEN,3,3
walking,walking,0.951,1,GREEN,3,3
walking,walking,0.846,1,GREEN,3,3
walking,walking,0.93,1,GREEN,3,3
walking,walking,0.865,1,GREEN,3,3
walking,walking,0.723,1,YELLOW,3,3
walking,walking,0.671,1,YELLOW,3,3
walking,walking,0.674,1,YELLOW,3,3
walking,walking,0.689,1,YELLOW,3,3
walking,walking,0.85,1,GREEN,3,3
walking,walking,0.881,1,GREEN,3,3
walking,walking,0.967,1,GREEN,3,3
walking,walking,0.972,1,GREEN,3,3
walking,walking,0.959,1,GREEN,3,3
walking,walking,0.957,1,GREEN,3,3
walking,walking,0.928,1,GREEN,3,3
walking,walking,0.964,1,GREEN,3,3
walking,walking,0.938,1,GREEN,3,3
walking,walking,0.944,1,GREEN,3,3
walking,walking,0.894,1,GREEN,3,3
walking,walking,0.804,1,GREEN,3,3
walking,walking,0.729,1,YELLOW,3,3
walking,walking,0.871,1,GREEN,3,3
walking,walking,0.944,1,GREEN,3,3
walking,walking,0.94,1,GREEN,3,3
walking,walking,0.959,1,GREEN,3,3
walking,walking,0.963,1,GREEN,3,3
walking,walking,0.948,1,GREEN,3,3
walking,walking,0.953,1,GREEN,3,3
walking,walking,0.954,1,GREEN,3,3
walking,walking,0.941,1,GREEN,3,3
walking,walking,0.975,1,GREEN,3,3
walking,walking,0.942,1,GREEN,3,3
walking,walking,0.968,1,GREEN,3,3
walking,walking,0.956,1,GREEN,3,3
walking,walking,0.966,1,GREEN,3,3
walking,walking,0.95,1,GREEN,3,3
walking,walking,0.879,1,GREEN,3,3
walking,walking,0.951,1,GREEN,3,3
walking,walking,0.943,1,GREEN,3,3
walking,walking,0.949,1,GREEN,3,3
walking,walking,0.919,1,GREEN,3,3
walking,walking,0.912,1,GREEN,3,3
walking,walking,0.869,1,GREEN,3,3
walking,walking,0.892,1,GREEN,3,3
walking,walking,0.903,1,GREEN,3,3
walking,walking,0.939,1,GREEN,3,3
walking,walking,0.921,1,GREEN,3,3
walking,walking,0.944,1,GREEN,3,3
walking,walking,0.945,1,GREEN,3,3
walking,walking,0.926,1,GREEN,3,3
walking,walking,0.923,1,GREEN,3,3
walking,walking,0.973,1,GREEN,3,3
walking,walking,0.959,1,GREEN,3,3
walking,walking,0.954,1,GREEN,3,3
walking,walking,0.962,1,GREEN,3,3
walking,walking,0.936,1,GREEN,3,3
walking,walking,0.949,1,GREEN,3,3
walking,walking,0.919,1,GREEN,3,3
walking,walking,0.946,1,GREEN,3,3
walking,walking,0.939,1,GREEN,3,3
walking,walking,0.94,1,GREEN,3,3
walking,walking,0.915,1,GREEN,3,3
walking,walking,0.916,1,GREEN,3,3
walking,walking,0.898,1,GREEN,3,3
walking,walking,0.946,1,GREEN,3,3
walking,walking,0.945,1,GREEN,3,3
walking,walking,0.971,1,GREEN,3,3
walking,walking,0.933,1,GREEN,3,3
walking,walking,0.926,1,GREEN,3,3
walking,walking,0.958,1,GREEN,3,3
walking,walking,0.419,1,RED,3,3
walking,walking,0.163,1,RED,3,3
walking,walking,0.175,1,RED,3,3
walking,walking,0.338,1,RED,3,3
walking,walking,0.418,1,RED,3,3
walking,walking,0.92,1,GREEN,3,3
walking,walking,0.969,1,GREEN,3,3
walking,walking,0.926,1,GREEN,3,3
walking,walking,0.943,1,GREEN,3,3
walking,walking,0.921,1,GREEN,3,3
walking,walking,0.941,1,GREEN,3,3
walking,walking,0.922,1,GREEN,3,3
walking,walking,0.926,1,GREEN,3,3
walking,walking,0.93,1,GREEN,3,3
walking,walking,0.905,1,GREEN,3,3
walking,walking,0.771,1,GREEN,3,3
walking,walking,0.927,1,GREEN,3,3
walking,walking,0.873,1,GREEN,3,3
walking,walking,0.93,1,GREEN,3,3
walking,walking,0.94,1,GREEN,3,3
walking,walking,0.832,1,GREEN,3,3
walking,walking,0.93,1,GREEN,3,3
walking,walking,0.91,1,GREEN,3,3
walking,walking,0.944,1,GREEN,3,3
walking,walking,0.938,1,GREEN,3,3
walking,walking,0.95,1,GREEN,3,3
walking,walking,0.929,1,GREEN,3,3
walking,walking,0.967,1,GREEN,3,3
walking,walking,0.902,1,GREEN,3,3
walking,walking,0.942,1,GREEN,3,3
walking,walking,0.95,1,GREEN,3,3
walking,walking,0.877,1,GREEN,3,3
walking,walking,0.923,1,GREEN,3,3
walking,walking,0.874,1,GREEN,3,3
walking,walking,0.895,1,GREEN,3,3
walking,walking,0.838,1,GREEN,3,3
walking,walking,0.891,1,GREEN,3,3
walking,walking,0.822,1,GREEN,3,3
walking,walking,0.881,1,GREEN,3,3
walking,walking,0.906,1,GREEN,3,3
walking,walking,0.88,1,GREEN,3,3
walking,walking,0.911,1,GREEN,3,3
walking,walking,0.885,1,GREEN,3,3
walking,walking,0.891,1,GREEN,3,3
walking,walking,0.843,1,GREEN,3,3
walking,walking,0.94,1,GREEN,3,3
walking,walking,0.833,1,GREEN,3,3
walking,walking,0.784,1,GREEN,3,3
walking,walking,0.926,1,GREEN,3,3
walking,walking,0.937,1,GREEN,3,3
walking,walking,0.961,1,GREEN,3,3
walking,walking,0.959,1,GREEN,3,3
walking,walking,0.968,1,GREEN,3,3
walking,walking,0.946,1,GREEN,3,3
walking,walking,0.964,1,GREEN,3,3
walking,walking,0.969,1,GREEN,3,3
walking,walking,0.982,1,GREEN,3,3
walking,walking,0.965,1,GREEN,3,3
walking,walking,0.919,1,GREEN,3,3
walking,walking,0.905,1,GREEN,3,3
walking,walking,0.836,1,GREEN,3,3
walking,walking,0.895,1,GREEN,3,3
walking,walking,0.881,1,GREEN,3,3
walking,walking,0.902,1,GREEN,3,3
walking,walking,0.91,1,GREEN,3,3
walking,walking,0.948,1,GREEN,3,3
walking,walking,0.877,1,GREEN,3,3
walking,walking,0.916,1,GREEN,3,3
walking,walking,0.934,1,GREEN,3,3
walking,walking,0.932,1,GREEN,3,3
walking,walking,0.964,1,GREEN,3,3
walking,walking,0.928,1,GREEN,3,3
walking,walking,0.942,1,GREEN,3,3
walking,walking,0.882,1,GREEN,3,3
walking,walking,0.882,1,GREEN,3,3
walking,walking,0.846,1,GREEN,3,3
walking,walking,0.941,1,GREEN,3,3
walking,walking,0.931,1,GREEN,3,3
walking,walking,0.955,1,GREEN,3,3
walking,walking,0.899,1,GREEN,3,3
walking,walking,0.879,1,GREEN,3,3
walking,walking,0.962,1,GREEN,3,3
walking,walking,0.933,1,GREEN,3,3
walking,walking,0.944,1,GREEN,3,3
walking,walking,0.906,1,GREEN,3,3
walking,walking,0.945,1,GREEN,3,3
walking,walking,0.923,1,GREEN,3,3
walking,walking,0.94,1,GREEN,3,3
walking,walking,0.905,1,GREEN,3,3
walking,walking,0.952,1,GREEN,3,3
walking,walking,0.935,1,GREEN,3,3
walking,walking,0.839,1,GREEN,3,3
walking,walking,0.914,1,GREEN,3,3
walking,walking,0.893,1,GREEN,3,3
walking,walking,0.939,1,GREEN,3,3
walking,walking,0.935,1,GREEN,3,3
walking,walking,0.953,1,GREEN,3,3
walking,walking,0.933,1,GREEN,3,3
walking,walking,0.96,1,GREEN,3,3
walking,walking,0.931,1,GREEN,3,3
walking,walking,0.95,1,GREEN,3,3
walking,walking,0.956,1,GREEN,3,3
walking,walking,0.905,1,GREEN,3,3
walking,walking,0.955,1,GREEN,3,3
walking,walking,0.943,1,GREEN,3,3
walking,walking,0.929,1,GREEN,3,3
walking,walking,0.731,1,YELLOW,3,3
walking,walking,0.596,1,YELLOW,3,3
walking,walking,0.714,1,YELLOW,3,3
walking,walking,0.728,1,YELLOW,3,3
walking,walking,0.78,1,GREEN,3,3
walking,walking,0.888,1,GREEN,3,3
walking,walking,0.856,1,GREEN,3,3
walking,walking,0.944,1,GREEN,3,3
walking,walking,0.904,1,GREEN,3,3
walking,walking,0.894,1,GREEN,3,3
walking,walking,0.786,1,GREEN,3,3
walking,walking,0.637,1,YELLOW,3,3
walking,walking,0.734,1,YELLOW,3,3
walking,walking,0.699,1,YELLOW,3,3
walking,walking,0.836,1,GREEN,3,3
walking,walking,0.796,1,GREEN,3,3
walking,walking,0.914,1,GREEN,3,3
walking,walking,0.834,1,GREEN,3,3
walking,walking,0.927,1,GREEN,3,3
walking,walking,0.902,1,GREEN,3,3
walking,walking,0.917,1,GREEN,3,3
walking,walking,0.927,1,GREEN,3,3
walking,walking,0.688,1,YELLOW,3,3
walking,walking,0.631,1,YELLOW,3,3
walking,walking,0.677,1,YELLOW,3,3
walking,walking,0.844,1,GREEN,3,3
walking,walking,0.848,1,GREEN,3,3
walking,walking,0.955,1,GREEN,3,3
walking,walking,0.901,1,GREEN,3,3
walking,walking,0.875,1,GREEN,3,3
walking,walking,0.933,1,GREEN,3,3
walking,walking,0.897,1,GREEN,3,3
walking,walking,0.892,1,GREEN,3,3
walking,walking,0.899,1,GREEN,3,3
walking,walking,0.959,1,GREEN,3,3
walking,walking,0.863,1,GREEN,3,3
walking,walking,0.925,1,GREEN,3,3
walking,walking,0.885,1,GREEN,3,3
walking,walking,0.86,1,GREEN,3,3
walking,walking,0.949,1,GREEN,3,3
walking,walking,0.508,1,YELLOW,3,3
walking,walking,0.252,1,RED,3,3
walking,walking,0.38,1,RED,3,3
walking,walking,0.35,1,RED,3,3
walking,walking,0.267,1,RED,3,3
walking,walking,0.257,1,RED,3,3
walking,walking,0.247,1,RED,3,3
nordic_walk,walking,0.36,0,RED,6,3
nordic_walk,nordic_walk,0.472,1,YELLOW,6,6
nordic_walk,nordic_walk,0.473,1,YELLOW,6,6
nordic_walk,nordic_walk,0.482,1,YELLOW,6,6
nordic_walk,nordic_walk,0.4,1,RED,6,6
nordic_walk,nordic_walk,0.264,1,RED,6,6
nordic_walk,nordic_walk,0.218,1,RED,6,6
nordic_walk,nordic_walk,0.141,1,RED,6,6
nordic_walk,nordic_walk,0.025,1,RED,6,6
nordic_walk,nordic_walk,0.035,1,RED,6,6
nordic_walk,nordic_walk,0.375,1,RED,6,6
nordic_walk,nordic_walk,0.795,1,GREEN,6,6
nordic_walk,nordic_walk,0.853,1,GREEN,6,6
nordic_walk,nordic_walk,0.926,1,GREEN,6,6
nordic_walk,nordic_walk,0.965,1,GREEN,6,6
nordic_walk,nordic_walk,0.978,1,GREEN,6,6
nordic_walk,nordic_walk,0.981,1,GREEN,6,6
nordic_walk,nordic_walk,0.97,1,GREEN,6,6
nordic_walk,nordic_walk,0.943,1,GREEN,6,6
nordic_walk,nordic_walk,0.96,1,GREEN,6,6
nordic_walk,nordic_walk,0.951,1,GREEN,6,6
nordic_walk,nordic_walk,0.929,1,GREEN,6,6
nordic_walk,nordic_walk,0.926,1,GREEN,6,6
nordic_walk,nordic_walk,0.921,1,GREEN,6,6
nordic_walk,nordic_walk,0.878,1,GREEN,6,6
nordic_walk,nordic_walk,0.928,1,GREEN,6,6
nordic_walk,nordic_walk,0.944,1,GREEN,6,6
nordic_walk,nordic_walk,0.889,1,GREEN,6,6
nordic_walk,nordic_walk,0.844,1,GREEN,6,6
nordic_walk,nordic_walk,0.94,1,GREEN,6,6
nordic_walk,nordic_walk,0.947,1,GREEN,6,6
nordic_walk,nordic_walk,0.912,1,GREEN,6,6
nordic_walk,nordic_walk,0.932,1,GREEN,6,6
nordic_walk,nordic_walk,0.922,1,GREEN,6,6
nordic_walk,nordic_walk,0.875,1,GREEN,6,6
nordic_walk,nordic_walk,0.9,1,GREEN,6,6
nordic_walk,nordic_walk,0.874,1,GREEN,6,6
nordic_walk,nordic_walk,0.874,1,GREEN,6,6
nordic_walk,nordic_walk,0.887,1,GREEN,6,6
nordic_walk,nordic_walk,0.872,1,GREEN,6,6
nordic_walk,nordic_walk,0.853,1,GREEN,6,6
nordic_walk,nordic_walk,0.903,1,GREEN,6,6
nordic_walk,nordic_walk,0.916,1,GREEN,6,6
nordic_walk,nordic_walk,0.897,1,GREEN,6,6
nordic_walk,nordic_walk,0.924,1,GREEN,6,6
nordic_walk,nordic_walk,0.925,1,GREEN,6,6
nordic_walk,nordic_walk,0.943,1,GREEN,6,6
nordic_walk,nordic_walk,0.959,1,GREEN,6,6
nordic_walk,nordic_walk,0.941,1,GREEN,6,6
nordic_walk,nordic_walk,0.944,1,GREEN,6,6
nordic_walk,nordic_walk,0.956,1,GREEN,6,6
nordic_walk,nordic_walk,0.937,1,GREEN,6,6
nordic_walk,nordic_walk,0.895,1,GREEN,6,6
nordic_walk,nordic_walk,0.934,1,GREEN,6,6
nordic_walk,nordic_walk,0.953,1,GREEN,6,6
nordic_walk,nordic_walk,0.932,1,GREEN,6,6
nordic_walk,nordic_walk,0.951,1,GREEN,6,6
nordic_walk,nordic_walk,0.948,1,GREEN,6,6
nordic_walk,nordic_walk,0.944,1,GREEN,6,6
nordic_walk,nordic_walk,0.913,1,GREEN,6,6
nordic_walk,nordic_walk,0.936,1,GREEN,6,6
nordic_walk,nordic_walk,0.941,1,GREEN,6,6
nordic_walk,nordic_walk,0.93,1,GREEN,6,6
nordic_walk,nordic_walk,0.932,1,GREEN,6,6
nordic_walk,nordic_walk,0.93,1,GREEN,6,6
nordic_walk,nordic_walk,0.909,1,GREEN,6,6
nordic_walk,nordic_walk,0.9,1,GREEN,6,6
nordic_walk,nordic_walk,0.887,1,GREEN,6,6
nordic_walk,nordic_walk,0.907,1,GREEN,6,6
nordic_walk,nordic_walk,0.931,1,GREEN,6,6
nordic_walk,nordic_walk,0.901,1,GREEN,6,6
nordic_walk,nordic_walk,0.904,1,GREEN,6,6
nordic_walk,nordic_walk,0.927,1,GREEN,6,6
nordic_walk,nordic_walk,0.93,1,GREEN,6,6
nordic_walk,nordic_walk,0.951,1,GREEN,6,6
nordic_walk,nordic_walk,0.952,1,GREEN,6,6
nordic_walk,nordic_walk,0.904,1,GREEN,6,6
nordic_walk,nordic_walk,0.908,1,GREEN,6,6
nordic_walk,nordic_walk,0.926,1,GREEN,6,6
nordic_walk,nordic_walk,0.921,1,GREEN,6,6
nordic_walk,nordic_walk,0.939,1,GREEN,6,6
nordic_walk,nordic_walk,0.926,1,GREEN,6,6
nordic_walk,nordic_walk,0.93,1,GREEN,6,6
nordic_walk,nordic_walk,0.943,1,GREEN,6,6
nordic_walk,nordic_walk,0.949,1,GREEN,6,6
nordic_walk,nordic_walk,0.951,1,GREEN,6,6
nordic_walk,nordic_walk,0.926,1,GREEN,6,6
nordic_walk,nordic_walk,0.932,1,GREEN,6,6
nordic_walk,nordic_walk,0.931,1,GREEN,6,6
nordic_walk,nordic_walk,0.782,1,GREEN,6,6
nordic_walk,nordic_walk,0.894,1,GREEN,6,6
nordic_walk,nordic_walk,0.892,1,GREEN,6,6
nordic_walk,nordic_walk,0.94,1,GREEN,6,6
nordic_walk,nordic_walk,0.946,1,GREEN,6,6
nordic_walk,nordic_walk,0.936,1,GREEN,6,6
nordic_walk,nordic_walk,0.937,1,GREEN,6,6
nordic_walk,nordic_walk,0.931,1,GREEN,6,6
nordic_walk,nordic_walk,0.927,1,GREEN,6,6
nordic_walk,nordic_walk,0.946,1,GREEN,6,6
nordic_walk,nordic_walk,0.945,1,GREEN,6,6
nordic_walk,nordic_walk,0.937,1,GREEN,6,6
nordic_walk,nordic_walk,0.929,1,GREEN,6,6
nordic_walk,nordic_walk,0.957,1,GREEN,6,6
nordic_walk,nordic_walk,0.964,1,GREEN,6,6
nordic_walk,nordic_walk,0.974,1,GREEN,6,6
nordic_walk,nordic_walk,0.968,1,GREEN,6,6
nordic_walk,nordic_walk,0.968,1,GREEN,6,6
nordic_walk,nordic_walk,0.972,1,GREEN,6,6
nordic_walk,nordic_walk,0.95,1,GREEN,6,6
nordic_walk,nordic_walk,0.94,1,GREEN,6,6
nordic_walk,nordic_walk,0.965,1,GREEN,6,6
nordic_walk,nordic_walk,0.958,1,GREEN,6,6
nordic_walk,nordic_walk,0.957,1,GREEN,6,6
nordic_walk,nordic_walk,0.974,1,GREEN,6,6
nordic_walk,nordic_walk,0.976,1,GREEN,6,6
nordic_walk,nordic_walk,0.971,1,GREEN,6,6
nordic_walk,nordic_walk,0.971,1,GREEN,6,6
nordic_walk,nordic_walk,0.985,1,GREEN,6,6
nordic_walk,nordic_walk,0.958,1,GREEN,6,6
nordic_walk,nordic_walk,0.957,1,GREEN,6,6
nordic_walk,nordic_walk,0.962,1,GREEN,6,6
nordic_walk,nordic_walk,0.965,1,GREEN,6,6
nordic_walk,nordic_walk,0.944,1,GREEN,6,6
nordic_walk,nordic_walk,0.935,1,GREEN,6,6
nordic_walk,nordic_walk,0.974,1,GREEN,6,6
nordic_walk,nordic_walk,0.96,1,GREEN,6,6
nordic_walk,nordic_walk,0.963,1,GREEN,6,6
nordic_walk,nordic_walk,0.942,1,GREEN,6,6
nordic_walk,nordic_walk,0.935,1,GREEN,6,6
nordic_walk,nordic_walk,0.976,1,GREEN,6,6
nordic_walk,nordic_walk,0.977,1,GREEN,6,6
nordic_walk,nordic_walk,0.974,1,GREEN,6,6
nordic_walk,nordic_walk,0.96,1,GREEN,6,6
nordic_walk,nordic_walk,0.962,1,GREEN,6,6
nordic_walk,nordic_walk,0.941,1,GREEN,6,6
nordic_walk,nordic_walk,0.937,1,GREEN,6,6
nordic_walk,nordic_walk,0.923,1,GREEN,6,6
nordic_walk,nordic_walk,0.863,1,GREEN,6,6
nordic_walk,nordic_walk,0.917,1,GREEN,6,6
nordic_walk,nordic_walk,0.944,1,GREEN,6,6
nordic_walk,nordic_walk,0.944,1,GREEN,6,6
nordic_walk,nordic_walk,0.903,1,GREEN,6,6
nordic_walk,nordic_walk,0.938,1,GREEN,6,6
nordic_walk,nordic_walk,0.933,1,GREEN,6,6
nordic_walk,nordic_walk,0.952,1,GREEN,6,6
nordic_walk,nordic_walk,0.947,1,GREEN,6,6
nordic_walk,nordic_walk,0.954,1,GREEN,6,6
nordic_walk,nordic_walk,0.923,1,GREEN,6,6
nordic_walk,nordic_walk,0.868,1,GREEN,6,6
nordic_walk,nordic_walk,0.946,1,GREEN,6,6
nordic_walk,nordic_walk,0.946,1,GREEN,6,6
nordic_walk,nordic_walk,0.938,1,GREEN,6,6
nordic_walk,nordic_walk,0.97,1,GREEN,6,6
nordic_walk,nordic_walk,0.98,1,GREEN,6,6
nordic_walk,nordic_walk,0.929,1,GREEN,6,6
nordic_walk,nordic_walk,0.895,1,GREEN,6,6
nordic_walk,nordic_walk,0.907,1,GREEN,6,6
nordic_walk,nordic_walk,0.895,1,GREEN,6,6
nordic_walk,nordic_walk,0.946,1,GREEN,6,6
nordic_walk,nordic_walk,0.964,1,GREEN,6,6
nordic_walk,nordic_walk,0.967,1,GREEN,6,6
nordic_walk,nordic_walk,0.971,1,GREEN,6,6
nordic_walk,nordic_walk,0.976,1,GREEN,6,6
nordic_walk,nordic_walk,0.975,1,GREEN,6,6
nordic_walk,nordic_walk,0.97,1,GREEN,6,6
nordic_walk,nordic_walk,0.977,1,GREEN,6,6
nordic_walk,nordic_walk,0.982,1,GREEN,6,6
nordic_walk,nordic_walk,0.959,1,GREEN,6,6
nordic_walk,nordic_walk,0.964,1,GREEN,6,6
nordic_walk,nordic_walk,0.961,1,GREEN,6,6
nordic_walk,nordic_walk,0.94,1,GREEN,6,6
nordic_walk,nordic_walk,0.961,1,GREEN,6,6
nordic_walk,nordic_walk,0.943,1,GREEN,6,6
nordic_walk,nordic_walk,0.936,1,GREEN,6,6
nordic_walk,nordic_walk,0.92,1,GREEN,6,6
nordic_walk,nordic_walk,0.944,1,GREEN,6,6
nordic_walk,nordic_walk,0.856,1,GREEN,6,6
nordic_walk,nordic_walk,0.872,1,GREEN,6,6
nordic_walk,nordic_walk,0.852,1,GREEN,6,6
nordic_walk,nordic_walk,0.918,1,GREEN,6,6
nordic_walk,nordic_walk,0.95,1,GREEN,6,6
nordic_walk,nordic_walk,0.952,1,GREEN,6,6
nordic_walk,nordic_walk,0.972,1,GREEN,6,6
nordic_walk,nordic_walk,0.974,1,GREEN,6,6
nordic_walk,nordic_walk,0.967,1,GREEN,6,6
nordic_walk,nordic_walk,0.971,1,GREEN,6,6
nordic_walk,nordic_walk,0.958,1,GREEN,6,6
nordic_walk,nordic_walk,0.963,1,GREEN,6,6
nordic_walk,nordic_walk,0.967,1,GREEN,6,6
nordic_walk,nordic_walk,0.953,1,GREEN,6,6
nordic_walk,nordic_walk,0.932,1,GREEN,6,6
nordic_walk,nordic_walk,0.915,1,GREEN,6,6
nordic_walk,nordic_walk,0.852,1,GREEN,6,6
nordic_walk,nordic_walk,0.932,1,GREEN,6,6
nordic_walk,nordic_walk,0.922,1,GREEN,6,6
nordic_walk,nordic_walk,0.922,1,GREEN,6,6
nordic_walk,nordic_walk,0.921,1,GREEN,6,6
nordic_walk,nordic_walk,0.978,1,GREEN,6,6
nordic_walk,nordic_walk,0.968,1,GREEN,6,6
nordic_walk,nordic_walk,0.974,1,GREEN,6,6
nordic_walk,nordic_walk,0.986,1,GREEN,6,6
nordic_walk,nordic_walk,0.971,1,GREEN,6,6
nordic_walk,nordic_walk,0.959,1,GREEN,6,6
nordic_walk,nordic_walk,0.95,1,GREEN,6,6
nordic_walk,nordic_walk,0.932,1,GREEN,6,6
nordic_walk,nordic_walk,0.939,1,GREEN,6,6
nordic_walk,nordic_walk,0.962,1,GREEN,6,6
nordic_walk,nordic_walk,0.974,1,GREEN,6,6
nordic_walk,nordic_walk,0.964,1,GREEN,6,6
nordic_walk,nordic_walk,0.978,1,GREEN,6,6
nordic_walk,nordic_walk,0.976,1,GREEN,6,6
nordic_walk,nordic_walk,0.971,1,GREEN,6,6
nordic_walk,nordic_walk,0.961,1,GREEN,6,6
nordic_walk,nordic_walk,0.948,1,GREEN,6,6
nordic_walk,nordic_walk,0.931,1,GREEN,6,6
nordic_walk,nordic_walk,0.909,1,GREEN,6,6
nordic_walk,nordic_walk,0.918,1,GREEN,6,6
nordic_walk,nordic_walk,0.976,1,GREEN,6,6
nordic_walk,nordic_walk,0.965,1,GREEN,6,6
nordic_walk,nordic_walk,0.961,1,GREEN,6,6
nordic_walk,nordic_walk,0.956,1,GREEN,6,6
nordic_walk,nordic_walk,0.972,1,GREEN,6,6
nordic_walk,nordic_walk,0.979,1,GREEN,6,6
nordic_walk,nordic_walk,0.966,1,GREEN,6,6
nordic_walk,nordic_walk,0.94,1,GREEN,6,6
nordic_walk,nordic_walk,0.937,1,GREEN,6,6
nordic_walk,nordic_walk,0.961,1,GREEN,6,6
nordic_walk,nordic_walk,0.969,1,GREEN,6,6
nordic_walk,nordic_walk,0.974,1,GREEN,6,6
nordic_walk,nordic_walk,0.958,1,GREEN,6,6
nordic_walk,nordic_walk,0.964,1,GREEN,6,6
nordic_walk,nordic_walk,0.97,1,GREEN,6,6
nordic_walk,nordic_walk,0.954,1,GREEN,6,6
nordic_walk,nordic_walk,0.955,1,GREEN,6,6
nordic_walk,nordic_walk,0.972,1,GREEN,6,6
nordic_walk,nordic_walk,0.964,1,GREEN,6,6
nordic_walk,nordic_walk,0.971,1,GREEN,6,6
nordic_walk,nordic_walk,0.961,1,GREEN,6,6
nordic_walk,nordic_walk,0.962,1,GREEN,6,6
nordic_walk,nordic_walk,0.932,1,GREEN,6,6
nordic_walk,nordic_walk,0.96,1,GREEN,6,6
nordic_walk,nordic_walk,0.964,1,GREEN,6,6
nordic_walk,nordic_walk,0.957,1,GREEN,6,6
nordic_walk,nordic_walk,0.969,1,GREEN,6,6
nordic_walk,nordic_walk,0.96,1,GREEN,6,6
nordic_walk,nordic_walk,0.948,1,GREEN,6,6
nordic_walk,nordic_walk,0.959,1,GREEN,6,6
nordic_walk,nordic_walk,0.919,1,GREEN,6,6
nordic_walk,nordic_walk,0.886,1,GREEN,6,6
nordic_walk,nordic_walk,0.879,1,GREEN,6,6
nordic_walk,nordic_walk,0.942,1,GREEN,6,6
nordic_walk,nordic_walk,0.965,1,GREEN,6,6
nordic_walk,nordic_walk,0.963,1,GREEN,6,6
nordic_walk,nordic_walk,0.963,1,GREEN,6,6
nordic_walk,nordic_walk,0.955,1,GREEN,6,6
nordic_walk,nordic_walk,0.962,1,GREEN,6,6
nordic_walk,nordic_walk,0.966,1,GREEN,6,6
nordic_walk,nordic_walk,0.971,1,GREEN,6,6
nordic_walk,nordic_walk,0.978,1,GREEN,6,6
nordic_walk,nordic_walk,0.975,1,GREEN,6,6
nordic_walk,nordic_walk,0.975,1,GREEN,6,6
nordic_walk,nordic_walk,0.974,1,GREEN,6,6
nordic_walk,nordic_walk,0.978,1,GREEN,6,6
nordic_walk,nordic_walk,0.976,1,GREEN,6,6
nordic_walk,nordic_walk,0.962,1,GREEN,6,6
nordic_walk,nordic_walk,0.944,1,GREEN,6,6
nordic_walk,nordic_walk,0.948,1,GREEN,6,6
nordic_walk,nordic_walk,0.913,1,GREEN,6,6
nordic_walk,nordic_walk,0.862,1,GREEN,6,6
nordic_walk,nordic_walk,0.849,1,GREEN,6,6
nordic_walk,nordic_walk,0.836,1,GREEN,6,6
nordic_walk,nordic_walk,0.875,1,GREEN,6,6
nordic_walk,nordic_walk,0.925,1,GREEN,6,6
nordic_walk,nordic_walk,0.95,1,GREEN,6,6
nordic_walk,nordic_walk,0.938,1,GREEN,6,6
nordic_walk,nordic_walk,0.952,1,GREEN,6,6
nordic_walk,nordic_walk,0.96,1,GREEN,6,6
nordic_walk,nordic_walk,0.949,1,GREEN,6,6
nordic_walk,nordic_walk,0.962,1,GREEN,6,6
nordic_walk,nordic_walk,0.777,1,GREEN,6,6
nordic_walk,nordic_walk,0.592,1,YELLOW,6,6
nordic_walk,nordic_walk,0.58,1,YELLOW,6,6
nordic_walk,nordic_walk,0.688,1,YELLOW,6,6
nordic_walk,nordic_walk,0.776,1,GREEN,6,6
nordic_walk,nordic_walk,0.936,1,GREEN,6,6
nordic_walk,nordic_walk,0.95,1,GREEN,6,6
nordic_walk,nordic_walk,0.941,1,GREEN,6,6
nordic_walk,nordic_walk,0.94,1,GREEN,6,6
nordic_walk,nordic_walk,0.947,1,GREEN,6,6
nordic_walk,nordic_walk,0.95,1,GREEN,6,6
nordic_walk,nordic_walk,0.954,1,GREEN,6,6
nordic_walk,nordic_walk,0.936,1,GREEN,6,6
nordic_walk,nordic_walk,0.909,1,GREEN,6,6
nordic_walk,nordic_walk,0.917,1,GREEN,6,6
nordic_walk,nordic_walk,0.948,1,GREEN,6,6
nordic_walk,nordic_walk,0.937,1,GREEN,6,6
nordic_walk,nordic_walk,0.931,1,GREEN,6,6
nordic_walk,nordic_walk,0.91,1,GREEN,6,6
nordic_walk,nordic_walk,0.913,1,GREEN,6,6
nordic_walk,nordic_walk,0.932,1,GREEN,6,6
nordic_walk,nordic_walk,0.926,1,GREEN,6,6
nordic_walk,nordic_walk,0.949,1,GREEN,6,6
nordic_walk,nordic_walk,0.942,1,GREEN,6,6
nordic_walk,nordic_walk,0.941,1,GREEN,6,6
nordic_walk,nordic_walk,0.927,1,GREEN,6,6
nordic_walk,nordic_walk,0.904,1,GREEN,6,6
nordic_walk,nordic_walk,0.94,1,GREEN,6,6
nordic_walk,nordic_walk,0.933,1,GREEN,6,6
nordic_walk,nordic_walk,0.927,1,GREEN,6,6
nordic_walk,nordic_walk,0.936,1,GREEN,6,6
nordic_walk,nordic_walk,0.939,1,GREEN,6,6
nordic_walk,nordic_walk,0.948,1,GREEN,6,6
nordic_walk,nordic_walk,0.923,1,GREEN,6,6
nordic_walk,nordic_walk,0.934,1,GREEN,6,6
nordic_walk,nordic_walk,0.915,1,GREEN,6,6
nordic_walk,nordic_walk,0.916,1,GREEN,6,6
nordic_walk,nordic_walk,0.926,1,GREEN,6,6
nordic_walk,nordic_walk,0.957,1,GREEN,6,6
nordic_walk,nordic_walk,0.953,1,GREEN,6,6
nordic_walk,nordic_walk,0.915,1,GREEN,6,6
nordic_walk,nordic_walk,0.888,1,GREEN,6,6
nordic_walk,nordic_walk,0.902,1,GREEN,6,6
nordic_walk,nordic_walk,0.916,1,GREEN,6,6
nordic_walk,nordic_walk,0.953,1,GREEN,6,6
nordic_walk,nordic_walk,0.959,1,GREEN,6,6
nordic_walk,nordic_walk,0.926,1,GREEN,6,6
nordic_walk,nordic_walk,0.921,1,GREEN,6,6
nordic_walk,nordic_walk,0.94,1,GREEN,6,6
nordic_walk,nordic_walk,0.943,1,GREEN,6,6
nordic_walk,nordic_walk,0.952,1,GREEN,6,6
nordic_walk,nordic_walk,0.935,1,GREEN,6,6
nordic_walk,nordic_walk,0.925,1,GREEN,6,6
nordic_walk,nordic_walk,0.889,1,GREEN,6,6
nordic_walk,nordic_walk,0.884,1,GREEN,6,6
nordic_walk,nordic_walk,0.914,1,GREEN,6,6
nordic_walk,nordic_walk,0.879,1,GREEN,6,6
nordic_walk,nordic_walk,0.832,1,GREEN,6,6
nordic_walk,nordic_walk,0.888,1,GREEN,6,6
nordic_walk,nordic_walk,0.874,1,GREEN,6,6
nordic_walk,nordic_walk,0.89,1,GREEN,6,6
nordic_walk,nordic_walk,0.92,1,GREEN,6,6
nordic_walk,nordic_walk,0.941,1,GREEN,6,6
nordic_walk,nordic_walk,0.937,1,GREEN,6,6
nordic_walk,nordic_walk,0.952,1,GREEN,6,6
nordic_walk,nordic_walk,0.924,1,GREEN,6,6
nordic_walk,nordic_walk,0.881,1,GREEN,6,6
nordic_walk,nordic_walk,0.885,1,GREEN,6,6
nordic_walk,nordic_walk,0.922,1,GREEN,6,6
nordic_walk,nordic_walk,0.888,1,GREEN,6,6
nordic_walk,nordic_walk,0.901,1,GREEN,6,6
nordic_walk,nordic_walk,0.941,1,GREEN,6,6
nordic_walk,nordic_walk,0.95,1,GREEN,6,6
nordic_walk,nordic_walk,0.967,1,GREEN,6,6
nordic_walk,nordic_walk,0.964,1,GREEN,6,6
nordic_walk,nordic_walk,0.934,1,GREEN,6,6
nordic_walk,nordic_walk,0.884,1,GREEN,6,6
nordic_walk,nordic_walk,0.874,1,GREEN,6,6
nordic_walk,nordic_walk,0.908,1,GREEN,6,6
nordic_walk,nordic_walk,0.962,1,GREEN,6,6
nordic_walk,nordic_walk,0.965,1,GREEN,6,6
nordic_walk,nordic_walk,0.962,1,GREEN,6,6
nordic_walk,nordic_walk,0.957,1,GREEN,6,6
nordic_walk,nordic_walk,0.962,1,GREEN,6,6
nordic_walk,nordic_walk,0.951,1,GREEN,6,6
nordic_walk,nordic_walk,0.955,1,GREEN,6,6
nordic_walk,nordic_walk,0.958,1,GREEN,6,6
nordic_walk,nordic_walk,0.966,1,GREEN,6,6
nordic_walk,nordic_walk,0.952,1,GREEN,6,6
nordic_walk,nordic_walk,0.942,1,GREEN,6,6
nordic_walk,nordic_walk,0.933,1,GREEN,6,6
nordic_walk,nordic_walk,0.938,1,GREEN,6,6
nordic_walk,nordic_walk,0.911,1,GREEN,6,6
nordic_walk,nordic_walk,0.937,1,GREEN,6,6
nordic_walk,nordic_walk,0.975,1,GREEN,6,6
nordic_walk,nordic_walk,0.957,1,GREEN,6,6
nordic_walk,nordic_walk,0.958,1,GREEN,6,6
nordic_walk,nordic_walk,0.959,1,GREEN,6,6
nordic_walk,nordic_walk,0.944,1,GREEN,6,6
nordic_walk,nordic_walk,0.938,1,GREEN,6,6
nordic_walk,nordic_walk,0.934,1,GREEN,6,6
nordic_walk,nordic_walk,0.936,1,GREEN,6,6
nordic_walk,nordic_walk,0.948,1,GREEN,6,6
nordic_walk,nordic_walk,0.947,1,GREEN,6,6
nordic_walk,nordic_walk,0.938,1,GREEN,6,6
nordic_walk,nordic_walk,0.944,1,GREEN,6,6
nordic_walk,nordic_walk,0.899,1,GREEN,6,6
nordic_walk,nordic_walk,0.873,1,GREEN,6,6
nordic_walk,nordic_walk,0.882,1,GREEN,6,6
nordic_walk,nordic_walk,0.904,1,GREEN,6,6
nordic_walk,nordic_walk,0.823,1,GREEN,6,6
nordic_walk,nordic_walk,0.873,1,GREEN,6,6
nordic_walk,nordic_walk,0.91,1,GREEN,6,6
nordic_walk,nordic_walk,0.885,1,GREEN,6,6
nordic_walk,nordic_walk,0.916,1,GREEN,6,6
nordic_walk,nordic_walk,0.932,1,GREEN,6,6
nordic_walk,nordic_walk,0.884,1,GREEN,6,6
nordic_walk,nordic_walk,0.926,1,GREEN,6,6
nordic_walk,nordic_walk,0.917,1,GREEN,6,6
nordic_walk,nordic_walk,0.922,1,GREEN,6,6
nordic_walk,nordic_walk,0.832,1,GREEN,6,6
nordic_walk,nordic_walk,0.759,1,GREEN,6,6
nordic_walk,nordic_walk,0.826,1,GREEN,6,6
nordic_walk,nordic_walk,0.915,1,GREEN,6,6
nordic_walk,nordic_walk,0.818,1,GREEN,6,6
nordic_walk,nordic_walk,0.946,1,GREEN,6,6
nordic_walk,nordic_walk,0.981,1,GREEN,6,6
nordic_walk,nordic_walk,0.926,1,GREEN,6,6
nordic_walk,nordic_walk,0.577,1,YELLOW,6,6
nordic_walk,nordic_walk,0.814,1,GREEN,6,6
nordic_walk,nordic_walk,0.86,1,GREEN,6,6
nordic_walk,nordic_walk,0.905,1,GREEN,6,6
nordic_walk,nordic_walk,0.926,1,GREEN,6,6
nordic_walk,nordic_walk,0.916,1,GREEN,6,6
nordic_walk,nordic_walk,0.919,1,GREEN,6,6
nordic_walk,nordic_walk,0.92,1,GREEN,6,6
nordic_walk,nordic_walk,0.931,1,GREEN,6,6
nordic_walk,nordic_walk,0.927,1,GREEN,6,6
nordic_walk,nordic_walk,0.931,1,GREEN,6,6
nordic_walk,nordic_walk,0.928,1,GREEN,6,6
nordic_walk,nordic_walk,0.921,1,GREEN,6,6
nordic_walk,nordic_walk,0.911,1,GREEN,6,6
nordic_walk,nordic_walk,0.87,1,GREEN,6,6
nordic_walk,nordic_walk,0.818,1,GREEN,6,6
nordic_walk,nordic_walk,0.758,1,GREEN,6,6
nordic_walk,nordic_walk,0.935,1,GREEN,6,6
nordic_walk,nordic_walk,0.953,1,GREEN,6,6
nordic_walk,nordic_walk,0.908,1,GREEN,6,6
nordic_walk,nordic_walk,0.865,1,GREEN,6,6
nordic_walk,nordic_walk,0.895,1,GREEN,6,6
nordic_walk,nordic_walk,0.708,1,YELLOW,6,6
nordic_walk,nordic_walk,0.787,1,GREEN,6,6
nordic_walk,nordic_walk,0.57,1,YELLOW,6,6
nordic_walk,nordic_walk,0.783,1,GREEN,6,6
nordic_walk,nordic_walk,0.628,1,YELLOW,6,6
nordic_walk,nordic_walk,0.872,1,GREEN,6,6
nordic_walk,nordic_walk,0.931,1,GREEN,6,6
nordic_walk,nordic_walk,0.902,1,GREEN,6,6
nordic_walk,nordic_walk,0.943,1,GREEN,6,6
nordic_walk,nordic_walk,0.928,1,GREEN,6,6
nordic_walk,nordic_walk,0.672,1,YELLOW,6,6
nordic_walk,nordic_walk,0.754,1,GREEN,6,6
nordic_walk,nordic_walk,0.785,1,GREEN,6,6
nordic_walk,nordic_walk,0.875,1,GREEN,6,6
nordic_walk,nordic_walk,0.855,1,GREEN,6,6
nordic_walk,nordic_walk,0.875,1,GREEN,6,6
nordic_walk,nordic_walk,0.779,1,GREEN,6,6
nordic_walk,nordic_walk,0.86,1,GREEN,6,6
nordic_walk,nordic_walk,0.913,1,GREEN,6,6
nordic_walk,nordic_walk,0.9,1,GREEN,6,6
nordic_walk,nordic_walk,0.895,1,GREEN,6,6
nordic_walk,nordic_walk,0.934,1,GREEN,6,6
nordic_walk,nordic_walk,0.933,1,GREEN,6,6
nordic_walk,nordic_walk,0.914,1,GREEN,6,6
nordic_walk,nordic_walk,0.928,1,GREEN,6,6
nordic_walk,nordic_walk,0.951,1,GREEN,6,6
nordic_walk,nordic_walk,0.946,1,GREEN,6,6
nordic_walk,nordic_walk,0.895,1,GREEN,6,6
nordic_walk,nordic_walk,0.807,1,GREEN,6,6
nordic_walk,nordic_walk,0.802,1,GREEN,6,6
nordic_walk,nordic_walk,0.856,1,GREEN,6,6
nordic_walk,nordic_walk,0.794,1,GREEN,6,6
nordic_walk,nordic_walk,0.85,1,GREEN,6,6
nordic_walk,nordic_walk,0.914,1,GREEN,6,6
nordic_walk,nordic_walk,0.936,1,GREEN,6,6
nordic_walk,nordic_walk,0.915,1,GREEN,6,6
nordic_walk,nordic_walk,0.924,1,GREEN,6,6
nordic_walk,nordic_walk,0.898,1,GREEN,6,6
nordic_walk,nordic_walk,0.522,1,YELLOW,6,6
nordic_walk,nordic_walk,0.193,1,RED,6,6
nordic_walk,nordic_walk,0.581,1,YELLOW,6,6
nordic_walk,nordic_walk,0.845,1,GREEN,6,6
nordic_walk,nordic_walk,0.916,1,GREEN,6,6
nordic_walk,nordic_walk,0.937,1,GREEN,6,6
nordic_walk,nordic_walk,0.909,1,GREEN,6,6
nordic_walk,nordic_walk,0.847,1,GREEN,6,6
nordic_walk,nordic_walk,0.881,1,GREEN,6,6
nordic_walk,nordic_walk,0.948,1,GREEN,6,6
nordic_walk,nordic_walk,0.943,1,GREEN,6,6
nordic_walk,nordic_walk,0.901,1,GREEN,6,6
nordic_walk,nordic_walk,0.896,1,GREEN,6,6
nordic_walk,nordic_walk,0.928,1,GREEN,6,6
nordic_walk,nordic_walk,0.891,1,GREEN,6,6
nordic_walk,nordic_walk,0.789,1,GREEN,6,6
nordic_walk,nordic_walk,0.695,1,YELLOW,6,6
nordic_walk,nordic_walk,0.672,1,YELLOW,6,6
nordic_walk,nordic_walk,0.708,1,YELLOW,6,6
nordic_walk,nordic_walk,0.794,1,GREEN,6,6
nordic_walk,nordic_walk,0.878,1,GREEN,6,6
nordic_walk,nordic_walk,0.877,1,GREEN,6,6
nordic_walk,nordic_walk,0.918,1,GREEN,6,6
nordic_walk,nordic_walk,0.916,1,GREEN,6,6
nordic_walk,nordic_walk,0.911,1,GREEN,6,6
nordic_walk,nordic_walk,0.928,1,GREEN,6,6
nordic_walk,nordic_walk,0.947,1,GREEN,6,6
nordic_walk,nordic_walk,0.937,1,GREEN,6,6
nordic_walk,nordic_walk,0.945,1,GREEN,6,6
nordic_walk,nordic_walk,0.91,1,GREEN,6,6
nordic_walk,nordic_walk,0.853,1,GREEN,6,6
nordic_walk,nordic_walk,0.919,1,GREEN,6,6
nordic_walk,nordic_walk,0.939,1,GREEN,6,6
nordic_walk,nordic_walk,0.908,1,GREEN,6,6
nordic_walk,nordic_walk,0.909,1,GREEN,6,6
nordic_walk,nordic_walk,0.892,1,GREEN,6,6
nordic_walk,nordic_walk,0.909,1,GREEN,6,6
nordic_walk,nordic_walk,0.935,1,GREEN,6,6
nordic_walk,nordic_walk,0.919,1,GREEN,6,6
nordic_walk,nordic_walk,0.884,1,GREEN,6,6
nordic_walk,nordic_walk,0.813,1,GREEN,6,6
nordic_walk,nordic_walk,0.805,1,GREEN,6,6
nordic_walk,nordic_walk,0.871,1,GREEN,6,6
nordic_walk,nordic_walk,0.888,1,GREEN,6,6
nordic_walk,nordic_walk,0.812,1,GREEN,6,6
nordic_walk,nordic_walk,0.893,1,GREEN,6,6
nordic_walk,nordic_walk,0.919,1,GREEN,6,6
nordic_walk,nordic_walk,0.956,1,GREEN,6,6
nordic_walk,nordic_walk,0.889,1,GREEN,6,6
nordic_walk,nordic_walk,0.403,1,RED,6,6
nordic_walk,nordic_walk,0.561,1,YELLOW,6,6
nordic_walk,nordic_walk,0.539,1,YELLOW,6,6
nordic_walk,nordic_walk,0.219,1,RED,6,6
nordic_walk,nordic_walk,0.51,1,YELLOW,6,6
nordic_walk,nordic_walk,0.732,1,YELLOW,6,6
nordic_walk,nordic_walk,0.641,1,YELLOW,6,6
nordic_walk,nordic_walk,0.701,1,YELLOW,6,6
nordic_walk,nordic_walk,0.733,1,YELLOW,6,6
nordic_walk,nordic_walk,0.699,1,YELLOW,6,6
nordic_walk,cycling,0.695,0,YELLOW,6,5
nordic_walk,cycling,0.723,0,YELLOW,6,5
nordic_walk,cycling,0.714,0,YELLOW,6,5
cycling,cycling,0.956,1,GREEN,5,5
cycling,cycling,0.958,1,GREEN,5,5
cycling,cycling,0.956,1,GREEN,5,5
cycling,cycling,0.956,1,GREEN,5,5
cycling,cycling,0.956,1,GREEN,5,5
cycling,cycling,0.955,1,GREEN,5,5
cycling,cycling,0.954,1,GREEN,5,5
cycling,cycling,0.954,1,GREEN,5,5
cycling,cycling,0.956,1,GREEN,5,5
cycling,cycling,0.945,1,GREEN,5,5
cycling,cycling,0.711,1,YELLOW,5,5
cycling,cycling,0.467,1,YELLOW,5,5
cycling,cycling,0.594,1,YELLOW,5,5
cycling,cycling,0.833,1,GREEN,5,5
cycling,cycling,0.912,1,GREEN,5,5
cycling,cycling,0.918,1,GREEN,5,5
cycling,cycling,0.957,1,GREEN,5,5
cycling,cycling,0.961,1,GREEN,5,5
cycling,cycling,0.919,1,GREEN,5,5
cycling,cycling,0.948,1,GREEN,5,5
cycling,cycling,0.973,1,GREEN,5,5
cycling,cycling,0.977,1,GREEN,5,5
cycling,cycling,0.979,1,GREEN,5,5
cycling,cycling,0.973,1,GREEN,5,5
cycling,cycling,0.959,1,GREEN,5,5
cycling,cycling,0.947,1,GREEN,5,5
cycling,cycling,0.95,1,GREEN,5,5
cycling,cycling,0.947,1,GREEN,5,5
cycling,cycling,0.941,1,GREEN,5,5
cycling,cycling,0.956,1,GREEN,5,5
cycling,cycling,0.933,1,GREEN,5,5
cycling,cycling,0.929,1,GREEN,5,5
cycling,cycling,0.951,1,GREEN,5,5
cycling,cycling,0.959,1,GREEN,5,5
cycling,cycling,0.952,1,GREEN,5,5
cycling,cycling,0.935,1,GREEN,5,5
cycling,cycling,0.951,1,GREEN,5,5
cycling,cycling,0.964,1,GREEN,5,5
cycling,cycling,0.938,1,GREEN,5,5
cycling,cycling,0.923,1,GREEN,5,5
cycling,cycling,0.935,1,GREEN,5,5
cycling,cycling,0.931,1,GREEN,5,5
cycling,cycling,0.936,1,GREEN,5,5
cycling,cycling,0.957,1,GREEN,5,5
cycling,cycling,0.962,1,GREEN,5,5
cycling,cycling,0.957,1,GREEN,5,5
cycling,cycling,0.945,1,GREEN,5,5
cycling,cycling,0.939,1,GREEN,5,5
cycling,cycling,0.925,1,GREEN,5,5
cycling,cycling,0.945,1,GREEN,5,5
cycling,cycling,0.961,1,GREEN,5,5
cycling,cycling,0.939,1,GREEN,5,5
cycling,cycling,0.93,1,GREEN,5,5
cycling,cycling,0.931,1,GREEN,5,5
cycling,cycling,0.874,1,GREEN,5,5
cycling,cycling,0.805,1,GREEN,5,5
cycling,cycling,0.829,1,GREEN,5,5
cycling,cycling,0.806,1,GREEN,5,5
cycling,cycling,0.888,1,GREEN,5,5
cycling,cycling,0.956,1,GREEN,5,5
cycling,cycling,0.964,1,GREEN,5,5
cycling,cycling,0.929,1,GREEN,5,5
cycling,cycling,0.829,1,GREEN,5,5
cycling,cycling,0.824,1,GREEN,5,5
cycling,cycling,0.796,1,GREEN,5,5
cycling,cycling,0.837,1,GREEN,5,5
cycling,cycling,0.852,1,GREEN,5,5
cycling,cycling,0.87,1,GREEN,5,5
cycling,cycling,0.84,1,GREEN,5,5
cycling,cycling,0.896,1,GREEN,5,5
cycling,cycling,0.929,1,GREEN,5,5
cycling,cycling,0.93,1,GREEN,5,5
cycling,cycling,0.96,1,GREEN,5,5
cycling,cycling,0.959,1,GREEN,5,5
cycling,cycling,0.926,1,GREEN,5,5
cycling,cycling,0.951,1,GREEN,5,5
cycling,cycling,0.968,1,GREEN,5,5
cycling,cycling,0.954,1,GREEN,5,5
cycling,cycling,0.951,1,GREEN,5,5
cycling,cycling,0.963,1,GREEN,5,5
cycling,cycling,0.972,1,GREEN,5,5
cycling,cycling,0.975,1,GREEN,5,5
cycling,cycling,0.971,1,GREEN,5,5
cycling,cycling,0.959,1,GREEN,5,5
cycling,cycling,0.962,1,GREEN,5,5
cycling,cycling,0.957,1,GREEN,5,5
cycling,cycling,0.894,1,GREEN,5,5
cycling,cycling,0.869,1,GREEN,5,5
cycling,cycling,0.951,1,GREEN,5,5
cycling,cycling,0.975,1,GREEN,5,5
cycling,cycling,0.979,1,GREEN,5,5
cycling,cycling,0.979,1,GREEN,5,5
cycling,cycling,0.962,1,GREEN,5,5
cycling,cycling,0.947,1,GREEN,5,5
cycling,cycling,0.971,1,GREEN,5,5
cycling,cycling,0.968,1,GREEN,5,5
cycling,cycling,0.963,1,GREEN,5,5
cycling,cycling,0.938,1,GREEN,5,5
cycling,cycling,0.892,1,GREEN,5,5
cycling,cycling,0.896,1,GREEN,5,5
cycling,cycling,0.924,1,GREEN,5,5
cycling,cycling,0.949,1,GREEN,5,5
cycling,cycling,0.942,1,GREEN,5,5
cycling,cycling,0.903,1,GREEN,5,5
cycling,cycling,0.921,1,GREEN,5,5
cycling,cycling,0.931,1,GREEN,5,5
cycling,cycling,0.913,1,GREEN,5,5
cycling,cycling,0.936,1,GREEN,5,5
cycling,cycling,0.94,1,GREEN,5,5
cycling,cycling,0.939,1,GREEN,5,5
cycling,cycling,0.943,1,GREEN,5,5
cycling,cycling,0.961,1,GREEN,5,5
cycling,cycling,0.961,1,GREEN,5,5
cycling,cycling,0.954,1,GREEN,5,5
cycling,cycling,0.954,1,GREEN,5,5
cycling,cycling,0.949,1,GREEN,5,5
cycling,cycling,0.954,1,GREEN,5,5
cycling,cycling,0.956,1,GREEN,5,5
cycling,cycling,0.967,1,GREEN,5,5
cycling,cycling,0.966,1,GREEN,5,5
cycling,cycling,0.96,1,GREEN,5,5
cycling,cycling,0.95,1,GREEN,5,5
cycling,cycling,0.939,1,GREEN,5,5
cycling,cycling,0.92,1,GREEN,5,5
cycling,cycling,0.809,1,GREEN,5,5
cycling,cycling,0.815,1,GREEN,5,5
cycling,cycling,0.916,1,GREEN,5,5
cycling,cycling,0.926,1,GREEN,5,5
cycling,cycling,0.891,1,GREEN,5,5
cycling,cycling,0.835,1,GREEN,5,5
cycling,cycling,0.829,1,GREEN,5,5
cycling,cycling,0.843,1,GREEN,5,5
cycling,cycling,0.796,1,GREEN,5,5
cycling,cycling,0.882,1,GREEN,5,5
cycling,cycling,0.96,1,GREEN,5,5
cycling,cycling,0.954,1,GREEN,5,5
cycling,cycling,0.93,1,GREEN,5,5
cycling,cycling,0.939,1,GREEN,5,5
cycling,cycling,0.948,1,GREEN,5,5
cycling,cycling,0.887,1,GREEN,5,5
cycling,cycling,0.615,1,YELLOW,5,5
cycling,cycling,0.683,1,YELLOW,5,5
cycling,cycling,0.564,1,YELLOW,5,5
cycling,cycling,0.433,1,RED,5,5
cycling,cycling,0.717,1,YELLOW,5,5
cycling,cycling,0.663,1,YELLOW,5,5
cycling,cycling,0.853,1,GREEN,5,5
cycling,cycling,0.909,1,GREEN,5,5
cycling,cycling,0.943,1,GREEN,5,5
cycling,cycling,0.946,1,GREEN,5,5
cycling,cycling,0.94,1,GREEN,5,5
cycling,cycling,0.947,1,GREEN,5,5
cycling,cycling,0.961,1,GREEN,5,5
cycling,cycling,0.974,1,GREEN,5,5
cycling,cycling,0.972,1,GREEN,5,5
cycling,cycling,0.979,1,GREEN,5,5
cycling,cycling,0.975,1,GREEN,5,5
cycling,cycling,0.973,1,GREEN,5,5
cycling,cycling,0.969,1,GREEN,5,5
cycling,cycling,0.952,1,GREEN,5,5
cycling,cycling,0.962,1,GREEN,5,5
cycling,cycling,0.95,1,GREEN,5,5
cycling,cycling,0.937,1,GREEN,5,5
cycling,cycling,0.972,1,GREEN,5,5
cycling,cycling,0.986,1,GREEN,5,5
cycling,cycling,0.983,1,GREEN,5,5
cycling,cycling,0.974,1,GREEN,5,5
cycling,cycling,0.957,1,GREEN,5,5
cycling,cycling,0.959,1,GREEN,5,5
cycling,cycling,0.95,1,GREEN,5,5
cycling,cycling,0.908,1,GREEN,5,5
cycling,cycling,0.919,1,GREEN,5,5
cycling,cycling,0.916,1,GREEN,5,5
cycling,cycling,0.856,1,GREEN,5,5
cycling,cycling,0.783,1,GREEN,5,5
cycling,cycling,0.827,1,GREEN,5,5
cycling,cycling,0.924,1,GREEN,5,5
cycling,cycling,0.964,1,GREEN,5,5
cycling,cycling,0.962,1,GREEN,5,5
cycling,cycling,0.954,1,GREEN,5,5
cycling,cycling,0.953,1,GREEN,5,5
cycling,cycling,0.942,1,GREEN,5,5
cycling,cycling,0.948,1,GREEN,5,5
cycling,cycling,0.953,1,GREEN,5,5
cycling,cycling,0.963,1,GREEN,5,5
cycling,cycling,0.95,1,GREEN,5,5
cycling,cycling,0.941,1,GREEN,5,5
cycling,cycling,0.959,1,GREEN,5,5
cycling,cycling,0.968,1,GREEN,5,5
cycling,cycling,0.97,1,GREEN,5,5
cycling,cycling,0.96,1,GREEN,5,5
cycling,cycling,0.953,1,GREEN,5,5
cycling,cycling,0.957,1,GREEN,5,5
cycling,cycling,0.951,1,GREEN,5,5
cycling,cycling,0.957,1,GREEN,5,5
cycling,cycling,0.95,1,GREEN,5,5
cycling,cycling,0.961,1,GREEN,5,5
cycling,cycling,0.967,1,GREEN,5,5
cycling,cycling,0.968,1,GREEN,5,5
cycling,cycling,0.966,1,GREEN,5,5
cycling,cycling,0.949,1,GREEN,5,5
cycling,cycling,0.944,1,GREEN,5,5
cycling,cycling,0.943,1,GREEN,5,5
cycling,cycling,0.948,1,GREEN,5,5
cycling,cycling,0.928,1,GREEN,5,5
cycling,cycling,0.901,1,GREEN,5,5
cycling,cycling,0.884,1,GREEN,5,5
cycling,cycling,0.842,1,GREEN,5,5
cycling,cycling,0.885,1,GREEN,5,5
cycling,cycling,0.958,1,GREEN,5,5
cycling,cycling,0.951,1,GREEN,5,5
cycling,cycling,0.893,1,GREEN,5,5
cycling,cycling,0.765,1,GREEN,5,5
cycling,cycling,0.818,1,GREEN,5,5
cycling,cycling,0.844,1,GREEN,5,5
cycling,cycling,0.714,1,YELLOW,5,5
cycling,cycling,0.788,1,GREEN,5,5
cycling,cycling,0.451,1,YELLOW,5,5
cycling,cycling,0.312,1,RED,5,5
cycling,cycling,0.761,1,GREEN,5,5
cycling,cycling,0.932,1,GREEN,5,5
cycling,cycling,0.963,1,GREEN,5,5
cycling,cycling,0.958,1,GREEN,5,5
cycling,cycling,0.942,1,GREEN,5,5
cycling,cycling,0.95,1,GREEN,5,5
cycling,cycling,0.97,1,GREEN,5,5
cycling,cycling,0.952,1,GREEN,5,5
cycling,cycling,0.967,1,GREEN,5,5
cycling,cycling,0.981,1,GREEN,5,5
cycling,cycling,0.973,1,GREEN,5,5
cycling,cycling,0.976,1,GREEN,5,5
cycling,cycling,0.97,1,GREEN,5,5
cycling,cycling,0.97,1,GREEN,5,5
cycling,cycling,0.959,1,GREEN,5,5
cycling,cycling,0.961,1,GREEN,5,5
cycling,cycling,0.953,1,GREEN,5,5
cycling,cycling,0.938,1,GREEN,5,5
cycling,cycling,0.963,1,GREEN,5,5
cycling,cycling,0.978,1,GREEN,5,5
cycling,cycling,0.979,1,GREEN,5,5
cycling,cycling,0.973,1,GREEN,5,5
cycling,cycling,0.929,1,GREEN,5,5
cycling,cycling,0.953,1,GREEN,5,5
cycling,cycling,0.984,1,GREEN,5,5
cycling,cycling,0.977,1,GREEN,5,5
cycling,cycling,0.985,1,GREEN,5,5
cycling,cycling,0.983,1,GREEN,5,5
cycling,cycling,0.967,1,GREEN,5,5
cycling,cycling,0.947,1,GREEN,5,5
cycling,cycling,0.907,1,GREEN,5,5
cycling,cycling,0.89,1,GREEN,5,5
cycling,cycling,0.858,1,GREEN,5,5
cycling,cycling,0.919,1,GREEN,5,5
cycling,cycling,0.931,1,GREEN,5,5
cycling,cycling,0.922,1,GREEN,5,5
cycling,cycling,0.939,1,GREEN,5,5
cycling,cycling,0.951,1,GREEN,5,5
cycling,cycling,0.952,1,GREEN,5,5
cycling,cycling,0.957,1,GREEN,5,5
cycling,cycling,0.947,1,GREEN,5,5
cycling,cycling,0.942,1,GREEN,5,5
cycling,cycling,0.954,1,GREEN,5,5
cycling,cycling,0.957,1,GREEN,5,5
cycling,cycling,0.952,1,GREEN,5,5
cycling,cycling,0.954,1,GREEN,5,5
cycling,cycling,0.959,1,GREEN,5,5
cycling,cycling,0.961,1,GREEN,5,5
cycling,cycling,0.958,1,GREEN,5,5
cycling,cycling,0.948,1,GREEN,5,5
cycling,cycling,0.94,1,GREEN,5,5
cycling,cycling,0.934,1,GREEN,5,5
cycling,cycling,0.949,1,GREEN,5,5
cycling,cycling,0.961,1,GREEN,5,5
cycling,cycling,0.883,1,GREEN,5,5
cycling,cycling,0.811,1,GREEN,5,5
cycling,cycling,0.915,1,GREEN,5,5
cycling,cycling,0.93,1,GREEN,5,5
cycling,cycling,0.917,1,GREEN,5,5
cycling,cycling,0.888,1,GREEN,5,5
cycling,cycling,0.876,1,GREEN,5,5
cycling,cycling,0.863,1,GREEN,5,5
cycling,cycling,0.837,1,GREEN,5,5
cycling,cycling,0.893,1,GREEN,5,5
cycling,cycling,0.968,1,GREEN,5,5
cycling,cycling,0.967,1,GREEN,5,5
cycling,cycling,0.929,1,GREEN,5,5
cycling,cycling,0.941,1,GREEN,5,5
cycling,cycling,0.96,1,GREEN,5,5
cycling,cycling,0.908,1,GREEN,5,5
cycling,cycling,0.713,1,YELLOW,5,5
cycling,cycling,0.628,1,YELLOW,5,5
cycling,cycling,0.528,1,YELLOW,5,5
cycling,cycling,0.808,1,GREEN,5,5
cycling,cycling,0.931,1,GREEN,5,5
cycling,cycling,0.914,1,GREEN,5,5
cycling,cycling,0.952,1,GREEN,5,5
cycling,cycling,0.954,1,GREEN,5,5
cycling,cycling,0.936,1,GREEN,5,5
cycling,cycling,0.946,1,GREEN,5,5
cycling,cycling,0.947,1,GREEN,5,5
cycling,cycling,0.943,1,GREEN,5,5
cycling,cycling,0.95,1,GREEN,5,5
cycling,cycling,0.955,1,GREEN,5,5
cycling,cycling,0.964,1,GREEN,5,5
cycling,cycling,0.978,1,GREEN,5,5
cycling,cycling,0.977,1,GREEN,5,5
cycling,cycling,0.965,1,GREEN,5,5
cycling,cycling,0.957,1,GREEN,5,5
cycling,cycling,0.957,1,GREEN,5,5
cycling,cycling,0.968,1,GREEN,5,5
cycling,cycling,0.949,1,GREEN,5,5
cycling,cycling,0.946,1,GREEN,5,5
cycling,cycling,0.975,1,GREEN,5,5
cycling,cycling,0.979,1,GREEN,5,5
cycling,cycling,0.982,1,GREEN,5,5
cycling,cycling,0.984,1,GREEN,5,5
cycling,cycling,0.935,1,GREEN,5,5
cycling,cycling,0.917,1,GREEN,5,5
cycling,cycling,0.981,1,GREEN,5,5
cycling,cycling,0.986,1,GREEN,5,5
cycling,cycling,0.961,1,GREEN,5,5
cycling,cycling,0.921,1,GREEN,5,5
cycling,cycling,0.949,1,GREEN,5,5
cycling,cycling,0.966,1,GREEN,5,5
cycling,cycling,0.95,1,GREEN,5,5
cycling,cycling,0.927,1,GREEN,5,5
cycling,cycling,0.929,1,GREEN,5,5
cycling,cycling,0.926,1,GREEN,5,5
cycling,cycling,0.918,1,GREEN,5,5
cycling,cycling,0.923,1,GREEN,5,5
cycling,cycling,0.941,1,GREEN,5,5
cycling,cycling,0.92,1,GREEN,5,5
cycling,cycling,0.931,1,GREEN,5,5
cycling,cycling,0.937,1,GREEN,5,5
cycling,cycling,0.946,1,GREEN,5,5
cycling,cycling,0.954,1,GREEN,5,5
cycling,cycling,0.943,1,GREEN,5,5
cycling,cycling,0.936,1,GREEN,5,5
cycling,cycling,0.934,1,GREEN,5,5
cycling,cycling,0.947,1,GREEN,5,5
cycling,cycling,0.951,1,GREEN,5,5
cycling,cycling,0.955,1,GREEN,5,5
cycling,cycling,0.968,1,GREEN,5,5
cycling,cycling,0.969,1,GREEN,5,5
cycling,cycling,0.95,1,GREEN,5,5
cycling,cycling,0.959,1,GREEN,5,5
cycling,cycling,0.955,1,GREEN,5,5
cycling,cycling,0.901,1,GREEN,5,5
cycling,cycling,0.854,1,GREEN,5,5
cycling,cycling,0.878,1,GREEN,5,5
cycling,cycling,0.923,1,GREEN,5,5
cycling,cycling,0.906,1,GREEN,5,5
cycling,cycling,0.868,1,GREEN,5,5
cycling,cycling,0.846,1,GREEN,5,5
cycling,cycling,0.821,1,GREEN,5,5
cycling,cycling,0.754,1,GREEN,5,5
cycling,cycling,0.876,1,GREEN,5,5
cycling,cycling,0.964,1,GREEN,5,5
cycling,cycling,0.978,1,GREEN,5,5
cycling,cycling,0.96,1,GREEN,5,5
cycling,cycling,0.944,1,GREEN,5,5
cycling,cycling,0.913,1,GREEN,5,5
cycling,cycling,0.662,1,YELLOW,5,5
cycling,cycling,0.839,1,GREEN,5,5
cycling,cycling,0.744,1,YELLOW,5,5
cycling,cycling,0.159,1,RED,5,5
cycling,cycling,0.497,1,YELLOW,5,5
cycling,cycling,0.854,1,GREEN,5,5
cycling,cycling,0.915,1,GREEN,5,5
cycling,cycling,0.952,1,GREEN,5,5
cycling,cycling,0.949,1,GREEN,5,5
cycling,cycling,0.949,1,GREEN,5,5
cycling,cycling,0.953,1,GREEN,5,5
cycling,cycling,0.961,1,GREEN,5,5
cycling,cycling,0.936,1,GREEN,5,5
cycling,cycling,0.969,1,GREEN,5,5
cycling,cycling,0.975,1,GREEN,5,5
cycling,cycling,0.968,1,GREEN,5,5
cycling,cycling,0.978,1,GREEN,5,5
cycling,cycling,0.985,1,GREEN,5,5
cycling,cycling,0.981,1,GREEN,5,5
cycling,cycling,0.97,1,GREEN,5,5
cycling,cycling,0.974,1,GREEN,5,5
cycling,cycling,0.979,1,GREEN,5,5
cycling,cycling,0.973,1,GREEN,5,5
cycling,cycling,0.936,1,GREEN,5,5
cycling,cycling,0.884,1,GREEN,5,5
cycling,cycling,0.94,1,GREEN,5,5
cycling,cycling,0.97,1,GREEN,5,5
cycling,cycling,0.935,1,GREEN,5,5
cycling,cycling,0.764,1,GREEN,5,5
cycling,cycling,0.531,1,YELLOW,5,5
cycling,cycling,0.609,1,YELLOW,5,5
cycling,cycling,0.613,1,YELLOW,5,5
cycling,cycling,0.349,1,RED,5,5
cycling,cycling,0.136,1,RED,5,5
cycling,cycling,0.049,1,RED,5,5
cycling,cycling,0.053,1,RED,5,5
cycling,cycling,0.015,1,RED,5,5
cycling,cycling,0.016,1,RED,5,5
cycling,cycling,0.017,1,RED,5,5
cycling,cycling,0.019,1,RED,5,5
cycling,cycling,0.021,1,RED,5,5
cycling,ironing,0.018,0,RED,5,10
cycling,stairs_up,0.02,0,RED,5,7
cycling,stairs_up,0.022,0,RED,5,7
cycling,stairs_up,0.019,0,RED,5,7
running,stairs_up,0.024,0,RED,4,7
running,stairs_up,0.026,0,RED,4,7
running,stairs_up,0.026,0,RED,4,7
running,stairs_up,0.026,0,RED,4,7
running,stairs_up,0.028,0,RED,4,7
running,stairs_up,0.025,0,RED,4,7
running,stairs_up,0.02,0,RED,4,7
running,running,0.02,1,RED,4,4
running,running,0.022,1,RED,4,4
running,running,0.025,1,RED,4,4
running,running,0.022,1,RED,4,4
running,running,0.02,1,RED,4,4
running,running,0.032,1,RED,4,4
running,running,0.04,1,RED,4,4
running,running,0.165,1,RED,4,4
running,running,0.715,1,YELLOW,4,4
running,running,0.918,1,GREEN,4,4
running,running,0.974,1,GREEN,4,4
running,running,0.96,1,GREEN,4,4
running,running,0.94,1,GREEN,4,4
running,running,0.958,1,GREEN,4,4
running,running,0.954,1,GREEN,4,4
running,running,0.924,1,GREEN,4,4
running,running,0.927,1,GREEN,4,4
running,running,0.924,1,GREEN,4,4
running,running,0.885,1,GREEN,4,4
running,running,0.942,1,GREEN,4,4
running,running,0.923,1,GREEN,4,4
running,running,0.901,1,GREEN,4,4
running,running,0.938,1,GREEN,4,4
running,running,0.973,1,GREEN,4,4
running,running,0.967,1,GREEN,4,4
running,running,0.965,1,GREEN,4,4
running,running,0.943,1,GREEN,4,4
running,running,0.965,1,GREEN,4,4
running,running,0.968,1,GREEN,4,4
running,running,0.924,1,GREEN,4,4
running,running,0.868,1,GREEN,4,4
running,running,0.928,1,GREEN,4,4
running,running,0.951,1,GREEN,4,4
running,running,0.974,1,GREEN,4,4
running,running,0.974,1,GREEN,4,4
running,running,0.962,1,GREEN,4,4
running,running,0.962,1,GREEN,4,4
running,running,0.974,1,GREEN,4,4
running,running,0.975,1,GREEN,4,4
running,running,0.954,1,GREEN,4,4
running,running,0.97,1,GREEN,4,4
running,running,0.99,1,GREEN,4,4
running,running,0.986,1,GREEN,4,4
running,running,0.954,1,GREEN,4,4
running,running,0.934,1,GREEN,4,4
running,running,0.954,1,GREEN,4,4
running,running,0.965,1,GREEN,4,4
running,running,0.931,1,GREEN,4,4
running,running,0.94,1,GREEN,4,4
running,running,0.96,1,GREEN,4,4
running,running,0.964,1,GREEN,4,4
running,running,0.945,1,GREEN,4,4
running,running,0.958,1,GREEN,4,4
running,running,0.952,1,GREEN,4,4
running,running,0.943,1,GREEN,4,4
running,running,0.931,1,GREEN,4,4
running,running,0.918,1,GREEN,4,4
running,running,0.937,1,GREEN,4,4
running,running,0.937,1,GREEN,4,4
running,running,0.943,1,GREEN,4,4
running,running,0.96,1,GREEN,4,4
running,running,0.938,1,GREEN,4,4
running,running,0.902,1,GREEN,4,4
running,running,0.893,1,GREEN,4,4
running,running,0.702,1,YELLOW,4,4
running,running,0.892,1,GREEN,4,4
running,running,0.951,1,GREEN,4,4
running,running,0.895,1,GREEN,4,4
running,running,0.935,1,GREEN,4,4
running,running,0.939,1,GREEN,4,4
running,running,0.871,1,GREEN,4,4
running,running,0.929,1,GREEN,4,4
running,running,0.947,1,GREEN,4,4
running,running,0.936,1,GREEN,4,4
running,running,0.902,1,GREEN,4,4
running,running,0.874,1,GREEN,4,4
running,running,0.93,1,GREEN,4,4
running,running,0.95,1,GREEN,4,4
running,running,0.939,1,GREEN,4,4
running,running,0.957,1,GREEN,4,4
running,running,0.958,1,GREEN,4,4
running,running,0.931,1,GREEN,4,4
running,running,0.927,1,GREEN,4,4
running,running,0.894,1,GREEN,4,4
running,running,0.822,1,GREEN,4,4
running,running,0.954,1,GREEN,4,4
running,running,0.944,1,GREEN,4,4
running,running,0.882,1,GREEN,4,4
running,running,0.927,1,GREEN,4,4
running,running,0.928,1,GREEN,4,4
running,running,0.854,1,GREEN,4,4
running,running,0.93,1,GREEN,4,4
running,running,0.932,1,GREEN,4,4
running,running,0.886,1,GREEN,4,4
running,running,0.774,1,GREEN,4,4
running,running,0.854,1,GREEN,4,4
running,running,0.906,1,GREEN,4,4
running,running,0.901,1,GREEN,4,4
running,running,0.928,1,GREEN,4,4
running,running,0.938,1,GREEN,4,4
running,running,0.9,1,GREEN,4,4
running,running,0.942,1,GREEN,4,4
running,running,0.936,1,GREEN,4,4
running,running,0.9,1,GREEN,4,4
running,running,0.902,1,GREEN,4,4
running,running,0.921,1,GREEN,4,4
running,running,0.89,1,GREEN,4,4
running,running,0.907,1,GREEN,4,4
running,running,0.955,1,GREEN,4,4
running,running,0.945,1,GREEN,4,4
running,running,0.932,1,GREEN,4,4
running,running,0.945,1,GREEN,4,4
running,running,0.937,1,GREEN,4,4
running,running,0.912,1,GREEN,4,4
running,running,0.913,1,GREEN,4,4
running,running,0.89,1,GREEN,4,4
running,running,0.957,1,GREEN,4,4
running,running,0.965,1,GREEN,4,4
running,running,0.904,1,GREEN,4,4
running,running,0.937,1,GREEN,4,4
running,running,0.932,1,GREEN,4,4
running,running,0.914,1,GREEN,4,4
running,running,0.953,1,GREEN,4,4
running,running,0.937,1,GREEN,4,4
running,running,0.929,1,GREEN,4,4
running,running,0.941,1,GREEN,4,4
running,running,0.937,1,GREEN,4,4
running,running,0.948,1,GREEN,4,4
running,running,0.932,1,GREEN,4,4
running,running,0.838,1,GREEN,4,4
running,running,0.92,1,GREEN,4,4
running,running,0.938,1,GREEN,4,4
running,running,0.829,1,GREEN,4,4
running,running,0.919,1,GREEN,4,4
running,running,0.934,1,GREEN,4,4
running,running,0.91,1,GREEN,4,4
running,running,0.956,1,GREEN,4,4
running,running,0.972,1,GREEN,4,4
running,running,0.942,1,GREEN,4,4
running,running,0.889,1,GREEN,4,4
running,running,0.923,1,GREEN,4,4
running,running,0.947,1,GREEN,4,4
running,running,0.944,1,GREEN,4,4
running,running,0.963,1,GREEN,4,4
running,running,0.966,1,GREEN,4,4
running,running,0.936,1,GREEN,4,4
running,running,0.961,1,GREEN,4,4
running,running,0.938,1,GREEN,4,4
running,running,0.909,1,GREEN,4,4
running,running,0.953,1,GREEN,4,4
running,running,0.943,1,GREEN,4,4
running,running,0.943,1,GREEN,4,4
running,running,0.923,1,GREEN,4,4
running,running,0.893,1,GREEN,4,4
running,running,0.938,1,GREEN,4,4
running,running,0.905,1,GREEN,4,4
running,running,0.831,1,GREEN,4,4
running,running,0.948,1,GREEN,4,4
running,running,0.951,1,GREEN,4,4
running,running,0.951,1,GREEN,4,4
running,running,0.964,1,GREEN,4,4
running,running,0.966,1,GREEN,4,4
running,running,0.961,1,GREEN,4,4
running,running,0.963,1,GREEN,4,4
running,running,0.956,1,GREEN,4,4
running,running,0.936,1,GREEN,4,4
running,running,0.945,1,GREEN,4,4
running,running,0.959,1,GREEN,4,4
running,running,0.953,1,GREEN,4,4
running,running,0.926,1,GREEN,4,4
running,running,0.948,1,GREEN,4,4
running,running,0.975,1,GREEN,4,4
running,running,0.972,1,GREEN,4,4
running,running,0.944,1,GREEN,4,4
running,running,0.967,1,GREEN,4,4
running,running,0.965,1,GREEN,4,4
running,running,0.845,1,GREEN,4,4
running,running,0.862,1,GREEN,4,4
running,running,0.956,1,GREEN,4,4
running,running,0.933,1,GREEN,4,4
running,running,0.939,1,GREEN,4,4
running,running,0.954,1,GREEN,4,4
running,running,0.946,1,GREEN,4,4
running,running,0.94,1,GREEN,4,4
running,running,0.97,1,GREEN,4,4
running,running,0.972,1,GREEN,4,4
running,running,0.97,1,GREEN,4,4
running,running,0.981,1,GREEN,4,4
running,running,0.972,1,GREEN,4,4
running,running,0.962,1,GREEN,4,4
running,running,0.941,1,GREEN,4,4
running,running,0.945,1,GREEN,4,4
running,running,0.961,1,GREEN,4,4
running,running,0.951,1,GREEN,4,4
running,running,0.955,1,GREEN,4,4
running,running,0.965,1,GREEN,4,4
running,running,0.987,1,GREEN,4,4
running,running,0.984,1,GREEN,4,4
running,running,0.941,1,GREEN,4,4
running,running,0.956,1,GREEN,4,4
running,running,0.978,1,GREEN,4,4
running,running,0.979,1,GREEN,4,4
running,running,0.978,1,GREEN,4,4
running,running,0.98,1,GREEN,4,4
running,running,0.963,1,GREEN,4,4
running,running,0.961,1,GREEN,4,4
running,running,0.959,1,GREEN,4,4
running,running,0.958,1,GREEN,4,4
running,running,0.972,1,GREEN,4,4
running,running,0.971,1,GREEN,4,4
running,running,0.967,1,GREEN,4,4
running,running,0.942,1,GREEN,4,4
running,running,0.962,1,GREEN,4,4
running,running,0.976,1,GREEN,4,4
running,running,0.98,1,GREEN,4,4
running,running,0.978,1,GREEN,4,4
running,running,0.969,1,GREEN,4,4
running,running,0.958,1,GREEN,4,4
running,running,0.971,1,GREEN,4,4
running,running,0.978,1,GREEN,4,4
running,running,0.978,1,GREEN,4,4
running,running,0.974,1,GREEN,4,4
running,running,0.975,1,GREEN,4,4
running,running,0.976,1,GREEN,4,4
running,running,0.965,1,GREEN,4,4
running,running,0.952,1,GREEN,4,4
running,running,0.972,1,GREEN,4,4
running,running,0.984,1,GREEN,4,4
running,running,0.968,1,GREEN,4,4
running,running,0.959,1,GREEN,4,4
running,running,0.987,1,GREEN,4,4
running,running,0.962,1,GREEN,4,4
running,running,0.945,1,GREEN,4,4
running,running,0.953,1,GREEN,4,4
running,running,0.955,1,GREEN,4,4
running,running,0.952,1,GREEN,4,4
running,running,0.936,1,GREEN,4,4
running,running,0.96,1,GREEN,4,4
running,running,0.962,1,GREEN,4,4
running,running,0.979,1,GREEN,4,4
running,running,0.973,1,GREEN,4,4
running,running,0.978,1,GREEN,4,4
running,running,0.983,1,GREEN,4,4
running,running,0.973,1,GREEN,4,4
running,running,0.981,1,GREEN,4,4
running,running,0.972,1,GREEN,4,4
running,running,0.978,1,GREEN,4,4
running,running,0.979,1,GREEN,4,4
running,running,0.958,1,GREEN,4,4
running,running,0.98,1,GREEN,4,4
running,running,0.985,1,GREEN,4,4
running,running,0.983,1,GREEN,4,4
running,running,0.984,1,GREEN,4,4
running,running,0.978,1,GREEN,4,4
running,running,0.971,1,GREEN,4,4
running,running,0.971,1,GREEN,4,4
running,running,0.984,1,GREEN,4,4
running,running,0.98,1,GREEN,4,4
running,running,0.965,1,GREEN,4,4
running,running,0.924,1,GREEN,4,4
running,running,0.937,1,GREEN,4,4
running,running,0.965,1,GREEN,4,4
running,running,0.976,1,GREEN,4,4
running,running,0.982,1,GREEN,4,4
running,running,0.979,1,GREEN,4,4
running,running,0.975,1,GREEN,4,4
running,running,0.971,1,GREEN,4,4
running,running,0.97,1,GREEN,4,4
running,running,0.979,1,GREEN,4,4
running,running,0.981,1,GREEN,4,4
running,running,0.975,1,GREEN,4,4
running,running,0.972,1,GREEN,4,4
running,running,0.982,1,GREEN,4,4
running,running,0.981,1,GREEN,4,4
running,running,0.972,1,GREEN,4,4
running,running,0.967,1,GREEN,4,4
running,running,0.963,1,GREEN,4,4
running,running,0.965,1,GREEN,4,4
running,running,0.949,1,GREEN,4,4
running,running,0.923,1,GREEN,4,4
running,running,0.958,1,GREEN,4,4
running,running,0.966,1,GREEN,4,4
running,running,0.97,1,GREEN,4,4
running,running,0.971,1,GREEN,4,4
running,running,0.959,1,GREEN,4,4
running,running,0.974,1,GREEN,4,4
running,running,0.958,1,GREEN,4,4
running,running,0.957,1,GREEN,4,4
running,running,0.987,1,GREEN,4,4
running,running,0.985,1,GREEN,4,4
running,running,0.971,1,GREEN,4,4
running,running,0.98,1,GREEN,4,4
running,running,0.967,1,GREEN,4,4
running,running,0.964,1,GREEN,4,4
running,running,0.96,1,GREEN,4,4
running,running,0.972,1,GREEN,4,4
running,running,0.983,1,GREEN,4,4
running,running,0.979,1,GREEN,4,4
running,running,0.984,1,GREEN,4,4
running,running,0.983,1,GREEN,4,4
running,running,0.968,1,GREEN,4,4
running,running,0.98,1,GREEN,4,4
running,running,0.976,1,GREEN,4,4
running,running,0.96,1,GREEN,4,4
running,running,0.882,1,GREEN,4,4
running,running,0.921,1,GREEN,4,4
running,running,0.963,1,GREEN,4,4
running,running,0.977,1,GREEN,4,4
running,running,0.984,1,GREEN,4,4
running,running,0.985,1,GREEN,4,4
running,running,0.982,1,GREEN,4,4
running,running,0.983,1,GREEN,4,4
running,running,0.985,1,GREEN,4,4
running,running,0.979,1,GREEN,4,4
running,running,0.972,1,GREEN,4,4
running,running,0.989,1,GREEN,4,4
running,running,0.991,1,GREEN,4,4
running,running,0.988,1,GREEN,4,4
running,running,0.965,1,GREEN,4,4
running,running,0.956,1,GREEN,4,4
running,running,0.978,1,GREEN,4,4
running,running,0.986,1,GREEN,4,4
running,running,0.991,1,GREEN,4,4
running,running,0.99,1,GREEN,4,4
running,running,0.989,1,GREEN,4,4
running,running,0.985,1,GREEN,4,4
running,running,0.988,1,GREEN,4,4
running,running,0.988,1,GREEN,4,4
running,running,0.985,1,GREEN,4,4
running,running,0.974,1,GREEN,4,4
running,running,0.977,1,GREEN,4,4
running,running,0.986,1,GREEN,4,4
running,running,0.985,1,GREEN,4,4
running,running,0.987,1,GREEN,4,4
running,running,0.969,1,GREEN,4,4
running,running,0.988,1,GREEN,4,4
running,running,0.984,1,GREEN,4,4
running,running,0.978,1,GREEN,4,4
running,running,0.975,1,GREEN,4,4
running,running,0.987,1,GREEN,4,4
running,running,0.988,1,GREEN,4,4
running,running,0.978,1,GREEN,4,4
running,running,0.979,1,GREEN,4,4
running,running,0.971,1,GREEN,4,4
running,running,0.979,1,GREEN,4,4
running,running,0.985,1,GREEN,4,4
running,running,0.983,1,GREEN,4,4
running,running,0.975,1,GREEN,4,4
running,running,0.977,1,GREEN,4,4
running,running,0.976,1,GREEN,4,4
running,running,0.983,1,GREEN,4,4
running,running,0.98,1,GREEN,4,4
running,running,0.982,1,GREEN,4,4
running,running,0.983,1,GREEN,4,4
running,running,0.98,1,GREEN,4,4
running,running,0.99,1,GREEN,4,4
running,running,0.983,1,GREEN,4,4
running,running,0.977,1,GREEN,4,4
running,running,0.981,1,GREEN,4,4
running,running,0.979,1,GREEN,4,4
running,running,0.984,1,GREEN,4,4
running,running,0.984,1,GREEN,4,4
running,running,0.981,1,GREEN,4,4
running,running,0.976,1,GREEN,4,4
running,running,0.957,1,GREEN,4,4
running,running,0.959,1,GREEN,4,4
running,running,0.97,1,GREEN,4,4
running,running,0.977,1,GREEN,4,4
running,running,0.961,1,GREEN,4,4
running,running,0.958,1,GREEN,4,4
running,running,0.976,1,GREEN,4,4
running,running,0.987,1,GREEN,4,4
running,running,0.986,1,GREEN,4,4
running,running,0.964,1,GREEN,4,4
running,running,0.977,1,GREEN,4,4
running,running,0.969,1,GREEN,4,4
running,running,0.985,1,GREEN,4,4
running,running,0.989,1,GREEN,4,4
running,running,0.981,1,GREEN,4,4
running,running,0.98,1,GREEN,4,4
running,running,0.975,1,GREEN,4,4
running,running,0.983,1,GREEN,4,4
running,running,0.982,1,GREEN,4,4
running,running,0.975,1,GREEN,4,4
running,running,0.965,1,GREEN,4,4
running,running,0.949,1,GREEN,4,4
running,running,0.989,1,GREEN,4,4
running,running,0.981,1,GREEN,4,4
running,running,0.96,1,GREEN,4,4
running,running,0.988,1,GREEN,4,4
running,running,0.983,1,GREEN,4,4
running,running,0.975,1,GREEN,4,4
running,running,0.938,1,GREEN,4,4
running,running,0.948,1,GREEN,4,4
running,running,0.986,1,GREEN,4,4
running,running,0.987,1,GREEN,4,4
running,running,0.979,1,GREEN,4,4
running,running,0.987,1,GREEN,4,4
running,running,0.983,1,GREEN,4,4
running,running,0.979,1,GREEN,4,4
running,running,0.981,1,GREEN,4,4
running,running,0.951,1,GREEN,4,4
running,running,0.953,1,GREEN,4,4
running,running,0.978,1,GREEN,4,4
running,running,0.976,1,GREEN,4,4
running,running,0.966,1,GREEN,4,4
running,running,0.974,1,GREEN,4,4
running,running,0.964,1,GREEN,4,4
running,running,0.961,1,GREEN,4,4
running,running,0.981,1,GREEN,4,4
running,running,0.979,1,GREEN,4,4
running,running,0.966,1,GREEN,4,4
running,running,0.983,1,GREEN,4,4
running,running,0.981,1,GREEN,4,4
running,running,0.89,1,GREEN,4,4
running,running,0.912,1,GREEN,4,4
running,running,0.678,1,YELLOW,4,4
running,running,0.011,1,RED,4,4
running,running,0.021,1,RED,4,4
running,running,0.087,1,RED,4,4
running,running,0.015,1,RED,4,4
running,running,0.013,1,RED,4,4
running,running,0.007,1,RED,4,4
running,running,0.007,1,RED,4,4
running,running,0.008,1,RED,4,4
running,running,0.01,1,RED,4,4
running,stairs_up,0.012,0,RED,4,7
running,stairs_up,0.013,0,RED,4,7
running,stairs_up,0.015,0,RED,4,7
running,stairs_up,0.019,0,RED,4,7
running,stairs_up,0.022,0,RED,4,7
running,stairs_up,0.028,0,RED,4,7
running,stairs_up,0.036,0,RED,4,7
running,stairs_up,0.032,0,RED,4,7
running,stairs_up,0.029,0,RED,4,7
