window_id,subject,confidence,predicted_activity,actual_activity,is_correct,traffic_light
101_0,101,0.2802,lying,lying,1,RED
101_1,101,0.3444,lying,lying,1,RED
101_2,101,0.4315,lying,lying,1,RED
101_3,101,0.4159,lying,lying,1,RED
101_4,101,0.4284,lying,lying,1,RED
101_5,101,0.4399,lying,lying,1,RED
101_6,101,0.4332,lying,lying,1,RED
101_7,101,0.4325,lying,lying,1,RED
101_8,101,0.4142,lying,lying,1,RED
101_9,101,0.4643,lying,lying,1,YELLOW
101_10,101,0.4624,lying,lying,1,YELLOW
101_11,101,0.389,lying,lying,1,RED
101_12,101,0.3838,lying,lying,1,RED
101_13,101,0.3863,lying,lying,1,RED
101_14,101,0.4543,lying,lying,1,YELLOW
101_15,101,0.4822,lying,lying,1,YELLOW
101_16,101,0.5755,lying,lying,1,YELLOW
101_17,101,0.4653,lying,lying,1,YELLOW
101_18,101,0.5438,lying,lying,1,YELLOW
101_19,101,0.5177,lying,lying,1,YELLOW
101_20,101,0.6521,lying,lying,1,YELLOW
101_21,101,0.6461,lying,lying,1,YELLOW
101_22,101,0.8284,lying,lying,1,GREEN
101_23,101,0.9059,lying,lying,1,GREEN
101_24,101,0.9626,lying,lying,1,GREEN
101_25,101,0.9723,lying,lying,1,GREEN
101_26,101,0.9838,lying,lying,1,GREEN
101_27,101,0.9724,lying,lying,1,GREEN
101_28,101,0.9507,lying,lying,1,GREEN
101_29,101,0.9646,lying,lying,1,GREEN
101_30,101,0.9849,lying,lying,1,GREEN
101_31,101,0.9879,lying,lying,1,GREEN
101_32,101,0.9933,lying,lying,1,GREEN
101_33,101,0.9751,lying,lying,1,GREEN
101_34,101,0.9748,lying,lying,1,GREEN
101_35,101,0.9758,lying,lying,1,GREEN
101_36,101,0.9877,lying,lying,1,GREEN
101_37,101,0.9933,lying,lying,1,GREEN
101_38,101,0.9918,lying,lying,1,GREEN
101_39,101,0.9933,lying,lying,1,GREEN
101_40,101,0.9903,lying,lying,1,GREEN
101_41,101,0.9891,lying,lying,1,GREEN
101_42,101,0.9891,lying,lying,1,GREEN
101_43,101,0.9891,lying,lying,1,GREEN
101_44,101,0.9891,lying,lying,1,GREEN
101_45,101,0.9891,lying,lying,1,GREEN
101_46,101,0.9891,lying,lying,1,GREEN
101_47,101,0.9891,lying,lying,1,GREEN
101_48,101,0.9891,lying,lying,1,GREEN
101_49,101,0.9891,lying,lying,1,GREEN
101_50,101,0.9891,lying,lying,1,GREEN
101_51,101,0.9891,lying,lying,1,GREEN
101_52,101,0.9891,lying,lying,1,GREEN
101_53,101,0.9891,lying,lying,1,GREEN
101_54,101,0.9891,lying,lying,1,GREEN
101_55,101,0.9891,lying,lying,1,GREEN
101_56,101,0.9891,lying,lying,1,GREEN
101_57,101,0.9891,lying,lying,1,GREEN
101_58,101,0.9891,lying,lying,1,GREEN
101_59,101,0.9891,lying,lying,1,GREEN
101_60,101,0.9891,lying,lying,1,GREEN
101_61,101,0.9891,lying,lying,1,GREEN
101_62,101,0.9891,lying,lying,1,GREEN
101_63,101,0.9891,lying,lying,1,GREEN
101_64,101,0.9891,lying,lying,1,GREEN
101_65,101,0.9891,lying,lying,1,GREEN
101_66,101,0.9891,lying,lying,1,GREEN
101_67,101,0.9891,lying,lying,1,GREEN
101_68,101,0.9891,lying,lying,1,GREEN
101_69,101,0.9891,lying,lying,1,GREEN
101_70,101,0.9891,lying,lying,1,GREEN
101_71,101,0.9891,lying,lying,1,GREEN
101_72,101,0.9891,lying,lying,1,GREEN
101_73,101,0.9891,lying,lying,1,GREEN
101_74,101,0.9891,lying,lying,1,GREEN
101_75,101,0.9891,lying,lying,1,GREEN
101_76,101,0.9891,lying,lying,1,GREEN
101_77,101,0.9891,lying,lying,1,GREEN
101_78,101,0.9891,lying,lying,1,GREEN
101_79,101,0.9891,lying,lying,1,GREEN
101_80,101,0.9891,lying,lying,1,GREEN
101_81,101,0.9891,lying,lying,1,GREEN
101_82,101,0.9891,lying,lying,1,GREEN
101_83,101,0.9891,lying,lying,1,GREEN
101_84,101,0.9891,lying,lying,1,GREEN
101_85,101,0.9891,lying,lying,1,GREEN
101_86,101,0.9891,lying,lying,1,GREEN
101_87,101,0.9891,lying,lying,1,GREEN
101_88,101,0.9891,lying,lying,1,GREEN
101_89,101,0.9891,lying,lying,1,GREEN
101_90,101,0.9891,lying,lying,1,GREEN
101_91,101,0.9891,lying,lying,1,GREEN
101_92,101,0.9891,lying,lying,1,GREEN
101_93,101,0.9891,lying,lying,1,GREEN
101_94,101,0.9891,lying,lying,1,GREEN
101_95,101,0.9891,lying,lying,1,GREEN
101_96,101,0.9891,lying,lying,1,GREEN
101_97,101,0.9891,lying,lying,1,GREEN
101_98,101,0.9891,lying,lying,1,GREEN
101_99,101,0.9891,lying,lying,1,GREEN
101_100,101,0.9891,lying,lying,1,GREEN
101_101,101,0.9891,lying,lying,1,GREEN
101_102,101,0.9891,lying,lying,1,GREEN
101_103,101,0.9891,lying,lying,1,GREEN
101_104,101,0.9891,lying,lying,1,GREEN
101_105,101,0.9891,lying,lying,1,GREEN
101_106,101,0.9891,lying,lying,1,GREEN
101_107,101,0.9891,lying,lying,1,GREEN
101_108,101,0.9891,lying,lying,1,GREEN
101_109,101,0.9891,lying,lying,1,GREEN
101_110,101,0.9891,lying,lying,1,GREEN
101_111,101,0.9891,lying,lying,1,GREEN
101_112,101,0.9891,lying,lying,1,GREEN
101_113,101,0.9891,lying,lying,1,GREEN
101_114,101,0.9891,lying,lying,1,GREEN
101_115,101,0.9891,lying,lying,1,GREEN
101_116,101,0.9891,lying,lying,1,GREEN
101_117,101,0.9891,lying,lying,1,GREEN
101_118,101,0.9891,lying,lying,1,GREEN
101_119,101,0.9891,lying,lying,1,GREEN
101_120,101,0.9891,lying,lying,1,GREEN
101_121,101,0.9891,lying,lying,1,GREEN
101_122,101,0.9891,lying,lying,1,GREEN
101_123,101,0.9891,lying,lying,1,GREEN
101_124,101,0.9891,lying,lying,1,GREEN
101_125,101,0.9891,lying,lying,1,GREEN
101_126,101,0.9891,lying,lying,1,GREEN
101_127,101,0.9891,lying,lying,1,GREEN
101_128,101,0.9891,lying,lying,1,GREEN
101_129,101,0.9891,lying,lying,1,GREEN
101_130,101,0.9891,lying,lying,1,GREEN
101_131,101,0.9891,lying,lying,1,GREEN
101_132,101,0.9891,lying,lying,1,GREEN
101_133,101,0.9891,lying,lying,1,GREEN
101_134,101,0.9891,lying,lying,1,GREEN
101_135,101,0.9891,lying,lying,1,GREEN
101_136,101,0.9891,lying,lying,1,GREEN
101_137,101,0.9891,lying,lying,1,GREEN
101_138,101,0.9893,lying,lying,1,GREEN
101_139,101,0.9903,lying,lying,1,GREEN
101_140,101,0.9918,lying,lying,1,GREEN
101_141,101,0.9918,lying,lying,1,GREEN
101_142,101,0.9918,lying,lying,1,GREEN
101_143,101,0.9918,lying,lying,1,GREEN
101_144,101,0.9918,lying,lying,1,GREEN
101_145,101,0.9918,lying,lying,1,GREEN
101_146,101,0.9918,lying,lying,1,GREEN
101_147,101,0.9918,lying,lying,1,GREEN
101_148,101,0.9918,lying,lying,1,GREEN
101_149,101,0.9918,lying,lying,1,GREEN
101_150,101,0.9918,lying,lying,1,GREEN
101_151,101,0.9918,lying,lying,1,GREEN
101_152,101,0.9918,lying,lying,1,GREEN
101_153,101,0.9918,lying,lying,1,GREEN
101_154,101,0.9918,lying,lying,1,GREEN
101_155,101,0.9918,lying,lying,1,GREEN
101_156,101,0.9918,lying,lying,1,GREEN
101_157,101,0.9918,lying,lying,1,GREEN
101_158,101,0.9911,lying,lying,1,GREEN
101_159,101,0.9918,lying,lying,1,GREEN
101_160,101,0.9918,lying,lying,1,GREEN
101_161,101,0.9918,lying,lying,1,GREEN
101_162,101,0.9918,lying,lying,1,GREEN
101_163,101,0.9918,lying,lying,1,GREEN
101_164,101,0.9918,lying,lying,1,GREEN
101_165,101,0.9918,lying,lying,1,GREEN
101_166,101,0.9918,lying,lying,1,GREEN
101_167,101,0.9918,lying,lying,1,GREEN
101_168,101,0.9918,lying,lying,1,GREEN
101_169,101,0.9918,lying,lying,1,GREEN
101_170,101,0.9918,lying,lying,1,GREEN
101_171,101,0.9918,lying,lying,1,GREEN
101_172,101,0.9918,lying,lying,1,GREEN
101_173,101,0.9918,lying,lying,1,GREEN
101_174,101,0.9918,lying,lying,1,GREEN
101_175,101,0.9918,lying,lying,1,GREEN
101_176,101,0.9918,lying,lying,1,GREEN
101_177,101,0.9918,lying,lying,1,GREEN
101_178,101,0.9918,lying,lying,1,GREEN
101_179,101,0.9918,lying,lying,1,GREEN
101_180,101,0.9918,lying,lying,1,GREEN
101_181,101,0.9918,lying,lying,1,GREEN
101_182,101,0.9918,lying,lying,1,GREEN
101_183,101,0.9918,lying,lying,1,GREEN
101_184,101,0.9918,lying,lying,1,GREEN
101_185,101,0.9918,lying,lying,1,GREEN
101_186,101,0.9918,lying,lying,1,GREEN
101_187,101,0.9918,lying,lying,1,GREEN
101_188,101,0.9918,lying,lying,1,GREEN
101_189,101,0.9918,lying,lying,1,GREEN
101_190,101,0.9918,lying,lying,1,GREEN
101_191,101,0.9918,lying,lying,1,GREEN
101_192,101,0.9918,lying,lying,1,GREEN
101_193,101,0.9918,lying,lying,1,GREEN
101_194,101,0.9918,lying,lying,1,GREEN
101_195,101,0.9918,lying,lying,1,GREEN
101_196,101,0.9918,lying,lying,1,GREEN
101_197,101,0.9918,lying,lying,1,GREEN
101_198,101,0.9918,lying,lying,1,GREEN
101_199,101,0.9918,lying,lying,1,GREEN
101_200,101,0.9918,lying,lying,1,GREEN
101_201,101,0.9918,lying,lying,1,GREEN
101_202,101,0.9918,lying,lying,1,GREEN
101_203,101,0.9918,lying,lying,1,GREEN
101_204,101,0.9918,lying,lying,1,GREEN
101_205,101,0.9918,lying,lying,1,GREEN
101_206,101,0.9918,lying,lying,1,GREEN
101_207,101,0.9918,lying,lying,1,GREEN
101_208,101,0.9918,lying,lying,1,GREEN
101_209,101,0.9918,lying,lying,1,GREEN
101_210,101,0.9918,lying,lying,1,GREEN
101_211,101,0.9918,lying,lying,1,GREEN
101_212,101,0.9918,lying,lying,1,GREEN
101_213,101,0.9918,lying,lying,1,GREEN
101_214,101,0.9918,lying,lying,1,GREEN
101_215,101,0.9918,lying,lying,1,GREEN
101_216,101,0.9918,lying,lying,1,GREEN
101_217,101,0.9918,lying,lying,1,GREEN
101_218,101,0.9918,lying,lying,1,GREEN
101_219,101,0.9797,lying,lying,1,GREEN
101_220,101,0.9851,lying,lying,1,GREEN
101_221,101,0.9763,lying,lying,1,GREEN
101_222,101,0.9918,lying,lying,1,GREEN
101_223,101,0.9918,lying,lying,1,GREEN
101_224,101,0.9777,lying,lying,1,GREEN
101_225,101,0.9746,lying,lying,1,GREEN
101_226,101,0.8942,lying,lying,1,GREEN
101_227,101,0.6787,lying,lying,1,YELLOW
101_228,101,0.5851,vacuuming,lying,0,YELLOW
101_229,101,0.5654,vacuuming,lying,0,YELLOW
101_230,101,0.4628,vacuuming,lying,0,YELLOW
101_231,101,0.4115,vacuuming,lying,0,RED
101_232,101,0.3905,vacuuming,lying,0,RED
101_233,101,0.4366,vacuuming,lying,0,RED
101_234,101,0.5806,vacuuming,lying,0,YELLOW
101_235,101,0.5861,vacuuming,lying,0,YELLOW
101_236,101,0.5723,vacuuming,lying,0,YELLOW
101_237,101,0.5505,vacuuming,lying,0,YELLOW
101_238,101,0.5002,vacuuming,lying,0,YELLOW
101_239,101,0.5152,vacuuming,lying,0,YELLOW
101_240,101,0.4617,vacuuming,lying,0,YELLOW
101_241,101,0.4487,vacuuming,lying,0,RED
101_242,101,0.4521,vacuuming,lying,0,YELLOW
101_243,101,0.418,vacuuming,lying,0,RED
101_244,101,0.444,vacuuming,lying,0,RED
101_245,101,0.4407,vacuuming,lying,0,RED
101_246,101,0.4031,vacuuming,lying,0,RED
101_247,101,0.409,vacuuming,lying,0,RED
101_248,101,0.3991,vacuuming,lying,0,RED
101_249,101,0.443,vacuuming,lying,0,RED
101_250,101,0.4155,vacuuming,lying,0,RED
101_251,101,0.4013,vacuuming,lying,0,RED
101_252,101,0.4617,vacuuming,lying,0,YELLOW
101_253,101,0.3974,vacuuming,lying,0,RED
101_254,101,0.3254,vacuuming,lying,0,RED
101_255,101,0.3747,vacuuming,lying,0,RED
101_256,101,0.4276,vacuuming,lying,0,RED
101_257,101,0.4858,vacuuming,lying,0,YELLOW
101_258,101,0.4922,vacuuming,lying,0,YELLOW
101_259,101,0.4152,vacuuming,lying,0,RED
101_260,101,0.3922,vacuuming,lying,0,RED
101_261,101,0.4194,vacuuming,lying,0,RED
101_262,101,0.4438,vacuuming,lying,0,RED
101_263,101,0.4372,vacuuming,lying,0,RED
101_264,101,0.4271,vacuuming,lying,0,RED
101_265,101,0.3637,vacuuming,lying,0,RED
101_266,101,0.4859,vacuuming,lying,0,YELLOW
101_267,101,0.4667,vacuuming,lying,0,YELLOW
101_268,101,0.4446,vacuuming,lying,0,RED
101_269,101,0.4085,vacuuming,lying,0,RED
101_270,101,0.4454,vacuuming,lying,0,RED
101_271,101,0.4494,vacuuming,lying,0,RED
101_272,101,0.4419,vacuuming,lying,0,RED
101_273,101,0.4259,vacuuming,lying,0,RED
101_274,101,0.4136,vacuuming,lying,0,RED
101_275,101,0.3983,vacuuming,lying,0,RED
101_276,101,0.3971,vacuuming,lying,0,RED
101_277,101,0.4611,vacuuming,lying,0,YELLOW
101_278,101,0.4551,vacuuming,lying,0,YELLOW
101_279,101,0.4507,vacuuming,lying,0,YELLOW
101_280,101,0.4413,vacuuming,lying,0,RED
101_281,101,0.4574,vacuuming,lying,0,YELLOW
101_282,101,0.4388,vacuuming,lying,0,RED
101_283,101,0.4556,vacuuming,lying,0,YELLOW
101_284,101,0.4757,vacuuming,lying,0,YELLOW
101_285,101,0.45,vacuuming,lying,0,RED
101_286,101,0.4177,vacuuming,lying,0,RED
101_287,101,0.448,vacuuming,lying,0,RED
101_288,101,0.3057,lying,lying,1,RED
101_289,101,0.3705,vacuuming,lying,0,RED
101_290,101,0.3288,vacuuming,lying,0,RED
101_291,101,0.4722,vacuuming,lying,0,YELLOW
101_292,101,0.4844,vacuuming,lying,0,YELLOW
101_293,101,0.4882,vacuuming,lying,0,YELLOW
101_294,101,0.457,vacuuming,lying,0,YELLOW
101_295,101,0.4852,vacuuming,lying,0,YELLOW
101_296,101,0.4094,vacuuming,lying,0,RED
101_297,101,0.4499,vacuuming,lying,0,RED
101_298,101,0.2925,vacuuming,lying,0,RED
101_299,101,0.3821,vacuuming,lying,0,RED
101_300,101,0.3577,vacuuming,lying,0,RED
101_301,101,0.3785,vacuuming,lying,0,RED
101_302,101,0.4176,vacuuming,lying,0,RED
101_303,101,0.3856,vacuuming,lying,0,RED
101_304,101,0.4835,vacuuming,lying,0,YELLOW
101_305,101,0.4462,vacuuming,lying,0,RED
101_306,101,0.4442,vacuuming,lying,0,RED
101_307,101,0.3744,vacuuming,lying,0,RED
101_308,101,0.3758,vacuuming,lying,0,RED
101_309,101,0.4263,vacuuming,lying,0,RED
101_310,101,0.4777,vacuuming,lying,0,YELLOW
101_311,101,0.4371,vacuuming,lying,0,RED
101_312,101,0.4385,vacuuming,lying,0,RED
101_313,101,0.4519,vacuuming,lying,0,YELLOW
101_314,101,0.4494,vacuuming,lying,0,RED
101_315,101,0.4061,vacuuming,lying,0,RED
101_316,101,0.3922,vacuuming,lying,0,RED
101_317,101,0.4021,vacuuming,lying,0,RED
101_318,101,0.5064,vacuuming,lying,0,YELLOW
101_319,101,0.5171,vacuuming,lying,0,YELLOW
101_320,101,0.5687,lying,lying,1,YELLOW
101_321,101,0.6261,lying,lying,1,YELLOW
101_322,101,0.4683,lying,lying,1,YELLOW
101_323,101,0.4274,lying,lying,1,RED
101_324,101,0.4644,lying,lying,1,YELLOW
101_325,101,0.6891,lying,lying,1,YELLOW
101_326,101,0.6442,lying,lying,1,YELLOW
101_327,101,0.8643,lying,lying,1,GREEN
101_328,101,0.9567,lying,lying,1,GREEN
101_329,101,0.9718,lying,lying,1,GREEN
101_330,101,0.9804,lying,lying,1,GREEN
101_331,101,0.9817,lying,lying,1,GREEN
101_332,101,0.9824,lying,lying,1,GREEN
101_333,101,0.988,lying,lying,1,GREEN
101_334,101,0.9877,lying,lying,1,GREEN
101_335,101,0.9836,lying,lying,1,GREEN
101_336,101,0.9891,lying,lying,1,GREEN
101_337,101,0.9896,lying,lying,1,GREEN
101_338,101,0.9738,lying,lying,1,GREEN
101_339,101,0.9845,lying,lying,1,GREEN
101_340,101,0.9913,lying,lying,1,GREEN
101_341,101,0.9921,lying,lying,1,GREEN
101_342,101,0.9921,lying,lying,1,GREEN
101_343,101,0.9908,lying,lying,1,GREEN
101_344,101,0.9894,lying,lying,1,GREEN
101_345,101,0.9901,lying,lying,1,GREEN
101_346,101,0.9906,lying,lying,1,GREEN
101_347,101,0.9906,lying,lying,1,GREEN
101_348,101,0.9876,lying,lying,1,GREEN
101_349,101,0.9835,lying,lying,1,GREEN
101_350,101,0.9854,lying,lying,1,GREEN
101_351,101,0.9891,lying,lying,1,GREEN
101_352,101,0.9861,lying,lying,1,GREEN
101_353,101,0.9861,lying,lying,1,GREEN
101_354,101,0.9861,lying,lying,1,GREEN
101_355,101,0.9861,lying,lying,1,GREEN
101_356,101,0.9876,lying,lying,1,GREEN
101_357,101,0.9876,lying,lying,1,GREEN
101_358,101,0.9861,lying,lying,1,GREEN
101_359,101,0.9861,lying,lying,1,GREEN
101_360,101,0.9861,lying,lying,1,GREEN
101_361,101,0.9861,lying,lying,1,GREEN
101_362,101,0.9861,lying,lying,1,GREEN
101_363,101,0.9861,lying,lying,1,GREEN
101_364,101,0.9861,lying,lying,1,GREEN
101_365,101,0.9861,lying,lying,1,GREEN
101_366,101,0.9861,lying,lying,1,GREEN
101_367,101,0.9861,lying,lying,1,GREEN
101_368,101,0.9861,lying,lying,1,GREEN
101_369,101,0.9861,lying,lying,1,GREEN
101_370,101,0.9861,lying,lying,1,GREEN
101_371,101,0.9861,lying,lying,1,GREEN
101_372,101,0.9861,lying,lying,1,GREEN
101_373,101,0.9861,lying,lying,1,GREEN
101_374,101,0.9861,lying,lying,1,GREEN
101_375,101,0.9861,lying,lying,1,GREEN
101_376,101,0.9861,lying,lying,1,GREEN
101_377,101,0.9861,lying,lying,1,GREEN
101_378,101,0.9861,lying,lying,1,GREEN
101_379,101,0.9861,lying,lying,1,GREEN
101_380,101,0.9861,lying,lying,1,GREEN
101_381,101,0.9861,lying,lying,1,GREEN
101_382,101,0.9854,lying,lying,1,GREEN
101_383,101,0.9861,lying,lying,1,GREEN
101_384,101,0.9861,lying,lying,1,GREEN
101_385,101,0.9861,lying,lying,1,GREEN
101_386,101,0.9861,lying,lying,1,GREEN
101_387,101,0.9861,lying,lying,1,GREEN
101_388,101,0.9861,lying,lying,1,GREEN
101_389,101,0.9861,lying,lying,1,GREEN
101_390,101,0.9861,lying,lying,1,GREEN
101_391,101,0.9861,lying,lying,1,GREEN
101_392,101,0.9861,lying,lying,1,GREEN
101_393,101,0.9861,lying,lying,1,GREEN
101_394,101,0.9861,lying,lying,1,GREEN
101_395,101,0.9861,lying,lying,1,GREEN
101_396,101,0.9861,lying,lying,1,GREEN
101_397,101,0.9861,lying,lying,1,GREEN
101_398,101,0.9835,lying,lying,1,GREEN
101_399,101,0.9835,lying,lying,1,GREEN
101_400,101,0.9861,lying,lying,1,GREEN
101_401,101,0.9861,lying,lying,1,GREEN
101_402,101,0.9861,lying,lying,1,GREEN
101_403,101,0.9861,lying,lying,1,GREEN
101_404,101,0.9861,lying,lying,1,GREEN
101_405,101,0.9861,lying,lying,1,GREEN
101_406,101,0.9861,lying,lying,1,GREEN
101_407,101,0.9861,lying,lying,1,GREEN
101_408,101,0.9861,lying,lying,1,GREEN
101_409,101,0.9861,lying,lying,1,GREEN
101_410,101,0.9861,lying,lying,1,GREEN
101_411,101,0.9861,lying,lying,1,GREEN
101_412,101,0.9861,lying,lying,1,GREEN
101_413,101,0.9861,lying,lying,1,GREEN
101_414,101,0.9861,lying,lying,1,GREEN
101_415,101,0.9861,lying,lying,1,GREEN
101_416,101,0.9861,lying,lying,1,GREEN
101_417,101,0.9861,lying,lying,1,GREEN
101_418,101,0.9861,lying,lying,1,GREEN
101_419,101,0.9861,lying,lying,1,GREEN
101_420,101,0.9861,lying,lying,1,GREEN
101_421,101,0.9861,lying,lying,1,GREEN
101_422,101,0.9861,lying,lying,1,GREEN
101_423,101,0.9861,lying,lying,1,GREEN
101_424,101,0.9861,lying,lying,1,GREEN
101_425,101,0.9861,lying,lying,1,GREEN
101_426,101,0.9861,lying,lying,1,GREEN
101_427,101,0.9861,lying,lying,1,GREEN
101_428,101,0.9861,lying,lying,1,GREEN
101_429,101,0.9861,lying,lying,1,GREEN
101_430,101,0.9861,lying,lying,1,GREEN
101_431,101,0.9861,lying,lying,1,GREEN
101_432,101,0.9861,lying,lying,1,GREEN
101_433,101,0.9861,lying,lying,1,GREEN
101_434,101,0.9861,lying,lying,1,GREEN
101_435,101,0.9854,lying,lying,1,GREEN
101_436,101,0.9861,lying,lying,1,GREEN
101_437,101,0.9861,lying,lying,1,GREEN
101_438,101,0.9861,lying,lying,1,GREEN
101_439,101,0.9861,lying,lying,1,GREEN
101_440,101,0.9861,lying,lying,1,GREEN
101_441,101,0.9861,lying,lying,1,GREEN
101_442,101,0.9861,lying,lying,1,GREEN
101_443,101,0.9861,lying,lying,1,GREEN
101_444,101,0.9861,lying,lying,1,GREEN
101_445,101,0.9861,lying,lying,1,GREEN
101_446,101,0.9861,lying,lying,1,GREEN
101_447,101,0.9861,lying,lying,1,GREEN
101_448,101,0.9861,lying,lying,1,GREEN
101_449,101,0.9861,lying,lying,1,GREEN
101_450,101,0.9861,lying,lying,1,GREEN
101_451,101,0.9861,lying,lying,1,GREEN
101_452,101,0.9861,lying,lying,1,GREEN
101_453,101,0.9861,lying,lying,1,GREEN
101_454,101,0.9861,lying,lying,1,GREEN
101_455,101,0.9861,lying,lying,1,GREEN
101_456,101,0.9861,lying,lying,1,GREEN
101_457,101,0.9861,lying,lying,1,GREEN
101_458,101,0.9861,lying,lying,1,GREEN
101_459,101,0.9861,lying,lying,1,GREEN
101_460,101,0.9861,lying,lying,1,GREEN
101_461,101,0.9861,lying,lying,1,GREEN
101_462,101,0.9861,lying,lying,1,GREEN
101_463,101,0.9861,lying,lying,1,GREEN
101_464,101,0.9861,lying,lying,1,GREEN
101_465,101,0.9861,lying,lying,1,GREEN
101_466,101,0.9861,lying,lying,1,GREEN
101_467,101,0.9861,lying,lying,1,GREEN
101_468,101,0.9861,lying,lying,1,GREEN
101_469,101,0.9861,lying,lying,1,GREEN
101_470,101,0.9861,lying,lying,1,GREEN
101_471,101,0.9861,lying,lying,1,GREEN
101_472,101,0.9861,lying,lying,1,GREEN
101_473,101,0.9861,lying,lying,1,GREEN
101_474,101,0.9861,lying,lying,1,GREEN
101_475,101,0.9861,lying,lying,1,GREEN
101_476,101,0.9861,lying,lying,1,GREEN
101_477,101,0.9861,lying,lying,1,GREEN
101_478,101,0.9847,lying,lying,1,GREEN
101_479,101,0.9847,lying,lying,1,GREEN
101_480,101,0.9861,lying,lying,1,GREEN
101_481,101,0.9861,lying,lying,1,GREEN
101_482,101,0.9861,lying,lying,1,GREEN
101_483,101,0.9861,lying,lying,1,GREEN
101_484,101,0.9861,lying,lying,1,GREEN
101_485,101,0.9861,lying,lying,1,GREEN
101_486,101,0.9861,lying,lying,1,GREEN
101_487,101,0.9861,lying,lying,1,GREEN
101_488,101,0.9861,lying,lying,1,GREEN
101_489,101,0.9861,lying,lying,1,GREEN
101_490,101,0.9861,lying,lying,1,GREEN
101_491,101,0.9861,lying,lying,1,GREEN
101_492,101,0.9861,lying,lying,1,GREEN
101_493,101,0.9861,lying,lying,1,GREEN
101_494,101,0.9861,lying,lying,1,GREEN
101_495,101,0.9861,lying,lying,1,GREEN
101_496,101,0.9861,lying,lying,1,GREEN
101_497,101,0.9861,lying,lying,1,GREEN
101_498,101,0.9861,lying,lying,1,GREEN
101_499,101,0.9861,lying,lying,1,GREEN
101_500,101,0.9861,lying,lying,1,GREEN
101_501,101,0.9861,lying,lying,1,GREEN
101_502,101,0.9861,lying,lying,1,GREEN
101_503,101,0.9861,lying,lying,1,GREEN
101_504,101,0.9861,lying,lying,1,GREEN
101_505,101,0.9861,lying,lying,1,GREEN
101_506,101,0.9847,lying,lying,1,GREEN
101_507,101,0.9861,lying,lying,1,GREEN
101_508,101,0.9861,lying,lying,1,GREEN
101_509,101,0.9861,lying,lying,1,GREEN
101_510,101,0.9861,lying,lying,1,GREEN
101_511,101,0.9861,lying,lying,1,GREEN
101_512,101,0.9861,lying,lying,1,GREEN
101_513,101,0.9861,lying,lying,1,GREEN
101_514,101,0.9861,lying,lying,1,GREEN
101_515,101,0.9861,lying,lying,1,GREEN
101_516,101,0.9861,lying,lying,1,GREEN
101_517,101,0.9861,lying,lying,1,GREEN
101_518,101,0.9861,lying,lying,1,GREEN
101_519,101,0.9861,lying,lying,1,GREEN
101_520,101,0.9854,lying,lying,1,GREEN
101_521,101,0.9847,lying,lying,1,GREEN
101_522,101,0.9876,lying,lying,1,GREEN
101_523,101,0.9876,lying,lying,1,GREEN
101_524,101,0.9727,lying,lying,1,GREEN
101_525,101,0.9646,lying,lying,1,GREEN
101_526,101,0.8793,lying,lying,1,GREEN
101_527,101,0.7289,lying,lying,1,YELLOW
101_528,101,0.4594,lying,lying,1,YELLOW
101_529,101,0.4779,lying,lying,1,YELLOW
101_530,101,0.6106,lying,lying,1,YELLOW
101_531,101,0.6035,lying,lying,1,YELLOW
101_532,101,0.5181,lying,lying,1,YELLOW
101_533,101,0.4284,lying,lying,1,RED
101_534,101,0.4166,lying,lying,1,RED
101_535,101,0.4076,lying,lying,1,RED
101_536,101,0.4024,lying,lying,1,RED
101_537,101,0.3966,lying,lying,1,RED
101_538,101,0.3971,lying,lying,1,RED
101_539,101,0.3995,lying,lying,1,RED
101_540,101,0.4351,lying,lying,1,RED
101_541,101,0.3956,lying,lying,1,RED
101_542,101,0.4378,lying,sitting,0,RED
101_543,101,0.3935,lying,sitting,0,RED
101_544,101,0.4011,lying,sitting,0,RED
101_545,101,0.3611,lying,sitting,0,RED
101_546,101,0.3041,lying,sitting,0,RED
101_547,101,0.2511,lying,sitting,0,RED
101_548,101,0.2355,running,sitting,0,RED
101_549,101,0.2872,lying,sitting,0,RED
101_550,101,0.3832,lying,sitting,0,RED
101_551,101,0.4124,lying,sitting,0,RED
101_552,101,0.446,lying,sitting,0,RED
101_553,101,0.4412,lying,sitting,0,RED
101_554,101,0.4466,lying,sitting,0,RED
101_555,101,0.4038,lying,sitting,0,RED
101_556,101,0.3712,lying,sitting,0,RED
101_557,101,0.342,lying,sitting,0,RED
101_558,101,0.3938,lying,sitting,0,RED
101_559,101,0.598,lying,sitting,0,YELLOW
101_560,101,0.4815,lying,sitting,0,YELLOW
101_561,101,0.5695,lying,sitting,0,YELLOW
101_562,101,0.5448,lying,sitting,0,YELLOW
101_563,101,0.6061,lying,sitting,0,YELLOW
101_564,101,0.6259,lying,sitting,0,YELLOW
101_565,101,0.6139,lying,sitting,0,YELLOW
101_566,101,0.6082,lying,sitting,0,YELLOW
101_567,101,0.5386,lying,sitting,0,YELLOW
101_568,101,0.638,lying,sitting,0,YELLOW
101_569,101,0.6322,lying,sitting,0,YELLOW
101_570,101,0.5952,lying,sitting,0,YELLOW
101_571,101,0.6031,lying,sitting,0,YELLOW
101_572,101,0.5953,lying,sitting,0,YELLOW
101_573,101,0.597,lying,sitting,0,YELLOW
101_574,101,0.5836,lying,sitting,0,YELLOW
101_575,101,0.5866,lying,sitting,0,YELLOW
101_576,101,0.5623,lying,sitting,0,YELLOW
101_577,101,0.5923,lying,sitting,0,YELLOW
101_578,101,0.5933,lying,sitting,0,YELLOW
101_579,101,0.597,lying,sitting,0,YELLOW
101_580,101,0.5964,lying,sitting,0,YELLOW
101_581,101,0.5952,lying,sitting,0,YELLOW
101_582,101,0.5712,lying,sitting,0,YELLOW
101_583,101,0.5917,lying,sitting,0,YELLOW
101_584,101,0.5992,lying,sitting,0,YELLOW
101_585,101,0.5916,lying,sitting,0,YELLOW
101_586,101,0.5894,lying,sitting,0,YELLOW
101_587,101,0.5905,lying,sitting,0,YELLOW
101_588,101,0.572,lying,sitting,0,YELLOW
101_589,101,0.5789,lying,sitting,0,YELLOW
101_590,101,0.5732,lying,sitting,0,YELLOW
101_591,101,0.5616,lying,sitting,0,YELLOW
101_592,101,0.5395,lying,sitting,0,YELLOW
101_593,101,0.5501,lying,sitting,0,YELLOW
101_594,101,0.5374,lying,sitting,0,YELLOW
101_595,101,0.5243,lying,sitting,0,YELLOW
101_596,101,0.5433,lying,sitting,0,YELLOW
101_597,101,0.566,lying,sitting,0,YELLOW
101_598,101,0.5594,lying,sitting,0,YELLOW
101_599,101,0.5244,lying,sitting,0,YELLOW
101_600,101,0.5686,lying,sitting,0,YELLOW
101_601,101,0.5643,lying,sitting,0,YELLOW
101_602,101,0.5634,lying,sitting,0,YELLOW
101_603,101,0.5721,lying,sitting,0,YELLOW
101_604,101,0.567,lying,sitting,0,YELLOW
101_605,101,0.5641,lying,sitting,0,YELLOW
101_606,101,0.5653,lying,sitting,0,YELLOW
101_607,101,0.5571,lying,sitting,0,YELLOW
101_608,101,0.5587,lying,sitting,0,YELLOW
101_609,101,0.5694,lying,sitting,0,YELLOW
101_610,101,0.5681,lying,sitting,0,YELLOW
101_611,101,0.565,lying,sitting,0,YELLOW
101_612,101,0.5724,lying,sitting,0,YELLOW
101_613,101,0.5728,lying,sitting,0,YELLOW
101_614,101,0.571,lying,sitting,0,YELLOW
101_615,101,0.5465,lying,sitting,0,YELLOW
101_616,101,0.5041,lying,sitting,0,YELLOW
101_617,101,0.4824,lying,sitting,0,YELLOW
101_618,101,0.5918,vacuuming,sitting,0,YELLOW
101_619,101,0.5834,vacuuming,sitting,0,YELLOW
101_620,101,0.7208,vacuuming,sitting,0,YELLOW
101_621,101,0.5315,vacuuming,sitting,0,YELLOW
101_622,101,0.4432,vacuuming,sitting,0,RED
101_623,101,0.6011,vacuuming,sitting,0,YELLOW
101_624,101,0.3712,vacuuming,sitting,0,RED
101_625,101,0.201,nordic_walk,sitting,0,RED
101_626,101,0.2556,standing,sitting,0,RED
101_627,101,0.3233,standing,sitting,0,RED
101_628,101,0.2838,lying,sitting,0,RED
101_629,101,0.2847,standing,sitting,0,RED
101_630,101,0.3394,lying,sitting,0,RED
101_631,101,0.3223,lying,sitting,0,RED
101_632,101,0.3197,lying,sitting,0,RED
101_633,101,0.3155,lying,sitting,0,RED
101_634,101,0.3058,lying,sitting,0,RED
101_635,101,0.3027,lying,sitting,0,RED
101_636,101,0.314,lying,sitting,0,RED
101_637,101,0.3328,lying,sitting,0,RED
101_638,101,0.3299,lying,sitting,0,RED
101_639,101,0.336,lying,sitting,0,RED
101_640,101,0.3056,lying,sitting,0,RED
101_641,101,0.3429,ironing,sitting,0,RED
101_642,101,0.3516,lying,sitting,0,RED
101_643,101,0.3566,lying,sitting,0,RED
101_644,101,0.362,lying,sitting,0,RED
101_645,101,0.3663,lying,sitting,0,RED
101_646,101,0.3828,lying,sitting,0,RED
101_647,101,0.3782,lying,sitting,0,RED
101_648,101,0.3672,lying,sitting,0,RED
101_649,101,0.3544,lying,sitting,0,RED
101_650,101,0.3593,lying,sitting,0,RED
101_651,101,0.3759,lying,sitting,0,RED
101_652,101,0.3689,lying,sitting,0,RED
101_653,101,0.3698,lying,sitting,0,RED
101_654,101,0.3642,lying,sitting,0,RED
101_655,101,0.3577,lying,sitting,0,RED
101_656,101,0.3658,lying,sitting,0,RED
101_657,101,0.3628,lying,sitting,0,RED
101_658,101,0.3674,lying,sitting,0,RED
101_659,101,0.3824,lying,sitting,0,RED
101_660,101,0.3617,lying,sitting,0,RED
101_661,101,0.3711,lying,sitting,0,RED
101_662,101,0.3653,lying,sitting,0,RED
101_663,101,0.3599,lying,sitting,0,RED
101_664,101,0.3748,lying,sitting,0,RED
101_665,101,0.4021,lying,sitting,0,RED
101_666,101,0.3723,lying,sitting,0,RED
101_667,101,0.3764,lying,sitting,0,RED
101_668,101,0.3784,lying,sitting,0,RED
101_669,101,0.3735,lying,sitting,0,RED
101_670,101,0.3759,lying,sitting,0,RED
101_671,101,0.3798,lying,sitting,0,RED
101_672,101,0.3704,lying,sitting,0,RED
101_673,101,0.3614,lying,sitting,0,RED
101_674,101,0.3694,lying,sitting,0,RED
101_675,101,0.3646,lying,sitting,0,RED
101_676,101,0.3589,lying,sitting,0,RED
101_677,101,0.3605,lying,sitting,0,RED
101_678,101,0.3655,lying,sitting,0,RED
101_679,101,0.3592,lying,sitting,0,RED
101_680,101,0.362,lying,sitting,0,RED
101_681,101,0.3471,lying,sitting,0,RED
101_682,101,0.3374,lying,sitting,0,RED
101_683,101,0.365,lying,sitting,0,RED
101_684,101,0.3401,ironing,sitting,0,RED
101_685,101,0.3436,ironing,sitting,0,RED
101_686,101,0.3567,lying,sitting,0,RED
101_687,101,0.3731,lying,sitting,0,RED
101_688,101,0.3367,lying,sitting,0,RED
101_689,101,0.3571,lying,sitting,0,RED
101_690,101,0.3528,lying,sitting,0,RED
101_691,101,0.3368,lying,sitting,0,RED
101_692,101,0.3495,lying,sitting,0,RED
101_693,101,0.3573,lying,sitting,0,RED
101_694,101,0.3516,lying,sitting,0,RED
101_695,101,0.3485,lying,sitting,0,RED
101_696,101,0.3618,lying,sitting,0,RED
101_697,101,0.3619,lying,sitting,0,RED
101_698,101,0.3672,lying,sitting,0,RED
101_699,101,0.3647,lying,sitting,0,RED
101_700,101,0.368,lying,sitting,0,RED
101_701,101,0.3525,lying,sitting,0,RED
101_702,101,0.3675,lying,sitting,0,RED
101_703,101,0.3668,lying,sitting,0,RED
101_704,101,0.3682,lying,sitting,0,RED
101_705,101,0.3708,lying,sitting,0,RED
101_706,101,0.3705,lying,sitting,0,RED
101_707,101,0.371,lying,sitting,0,RED
101_708,101,0.3647,lying,sitting,0,RED
101_709,101,0.3593,lying,sitting,0,RED
101_710,101,0.3511,lying,sitting,0,RED
101_711,101,0.3304,lying,sitting,0,RED
101_712,101,0.3173,ironing,sitting,0,RED
101_713,101,0.37,ironing,sitting,0,RED
101_714,101,0.3431,ironing,sitting,0,RED
101_715,101,0.346,ironing,sitting,0,RED
101_716,101,0.356,lying,sitting,0,RED
101_717,101,0.3869,lying,sitting,0,RED
101_718,101,0.3813,lying,sitting,0,RED
101_719,101,0.3873,lying,sitting,0,RED
101_720,101,0.4168,lying,sitting,0,RED
101_721,101,0.3795,lying,sitting,0,RED
101_722,101,0.3573,lying,sitting,0,RED
101_723,101,0.3862,lying,sitting,0,RED
101_724,101,0.4143,lying,sitting,0,RED
101_725,101,0.4128,lying,sitting,0,RED
101_726,101,0.4104,lying,sitting,0,RED
101_727,101,0.4299,lying,sitting,0,RED
101_728,101,0.4281,lying,sitting,0,RED
101_729,101,0.4337,lying,sitting,0,RED
101_730,101,0.4291,lying,sitting,0,RED
101_731,101,0.4259,lying,sitting,0,RED
101_732,101,0.4232,lying,sitting,0,RED
101_733,101,0.4326,lying,sitting,0,RED
101_734,101,0.4345,lying,sitting,0,RED
101_735,101,0.4197,lying,sitting,0,RED
101_736,101,0.4239,lying,sitting,0,RED
101_737,101,0.3875,lying,sitting,0,RED
101_738,101,0.32,lying,sitting,0,RED
101_739,101,0.1904,ironing,sitting,0,RED
101_740,101,0.3417,ironing,sitting,0,RED
101_741,101,0.3789,ironing,sitting,0,RED
101_742,101,0.3749,ironing,sitting,0,RED
101_743,101,0.2091,standing,sitting,0,RED
101_744,101,0.28,stairs_down,sitting,0,RED
101_745,101,0.2125,sitting,sitting,1,RED
101_746,101,0.2837,stairs_down,sitting,0,RED
101_747,101,0.2778,stairs_down,sitting,0,RED
101_748,101,0.2466,sitting,sitting,1,RED
101_749,101,0.252,standing,sitting,0,RED
101_750,101,0.2524,standing,sitting,0,RED
101_751,101,0.2645,standing,sitting,0,RED
101_752,101,0.2399,standing,sitting,0,RED
101_753,101,0.2516,sitting,sitting,1,RED
101_754,101,0.2491,sitting,sitting,1,RED
101_755,101,0.2482,sitting,sitting,1,RED
101_756,101,0.2088,standing,sitting,0,RED
101_757,101,0.2106,standing,sitting,0,RED
101_758,101,0.2185,stairs_down,sitting,0,RED
101_759,101,0.2502,sitting,sitting,1,RED
101_760,101,0.2535,sitting,sitting,1,RED
101_761,101,0.2651,standing,sitting,0,RED
101_762,101,0.2467,sitting,sitting,1,RED
101_763,101,0.2455,sitting,sitting,1,RED
101_764,101,0.2589,standing,sitting,0,RED
101_765,101,0.2225,standing,sitting,0,RED
101_766,101,0.2327,standing,sitting,0,RED
101_767,101,0.2942,standing,sitting,0,RED
101_768,101,0.2896,standing,sitting,0,RED
101_769,101,0.2307,standing,sitting,0,RED
101_770,101,0.2509,sitting,sitting,1,RED
101_771,101,0.2572,stairs_down,sitting,0,RED
101_772,101,0.2159,sitting,sitting,1,RED
101_773,101,0.2443,sitting,sitting,1,RED
101_774,101,0.2264,standing,sitting,0,RED
101_775,101,0.3135,standing,sitting,0,RED
101_776,101,0.2461,sitting,sitting,1,RED
101_777,101,0.2472,sitting,sitting,1,RED
101_778,101,0.2465,sitting,sitting,1,RED
101_779,101,0.2345,standing,sitting,0,RED
101_780,101,0.2473,sitting,sitting,1,RED
101_781,101,0.2476,sitting,sitting,1,RED
101_782,101,0.2495,sitting,sitting,1,RED
101_783,101,0.2496,sitting,sitting,1,RED
101_784,101,0.2436,standing,sitting,0,RED
101_785,101,0.2559,standing,sitting,0,RED
101_786,101,0.2457,sitting,sitting,1,RED
101_787,101,0.2481,sitting,sitting,1,RED
101_788,101,0.2364,standing,sitting,0,RED
101_789,101,0.2459,sitting,sitting,1,RED
101_790,101,0.2686,standing,sitting,0,RED
101_791,101,0.3051,standing,sitting,0,RED
101_792,101,0.2247,standing,sitting,0,RED
101_793,101,0.2555,standing,sitting,0,RED
101_794,101,0.2502,sitting,sitting,1,RED
101_795,101,0.2497,sitting,sitting,1,RED
101_796,101,0.2473,sitting,sitting,1,RED
101_797,101,0.241,standing,sitting,0,RED
101_798,101,0.2497,sitting,sitting,1,RED
101_799,101,0.2481,sitting,sitting,1,RED
101_800,101,0.2354,standing,sitting,0,RED
101_801,101,0.2873,standing,sitting,0,RED
101_802,101,0.2507,sitting,sitting,1,RED
101_803,101,0.2444,sitting,sitting,1,RED
101_804,101,0.2643,standing,sitting,0,RED
101_805,101,0.3497,standing,sitting,0,RED
101_806,101,0.3022,standing,sitting,0,RED
101_807,101,0.2624,standing,sitting,0,RED
101_808,101,0.2267,standing,sitting,0,RED
101_809,101,0.2681,standing,sitting,0,RED
101_810,101,0.2288,standing,sitting,0,RED
101_811,101,0.2654,standing,sitting,0,RED
101_812,101,0.2269,standing,sitting,0,RED
101_813,101,0.2408,standing,sitting,0,RED
101_814,101,0.262,standing,sitting,0,RED
101_815,101,0.2192,sitting,sitting,1,RED
101_816,101,0.2219,standing,sitting,0,RED
101_817,101,0.2907,standing,sitting,0,RED
101_818,101,0.2151,standing,sitting,0,RED
101_819,101,0.2488,sitting,sitting,1,RED
101_820,101,0.2458,standing,sitting,0,RED
101_821,101,0.248,sitting,sitting,1,RED
101_822,101,0.2336,standing,sitting,0,RED
101_823,101,0.2537,standing,sitting,0,RED
101_824,101,0.2284,standing,sitting,0,RED
101_825,101,0.2168,standing,sitting,0,RED
101_826,101,0.2466,standing,sitting,0,RED
101_827,101,0.2371,standing,sitting,0,RED
101_828,101,0.2475,sitting,sitting,1,RED
101_829,101,0.2461,sitting,sitting,1,RED
101_830,101,0.2627,standing,sitting,0,RED
101_831,101,0.228,standing,sitting,0,RED
101_832,101,0.2679,standing,sitting,0,RED
101_833,101,0.233,standing,sitting,0,RED
101_834,101,0.2651,standing,sitting,0,RED
101_835,101,0.215,standing,sitting,0,RED
101_836,101,0.2702,stairs_down,sitting,0,RED
101_837,101,0.2409,stairs_down,sitting,0,RED
101_838,101,0.334,ironing,sitting,0,RED
101_839,101,0.3587,ironing,sitting,0,RED
101_840,101,0.2319,stairs_down,sitting,0,RED
101_841,101,0.2239,stairs_down,sitting,0,RED
101_842,101,0.1973,stairs_down,sitting,0,RED
101_843,101,0.2061,stairs_down,sitting,0,RED
101_844,101,0.2305,stairs_down,sitting,0,RED
101_845,101,0.3021,ironing,sitting,0,RED
101_846,101,0.3564,ironing,sitting,0,RED
101_847,101,0.4259,ironing,sitting,0,RED
101_848,101,0.5152,ironing,sitting,0,YELLOW
101_849,101,0.3799,ironing,sitting,0,RED
101_850,101,0.3383,nordic_walk,sitting,0,RED
101_851,101,0.3302,nordic_walk,sitting,0,RED
101_852,101,0.256,nordic_walk,sitting,0,RED
101_853,101,0.2204,nordic_walk,sitting,0,RED
101_854,101,0.2172,nordic_walk,sitting,0,RED
101_855,101,0.2443,sitting,sitting,1,RED
101_856,101,0.2174,nordic_walk,sitting,0,RED
101_857,101,0.2259,stairs_down,sitting,0,RED
101_858,101,0.264,stairs_down,sitting,0,RED
101_859,101,0.1934,vacuuming,sitting,0,RED
101_860,101,0.3714,vacuuming,sitting,0,RED
101_861,101,0.4105,vacuuming,sitting,0,RED
101_862,101,0.6015,vacuuming,sitting,0,YELLOW
101_863,101,0.577,vacuuming,sitting,0,YELLOW
101_864,101,0.4965,vacuuming,sitting,0,YELLOW
101_865,101,0.4232,ironing,sitting,0,RED
101_866,101,0.5124,ironing,sitting,0,YELLOW
101_867,101,0.4624,ironing,sitting,0,YELLOW
101_868,101,0.31,nordic_walk,sitting,0,RED
101_869,101,0.2702,nordic_walk,sitting,0,RED
101_870,101,0.227,nordic_walk,sitting,0,RED
101_871,101,0.2562,stairs_down,sitting,0,RED
101_872,101,0.2712,stairs_down,sitting,0,RED
101_873,101,0.2684,nordic_walk,sitting,0,RED
101_874,101,0.2392,nordic_walk,sitting,0,RED
101_875,101,0.2482,nordic_walk,sitting,0,RED
101_876,101,0.2429,nordic_walk,sitting,0,RED
101_877,101,0.2215,nordic_walk,sitting,0,RED
101_878,101,0.2862,nordic_walk,sitting,0,RED
101_879,101,0.2354,nordic_walk,sitting,0,RED
101_880,101,0.2427,sitting,sitting,1,RED
101_881,101,0.2445,nordic_walk,sitting,0,RED
101_882,101,0.2375,nordic_walk,sitting,0,RED
101_883,101,0.2286,nordic_walk,sitting,0,RED
101_884,101,0.2889,nordic_walk,sitting,0,RED
101_885,101,0.365,nordic_walk,sitting,0,RED
101_886,101,0.2439,nordic_walk,sitting,0,RED
101_887,101,0.3038,nordic_walk,sitting,0,RED
101_888,101,0.245,nordic_walk,sitting,0,RED
101_889,101,0.2676,nordic_walk,sitting,0,RED
101_890,101,0.2323,nordic_walk,sitting,0,RED
101_891,101,0.2365,nordic_walk,sitting,0,RED
101_892,101,0.2434,nordic_walk,sitting,0,RED
101_893,101,0.2179,nordic_walk,sitting,0,RED
101_894,101,0.29,nordic_walk,sitting,0,RED
101_895,101,0.3486,ironing,sitting,0,RED
101_896,101,0.3715,ironing,sitting,0,RED
101_897,101,0.2189,ironing,sitting,0,RED
101_898,101,0.1909,vacuuming,sitting,0,RED
101_899,101,0.2097,vacuuming,sitting,0,RED
101_900,101,0.2373,vacuuming,sitting,0,RED
101_901,101,0.3189,stairs_down,sitting,0,RED
101_902,101,0.2568,vacuuming,sitting,0,RED
101_903,101,0.2814,vacuuming,sitting,0,RED
101_904,101,0.2816,stairs_down,sitting,0,RED
101_905,101,0.2465,vacuuming,sitting,0,RED
101_906,101,0.2786,stairs_down,sitting,0,RED
101_907,101,0.272,vacuuming,sitting,0,RED
101_908,101,0.2828,stairs_down,sitting,0,RED
101_909,101,0.27,vacuuming,sitting,0,RED
101_910,101,0.3051,vacuuming,sitting,0,RED
101_911,101,0.3402,vacuuming,sitting,0,RED
101_912,101,0.2476,vacuuming,sitting,0,RED
101_913,101,0.3147,stairs_down,sitting,0,RED
101_914,101,0.315,stairs_down,sitting,0,RED
101_915,101,0.2782,vacuuming,sitting,0,RED
101_916,101,0.2819,vacuuming,sitting,0,RED
101_917,101,0.2521,vacuuming,sitting,0,RED
101_918,101,0.3321,stairs_down,sitting,0,RED
101_919,101,0.2964,vacuuming,sitting,0,RED
101_920,101,0.2954,vacuuming,sitting,0,RED
101_921,101,0.2967,vacuuming,sitting,0,RED
101_922,101,0.2681,vacuuming,sitting,0,RED
101_923,101,0.2959,vacuuming,sitting,0,RED
101_924,101,0.2995,stairs_down,sitting,0,RED
101_925,101,0.27,vacuuming,sitting,0,RED
101_926,101,0.292,vacuuming,sitting,0,RED
101_927,101,0.2609,vacuuming,sitting,0,RED
101_928,101,0.2593,stairs_down,sitting,0,RED
101_929,101,0.2754,vacuuming,sitting,0,RED
101_930,101,0.2915,vacuuming,sitting,0,RED
101_931,101,0.2717,vacuuming,sitting,0,RED
101_932,101,0.3143,vacuuming,sitting,0,RED
101_933,101,0.2694,vacuuming,sitting,0,RED
101_934,101,0.3004,vacuuming,sitting,0,RED
101_935,101,0.2813,vacuuming,sitting,0,RED
101_936,101,0.2999,vacuuming,sitting,0,RED
101_937,101,0.2802,vacuuming,sitting,0,RED
101_938,101,0.306,vacuuming,sitting,0,RED
101_939,101,0.3439,vacuuming,sitting,0,RED
101_940,101,0.3061,vacuuming,sitting,0,RED
101_941,101,0.3024,vacuuming,sitting,0,RED
101_942,101,0.2608,vacuuming,sitting,0,RED
101_943,101,0.2849,vacuuming,sitting,0,RED
101_944,101,0.3002,stairs_down,sitting,0,RED
101_945,101,0.3141,vacuuming,sitting,0,RED
101_946,101,0.3141,stairs_down,sitting,0,RED
101_947,101,0.3061,stairs_down,sitting,0,RED
101_948,101,0.2778,vacuuming,sitting,0,RED
101_949,101,0.3089,stairs_down,sitting,0,RED
101_950,101,0.2885,vacuuming,sitting,0,RED
101_951,101,0.2966,vacuuming,sitting,0,RED
101_952,101,0.2929,vacuuming,sitting,0,RED
101_953,101,0.312,vacuuming,sitting,0,RED
101_954,101,0.2714,vacuuming,sitting,0,RED
101_955,101,0.3181,vacuuming,sitting,0,RED
101_956,101,0.3108,stairs_down,sitting,0,RED
101_957,101,0.3005,vacuuming,sitting,0,RED
101_958,101,0.3394,vacuuming,sitting,0,RED
101_959,101,0.3197,vacuuming,sitting,0,RED
101_960,101,0.2947,vacuuming,sitting,0,RED
101_961,101,0.2878,vacuuming,sitting,0,RED
101_962,101,0.2461,vacuuming,sitting,0,RED
101_963,101,0.2631,vacuuming,sitting,0,RED
101_964,101,0.3067,vacuuming,sitting,0,RED
101_965,101,0.2726,vacuuming,sitting,0,RED
101_966,101,0.3143,vacuuming,sitting,0,RED
101_967,101,0.2985,vacuuming,sitting,0,RED
101_968,101,0.2914,vacuuming,sitting,0,RED
101_969,101,0.3072,vacuuming,sitting,0,RED
101_970,101,0.3191,vacuuming,sitting,0,RED
101_971,101,0.3015,stairs_down,sitting,0,RED
101_972,101,0.3002,vacuuming,sitting,0,RED
101_973,101,0.339,vacuuming,sitting,0,RED
101_974,101,0.3469,stairs_down,sitting,0,RED
101_975,101,0.3848,vacuuming,sitting,0,RED
101_976,101,0.3864,vacuuming,sitting,0,RED
101_977,101,0.328,vacuuming,sitting,0,RED
101_978,101,0.2641,vacuuming,sitting,0,RED
101_979,101,0.2454,stairs_down,sitting,0,RED
101_980,101,0.2711,stairs_down,sitting,0,RED
101_981,101,0.2012,stairs_down,sitting,0,RED
101_982,101,0.2293,stairs_down,sitting,0,RED
101_983,101,0.2027,vacuuming,sitting,0,RED
101_984,101,0.2029,vacuuming,sitting,0,RED
101_985,101,0.2541,vacuuming,sitting,0,RED
101_986,101,0.2927,stairs_down,sitting,0,RED
101_987,101,0.2964,stairs_down,sitting,0,RED
101_988,101,0.2621,stairs_down,sitting,0,RED
101_989,101,0.2026,stairs_down,sitting,0,RED
101_990,101,0.2288,stairs_down,sitting,0,RED
101_991,101,0.2268,stairs_down,sitting,0,RED
101_992,101,0.2051,stairs_down,sitting,0,RED
101_993,101,0.2657,stairs_down,sitting,0,RED
101_994,101,0.2973,stairs_down,sitting,0,RED
101_995,101,0.2671,stairs_down,sitting,0,RED
101_996,101,0.345,vacuuming,sitting,0,RED
101_997,101,0.4974,vacuuming,sitting,0,YELLOW
101_998,101,0.4954,vacuuming,sitting,0,YELLOW
101_999,101,0.6043,vacuuming,sitting,0,YELLOW
101_1000,101,0.5859,vacuuming,sitting,0,YELLOW
101_1001,101,0.4228,vacuuming,sitting,0,RED
101_1002,101,0.4089,vacuuming,sitting,0,RED
101_1003,101,0.5301,ironing,sitting,0,YELLOW
101_1004,101,0.5217,ironing,sitting,0,YELLOW
101_1005,101,0.45,ironing,sitting,0,YELLOW
101_1006,101,0.5482,ironing,sitting,0,YELLOW
101_1007,101,0.436,ironing,sitting,0,RED
101_1008,101,0.34,ironing,sitting,0,RED
101_1009,101,0.2953,nordic_walk,sitting,0,RED
101_1010,101,0.3909,nordic_walk,standing,0,RED
101_1011,101,0.3942,nordic_walk,standing,0,RED
101_1012,101,0.3943,nordic_walk,standing,0,RED
101_1013,101,0.3146,nordic_walk,standing,0,RED
101_1014,101,0.3122,ironing,standing,0,RED
101_1015,101,0.3909,nordic_walk,standing,0,RED
101_1016,101,0.4,nordic_walk,standing,0,RED
101_1017,101,0.3411,nordic_walk,standing,0,RED
101_1018,101,0.3342,nordic_walk,standing,0,RED
101_1019,101,0.3261,nordic_walk,standing,0,RED
101_1020,101,0.3293,nordic_walk,standing,0,RED
101_1021,101,0.2207,nordic_walk,standing,0,RED
101_1022,101,0.2842,nordic_walk,standing,0,RED
101_1023,101,0.3228,nordic_walk,standing,0,RED
101_1024,101,0.2773,nordic_walk,standing,0,RED
101_1025,101,0.3392,nordic_walk,standing,0,RED
101_1026,101,0.3411,nordic_walk,standing,0,RED
101_1027,101,0.2606,nordic_walk,standing,0,RED
101_1028,101,0.2703,vacuuming,standing,0,RED
101_1029,101,0.4075,nordic_walk,standing,0,RED
101_1030,101,0.2984,nordic_walk,standing,0,RED
101_1031,101,0.3962,nordic_walk,standing,0,RED
101_1032,101,0.43,ironing,standing,0,RED
101_1033,101,0.3959,ironing,standing,0,RED
101_1034,101,0.4604,ironing,standing,0,YELLOW
101_1035,101,0.3945,ironing,standing,0,RED
101_1036,101,0.315,ironing,standing,0,RED
101_1037,101,0.2731,vacuuming,standing,0,RED
101_1038,101,0.406,ironing,standing,0,RED
101_1039,101,0.4277,ironing,standing,0,RED
101_1040,101,0.5259,ironing,standing,0,YELLOW
101_1041,101,0.6143,ironing,standing,0,YELLOW
101_1042,101,0.4338,ironing,standing,0,RED
101_1043,101,0.4573,ironing,standing,0,YELLOW
101_1044,101,0.4099,ironing,standing,0,RED
101_1045,101,0.3515,vacuuming,standing,0,RED
101_1046,101,0.3118,vacuuming,standing,0,RED
101_1047,101,0.2553,stairs_down,standing,0,RED
101_1048,101,0.2423,vacuuming,standing,0,RED
101_1049,101,0.2802,vacuuming,standing,0,RED
101_1050,101,0.2583,vacuuming,standing,0,RED
101_1051,101,0.2841,vacuuming,standing,0,RED
101_1052,101,0.243,vacuuming,standing,0,RED
101_1053,101,0.2706,vacuuming,standing,0,RED
101_1054,101,0.2094,vacuuming,standing,0,RED
101_1055,101,0.264,stairs_down,standing,0,RED
101_1056,101,0.2933,stairs_down,standing,0,RED
101_1057,101,0.265,stairs_down,standing,0,RED
101_1058,101,0.2974,stairs_down,standing,0,RED
101_1059,101,0.2928,stairs_down,standing,0,RED
101_1060,101,0.2267,stairs_down,standing,0,RED
101_1061,101,0.2238,vacuuming,standing,0,RED
101_1062,101,0.2678,stairs_down,standing,0,RED
101_1063,101,0.2705,stairs_down,standing,0,RED
101_1064,101,0.2465,stairs_down,standing,0,RED
101_1065,101,0.2495,stairs_down,standing,0,RED
101_1066,101,0.2627,stairs_down,standing,0,RED
101_1067,101,0.2674,vacuuming,standing,0,RED
101_1068,101,0.3877,vacuuming,standing,0,RED
101_1069,101,0.3113,vacuuming,standing,0,RED
101_1070,101,0.2808,ironing,standing,0,RED
101_1071,101,0.3913,ironing,standing,0,RED
101_1072,101,0.2722,ironing,standing,0,RED
101_1073,101,0.2452,lying,standing,0,RED
101_1074,101,0.4056,lying,standing,0,RED
101_1075,101,0.4297,lying,standing,0,RED
101_1076,101,0.4923,lying,standing,0,YELLOW
101_1077,101,0.5424,lying,standing,0,YELLOW
101_1078,101,0.5095,lying,standing,0,YELLOW
101_1079,101,0.5401,lying,standing,0,YELLOW
101_1080,101,0.5461,lying,standing,0,YELLOW
101_1081,101,0.4831,lying,standing,0,YELLOW
101_1082,101,0.5495,lying,standing,0,YELLOW
101_1083,101,0.5513,lying,standing,0,YELLOW
101_1084,101,0.6758,lying,standing,0,YELLOW
101_1085,101,0.5453,lying,standing,0,YELLOW
101_1086,101,0.5804,lying,standing,0,YELLOW
101_1087,101,0.5538,lying,standing,0,YELLOW
101_1088,101,0.6396,lying,standing,0,YELLOW
101_1089,101,0.5819,lying,standing,0,YELLOW
101_1090,101,0.4498,lying,standing,0,RED
101_1091,101,0.6463,lying,standing,0,YELLOW
101_1092,101,0.6085,lying,standing,0,YELLOW
101_1093,101,0.5462,lying,standing,0,YELLOW
101_1094,101,0.5112,lying,standing,0,YELLOW
101_1095,101,0.5723,lying,standing,0,YELLOW
101_1096,101,0.5087,lying,standing,0,YELLOW
101_1097,101,0.5889,lying,standing,0,YELLOW
101_1098,101,0.4849,lying,standing,0,YELLOW
101_1099,101,0.4354,lying,standing,0,RED
101_1100,101,0.4979,lying,standing,0,YELLOW
101_1101,101,0.5052,lying,standing,0,YELLOW
101_1102,101,0.5051,lying,standing,0,YELLOW
101_1103,101,0.5607,lying,standing,0,YELLOW
101_1104,101,0.5973,lying,standing,0,YELLOW
101_1105,101,0.5912,lying,standing,0,YELLOW
101_1106,101,0.5044,lying,standing,0,YELLOW
101_1107,101,0.4706,lying,standing,0,YELLOW
101_1108,101,0.4222,lying,standing,0,RED
101_1109,101,0.4209,lying,standing,0,RED
101_1110,101,0.3976,lying,standing,0,RED
101_1111,101,0.4039,lying,standing,0,RED
101_1112,101,0.4521,lying,standing,0,YELLOW
101_1113,101,0.4848,lying,standing,0,YELLOW
101_1114,101,0.5126,lying,standing,0,YELLOW
101_1115,101,0.4669,lying,standing,0,YELLOW
101_1116,101,0.4298,lying,standing,0,RED
101_1117,101,0.4629,lying,standing,0,YELLOW
101_1118,101,0.5608,lying,standing,0,YELLOW
101_1119,101,0.4986,lying,standing,0,YELLOW
101_1120,101,0.3718,lying,standing,0,RED
101_1121,101,0.3723,lying,standing,0,RED
101_1122,101,0.373,lying,standing,0,RED
101_1123,101,0.3714,lying,standing,0,RED
101_1124,101,0.3708,lying,standing,0,RED
101_1125,101,0.3544,lying,standing,0,RED
101_1126,101,0.3603,lying,standing,0,RED
101_1127,101,0.3676,lying,standing,0,RED
101_1128,101,0.3668,lying,standing,0,RED
101_1129,101,0.3667,lying,standing,0,RED
101_1130,101,0.3811,lying,standing,0,RED
101_1131,101,0.4015,lying,standing,0,RED
101_1132,101,0.4229,lying,standing,0,RED
101_1133,101,0.4495,lying,standing,0,RED
101_1134,101,0.4663,lying,standing,0,YELLOW
101_1135,101,0.493,lying,standing,0,YELLOW
101_1136,101,0.393,lying,standing,0,RED
101_1137,101,0.3778,lying,standing,0,RED
101_1138,101,0.3691,lying,standing,0,RED
101_1139,101,0.3713,lying,standing,0,RED
101_1140,101,0.3674,lying,standing,0,RED
101_1141,101,0.3688,lying,standing,0,RED
101_1142,101,0.3715,ironing,standing,0,RED
101_1143,101,0.3681,lying,standing,0,RED
101_1144,101,0.3588,lying,standing,0,RED
101_1145,101,0.489,lying,standing,0,YELLOW
101_1146,101,0.3679,lying,standing,0,RED
101_1147,101,0.3613,lying,standing,0,RED
101_1148,101,0.3663,ironing,standing,0,RED
101_1149,101,0.363,lying,standing,0,RED
101_1150,101,0.3652,lying,standing,0,RED
101_1151,101,0.37,lying,standing,0,RED
101_1152,101,0.3725,lying,standing,0,RED
101_1153,101,0.3868,lying,standing,0,RED
101_1154,101,0.364,lying,standing,0,RED
101_1155,101,0.4311,vacuuming,standing,0,RED
101_1156,101,0.4016,vacuuming,standing,0,RED
101_1157,101,0.2906,vacuuming,standing,0,RED
101_1158,101,0.2817,ironing,standing,0,RED
101_1159,101,0.2789,ironing,standing,0,RED
101_1160,101,0.2948,ironing,standing,0,RED
101_1161,101,0.3306,ironing,standing,0,RED
101_1162,101,0.3472,ironing,standing,0,RED
101_1163,101,0.3687,ironing,standing,0,RED
101_1164,101,0.3326,ironing,standing,0,RED
101_1165,101,0.2471,ironing,standing,0,RED
101_1166,101,0.2545,ironing,standing,0,RED
101_1167,101,0.4635,ironing,standing,0,YELLOW
101_1168,101,0.4177,ironing,standing,0,RED
101_1169,101,0.2973,stairs_up,standing,0,RED
101_1170,101,0.2626,stairs_up,standing,0,RED
101_1171,101,0.3612,stairs_up,standing,0,RED
101_1172,101,0.3438,stairs_up,standing,0,RED
101_1173,101,0.308,stairs_up,standing,0,RED
101_1174,101,0.2516,stairs_up,standing,0,RED
101_1175,101,0.3019,stairs_up,standing,0,RED
101_1176,101,0.2625,stairs_up,standing,0,RED
101_1177,101,0.2522,cycling,standing,0,RED
101_1178,101,0.254,cycling,standing,0,RED
101_1179,101,0.2742,cycling,standing,0,RED
101_1180,101,0.2718,cycling,standing,0,RED
101_1181,101,0.2519,cycling,standing,0,RED
101_1182,101,0.2635,stairs_down,standing,0,RED
101_1183,101,0.2951,stairs_down,standing,0,RED
101_1184,101,0.2952,stairs_down,standing,0,RED
101_1185,101,0.3274,stairs_down,standing,0,RED
101_1186,101,0.3188,stairs_down,standing,0,RED
101_1187,101,0.3082,stairs_down,standing,0,RED
101_1188,101,0.2498,stairs_down,standing,0,RED
101_1189,101,0.3013,stairs_down,standing,0,RED
101_1190,101,0.3295,stairs_down,standing,0,RED
101_1191,101,0.3211,stairs_down,standing,0,RED
101_1192,101,0.3108,stairs_down,standing,0,RED
101_1193,101,0.3391,stairs_up,standing,0,RED
101_1194,101,0.287,stairs_up,standing,0,RED
101_1195,101,0.2794,cycling,standing,0,RED
101_1196,101,0.2595,cycling,standing,0,RED
101_1197,101,0.2815,cycling,standing,0,RED
101_1198,101,0.2433,cycling,standing,0,RED
101_1199,101,0.3471,stairs_down,standing,0,RED
101_1200,101,0.2407,stairs_up,standing,0,RED
101_1201,101,0.2795,cycling,standing,0,RED
101_1202,101,0.2206,cycling,standing,0,RED
101_1203,101,0.3617,lying,standing,0,RED
101_1204,101,0.4089,lying,standing,0,RED
101_1205,101,0.262,stairs_up,standing,0,RED
101_1206,101,0.3492,cycling,standing,0,RED
101_1207,101,0.3386,cycling,standing,0,RED
101_1208,101,0.3046,cycling,standing,0,RED
101_1209,101,0.3121,cycling,standing,0,RED
101_1210,101,0.3087,cycling,standing,0,RED
101_1211,101,0.3091,cycling,standing,0,RED
101_1212,101,0.2916,cycling,standing,0,RED
101_1213,101,0.3014,cycling,standing,0,RED
101_1214,101,0.2995,cycling,standing,0,RED
101_1215,101,0.3331,cycling,standing,0,RED
101_1216,101,0.3353,cycling,standing,0,RED
101_1217,101,0.3392,cycling,standing,0,RED
101_1218,101,0.3518,cycling,standing,0,RED
101_1219,101,0.3591,cycling,standing,0,RED
101_1220,101,0.3426,cycling,standing,0,RED
101_1221,101,0.326,cycling,standing,0,RED
101_1222,101,0.3063,cycling,standing,0,RED
101_1223,101,0.3044,cycling,standing,0,RED
101_1224,101,0.3382,cycling,standing,0,RED
101_1225,101,0.3246,cycling,standing,0,RED
101_1226,101,0.3211,cycling,standing,0,RED
101_1227,101,0.3367,cycling,standing,0,RED
101_1228,101,0.3172,cycling,standing,0,RED
101_1229,101,0.3103,cycling,standing,0,RED
101_1230,101,0.3208,cycling,standing,0,RED
101_1231,101,0.3201,cycling,standing,0,RED
101_1232,101,0.3127,cycling,standing,0,RED
101_1233,101,0.3219,cycling,standing,0,RED
101_1234,101,0.3216,cycling,standing,0,RED
101_1235,101,0.3153,cycling,standing,0,RED
101_1236,101,0.3131,cycling,standing,0,RED
101_1237,101,0.3168,cycling,standing,0,RED
101_1238,101,0.3,cycling,standing,0,RED
101_1239,101,0.3107,cycling,standing,0,RED
101_1240,101,0.3161,cycling,standing,0,RED
101_1241,101,0.3127,cycling,standing,0,RED
101_1242,101,0.3229,cycling,standing,0,RED
101_1243,101,0.3318,cycling,standing,0,RED
101_1244,101,0.3357,cycling,standing,0,RED
101_1245,101,0.3431,cycling,standing,0,RED
101_1246,101,0.3446,cycling,standing,0,RED
101_1247,101,0.3313,cycling,standing,0,RED
101_1248,101,0.3205,cycling,standing,0,RED
101_1249,101,0.3152,cycling,standing,0,RED
101_1250,101,0.3073,cycling,standing,0,RED
101_1251,101,0.3201,cycling,standing,0,RED
101_1252,101,0.3368,cycling,standing,0,RED
101_1253,101,0.3488,cycling,standing,0,RED
101_1254,101,0.335,cycling,standing,0,RED
101_1255,101,0.3344,cycling,standing,0,RED
101_1256,101,0.3277,cycling,standing,0,RED
101_1257,101,0.3287,cycling,standing,0,RED
101_1258,101,0.331,cycling,standing,0,RED
101_1259,101,0.3312,cycling,standing,0,RED
101_1260,101,0.3276,cycling,standing,0,RED
101_1261,101,0.3118,cycling,standing,0,RED
101_1262,101,0.3181,cycling,standing,0,RED
101_1263,101,0.3417,cycling,standing,0,RED
101_1264,101,0.3515,cycling,standing,0,RED
101_1265,101,0.3043,lying,standing,0,RED
101_1266,101,0.3612,ironing,standing,0,RED
101_1267,101,0.3321,ironing,standing,0,RED
101_1268,101,0.2748,vacuuming,standing,0,RED
101_1269,101,0.2103,ironing,standing,0,RED
101_1270,101,0.201,ironing,standing,0,RED
101_1271,101,0.229,stairs_up,standing,0,RED
101_1272,101,0.2095,ironing,standing,0,RED
101_1273,101,0.3172,ironing,standing,0,RED
101_1274,101,0.3573,ironing,standing,0,RED
101_1275,101,0.2418,ironing,standing,0,RED
101_1276,101,0.2694,cycling,standing,0,RED
101_1277,101,0.2838,cycling,standing,0,RED
101_1278,101,0.3167,cycling,standing,0,RED
101_1279,101,0.3192,cycling,standing,0,RED
101_1280,101,0.3155,cycling,standing,0,RED
101_1281,101,0.3038,cycling,standing,0,RED
101_1282,101,0.3194,cycling,standing,0,RED
101_1283,101,0.313,cycling,standing,0,RED
101_1284,101,0.3092,cycling,standing,0,RED
101_1285,101,0.2703,cycling,standing,0,RED
101_1286,101,0.2581,cycling,standing,0,RED
101_1287,101,0.2849,ironing,standing,0,RED
101_1288,101,0.292,ironing,standing,0,RED
101_1289,101,0.2527,ironing,standing,0,RED
101_1290,101,0.2091,stairs_up,standing,0,RED
101_1291,101,0.2449,stairs_up,standing,0,RED
101_1292,101,0.2348,stairs_up,standing,0,RED
101_1293,101,0.1801,nordic_walk,standing,0,RED
101_1294,101,0.1855,nordic_walk,standing,0,RED
101_1295,101,0.2238,nordic_walk,standing,0,RED
101_1296,101,0.2,nordic_walk,standing,0,RED
101_1297,101,0.1915,nordic_walk,standing,0,RED
101_1298,101,0.2482,nordic_walk,standing,0,RED
101_1299,101,0.2144,nordic_walk,standing,0,RED
101_1300,101,0.2024,stairs_down,standing,0,RED
101_1301,101,0.1757,nordic_walk,standing,0,RED
101_1302,101,0.1756,stairs_down,standing,0,RED
101_1303,101,0.2015,stairs_up,standing,0,RED
101_1304,101,0.2018,stairs_up,standing,0,RED
101_1305,101,0.198,nordic_walk,standing,0,RED
101_1306,101,0.2606,nordic_walk,standing,0,RED
101_1307,101,0.1771,nordic_walk,standing,0,RED
101_1308,101,0.1758,nordic_walk,standing,0,RED
101_1309,101,0.2261,stairs_up,standing,0,RED
101_1310,101,0.2734,nordic_walk,standing,0,RED
101_1311,101,0.2201,stairs_up,standing,0,RED
101_1312,101,0.2656,stairs_up,standing,0,RED
101_1313,101,0.3995,ironing,standing,0,RED
101_1314,101,0.3733,ironing,standing,0,RED
101_1315,101,0.2422,stairs_up,standing,0,RED
101_1316,101,0.2636,cycling,standing,0,RED
101_1317,101,0.2908,cycling,standing,0,RED
101_1318,101,0.3108,cycling,standing,0,RED
101_1319,101,0.3458,cycling,standing,0,RED
101_1320,101,0.3348,cycling,standing,0,RED
101_1321,101,0.2768,stairs_up,standing,0,RED
101_1322,101,0.2801,stairs_up,standing,0,RED
101_1323,101,0.2999,stairs_up,standing,0,RED
101_1324,101,0.3084,stairs_up,standing,0,RED
101_1325,101,0.2847,cycling,standing,0,RED
101_1326,101,0.3257,cycling,standing,0,RED
101_1327,101,0.3404,cycling,standing,0,RED
101_1328,101,0.3458,cycling,standing,0,RED
101_1329,101,0.3503,cycling,standing,0,RED
101_1330,101,0.3455,cycling,standing,0,RED
101_1331,101,0.3546,cycling,standing,0,RED
101_1332,101,0.3601,cycling,standing,0,RED
101_1333,101,0.3588,cycling,standing,0,RED
101_1334,101,0.3828,cycling,standing,0,RED
101_1335,101,0.3656,cycling,standing,0,RED
101_1336,101,0.3643,cycling,standing,0,RED
101_1337,101,0.3514,cycling,standing,0,RED
101_1338,101,0.3523,cycling,standing,0,RED
101_1339,101,0.3494,cycling,standing,0,RED
101_1340,101,0.3641,cycling,standing,0,RED
101_1341,101,0.3707,cycling,standing,0,RED
101_1342,101,0.3699,cycling,standing,0,RED
101_1343,101,0.366,cycling,standing,0,RED
101_1344,101,0.3659,cycling,standing,0,RED
101_1345,101,0.3639,cycling,standing,0,RED
101_1346,101,0.3525,cycling,standing,0,RED
101_1347,101,0.3513,cycling,standing,0,RED
101_1348,101,0.3631,cycling,standing,0,RED
101_1349,101,0.3833,cycling,standing,0,RED
101_1350,101,0.3758,cycling,standing,0,RED
101_1351,101,0.3751,cycling,standing,0,RED
101_1352,101,0.3789,cycling,standing,0,RED
101_1353,101,0.3762,cycling,standing,0,RED
101_1354,101,0.382,cycling,standing,0,RED
101_1355,101,0.3587,cycling,standing,0,RED
101_1356,101,0.3546,cycling,standing,0,RED
101_1357,101,0.3746,cycling,standing,0,RED
101_1358,101,0.3808,cycling,standing,0,RED
101_1359,101,0.3752,cycling,standing,0,RED
101_1360,101,0.3365,cycling,standing,0,RED
101_1361,101,0.2989,stairs_up,standing,0,RED
101_1362,101,0.3411,cycling,standing,0,RED
101_1363,101,0.3227,cycling,standing,0,RED
101_1364,101,0.3193,cycling,standing,0,RED
101_1365,101,0.2953,stairs_up,standing,0,RED
101_1366,101,0.3361,stairs_up,standing,0,RED
101_1367,101,0.3877,lying,standing,0,RED
101_1368,101,0.2342,stairs_down,standing,0,RED
101_1369,101,0.2116,cycling,standing,0,RED
101_1370,101,0.4325,vacuuming,standing,0,RED
101_1371,101,0.4152,vacuuming,standing,0,RED
101_1372,101,0.3515,vacuuming,standing,0,RED
101_1373,101,0.3491,cycling,standing,0,RED
101_1374,101,0.3211,cycling,standing,0,RED
101_1375,101,0.2612,cycling,standing,0,RED
101_1376,101,0.343,cycling,standing,0,RED
101_1377,101,0.3066,cycling,standing,0,RED
101_1378,101,0.2849,cycling,standing,0,RED
101_1379,101,0.3918,cycling,standing,0,RED
101_1380,101,0.4694,cycling,standing,0,YELLOW
101_1381,101,0.4293,cycling,standing,0,RED
101_1382,101,0.4097,cycling,standing,0,RED
101_1383,101,0.4371,cycling,standing,0,RED
101_1384,101,0.31,cycling,standing,0,RED
101_1385,101,0.2113,cycling,standing,0,RED
101_1386,101,0.3436,cycling,standing,0,RED
101_1387,101,0.2509,cycling,standing,0,RED
101_1388,101,0.3422,lying,standing,0,RED
101_1389,101,0.3224,lying,standing,0,RED
101_1390,101,0.2752,nordic_walk,standing,0,RED
101_1391,101,0.2661,nordic_walk,standing,0,RED
101_1392,101,0.4066,nordic_walk,standing,0,RED
101_1393,101,0.4584,nordic_walk,standing,0,YELLOW
101_1394,101,0.3641,nordic_walk,standing,0,RED
101_1395,101,0.4071,nordic_walk,standing,0,RED
101_1396,101,0.2392,ironing,standing,0,RED
101_1397,101,0.3574,nordic_walk,standing,0,RED
101_1398,101,0.4177,nordic_walk,standing,0,RED
101_1399,101,0.3944,nordic_walk,standing,0,RED
101_1400,101,0.3474,nordic_walk,standing,0,RED
101_1401,101,0.465,nordic_walk,standing,0,YELLOW
101_1402,101,0.4623,nordic_walk,standing,0,YELLOW
101_1403,101,0.3089,nordic_walk,standing,0,RED
101_1404,101,0.3434,nordic_walk,standing,0,RED
101_1405,101,0.373,nordic_walk,standing,0,RED
101_1406,101,0.3645,nordic_walk,standing,0,RED
101_1407,101,0.3988,nordic_walk,standing,0,RED
101_1408,101,0.4413,nordic_walk,standing,0,RED
101_1409,101,0.4886,nordic_walk,standing,0,YELLOW
101_1410,101,0.4554,nordic_walk,standing,0,YELLOW
101_1411,101,0.4792,nordic_walk,standing,0,YELLOW
101_1412,101,0.4257,nordic_walk,standing,0,RED
101_1413,101,0.3832,nordic_walk,standing,0,RED
101_1414,101,0.3297,nordic_walk,standing,0,RED
101_1415,101,0.3713,nordic_walk,standing,0,RED
101_1416,101,0.4956,nordic_walk,standing,0,YELLOW
101_1417,101,0.5126,nordic_walk,standing,0,YELLOW
101_1418,101,0.3922,nordic_walk,standing,0,RED
101_1419,101,0.3881,nordic_walk,standing,0,RED
101_1420,101,0.3358,nordic_walk,standing,0,RED
101_1421,101,0.33,nordic_walk,standing,0,RED
101_1422,101,0.4136,nordic_walk,standing,0,RED
101_1423,101,0.3587,nordic_walk,standing,0,RED
101_1424,101,0.3655,nordic_walk,standing,0,RED
101_1425,101,0.4215,nordic_walk,standing,0,RED
101_1426,101,0.4243,nordic_walk,standing,0,RED
101_1427,101,0.402,nordic_walk,standing,0,RED
101_1428,101,0.5321,nordic_walk,standing,0,YELLOW
101_1429,101,0.4493,nordic_walk,standing,0,RED
101_1430,101,0.4752,nordic_walk,standing,0,YELLOW
101_1431,101,0.4634,nordic_walk,standing,0,YELLOW
101_1432,101,0.3488,nordic_walk,standing,0,RED
101_1433,101,0.405,nordic_walk,standing,0,RED
101_1434,101,0.4539,nordic_walk,standing,0,YELLOW
101_1435,101,0.4384,nordic_walk,standing,0,RED
101_1436,101,0.4827,nordic_walk,standing,0,YELLOW
101_1437,101,0.3228,nordic_walk,standing,0,RED
101_1438,101,0.358,nordic_walk,standing,0,RED
101_1439,101,0.3165,nordic_walk,standing,0,RED
101_1440,101,0.747,ironing,ironing,1,YELLOW
101_1441,101,0.7254,ironing,ironing,1,YELLOW
101_1442,101,0.6739,ironing,ironing,1,YELLOW
101_1443,101,0.635,ironing,ironing,1,YELLOW
101_1444,101,0.6232,ironing,ironing,1,YELLOW
101_1445,101,0.692,ironing,ironing,1,YELLOW
101_1446,101,0.6967,ironing,ironing,1,YELLOW
101_1447,101,0.7229,ironing,ironing,1,YELLOW
101_1448,101,0.7033,ironing,ironing,1,YELLOW
101_1449,101,0.6586,ironing,ironing,1,YELLOW
101_1450,101,0.6941,ironing,ironing,1,YELLOW
101_1451,101,0.704,ironing,ironing,1,YELLOW
101_1452,101,0.6855,ironing,ironing,1,YELLOW
101_1453,101,0.6095,ironing,ironing,1,YELLOW
101_1454,101,0.5665,ironing,ironing,1,YELLOW
101_1455,101,0.6451,ironing,ironing,1,YELLOW
101_1456,101,0.6968,ironing,ironing,1,YELLOW
101_1457,101,0.7098,ironing,ironing,1,YELLOW
101_1458,101,0.7685,ironing,ironing,1,GREEN
101_1459,101,0.7801,ironing,ironing,1,GREEN
101_1460,101,0.7828,ironing,ironing,1,GREEN
101_1461,101,0.7722,ironing,ironing,1,GREEN
101_1462,101,0.7441,ironing,ironing,1,YELLOW
101_1463,101,0.6885,ironing,ironing,1,YELLOW
101_1464,101,0.6852,ironing,ironing,1,YELLOW
101_1465,101,0.7042,ironing,ironing,1,YELLOW
101_1466,101,0.7345,ironing,ironing,1,YELLOW
101_1467,101,0.733,ironing,ironing,1,YELLOW
101_1468,101,0.7245,ironing,ironing,1,YELLOW
101_1469,101,0.71,ironing,ironing,1,YELLOW
101_1470,101,0.7081,ironing,ironing,1,YELLOW
101_1471,101,0.7152,ironing,ironing,1,YELLOW
101_1472,101,0.714,ironing,ironing,1,YELLOW
101_1473,101,0.7064,ironing,ironing,1,YELLOW
101_1474,101,0.7088,ironing,ironing,1,YELLOW
101_1475,101,0.7036,ironing,ironing,1,YELLOW
101_1476,101,0.6911,ironing,ironing,1,YELLOW
101_1477,101,0.7038,ironing,ironing,1,YELLOW
101_1478,101,0.7517,ironing,ironing,1,GREEN
101_1479,101,0.7746,ironing,ironing,1,GREEN
101_1480,101,0.7659,ironing,ironing,1,GREEN
101_1481,101,0.7687,ironing,ironing,1,GREEN
101_1482,101,0.744,ironing,ironing,1,YELLOW
101_1483,101,0.7227,ironing,ironing,1,YELLOW
101_1484,101,0.7244,ironing,ironing,1,YELLOW
101_1485,101,0.7127,ironing,ironing,1,YELLOW
101_1486,101,0.7259,ironing,ironing,1,YELLOW
101_1487,101,0.77,ironing,ironing,1,GREEN
101_1488,101,0.7639,ironing,ironing,1,GREEN
101_1489,101,0.767,ironing,ironing,1,GREEN
101_1490,101,0.7774,ironing,ironing,1,GREEN
101_1491,101,0.78,ironing,ironing,1,GREEN
101_1492,101,0.7779,ironing,ironing,1,GREEN
101_1493,101,0.7846,ironing,ironing,1,GREEN
101_1494,101,0.7874,ironing,ironing,1,GREEN
101_1495,101,0.7618,ironing,ironing,1,GREEN
101_1496,101,0.7543,ironing,ironing,1,GREEN
101_1497,101,0.7714,ironing,ironing,1,GREEN
101_1498,101,0.766,ironing,ironing,1,GREEN
101_1499,101,0.7569,ironing,ironing,1,GREEN
101_1500,101,0.7243,ironing,ironing,1,YELLOW
101_1501,101,0.7164,ironing,ironing,1,YELLOW
101_1502,101,0.7341,ironing,ironing,1,YELLOW
101_1503,101,0.765,ironing,ironing,1,GREEN
101_1504,101,0.7577,ironing,ironing,1,GREEN
101_1505,101,0.7625,ironing,ironing,1,GREEN
101_1506,101,0.7337,ironing,ironing,1,YELLOW
101_1507,101,0.7343,ironing,ironing,1,YELLOW
101_1508,101,0.7059,ironing,ironing,1,YELLOW
101_1509,101,0.7028,ironing,ironing,1,YELLOW
101_1510,101,0.705,ironing,ironing,1,YELLOW
101_1511,101,0.7027,ironing,ironing,1,YELLOW
101_1512,101,0.7047,ironing,ironing,1,YELLOW
101_1513,101,0.6956,ironing,ironing,1,YELLOW
101_1514,101,0.6949,ironing,ironing,1,YELLOW
101_1515,101,0.6989,ironing,ironing,1,YELLOW
101_1516,101,0.6841,ironing,ironing,1,YELLOW
101_1517,101,0.7051,ironing,ironing,1,YELLOW
101_1518,101,0.7164,ironing,ironing,1,YELLOW
101_1519,101,0.7422,ironing,ironing,1,YELLOW
101_1520,101,0.7335,ironing,ironing,1,YELLOW
101_1521,101,0.7673,ironing,ironing,1,GREEN
101_1522,101,0.764,ironing,ironing,1,GREEN
101_1523,101,0.7714,ironing,ironing,1,GREEN
101_1524,101,0.7725,ironing,ironing,1,GREEN
101_1525,101,0.7661,ironing,ironing,1,GREEN
101_1526,101,0.7547,ironing,ironing,1,GREEN
101_1527,101,0.7405,ironing,ironing,1,YELLOW
101_1528,101,0.709,ironing,ironing,1,YELLOW
101_1529,101,0.7229,ironing,ironing,1,YELLOW
101_1530,101,0.7506,ironing,ironing,1,GREEN
101_1531,101,0.7389,ironing,ironing,1,YELLOW
101_1532,101,0.7458,ironing,ironing,1,YELLOW
101_1533,101,0.7514,ironing,ironing,1,GREEN
101_1534,101,0.7556,ironing,ironing,1,GREEN
101_1535,101,0.784,ironing,ironing,1,GREEN
101_1536,101,0.7741,ironing,ironing,1,GREEN
101_1537,101,0.7409,ironing,ironing,1,YELLOW
101_1538,101,0.7402,ironing,ironing,1,YELLOW
101_1539,101,0.7657,ironing,ironing,1,GREEN
101_1540,101,0.7929,ironing,ironing,1,GREEN
101_1541,101,0.7516,ironing,ironing,1,GREEN
101_1542,101,0.7536,ironing,ironing,1,GREEN
101_1543,101,0.7561,ironing,ironing,1,GREEN
101_1544,101,0.7721,ironing,ironing,1,GREEN
101_1545,101,0.7824,ironing,ironing,1,GREEN
101_1546,101,0.784,ironing,ironing,1,GREEN
101_1547,101,0.7831,ironing,ironing,1,GREEN
101_1548,101,0.7796,ironing,ironing,1,GREEN
101_1549,101,0.7853,ironing,ironing,1,GREEN
101_1550,101,0.7924,ironing,ironing,1,GREEN
101_1551,101,0.7671,ironing,ironing,1,GREEN
101_1552,101,0.7566,ironing,ironing,1,GREEN
101_1553,101,0.7624,ironing,ironing,1,GREEN
101_1554,101,0.7827,ironing,ironing,1,GREEN
101_1555,101,0.7843,ironing,ironing,1,GREEN
101_1556,101,0.7871,ironing,ironing,1,GREEN
101_1557,101,0.7775,ironing,ironing,1,GREEN
101_1558,101,0.7672,ironing,ironing,1,GREEN
101_1559,101,0.7937,ironing,ironing,1,GREEN
101_1560,101,0.7906,ironing,ironing,1,GREEN
101_1561,101,0.7762,ironing,ironing,1,GREEN
101_1562,101,0.7594,ironing,ironing,1,GREEN
101_1563,101,0.7596,ironing,ironing,1,GREEN
101_1564,101,0.7918,ironing,ironing,1,GREEN
101_1565,101,0.795,ironing,ironing,1,GREEN
101_1566,101,0.7786,ironing,ironing,1,GREEN
101_1567,101,0.7723,ironing,ironing,1,GREEN
101_1568,101,0.8002,ironing,ironing,1,GREEN
101_1569,101,0.8051,ironing,ironing,1,GREEN
101_1570,101,0.8088,ironing,ironing,1,GREEN
101_1571,101,0.779,ironing,ironing,1,GREEN
101_1572,101,0.775,ironing,ironing,1,GREEN
101_1573,101,0.7539,ironing,ironing,1,GREEN
101_1574,101,0.7114,ironing,ironing,1,YELLOW
101_1575,101,0.7079,ironing,ironing,1,YELLOW
101_1576,101,0.7193,ironing,ironing,1,YELLOW
101_1577,101,0.7252,ironing,ironing,1,YELLOW
101_1578,101,0.7549,ironing,ironing,1,GREEN
101_1579,101,0.7805,ironing,ironing,1,GREEN
101_1580,101,0.7841,ironing,ironing,1,GREEN
101_1581,101,0.7596,ironing,ironing,1,GREEN
101_1582,101,0.7001,ironing,ironing,1,YELLOW
101_1583,101,0.6814,ironing,ironing,1,YELLOW
101_1584,101,0.691,ironing,ironing,1,YELLOW
101_1585,101,0.6994,ironing,ironing,1,YELLOW
101_1586,101,0.7077,ironing,ironing,1,YELLOW
101_1587,101,0.7113,ironing,ironing,1,YELLOW
101_1588,101,0.712,ironing,ironing,1,YELLOW
101_1589,101,0.7185,ironing,ironing,1,YELLOW
101_1590,101,0.7186,ironing,ironing,1,YELLOW
101_1591,101,0.7034,ironing,ironing,1,YELLOW
101_1592,101,0.6778,ironing,ironing,1,YELLOW
101_1593,101,0.6951,ironing,ironing,1,YELLOW
101_1594,101,0.7066,ironing,ironing,1,YELLOW
101_1595,101,0.7302,ironing,ironing,1,YELLOW
101_1596,101,0.7041,ironing,ironing,1,YELLOW
101_1597,101,0.6817,ironing,ironing,1,YELLOW
101_1598,101,0.6925,ironing,ironing,1,YELLOW
101_1599,101,0.746,ironing,ironing,1,YELLOW
101_1600,101,0.7554,ironing,ironing,1,GREEN
101_1601,101,0.7153,ironing,ironing,1,YELLOW
101_1602,101,0.7208,ironing,ironing,1,YELLOW
101_1603,101,0.7346,ironing,ironing,1,YELLOW
101_1604,101,0.7339,ironing,ironing,1,YELLOW
101_1605,101,0.7422,ironing,ironing,1,YELLOW
101_1606,101,0.7452,ironing,ironing,1,YELLOW
101_1607,101,0.7447,ironing,ironing,1,YELLOW
101_1608,101,0.7522,ironing,ironing,1,GREEN
101_1609,101,0.7445,ironing,ironing,1,YELLOW
101_1610,101,0.7435,ironing,ironing,1,YELLOW
101_1611,101,0.6991,ironing,ironing,1,YELLOW
101_1612,101,0.6778,ironing,ironing,1,YELLOW
101_1613,101,0.6766,ironing,ironing,1,YELLOW
101_1614,101,0.6583,ironing,ironing,1,YELLOW
101_1615,101,0.6916,ironing,ironing,1,YELLOW
101_1616,101,0.6349,ironing,ironing,1,YELLOW
101_1617,101,0.6087,ironing,ironing,1,YELLOW
101_1618,101,0.7333,ironing,ironing,1,YELLOW
101_1619,101,0.7348,ironing,ironing,1,YELLOW
101_1620,101,0.7093,ironing,ironing,1,YELLOW
101_1621,101,0.6873,ironing,ironing,1,YELLOW
101_1622,101,0.6119,ironing,ironing,1,YELLOW
101_1623,101,0.4755,vacuuming,ironing,0,YELLOW
101_1624,101,0.5844,ironing,ironing,1,YELLOW
101_1625,101,0.7748,ironing,ironing,1,GREEN
101_1626,101,0.7622,ironing,ironing,1,GREEN
101_1627,101,0.7803,ironing,ironing,1,GREEN
101_1628,101,0.7692,ironing,ironing,1,GREEN
101_1629,101,0.7545,ironing,ironing,1,GREEN
101_1630,101,0.756,ironing,ironing,1,GREEN
101_1631,101,0.7587,ironing,ironing,1,GREEN
101_1632,101,0.7585,ironing,ironing,1,GREEN
101_1633,101,0.7588,ironing,ironing,1,GREEN
101_1634,101,0.7602,ironing,ironing,1,GREEN
101_1635,101,0.7598,ironing,ironing,1,GREEN
101_1636,101,0.7704,ironing,ironing,1,GREEN
101_1637,101,0.7806,ironing,ironing,1,GREEN
101_1638,101,0.7505,ironing,ironing,1,GREEN
101_1639,101,0.7406,ironing,ironing,1,YELLOW
101_1640,101,0.7584,ironing,ironing,1,GREEN
101_1641,101,0.7537,ironing,ironing,1,GREEN
101_1642,101,0.7464,ironing,ironing,1,YELLOW
101_1643,101,0.7491,ironing,ironing,1,YELLOW
101_1644,101,0.7609,ironing,ironing,1,GREEN
101_1645,101,0.7436,ironing,ironing,1,YELLOW
101_1646,101,0.7578,ironing,ironing,1,GREEN
101_1647,101,0.7735,ironing,ironing,1,GREEN
101_1648,101,0.7692,ironing,ironing,1,GREEN
101_1649,101,0.7646,ironing,ironing,1,GREEN
101_1650,101,0.7673,ironing,ironing,1,GREEN
101_1651,101,0.7777,ironing,ironing,1,GREEN
101_1652,101,0.7605,ironing,ironing,1,GREEN
101_1653,101,0.7217,ironing,ironing,1,YELLOW
101_1654,101,0.7181,ironing,ironing,1,YELLOW
101_1655,101,0.6866,ironing,ironing,1,YELLOW
101_1656,101,0.7674,ironing,ironing,1,GREEN
101_1657,101,0.7787,ironing,ironing,1,GREEN
101_1658,101,0.75,ironing,ironing,1,YELLOW
101_1659,101,0.7517,ironing,ironing,1,GREEN
101_1660,101,0.7282,ironing,ironing,1,YELLOW
101_1661,101,0.7203,ironing,ironing,1,YELLOW
101_1662,101,0.6784,ironing,ironing,1,YELLOW
101_1663,101,0.7318,ironing,ironing,1,YELLOW
101_1664,101,0.714,ironing,ironing,1,YELLOW
101_1665,101,0.716,ironing,ironing,1,YELLOW
101_1666,101,0.6614,ironing,ironing,1,YELLOW
101_1667,101,0.6546,ironing,ironing,1,YELLOW
101_1668,101,0.7232,ironing,ironing,1,YELLOW
101_1669,101,0.546,ironing,ironing,1,YELLOW
101_1670,101,0.6904,ironing,ironing,1,YELLOW
101_1671,101,0.6767,ironing,ironing,1,YELLOW
101_1672,101,0.7144,ironing,ironing,1,YELLOW
101_1673,101,0.7107,ironing,ironing,1,YELLOW
101_1674,101,0.7201,ironing,ironing,1,YELLOW
101_1675,101,0.6988,ironing,ironing,1,YELLOW
101_1676,101,0.6985,ironing,ironing,1,YELLOW
101_1677,101,0.6426,ironing,ironing,1,YELLOW
101_1678,101,0.7175,ironing,ironing,1,YELLOW
101_1679,101,0.7377,ironing,ironing,1,YELLOW
101_1680,101,0.6568,ironing,ironing,1,YELLOW
101_1681,101,0.6758,ironing,ironing,1,YELLOW
101_1682,101,0.6604,ironing,ironing,1,YELLOW
101_1683,101,0.6986,ironing,ironing,1,YELLOW
101_1684,101,0.7397,ironing,ironing,1,YELLOW
101_1685,101,0.7355,ironing,ironing,1,YELLOW
101_1686,101,0.7381,ironing,ironing,1,YELLOW
101_1687,101,0.7049,ironing,ironing,1,YELLOW
101_1688,101,0.7157,ironing,ironing,1,YELLOW
101_1689,101,0.7215,ironing,ironing,1,YELLOW
101_1690,101,0.7246,ironing,ironing,1,YELLOW
101_1691,101,0.7284,ironing,ironing,1,YELLOW
101_1692,101,0.7227,ironing,ironing,1,YELLOW
101_1693,101,0.7492,ironing,ironing,1,YELLOW
101_1694,101,0.7548,ironing,ironing,1,GREEN
101_1695,101,0.724,ironing,ironing,1,YELLOW
101_1696,101,0.7227,ironing,ironing,1,YELLOW
101_1697,101,0.7171,ironing,ironing,1,YELLOW
101_1698,101,0.7685,ironing,ironing,1,GREEN
101_1699,101,0.746,ironing,ironing,1,YELLOW
101_1700,101,0.7543,ironing,ironing,1,GREEN
101_1701,101,0.7791,ironing,ironing,1,GREEN
101_1702,101,0.7738,ironing,ironing,1,GREEN
101_1703,101,0.7544,ironing,ironing,1,GREEN
101_1704,101,0.7536,ironing,ironing,1,GREEN
101_1705,101,0.7453,ironing,ironing,1,YELLOW
101_1706,101,0.7433,ironing,ironing,1,YELLOW
101_1707,101,0.7395,ironing,ironing,1,YELLOW
101_1708,101,0.7387,ironing,ironing,1,YELLOW
101_1709,101,0.7495,ironing,ironing,1,YELLOW
101_1710,101,0.749,ironing,ironing,1,YELLOW
101_1711,101,0.7806,ironing,ironing,1,GREEN
101_1712,101,0.7409,ironing,ironing,1,YELLOW
101_1713,101,0.7326,ironing,ironing,1,YELLOW
101_1714,101,0.7345,ironing,ironing,1,YELLOW
101_1715,101,0.7219,ironing,ironing,1,YELLOW
101_1716,101,0.7141,ironing,ironing,1,YELLOW
101_1717,101,0.7262,ironing,ironing,1,YELLOW
101_1718,101,0.7111,ironing,ironing,1,YELLOW
101_1719,101,0.7161,ironing,ironing,1,YELLOW
101_1720,101,0.7331,ironing,ironing,1,YELLOW
101_1721,101,0.7576,ironing,ironing,1,GREEN
101_1722,101,0.7782,ironing,ironing,1,GREEN
101_1723,101,0.7699,ironing,ironing,1,GREEN
101_1724,101,0.7649,ironing,ironing,1,GREEN
101_1725,101,0.7655,ironing,ironing,1,GREEN
101_1726,101,0.784,ironing,ironing,1,GREEN
101_1727,101,0.7881,ironing,ironing,1,GREEN
101_1728,101,0.7823,ironing,ironing,1,GREEN
101_1729,101,0.7798,ironing,ironing,1,GREEN
101_1730,101,0.7565,ironing,ironing,1,GREEN
101_1731,101,0.7283,ironing,ironing,1,YELLOW
101_1732,101,0.751,ironing,ironing,1,GREEN
101_1733,101,0.7666,ironing,ironing,1,GREEN
101_1734,101,0.7556,ironing,ironing,1,GREEN
101_1735,101,0.7097,ironing,ironing,1,YELLOW
101_1736,101,0.6956,ironing,ironing,1,YELLOW
101_1737,101,0.7362,ironing,ironing,1,YELLOW
101_1738,101,0.7624,ironing,ironing,1,GREEN
101_1739,101,0.7565,ironing,ironing,1,GREEN
101_1740,101,0.7204,ironing,ironing,1,YELLOW
101_1741,101,0.6605,ironing,ironing,1,YELLOW
101_1742,101,0.6692,ironing,ironing,1,YELLOW
101_1743,101,0.7155,ironing,ironing,1,YELLOW
101_1744,101,0.7379,ironing,ironing,1,YELLOW
101_1745,101,0.7514,ironing,ironing,1,GREEN
101_1746,101,0.7067,ironing,ironing,1,YELLOW
101_1747,101,0.7002,ironing,ironing,1,YELLOW
101_1748,101,0.7157,ironing,ironing,1,YELLOW
101_1749,101,0.6935,ironing,ironing,1,YELLOW
101_1750,101,0.6804,ironing,ironing,1,YELLOW
101_1751,101,0.6363,ironing,ironing,1,YELLOW
101_1752,101,0.6415,ironing,ironing,1,YELLOW
101_1753,101,0.7228,ironing,ironing,1,YELLOW
101_1754,101,0.7059,ironing,ironing,1,YELLOW
101_1755,101,0.6669,ironing,ironing,1,YELLOW
101_1756,101,0.6752,ironing,ironing,1,YELLOW
101_1757,101,0.6943,ironing,ironing,1,YELLOW
101_1758,101,0.7122,ironing,ironing,1,YELLOW
101_1759,101,0.7122,ironing,ironing,1,YELLOW
101_1760,101,0.7127,ironing,ironing,1,YELLOW
101_1761,101,0.7019,ironing,ironing,1,YELLOW
101_1762,101,0.6951,ironing,ironing,1,YELLOW
101_1763,101,0.6926,ironing,ironing,1,YELLOW
101_1764,101,0.6904,ironing,ironing,1,YELLOW
101_1765,101,0.6838,ironing,ironing,1,YELLOW
101_1766,101,0.7232,ironing,ironing,1,YELLOW
101_1767,101,0.7301,ironing,ironing,1,YELLOW
101_1768,101,0.7497,ironing,ironing,1,YELLOW
101_1769,101,0.7558,ironing,ironing,1,GREEN
101_1770,101,0.8005,ironing,ironing,1,GREEN
101_1771,101,0.808,ironing,ironing,1,GREEN
101_1772,101,0.7996,ironing,ironing,1,GREEN
101_1773,101,0.7853,ironing,ironing,1,GREEN
101_1774,101,0.7745,ironing,ironing,1,GREEN
101_1775,101,0.7903,ironing,ironing,1,GREEN
101_1776,101,0.7523,ironing,ironing,1,GREEN
101_1777,101,0.7688,ironing,ironing,1,GREEN
101_1778,101,0.7785,ironing,ironing,1,GREEN
101_1779,101,0.7749,ironing,ironing,1,GREEN
101_1780,101,0.7755,ironing,ironing,1,GREEN
101_1781,101,0.7777,ironing,ironing,1,GREEN
101_1782,101,0.7323,ironing,ironing,1,YELLOW
101_1783,101,0.7612,ironing,ironing,1,GREEN
101_1784,101,0.6558,ironing,ironing,1,YELLOW
101_1785,101,0.8004,ironing,ironing,1,GREEN
101_1786,101,0.794,ironing,ironing,1,GREEN
101_1787,101,0.7958,ironing,ironing,1,GREEN
101_1788,101,0.7913,ironing,ironing,1,GREEN
101_1789,101,0.7874,ironing,ironing,1,GREEN
101_1790,101,0.7802,ironing,ironing,1,GREEN
101_1791,101,0.7804,ironing,ironing,1,GREEN
101_1792,101,0.7729,ironing,ironing,1,GREEN
101_1793,101,0.7437,ironing,ironing,1,YELLOW
101_1794,101,0.74,ironing,ironing,1,YELLOW
101_1795,101,0.7432,ironing,ironing,1,YELLOW
101_1796,101,0.7505,ironing,ironing,1,GREEN
101_1797,101,0.7583,ironing,ironing,1,GREEN
101_1798,101,0.7473,ironing,ironing,1,YELLOW
101_1799,101,0.76,ironing,ironing,1,GREEN
101_1800,101,0.7658,ironing,ironing,1,GREEN
101_1801,101,0.7629,ironing,ironing,1,GREEN
101_1802,101,0.774,ironing,ironing,1,GREEN
101_1803,101,0.7523,ironing,ironing,1,GREEN
101_1804,101,0.785,ironing,ironing,1,GREEN
101_1805,101,0.7887,ironing,ironing,1,GREEN
101_1806,101,0.7922,ironing,ironing,1,GREEN
101_1807,101,0.7837,ironing,ironing,1,GREEN
101_1808,101,0.7767,ironing,ironing,1,GREEN
101_1809,101,0.7657,ironing,ironing,1,GREEN
101_1810,101,0.7571,ironing,ironing,1,GREEN
101_1811,101,0.7428,ironing,ironing,1,YELLOW
101_1812,101,0.702,ironing,ironing,1,YELLOW
101_1813,101,0.7288,ironing,ironing,1,YELLOW
101_1814,101,0.7529,ironing,ironing,1,GREEN
101_1815,101,0.7763,ironing,ironing,1,GREEN
101_1816,101,0.7821,ironing,ironing,1,GREEN
101_1817,101,0.7727,ironing,ironing,1,GREEN
101_1818,101,0.7594,ironing,ironing,1,GREEN
101_1819,101,0.7584,ironing,ironing,1,GREEN
101_1820,101,0.7518,ironing,ironing,1,GREEN
101_1821,101,0.7478,ironing,ironing,1,YELLOW
101_1822,101,0.7365,ironing,ironing,1,YELLOW
101_1823,101,0.7294,ironing,ironing,1,YELLOW
101_1824,101,0.7299,ironing,ironing,1,YELLOW
101_1825,101,0.7031,ironing,ironing,1,YELLOW
101_1826,101,0.7026,ironing,ironing,1,YELLOW
101_1827,101,0.7207,ironing,ironing,1,YELLOW
101_1828,101,0.7621,ironing,ironing,1,GREEN
101_1829,101,0.7713,ironing,ironing,1,GREEN
101_1830,101,0.771,ironing,ironing,1,GREEN
101_1831,101,0.7534,ironing,ironing,1,GREEN
101_1832,101,0.7445,ironing,ironing,1,YELLOW
101_1833,101,0.7478,ironing,ironing,1,YELLOW
101_1834,101,0.7524,ironing,ironing,1,GREEN
101_1835,101,0.7365,ironing,ironing,1,YELLOW
101_1836,101,0.7424,ironing,ironing,1,YELLOW
101_1837,101,0.7487,ironing,ironing,1,YELLOW
101_1838,101,0.7692,ironing,ironing,1,GREEN
101_1839,101,0.7757,ironing,ironing,1,GREEN
101_1840,101,0.778,ironing,ironing,1,GREEN
101_1841,101,0.747,ironing,ironing,1,YELLOW
101_1842,101,0.7097,ironing,ironing,1,YELLOW
101_1843,101,0.7069,ironing,ironing,1,YELLOW
101_1844,101,0.6997,ironing,ironing,1,YELLOW
101_1845,101,0.6879,ironing,ironing,1,YELLOW
101_1846,101,0.6866,ironing,ironing,1,YELLOW
101_1847,101,0.6893,ironing,ironing,1,YELLOW
101_1848,101,0.7019,ironing,ironing,1,YELLOW
101_1849,101,0.7003,ironing,ironing,1,YELLOW
101_1850,101,0.6867,ironing,ironing,1,YELLOW
101_1851,101,0.7066,ironing,ironing,1,YELLOW
101_1852,101,0.7277,ironing,ironing,1,YELLOW
101_1853,101,0.7403,ironing,ironing,1,YELLOW
101_1854,101,0.7466,ironing,ironing,1,YELLOW
101_1855,101,0.7584,ironing,ironing,1,GREEN
101_1856,101,0.7463,ironing,ironing,1,YELLOW
101_1857,101,0.7654,ironing,ironing,1,GREEN
101_1858,101,0.7788,ironing,ironing,1,GREEN
101_1859,101,0.7881,ironing,ironing,1,GREEN
101_1860,101,0.7706,ironing,ironing,1,GREEN
101_1861,101,0.7499,ironing,ironing,1,YELLOW
101_1862,101,0.7402,ironing,ironing,1,YELLOW
101_1863,101,0.7658,ironing,ironing,1,GREEN
101_1864,101,0.7445,ironing,ironing,1,YELLOW
101_1865,101,0.7476,ironing,ironing,1,YELLOW
101_1866,101,0.7561,ironing,ironing,1,GREEN
101_1867,101,0.744,ironing,ironing,1,YELLOW
101_1868,101,0.7766,ironing,ironing,1,GREEN
101_1869,101,0.7828,ironing,ironing,1,GREEN
101_1870,101,0.7811,ironing,ironing,1,GREEN
101_1871,101,0.7941,ironing,ironing,1,GREEN
101_1872,101,0.7896,ironing,ironing,1,GREEN
101_1873,101,0.7648,ironing,ironing,1,GREEN
101_1874,101,0.819,ironing,ironing,1,GREEN
101_1875,101,0.8141,ironing,ironing,1,GREEN
101_1876,101,0.8273,ironing,ironing,1,GREEN
101_1877,101,0.8033,ironing,ironing,1,GREEN
101_1878,101,0.7911,ironing,ironing,1,GREEN
101_1879,101,0.7598,ironing,ironing,1,GREEN
101_1880,101,0.7613,ironing,ironing,1,GREEN
101_1881,101,0.798,ironing,ironing,1,GREEN
101_1882,101,0.775,ironing,ironing,1,GREEN
101_1883,101,0.8156,ironing,ironing,1,GREEN
101_1884,101,0.8153,ironing,ironing,1,GREEN
101_1885,101,0.8239,ironing,ironing,1,GREEN
101_1886,101,0.7328,ironing,ironing,1,YELLOW
101_1887,101,0.7659,ironing,ironing,1,GREEN
101_1888,101,0.7741,ironing,ironing,1,GREEN
101_1889,101,0.7688,ironing,ironing,1,GREEN
101_1890,101,0.7666,ironing,ironing,1,GREEN
101_1891,101,0.769,ironing,ironing,1,GREEN
101_1892,101,0.7391,ironing,ironing,1,YELLOW
101_1893,101,0.694,ironing,ironing,1,YELLOW
101_1894,101,0.7096,ironing,ironing,1,YELLOW
101_1895,101,0.631,ironing,ironing,1,YELLOW
101_1896,101,0.7447,ironing,ironing,1,YELLOW
101_1897,101,0.7495,ironing,ironing,1,YELLOW
101_1898,101,0.6904,ironing,ironing,1,YELLOW
101_1899,101,0.6747,ironing,ironing,1,YELLOW
101_1900,101,0.67,ironing,ironing,1,YELLOW
101_1901,101,0.6972,ironing,ironing,1,YELLOW
101_1902,101,0.6374,ironing,ironing,1,YELLOW
101_1903,101,0.7235,ironing,ironing,1,YELLOW
101_1904,101,0.746,ironing,ironing,1,YELLOW
101_1905,101,0.7418,ironing,ironing,1,YELLOW
101_1906,101,0.7088,ironing,ironing,1,YELLOW
101_1907,101,0.7284,ironing,ironing,1,YELLOW
101_1908,101,0.6351,ironing,vacuuming,0,YELLOW
101_1909,101,0.6941,ironing,vacuuming,0,YELLOW
101_1910,101,0.7107,ironing,vacuuming,0,YELLOW
101_1911,101,0.7203,ironing,vacuuming,0,YELLOW
101_1912,101,0.6601,ironing,vacuuming,0,YELLOW
101_1913,101,0.7741,ironing,vacuuming,0,GREEN
101_1914,101,0.7979,ironing,vacuuming,0,GREEN
101_1915,101,0.7727,ironing,vacuuming,0,GREEN
101_1916,101,0.7202,ironing,vacuuming,0,YELLOW
101_1917,101,0.7279,ironing,vacuuming,0,YELLOW
101_1918,101,0.44,vacuuming,vacuuming,1,RED
101_1919,101,0.4093,vacuuming,vacuuming,1,RED
101_1920,101,0.2944,stairs_up,vacuuming,0,RED
101_1921,101,0.405,vacuuming,vacuuming,1,RED
101_1922,101,0.5938,vacuuming,vacuuming,1,YELLOW
101_1923,101,0.89,vacuuming,vacuuming,1,GREEN
101_1924,101,0.9473,vacuuming,vacuuming,1,GREEN
101_1925,101,0.9695,vacuuming,vacuuming,1,GREEN
101_1926,101,0.8551,vacuuming,vacuuming,1,GREEN
101_1927,101,0.7521,vacuuming,vacuuming,1,GREEN
101_1928,101,0.9092,vacuuming,vacuuming,1,GREEN
101_1929,101,0.9011,vacuuming,vacuuming,1,GREEN
101_1930,101,0.418,vacuuming,vacuuming,1,RED
101_1931,101,0.5928,vacuuming,vacuuming,1,YELLOW
101_1932,101,0.6417,vacuuming,vacuuming,1,YELLOW
101_1933,101,0.9546,vacuuming,vacuuming,1,GREEN
101_1934,101,0.9765,vacuuming,vacuuming,1,GREEN
101_1935,101,0.9815,vacuuming,vacuuming,1,GREEN
101_1936,101,0.9841,vacuuming,vacuuming,1,GREEN
101_1937,101,0.9955,vacuuming,vacuuming,1,GREEN
101_1938,101,0.9966,vacuuming,vacuuming,1,GREEN
101_1939,101,0.9949,vacuuming,vacuuming,1,GREEN
101_1940,101,0.9862,vacuuming,vacuuming,1,GREEN
101_1941,101,0.9888,vacuuming,vacuuming,1,GREEN
101_1942,101,0.9456,vacuuming,vacuuming,1,GREEN
101_1943,101,0.9216,vacuuming,vacuuming,1,GREEN
101_1944,101,0.9537,vacuuming,vacuuming,1,GREEN
101_1945,101,0.9879,vacuuming,vacuuming,1,GREEN
101_1946,101,0.9907,vacuuming,vacuuming,1,GREEN
101_1947,101,0.987,vacuuming,vacuuming,1,GREEN
101_1948,101,0.9958,vacuuming,vacuuming,1,GREEN
101_1949,101,0.9913,vacuuming,vacuuming,1,GREEN
101_1950,101,0.9923,vacuuming,vacuuming,1,GREEN
101_1951,101,0.9878,vacuuming,vacuuming,1,GREEN
101_1952,101,0.9989,vacuuming,vacuuming,1,GREEN
101_1953,101,0.9815,vacuuming,vacuuming,1,GREEN
101_1954,101,0.9527,vacuuming,vacuuming,1,GREEN
101_1955,101,0.955,vacuuming,vacuuming,1,GREEN
101_1956,101,0.8718,vacuuming,vacuuming,1,GREEN
101_1957,101,0.8468,vacuuming,vacuuming,1,GREEN
101_1958,101,0.9929,vacuuming,vacuuming,1,GREEN
101_1959,101,0.994,vacuuming,vacuuming,1,GREEN
101_1960,101,0.9118,vacuuming,vacuuming,1,GREEN
101_1961,101,0.9035,vacuuming,vacuuming,1,GREEN
101_1962,101,0.9509,vacuuming,vacuuming,1,GREEN
101_1963,101,0.944,vacuuming,vacuuming,1,GREEN
101_1964,101,0.9665,vacuuming,vacuuming,1,GREEN
101_1965,101,0.9208,vacuuming,vacuuming,1,GREEN
101_1966,101,0.8572,vacuuming,vacuuming,1,GREEN
101_1967,101,0.8548,vacuuming,vacuuming,1,GREEN
101_1968,101,0.8268,vacuuming,vacuuming,1,GREEN
101_1969,101,0.7636,vacuuming,vacuuming,1,GREEN
101_1970,101,0.6882,vacuuming,vacuuming,1,YELLOW
101_1971,101,0.6413,vacuuming,vacuuming,1,YELLOW
101_1972,101,0.7765,vacuuming,vacuuming,1,GREEN
101_1973,101,0.8501,vacuuming,vacuuming,1,GREEN
101_1974,101,0.6541,vacuuming,vacuuming,1,YELLOW
101_1975,101,0.5327,vacuuming,vacuuming,1,YELLOW
101_1976,101,0.6134,vacuuming,vacuuming,1,YELLOW
101_1977,101,0.8757,vacuuming,vacuuming,1,GREEN
101_1978,101,0.8639,vacuuming,vacuuming,1,GREEN
101_1979,101,0.9538,vacuuming,vacuuming,1,GREEN
101_1980,101,0.9635,vacuuming,vacuuming,1,GREEN
101_1981,101,0.8463,vacuuming,vacuuming,1,GREEN
101_1982,101,0.9134,vacuuming,vacuuming,1,GREEN
101_1983,101,0.7952,vacuuming,vacuuming,1,GREEN
101_1984,101,0.8135,vacuuming,vacuuming,1,GREEN
101_1985,101,0.8995,vacuuming,vacuuming,1,GREEN
101_1986,101,0.8943,vacuuming,vacuuming,1,GREEN
101_1987,101,0.9198,vacuuming,vacuuming,1,GREEN
101_1988,101,0.9184,vacuuming,vacuuming,1,GREEN
101_1989,101,0.9727,vacuuming,vacuuming,1,GREEN
101_1990,101,0.9281,vacuuming,vacuuming,1,GREEN
101_1991,101,0.9238,vacuuming,vacuuming,1,GREEN
101_1992,101,0.9683,vacuuming,vacuuming,1,GREEN
101_1993,101,0.9473,vacuuming,vacuuming,1,GREEN
101_1994,101,0.9401,vacuuming,vacuuming,1,GREEN
101_1995,101,0.9605,vacuuming,vacuuming,1,GREEN
101_1996,101,0.9016,vacuuming,vacuuming,1,GREEN
101_1997,101,0.9207,vacuuming,vacuuming,1,GREEN
101_1998,101,0.9373,vacuuming,vacuuming,1,GREEN
101_1999,101,0.9721,vacuuming,vacuuming,1,GREEN
101_2000,101,0.803,vacuuming,vacuuming,1,GREEN
101_2001,101,0.9166,vacuuming,vacuuming,1,GREEN
101_2002,101,0.9925,vacuuming,vacuuming,1,GREEN
101_2003,101,0.9905,vacuuming,vacuuming,1,GREEN
101_2004,101,0.9915,vacuuming,vacuuming,1,GREEN
101_2005,101,0.9583,vacuuming,vacuuming,1,GREEN
101_2006,101,0.9313,vacuuming,vacuuming,1,GREEN
101_2007,101,0.5413,vacuuming,vacuuming,1,YELLOW
101_2008,101,0.7315,ironing,vacuuming,0,YELLOW
101_2009,101,0.7267,ironing,vacuuming,0,YELLOW
101_2010,101,0.5499,ironing,vacuuming,0,YELLOW
101_2011,101,0.5873,vacuuming,vacuuming,1,YELLOW
101_2012,101,0.8849,vacuuming,vacuuming,1,GREEN
101_2013,101,0.9468,vacuuming,vacuuming,1,GREEN
101_2014,101,0.952,vacuuming,vacuuming,1,GREEN
101_2015,101,0.7273,vacuuming,vacuuming,1,YELLOW
101_2016,101,0.8996,vacuuming,vacuuming,1,GREEN
101_2017,101,0.9633,vacuuming,vacuuming,1,GREEN
101_2018,101,0.9777,vacuuming,vacuuming,1,GREEN
101_2019,101,0.9873,vacuuming,vacuuming,1,GREEN
101_2020,101,0.9832,vacuuming,vacuuming,1,GREEN
101_2021,101,0.9356,vacuuming,vacuuming,1,GREEN
101_2022,101,0.9274,vacuuming,vacuuming,1,GREEN
101_2023,101,0.9829,vacuuming,vacuuming,1,GREEN
101_2024,101,0.9641,vacuuming,vacuuming,1,GREEN
101_2025,101,0.9902,vacuuming,vacuuming,1,GREEN
101_2026,101,0.959,vacuuming,vacuuming,1,GREEN
101_2027,101,0.9492,vacuuming,vacuuming,1,GREEN
101_2028,101,0.9488,vacuuming,vacuuming,1,GREEN
101_2029,101,0.9422,vacuuming,vacuuming,1,GREEN
101_2030,101,0.9881,vacuuming,vacuuming,1,GREEN
101_2031,101,0.7624,vacuuming,vacuuming,1,GREEN
101_2032,101,0.7676,vacuuming,vacuuming,1,GREEN
101_2033,101,0.7821,vacuuming,vacuuming,1,GREEN
101_2034,101,0.8509,vacuuming,vacuuming,1,GREEN
101_2035,101,0.76,vacuuming,vacuuming,1,GREEN
101_2036,101,0.7764,vacuuming,vacuuming,1,GREEN
101_2037,101,0.8256,vacuuming,vacuuming,1,GREEN
101_2038,101,0.8758,vacuuming,vacuuming,1,GREEN
101_2039,101,0.8727,vacuuming,vacuuming,1,GREEN
101_2040,101,0.9097,vacuuming,vacuuming,1,GREEN
101_2041,101,0.8968,vacuuming,vacuuming,1,GREEN
101_2042,101,0.8261,vacuuming,vacuuming,1,GREEN
101_2043,101,0.7983,vacuuming,vacuuming,1,GREEN
101_2044,101,0.9005,vacuuming,vacuuming,1,GREEN
101_2045,101,0.8262,vacuuming,vacuuming,1,GREEN
101_2046,101,0.7756,vacuuming,vacuuming,1,GREEN
101_2047,101,0.7354,vacuuming,vacuuming,1,YELLOW
101_2048,101,0.842,vacuuming,vacuuming,1,GREEN
101_2049,101,0.9,vacuuming,vacuuming,1,GREEN
101_2050,101,0.9405,vacuuming,vacuuming,1,GREEN
101_2051,101,0.9375,vacuuming,vacuuming,1,GREEN
101_2052,101,0.9474,vacuuming,vacuuming,1,GREEN
101_2053,101,0.9532,vacuuming,vacuuming,1,GREEN
101_2054,101,0.9898,vacuuming,vacuuming,1,GREEN
101_2055,101,0.8797,vacuuming,vacuuming,1,GREEN
101_2056,101,0.918,vacuuming,vacuuming,1,GREEN
101_2057,101,0.8467,vacuuming,vacuuming,1,GREEN
101_2058,101,0.9743,vacuuming,vacuuming,1,GREEN
101_2059,101,0.9735,vacuuming,vacuuming,1,GREEN
101_2060,101,0.9791,vacuuming,vacuuming,1,GREEN
101_2061,101,0.9669,vacuuming,vacuuming,1,GREEN
101_2062,101,0.9654,vacuuming,vacuuming,1,GREEN
101_2063,101,0.9825,vacuuming,vacuuming,1,GREEN
101_2064,101,0.9351,vacuuming,vacuuming,1,GREEN
101_2065,101,0.8441,vacuuming,vacuuming,1,GREEN
101_2066,101,0.8932,vacuuming,vacuuming,1,GREEN
101_2067,101,0.8499,vacuuming,vacuuming,1,GREEN
101_2068,101,0.8728,vacuuming,vacuuming,1,GREEN
101_2069,101,0.9338,vacuuming,vacuuming,1,GREEN
101_2070,101,0.9442,vacuuming,vacuuming,1,GREEN
101_2071,101,0.9953,vacuuming,vacuuming,1,GREEN
101_2072,101,0.9934,vacuuming,vacuuming,1,GREEN
101_2073,101,0.9912,vacuuming,vacuuming,1,GREEN
101_2074,101,0.8698,vacuuming,vacuuming,1,GREEN
101_2075,101,0.9061,vacuuming,vacuuming,1,GREEN
101_2076,101,0.8753,vacuuming,vacuuming,1,GREEN
101_2077,101,0.8667,vacuuming,vacuuming,1,GREEN
101_2078,101,0.8685,vacuuming,vacuuming,1,GREEN
101_2079,101,0.8471,vacuuming,vacuuming,1,GREEN
101_2080,101,0.8654,vacuuming,vacuuming,1,GREEN
101_2081,101,0.9188,vacuuming,vacuuming,1,GREEN
101_2082,101,0.9091,vacuuming,vacuuming,1,GREEN
101_2083,101,0.6995,vacuuming,vacuuming,1,YELLOW
101_2084,101,0.6002,vacuuming,vacuuming,1,YELLOW
101_2085,101,0.5693,vacuuming,vacuuming,1,YELLOW
101_2086,101,0.8338,vacuuming,vacuuming,1,GREEN
101_2087,101,0.5901,vacuuming,vacuuming,1,YELLOW
101_2088,101,0.6797,vacuuming,vacuuming,1,YELLOW
101_2089,101,0.8495,vacuuming,vacuuming,1,GREEN
101_2090,101,0.9193,vacuuming,vacuuming,1,GREEN
101_2091,101,0.9204,vacuuming,vacuuming,1,GREEN
101_2092,101,0.8722,vacuuming,vacuuming,1,GREEN
101_2093,101,0.7838,vacuuming,vacuuming,1,GREEN
101_2094,101,0.9464,vacuuming,vacuuming,1,GREEN
101_2095,101,0.9738,vacuuming,vacuuming,1,GREEN
101_2096,101,0.9839,vacuuming,vacuuming,1,GREEN
101_2097,101,0.9131,vacuuming,vacuuming,1,GREEN
101_2098,101,0.9029,vacuuming,vacuuming,1,GREEN
101_2099,101,0.984,vacuuming,vacuuming,1,GREEN
101_2100,101,0.9864,vacuuming,vacuuming,1,GREEN
101_2101,101,0.9648,vacuuming,vacuuming,1,GREEN
101_2102,101,0.8787,vacuuming,vacuuming,1,GREEN
101_2103,101,0.9802,vacuuming,vacuuming,1,GREEN
101_2104,101,0.9741,vacuuming,vacuuming,1,GREEN
101_2105,101,0.9524,vacuuming,vacuuming,1,GREEN
101_2106,101,0.9593,vacuuming,vacuuming,1,GREEN
101_2107,101,0.9913,vacuuming,vacuuming,1,GREEN
101_2108,101,0.9872,vacuuming,vacuuming,1,GREEN
101_2109,101,0.983,vacuuming,vacuuming,1,GREEN
101_2110,101,0.9871,vacuuming,vacuuming,1,GREEN
101_2111,101,0.996,vacuuming,vacuuming,1,GREEN
101_2112,101,0.9928,vacuuming,vacuuming,1,GREEN
101_2113,101,0.9765,vacuuming,vacuuming,1,GREEN
101_2114,101,0.9805,vacuuming,vacuuming,1,GREEN
101_2115,101,0.9605,vacuuming,vacuuming,1,GREEN
101_2116,101,0.8969,vacuuming,vacuuming,1,GREEN
101_2117,101,0.918,vacuuming,vacuuming,1,GREEN
101_2118,101,0.9247,vacuuming,vacuuming,1,GREEN
101_2119,101,0.9188,vacuuming,vacuuming,1,GREEN
101_2120,101,0.9317,vacuuming,vacuuming,1,GREEN
101_2121,101,0.9531,vacuuming,vacuuming,1,GREEN
101_2122,101,0.9589,vacuuming,vacuuming,1,GREEN
101_2123,101,0.9345,vacuuming,vacuuming,1,GREEN
101_2124,101,0.9502,vacuuming,vacuuming,1,GREEN
101_2125,101,0.9493,vacuuming,vacuuming,1,GREEN
101_2126,101,0.9676,vacuuming,vacuuming,1,GREEN
101_2127,101,0.9857,vacuuming,vacuuming,1,GREEN
101_2128,101,0.9652,vacuuming,vacuuming,1,GREEN
101_2129,101,0.9395,vacuuming,vacuuming,1,GREEN
101_2130,101,0.9448,vacuuming,vacuuming,1,GREEN
101_2131,101,0.949,vacuuming,vacuuming,1,GREEN
101_2132,101,0.9489,vacuuming,vacuuming,1,GREEN
101_2133,101,0.9723,vacuuming,vacuuming,1,GREEN
101_2134,101,0.9847,vacuuming,vacuuming,1,GREEN
101_2135,101,0.9721,vacuuming,vacuuming,1,GREEN
101_2136,101,0.9735,vacuuming,vacuuming,1,GREEN
101_2137,101,0.9692,vacuuming,vacuuming,1,GREEN
101_2138,101,0.7888,vacuuming,vacuuming,1,GREEN
101_2139,101,0.6339,vacuuming,vacuuming,1,YELLOW
101_2140,101,0.7921,vacuuming,vacuuming,1,GREEN
101_2141,101,0.5555,vacuuming,vacuuming,1,YELLOW
101_2142,101,0.6667,vacuuming,vacuuming,1,YELLOW
101_2143,101,0.7471,vacuuming,vacuuming,1,YELLOW
101_2144,101,0.6882,vacuuming,vacuuming,1,YELLOW
101_2145,101,0.6871,vacuuming,vacuuming,1,YELLOW
101_2146,101,0.7013,vacuuming,vacuuming,1,YELLOW
101_2147,101,0.8287,vacuuming,vacuuming,1,GREEN
101_2148,101,0.7938,vacuuming,vacuuming,1,GREEN
101_2149,101,0.6611,vacuuming,vacuuming,1,YELLOW
101_2150,101,0.7858,vacuuming,vacuuming,1,GREEN
101_2151,101,0.7859,vacuuming,vacuuming,1,GREEN
101_2152,101,0.8561,vacuuming,vacuuming,1,GREEN
101_2153,101,0.7694,vacuuming,vacuuming,1,GREEN
101_2154,101,0.8178,vacuuming,vacuuming,1,GREEN
101_2155,101,0.7998,vacuuming,vacuuming,1,GREEN
101_2156,101,0.862,vacuuming,vacuuming,1,GREEN
101_2157,101,0.7939,vacuuming,vacuuming,1,GREEN
101_2158,101,0.7919,vacuuming,vacuuming,1,GREEN
101_2159,101,0.8654,vacuuming,vacuuming,1,GREEN
101_2160,101,0.9025,vacuuming,vacuuming,1,GREEN
101_2161,101,0.9199,vacuuming,vacuuming,1,GREEN
101_2162,101,0.9234,vacuuming,vacuuming,1,GREEN
101_2163,101,0.9092,vacuuming,vacuuming,1,GREEN
101_2164,101,0.8438,vacuuming,vacuuming,1,GREEN
101_2165,101,0.867,vacuuming,vacuuming,1,GREEN
101_2166,101,0.7471,vacuuming,vacuuming,1,YELLOW
101_2167,101,0.7382,cycling,vacuuming,0,YELLOW
101_2168,101,0.58,vacuuming,vacuuming,1,YELLOW
101_2169,101,0.5348,vacuuming,vacuuming,1,YELLOW
101_2170,101,0.4888,vacuuming,vacuuming,1,YELLOW
101_2171,101,0.8581,vacuuming,vacuuming,1,GREEN
101_2172,101,0.9536,vacuuming,vacuuming,1,GREEN
101_2173,101,0.9734,vacuuming,vacuuming,1,GREEN
101_2174,101,0.9698,vacuuming,vacuuming,1,GREEN
101_2175,101,0.9223,vacuuming,vacuuming,1,GREEN
101_2176,101,0.8763,vacuuming,vacuuming,1,GREEN
101_2177,101,0.92,vacuuming,vacuuming,1,GREEN
101_2178,101,0.8803,vacuuming,vacuuming,1,GREEN
101_2179,101,0.878,vacuuming,vacuuming,1,GREEN
101_2180,101,0.9079,vacuuming,vacuuming,1,GREEN
101_2181,101,0.844,vacuuming,vacuuming,1,GREEN
101_2182,101,0.8478,vacuuming,vacuuming,1,GREEN
101_2183,101,0.8945,vacuuming,vacuuming,1,GREEN
101_2184,101,0.7557,vacuuming,vacuuming,1,GREEN
101_2185,101,0.7549,vacuuming,vacuuming,1,GREEN
101_2186,101,0.9094,vacuuming,vacuuming,1,GREEN
101_2187,101,0.8589,vacuuming,vacuuming,1,GREEN
101_2188,101,0.8224,vacuuming,vacuuming,1,GREEN
101_2189,101,0.9232,vacuuming,vacuuming,1,GREEN
101_2190,101,0.9251,vacuuming,vacuuming,1,GREEN
101_2191,101,0.9268,vacuuming,vacuuming,1,GREEN
101_2192,101,0.9311,vacuuming,vacuuming,1,GREEN
101_2193,101,0.9633,vacuuming,vacuuming,1,GREEN
101_2194,101,0.9019,vacuuming,vacuuming,1,GREEN
101_2195,101,0.6315,vacuuming,vacuuming,1,YELLOW
101_2196,101,0.6769,vacuuming,vacuuming,1,YELLOW
101_2197,101,0.8905,vacuuming,vacuuming,1,GREEN
101_2198,101,0.9663,vacuuming,vacuuming,1,GREEN
101_2199,101,0.8717,vacuuming,vacuuming,1,GREEN
101_2200,101,0.8275,vacuuming,vacuuming,1,GREEN
101_2201,101,0.727,vacuuming,vacuuming,1,YELLOW
101_2202,101,0.8819,vacuuming,vacuuming,1,GREEN
101_2203,101,0.9335,vacuuming,vacuuming,1,GREEN
101_2204,101,0.9527,vacuuming,vacuuming,1,GREEN
101_2205,101,0.8648,vacuuming,vacuuming,1,GREEN
101_2206,101,0.7365,vacuuming,vacuuming,1,YELLOW
101_2207,101,0.5932,vacuuming,vacuuming,1,YELLOW
101_2208,101,0.8659,vacuuming,vacuuming,1,GREEN
101_2209,101,0.6837,vacuuming,vacuuming,1,YELLOW
101_2210,101,0.4943,vacuuming,vacuuming,1,YELLOW
101_2211,101,0.8539,vacuuming,vacuuming,1,GREEN
101_2212,101,0.8445,vacuuming,vacuuming,1,GREEN
101_2213,101,0.8085,vacuuming,vacuuming,1,GREEN
101_2214,101,0.5101,vacuuming,vacuuming,1,YELLOW
101_2215,101,0.6838,cycling,vacuuming,0,YELLOW
101_2216,101,0.7548,vacuuming,vacuuming,1,GREEN
101_2217,101,0.8286,vacuuming,vacuuming,1,GREEN
101_2218,101,0.8316,vacuuming,vacuuming,1,GREEN
101_2219,101,0.9489,vacuuming,vacuuming,1,GREEN
101_2220,101,0.8689,vacuuming,vacuuming,1,GREEN
101_2221,101,0.9371,vacuuming,vacuuming,1,GREEN
101_2222,101,0.9494,vacuuming,vacuuming,1,GREEN
101_2223,101,0.8397,vacuuming,vacuuming,1,GREEN
101_2224,101,0.7356,vacuuming,vacuuming,1,YELLOW
101_2225,101,0.953,vacuuming,vacuuming,1,GREEN
101_2226,101,0.9539,vacuuming,vacuuming,1,GREEN
101_2227,101,0.9907,vacuuming,vacuuming,1,GREEN
101_2228,101,0.9632,vacuuming,vacuuming,1,GREEN
101_2229,101,0.9721,vacuuming,vacuuming,1,GREEN
101_2230,101,0.984,vacuuming,vacuuming,1,GREEN
101_2231,101,0.9019,vacuuming,vacuuming,1,GREEN
101_2232,101,0.8351,vacuuming,vacuuming,1,GREEN
101_2233,101,0.7254,vacuuming,vacuuming,1,YELLOW
101_2234,101,0.8795,vacuuming,vacuuming,1,GREEN
101_2235,101,0.697,vacuuming,vacuuming,1,YELLOW
101_2236,101,0.3881,vacuuming,vacuuming,1,RED
101_2237,101,0.4275,vacuuming,vacuuming,1,RED
101_2238,101,0.6592,vacuuming,vacuuming,1,YELLOW
101_2239,101,0.5073,vacuuming,vacuuming,1,YELLOW
101_2240,101,0.6899,vacuuming,vacuuming,1,YELLOW
101_2241,101,0.6801,vacuuming,vacuuming,1,YELLOW
101_2242,101,0.5801,vacuuming,vacuuming,1,YELLOW
101_2243,101,0.5792,ironing,vacuuming,0,YELLOW
101_2244,101,0.5445,vacuuming,vacuuming,1,YELLOW
101_2245,101,0.8999,vacuuming,vacuuming,1,GREEN
101_2246,101,0.8808,vacuuming,vacuuming,1,GREEN
101_2247,101,0.7552,vacuuming,vacuuming,1,GREEN
101_2248,101,0.9728,vacuuming,vacuuming,1,GREEN
101_2249,101,0.985,vacuuming,vacuuming,1,GREEN
101_2250,101,0.9915,vacuuming,vacuuming,1,GREEN
101_2251,101,0.9508,vacuuming,vacuuming,1,GREEN
101_2252,101,0.9461,vacuuming,vacuuming,1,GREEN
101_2253,101,0.9826,vacuuming,vacuuming,1,GREEN
101_2254,101,0.9297,vacuuming,vacuuming,1,GREEN
101_2255,101,0.9682,vacuuming,vacuuming,1,GREEN
101_2256,101,0.9938,vacuuming,vacuuming,1,GREEN
101_2257,101,0.8966,vacuuming,vacuuming,1,GREEN
101_2258,101,0.908,vacuuming,vacuuming,1,GREEN
101_2259,101,0.9913,vacuuming,vacuuming,1,GREEN
101_2260,101,0.9864,vacuuming,vacuuming,1,GREEN
101_2261,101,0.9877,vacuuming,vacuuming,1,GREEN
101_2262,101,0.9734,vacuuming,vacuuming,1,GREEN
101_2263,101,0.8525,vacuuming,vacuuming,1,GREEN
101_2264,101,0.8189,vacuuming,vacuuming,1,GREEN
101_2265,101,0.8296,vacuuming,vacuuming,1,GREEN
101_2266,101,0.8368,vacuuming,vacuuming,1,GREEN
101_2267,101,0.7827,vacuuming,vacuuming,1,GREEN
101_2268,101,0.736,vacuuming,vacuuming,1,YELLOW
101_2269,101,0.7725,vacuuming,vacuuming,1,GREEN
101_2270,101,0.6967,vacuuming,vacuuming,1,YELLOW
101_2271,101,0.8833,vacuuming,vacuuming,1,GREEN
101_2272,101,0.9456,vacuuming,vacuuming,1,GREEN
101_2273,101,0.9465,vacuuming,vacuuming,1,GREEN
101_2274,101,0.9746,vacuuming,vacuuming,1,GREEN
101_2275,101,0.9329,vacuuming,vacuuming,1,GREEN
101_2276,101,0.9624,vacuuming,vacuuming,1,GREEN
101_2277,101,0.9792,vacuuming,vacuuming,1,GREEN
101_2278,101,0.9633,vacuuming,vacuuming,1,GREEN
101_2279,101,0.9682,vacuuming,vacuuming,1,GREEN
101_2280,101,0.928,vacuuming,vacuuming,1,GREEN
101_2281,101,0.7932,vacuuming,vacuuming,1,GREEN
101_2282,101,0.5024,vacuuming,vacuuming,1,YELLOW
101_2283,101,0.2926,vacuuming,vacuuming,1,RED
101_2284,101,0.3509,vacuuming,vacuuming,1,RED
101_2285,101,0.723,vacuuming,vacuuming,1,YELLOW
101_2286,101,0.8634,vacuuming,vacuuming,1,GREEN
101_2287,101,0.9755,vacuuming,vacuuming,1,GREEN
101_2288,101,0.9862,vacuuming,vacuuming,1,GREEN
101_2289,101,0.9941,vacuuming,vacuuming,1,GREEN
101_2290,101,0.9941,vacuuming,vacuuming,1,GREEN
101_2291,101,0.9537,vacuuming,vacuuming,1,GREEN
101_2292,101,0.9245,vacuuming,vacuuming,1,GREEN
101_2293,101,0.9706,vacuuming,vacuuming,1,GREEN
101_2294,101,0.9825,vacuuming,vacuuming,1,GREEN
101_2295,101,0.989,vacuuming,vacuuming,1,GREEN
101_2296,101,0.9967,vacuuming,vacuuming,1,GREEN
101_2297,101,0.9997,vacuuming,vacuuming,1,GREEN
101_2298,101,0.9737,vacuuming,vacuuming,1,GREEN
101_2299,101,0.948,vacuuming,vacuuming,1,GREEN
101_2300,101,0.8803,vacuuming,vacuuming,1,GREEN
101_2301,101,0.8324,vacuuming,vacuuming,1,GREEN
101_2302,101,0.7889,vacuuming,vacuuming,1,GREEN
101_2303,101,0.9355,vacuuming,vacuuming,1,GREEN
101_2304,101,0.9018,vacuuming,vacuuming,1,GREEN
101_2305,101,0.8747,vacuuming,vacuuming,1,GREEN
101_2306,101,0.9096,vacuuming,vacuuming,1,GREEN
101_2307,101,0.903,vacuuming,vacuuming,1,GREEN
101_2308,101,0.9446,vacuuming,vacuuming,1,GREEN
101_2309,101,0.9499,vacuuming,vacuuming,1,GREEN
101_2310,101,0.8921,vacuuming,vacuuming,1,GREEN
101_2311,101,0.9653,vacuuming,vacuuming,1,GREEN
101_2312,101,0.9701,vacuuming,vacuuming,1,GREEN
101_2313,101,0.7963,vacuuming,vacuuming,1,GREEN
101_2314,101,0.7917,vacuuming,vacuuming,1,GREEN
101_2315,101,0.9188,vacuuming,vacuuming,1,GREEN
101_2316,101,0.7784,vacuuming,vacuuming,1,GREEN
101_2317,101,0.9134,vacuuming,vacuuming,1,GREEN
101_2318,101,0.9386,vacuuming,vacuuming,1,GREEN
101_2319,101,0.9432,vacuuming,vacuuming,1,GREEN
101_2320,101,0.9439,vacuuming,vacuuming,1,GREEN
101_2321,101,0.9743,vacuuming,vacuuming,1,GREEN
101_2322,101,0.9531,vacuuming,vacuuming,1,GREEN
101_2323,101,0.5905,vacuuming,vacuuming,1,YELLOW
101_2324,101,0.4682,vacuuming,vacuuming,1,YELLOW
101_2325,101,0.5424,vacuuming,vacuuming,1,YELLOW
101_2326,101,0.7842,vacuuming,vacuuming,1,GREEN
101_2327,101,0.8386,vacuuming,vacuuming,1,GREEN
101_2328,101,0.8956,vacuuming,vacuuming,1,GREEN
101_2329,101,0.8235,vacuuming,vacuuming,1,GREEN
101_2330,101,0.9252,vacuuming,vacuuming,1,GREEN
101_2331,101,0.972,vacuuming,vacuuming,1,GREEN
101_2332,101,0.9627,vacuuming,vacuuming,1,GREEN
101_2333,101,0.9682,vacuuming,vacuuming,1,GREEN
101_2334,101,0.7445,vacuuming,vacuuming,1,YELLOW
101_2335,101,0.7987,vacuuming,vacuuming,1,GREEN
101_2336,101,0.9523,vacuuming,vacuuming,1,GREEN
101_2337,101,0.9488,vacuuming,vacuuming,1,GREEN
101_2338,101,0.9454,vacuuming,vacuuming,1,GREEN
101_2339,101,0.8551,vacuuming,vacuuming,1,GREEN
101_2340,101,0.9754,vacuuming,vacuuming,1,GREEN
101_2341,101,0.9506,vacuuming,vacuuming,1,GREEN
101_2342,101,0.9114,vacuuming,vacuuming,1,GREEN
101_2343,101,0.9174,vacuuming,vacuuming,1,GREEN
101_2344,101,0.9721,vacuuming,vacuuming,1,GREEN
101_2345,101,0.9785,vacuuming,vacuuming,1,GREEN
101_2346,101,0.9759,vacuuming,vacuuming,1,GREEN
101_2347,101,0.9256,vacuuming,vacuuming,1,GREEN
101_2348,101,0.7968,vacuuming,vacuuming,1,GREEN
101_2349,101,0.7804,vacuuming,vacuuming,1,GREEN
101_2350,101,0.4074,vacuuming,vacuuming,1,RED
101_2351,101,0.4277,vacuuming,vacuuming,1,RED
101_2352,101,0.5223,vacuuming,vacuuming,1,YELLOW
101_2353,101,0.8377,vacuuming,vacuuming,1,GREEN
101_2354,101,0.8375,vacuuming,vacuuming,1,GREEN
101_2355,101,0.7176,vacuuming,vacuuming,1,YELLOW
101_2356,101,0.4188,ironing,vacuuming,0,RED
101_2357,101,0.5599,ironing,vacuuming,0,YELLOW
101_2358,101,0.5561,ironing,vacuuming,0,YELLOW
101_2359,101,0.5227,ironing,vacuuming,0,YELLOW
101_2360,101,0.5589,ironing,vacuuming,0,YELLOW
101_2361,101,0.5575,ironing,vacuuming,0,YELLOW
101_2362,101,0.4325,ironing,vacuuming,0,RED
101_2363,101,0.3864,ironing,vacuuming,0,RED
101_2364,101,0.5839,ironing,stairs_up,0,YELLOW
101_2365,101,0.7384,ironing,stairs_up,0,YELLOW
101_2366,101,0.752,ironing,stairs_up,0,GREEN
101_2367,101,0.7585,ironing,stairs_up,0,GREEN
101_2368,101,0.7954,ironing,stairs_up,0,GREEN
101_2369,101,0.8107,ironing,stairs_up,0,GREEN
101_2370,101,0.8011,ironing,stairs_up,0,GREEN
101_2371,101,0.8169,ironing,stairs_up,0,GREEN
101_2372,101,0.8356,ironing,stairs_up,0,GREEN
101_2373,101,0.835,ironing,stairs_up,0,GREEN
101_2374,101,0.7813,ironing,stairs_up,0,GREEN
101_2375,101,0.6876,ironing,stairs_up,0,YELLOW
101_2376,101,0.5245,stairs_up,stairs_up,1,YELLOW
101_2377,101,0.9303,stairs_up,stairs_up,1,GREEN
101_2378,101,0.9756,stairs_up,stairs_up,1,GREEN
101_2379,101,0.9151,stairs_up,stairs_up,1,GREEN
101_2380,101,0.8829,stairs_up,stairs_up,1,GREEN
101_2381,101,0.7658,stairs_up,stairs_up,1,GREEN
101_2382,101,0.7862,stairs_up,stairs_up,1,GREEN
101_2383,101,0.809,stairs_up,stairs_up,1,GREEN
101_2384,101,0.7329,stairs_up,stairs_up,1,YELLOW
101_2385,101,0.8679,stairs_up,stairs_up,1,GREEN
101_2386,101,0.8408,stairs_up,stairs_up,1,GREEN
101_2387,101,0.8184,stairs_up,stairs_up,1,GREEN
101_2388,101,0.9107,stairs_up,stairs_up,1,GREEN
101_2389,101,0.9527,stairs_up,stairs_up,1,GREEN
101_2390,101,0.9378,stairs_up,stairs_up,1,GREEN
101_2391,101,0.9283,stairs_up,stairs_up,1,GREEN
101_2392,101,0.9476,stairs_up,stairs_up,1,GREEN
101_2393,101,0.8859,stairs_up,stairs_up,1,GREEN
101_2394,101,0.8449,stairs_up,stairs_up,1,GREEN
101_2395,101,0.9348,stairs_up,stairs_up,1,GREEN
101_2396,101,0.9442,stairs_up,stairs_up,1,GREEN
101_2397,101,0.629,stairs_up,stairs_up,1,YELLOW
101_2398,101,0.6585,stairs_up,stairs_up,1,YELLOW
101_2399,101,0.8984,stairs_up,stairs_up,1,GREEN
101_2400,101,0.7948,stairs_up,stairs_up,1,GREEN
101_2401,101,0.9355,stairs_up,stairs_up,1,GREEN
101_2402,101,0.8956,stairs_up,stairs_up,1,GREEN
101_2403,101,0.899,stairs_up,stairs_up,1,GREEN
101_2404,101,0.9495,stairs_up,stairs_up,1,GREEN
101_2405,101,0.7279,stairs_up,stairs_up,1,YELLOW
101_2406,101,0.7322,stairs_up,stairs_up,1,YELLOW
101_2407,101,0.744,stairs_up,stairs_up,1,YELLOW
101_2408,101,0.7563,stairs_up,stairs_up,1,GREEN
101_2409,101,0.7524,stairs_up,stairs_up,1,GREEN
101_2410,101,0.754,stairs_up,stairs_up,1,GREEN
101_2411,101,0.766,stairs_up,stairs_up,1,GREEN
101_2412,101,0.8199,stairs_up,stairs_up,1,GREEN
101_2413,101,0.939,stairs_up,stairs_up,1,GREEN
101_2414,101,0.9153,stairs_up,stairs_up,1,GREEN
101_2415,101,0.9829,stairs_up,stairs_up,1,GREEN
101_2416,101,0.9704,stairs_up,stairs_up,1,GREEN
101_2417,101,0.9765,stairs_up,stairs_up,1,GREEN
101_2418,101,0.871,stairs_up,stairs_up,1,GREEN
101_2419,101,0.6558,stairs_up,stairs_up,1,YELLOW
101_2420,101,0.9259,stairs_up,stairs_up,1,GREEN
101_2421,101,0.8622,stairs_up,stairs_up,1,GREEN
101_2422,101,0.9576,stairs_up,stairs_up,1,GREEN
101_2423,101,0.9649,stairs_up,stairs_up,1,GREEN
101_2424,101,0.9583,stairs_up,stairs_up,1,GREEN
101_2425,101,0.9618,stairs_up,stairs_up,1,GREEN
101_2426,101,0.9512,stairs_up,stairs_up,1,GREEN
101_2427,101,0.9516,stairs_up,stairs_up,1,GREEN
101_2428,101,0.9753,stairs_up,stairs_up,1,GREEN
101_2429,101,0.9898,stairs_up,stairs_up,1,GREEN
101_2430,101,0.916,stairs_up,stairs_up,1,GREEN
101_2431,101,0.9337,stairs_up,stairs_up,1,GREEN
101_2432,101,0.9327,stairs_up,stairs_up,1,GREEN
101_2433,101,0.8993,stairs_up,stairs_up,1,GREEN
101_2434,101,0.7678,stairs_up,stairs_up,1,GREEN
101_2435,101,0.9182,stairs_up,stairs_up,1,GREEN
101_2436,101,0.9039,stairs_up,stairs_up,1,GREEN
101_2437,101,0.8672,stairs_up,stairs_up,1,GREEN
101_2438,101,0.7892,stairs_up,stairs_up,1,GREEN
101_2439,101,0.7544,stairs_up,stairs_up,1,GREEN
101_2440,101,0.8349,stairs_up,stairs_up,1,GREEN
101_2441,101,0.8496,stairs_up,stairs_up,1,GREEN
101_2442,101,0.817,stairs_up,stairs_up,1,GREEN
101_2443,101,0.9337,stairs_up,stairs_up,1,GREEN
101_2444,101,0.9393,stairs_up,stairs_up,1,GREEN
101_2445,101,0.9142,stairs_up,stairs_up,1,GREEN
101_2446,101,0.9303,stairs_up,stairs_up,1,GREEN
101_2447,101,0.9413,stairs_up,stairs_up,1,GREEN
101_2448,101,0.9669,stairs_up,stairs_up,1,GREEN
101_2449,101,0.9854,stairs_up,stairs_up,1,GREEN
101_2450,101,0.9834,stairs_up,stairs_up,1,GREEN
101_2451,101,0.9788,stairs_up,stairs_up,1,GREEN
101_2452,101,0.9219,stairs_up,stairs_up,1,GREEN
101_2453,101,0.9195,stairs_up,stairs_up,1,GREEN
101_2454,101,0.9394,stairs_up,stairs_up,1,GREEN
101_2455,101,0.9586,stairs_up,stairs_up,1,GREEN
101_2456,101,0.9536,stairs_up,stairs_up,1,GREEN
101_2457,101,0.8336,stairs_up,stairs_up,1,GREEN
101_2458,101,0.8885,stairs_up,stairs_up,1,GREEN
101_2459,101,0.9437,stairs_up,stairs_up,1,GREEN
101_2460,101,0.7387,stairs_up,stairs_up,1,YELLOW
101_2461,101,0.8517,stairs_up,stairs_up,1,GREEN
101_2462,101,0.8064,stairs_up,stairs_up,1,GREEN
101_2463,101,0.7849,stairs_up,stairs_up,1,GREEN
101_2464,101,0.8465,stairs_up,stairs_up,1,GREEN
101_2465,101,0.7332,stairs_up,stairs_up,1,YELLOW
101_2466,101,0.8743,stairs_up,stairs_up,1,GREEN
101_2467,101,0.8881,stairs_up,stairs_up,1,GREEN
101_2468,101,0.9035,stairs_up,stairs_up,1,GREEN
101_2469,101,0.9512,stairs_up,stairs_up,1,GREEN
101_2470,101,0.9456,stairs_up,stairs_up,1,GREEN
101_2471,101,0.9146,stairs_up,stairs_up,1,GREEN
101_2472,101,0.931,stairs_up,stairs_up,1,GREEN
101_2473,101,0.9302,stairs_up,stairs_up,1,GREEN
101_2474,101,0.914,stairs_up,stairs_up,1,GREEN
101_2475,101,0.9619,stairs_up,stairs_up,1,GREEN
101_2476,101,0.9277,stairs_up,stairs_up,1,GREEN
101_2477,101,0.9283,stairs_up,stairs_up,1,GREEN
101_2478,101,0.9588,stairs_up,stairs_up,1,GREEN
101_2479,101,0.9527,stairs_up,stairs_up,1,GREEN
101_2480,101,0.9385,stairs_up,stairs_up,1,GREEN
101_2481,101,0.9774,stairs_up,stairs_up,1,GREEN
101_2482,101,0.9692,stairs_up,stairs_up,1,GREEN
101_2483,101,0.8976,stairs_up,stairs_up,1,GREEN
101_2484,101,0.9492,stairs_up,stairs_up,1,GREEN
101_2485,101,0.9212,stairs_up,stairs_up,1,GREEN
101_2486,101,0.8351,stairs_up,stairs_up,1,GREEN
101_2487,101,0.9627,stairs_up,stairs_up,1,GREEN
101_2488,101,0.9721,stairs_up,stairs_up,1,GREEN
101_2489,101,0.8243,stairs_up,stairs_up,1,GREEN
101_2490,101,0.802,stairs_up,stairs_up,1,GREEN
101_2491,101,0.845,stairs_up,stairs_up,1,GREEN
101_2492,101,0.9312,stairs_up,stairs_up,1,GREEN
101_2493,101,0.961,stairs_up,stairs_up,1,GREEN
101_2494,101,0.8765,stairs_up,stairs_up,1,GREEN
101_2495,101,0.8787,stairs_up,stairs_up,1,GREEN
101_2496,101,0.972,stairs_up,stairs_up,1,GREEN
101_2497,101,0.9088,stairs_up,stairs_up,1,GREEN
101_2498,101,0.9281,stairs_up,stairs_up,1,GREEN
101_2499,101,0.8911,stairs_up,stairs_up,1,GREEN
101_2500,101,0.9263,stairs_up,stairs_up,1,GREEN
101_2501,101,0.9542,stairs_up,stairs_up,1,GREEN
101_2502,101,0.9548,stairs_up,stairs_up,1,GREEN
101_2503,101,0.9638,stairs_up,stairs_up,1,GREEN
101_2504,101,0.9698,stairs_up,stairs_up,1,GREEN
101_2505,101,0.979,stairs_up,stairs_up,1,GREEN
101_2506,101,0.975,stairs_up,stairs_up,1,GREEN
101_2507,101,0.9449,stairs_up,stairs_up,1,GREEN
101_2508,101,0.9504,stairs_up,stairs_up,1,GREEN
101_2509,101,0.927,stairs_up,stairs_up,1,GREEN
101_2510,101,0.7785,stairs_up,stairs_up,1,GREEN
101_2511,101,0.5114,vacuuming,stairs_up,0,YELLOW
101_2512,101,0.6526,vacuuming,stairs_up,0,YELLOW
101_2513,101,0.3406,stairs_down,stairs_up,0,RED
101_2514,101,0.2289,vacuuming,stairs_up,0,RED
101_2515,101,0.2379,running,stairs_up,0,RED
101_2516,101,0.2092,stairs_down,stairs_up,0,RED
101_2517,101,0.1975,nordic_walk,stairs_up,0,RED
101_2518,101,0.3833,nordic_walk,stairs_up,0,RED
101_2519,101,0.3711,nordic_walk,stairs_up,0,RED
101_2520,101,0.4226,vacuuming,stairs_up,0,RED
101_2521,101,0.5632,vacuuming,stairs_up,0,YELLOW
101_2522,101,0.479,vacuuming,stairs_up,0,YELLOW
101_2523,101,0.5914,ironing,stairs_up,0,YELLOW
101_2524,101,0.5032,ironing,stairs_up,0,YELLOW
101_2525,101,0.7442,ironing,stairs_down,0,YELLOW
101_2526,101,0.7504,ironing,stairs_down,0,GREEN
101_2527,101,0.8185,ironing,stairs_down,0,GREEN
101_2528,101,0.7808,ironing,stairs_down,0,GREEN
101_2529,101,0.824,ironing,stairs_down,0,GREEN
101_2530,101,0.7843,ironing,stairs_down,0,GREEN
101_2531,101,0.7027,ironing,stairs_down,0,YELLOW
101_2532,101,0.8249,ironing,stairs_down,0,GREEN
101_2533,101,0.8835,ironing,stairs_down,0,GREEN
101_2534,101,0.7336,ironing,stairs_down,0,YELLOW
101_2535,101,0.8172,ironing,stairs_down,0,GREEN
101_2536,101,0.8422,ironing,stairs_down,0,GREEN
101_2537,101,0.407,ironing,stairs_down,0,RED
101_2538,101,0.3689,stairs_up,stairs_down,0,RED
101_2539,101,0.7556,stairs_down,stairs_down,1,GREEN
101_2540,101,0.77,stairs_down,stairs_down,1,GREEN
101_2541,101,0.6507,stairs_down,stairs_down,1,YELLOW
101_2542,101,0.6268,stairs_down,stairs_down,1,YELLOW
101_2543,101,0.5593,stairs_down,stairs_down,1,YELLOW
101_2544,101,0.6686,stairs_down,stairs_down,1,YELLOW
101_2545,101,0.6608,stairs_down,stairs_down,1,YELLOW
101_2546,101,0.565,stairs_down,stairs_down,1,YELLOW
101_2547,101,0.8201,stairs_down,stairs_down,1,GREEN
101_2548,101,0.9357,stairs_down,stairs_down,1,GREEN
101_2549,101,0.8167,stairs_down,stairs_down,1,GREEN
101_2550,101,0.8981,stairs_down,stairs_down,1,GREEN
101_2551,101,0.8537,stairs_down,stairs_down,1,GREEN
101_2552,101,0.8311,stairs_down,stairs_down,1,GREEN
101_2553,101,0.6787,stairs_down,stairs_down,1,YELLOW
101_2554,101,0.6818,stairs_down,stairs_down,1,YELLOW
101_2555,101,0.7808,stairs_down,stairs_down,1,GREEN
101_2556,101,0.7233,stairs_down,stairs_down,1,YELLOW
101_2557,101,0.9363,stairs_down,stairs_down,1,GREEN
101_2558,101,0.9525,stairs_down,stairs_down,1,GREEN
101_2559,101,0.8038,stairs_down,stairs_down,1,GREEN
101_2560,101,0.8268,stairs_down,stairs_down,1,GREEN
101_2561,101,0.687,stairs_down,stairs_down,1,YELLOW
101_2562,101,0.7383,stairs_down,stairs_down,1,YELLOW
101_2563,101,0.6663,stairs_down,stairs_down,1,YELLOW
101_2564,101,0.8297,stairs_down,stairs_down,1,GREEN
101_2565,101,0.8201,stairs_down,stairs_down,1,GREEN
101_2566,101,0.6931,stairs_down,stairs_down,1,YELLOW
101_2567,101,0.7689,stairs_down,stairs_down,1,GREEN
101_2568,101,0.8436,stairs_down,stairs_down,1,GREEN
101_2569,101,0.8826,stairs_down,stairs_down,1,GREEN
101_2570,101,0.9201,stairs_down,stairs_down,1,GREEN
101_2571,101,0.8867,stairs_down,stairs_down,1,GREEN
101_2572,101,0.863,stairs_down,stairs_down,1,GREEN
101_2573,101,0.871,stairs_down,stairs_down,1,GREEN
101_2574,101,0.4495,stairs_up,stairs_down,0,RED
101_2575,101,0.6189,stairs_down,stairs_down,1,YELLOW
101_2576,101,0.5995,stairs_down,stairs_down,1,YELLOW
101_2577,101,0.5803,stairs_down,stairs_down,1,YELLOW
101_2578,101,0.5665,stairs_down,stairs_down,1,YELLOW
101_2579,101,0.6307,stairs_down,stairs_down,1,YELLOW
101_2580,101,0.623,stairs_down,stairs_down,1,YELLOW
101_2581,101,0.7534,stairs_down,stairs_down,1,GREEN
101_2582,101,0.706,stairs_down,stairs_down,1,YELLOW
101_2583,101,0.7161,stairs_down,stairs_down,1,YELLOW
101_2584,101,0.6216,stairs_down,stairs_down,1,YELLOW
101_2585,101,0.5869,stairs_down,stairs_down,1,YELLOW
101_2586,101,0.5706,stairs_down,stairs_down,1,YELLOW
101_2587,101,0.7025,stairs_down,stairs_down,1,YELLOW
101_2588,101,0.6704,stairs_down,stairs_down,1,YELLOW
101_2589,101,0.7666,stairs_down,stairs_down,1,GREEN
101_2590,101,0.8626,stairs_down,stairs_down,1,GREEN
101_2591,101,0.9365,stairs_down,stairs_down,1,GREEN
101_2592,101,0.7574,stairs_down,stairs_down,1,GREEN
101_2593,101,0.7485,stairs_down,stairs_down,1,YELLOW
101_2594,101,0.869,stairs_down,stairs_down,1,GREEN
101_2595,101,0.8663,stairs_down,stairs_down,1,GREEN
101_2596,101,0.7602,stairs_down,stairs_down,1,GREEN
101_2597,101,0.9511,stairs_down,stairs_down,1,GREEN
101_2598,101,0.9433,stairs_down,stairs_down,1,GREEN
101_2599,101,0.9375,stairs_down,stairs_down,1,GREEN
101_2600,101,0.9524,stairs_down,stairs_down,1,GREEN
101_2601,101,0.9434,stairs_down,stairs_down,1,GREEN
101_2602,101,0.9298,stairs_down,stairs_down,1,GREEN
101_2603,101,0.8295,stairs_down,stairs_down,1,GREEN
101_2604,101,0.8894,stairs_down,stairs_down,1,GREEN
101_2605,101,0.8719,stairs_down,stairs_down,1,GREEN
101_2606,101,0.4486,stairs_down,stairs_down,1,RED
101_2607,101,0.6304,stairs_down,stairs_down,1,YELLOW
101_2608,101,0.5203,stairs_down,stairs_down,1,YELLOW
101_2609,101,0.7159,stairs_down,stairs_down,1,YELLOW
101_2610,101,0.5978,stairs_down,stairs_down,1,YELLOW
101_2611,101,0.6959,stairs_down,stairs_down,1,YELLOW
101_2612,101,0.666,stairs_down,stairs_down,1,YELLOW
101_2613,101,0.7845,stairs_down,stairs_down,1,GREEN
101_2614,101,0.8043,stairs_down,stairs_down,1,GREEN
101_2615,101,0.8061,stairs_down,stairs_down,1,GREEN
101_2616,101,0.863,stairs_down,stairs_down,1,GREEN
101_2617,101,0.8252,stairs_down,stairs_down,1,GREEN
101_2618,101,0.8212,stairs_down,stairs_down,1,GREEN
101_2619,101,0.6511,stairs_down,stairs_down,1,YELLOW
101_2620,101,0.8466,stairs_down,stairs_down,1,GREEN
101_2621,101,0.8512,stairs_down,stairs_down,1,GREEN
101_2622,101,0.87,stairs_down,stairs_down,1,GREEN
101_2623,101,0.8627,stairs_down,stairs_down,1,GREEN
101_2624,101,0.9471,stairs_down,stairs_down,1,GREEN
101_2625,101,0.9622,stairs_down,stairs_down,1,GREEN
101_2626,101,0.9602,stairs_down,stairs_down,1,GREEN
101_2627,101,0.9475,stairs_down,stairs_down,1,GREEN
101_2628,101,0.9544,stairs_down,stairs_down,1,GREEN
101_2629,101,0.8838,stairs_down,stairs_down,1,GREEN
101_2630,101,0.8063,stairs_down,stairs_down,1,GREEN
101_2631,101,0.8501,stairs_down,stairs_down,1,GREEN
101_2632,101,0.8946,stairs_down,stairs_down,1,GREEN
101_2633,101,0.8303,stairs_down,stairs_down,1,GREEN
101_2634,101,0.6496,stairs_down,stairs_down,1,YELLOW
101_2635,101,0.7016,stairs_down,stairs_down,1,YELLOW
101_2636,101,0.8815,stairs_down,stairs_down,1,GREEN
101_2637,101,0.9316,stairs_down,stairs_down,1,GREEN
101_2638,101,0.8858,stairs_down,stairs_down,1,GREEN
101_2639,101,0.8855,stairs_down,stairs_down,1,GREEN
101_2640,101,0.7743,stairs_down,stairs_down,1,GREEN
101_2641,101,0.8225,stairs_down,stairs_down,1,GREEN
101_2642,101,0.8442,stairs_down,stairs_down,1,GREEN
101_2643,101,0.8257,stairs_down,stairs_down,1,GREEN
101_2644,101,0.7888,stairs_down,stairs_down,1,GREEN
101_2645,101,0.5996,stairs_down,stairs_down,1,YELLOW
101_2646,101,0.8476,stairs_down,stairs_down,1,GREEN
101_2647,101,0.8484,stairs_down,stairs_down,1,GREEN
101_2648,101,0.6705,stairs_down,stairs_down,1,YELLOW
101_2649,101,0.6554,stairs_up,stairs_down,0,YELLOW
101_2650,101,0.707,stairs_down,stairs_down,1,YELLOW
101_2651,101,0.7004,stairs_down,stairs_down,1,YELLOW
101_2652,101,0.7125,stairs_down,stairs_down,1,YELLOW
101_2653,101,0.479,stairs_down,stairs_down,1,YELLOW
101_2654,101,0.778,stairs_down,stairs_down,1,GREEN
101_2655,101,0.7261,stairs_down,stairs_down,1,YELLOW
101_2656,101,0.6411,stairs_down,stairs_down,1,YELLOW
101_2657,101,0.8165,stairs_down,stairs_down,1,GREEN
101_2658,101,0.3974,stairs_up,stairs_down,0,RED
101_2659,101,0.5976,vacuuming,stairs_down,0,YELLOW
101_2660,101,0.4502,ironing,stairs_down,0,YELLOW
101_2661,101,0.5432,ironing,stairs_down,0,YELLOW
101_2662,101,0.5487,ironing,stairs_down,0,YELLOW
101_2663,101,0.5093,ironing,stairs_down,0,YELLOW
101_2664,101,0.5079,ironing,stairs_down,0,YELLOW
101_2665,101,0.5589,ironing,stairs_down,0,YELLOW
101_2666,101,0.4024,ironing,stairs_down,0,RED
101_2667,101,0.3418,standing,stairs_down,0,RED
101_2668,101,0.5248,standing,stairs_down,0,YELLOW
101_2669,101,0.5085,standing,stairs_down,0,YELLOW
101_2670,101,0.4884,standing,stairs_down,0,YELLOW
101_2671,101,0.4855,standing,stairs_down,0,YELLOW
101_2672,101,0.5397,standing,stairs_down,0,YELLOW
101_2673,101,0.5392,ironing,stairs_down,0,YELLOW
101_2674,101,0.6327,ironing,stairs_up,0,YELLOW
101_2675,101,0.6972,ironing,stairs_up,0,YELLOW
101_2676,101,0.7279,ironing,stairs_up,0,YELLOW
101_2677,101,0.7286,ironing,stairs_up,0,YELLOW
101_2678,101,0.7143,ironing,stairs_up,0,YELLOW
101_2679,101,0.7179,ironing,stairs_up,0,YELLOW
101_2680,101,0.6899,ironing,stairs_up,0,YELLOW
101_2681,101,0.7235,ironing,stairs_up,0,YELLOW
101_2682,101,0.7187,ironing,stairs_up,0,YELLOW
101_2683,101,0.7094,ironing,stairs_up,0,YELLOW
101_2684,101,0.6883,ironing,stairs_up,0,YELLOW
101_2685,101,0.7818,stairs_up,stairs_up,1,GREEN
101_2686,101,0.9761,stairs_up,stairs_up,1,GREEN
101_2687,101,0.9625,stairs_up,stairs_up,1,GREEN
101_2688,101,0.8871,stairs_up,stairs_up,1,GREEN
101_2689,101,0.8878,stairs_up,stairs_up,1,GREEN
101_2690,101,0.9086,stairs_up,stairs_up,1,GREEN
101_2691,101,0.9322,stairs_up,stairs_up,1,GREEN
101_2692,101,0.8147,stairs_up,stairs_up,1,GREEN
101_2693,101,0.908,stairs_up,stairs_up,1,GREEN
101_2694,101,0.8531,stairs_up,stairs_up,1,GREEN
101_2695,101,0.7085,stairs_up,stairs_up,1,YELLOW
101_2696,101,0.8744,stairs_up,stairs_up,1,GREEN
101_2697,101,0.9469,stairs_up,stairs_up,1,GREEN
101_2698,101,0.9558,stairs_up,stairs_up,1,GREEN
101_2699,101,0.9559,stairs_up,stairs_up,1,GREEN
101_2700,101,0.9531,stairs_up,stairs_up,1,GREEN
101_2701,101,0.9392,stairs_up,stairs_up,1,GREEN
101_2702,101,0.8961,stairs_up,stairs_up,1,GREEN
101_2703,101,0.8334,stairs_up,stairs_up,1,GREEN
101_2704,101,0.6607,stairs_up,stairs_up,1,YELLOW
101_2705,101,0.7079,stairs_up,stairs_up,1,YELLOW
101_2706,101,0.5321,stairs_up,stairs_up,1,YELLOW
101_2707,101,0.5292,stairs_up,stairs_up,1,YELLOW
101_2708,101,0.9355,stairs_up,stairs_up,1,GREEN
101_2709,101,0.8091,stairs_up,stairs_up,1,GREEN
101_2710,101,0.8342,stairs_up,stairs_up,1,GREEN
101_2711,101,0.9267,stairs_up,stairs_up,1,GREEN
101_2712,101,0.9063,stairs_up,stairs_up,1,GREEN
101_2713,101,0.8743,stairs_up,stairs_up,1,GREEN
101_2714,101,0.9309,stairs_up,stairs_up,1,GREEN
101_2715,101,0.8438,stairs_up,stairs_up,1,GREEN
101_2716,101,0.7172,stairs_up,stairs_up,1,YELLOW
101_2717,101,0.733,stairs_up,stairs_up,1,YELLOW
101_2718,101,0.7563,stairs_up,stairs_up,1,GREEN
101_2719,101,0.7122,stairs_up,stairs_up,1,YELLOW
101_2720,101,0.7932,stairs_up,stairs_up,1,GREEN
101_2721,101,0.8347,stairs_up,stairs_up,1,GREEN
101_2722,101,0.8837,stairs_up,stairs_up,1,GREEN
101_2723,101,0.9327,stairs_up,stairs_up,1,GREEN
101_2724,101,0.935,stairs_up,stairs_up,1,GREEN
101_2725,101,0.9266,stairs_up,stairs_up,1,GREEN
101_2726,101,0.9446,stairs_up,stairs_up,1,GREEN
101_2727,101,0.8179,stairs_up,stairs_up,1,GREEN
101_2728,101,0.5489,stairs_up,stairs_up,1,YELLOW
101_2729,101,0.8061,stairs_up,stairs_up,1,GREEN
101_2730,101,0.9201,stairs_up,stairs_up,1,GREEN
101_2731,101,0.9578,stairs_up,stairs_up,1,GREEN
101_2732,101,0.9917,stairs_up,stairs_up,1,GREEN
101_2733,101,0.9747,stairs_up,stairs_up,1,GREEN
101_2734,101,0.9724,stairs_up,stairs_up,1,GREEN
101_2735,101,0.9354,stairs_up,stairs_up,1,GREEN
101_2736,101,0.9758,stairs_up,stairs_up,1,GREEN
101_2737,101,0.9641,stairs_up,stairs_up,1,GREEN
101_2738,101,0.9068,stairs_up,stairs_up,1,GREEN
101_2739,101,0.9851,stairs_up,stairs_up,1,GREEN
101_2740,101,0.9361,stairs_up,stairs_up,1,GREEN
101_2741,101,0.9011,stairs_up,stairs_up,1,GREEN
101_2742,101,0.9355,stairs_up,stairs_up,1,GREEN
101_2743,101,0.8597,stairs_up,stairs_up,1,GREEN
101_2744,101,0.8371,stairs_up,stairs_up,1,GREEN
101_2745,101,0.9658,stairs_up,stairs_up,1,GREEN
101_2746,101,0.9182,stairs_up,stairs_up,1,GREEN
101_2747,101,0.8343,stairs_up,stairs_up,1,GREEN
101_2748,101,0.9058,stairs_up,stairs_up,1,GREEN
101_2749,101,0.9346,stairs_up,stairs_up,1,GREEN
101_2750,101,0.8081,stairs_up,stairs_up,1,GREEN
101_2751,101,0.8763,stairs_up,stairs_up,1,GREEN
101_2752,101,0.8761,stairs_up,stairs_up,1,GREEN
101_2753,101,0.8425,stairs_up,stairs_up,1,GREEN
101_2754,101,0.8721,stairs_up,stairs_up,1,GREEN
101_2755,101,0.9472,stairs_up,stairs_up,1,GREEN
101_2756,101,0.9482,stairs_up,stairs_up,1,GREEN
101_2757,101,0.9488,stairs_up,stairs_up,1,GREEN
101_2758,101,0.9689,stairs_up,stairs_up,1,GREEN
101_2759,101,0.9455,stairs_up,stairs_up,1,GREEN
101_2760,101,0.9463,stairs_up,stairs_up,1,GREEN
101_2761,101,0.9453,stairs_up,stairs_up,1,GREEN
101_2762,101,0.9611,stairs_up,stairs_up,1,GREEN
101_2763,101,0.9594,stairs_up,stairs_up,1,GREEN
101_2764,101,0.6961,stairs_up,stairs_up,1,YELLOW
101_2765,101,0.6016,stairs_up,stairs_up,1,YELLOW
101_2766,101,0.8594,stairs_up,stairs_up,1,GREEN
101_2767,101,0.7617,stairs_up,stairs_up,1,GREEN
101_2768,101,0.8645,stairs_up,stairs_up,1,GREEN
101_2769,101,0.9192,stairs_up,stairs_up,1,GREEN
101_2770,101,0.8363,stairs_up,stairs_up,1,GREEN
101_2771,101,0.9058,stairs_up,stairs_up,1,GREEN
101_2772,101,0.8613,stairs_up,stairs_up,1,GREEN
101_2773,101,0.7408,stairs_up,stairs_up,1,YELLOW
101_2774,101,0.7874,stairs_up,stairs_up,1,GREEN
101_2775,101,0.7835,stairs_up,stairs_up,1,GREEN
101_2776,101,0.7911,stairs_up,stairs_up,1,GREEN
101_2777,101,0.7631,stairs_up,stairs_up,1,GREEN
101_2778,101,0.648,stairs_up,stairs_up,1,YELLOW
101_2779,101,0.8651,stairs_up,stairs_up,1,GREEN
101_2780,101,0.8502,stairs_up,stairs_up,1,GREEN
101_2781,101,0.9203,stairs_up,stairs_up,1,GREEN
101_2782,101,0.8986,stairs_up,stairs_up,1,GREEN
101_2783,101,0.9527,stairs_up,stairs_up,1,GREEN
101_2784,101,0.95,stairs_up,stairs_up,1,GREEN
101_2785,101,0.9312,stairs_up,stairs_up,1,GREEN
101_2786,101,0.9648,stairs_up,stairs_up,1,GREEN
101_2787,101,0.9638,stairs_up,stairs_up,1,GREEN
101_2788,101,0.9437,stairs_up,stairs_up,1,GREEN
101_2789,101,0.973,stairs_up,stairs_up,1,GREEN
101_2790,101,0.8935,stairs_up,stairs_up,1,GREEN
101_2791,101,0.7466,stairs_up,stairs_up,1,YELLOW
101_2792,101,0.8866,stairs_up,stairs_up,1,GREEN
101_2793,101,0.8897,stairs_up,stairs_up,1,GREEN
101_2794,101,0.9137,stairs_up,stairs_up,1,GREEN
101_2795,101,0.9543,stairs_up,stairs_up,1,GREEN
101_2796,101,0.9352,stairs_up,stairs_up,1,GREEN
101_2797,101,0.9122,stairs_up,stairs_up,1,GREEN
101_2798,101,0.8448,stairs_up,stairs_up,1,GREEN
101_2799,101,0.9577,stairs_up,stairs_up,1,GREEN
101_2800,101,0.9764,stairs_up,stairs_up,1,GREEN
101_2801,101,0.8295,stairs_up,stairs_up,1,GREEN
101_2802,101,0.927,stairs_up,stairs_up,1,GREEN
101_2803,101,0.9722,stairs_up,stairs_up,1,GREEN
101_2804,101,0.6333,stairs_up,stairs_up,1,YELLOW
101_2805,101,0.8159,stairs_up,stairs_up,1,GREEN
101_2806,101,0.9199,stairs_up,stairs_up,1,GREEN
101_2807,101,0.8746,stairs_up,stairs_up,1,GREEN
101_2808,101,0.9549,stairs_up,stairs_up,1,GREEN
101_2809,101,0.934,stairs_up,stairs_up,1,GREEN
101_2810,101,0.9092,stairs_up,stairs_up,1,GREEN
101_2811,101,0.932,stairs_up,stairs_up,1,GREEN
101_2812,101,0.9522,stairs_up,stairs_up,1,GREEN
101_2813,101,0.9789,stairs_up,stairs_up,1,GREEN
101_2814,101,0.976,stairs_up,stairs_up,1,GREEN
101_2815,101,0.9482,stairs_up,stairs_up,1,GREEN
101_2816,101,0.9621,stairs_up,stairs_up,1,GREEN
101_2817,101,0.9555,stairs_up,stairs_up,1,GREEN
101_2818,101,0.6529,stairs_up,stairs_up,1,YELLOW
101_2819,101,0.7929,stairs_up,stairs_up,1,GREEN
101_2820,101,0.459,stairs_up,stairs_up,1,YELLOW
101_2821,101,0.7118,vacuuming,stairs_up,0,YELLOW
101_2822,101,0.4647,ironing,stairs_up,0,YELLOW
101_2823,101,0.5778,ironing,stairs_up,0,YELLOW
101_2824,101,0.6789,ironing,stairs_up,0,YELLOW
101_2825,101,0.6759,ironing,stairs_up,0,YELLOW
101_2826,101,0.7444,ironing,stairs_up,0,YELLOW
101_2827,101,0.5206,ironing,stairs_up,0,YELLOW
101_2828,101,0.7087,ironing,stairs_down,0,YELLOW
101_2829,101,0.7922,ironing,stairs_down,0,GREEN
101_2830,101,0.7544,ironing,stairs_down,0,GREEN
101_2831,101,0.4542,ironing,stairs_down,0,YELLOW
101_2832,101,0.4005,ironing,stairs_down,0,RED
101_2833,101,0.3362,vacuuming,stairs_down,0,RED
101_2834,101,0.4167,ironing,stairs_down,0,RED
101_2835,101,0.5045,ironing,stairs_down,0,YELLOW
101_2836,101,0.3468,ironing,stairs_down,0,RED
101_2837,101,0.3844,ironing,stairs_down,0,RED
101_2838,101,0.5502,ironing,stairs_down,0,YELLOW
101_2839,101,0.484,vacuuming,stairs_down,0,YELLOW
101_2840,101,0.5955,vacuuming,stairs_down,0,YELLOW
101_2841,101,0.4378,stairs_down,stairs_down,1,RED
101_2842,101,0.7179,stairs_down,stairs_down,1,YELLOW
101_2843,101,0.4552,stairs_up,stairs_down,0,YELLOW
101_2844,101,0.5645,stairs_down,stairs_down,1,YELLOW
101_2845,101,0.5404,stairs_down,stairs_down,1,YELLOW
101_2846,101,0.5822,stairs_down,stairs_down,1,YELLOW
101_2847,101,0.6515,stairs_down,stairs_down,1,YELLOW
101_2848,101,0.618,stairs_down,stairs_down,1,YELLOW
101_2849,101,0.6177,stairs_down,stairs_down,1,YELLOW
101_2850,101,0.8519,stairs_down,stairs_down,1,GREEN
101_2851,101,0.9144,stairs_down,stairs_down,1,GREEN
101_2852,101,0.7608,stairs_down,stairs_down,1,GREEN
101_2853,101,0.8538,stairs_down,stairs_down,1,GREEN
101_2854,101,0.632,stairs_down,stairs_down,1,YELLOW
101_2855,101,0.8632,stairs_down,stairs_down,1,GREEN
101_2856,101,0.8698,stairs_down,stairs_down,1,GREEN
101_2857,101,0.8363,stairs_down,stairs_down,1,GREEN
101_2858,101,0.7982,stairs_down,stairs_down,1,GREEN
101_2859,101,0.9094,stairs_down,stairs_down,1,GREEN
101_2860,101,0.9267,stairs_down,stairs_down,1,GREEN
101_2861,101,0.9475,stairs_down,stairs_down,1,GREEN
101_2862,101,0.8363,stairs_down,stairs_down,1,GREEN
101_2863,101,0.8416,stairs_down,stairs_down,1,GREEN
101_2864,101,0.8669,stairs_down,stairs_down,1,GREEN
101_2865,101,0.7605,stairs_down,stairs_down,1,GREEN
101_2866,101,0.617,stairs_down,stairs_down,1,YELLOW
101_2867,101,0.6956,stairs_down,stairs_down,1,YELLOW
101_2868,101,0.7951,stairs_down,stairs_down,1,GREEN
101_2869,101,0.6509,stairs_down,stairs_down,1,YELLOW
101_2870,101,0.8413,stairs_down,stairs_down,1,GREEN
101_2871,101,0.9606,stairs_down,stairs_down,1,GREEN
101_2872,101,0.9503,stairs_down,stairs_down,1,GREEN
101_2873,101,0.945,stairs_down,stairs_down,1,GREEN
101_2874,101,0.9211,stairs_down,stairs_down,1,GREEN
101_2875,101,0.4966,stairs_down,stairs_down,1,YELLOW
101_2876,101,0.8791,stairs_down,stairs_down,1,GREEN
101_2877,101,0.6494,stairs_down,stairs_down,1,YELLOW
101_2878,101,0.6652,stairs_down,stairs_down,1,YELLOW
101_2879,101,0.6655,stairs_down,stairs_down,1,YELLOW
101_2880,101,0.7864,stairs_down,stairs_down,1,GREEN
101_2881,101,0.7826,stairs_down,stairs_down,1,GREEN
101_2882,101,0.7448,stairs_down,stairs_down,1,YELLOW
101_2883,101,0.8735,stairs_down,stairs_down,1,GREEN
101_2884,101,0.9067,stairs_down,stairs_down,1,GREEN
101_2885,101,0.8264,stairs_down,stairs_down,1,GREEN
101_2886,101,0.8763,stairs_down,stairs_down,1,GREEN
101_2887,101,0.8377,stairs_down,stairs_down,1,GREEN
101_2888,101,0.5634,stairs_down,stairs_down,1,YELLOW
101_2889,101,0.6136,stairs_down,stairs_down,1,YELLOW
101_2890,101,0.6281,stairs_down,stairs_down,1,YELLOW
101_2891,101,0.6589,stairs_down,stairs_down,1,YELLOW
101_2892,101,0.5116,stairs_down,stairs_down,1,YELLOW
101_2893,101,0.6457,stairs_down,stairs_down,1,YELLOW
101_2894,101,0.8637,stairs_down,stairs_down,1,GREEN
101_2895,101,0.8822,stairs_down,stairs_down,1,GREEN
101_2896,101,0.6146,stairs_down,stairs_down,1,YELLOW
101_2897,101,0.6937,stairs_down,stairs_down,1,YELLOW
101_2898,101,0.8755,stairs_down,stairs_down,1,GREEN
101_2899,101,0.7796,stairs_down,stairs_down,1,GREEN
101_2900,101,0.7695,stairs_down,stairs_down,1,GREEN
101_2901,101,0.657,stairs_up,stairs_down,0,YELLOW
101_2902,101,0.6083,stairs_down,stairs_down,1,YELLOW
101_2903,101,0.582,stairs_down,stairs_down,1,YELLOW
101_2904,101,0.5777,stairs_down,stairs_down,1,YELLOW
101_2905,101,0.5322,stairs_down,stairs_down,1,YELLOW
101_2906,101,0.7035,stairs_down,stairs_down,1,YELLOW
101_2907,101,0.6971,stairs_down,stairs_down,1,YELLOW
101_2908,101,0.888,stairs_down,stairs_down,1,GREEN
101_2909,101,0.8771,stairs_down,stairs_down,1,GREEN
101_2910,101,0.8833,stairs_down,stairs_down,1,GREEN
101_2911,101,0.8905,stairs_down,stairs_down,1,GREEN
101_2912,101,0.4498,stairs_down,stairs_down,1,RED
101_2913,101,0.668,stairs_down,stairs_down,1,YELLOW
101_2914,101,0.6351,stairs_down,stairs_down,1,YELLOW
101_2915,101,0.7111,stairs_down,stairs_down,1,YELLOW
101_2916,101,0.7138,stairs_down,stairs_down,1,YELLOW
101_2917,101,0.6655,stairs_down,stairs_down,1,YELLOW
101_2918,101,0.6382,stairs_down,stairs_down,1,YELLOW
101_2919,101,0.7328,stairs_down,stairs_down,1,YELLOW
101_2920,101,0.6623,stairs_down,stairs_down,1,YELLOW
101_2921,101,0.587,stairs_down,stairs_down,1,YELLOW
101_2922,101,0.7672,stairs_down,stairs_down,1,GREEN
101_2923,101,0.7105,stairs_down,stairs_down,1,YELLOW
101_2924,101,0.862,stairs_down,stairs_down,1,GREEN
101_2925,101,0.7045,stairs_down,stairs_down,1,YELLOW
101_2926,101,0.7354,stairs_down,stairs_down,1,YELLOW
101_2927,101,0.7856,stairs_down,stairs_down,1,GREEN
101_2928,101,0.7859,stairs_down,stairs_down,1,GREEN
101_2929,101,0.7986,stairs_down,stairs_down,1,GREEN
101_2930,101,0.6671,stairs_down,stairs_down,1,YELLOW
101_2931,101,0.735,stairs_down,stairs_down,1,YELLOW
101_2932,101,0.6465,stairs_down,stairs_down,1,YELLOW
101_2933,101,0.6375,stairs_down,stairs_down,1,YELLOW
101_2934,101,0.6393,stairs_down,stairs_down,1,YELLOW
101_2935,101,0.6693,stairs_down,stairs_down,1,YELLOW
101_2936,101,0.6481,stairs_down,stairs_down,1,YELLOW
101_2937,101,0.8695,stairs_down,stairs_down,1,GREEN
101_2938,101,0.8139,stairs_down,stairs_down,1,GREEN
101_2939,101,0.7233,stairs_down,stairs_down,1,YELLOW
101_2940,101,0.8103,stairs_down,stairs_down,1,GREEN
101_2941,101,0.8888,stairs_down,stairs_down,1,GREEN
101_2942,101,0.867,stairs_down,stairs_down,1,GREEN
101_2943,101,0.5893,stairs_down,stairs_down,1,YELLOW
101_2944,101,0.7312,stairs_down,stairs_down,1,YELLOW
101_2945,101,0.485,stairs_down,stairs_down,1,YELLOW
101_2946,101,0.6508,stairs_down,stairs_down,1,YELLOW
101_2947,101,0.6496,stairs_down,stairs_down,1,YELLOW
101_2948,101,0.7396,stairs_down,stairs_down,1,YELLOW
101_2949,101,0.7748,stairs_down,stairs_down,1,GREEN
101_2950,101,0.8077,stairs_down,stairs_down,1,GREEN
101_2951,101,0.8368,stairs_down,stairs_down,1,GREEN
101_2952,101,0.8422,stairs_down,stairs_down,1,GREEN
101_2953,101,0.9157,stairs_down,stairs_down,1,GREEN
101_2954,101,0.7064,stairs_down,stairs_down,1,YELLOW
101_2955,101,0.6746,stairs_down,stairs_down,1,YELLOW
101_2956,101,0.7661,stairs_down,stairs_down,1,GREEN
101_2957,101,0.7722,stairs_down,stairs_down,1,GREEN
101_2958,101,0.48,stairs_up,stairs_down,0,YELLOW
101_2959,101,0.8091,stairs_down,stairs_down,1,GREEN
101_2960,101,0.6376,stairs_down,stairs_down,1,YELLOW
101_2961,101,0.7643,stairs_down,stairs_down,1,GREEN
101_2962,101,0.7625,stairs_down,stairs_down,1,GREEN
101_2963,101,0.9453,stairs_down,stairs_down,1,GREEN
101_2964,101,0.9391,stairs_down,stairs_down,1,GREEN
101_2965,101,0.7995,stairs_down,stairs_down,1,GREEN
101_2966,101,0.3244,vacuuming,stairs_down,0,RED
101_2967,101,0.6276,vacuuming,stairs_down,0,YELLOW
101_2968,101,0.629,vacuuming,stairs_down,0,YELLOW
101_2969,101,0.3747,vacuuming,stairs_down,0,RED
101_2970,101,0.4235,ironing,stairs_down,0,RED
101_2971,101,0.4767,ironing,stairs_down,0,YELLOW
101_2972,101,0.4302,ironing,stairs_down,0,RED
101_2973,101,0.3085,ironing,stairs_down,0,RED
101_2974,101,0.3835,ironing,stairs_down,0,RED
101_2975,101,0.4307,ironing,walking,0,RED
101_2976,101,0.5139,ironing,walking,0,YELLOW
101_2977,101,0.5389,ironing,walking,0,YELLOW
101_2978,101,0.5192,ironing,walking,0,YELLOW
101_2979,101,0.5699,ironing,walking,0,YELLOW
101_2980,101,0.5479,ironing,walking,0,YELLOW
101_2981,101,0.5785,ironing,walking,0,YELLOW
101_2982,101,0.5875,ironing,walking,0,YELLOW
101_2983,101,0.5659,ironing,walking,0,YELLOW
101_2984,101,0.4069,ironing,walking,0,RED
101_2985,101,0.2789,vacuuming,walking,0,RED
101_2986,101,0.5302,stairs_up,walking,0,YELLOW
101_2987,101,0.4255,walking,walking,1,RED
101_2988,101,0.7152,walking,walking,1,YELLOW
101_2989,101,0.5108,walking,walking,1,YELLOW
101_2990,101,0.8116,walking,walking,1,GREEN
101_2991,101,0.712,walking,walking,1,YELLOW
101_2992,101,0.5337,walking,walking,1,YELLOW
101_2993,101,0.3903,walking,walking,1,RED
101_2994,101,0.5192,walking,walking,1,YELLOW
101_2995,101,0.5693,walking,walking,1,YELLOW
101_2996,101,0.5345,walking,walking,1,YELLOW
101_2997,101,0.7165,walking,walking,1,YELLOW
101_2998,101,0.4106,walking,walking,1,RED
101_2999,101,0.5666,walking,walking,1,YELLOW
101_3000,101,0.5116,walking,walking,1,YELLOW
101_3001,101,0.4649,walking,walking,1,YELLOW
101_3002,101,0.6318,walking,walking,1,YELLOW
101_3003,101,0.7751,walking,walking,1,GREEN
101_3004,101,0.794,walking,walking,1,GREEN
101_3005,101,0.6071,walking,walking,1,YELLOW
101_3006,101,0.8218,walking,walking,1,GREEN
101_3007,101,0.8131,walking,walking,1,GREEN
101_3008,101,0.7856,walking,walking,1,GREEN
101_3009,101,0.5518,walking,walking,1,YELLOW
101_3010,101,0.6582,walking,walking,1,YELLOW
101_3011,101,0.8499,walking,walking,1,GREEN
101_3012,101,0.8155,walking,walking,1,GREEN
101_3013,101,0.7427,walking,walking,1,YELLOW
101_3014,101,0.4814,walking,walking,1,YELLOW
101_3015,101,0.7232,walking,walking,1,YELLOW
101_3016,101,0.7369,walking,walking,1,YELLOW
101_3017,101,0.6343,walking,walking,1,YELLOW
101_3018,101,0.5629,walking,walking,1,YELLOW
101_3019,101,0.6956,walking,walking,1,YELLOW
101_3020,101,0.6779,walking,walking,1,YELLOW
101_3021,101,0.6492,walking,walking,1,YELLOW
101_3022,101,0.7047,walking,walking,1,YELLOW
101_3023,101,0.6951,walking,walking,1,YELLOW
101_3024,101,0.6458,walking,walking,1,YELLOW
101_3025,101,0.7159,walking,walking,1,YELLOW
101_3026,101,0.7175,walking,walking,1,YELLOW
101_3027,101,0.5735,walking,walking,1,YELLOW
101_3028,101,0.6796,walking,walking,1,YELLOW
101_3029,101,0.6591,walking,walking,1,YELLOW
101_3030,101,0.6885,walking,walking,1,YELLOW
101_3031,101,0.6456,walking,walking,1,YELLOW
101_3032,101,0.6592,walking,walking,1,YELLOW
101_3033,101,0.659,walking,walking,1,YELLOW
101_3034,101,0.6389,walking,walking,1,YELLOW
101_3035,101,0.651,walking,walking,1,YELLOW
101_3036,101,0.7259,walking,walking,1,YELLOW
101_3037,101,0.7097,walking,walking,1,YELLOW
101_3038,101,0.6223,walking,walking,1,YELLOW
101_3039,101,0.7762,walking,walking,1,GREEN
101_3040,101,0.528,walking,walking,1,YELLOW
101_3041,101,0.7203,walking,walking,1,YELLOW
101_3042,101,0.713,walking,walking,1,YELLOW
101_3043,101,0.6465,walking,walking,1,YELLOW
101_3044,101,0.7851,walking,walking,1,GREEN
101_3045,101,0.735,walking,walking,1,YELLOW
101_3046,101,0.6573,walking,walking,1,YELLOW
101_3047,101,0.6384,walking,walking,1,YELLOW
101_3048,101,0.6389,walking,walking,1,YELLOW
101_3049,101,0.6449,walking,walking,1,YELLOW
101_3050,101,0.6843,walking,walking,1,YELLOW
101_3051,101,0.686,walking,walking,1,YELLOW
101_3052,101,0.6538,walking,walking,1,YELLOW
101_3053,101,0.6347,walking,walking,1,YELLOW
101_3054,101,0.651,walking,walking,1,YELLOW
101_3055,101,0.64,walking,walking,1,YELLOW
101_3056,101,0.637,walking,walking,1,YELLOW
101_3057,101,0.5865,walking,walking,1,YELLOW
101_3058,101,0.7101,walking,walking,1,YELLOW
101_3059,101,0.8165,walking,walking,1,GREEN
101_3060,101,0.6692,walking,walking,1,YELLOW
101_3061,101,0.7561,walking,walking,1,GREEN
101_3062,101,0.5748,walking,walking,1,YELLOW
101_3063,101,0.5826,walking,walking,1,YELLOW
101_3064,101,0.4559,nordic_walk,walking,0,YELLOW
101_3065,101,0.6473,walking,walking,1,YELLOW
101_3066,101,0.5755,walking,walking,1,YELLOW
101_3067,101,0.411,walking,walking,1,RED
101_3068,101,0.4108,walking,walking,1,RED
101_3069,101,0.3879,walking,walking,1,RED
101_3070,101,0.4099,walking,walking,1,RED
101_3071,101,0.5424,walking,walking,1,YELLOW
101_3072,101,0.5963,walking,walking,1,YELLOW
101_3073,101,0.5604,walking,walking,1,YELLOW
101_3074,101,0.5961,walking,walking,1,YELLOW
101_3075,101,0.4277,nordic_walk,walking,0,RED
101_3076,101,0.5168,walking,walking,1,YELLOW
101_3077,101,0.6189,walking,walking,1,YELLOW
101_3078,101,0.7437,walking,walking,1,YELLOW
101_3079,101,0.7739,walking,walking,1,GREEN
101_3080,101,0.5265,walking,walking,1,YELLOW
101_3081,101,0.7504,walking,walking,1,GREEN
101_3082,101,0.6336,walking,walking,1,YELLOW
101_3083,101,0.6666,walking,walking,1,YELLOW
101_3084,101,0.6473,walking,walking,1,YELLOW
101_3085,101,0.8004,walking,walking,1,GREEN
101_3086,101,0.8235,walking,walking,1,GREEN
101_3087,101,0.6196,walking,walking,1,YELLOW
101_3088,101,0.6885,walking,walking,1,YELLOW
101_3089,101,0.8672,walking,walking,1,GREEN
101_3090,101,0.7658,walking,walking,1,GREEN
101_3091,101,0.6472,walking,walking,1,YELLOW
101_3092,101,0.651,walking,walking,1,YELLOW
101_3093,101,0.6119,walking,walking,1,YELLOW
101_3094,101,0.5596,walking,walking,1,YELLOW
101_3095,101,0.5626,walking,walking,1,YELLOW
101_3096,101,0.5958,walking,walking,1,YELLOW
101_3097,101,0.852,walking,walking,1,GREEN
101_3098,101,0.762,walking,walking,1,GREEN
101_3099,101,0.6644,walking,walking,1,YELLOW
101_3100,101,0.6967,walking,walking,1,YELLOW
101_3101,101,0.6467,walking,walking,1,YELLOW
101_3102,101,0.5704,walking,walking,1,YELLOW
101_3103,101,0.6428,walking,walking,1,YELLOW
101_3104,101,0.8633,walking,walking,1,GREEN
101_3105,101,0.8591,walking,walking,1,GREEN
101_3106,101,0.7182,walking,walking,1,YELLOW
101_3107,101,0.637,walking,walking,1,YELLOW
101_3108,101,0.6591,walking,walking,1,YELLOW
101_3109,101,0.6419,walking,walking,1,YELLOW
101_3110,101,0.628,walking,walking,1,YELLOW
101_3111,101,0.7581,walking,walking,1,GREEN
101_3112,101,0.5603,walking,walking,1,YELLOW
101_3113,101,0.8909,walking,walking,1,GREEN
101_3114,101,0.8317,walking,walking,1,GREEN
101_3115,101,0.7248,walking,walking,1,YELLOW
101_3116,101,0.5206,walking,walking,1,YELLOW
101_3117,101,0.8516,walking,walking,1,GREEN
101_3118,101,0.7863,walking,walking,1,GREEN
101_3119,101,0.8253,stairs_up,walking,0,GREEN
101_3120,101,0.9134,stairs_up,walking,0,GREEN
101_3121,101,0.8354,stairs_up,walking,0,GREEN
101_3122,101,0.8552,walking,walking,1,GREEN
101_3123,101,0.7419,walking,walking,1,YELLOW
101_3124,101,0.7675,walking,walking,1,GREEN
101_3125,101,0.7208,walking,walking,1,YELLOW
101_3126,101,0.4844,stairs_up,walking,0,YELLOW
101_3127,101,0.8542,walking,walking,1,GREEN
101_3128,101,0.7245,walking,walking,1,YELLOW
101_3129,101,0.8238,walking,walking,1,GREEN
101_3130,101,0.5663,walking,walking,1,YELLOW
101_3131,101,0.5402,walking,walking,1,YELLOW
101_3132,101,0.6145,walking,walking,1,YELLOW
101_3133,101,0.5895,stairs_up,walking,0,YELLOW
101_3134,101,0.7313,walking,walking,1,YELLOW
101_3135,101,0.766,walking,walking,1,GREEN
101_3136,101,0.5929,walking,walking,1,YELLOW
101_3137,101,0.7128,walking,walking,1,YELLOW
101_3138,101,0.4475,stairs_up,walking,0,RED
101_3139,101,0.7057,walking,walking,1,YELLOW
101_3140,101,0.518,stairs_up,walking,0,YELLOW
101_3141,101,0.8105,walking,walking,1,GREEN
101_3142,101,0.8055,walking,walking,1,GREEN
101_3143,101,0.4808,walking,walking,1,YELLOW
101_3144,101,0.6405,walking,walking,1,YELLOW
101_3145,101,0.6945,walking,walking,1,YELLOW
101_3146,101,0.8787,walking,walking,1,GREEN
101_3147,101,0.832,walking,walking,1,GREEN
101_3148,101,0.869,walking,walking,1,GREEN
101_3149,101,0.8473,walking,walking,1,GREEN
101_3150,101,0.6512,walking,walking,1,YELLOW
101_3151,101,0.6926,walking,walking,1,YELLOW
101_3152,101,0.764,walking,walking,1,GREEN
101_3153,101,0.8115,walking,walking,1,GREEN
101_3154,101,0.7281,walking,walking,1,YELLOW
101_3155,101,0.7932,walking,walking,1,GREEN
101_3156,101,0.833,walking,walking,1,GREEN
101_3157,101,0.847,walking,walking,1,GREEN
101_3158,101,0.817,walking,walking,1,GREEN
101_3159,101,0.8555,walking,walking,1,GREEN
101_3160,101,0.8193,walking,walking,1,GREEN
101_3161,101,0.7831,walking,walking,1,GREEN
101_3162,101,0.6403,walking,walking,1,YELLOW
101_3163,101,0.6646,walking,walking,1,YELLOW
101_3164,101,0.8692,walking,walking,1,GREEN
101_3165,101,0.9014,walking,walking,1,GREEN
101_3166,101,0.884,walking,walking,1,GREEN
101_3167,101,0.8698,walking,walking,1,GREEN
101_3168,101,0.8769,walking,walking,1,GREEN
101_3169,101,0.7266,walking,walking,1,YELLOW
101_3170,101,0.8138,walking,walking,1,GREEN
101_3171,101,0.7898,walking,walking,1,GREEN
101_3172,101,0.8352,walking,walking,1,GREEN
101_3173,101,0.8268,walking,walking,1,GREEN
101_3174,101,0.8403,walking,walking,1,GREEN
101_3175,101,0.8159,walking,walking,1,GREEN
101_3176,101,0.8207,walking,walking,1,GREEN
101_3177,101,0.8948,walking,walking,1,GREEN
101_3178,101,0.9154,walking,walking,1,GREEN
101_3179,101,0.9499,walking,walking,1,GREEN
101_3180,101,0.837,walking,walking,1,GREEN
101_3181,101,0.8514,walking,walking,1,GREEN
101_3182,101,0.7525,walking,walking,1,GREEN
101_3183,101,0.8271,walking,walking,1,GREEN
101_3184,101,0.8655,walking,walking,1,GREEN
101_3185,101,0.8548,walking,walking,1,GREEN
101_3186,101,0.8215,walking,walking,1,GREEN
101_3187,101,0.8602,walking,walking,1,GREEN
101_3188,101,0.8767,walking,walking,1,GREEN
101_3189,101,0.8773,walking,walking,1,GREEN
101_3190,101,0.8294,walking,walking,1,GREEN
101_3191,101,0.8071,walking,walking,1,GREEN
101_3192,101,0.9109,walking,walking,1,GREEN
101_3193,101,0.8963,walking,walking,1,GREEN
101_3194,101,0.9421,walking,walking,1,GREEN
101_3195,101,0.8774,walking,walking,1,GREEN
101_3196,101,0.8626,walking,walking,1,GREEN
101_3197,101,0.8424,walking,walking,1,GREEN
101_3198,101,0.882,walking,walking,1,GREEN
101_3199,101,0.8467,walking,walking,1,GREEN
101_3200,101,0.8676,walking,walking,1,GREEN
101_3201,101,0.8521,walking,walking,1,GREEN
101_3202,101,0.7234,walking,walking,1,YELLOW
101_3203,101,0.5501,walking,walking,1,YELLOW
101_3204,101,0.7558,walking,walking,1,GREEN
101_3205,101,0.7525,walking,walking,1,GREEN
101_3206,101,0.8507,walking,walking,1,GREEN
101_3207,101,0.8897,walking,walking,1,GREEN
101_3208,101,0.8585,walking,walking,1,GREEN
101_3209,101,0.8795,walking,walking,1,GREEN
101_3210,101,0.902,walking,walking,1,GREEN
101_3211,101,0.8211,walking,walking,1,GREEN
101_3212,101,0.8896,walking,walking,1,GREEN
101_3213,101,0.733,walking,walking,1,YELLOW
101_3214,101,0.8021,walking,walking,1,GREEN
101_3215,101,0.7717,walking,walking,1,GREEN
101_3216,101,0.7737,walking,walking,1,GREEN
101_3217,101,0.7944,walking,walking,1,GREEN
101_3218,101,0.7805,walking,walking,1,GREEN
101_3219,101,0.8812,walking,walking,1,GREEN
101_3220,101,0.6767,walking,walking,1,YELLOW
101_3221,101,0.8099,walking,walking,1,GREEN
101_3222,101,0.8262,walking,walking,1,GREEN
101_3223,101,0.6076,walking,walking,1,YELLOW
101_3224,101,0.6203,walking,walking,1,YELLOW
101_3225,101,0.7285,walking,walking,1,YELLOW
101_3226,101,0.8404,walking,walking,1,GREEN
101_3227,101,0.6538,walking,walking,1,YELLOW
101_3228,101,0.8079,walking,walking,1,GREEN
101_3229,101,0.807,walking,walking,1,GREEN
101_3230,101,0.7648,walking,walking,1,GREEN
101_3231,101,0.8807,walking,walking,1,GREEN
101_3232,101,0.7826,walking,walking,1,GREEN
101_3233,101,0.8099,walking,walking,1,GREEN
101_3234,101,0.5252,stairs_up,walking,0,YELLOW
101_3235,101,0.7269,walking,walking,1,YELLOW
101_3236,101,0.8648,walking,walking,1,GREEN
101_3237,101,0.8855,walking,walking,1,GREEN
101_3238,101,0.8992,walking,walking,1,GREEN
101_3239,101,0.8,walking,walking,1,GREEN
101_3240,101,0.8849,walking,walking,1,GREEN
101_3241,101,0.7321,walking,walking,1,YELLOW
101_3242,101,0.8949,walking,walking,1,GREEN
101_3243,101,0.7945,walking,walking,1,GREEN
101_3244,101,0.8583,walking,walking,1,GREEN
101_3245,101,0.8642,walking,walking,1,GREEN
101_3246,101,0.761,walking,walking,1,GREEN
101_3247,101,0.7797,walking,walking,1,GREEN
101_3248,101,0.5884,walking,walking,1,YELLOW
101_3249,101,0.4273,walking,walking,1,RED
101_3250,101,0.4157,walking,walking,1,RED
101_3251,101,0.4429,walking,walking,1,RED
101_3252,101,0.7244,walking,walking,1,YELLOW
101_3253,101,0.6172,stairs_up,walking,0,YELLOW
101_3254,101,0.5824,walking,walking,1,YELLOW
101_3255,101,0.4741,walking,walking,1,YELLOW
101_3256,101,0.6792,walking,walking,1,YELLOW
101_3257,101,0.8758,walking,walking,1,GREEN
101_3258,101,0.6867,walking,walking,1,YELLOW
101_3259,101,0.7898,walking,walking,1,GREEN
101_3260,101,0.6936,walking,walking,1,YELLOW
101_3261,101,0.7592,walking,walking,1,GREEN
101_3262,101,0.7899,walking,walking,1,GREEN
101_3263,101,0.4547,walking,walking,1,YELLOW
101_3264,101,0.7618,stairs_up,walking,0,GREEN
101_3265,101,0.939,stairs_up,walking,0,GREEN
101_3266,101,0.8895,stairs_up,walking,0,GREEN
101_3267,101,0.8523,stairs_up,walking,0,GREEN
101_3268,101,0.5449,stairs_up,walking,0,YELLOW
101_3269,101,0.7934,walking,walking,1,GREEN
101_3270,101,0.5881,walking,walking,1,YELLOW
101_3271,101,0.7366,walking,walking,1,YELLOW
101_3272,101,0.4825,walking,walking,1,YELLOW
101_3273,101,0.602,stairs_up,walking,0,YELLOW
101_3274,101,0.6921,walking,walking,1,YELLOW
101_3275,101,0.5307,stairs_up,walking,0,YELLOW
101_3276,101,0.6955,walking,walking,1,YELLOW
101_3277,101,0.6134,walking,walking,1,YELLOW
101_3278,101,0.3815,stairs_up,walking,0,RED
101_3279,101,0.5292,walking,walking,1,YELLOW
101_3280,101,0.423,stairs_up,walking,0,RED
101_3281,101,0.4325,stairs_down,walking,0,RED
101_3282,101,0.5458,walking,walking,1,YELLOW
101_3283,101,0.5031,walking,walking,1,YELLOW
101_3284,101,0.3781,walking,walking,1,RED
101_3285,101,0.4569,walking,walking,1,YELLOW
101_3286,101,0.4068,walking,walking,1,RED
101_3287,101,0.6463,walking,walking,1,YELLOW
101_3288,101,0.8916,walking,walking,1,GREEN
101_3289,101,0.6686,walking,walking,1,YELLOW
101_3290,101,0.8289,walking,walking,1,GREEN
101_3291,101,0.6995,walking,walking,1,YELLOW
101_3292,101,0.6692,walking,walking,1,YELLOW
101_3293,101,0.8179,walking,walking,1,GREEN
101_3294,101,0.6613,walking,walking,1,YELLOW
101_3295,101,0.2912,walking,walking,1,RED
101_3296,101,0.4976,stairs_up,walking,0,YELLOW
101_3297,101,0.4908,walking,walking,1,YELLOW
101_3298,101,0.4356,walking,walking,1,RED
101_3299,101,0.4373,nordic_walk,walking,0,RED
101_3300,101,0.5206,walking,walking,1,YELLOW
101_3301,101,0.7214,walking,walking,1,YELLOW
101_3302,101,0.6839,walking,walking,1,YELLOW
101_3303,101,0.4509,walking,walking,1,YELLOW
101_3304,101,0.6791,walking,walking,1,YELLOW
101_3305,101,0.698,walking,walking,1,YELLOW
101_3306,101,0.6375,walking,walking,1,YELLOW
101_3307,101,0.7341,walking,walking,1,YELLOW
101_3308,101,0.7342,walking,walking,1,YELLOW
101_3309,101,0.6648,walking,walking,1,YELLOW
101_3310,101,0.5874,walking,walking,1,YELLOW
101_3311,101,0.5083,walking,walking,1,YELLOW
101_3312,101,0.6077,walking,walking,1,YELLOW
101_3313,101,0.6382,walking,walking,1,YELLOW
101_3314,101,0.7965,walking,walking,1,GREEN
101_3315,101,0.6624,walking,walking,1,YELLOW
101_3316,101,0.503,walking,walking,1,YELLOW
101_3317,101,0.8213,walking,walking,1,GREEN
101_3318,101,0.7034,walking,walking,1,YELLOW
101_3319,101,0.5376,walking,walking,1,YELLOW
101_3320,101,0.3932,stairs_up,walking,0,RED
101_3321,101,0.4784,stairs_up,walking,0,YELLOW
101_3322,101,0.491,walking,walking,1,YELLOW
101_3323,101,0.4505,stairs_up,walking,0,YELLOW
101_3324,101,0.8385,walking,walking,1,GREEN
101_3325,101,0.7565,walking,walking,1,GREEN
101_3326,101,0.606,walking,walking,1,YELLOW
101_3327,101,0.3994,walking,walking,1,RED
101_3328,101,0.4555,stairs_up,walking,0,YELLOW
101_3329,101,0.4913,walking,walking,1,YELLOW
101_3330,101,0.5645,stairs_up,walking,0,YELLOW
101_3331,101,0.6447,walking,walking,1,YELLOW
101_3332,101,0.637,walking,walking,1,YELLOW
101_3333,101,0.4213,walking,walking,1,RED
101_3334,101,0.4604,walking,walking,1,YELLOW
101_3335,101,0.6245,walking,walking,1,YELLOW
101_3336,101,0.6923,walking,walking,1,YELLOW
101_3337,101,0.7783,walking,walking,1,GREEN
101_3338,101,0.8707,walking,walking,1,GREEN
101_3339,101,0.8329,walking,walking,1,GREEN
101_3340,101,0.8775,walking,walking,1,GREEN
101_3341,101,0.8268,walking,walking,1,GREEN
101_3342,101,0.8014,walking,walking,1,GREEN
101_3343,101,0.4641,walking,walking,1,YELLOW
101_3344,101,0.4507,walking,walking,1,YELLOW
101_3345,101,0.6519,walking,walking,1,YELLOW
101_3346,101,0.6222,walking,walking,1,YELLOW
101_3347,101,0.8473,walking,walking,1,GREEN
101_3348,101,0.8288,walking,walking,1,GREEN
101_3349,101,0.8594,walking,walking,1,GREEN
101_3350,101,0.8087,walking,walking,1,GREEN
101_3351,101,0.843,walking,walking,1,GREEN
101_3352,101,0.8821,walking,walking,1,GREEN
101_3353,101,0.6681,walking,walking,1,YELLOW
101_3354,101,0.894,walking,walking,1,GREEN
101_3355,101,0.8586,walking,walking,1,GREEN
101_3356,101,0.8342,walking,walking,1,GREEN
101_3357,101,0.8036,walking,walking,1,GREEN
101_3358,101,0.8392,walking,walking,1,GREEN
101_3359,101,0.8729,walking,walking,1,GREEN
101_3360,101,0.8297,walking,walking,1,GREEN
101_3361,101,0.9535,walking,walking,1,GREEN
101_3362,101,0.7896,walking,walking,1,GREEN
101_3363,101,0.8761,walking,walking,1,GREEN
101_3364,101,0.8237,walking,walking,1,GREEN
101_3365,101,0.8415,walking,walking,1,GREEN
101_3366,101,0.9057,walking,walking,1,GREEN
101_3367,101,0.8448,walking,walking,1,GREEN
101_3368,101,0.8956,walking,walking,1,GREEN
101_3369,101,0.8558,walking,walking,1,GREEN
101_3370,101,0.8502,walking,walking,1,GREEN
101_3371,101,0.6963,walking,walking,1,YELLOW
101_3372,101,0.8502,walking,walking,1,GREEN
101_3373,101,0.8951,walking,walking,1,GREEN
101_3374,101,0.672,walking,walking,1,YELLOW
101_3375,101,0.8012,walking,walking,1,GREEN
101_3376,101,0.7907,walking,walking,1,GREEN
101_3377,101,0.6651,walking,walking,1,YELLOW
101_3378,101,0.5942,walking,walking,1,YELLOW
101_3379,101,0.5746,walking,walking,1,YELLOW
101_3380,101,0.62,walking,walking,1,YELLOW
101_3381,101,0.6128,walking,walking,1,YELLOW
101_3382,101,0.4937,walking,walking,1,YELLOW
101_3383,101,0.6351,stairs_up,walking,0,YELLOW
101_3384,101,0.7389,vacuuming,walking,0,YELLOW
101_3385,101,0.5169,vacuuming,walking,0,YELLOW
101_3386,101,0.261,vacuuming,walking,0,RED
101_3387,101,0.2854,ironing,walking,0,RED
101_3388,101,0.2014,ironing,walking,0,RED
101_3389,101,0.3438,ironing,walking,0,RED
101_3390,101,0.2671,ironing,walking,0,RED
101_3391,101,0.1992,ironing,walking,0,RED
101_3392,101,0.2381,ironing,walking,0,RED
101_3393,101,0.2239,ironing,walking,0,RED
101_3394,101,0.3034,nordic_walk,walking,0,RED
101_3395,101,0.2613,nordic_walk,walking,0,RED
101_3396,101,0.2652,nordic_walk,walking,0,RED
101_3397,101,0.3109,nordic_walk,walking,0,RED
101_3398,101,0.1951,nordic_walk,walking,0,RED
101_3399,101,0.2292,nordic_walk,walking,0,RED
101_3400,101,0.2664,nordic_walk,walking,0,RED
101_3401,101,0.4588,ironing,nordic_walk,0,YELLOW
101_3402,101,0.5784,ironing,nordic_walk,0,YELLOW
101_3403,101,0.4807,ironing,nordic_walk,0,YELLOW
101_3404,101,0.5449,ironing,nordic_walk,0,YELLOW
101_3405,101,0.4521,ironing,nordic_walk,0,YELLOW
101_3406,101,0.3252,cycling,nordic_walk,0,RED
101_3407,101,0.3296,vacuuming,nordic_walk,0,RED
101_3408,101,0.3123,vacuuming,nordic_walk,0,RED
101_3409,101,0.4544,vacuuming,nordic_walk,0,YELLOW
101_3410,101,0.6295,vacuuming,nordic_walk,0,YELLOW
101_3411,101,0.5913,vacuuming,nordic_walk,0,YELLOW
101_3412,101,0.4146,vacuuming,nordic_walk,0,RED
101_3413,101,0.3503,cycling,nordic_walk,0,RED
101_3414,101,0.416,cycling,nordic_walk,0,RED
101_3415,101,0.3644,vacuuming,nordic_walk,0,RED
101_3416,101,0.4414,vacuuming,nordic_walk,0,RED
101_3417,101,0.4148,vacuuming,nordic_walk,0,RED
101_3418,101,0.4652,vacuuming,nordic_walk,0,YELLOW
101_3419,101,0.4917,vacuuming,nordic_walk,0,YELLOW
101_3420,101,0.6009,vacuuming,nordic_walk,0,YELLOW
101_3421,101,0.5792,vacuuming,nordic_walk,0,YELLOW
101_3422,101,0.5437,nordic_walk,nordic_walk,1,YELLOW
101_3423,101,0.397,nordic_walk,nordic_walk,1,RED
101_3424,101,0.8079,nordic_walk,nordic_walk,1,GREEN
101_3425,101,0.885,nordic_walk,nordic_walk,1,GREEN
101_3426,101,0.7482,nordic_walk,nordic_walk,1,YELLOW
101_3427,101,0.833,nordic_walk,nordic_walk,1,GREEN
101_3428,101,0.479,stairs_up,nordic_walk,0,YELLOW
101_3429,101,0.5831,nordic_walk,nordic_walk,1,YELLOW
101_3430,101,0.8337,nordic_walk,nordic_walk,1,GREEN
101_3431,101,0.5408,nordic_walk,nordic_walk,1,YELLOW
101_3432,101,0.823,nordic_walk,nordic_walk,1,GREEN
101_3433,101,0.837,nordic_walk,nordic_walk,1,GREEN
101_3434,101,0.701,nordic_walk,nordic_walk,1,YELLOW
101_3435,101,0.8569,nordic_walk,nordic_walk,1,GREEN
101_3436,101,0.8282,nordic_walk,nordic_walk,1,GREEN
101_3437,101,0.8166,nordic_walk,nordic_walk,1,GREEN
101_3438,101,0.8529,nordic_walk,nordic_walk,1,GREEN
101_3439,101,0.8902,nordic_walk,nordic_walk,1,GREEN
101_3440,101,0.9451,nordic_walk,nordic_walk,1,GREEN
101_3441,101,0.8187,nordic_walk,nordic_walk,1,GREEN
101_3442,101,0.8567,nordic_walk,nordic_walk,1,GREEN
101_3443,101,0.8317,nordic_walk,nordic_walk,1,GREEN
101_3444,101,0.7997,nordic_walk,nordic_walk,1,GREEN
101_3445,101,0.7706,nordic_walk,nordic_walk,1,GREEN
101_3446,101,0.7423,nordic_walk,nordic_walk,1,YELLOW
101_3447,101,0.7764,nordic_walk,nordic_walk,1,GREEN
101_3448,101,0.7833,nordic_walk,nordic_walk,1,GREEN
101_3449,101,0.853,nordic_walk,nordic_walk,1,GREEN
101_3450,101,0.7931,nordic_walk,nordic_walk,1,GREEN
101_3451,101,0.4436,nordic_walk,nordic_walk,1,RED
101_3452,101,0.7556,nordic_walk,nordic_walk,1,GREEN
101_3453,101,0.4277,walking,nordic_walk,0,RED
101_3454,101,0.7933,nordic_walk,nordic_walk,1,GREEN
101_3455,101,0.8134,nordic_walk,nordic_walk,1,GREEN
101_3456,101,0.9296,nordic_walk,nordic_walk,1,GREEN
101_3457,101,0.936,nordic_walk,nordic_walk,1,GREEN
101_3458,101,0.9009,nordic_walk,nordic_walk,1,GREEN
101_3459,101,0.9125,nordic_walk,nordic_walk,1,GREEN
101_3460,101,0.9102,nordic_walk,nordic_walk,1,GREEN
101_3461,101,0.7329,nordic_walk,nordic_walk,1,YELLOW
101_3462,101,0.7788,nordic_walk,nordic_walk,1,GREEN
101_3463,101,0.835,nordic_walk,nordic_walk,1,GREEN
101_3464,101,0.6927,nordic_walk,nordic_walk,1,YELLOW
101_3465,101,0.4538,nordic_walk,nordic_walk,1,YELLOW
101_3466,101,0.7991,nordic_walk,nordic_walk,1,GREEN
101_3467,101,0.9162,nordic_walk,nordic_walk,1,GREEN
101_3468,101,0.9205,nordic_walk,nordic_walk,1,GREEN
101_3469,101,0.8953,nordic_walk,nordic_walk,1,GREEN
101_3470,101,0.9278,nordic_walk,nordic_walk,1,GREEN
101_3471,101,0.9179,nordic_walk,nordic_walk,1,GREEN
101_3472,101,0.8148,nordic_walk,nordic_walk,1,GREEN
101_3473,101,0.6253,nordic_walk,nordic_walk,1,YELLOW
101_3474,101,0.8377,nordic_walk,nordic_walk,1,GREEN
101_3475,101,0.9051,nordic_walk,nordic_walk,1,GREEN
101_3476,101,0.8422,nordic_walk,nordic_walk,1,GREEN
101_3477,101,0.5867,nordic_walk,nordic_walk,1,YELLOW
101_3478,101,0.9,nordic_walk,nordic_walk,1,GREEN
101_3479,101,0.751,nordic_walk,nordic_walk,1,GREEN
101_3480,101,0.3787,nordic_walk,nordic_walk,1,RED
101_3481,101,0.6543,nordic_walk,nordic_walk,1,YELLOW
101_3482,101,0.6882,nordic_walk,nordic_walk,1,YELLOW
101_3483,101,0.6911,nordic_walk,nordic_walk,1,YELLOW
101_3484,101,0.4882,nordic_walk,nordic_walk,1,YELLOW
101_3485,101,0.7423,nordic_walk,nordic_walk,1,YELLOW
101_3486,101,0.7747,nordic_walk,nordic_walk,1,GREEN
101_3487,101,0.801,nordic_walk,nordic_walk,1,GREEN
101_3488,101,0.8178,nordic_walk,nordic_walk,1,GREEN
101_3489,101,0.8803,nordic_walk,nordic_walk,1,GREEN
101_3490,101,0.7731,nordic_walk,nordic_walk,1,GREEN
101_3491,101,0.806,nordic_walk,nordic_walk,1,GREEN
101_3492,101,0.7891,nordic_walk,nordic_walk,1,GREEN
101_3493,101,0.8116,nordic_walk,nordic_walk,1,GREEN
101_3494,101,0.824,nordic_walk,nordic_walk,1,GREEN
101_3495,101,0.8596,nordic_walk,nordic_walk,1,GREEN
101_3496,101,0.5224,nordic_walk,nordic_walk,1,YELLOW
101_3497,101,0.6827,nordic_walk,nordic_walk,1,YELLOW
101_3498,101,0.559,nordic_walk,nordic_walk,1,YELLOW
101_3499,101,0.6554,nordic_walk,nordic_walk,1,YELLOW
101_3500,101,0.4733,nordic_walk,nordic_walk,1,YELLOW
101_3501,101,0.9356,nordic_walk,nordic_walk,1,GREEN
101_3502,101,0.9699,nordic_walk,nordic_walk,1,GREEN
101_3503,101,0.8953,nordic_walk,nordic_walk,1,GREEN
101_3504,101,0.7768,nordic_walk,nordic_walk,1,GREEN
101_3505,101,0.8715,nordic_walk,nordic_walk,1,GREEN
101_3506,101,0.9148,nordic_walk,nordic_walk,1,GREEN
101_3507,101,0.8829,nordic_walk,nordic_walk,1,GREEN
101_3508,101,0.8792,nordic_walk,nordic_walk,1,GREEN
101_3509,101,0.8749,nordic_walk,nordic_walk,1,GREEN
101_3510,101,0.9192,nordic_walk,nordic_walk,1,GREEN
101_3511,101,0.903,nordic_walk,nordic_walk,1,GREEN
101_3512,101,0.871,nordic_walk,nordic_walk,1,GREEN
101_3513,101,0.7193,nordic_walk,nordic_walk,1,YELLOW
101_3514,101,0.878,nordic_walk,nordic_walk,1,GREEN
101_3515,101,0.8645,nordic_walk,nordic_walk,1,GREEN
101_3516,101,0.8294,nordic_walk,nordic_walk,1,GREEN
101_3517,101,0.714,nordic_walk,nordic_walk,1,YELLOW
101_3518,101,0.6242,nordic_walk,nordic_walk,1,YELLOW
101_3519,101,0.7335,nordic_walk,nordic_walk,1,YELLOW
101_3520,101,0.4821,walking,nordic_walk,0,YELLOW
101_3521,101,0.5995,nordic_walk,nordic_walk,1,YELLOW
101_3522,101,0.4974,nordic_walk,nordic_walk,1,YELLOW
101_3523,101,0.8165,nordic_walk,nordic_walk,1,GREEN
101_3524,101,0.8448,nordic_walk,nordic_walk,1,GREEN
101_3525,101,0.7572,nordic_walk,nordic_walk,1,GREEN
101_3526,101,0.7312,nordic_walk,nordic_walk,1,YELLOW
101_3527,101,0.5152,nordic_walk,nordic_walk,1,YELLOW
101_3528,101,0.8119,nordic_walk,nordic_walk,1,GREEN
101_3529,101,0.7285,nordic_walk,nordic_walk,1,YELLOW
101_3530,101,0.8489,nordic_walk,nordic_walk,1,GREEN
101_3531,101,0.868,nordic_walk,nordic_walk,1,GREEN
101_3532,101,0.4424,stairs_up,nordic_walk,0,RED
101_3533,101,0.4476,nordic_walk,nordic_walk,1,RED
101_3534,101,0.6269,nordic_walk,nordic_walk,1,YELLOW
101_3535,101,0.8,nordic_walk,nordic_walk,1,GREEN
101_3536,101,0.8568,nordic_walk,nordic_walk,1,GREEN
101_3537,101,0.8872,nordic_walk,nordic_walk,1,GREEN
101_3538,101,0.9073,nordic_walk,nordic_walk,1,GREEN
101_3539,101,0.7656,nordic_walk,nordic_walk,1,GREEN
101_3540,101,0.8803,nordic_walk,nordic_walk,1,GREEN
101_3541,101,0.8338,nordic_walk,nordic_walk,1,GREEN
101_3542,101,0.8845,nordic_walk,nordic_walk,1,GREEN
101_3543,101,0.9118,nordic_walk,nordic_walk,1,GREEN
101_3544,101,0.904,nordic_walk,nordic_walk,1,GREEN
101_3545,101,0.7885,nordic_walk,nordic_walk,1,GREEN
101_3546,101,0.5556,nordic_walk,nordic_walk,1,YELLOW
101_3547,101,0.7769,nordic_walk,nordic_walk,1,GREEN
101_3548,101,0.8127,nordic_walk,nordic_walk,1,GREEN
101_3549,101,0.8958,nordic_walk,nordic_walk,1,GREEN
101_3550,101,0.9085,nordic_walk,nordic_walk,1,GREEN
101_3551,101,0.7759,nordic_walk,nordic_walk,1,GREEN
101_3552,101,0.8978,nordic_walk,nordic_walk,1,GREEN
101_3553,101,0.8926,nordic_walk,nordic_walk,1,GREEN
101_3554,101,0.7994,nordic_walk,nordic_walk,1,GREEN
101_3555,101,0.944,nordic_walk,nordic_walk,1,GREEN
101_3556,101,0.9424,nordic_walk,nordic_walk,1,GREEN
101_3557,101,0.9184,nordic_walk,nordic_walk,1,GREEN
101_3558,101,0.7592,nordic_walk,nordic_walk,1,GREEN
101_3559,101,0.7384,nordic_walk,nordic_walk,1,YELLOW
101_3560,101,0.8399,nordic_walk,nordic_walk,1,GREEN
101_3561,101,0.6913,nordic_walk,nordic_walk,1,YELLOW
101_3562,101,0.9082,nordic_walk,nordic_walk,1,GREEN
101_3563,101,0.7628,nordic_walk,nordic_walk,1,GREEN
101_3564,101,0.7544,nordic_walk,nordic_walk,1,GREEN
101_3565,101,0.7706,nordic_walk,nordic_walk,1,GREEN
101_3566,101,0.8788,nordic_walk,nordic_walk,1,GREEN
101_3567,101,0.7806,nordic_walk,nordic_walk,1,GREEN
101_3568,101,0.3427,nordic_walk,nordic_walk,1,RED
101_3569,101,0.9026,nordic_walk,nordic_walk,1,GREEN
101_3570,101,0.9003,nordic_walk,nordic_walk,1,GREEN
101_3571,101,0.8475,nordic_walk,nordic_walk,1,GREEN
101_3572,101,0.8555,nordic_walk,nordic_walk,1,GREEN
101_3573,101,0.6455,nordic_walk,nordic_walk,1,YELLOW
101_3574,101,0.7697,nordic_walk,nordic_walk,1,GREEN
101_3575,101,0.697,nordic_walk,nordic_walk,1,YELLOW
101_3576,101,0.8153,nordic_walk,nordic_walk,1,GREEN
101_3577,101,0.8153,nordic_walk,nordic_walk,1,GREEN
101_3578,101,0.8642,nordic_walk,nordic_walk,1,GREEN
101_3579,101,0.8028,nordic_walk,nordic_walk,1,GREEN
101_3580,101,0.6807,nordic_walk,nordic_walk,1,YELLOW
101_3581,101,0.8414,nordic_walk,nordic_walk,1,GREEN
101_3582,101,0.795,nordic_walk,nordic_walk,1,GREEN
101_3583,101,0.7499,nordic_walk,nordic_walk,1,YELLOW
101_3584,101,0.8867,nordic_walk,nordic_walk,1,GREEN
101_3585,101,0.8574,nordic_walk,nordic_walk,1,GREEN
101_3586,101,0.8635,nordic_walk,nordic_walk,1,GREEN
101_3587,101,0.6739,nordic_walk,nordic_walk,1,YELLOW
101_3588,101,0.8402,nordic_walk,nordic_walk,1,GREEN
101_3589,101,0.8385,nordic_walk,nordic_walk,1,GREEN
101_3590,101,0.9133,nordic_walk,nordic_walk,1,GREEN
101_3591,101,0.8146,nordic_walk,nordic_walk,1,GREEN
101_3592,101,0.7227,nordic_walk,nordic_walk,1,YELLOW
101_3593,101,0.9381,nordic_walk,nordic_walk,1,GREEN
101_3594,101,0.8479,nordic_walk,nordic_walk,1,GREEN
101_3595,101,0.6882,nordic_walk,nordic_walk,1,YELLOW
101_3596,101,0.8795,nordic_walk,nordic_walk,1,GREEN
101_3597,101,0.9002,nordic_walk,nordic_walk,1,GREEN
101_3598,101,0.6205,nordic_walk,nordic_walk,1,YELLOW
101_3599,101,0.4468,nordic_walk,nordic_walk,1,RED
101_3600,101,0.7095,nordic_walk,nordic_walk,1,YELLOW
101_3601,101,0.8274,nordic_walk,nordic_walk,1,GREEN
101_3602,101,0.7697,nordic_walk,nordic_walk,1,GREEN
101_3603,101,0.8877,nordic_walk,nordic_walk,1,GREEN
101_3604,101,0.7799,nordic_walk,nordic_walk,1,GREEN
101_3605,101,0.8305,nordic_walk,nordic_walk,1,GREEN
101_3606,101,0.8275,nordic_walk,nordic_walk,1,GREEN
101_3607,101,0.7855,nordic_walk,nordic_walk,1,GREEN
101_3608,101,0.7033,nordic_walk,nordic_walk,1,YELLOW
101_3609,101,0.6807,nordic_walk,nordic_walk,1,YELLOW
101_3610,101,0.6399,nordic_walk,nordic_walk,1,YELLOW
101_3611,101,0.4944,nordic_walk,nordic_walk,1,YELLOW
101_3612,101,0.846,nordic_walk,nordic_walk,1,GREEN
101_3613,101,0.8567,nordic_walk,nordic_walk,1,GREEN
101_3614,101,0.9255,nordic_walk,nordic_walk,1,GREEN
101_3615,101,0.9152,nordic_walk,nordic_walk,1,GREEN
101_3616,101,0.882,nordic_walk,nordic_walk,1,GREEN
101_3617,101,0.8826,nordic_walk,nordic_walk,1,GREEN
101_3618,101,0.8396,nordic_walk,nordic_walk,1,GREEN
101_3619,101,0.8239,nordic_walk,nordic_walk,1,GREEN
101_3620,101,0.9021,nordic_walk,nordic_walk,1,GREEN
101_3621,101,0.8962,nordic_walk,nordic_walk,1,GREEN
101_3622,101,0.859,nordic_walk,nordic_walk,1,GREEN
101_3623,101,0.7644,nordic_walk,nordic_walk,1,GREEN
101_3624,101,0.8186,nordic_walk,nordic_walk,1,GREEN
101_3625,101,0.8977,nordic_walk,nordic_walk,1,GREEN
101_3626,101,0.9143,nordic_walk,nordic_walk,1,GREEN
101_3627,101,0.9096,nordic_walk,nordic_walk,1,GREEN
101_3628,101,0.7919,nordic_walk,nordic_walk,1,GREEN
101_3629,101,0.8986,nordic_walk,nordic_walk,1,GREEN
101_3630,101,0.8633,nordic_walk,nordic_walk,1,GREEN
101_3631,101,0.8565,nordic_walk,nordic_walk,1,GREEN
101_3632,101,0.9171,nordic_walk,nordic_walk,1,GREEN
101_3633,101,0.9134,nordic_walk,nordic_walk,1,GREEN
101_3634,101,0.8939,nordic_walk,nordic_walk,1,GREEN
101_3635,101,0.662,nordic_walk,nordic_walk,1,YELLOW
101_3636,101,0.8292,nordic_walk,nordic_walk,1,GREEN
101_3637,101,0.8953,nordic_walk,nordic_walk,1,GREEN
101_3638,101,0.9093,nordic_walk,nordic_walk,1,GREEN
101_3639,101,0.747,nordic_walk,nordic_walk,1,YELLOW
101_3640,101,0.4834,stairs_up,nordic_walk,0,YELLOW
101_3641,101,0.8172,nordic_walk,nordic_walk,1,GREEN
101_3642,101,0.8213,nordic_walk,nordic_walk,1,GREEN
101_3643,101,0.9097,nordic_walk,nordic_walk,1,GREEN
101_3644,101,0.8773,nordic_walk,nordic_walk,1,GREEN
101_3645,101,0.7259,nordic_walk,nordic_walk,1,YELLOW
101_3646,101,0.7931,nordic_walk,nordic_walk,1,GREEN
101_3647,101,0.8004,nordic_walk,nordic_walk,1,GREEN
101_3648,101,0.7083,nordic_walk,nordic_walk,1,YELLOW
101_3649,101,0.871,nordic_walk,nordic_walk,1,GREEN
101_3650,101,0.8794,nordic_walk,nordic_walk,1,GREEN
101_3651,101,0.8188,nordic_walk,nordic_walk,1,GREEN
101_3652,101,0.4293,nordic_walk,nordic_walk,1,RED
101_3653,101,0.7078,nordic_walk,nordic_walk,1,YELLOW
101_3654,101,0.8231,nordic_walk,nordic_walk,1,GREEN
101_3655,101,0.8868,nordic_walk,nordic_walk,1,GREEN
101_3656,101,0.8854,nordic_walk,nordic_walk,1,GREEN
101_3657,101,0.8411,nordic_walk,nordic_walk,1,GREEN
101_3658,101,0.7175,nordic_walk,nordic_walk,1,YELLOW
101_3659,101,0.8214,nordic_walk,nordic_walk,1,GREEN
101_3660,101,0.7915,nordic_walk,nordic_walk,1,GREEN
101_3661,101,0.9405,nordic_walk,nordic_walk,1,GREEN
101_3662,101,0.8694,nordic_walk,nordic_walk,1,GREEN
101_3663,101,0.7987,nordic_walk,nordic_walk,1,GREEN
101_3664,101,0.8582,nordic_walk,nordic_walk,1,GREEN
101_3665,101,0.8628,nordic_walk,nordic_walk,1,GREEN
101_3666,101,0.8041,nordic_walk,nordic_walk,1,GREEN
101_3667,101,0.5336,nordic_walk,nordic_walk,1,YELLOW
101_3668,101,0.8567,nordic_walk,nordic_walk,1,GREEN
101_3669,101,0.8863,nordic_walk,nordic_walk,1,GREEN
101_3670,101,0.7906,nordic_walk,nordic_walk,1,GREEN
101_3671,101,0.8608,nordic_walk,nordic_walk,1,GREEN
101_3672,101,0.6879,nordic_walk,nordic_walk,1,YELLOW
101_3673,101,0.8354,nordic_walk,nordic_walk,1,GREEN
101_3674,101,0.845,nordic_walk,nordic_walk,1,GREEN
101_3675,101,0.5001,nordic_walk,nordic_walk,1,YELLOW
101_3676,101,0.826,nordic_walk,nordic_walk,1,GREEN
101_3677,101,0.8296,nordic_walk,nordic_walk,1,GREEN
101_3678,101,0.8305,nordic_walk,nordic_walk,1,GREEN
101_3679,101,0.7541,nordic_walk,nordic_walk,1,GREEN
101_3680,101,0.7801,nordic_walk,nordic_walk,1,GREEN
101_3681,101,0.8799,nordic_walk,nordic_walk,1,GREEN
101_3682,101,0.8841,nordic_walk,nordic_walk,1,GREEN
101_3683,101,0.9373,nordic_walk,nordic_walk,1,GREEN
101_3684,101,0.8279,nordic_walk,nordic_walk,1,GREEN
101_3685,101,0.8616,nordic_walk,nordic_walk,1,GREEN
101_3686,101,0.842,nordic_walk,nordic_walk,1,GREEN
101_3687,101,0.8986,nordic_walk,nordic_walk,1,GREEN
101_3688,101,0.9318,nordic_walk,nordic_walk,1,GREEN
101_3689,101,0.9384,nordic_walk,nordic_walk,1,GREEN
101_3690,101,0.8523,nordic_walk,nordic_walk,1,GREEN
101_3691,101,0.8503,nordic_walk,nordic_walk,1,GREEN
101_3692,101,0.7331,nordic_walk,nordic_walk,1,YELLOW
101_3693,101,0.7996,nordic_walk,nordic_walk,1,GREEN
101_3694,101,0.8436,nordic_walk,nordic_walk,1,GREEN
101_3695,101,0.9193,nordic_walk,nordic_walk,1,GREEN
101_3696,101,0.7432,nordic_walk,nordic_walk,1,YELLOW
101_3697,101,0.7964,nordic_walk,nordic_walk,1,GREEN
101_3698,101,0.8353,nordic_walk,nordic_walk,1,GREEN
101_3699,101,0.8774,nordic_walk,nordic_walk,1,GREEN
101_3700,101,0.9228,nordic_walk,nordic_walk,1,GREEN
101_3701,101,0.931,nordic_walk,nordic_walk,1,GREEN
101_3702,101,0.8343,nordic_walk,nordic_walk,1,GREEN
101_3703,101,0.8303,nordic_walk,nordic_walk,1,GREEN
101_3704,101,0.734,nordic_walk,nordic_walk,1,YELLOW
101_3705,101,0.8493,nordic_walk,nordic_walk,1,GREEN
101_3706,101,0.7865,nordic_walk,nordic_walk,1,GREEN
101_3707,101,0.9168,nordic_walk,nordic_walk,1,GREEN
101_3708,101,0.8631,nordic_walk,nordic_walk,1,GREEN
101_3709,101,0.8033,nordic_walk,nordic_walk,1,GREEN
101_3710,101,0.8655,nordic_walk,nordic_walk,1,GREEN
101_3711,101,0.8056,nordic_walk,nordic_walk,1,GREEN
101_3712,101,0.8667,nordic_walk,nordic_walk,1,GREEN
101_3713,101,0.6431,nordic_walk,nordic_walk,1,YELLOW
101_3714,101,0.5548,nordic_walk,nordic_walk,1,YELLOW
101_3715,101,0.6973,nordic_walk,nordic_walk,1,YELLOW
101_3716,101,0.697,nordic_walk,nordic_walk,1,YELLOW
101_3717,101,0.766,nordic_walk,nordic_walk,1,GREEN
101_3718,101,0.7459,nordic_walk,nordic_walk,1,YELLOW
101_3719,101,0.8038,nordic_walk,nordic_walk,1,GREEN
101_3720,101,0.8036,nordic_walk,nordic_walk,1,GREEN
101_3721,101,0.795,nordic_walk,nordic_walk,1,GREEN
101_3722,101,0.8646,nordic_walk,nordic_walk,1,GREEN
101_3723,101,0.8555,nordic_walk,nordic_walk,1,GREEN
101_3724,101,0.9056,nordic_walk,nordic_walk,1,GREEN
101_3725,101,0.9216,nordic_walk,nordic_walk,1,GREEN
101_3726,101,0.8361,nordic_walk,nordic_walk,1,GREEN
101_3727,101,0.8148,nordic_walk,nordic_walk,1,GREEN
101_3728,101,0.8189,nordic_walk,nordic_walk,1,GREEN
101_3729,101,0.6457,nordic_walk,nordic_walk,1,YELLOW
101_3730,101,0.68,nordic_walk,nordic_walk,1,YELLOW
101_3731,101,0.8823,nordic_walk,nordic_walk,1,GREEN
101_3732,101,0.8558,nordic_walk,nordic_walk,1,GREEN
101_3733,101,0.794,nordic_walk,nordic_walk,1,GREEN
101_3734,101,0.8972,nordic_walk,nordic_walk,1,GREEN
101_3735,101,0.8805,nordic_walk,nordic_walk,1,GREEN
101_3736,101,0.94,nordic_walk,nordic_walk,1,GREEN
101_3737,101,0.9125,nordic_walk,nordic_walk,1,GREEN
101_3738,101,0.843,nordic_walk,nordic_walk,1,GREEN
101_3739,101,0.8311,nordic_walk,nordic_walk,1,GREEN
101_3740,101,0.9048,nordic_walk,nordic_walk,1,GREEN
101_3741,101,0.9396,nordic_walk,nordic_walk,1,GREEN
101_3742,101,0.8542,nordic_walk,nordic_walk,1,GREEN
101_3743,101,0.8158,nordic_walk,nordic_walk,1,GREEN
101_3744,101,0.6904,nordic_walk,nordic_walk,1,YELLOW
101_3745,101,0.5733,nordic_walk,nordic_walk,1,YELLOW
101_3746,101,0.7146,nordic_walk,nordic_walk,1,YELLOW
101_3747,101,0.544,nordic_walk,nordic_walk,1,YELLOW
101_3748,101,0.5857,nordic_walk,nordic_walk,1,YELLOW
101_3749,101,0.686,nordic_walk,nordic_walk,1,YELLOW
101_3750,101,0.7426,nordic_walk,nordic_walk,1,YELLOW
101_3751,101,0.8382,nordic_walk,nordic_walk,1,GREEN
101_3752,101,0.8041,nordic_walk,nordic_walk,1,GREEN
101_3753,101,0.8352,nordic_walk,nordic_walk,1,GREEN
101_3754,101,0.8937,nordic_walk,nordic_walk,1,GREEN
101_3755,101,0.6797,nordic_walk,nordic_walk,1,YELLOW
101_3756,101,0.894,nordic_walk,nordic_walk,1,GREEN
101_3757,101,0.9103,nordic_walk,nordic_walk,1,GREEN
101_3758,101,0.8293,nordic_walk,nordic_walk,1,GREEN
101_3759,101,0.8682,nordic_walk,nordic_walk,1,GREEN
101_3760,101,0.7684,nordic_walk,nordic_walk,1,GREEN
101_3761,101,0.8325,nordic_walk,nordic_walk,1,GREEN
101_3762,101,0.8768,nordic_walk,nordic_walk,1,GREEN
101_3763,101,0.8766,nordic_walk,nordic_walk,1,GREEN
101_3764,101,0.8685,nordic_walk,nordic_walk,1,GREEN
101_3765,101,0.8097,nordic_walk,nordic_walk,1,GREEN
101_3766,101,0.7443,nordic_walk,nordic_walk,1,YELLOW
101_3767,101,0.7067,nordic_walk,nordic_walk,1,YELLOW
101_3768,101,0.7989,nordic_walk,nordic_walk,1,GREEN
101_3769,101,0.8111,nordic_walk,nordic_walk,1,GREEN
101_3770,101,0.8067,nordic_walk,nordic_walk,1,GREEN
101_3771,101,0.3979,nordic_walk,nordic_walk,1,RED
101_3772,101,0.8405,nordic_walk,nordic_walk,1,GREEN
101_3773,101,0.8345,nordic_walk,nordic_walk,1,GREEN
101_3774,101,0.8304,nordic_walk,nordic_walk,1,GREEN
101_3775,101,0.8043,nordic_walk,nordic_walk,1,GREEN
101_3776,101,0.8913,nordic_walk,nordic_walk,1,GREEN
101_3777,101,0.8954,nordic_walk,nordic_walk,1,GREEN
101_3778,101,0.8856,nordic_walk,nordic_walk,1,GREEN
101_3779,101,0.7263,nordic_walk,nordic_walk,1,YELLOW
101_3780,101,0.4704,nordic_walk,nordic_walk,1,YELLOW
101_3781,101,0.5557,vacuuming,nordic_walk,0,YELLOW
101_3782,101,0.7406,ironing,nordic_walk,0,YELLOW
101_3783,101,0.7861,ironing,nordic_walk,0,GREEN
101_3784,101,0.7826,ironing,nordic_walk,0,GREEN
101_3785,101,0.455,ironing,nordic_walk,0,YELLOW
101_3786,101,0.4559,ironing,nordic_walk,0,YELLOW
101_3787,101,0.7603,ironing,nordic_walk,0,GREEN
101_3788,101,0.736,ironing,nordic_walk,0,YELLOW
101_3789,101,0.8002,ironing,nordic_walk,0,GREEN
101_3790,101,0.7922,ironing,nordic_walk,0,GREEN
101_3791,101,0.6628,ironing,nordic_walk,0,YELLOW
101_3792,101,0.6866,ironing,nordic_walk,0,YELLOW
101_3793,101,0.7315,ironing,nordic_walk,0,YELLOW
101_3794,101,0.7588,ironing,nordic_walk,0,GREEN
101_3795,101,0.6641,ironing,nordic_walk,0,YELLOW
101_3796,101,0.6492,ironing,nordic_walk,0,YELLOW
101_3797,101,0.6854,ironing,nordic_walk,0,YELLOW
101_3798,101,0.6554,ironing,nordic_walk,0,YELLOW
101_3799,101,0.6871,ironing,nordic_walk,0,YELLOW
101_3800,101,0.6964,ironing,nordic_walk,0,YELLOW
101_3801,101,0.7404,ironing,cycling,0,YELLOW
101_3802,101,0.7588,ironing,cycling,0,GREEN
101_3803,101,0.7946,ironing,cycling,0,GREEN
101_3804,101,0.7329,ironing,cycling,0,YELLOW
101_3805,101,0.7135,ironing,cycling,0,YELLOW
101_3806,101,0.7793,ironing,cycling,0,GREEN
101_3807,101,0.7933,ironing,cycling,0,GREEN
101_3808,101,0.8106,ironing,cycling,0,GREEN
101_3809,101,0.7473,ironing,cycling,0,YELLOW
101_3810,101,0.6345,ironing,cycling,0,YELLOW
101_3811,101,0.7498,ironing,cycling,0,YELLOW
101_3812,101,0.7456,ironing,cycling,0,YELLOW
101_3813,101,0.728,ironing,cycling,0,YELLOW
101_3814,101,0.4712,vacuuming,cycling,0,YELLOW
101_3815,101,0.5189,vacuuming,cycling,0,YELLOW
101_3816,101,0.5653,cycling,cycling,1,YELLOW
101_3817,101,0.6782,cycling,cycling,1,YELLOW
101_3818,101,0.8013,cycling,cycling,1,GREEN
101_3819,101,0.9002,cycling,cycling,1,GREEN
101_3820,101,0.8577,cycling,cycling,1,GREEN
101_3821,101,0.8552,cycling,cycling,1,GREEN
101_3822,101,0.8996,cycling,cycling,1,GREEN
101_3823,101,0.9568,cycling,cycling,1,GREEN
101_3824,101,0.9754,cycling,cycling,1,GREEN
101_3825,101,0.9451,cycling,cycling,1,GREEN
101_3826,101,0.9636,cycling,cycling,1,GREEN
101_3827,101,0.9236,cycling,cycling,1,GREEN
101_3828,101,0.9215,cycling,cycling,1,GREEN
101_3829,101,0.8719,cycling,cycling,1,GREEN
101_3830,101,0.8189,cycling,cycling,1,GREEN
101_3831,101,0.8973,cycling,cycling,1,GREEN
101_3832,101,0.8854,cycling,cycling,1,GREEN
101_3833,101,0.8229,cycling,cycling,1,GREEN
101_3834,101,0.8597,cycling,cycling,1,GREEN
101_3835,101,0.9523,cycling,cycling,1,GREEN
101_3836,101,0.9176,cycling,cycling,1,GREEN
101_3837,101,0.8745,cycling,cycling,1,GREEN
101_3838,101,0.9013,cycling,cycling,1,GREEN
101_3839,101,0.9829,cycling,cycling,1,GREEN
101_3840,101,0.9912,cycling,cycling,1,GREEN
101_3841,101,0.9894,cycling,cycling,1,GREEN
101_3842,101,0.9882,cycling,cycling,1,GREEN
101_3843,101,0.9757,cycling,cycling,1,GREEN
101_3844,101,0.9708,cycling,cycling,1,GREEN
101_3845,101,0.9744,cycling,cycling,1,GREEN
101_3846,101,0.9732,cycling,cycling,1,GREEN
101_3847,101,0.9754,cycling,cycling,1,GREEN
101_3848,101,0.9798,cycling,cycling,1,GREEN
101_3849,101,0.9735,cycling,cycling,1,GREEN
101_3850,101,0.9819,cycling,cycling,1,GREEN
101_3851,101,0.9775,cycling,cycling,1,GREEN
101_3852,101,0.9769,cycling,cycling,1,GREEN
101_3853,101,0.979,cycling,cycling,1,GREEN
101_3854,101,0.9825,cycling,cycling,1,GREEN
101_3855,101,0.985,cycling,cycling,1,GREEN
101_3856,101,0.9786,cycling,cycling,1,GREEN
101_3857,101,0.951,cycling,cycling,1,GREEN
101_3858,101,0.9809,cycling,cycling,1,GREEN
101_3859,101,0.9773,cycling,cycling,1,GREEN
101_3860,101,0.969,cycling,cycling,1,GREEN
101_3861,101,0.9853,cycling,cycling,1,GREEN
101_3862,101,0.9876,cycling,cycling,1,GREEN
101_3863,101,0.9912,cycling,cycling,1,GREEN
101_3864,101,0.9891,cycling,cycling,1,GREEN
101_3865,101,0.9885,cycling,cycling,1,GREEN
101_3866,101,0.9864,cycling,cycling,1,GREEN
101_3867,101,0.9847,cycling,cycling,1,GREEN
101_3868,101,0.9869,cycling,cycling,1,GREEN
101_3869,101,0.9847,cycling,cycling,1,GREEN
101_3870,101,0.9848,cycling,cycling,1,GREEN
101_3871,101,0.9872,cycling,cycling,1,GREEN
101_3872,101,0.9872,cycling,cycling,1,GREEN
101_3873,101,0.9867,cycling,cycling,1,GREEN
101_3874,101,0.9841,cycling,cycling,1,GREEN
101_3875,101,0.9795,cycling,cycling,1,GREEN
101_3876,101,0.9564,cycling,cycling,1,GREEN
101_3877,101,0.9691,cycling,cycling,1,GREEN
101_3878,101,0.9762,cycling,cycling,1,GREEN
101_3879,101,0.9758,cycling,cycling,1,GREEN
101_3880,101,0.9869,cycling,cycling,1,GREEN
101_3881,101,1.0,cycling,cycling,1,GREEN
101_3882,101,0.9944,cycling,cycling,1,GREEN
101_3883,101,0.9855,cycling,cycling,1,GREEN
101_3884,101,0.9935,cycling,cycling,1,GREEN
101_3885,101,0.9965,cycling,cycling,1,GREEN
101_3886,101,0.9951,cycling,cycling,1,GREEN
101_3887,101,0.9936,cycling,cycling,1,GREEN
101_3888,101,0.9978,cycling,cycling,1,GREEN
101_3889,101,0.9941,cycling,cycling,1,GREEN
101_3890,101,0.9864,cycling,cycling,1,GREEN
101_3891,101,0.9929,cycling,cycling,1,GREEN
101_3892,101,0.991,cycling,cycling,1,GREEN
101_3893,101,0.9849,cycling,cycling,1,GREEN
101_3894,101,0.9967,cycling,cycling,1,GREEN
101_3895,101,0.9977,cycling,cycling,1,GREEN
101_3896,101,0.9975,cycling,cycling,1,GREEN
101_3897,101,1.0,cycling,cycling,1,GREEN
101_3898,101,1.0,cycling,cycling,1,GREEN
101_3899,101,0.996,cycling,cycling,1,GREEN
101_3900,101,0.9952,cycling,cycling,1,GREEN
101_3901,101,0.9669,cycling,cycling,1,GREEN
101_3902,101,0.9904,cycling,cycling,1,GREEN
101_3903,101,0.9978,cycling,cycling,1,GREEN
101_3904,101,0.9951,cycling,cycling,1,GREEN
101_3905,101,0.9941,cycling,cycling,1,GREEN
101_3906,101,0.9884,cycling,cycling,1,GREEN
101_3907,101,0.9864,cycling,cycling,1,GREEN
101_3908,101,0.9893,cycling,cycling,1,GREEN
101_3909,101,0.9907,cycling,cycling,1,GREEN
101_3910,101,0.9943,cycling,cycling,1,GREEN
101_3911,101,0.9583,cycling,cycling,1,GREEN
101_3912,101,0.9379,cycling,cycling,1,GREEN
101_3913,101,0.942,cycling,cycling,1,GREEN
101_3914,101,0.8936,cycling,cycling,1,GREEN
101_3915,101,0.9282,cycling,cycling,1,GREEN
101_3916,101,0.894,cycling,cycling,1,GREEN
101_3917,101,0.8804,cycling,cycling,1,GREEN
101_3918,101,0.9428,cycling,cycling,1,GREEN
101_3919,101,0.9533,cycling,cycling,1,GREEN
101_3920,101,0.898,cycling,cycling,1,GREEN
101_3921,101,0.8854,cycling,cycling,1,GREEN
101_3922,101,0.8902,cycling,cycling,1,GREEN
101_3923,101,0.9189,cycling,cycling,1,GREEN
101_3924,101,0.921,cycling,cycling,1,GREEN
101_3925,101,0.9188,cycling,cycling,1,GREEN
101_3926,101,0.9096,cycling,cycling,1,GREEN
101_3927,101,0.9514,cycling,cycling,1,GREEN
101_3928,101,0.9871,cycling,cycling,1,GREEN
101_3929,101,0.9803,cycling,cycling,1,GREEN
101_3930,101,0.9689,cycling,cycling,1,GREEN
101_3931,101,0.9652,cycling,cycling,1,GREEN
101_3932,101,0.9732,cycling,cycling,1,GREEN
101_3933,101,0.9441,cycling,cycling,1,GREEN
101_3934,101,0.9222,cycling,cycling,1,GREEN
101_3935,101,0.9656,cycling,cycling,1,GREEN
101_3936,101,0.9679,cycling,cycling,1,GREEN
101_3937,101,0.9584,cycling,cycling,1,GREEN
101_3938,101,0.9626,cycling,cycling,1,GREEN
101_3939,101,0.9532,cycling,cycling,1,GREEN
101_3940,101,0.9783,cycling,cycling,1,GREEN
101_3941,101,0.9837,cycling,cycling,1,GREEN
101_3942,101,0.9845,cycling,cycling,1,GREEN
101_3943,101,0.9877,cycling,cycling,1,GREEN
101_3944,101,0.9875,cycling,cycling,1,GREEN
101_3945,101,0.987,cycling,cycling,1,GREEN
101_3946,101,0.9863,cycling,cycling,1,GREEN
101_3947,101,0.9809,cycling,cycling,1,GREEN
101_3948,101,0.9727,cycling,cycling,1,GREEN
101_3949,101,0.9872,cycling,cycling,1,GREEN
101_3950,101,0.9877,cycling,cycling,1,GREEN
101_3951,101,0.9913,cycling,cycling,1,GREEN
101_3952,101,0.9891,cycling,cycling,1,GREEN
101_3953,101,0.9856,cycling,cycling,1,GREEN
101_3954,101,0.9766,cycling,cycling,1,GREEN
101_3955,101,0.9797,cycling,cycling,1,GREEN
101_3956,101,0.9869,cycling,cycling,1,GREEN
101_3957,101,0.9778,cycling,cycling,1,GREEN
101_3958,101,0.9867,cycling,cycling,1,GREEN
101_3959,101,0.9887,cycling,cycling,1,GREEN
101_3960,101,0.9883,cycling,cycling,1,GREEN
101_3961,101,0.991,cycling,cycling,1,GREEN
101_3962,101,0.9887,cycling,cycling,1,GREEN
101_3963,101,0.9872,cycling,cycling,1,GREEN
101_3964,101,0.9721,cycling,cycling,1,GREEN
101_3965,101,0.9721,cycling,cycling,1,GREEN
101_3966,101,0.9708,cycling,cycling,1,GREEN
101_3967,101,0.9764,cycling,cycling,1,GREEN
101_3968,101,0.9775,cycling,cycling,1,GREEN
101_3969,101,0.9824,cycling,cycling,1,GREEN
101_3970,101,0.9821,cycling,cycling,1,GREEN
101_3971,101,0.9877,cycling,cycling,1,GREEN
101_3972,101,0.985,cycling,cycling,1,GREEN
101_3973,101,0.9866,cycling,cycling,1,GREEN
101_3974,101,0.9862,cycling,cycling,1,GREEN
101_3975,101,0.9807,cycling,cycling,1,GREEN
101_3976,101,0.9818,cycling,cycling,1,GREEN
101_3977,101,0.9851,cycling,cycling,1,GREEN
101_3978,101,0.9887,cycling,cycling,1,GREEN
101_3979,101,0.9904,cycling,cycling,1,GREEN
101_3980,101,0.9936,cycling,cycling,1,GREEN
101_3981,101,0.964,cycling,cycling,1,GREEN
101_3982,101,0.9631,cycling,cycling,1,GREEN
101_3983,101,0.9736,cycling,cycling,1,GREEN
101_3984,101,0.9751,cycling,cycling,1,GREEN
101_3985,101,0.9853,cycling,cycling,1,GREEN
101_3986,101,0.9885,cycling,cycling,1,GREEN
101_3987,101,0.9852,cycling,cycling,1,GREEN
101_3988,101,0.9873,cycling,cycling,1,GREEN
101_3989,101,0.9856,cycling,cycling,1,GREEN
101_3990,101,0.9867,cycling,cycling,1,GREEN
101_3991,101,0.9873,cycling,cycling,1,GREEN
101_3992,101,0.9868,cycling,cycling,1,GREEN
101_3993,101,0.9968,cycling,cycling,1,GREEN
101_3994,101,0.9978,cycling,cycling,1,GREEN
101_3995,101,0.9978,cycling,cycling,1,GREEN
101_3996,101,0.9945,cycling,cycling,1,GREEN
101_3997,101,0.9898,cycling,cycling,1,GREEN
101_3998,101,0.996,cycling,cycling,1,GREEN
101_3999,101,0.9982,cycling,cycling,1,GREEN
101_4000,101,0.9982,cycling,cycling,1,GREEN
101_4001,101,0.9978,cycling,cycling,1,GREEN
101_4002,101,0.9982,cycling,cycling,1,GREEN
101_4003,101,0.999,cycling,cycling,1,GREEN
101_4004,101,0.9928,cycling,cycling,1,GREEN
101_4005,101,0.9973,cycling,cycling,1,GREEN
101_4006,101,0.9975,cycling,cycling,1,GREEN
101_4007,101,0.9932,cycling,cycling,1,GREEN
101_4008,101,0.9851,cycling,cycling,1,GREEN
101_4009,101,0.997,cycling,cycling,1,GREEN
101_4010,101,0.9986,cycling,cycling,1,GREEN
101_4011,101,0.9904,cycling,cycling,1,GREEN
101_4012,101,0.9963,cycling,cycling,1,GREEN
101_4013,101,0.9988,cycling,cycling,1,GREEN
101_4014,101,0.9985,cycling,cycling,1,GREEN
101_4015,101,0.9988,cycling,cycling,1,GREEN
101_4016,101,0.9988,cycling,cycling,1,GREEN
101_4017,101,0.9948,cycling,cycling,1,GREEN
101_4018,101,0.9994,cycling,cycling,1,GREEN
101_4019,101,0.9986,cycling,cycling,1,GREEN
101_4020,101,0.9949,cycling,cycling,1,GREEN
101_4021,101,0.9979,cycling,cycling,1,GREEN
101_4022,101,0.9947,cycling,cycling,1,GREEN
101_4023,101,0.9961,cycling,cycling,1,GREEN
101_4024,101,0.9934,cycling,cycling,1,GREEN
101_4025,101,0.999,cycling,cycling,1,GREEN
101_4026,101,1.0,cycling,cycling,1,GREEN
101_4027,101,0.9976,cycling,cycling,1,GREEN
101_4028,101,0.9915,cycling,cycling,1,GREEN
101_4029,101,0.971,cycling,cycling,1,GREEN
101_4030,101,0.9434,cycling,cycling,1,GREEN
101_4031,101,0.9478,cycling,cycling,1,GREEN
101_4032,101,0.9521,cycling,cycling,1,GREEN
101_4033,101,0.9503,cycling,cycling,1,GREEN
101_4034,101,0.9442,cycling,cycling,1,GREEN
101_4035,101,0.9274,cycling,cycling,1,GREEN
101_4036,101,0.9376,cycling,cycling,1,GREEN
101_4037,101,0.9312,cycling,cycling,1,GREEN
101_4038,101,0.8888,cycling,cycling,1,GREEN
101_4039,101,0.9345,cycling,cycling,1,GREEN
101_4040,101,0.9256,cycling,cycling,1,GREEN
101_4041,101,0.9301,cycling,cycling,1,GREEN
101_4042,101,0.9494,cycling,cycling,1,GREEN
101_4043,101,0.901,cycling,cycling,1,GREEN
101_4044,101,0.9781,cycling,cycling,1,GREEN
101_4045,101,0.9866,cycling,cycling,1,GREEN
101_4046,101,0.9691,cycling,cycling,1,GREEN
101_4047,101,0.9795,cycling,cycling,1,GREEN
101_4048,101,0.9788,cycling,cycling,1,GREEN
101_4049,101,0.9694,cycling,cycling,1,GREEN
101_4050,101,0.9606,cycling,cycling,1,GREEN
101_4051,101,0.9718,cycling,cycling,1,GREEN
101_4052,101,0.9781,cycling,cycling,1,GREEN
101_4053,101,0.9749,cycling,cycling,1,GREEN
101_4054,101,0.974,cycling,cycling,1,GREEN
101_4055,101,0.962,cycling,cycling,1,GREEN
101_4056,101,0.9824,cycling,cycling,1,GREEN
101_4057,101,0.9563,cycling,cycling,1,GREEN
101_4058,101,0.966,cycling,cycling,1,GREEN
101_4059,101,0.9834,cycling,cycling,1,GREEN
101_4060,101,0.9687,cycling,cycling,1,GREEN
101_4061,101,0.9629,cycling,cycling,1,GREEN
101_4062,101,0.9831,cycling,cycling,1,GREEN
101_4063,101,0.9734,cycling,cycling,1,GREEN
101_4064,101,0.9741,cycling,cycling,1,GREEN
101_4065,101,0.9397,cycling,cycling,1,GREEN
101_4066,101,0.9728,cycling,cycling,1,GREEN
101_4067,101,0.985,cycling,cycling,1,GREEN
101_4068,101,0.9879,cycling,cycling,1,GREEN
101_4069,101,0.9866,cycling,cycling,1,GREEN
101_4070,101,0.976,cycling,cycling,1,GREEN
101_4071,101,0.9834,cycling,cycling,1,GREEN
101_4072,101,0.9782,cycling,cycling,1,GREEN
101_4073,101,0.9723,cycling,cycling,1,GREEN
101_4074,101,0.9828,cycling,cycling,1,GREEN
101_4075,101,0.9821,cycling,cycling,1,GREEN
101_4076,101,0.9821,cycling,cycling,1,GREEN
101_4077,101,0.988,cycling,cycling,1,GREEN
101_4078,101,0.9884,cycling,cycling,1,GREEN
101_4079,101,0.9829,cycling,cycling,1,GREEN
101_4080,101,0.9855,cycling,cycling,1,GREEN
101_4081,101,0.9784,cycling,cycling,1,GREEN
101_4082,101,0.9635,cycling,cycling,1,GREEN
101_4083,101,0.973,cycling,cycling,1,GREEN
101_4084,101,0.9731,cycling,cycling,1,GREEN
101_4085,101,0.9401,cycling,cycling,1,GREEN
101_4086,101,0.9605,cycling,cycling,1,GREEN
101_4087,101,0.9728,cycling,cycling,1,GREEN
101_4088,101,0.9628,cycling,cycling,1,GREEN
101_4089,101,0.9874,cycling,cycling,1,GREEN
101_4090,101,0.9863,cycling,cycling,1,GREEN
101_4091,101,0.978,cycling,cycling,1,GREEN
101_4092,101,0.9828,cycling,cycling,1,GREEN
101_4093,101,0.9857,cycling,cycling,1,GREEN
101_4094,101,0.9768,cycling,cycling,1,GREEN
101_4095,101,0.9747,cycling,cycling,1,GREEN
101_4096,101,0.9822,cycling,cycling,1,GREEN
101_4097,101,0.9893,cycling,cycling,1,GREEN
101_4098,101,0.9594,cycling,cycling,1,GREEN
101_4099,101,0.9478,cycling,cycling,1,GREEN
101_4100,101,0.9124,cycling,cycling,1,GREEN
101_4101,101,0.973,cycling,cycling,1,GREEN
101_4102,101,0.9826,cycling,cycling,1,GREEN
101_4103,101,0.9863,cycling,cycling,1,GREEN
101_4104,101,0.9894,cycling,cycling,1,GREEN
101_4105,101,0.9889,cycling,cycling,1,GREEN
101_4106,101,0.9846,cycling,cycling,1,GREEN
101_4107,101,0.988,cycling,cycling,1,GREEN
101_4108,101,0.9907,cycling,cycling,1,GREEN
101_4109,101,0.9927,cycling,cycling,1,GREEN
101_4110,101,0.9902,cycling,cycling,1,GREEN
101_4111,101,0.9933,cycling,cycling,1,GREEN
101_4112,101,0.9936,cycling,cycling,1,GREEN
101_4113,101,0.996,cycling,cycling,1,GREEN
101_4114,101,0.9931,cycling,cycling,1,GREEN
101_4115,101,0.9923,cycling,cycling,1,GREEN
101_4116,101,0.9933,cycling,cycling,1,GREEN
101_4117,101,0.9955,cycling,cycling,1,GREEN
101_4118,101,0.9979,cycling,cycling,1,GREEN
101_4119,101,0.9967,cycling,cycling,1,GREEN
101_4120,101,0.9952,cycling,cycling,1,GREEN
101_4121,101,0.9958,cycling,cycling,1,GREEN
101_4122,101,0.9972,cycling,cycling,1,GREEN
101_4123,101,0.999,cycling,cycling,1,GREEN
101_4124,101,0.999,cycling,cycling,1,GREEN
101_4125,101,0.999,cycling,cycling,1,GREEN
101_4126,101,0.9953,cycling,cycling,1,GREEN
101_4127,101,0.9873,cycling,cycling,1,GREEN
101_4128,101,0.9709,cycling,cycling,1,GREEN
101_4129,101,0.9822,cycling,cycling,1,GREEN
101_4130,101,1.0,cycling,cycling,1,GREEN
101_4131,101,0.9933,cycling,cycling,1,GREEN
101_4132,101,0.9896,cycling,cycling,1,GREEN
101_4133,101,0.9967,cycling,cycling,1,GREEN
101_4134,101,0.9984,cycling,cycling,1,GREEN
101_4135,101,0.9907,cycling,cycling,1,GREEN
101_4136,101,0.9988,cycling,cycling,1,GREEN
101_4137,101,0.9988,cycling,cycling,1,GREEN
101_4138,101,1.0,cycling,cycling,1,GREEN
101_4139,101,1.0,cycling,cycling,1,GREEN
101_4140,101,0.9984,cycling,cycling,1,GREEN
101_4141,101,0.9977,cycling,cycling,1,GREEN
101_4142,101,0.9994,cycling,cycling,1,GREEN
101_4143,101,0.9972,cycling,cycling,1,GREEN
101_4144,101,0.9943,cycling,cycling,1,GREEN
101_4145,101,0.9934,cycling,cycling,1,GREEN
101_4146,101,0.9828,cycling,cycling,1,GREEN
101_4147,101,0.9852,cycling,cycling,1,GREEN
101_4148,101,0.9772,cycling,cycling,1,GREEN
101_4149,101,0.9688,cycling,cycling,1,GREEN
101_4150,101,0.9469,cycling,cycling,1,GREEN
101_4151,101,0.9619,cycling,cycling,1,GREEN
101_4152,101,0.9526,cycling,cycling,1,GREEN
101_4153,101,0.946,cycling,cycling,1,GREEN
101_4154,101,0.9368,cycling,cycling,1,GREEN
101_4155,101,0.9526,cycling,cycling,1,GREEN
101_4156,101,0.9295,cycling,cycling,1,GREEN
101_4157,101,0.9504,cycling,cycling,1,GREEN
101_4158,101,0.9883,cycling,cycling,1,GREEN
101_4159,101,0.9523,cycling,cycling,1,GREEN
101_4160,101,0.9619,cycling,cycling,1,GREEN
101_4161,101,0.9788,cycling,cycling,1,GREEN
101_4162,101,0.9833,cycling,cycling,1,GREEN
101_4163,101,0.9767,cycling,cycling,1,GREEN
101_4164,101,0.9867,cycling,cycling,1,GREEN
101_4165,101,0.9706,cycling,cycling,1,GREEN
101_4166,101,0.9719,cycling,cycling,1,GREEN
101_4167,101,0.9785,cycling,cycling,1,GREEN
101_4168,101,0.9785,cycling,cycling,1,GREEN
101_4169,101,0.9773,cycling,cycling,1,GREEN
101_4170,101,0.9614,cycling,cycling,1,GREEN
101_4171,101,0.9692,cycling,cycling,1,GREEN
101_4172,101,0.9691,cycling,cycling,1,GREEN
101_4173,101,0.9737,cycling,cycling,1,GREEN
101_4174,101,0.9902,cycling,cycling,1,GREEN
101_4175,101,0.9864,cycling,cycling,1,GREEN
101_4176,101,0.9809,cycling,cycling,1,GREEN
101_4177,101,0.963,cycling,cycling,1,GREEN
101_4178,101,0.9792,cycling,cycling,1,GREEN
101_4179,101,0.9862,cycling,cycling,1,GREEN
101_4180,101,0.984,cycling,cycling,1,GREEN
101_4181,101,0.9876,cycling,cycling,1,GREEN
101_4182,101,0.987,cycling,cycling,1,GREEN
101_4183,101,0.9885,cycling,cycling,1,GREEN
101_4184,101,0.9877,cycling,cycling,1,GREEN
101_4185,101,0.9874,cycling,cycling,1,GREEN
101_4186,101,0.9875,cycling,cycling,1,GREEN
101_4187,101,0.9851,cycling,cycling,1,GREEN
101_4188,101,0.9899,cycling,cycling,1,GREEN
101_4189,101,0.9877,cycling,cycling,1,GREEN
101_4190,101,0.9858,cycling,cycling,1,GREEN
101_4191,101,0.9831,cycling,cycling,1,GREEN
101_4192,101,0.9887,cycling,cycling,1,GREEN
101_4193,101,0.9869,cycling,cycling,1,GREEN
101_4194,101,0.9699,cycling,cycling,1,GREEN
101_4195,101,0.9714,cycling,cycling,1,GREEN
101_4196,101,0.9708,cycling,cycling,1,GREEN
101_4197,101,0.9657,cycling,cycling,1,GREEN
101_4198,101,0.955,cycling,cycling,1,GREEN
101_4199,101,0.9791,cycling,cycling,1,GREEN
101_4200,101,0.9822,cycling,cycling,1,GREEN
101_4201,101,0.9855,cycling,cycling,1,GREEN
101_4202,101,0.987,cycling,cycling,1,GREEN
101_4203,101,0.9829,cycling,cycling,1,GREEN
101_4204,101,0.9828,cycling,cycling,1,GREEN
101_4205,101,0.9749,cycling,cycling,1,GREEN
101_4206,101,0.9429,cycling,cycling,1,GREEN
101_4207,101,0.9855,cycling,cycling,1,GREEN
101_4208,101,0.9865,cycling,cycling,1,GREEN
101_4209,101,0.9891,cycling,cycling,1,GREEN
101_4210,101,0.9801,cycling,cycling,1,GREEN
101_4211,101,0.9502,cycling,cycling,1,GREEN
101_4212,101,0.9702,cycling,cycling,1,GREEN
101_4213,101,0.9816,cycling,cycling,1,GREEN
101_4214,101,0.9703,cycling,cycling,1,GREEN
101_4215,101,0.9735,cycling,cycling,1,GREEN
101_4216,101,0.9863,cycling,cycling,1,GREEN
101_4217,101,0.9701,cycling,cycling,1,GREEN
101_4218,101,0.975,cycling,cycling,1,GREEN
101_4219,101,0.9903,cycling,cycling,1,GREEN
101_4220,101,0.9933,cycling,cycling,1,GREEN
101_4221,101,0.9957,cycling,cycling,1,GREEN
101_4222,101,0.9873,cycling,cycling,1,GREEN
101_4223,101,0.9902,cycling,cycling,1,GREEN
101_4224,101,1.0,cycling,cycling,1,GREEN
101_4225,101,0.9986,cycling,cycling,1,GREEN
101_4226,101,1.0,cycling,cycling,1,GREEN
101_4227,101,0.993,cycling,cycling,1,GREEN
101_4228,101,0.9864,cycling,cycling,1,GREEN
101_4229,101,0.9873,cycling,cycling,1,GREEN
101_4230,101,0.9975,cycling,cycling,1,GREEN
101_4231,101,0.9972,cycling,cycling,1,GREEN
101_4232,101,1.0,cycling,cycling,1,GREEN
101_4233,101,1.0,cycling,cycling,1,GREEN
101_4234,101,1.0,cycling,cycling,1,GREEN
101_4235,101,0.9967,cycling,cycling,1,GREEN
101_4236,101,0.9967,cycling,cycling,1,GREEN
101_4237,101,0.9944,cycling,cycling,1,GREEN
101_4238,101,0.9963,cycling,cycling,1,GREEN
101_4239,101,1.0,cycling,cycling,1,GREEN
101_4240,101,0.9985,cycling,cycling,1,GREEN
101_4241,101,0.9942,cycling,cycling,1,GREEN
101_4242,101,0.9864,cycling,cycling,1,GREEN
101_4243,101,0.9988,cycling,cycling,1,GREEN
101_4244,101,0.9993,cycling,cycling,1,GREEN
101_4245,101,0.9988,cycling,cycling,1,GREEN
101_4246,101,0.9994,cycling,cycling,1,GREEN
101_4247,101,1.0,cycling,cycling,1,GREEN
101_4248,101,1.0,cycling,cycling,1,GREEN
101_4249,101,0.9967,cycling,cycling,1,GREEN
101_4250,101,0.9901,cycling,cycling,1,GREEN
101_4251,101,0.9969,cycling,cycling,1,GREEN
101_4252,101,0.9915,cycling,cycling,1,GREEN
101_4253,101,0.9808,cycling,cycling,1,GREEN
101_4254,101,0.9827,cycling,cycling,1,GREEN
101_4255,101,0.9618,cycling,cycling,1,GREEN
101_4256,101,0.9637,cycling,cycling,1,GREEN
101_4257,101,0.8649,cycling,cycling,1,GREEN
101_4258,101,0.7855,cycling,cycling,1,GREEN
101_4259,101,0.4477,cycling,cycling,1,RED
101_4260,101,0.4284,ironing,cycling,0,RED
101_4261,101,0.3544,ironing,cycling,0,RED
101_4262,101,0.3193,ironing,cycling,0,RED
101_4263,101,0.3025,ironing,cycling,0,RED
101_4264,101,0.3093,lying,cycling,0,RED
101_4265,101,0.3206,lying,cycling,0,RED
101_4266,101,0.4854,lying,cycling,0,YELLOW
101_4267,101,0.4392,lying,cycling,0,RED
101_4268,101,0.4717,lying,cycling,0,YELLOW
101_4269,101,0.2796,ironing,cycling,0,RED
101_4270,101,0.3155,nordic_walk,running,0,RED
101_4271,101,0.4007,vacuuming,running,0,RED
101_4272,101,0.521,vacuuming,running,0,YELLOW
101_4273,101,0.4507,vacuuming,running,0,YELLOW
101_4274,101,0.3334,vacuuming,running,0,RED
101_4275,101,0.3583,nordic_walk,running,0,RED
101_4276,101,0.327,vacuuming,running,0,RED
101_4277,101,0.4216,vacuuming,running,0,RED
101_4278,101,0.4053,vacuuming,running,0,RED
101_4279,101,0.3392,vacuuming,running,0,RED
101_4280,101,0.3255,ironing,running,0,RED
101_4281,101,0.3654,ironing,running,0,RED
101_4282,101,0.2974,vacuuming,running,0,RED
101_4283,101,0.2661,vacuuming,running,0,RED
101_4284,101,0.3017,vacuuming,running,0,RED
101_4285,101,0.7385,vacuuming,running,0,YELLOW
101_4286,101,0.5774,vacuuming,running,0,YELLOW
101_4287,101,0.8503,stairs_up,running,0,GREEN
101_4288,101,0.7814,stairs_up,running,0,GREEN
101_4289,101,0.5164,running,running,1,YELLOW
101_4290,101,0.9812,running,running,1,GREEN
101_4291,101,0.9886,running,running,1,GREEN
101_4292,101,0.9954,running,running,1,GREEN
101_4293,101,0.9875,running,running,1,GREEN
101_4294,101,0.9871,running,running,1,GREEN
101_4295,101,0.9983,running,running,1,GREEN
101_4296,101,0.9959,running,running,1,GREEN
101_4297,101,0.9899,running,running,1,GREEN
101_4298,101,0.9875,running,running,1,GREEN
101_4299,101,0.9816,running,running,1,GREEN
101_4300,101,0.9933,running,running,1,GREEN
101_4301,101,0.9938,running,running,1,GREEN
101_4302,101,0.9839,running,running,1,GREEN
101_4303,101,0.9863,running,running,1,GREEN
101_4304,101,0.9848,running,running,1,GREEN
101_4305,101,0.9939,running,running,1,GREEN
101_4306,101,0.9955,running,running,1,GREEN
101_4307,101,0.9818,running,running,1,GREEN
101_4308,101,0.9898,running,running,1,GREEN
101_4309,101,0.9915,running,running,1,GREEN
101_4310,101,0.9857,running,running,1,GREEN
101_4311,101,0.9919,running,running,1,GREEN
101_4312,101,0.9925,running,running,1,GREEN
101_4313,101,0.9881,running,running,1,GREEN
101_4314,101,0.9807,running,running,1,GREEN
101_4315,101,0.995,running,running,1,GREEN
101_4316,101,0.959,running,running,1,GREEN
101_4317,101,0.9918,running,running,1,GREEN
101_4318,101,0.988,running,running,1,GREEN
101_4319,101,0.9918,running,running,1,GREEN
101_4320,101,0.9893,running,running,1,GREEN
101_4321,101,0.9824,running,running,1,GREEN
101_4322,101,0.9919,running,running,1,GREEN
101_4323,101,0.9891,running,running,1,GREEN
101_4324,101,0.9864,running,running,1,GREEN
101_4325,101,0.9873,running,running,1,GREEN
101_4326,101,0.9936,running,running,1,GREEN
101_4327,101,0.9936,running,running,1,GREEN
101_4328,101,0.9861,running,running,1,GREEN
101_4329,101,0.9902,running,running,1,GREEN
101_4330,101,0.9922,running,running,1,GREEN
101_4331,101,0.9955,running,running,1,GREEN
101_4332,101,0.994,running,running,1,GREEN
101_4333,101,0.9969,running,running,1,GREEN
101_4334,101,0.997,running,running,1,GREEN
101_4335,101,0.9955,running,running,1,GREEN
101_4336,101,0.9926,running,running,1,GREEN
101_4337,101,0.9925,running,running,1,GREEN
101_4338,101,0.9932,running,running,1,GREEN
101_4339,101,0.9955,running,running,1,GREEN
101_4340,101,0.9889,running,running,1,GREEN
101_4341,101,0.9922,running,running,1,GREEN
101_4342,101,0.9864,running,running,1,GREEN
101_4343,101,0.9954,running,running,1,GREEN
101_4344,101,0.9932,running,running,1,GREEN
101_4345,101,0.9925,running,running,1,GREEN
101_4346,101,0.9962,running,running,1,GREEN
101_4347,101,0.994,running,running,1,GREEN
101_4348,101,0.991,running,running,1,GREEN
101_4349,101,0.9949,running,running,1,GREEN
101_4350,101,0.9963,running,running,1,GREEN
101_4351,101,0.9971,running,running,1,GREEN
101_4352,101,0.9953,running,running,1,GREEN
101_4353,101,0.9803,running,running,1,GREEN
101_4354,101,0.9848,running,running,1,GREEN
101_4355,101,0.9917,running,running,1,GREEN
101_4356,101,0.9979,running,running,1,GREEN
101_4357,101,0.9929,running,running,1,GREEN
101_4358,101,0.9805,running,running,1,GREEN
101_4359,101,0.9917,running,running,1,GREEN
101_4360,101,0.9841,running,running,1,GREEN
101_4361,101,0.9911,running,running,1,GREEN
101_4362,101,0.9895,running,running,1,GREEN
101_4363,101,0.9758,running,running,1,GREEN
101_4364,101,0.9911,running,running,1,GREEN
101_4365,101,0.9543,running,running,1,GREEN
101_4366,101,0.9877,running,running,1,GREEN
101_4367,101,0.9882,running,running,1,GREEN
101_4368,101,0.9773,running,running,1,GREEN
101_4369,101,0.9876,running,running,1,GREEN
101_4370,101,0.9818,running,running,1,GREEN
101_4371,101,0.9871,running,running,1,GREEN
101_4372,101,0.9905,running,running,1,GREEN
101_4373,101,0.9882,running,running,1,GREEN
101_4374,101,0.9963,running,running,1,GREEN
101_4375,101,0.9957,running,running,1,GREEN
101_4376,101,0.9838,running,running,1,GREEN
101_4377,101,0.9928,running,running,1,GREEN
101_4378,101,0.9841,running,running,1,GREEN
101_4379,101,0.9917,running,running,1,GREEN
101_4380,101,0.981,running,running,1,GREEN
101_4381,101,0.9965,running,running,1,GREEN
101_4382,101,0.9962,running,running,1,GREEN
101_4383,101,0.998,running,running,1,GREEN
101_4384,101,0.9904,running,running,1,GREEN
101_4385,101,0.9941,running,running,1,GREEN
101_4386,101,0.9984,running,running,1,GREEN
101_4387,101,0.9962,running,running,1,GREEN
101_4388,101,0.997,running,running,1,GREEN
101_4389,101,0.995,running,running,1,GREEN
101_4390,101,0.9979,running,running,1,GREEN
101_4391,101,0.9955,running,running,1,GREEN
101_4392,101,0.986,running,running,1,GREEN
101_4393,101,0.9977,running,running,1,GREEN
101_4394,101,0.9966,running,running,1,GREEN
101_4395,101,0.9985,running,running,1,GREEN
101_4396,101,0.9999,running,running,1,GREEN
101_4397,101,0.9985,running,running,1,GREEN
101_4398,101,0.9951,running,running,1,GREEN
101_4399,101,0.9925,running,running,1,GREEN
101_4400,101,0.9839,running,running,1,GREEN
101_4401,101,0.9888,running,running,1,GREEN
101_4402,101,0.998,running,running,1,GREEN
101_4403,101,1.0,running,running,1,GREEN
101_4404,101,0.9994,running,running,1,GREEN
101_4405,101,0.9993,running,running,1,GREEN
101_4406,101,0.9999,running,running,1,GREEN
101_4407,101,0.9999,running,running,1,GREEN
101_4408,101,0.9957,running,running,1,GREEN
101_4409,101,0.9985,running,running,1,GREEN
101_4410,101,0.994,running,running,1,GREEN
101_4411,101,0.9979,running,running,1,GREEN
101_4412,101,0.9984,running,running,1,GREEN
101_4413,101,0.9942,running,running,1,GREEN
101_4414,101,0.9984,running,running,1,GREEN
101_4415,101,0.9934,running,running,1,GREEN
101_4416,101,0.7623,running,running,1,GREEN
101_4417,101,0.8317,running,running,1,GREEN
101_4418,101,0.9985,running,running,1,GREEN
101_4419,101,0.9974,running,running,1,GREEN
101_4420,101,0.9999,running,running,1,GREEN
101_4421,101,0.9916,running,running,1,GREEN
101_4422,101,0.9993,running,running,1,GREEN
101_4423,101,0.9978,running,running,1,GREEN
101_4424,101,0.997,running,running,1,GREEN
101_4425,101,0.9928,running,running,1,GREEN
101_4426,101,0.9909,running,running,1,GREEN
101_4427,101,0.991,running,running,1,GREEN
101_4428,101,0.9913,running,running,1,GREEN
101_4429,101,0.9867,running,running,1,GREEN
101_4430,101,0.9993,running,running,1,GREEN
101_4431,101,0.9999,running,running,1,GREEN
101_4432,101,0.9978,running,running,1,GREEN
101_4433,101,0.9962,running,running,1,GREEN
101_4434,101,0.9813,running,running,1,GREEN
101_4435,101,0.9985,running,running,1,GREEN
101_4436,101,0.9993,running,running,1,GREEN
101_4437,101,0.9904,running,running,1,GREEN
101_4438,101,0.9978,running,running,1,GREEN
101_4439,101,0.9949,running,running,1,GREEN
101_4440,101,0.9978,running,running,1,GREEN
101_4441,101,0.9963,running,running,1,GREEN
101_4442,101,0.9932,running,running,1,GREEN
101_4443,101,0.9928,running,running,1,GREEN
101_4444,101,0.9967,running,running,1,GREEN
101_4445,101,0.9967,running,running,1,GREEN
101_4446,101,0.9985,running,running,1,GREEN
101_4447,101,0.9857,running,running,1,GREEN
101_4448,101,0.9925,running,running,1,GREEN
101_4449,101,0.9977,running,running,1,GREEN
101_4450,101,0.9942,running,running,1,GREEN
101_4451,101,0.9954,running,running,1,GREEN
101_4452,101,0.9923,running,running,1,GREEN
101_4453,101,0.9999,running,running,1,GREEN
101_4454,101,0.9999,running,running,1,GREEN
101_4455,101,0.9964,running,running,1,GREEN
101_4456,101,0.9978,running,running,1,GREEN
101_4457,101,0.9945,running,running,1,GREEN
101_4458,101,0.9954,running,running,1,GREEN
101_4459,101,0.9984,running,running,1,GREEN
101_4460,101,0.9934,running,running,1,GREEN
101_4461,101,0.9964,running,running,1,GREEN
101_4462,101,0.9964,running,running,1,GREEN
101_4463,101,0.9984,running,running,1,GREEN
101_4464,101,0.9955,running,running,1,GREEN
101_4465,101,0.9985,running,running,1,GREEN
101_4466,101,0.9978,running,running,1,GREEN
101_4467,101,0.9979,running,running,1,GREEN
101_4468,101,0.9963,running,running,1,GREEN
101_4469,101,0.9964,running,running,1,GREEN
101_4470,101,0.9956,running,running,1,GREEN
101_4471,101,0.9963,running,running,1,GREEN
101_4472,101,0.9978,running,running,1,GREEN
101_4473,101,0.9985,running,running,1,GREEN
101_4474,101,0.9969,running,running,1,GREEN
101_4475,101,0.9963,running,running,1,GREEN
101_4476,101,0.9962,running,running,1,GREEN
101_4477,101,0.9901,running,running,1,GREEN
101_4478,101,0.9984,running,running,1,GREEN
101_4479,101,0.9977,running,running,1,GREEN
101_4480,101,0.9881,running,running,1,GREEN
101_4481,101,0.9969,running,running,1,GREEN
101_4482,101,0.9962,running,running,1,GREEN
101_4483,101,0.9886,running,running,1,GREEN
101_4484,101,0.9963,running,running,1,GREEN
101_4485,101,0.9979,running,running,1,GREEN
101_4486,101,0.9949,running,running,1,GREEN
101_4487,101,0.9985,running,running,1,GREEN
101_4488,101,0.9977,running,running,1,GREEN
101_4489,101,0.9965,running,running,1,GREEN
101_4490,101,0.9977,running,running,1,GREEN
101_4491,101,0.9968,running,running,1,GREEN
101_4492,101,0.9977,running,running,1,GREEN
101_4493,101,0.9979,running,running,1,GREEN
101_4494,101,0.9978,running,running,1,GREEN
101_4495,101,0.9941,running,running,1,GREEN
101_4496,101,0.9949,running,running,1,GREEN
101_4497,101,0.9956,running,running,1,GREEN
101_4498,101,0.9964,running,running,1,GREEN
101_4499,101,0.9963,running,running,1,GREEN
101_4500,101,0.9979,running,running,1,GREEN
101_4501,101,0.9939,running,running,1,GREEN
101_4502,101,0.997,running,running,1,GREEN
101_4503,101,0.9977,running,running,1,GREEN
101_4504,101,0.9958,running,running,1,GREEN
101_4505,101,0.9969,running,running,1,GREEN
101_4506,101,0.997,running,running,1,GREEN
101_4507,101,0.992,running,running,1,GREEN
101_4508,101,0.9984,running,running,1,GREEN
101_4509,101,0.997,running,running,1,GREEN
101_4510,101,0.9985,running,running,1,GREEN
101_4511,101,0.9956,running,running,1,GREEN
101_4512,101,0.9934,running,running,1,GREEN
101_4513,101,0.9963,running,running,1,GREEN
101_4514,101,0.9955,running,running,1,GREEN
101_4515,101,0.9912,running,running,1,GREEN
101_4516,101,0.997,running,running,1,GREEN
101_4517,101,0.9985,running,running,1,GREEN
101_4518,101,0.9913,running,running,1,GREEN
101_4519,101,0.9969,running,running,1,GREEN
101_4520,101,0.9931,running,running,1,GREEN
101_4521,101,0.9935,running,running,1,GREEN
101_4522,101,0.9799,running,running,1,GREEN
101_4523,101,0.9894,running,running,1,GREEN
101_4524,101,0.9938,running,running,1,GREEN
101_4525,101,0.9933,running,running,1,GREEN
101_4526,101,0.9934,running,running,1,GREEN
101_4527,101,0.9963,running,running,1,GREEN
101_4528,101,0.9948,running,running,1,GREEN
101_4529,101,0.9978,running,running,1,GREEN
101_4530,101,0.9947,running,running,1,GREEN
101_4531,101,0.9907,running,running,1,GREEN
101_4532,101,0.991,running,running,1,GREEN
101_4533,101,0.9278,running,running,1,GREEN
101_4534,101,0.7687,running,running,1,GREEN
101_4535,101,0.9919,running,running,1,GREEN
101_4536,101,0.9926,running,running,1,GREEN
101_4537,101,0.9919,running,running,1,GREEN
101_4538,101,0.9933,running,running,1,GREEN
101_4539,101,0.9962,running,running,1,GREEN
101_4540,101,0.9969,running,running,1,GREEN
101_4541,101,0.8902,running,running,1,GREEN
101_4542,101,0.8538,running,running,1,GREEN
101_4543,101,0.9226,running,running,1,GREEN
101_4544,101,0.9961,running,running,1,GREEN
101_4545,101,0.9938,running,running,1,GREEN
101_4546,101,0.9954,running,running,1,GREEN
101_4547,101,0.9904,running,running,1,GREEN
101_4548,101,0.9942,running,running,1,GREEN
101_4549,101,0.9971,running,running,1,GREEN
101_4550,101,0.9999,running,running,1,GREEN
101_4551,101,0.9954,running,running,1,GREEN
101_4552,101,0.9978,running,running,1,GREEN
101_4553,101,0.9984,running,running,1,GREEN
101_4554,101,0.9962,running,running,1,GREEN
101_4555,101,0.9994,running,running,1,GREEN
101_4556,101,0.9978,running,running,1,GREEN
101_4557,101,0.9985,running,running,1,GREEN
101_4558,101,0.9984,running,running,1,GREEN
101_4559,101,0.9984,running,running,1,GREEN
101_4560,101,0.9985,running,running,1,GREEN
101_4561,101,0.9963,running,running,1,GREEN
101_4562,101,0.9979,running,running,1,GREEN
101_4563,101,0.9985,running,running,1,GREEN
101_4564,101,0.9932,running,running,1,GREEN
101_4565,101,0.9947,running,running,1,GREEN
101_4566,101,0.9263,running,running,1,GREEN
101_4567,101,0.7665,running,running,1,GREEN
101_4568,101,0.7664,running,running,1,GREEN
101_4569,101,0.9999,running,running,1,GREEN
101_4570,101,0.9978,running,running,1,GREEN
101_4571,101,0.9984,running,running,1,GREEN
101_4572,101,0.9999,running,running,1,GREEN
101_4573,101,0.9999,running,running,1,GREEN
101_4574,101,0.9977,running,running,1,GREEN
101_4575,101,0.9948,running,running,1,GREEN
101_4576,101,0.9908,running,running,1,GREEN
101_4577,101,0.991,running,running,1,GREEN
101_4578,101,0.9985,running,running,1,GREEN
101_4579,101,0.9985,running,running,1,GREEN
101_4580,101,0.9999,running,running,1,GREEN
101_4581,101,0.9993,running,running,1,GREEN
101_4582,101,0.9993,running,running,1,GREEN
101_4583,101,0.9979,running,running,1,GREEN
101_4584,101,0.9974,running,running,1,GREEN
101_4585,101,0.9974,running,running,1,GREEN
101_4586,101,0.9946,running,running,1,GREEN
101_4587,101,0.997,running,running,1,GREEN
101_4588,101,0.9983,running,running,1,GREEN
101_4589,101,0.9897,running,running,1,GREEN
101_4590,101,0.9978,running,running,1,GREEN
101_4591,101,0.9948,running,running,1,GREEN
101_4592,101,0.9984,running,running,1,GREEN
101_4593,101,0.9953,running,running,1,GREEN
101_4594,101,0.9912,running,running,1,GREEN
101_4595,101,0.9891,running,running,1,GREEN
101_4596,101,0.9896,running,running,1,GREEN
101_4597,101,0.9908,running,running,1,GREEN
101_4598,101,0.9969,running,running,1,GREEN
101_4599,101,0.9932,running,running,1,GREEN
101_4600,101,0.998,running,running,1,GREEN
101_4601,101,0.9985,running,running,1,GREEN
101_4602,101,0.994,running,running,1,GREEN
101_4603,101,0.9962,running,running,1,GREEN
101_4604,101,0.9978,running,running,1,GREEN
101_4605,101,0.9977,running,running,1,GREEN
101_4606,101,0.998,running,running,1,GREEN
101_4607,101,0.9964,running,running,1,GREEN
101_4608,101,0.9863,running,running,1,GREEN
101_4609,101,0.9978,running,running,1,GREEN
101_4610,101,0.9978,running,running,1,GREEN
101_4611,101,0.997,running,running,1,GREEN
101_4612,101,0.9978,running,running,1,GREEN
101_4613,101,0.9978,running,running,1,GREEN
101_4614,101,0.9958,running,running,1,GREEN
101_4615,101,0.9963,running,running,1,GREEN
101_4616,101,0.9979,running,running,1,GREEN
101_4617,101,0.9985,running,running,1,GREEN
101_4618,101,0.9985,running,running,1,GREEN
101_4619,101,0.9984,running,running,1,GREEN
101_4620,101,0.9984,running,running,1,GREEN
101_4621,101,0.9962,running,running,1,GREEN
101_4622,101,0.9919,running,running,1,GREEN
101_4623,101,0.9961,running,running,1,GREEN
101_4624,101,0.9978,running,running,1,GREEN
101_4625,101,0.9978,running,running,1,GREEN
101_4626,101,0.9985,running,running,1,GREEN
101_4627,101,0.9962,running,running,1,GREEN
101_4628,101,0.9937,running,running,1,GREEN
101_4629,101,0.9938,running,running,1,GREEN
101_4630,101,0.9922,running,running,1,GREEN
101_4631,101,0.9888,running,running,1,GREEN
101_4632,101,0.9963,running,running,1,GREEN
101_4633,101,0.9963,running,running,1,GREEN
101_4634,101,0.9984,running,running,1,GREEN
101_4635,101,0.9963,running,running,1,GREEN
101_4636,101,0.9978,running,running,1,GREEN
101_4637,101,0.9984,running,running,1,GREEN
101_4638,101,0.9973,running,running,1,GREEN
101_4639,101,0.9999,running,running,1,GREEN
101_4640,101,0.993,running,running,1,GREEN
101_4641,101,0.9982,running,running,1,GREEN
101_4642,101,0.9979,running,running,1,GREEN
101_4643,101,0.9993,running,running,1,GREEN
101_4644,101,0.9963,running,running,1,GREEN
101_4645,101,0.9999,running,running,1,GREEN
101_4646,101,0.9964,running,running,1,GREEN
101_4647,101,0.9971,running,running,1,GREEN
101_4648,101,0.9999,running,running,1,GREEN
101_4649,101,0.9999,running,running,1,GREEN
101_4650,101,0.9993,running,running,1,GREEN
101_4651,101,0.9979,running,running,1,GREEN
101_4652,101,0.9999,running,running,1,GREEN
101_4653,101,0.9977,running,running,1,GREEN
101_4654,101,0.9984,running,running,1,GREEN
101_4655,101,0.9979,running,running,1,GREEN
101_4656,101,0.9994,running,running,1,GREEN
101_4657,101,0.9995,running,running,1,GREEN
101_4658,101,0.9999,running,running,1,GREEN
101_4659,101,0.9999,running,running,1,GREEN
101_4660,101,0.9974,running,running,1,GREEN
101_4661,101,0.9995,running,running,1,GREEN
101_4662,101,0.9984,running,running,1,GREEN
101_4663,101,0.9962,running,running,1,GREEN
101_4664,101,0.9941,running,running,1,GREEN
101_4665,101,0.995,running,running,1,GREEN
101_4666,101,0.9972,running,running,1,GREEN
101_4667,101,0.9958,running,running,1,GREEN
101_4668,101,0.9943,running,running,1,GREEN
101_4669,101,0.9949,running,running,1,GREEN
101_4670,101,0.9036,running,running,1,GREEN
101_4671,101,0.6852,running,running,1,YELLOW
101_4672,101,0.334,running,running,1,RED
101_4673,101,0.188,running,running,1,RED
101_4674,101,0.3482,nordic_walk,running,0,RED
101_4675,101,0.3706,vacuuming,running,0,RED
101_4676,101,0.4956,vacuuming,running,0,YELLOW
101_4677,101,0.4669,vacuuming,running,0,YELLOW
101_4678,101,0.3738,vacuuming,running,0,RED
101_4679,101,0.2765,nordic_walk,running,0,RED
101_4680,101,0.2909,vacuuming,running,0,RED
101_4681,101,0.4123,nordic_walk,running,0,RED
102_0,102,0.3032,ironing,lying,0,RED
102_1,102,0.3304,standing,lying,0,RED
102_2,102,0.338,ironing,lying,0,RED
102_3,102,0.417,ironing,lying,0,RED
102_4,102,0.3655,ironing,lying,0,RED
102_5,102,0.2892,ironing,lying,0,RED
102_6,102,0.3662,ironing,lying,0,RED
102_7,102,0.4317,ironing,lying,0,RED
102_8,102,0.4787,ironing,lying,0,YELLOW
102_9,102,0.6364,ironing,lying,0,YELLOW
102_10,102,0.4392,ironing,lying,0,RED
102_11,102,0.2777,ironing,lying,0,RED
102_12,102,0.2989,ironing,lying,0,RED
102_13,102,0.4687,ironing,lying,0,YELLOW
102_14,102,0.4636,ironing,lying,0,YELLOW
102_15,102,0.8618,ironing,lying,0,GREEN
102_16,102,0.6612,ironing,lying,0,YELLOW
102_17,102,0.5249,stairs_up,lying,0,YELLOW
102_18,102,0.5309,vacuuming,lying,0,YELLOW
102_19,102,0.7953,vacuuming,lying,0,GREEN
102_20,102,0.6705,vacuuming,lying,0,YELLOW
102_21,102,0.4454,stairs_up,lying,0,RED
102_22,102,0.4725,lying,lying,1,YELLOW
102_23,102,0.4928,lying,lying,1,YELLOW
102_24,102,0.859,lying,lying,1,GREEN
102_25,102,0.8971,lying,lying,1,GREEN
102_26,102,0.8972,lying,lying,1,GREEN
102_27,102,0.8995,lying,lying,1,GREEN
102_28,102,0.8967,lying,lying,1,GREEN
102_29,102,0.8602,lying,lying,1,GREEN
102_30,102,0.8517,lying,lying,1,GREEN
102_31,102,0.8516,lying,lying,1,GREEN
102_32,102,0.8452,lying,lying,1,GREEN
102_33,102,0.8492,lying,lying,1,GREEN
102_34,102,0.8536,lying,lying,1,GREEN
102_35,102,0.8526,lying,lying,1,GREEN
102_36,102,0.8424,lying,lying,1,GREEN
102_37,102,0.8557,lying,lying,1,GREEN
102_38,102,0.8586,lying,lying,1,GREEN
102_39,102,0.8664,lying,lying,1,GREEN
102_40,102,0.8595,lying,lying,1,GREEN
102_41,102,0.8521,lying,lying,1,GREEN
102_42,102,0.8595,lying,lying,1,GREEN
102_43,102,0.8595,lying,lying,1,GREEN
102_44,102,0.8529,lying,lying,1,GREEN
102_45,102,0.8483,lying,lying,1,GREEN
102_46,102,0.8456,lying,lying,1,GREEN
102_47,102,0.8484,lying,lying,1,GREEN
102_48,102,0.8484,lying,lying,1,GREEN
102_49,102,0.8568,lying,lying,1,GREEN
102_50,102,0.8628,lying,lying,1,GREEN
102_51,102,0.8451,lying,lying,1,GREEN
102_52,102,0.8452,lying,lying,1,GREEN
102_53,102,0.8531,lying,lying,1,GREEN
102_54,102,0.8539,lying,lying,1,GREEN
102_55,102,0.8504,lying,lying,1,GREEN
102_56,102,0.8474,lying,lying,1,GREEN
102_57,102,0.8415,lying,lying,1,GREEN
102_58,102,0.8502,lying,lying,1,GREEN
102_59,102,0.8438,lying,lying,1,GREEN
102_60,102,0.8456,lying,lying,1,GREEN
102_61,102,0.8494,lying,lying,1,GREEN
102_62,102,0.843,lying,lying,1,GREEN
102_63,102,0.8482,lying,lying,1,GREEN
102_64,102,0.8467,lying,lying,1,GREEN
102_65,102,0.84,lying,lying,1,GREEN
102_66,102,0.8544,lying,lying,1,GREEN
102_67,102,0.8526,lying,lying,1,GREEN
102_68,102,0.8437,lying,lying,1,GREEN
102_69,102,0.846,lying,lying,1,GREEN
102_70,102,0.8487,lying,lying,1,GREEN
102_71,102,0.8529,lying,lying,1,GREEN
102_72,102,0.8542,lying,lying,1,GREEN
102_73,102,0.8582,lying,lying,1,GREEN
102_74,102,0.8646,lying,lying,1,GREEN
102_75,102,0.8638,lying,lying,1,GREEN
102_76,102,0.8809,lying,lying,1,GREEN
102_77,102,0.8818,lying,lying,1,GREEN
102_78,102,0.8654,lying,lying,1,GREEN
102_79,102,0.8504,lying,lying,1,GREEN
102_80,102,0.8516,lying,lying,1,GREEN
102_81,102,0.8502,lying,lying,1,GREEN
102_82,102,0.8502,lying,lying,1,GREEN
102_83,102,0.8521,lying,lying,1,GREEN
102_84,102,0.8472,lying,lying,1,GREEN
102_85,102,0.8546,lying,lying,1,GREEN
102_86,102,0.8561,lying,lying,1,GREEN
102_87,102,0.8531,lying,lying,1,GREEN
102_88,102,0.8516,lying,lying,1,GREEN
102_89,102,0.8437,lying,lying,1,GREEN
102_90,102,0.8511,lying,lying,1,GREEN
102_91,102,0.8526,lying,lying,1,GREEN
102_92,102,0.8546,lying,lying,1,GREEN
102_93,102,0.8531,lying,lying,1,GREEN
102_94,102,0.8583,lying,lying,1,GREEN
102_95,102,0.8583,lying,lying,1,GREEN
102_96,102,0.8465,lying,lying,1,GREEN
102_97,102,0.851,lying,lying,1,GREEN
102_98,102,0.8368,lying,lying,1,GREEN
102_99,102,0.8403,lying,lying,1,GREEN
102_100,102,0.8549,lying,lying,1,GREEN
102_101,102,0.8505,lying,lying,1,GREEN
102_102,102,0.8492,lying,lying,1,GREEN
102_103,102,0.8492,lying,lying,1,GREEN
102_104,102,0.8499,lying,lying,1,GREEN
102_105,102,0.8579,lying,lying,1,GREEN
102_106,102,0.8631,lying,lying,1,GREEN
102_107,102,0.8698,lying,lying,1,GREEN
102_108,102,0.8764,lying,lying,1,GREEN
102_109,102,0.8618,lying,lying,1,GREEN
102_110,102,0.8541,lying,lying,1,GREEN
102_111,102,0.8547,lying,lying,1,GREEN
102_112,102,0.8535,lying,lying,1,GREEN
102_113,102,0.8633,lying,lying,1,GREEN
102_114,102,0.8727,lying,lying,1,GREEN
102_115,102,0.8749,lying,lying,1,GREEN
102_116,102,0.8779,lying,lying,1,GREEN
102_117,102,0.8774,lying,lying,1,GREEN
102_118,102,0.893,lying,lying,1,GREEN
102_119,102,0.8812,lying,lying,1,GREEN
102_120,102,0.8565,lying,lying,1,GREEN
102_121,102,0.869,lying,lying,1,GREEN
102_122,102,0.8588,lying,lying,1,GREEN
102_123,102,0.8477,lying,lying,1,GREEN
102_124,102,0.8488,lying,lying,1,GREEN
102_125,102,0.844,lying,lying,1,GREEN
102_126,102,0.8506,lying,lying,1,GREEN
102_127,102,0.8413,lying,lying,1,GREEN
102_128,102,0.8492,lying,lying,1,GREEN
102_129,102,0.8511,lying,lying,1,GREEN
102_130,102,0.8482,lying,lying,1,GREEN
102_131,102,0.8452,lying,lying,1,GREEN
102_132,102,0.8405,lying,lying,1,GREEN
102_133,102,0.8522,lying,lying,1,GREEN
102_134,102,0.8657,lying,lying,1,GREEN
102_135,102,0.8656,lying,lying,1,GREEN
102_136,102,0.8557,lying,lying,1,GREEN
102_137,102,0.8576,lying,lying,1,GREEN
102_138,102,0.8551,lying,lying,1,GREEN
102_139,102,0.8581,lying,lying,1,GREEN
102_140,102,0.8521,lying,lying,1,GREEN
102_141,102,0.8521,lying,lying,1,GREEN
102_142,102,0.8492,lying,lying,1,GREEN
102_143,102,0.8492,lying,lying,1,GREEN
102_144,102,0.8581,lying,lying,1,GREEN
102_145,102,0.8546,lying,lying,1,GREEN
102_146,102,0.8581,lying,lying,1,GREEN
102_147,102,0.8602,lying,lying,1,GREEN
102_148,102,0.8552,lying,lying,1,GREEN
102_149,102,0.8561,lying,lying,1,GREEN
102_150,102,0.8558,lying,lying,1,GREEN
102_151,102,0.8619,lying,lying,1,GREEN
102_152,102,0.8621,lying,lying,1,GREEN
102_153,102,0.8581,lying,lying,1,GREEN
102_154,102,0.8651,lying,lying,1,GREEN
102_155,102,0.888,lying,lying,1,GREEN
102_156,102,0.9151,lying,lying,1,GREEN
102_157,102,0.9131,lying,lying,1,GREEN
102_158,102,0.8863,lying,lying,1,GREEN
102_159,102,0.8786,lying,lying,1,GREEN
102_160,102,0.8651,lying,lying,1,GREEN
102_161,102,0.8747,lying,lying,1,GREEN
102_162,102,0.8704,lying,lying,1,GREEN
102_163,102,0.8714,lying,lying,1,GREEN
102_164,102,0.8744,lying,lying,1,GREEN
102_165,102,0.8773,lying,lying,1,GREEN
102_166,102,0.8711,lying,lying,1,GREEN
102_167,102,0.8711,lying,lying,1,GREEN
102_168,102,0.8726,lying,lying,1,GREEN
102_169,102,0.8684,lying,lying,1,GREEN
102_170,102,0.8727,lying,lying,1,GREEN
102_171,102,0.8757,lying,lying,1,GREEN
102_172,102,0.8664,lying,lying,1,GREEN
102_173,102,0.8757,lying,lying,1,GREEN
102_174,102,0.8823,lying,lying,1,GREEN
102_175,102,0.8826,lying,lying,1,GREEN
102_176,102,0.8804,lying,lying,1,GREEN
102_177,102,0.8673,lying,lying,1,GREEN
102_178,102,0.8762,lying,lying,1,GREEN
102_179,102,0.8792,lying,lying,1,GREEN
102_180,102,0.8806,lying,lying,1,GREEN
102_181,102,0.8861,lying,lying,1,GREEN
102_182,102,0.9095,lying,lying,1,GREEN
102_183,102,0.8918,lying,lying,1,GREEN
102_184,102,0.8911,lying,lying,1,GREEN
102_185,102,0.9079,lying,lying,1,GREEN
102_186,102,0.9143,lying,lying,1,GREEN
102_187,102,0.9116,lying,lying,1,GREEN
102_188,102,0.911,lying,lying,1,GREEN
102_189,102,0.8934,lying,lying,1,GREEN
102_190,102,0.8843,lying,lying,1,GREEN
102_191,102,0.8829,lying,lying,1,GREEN
102_192,102,0.8909,lying,lying,1,GREEN
102_193,102,0.9111,lying,lying,1,GREEN
102_194,102,0.9044,lying,lying,1,GREEN
102_195,102,0.9073,lying,lying,1,GREEN
102_196,102,0.9176,lying,lying,1,GREEN
102_197,102,0.9196,lying,lying,1,GREEN
102_198,102,0.921,lying,lying,1,GREEN
102_199,102,0.9239,lying,lying,1,GREEN
102_200,102,0.9123,lying,lying,1,GREEN
102_201,102,0.8872,lying,lying,1,GREEN
102_202,102,0.9134,lying,lying,1,GREEN
102_203,102,0.9132,lying,lying,1,GREEN
102_204,102,0.8893,lying,lying,1,GREEN
102_205,102,0.8869,lying,lying,1,GREEN
102_206,102,0.8803,lying,lying,1,GREEN
102_207,102,0.8892,lying,lying,1,GREEN
102_208,102,0.9086,lying,lying,1,GREEN
102_209,102,0.9197,lying,lying,1,GREEN
102_210,102,0.8846,lying,lying,1,GREEN
102_211,102,0.8831,lying,lying,1,GREEN
102_212,102,0.924,lying,lying,1,GREEN
102_213,102,0.9255,lying,lying,1,GREEN
102_214,102,0.9203,lying,lying,1,GREEN
102_215,102,0.9359,lying,lying,1,GREEN
102_216,102,0.9237,lying,lying,1,GREEN
102_217,102,0.9195,lying,lying,1,GREEN
102_218,102,0.9218,lying,lying,1,GREEN
102_219,102,0.9222,lying,lying,1,GREEN
102_220,102,0.9244,lying,lying,1,GREEN
102_221,102,0.9183,lying,lying,1,GREEN
102_222,102,0.9159,lying,lying,1,GREEN
102_223,102,0.9259,lying,lying,1,GREEN
102_224,102,0.9166,lying,lying,1,GREEN
102_225,102,0.9173,lying,lying,1,GREEN
102_226,102,0.915,lying,lying,1,GREEN
102_227,102,0.9232,lying,lying,1,GREEN
102_228,102,0.9247,lying,lying,1,GREEN
102_229,102,0.9217,lying,lying,1,GREEN
102_230,102,0.9205,lying,lying,1,GREEN
102_231,102,0.9183,lying,lying,1,GREEN
102_232,102,0.9153,lying,lying,1,GREEN
102_233,102,0.9139,lying,lying,1,GREEN
102_234,102,0.9087,lying,lying,1,GREEN
102_235,102,0.899,lying,lying,1,GREEN
102_236,102,0.9146,lying,lying,1,GREEN
102_237,102,0.9131,lying,lying,1,GREEN
102_238,102,0.9104,lying,lying,1,GREEN
102_239,102,0.9153,lying,lying,1,GREEN
102_240,102,0.9175,lying,lying,1,GREEN
102_241,102,0.9289,lying,lying,1,GREEN
102_242,102,0.9275,lying,lying,1,GREEN
102_243,102,0.9216,lying,lying,1,GREEN
102_244,102,0.9126,lying,lying,1,GREEN
102_245,102,0.9171,lying,lying,1,GREEN
102_246,102,0.8967,lying,lying,1,GREEN
102_247,102,0.8945,lying,lying,1,GREEN
102_248,102,0.9134,lying,lying,1,GREEN
102_249,102,0.9139,lying,lying,1,GREEN
102_250,102,0.9124,lying,lying,1,GREEN
102_251,102,0.9139,lying,lying,1,GREEN
102_252,102,0.91,lying,lying,1,GREEN
102_253,102,0.9167,lying,lying,1,GREEN
102_254,102,0.9235,lying,lying,1,GREEN
102_255,102,0.925,lying,lying,1,GREEN
102_256,102,0.922,lying,lying,1,GREEN
102_257,102,0.9152,lying,lying,1,GREEN
102_258,102,0.9157,lying,lying,1,GREEN
102_259,102,0.9181,lying,lying,1,GREEN
102_260,102,0.9188,lying,lying,1,GREEN
102_261,102,0.921,lying,lying,1,GREEN
102_262,102,0.9247,lying,lying,1,GREEN
102_263,102,0.9151,lying,lying,1,GREEN
102_264,102,0.9062,lying,lying,1,GREEN
102_265,102,0.9111,lying,lying,1,GREEN
102_266,102,0.916,lying,lying,1,GREEN
102_267,102,0.9245,lying,lying,1,GREEN
102_268,102,0.9166,lying,lying,1,GREEN
102_269,102,0.921,lying,lying,1,GREEN
102_270,102,0.9158,lying,lying,1,GREEN
102_271,102,0.9203,lying,lying,1,GREEN
102_272,102,0.9232,lying,lying,1,GREEN
102_273,102,0.9247,lying,lying,1,GREEN
102_274,102,0.9196,lying,lying,1,GREEN
102_275,102,0.921,lying,lying,1,GREEN
102_276,102,0.9227,lying,lying,1,GREEN
102_277,102,0.9279,lying,lying,1,GREEN
102_278,102,0.9232,lying,lying,1,GREEN
102_279,102,0.9149,lying,lying,1,GREEN
102_280,102,0.9168,lying,lying,1,GREEN
102_281,102,0.922,lying,lying,1,GREEN
102_282,102,0.9239,lying,lying,1,GREEN
102_283,102,0.9254,lying,lying,1,GREEN
102_284,102,0.914,lying,lying,1,GREEN
102_285,102,0.9125,lying,lying,1,GREEN
102_286,102,0.9191,lying,lying,1,GREEN
102_287,102,0.919,lying,lying,1,GREEN
102_288,102,0.9193,lying,lying,1,GREEN
102_289,102,0.9168,lying,lying,1,GREEN
102_290,102,0.9226,lying,lying,1,GREEN
102_291,102,0.9172,lying,lying,1,GREEN
102_292,102,0.9211,lying,lying,1,GREEN
102_293,102,0.9225,lying,lying,1,GREEN
102_294,102,0.9245,lying,lying,1,GREEN
102_295,102,0.9217,lying,lying,1,GREEN
102_296,102,0.9225,lying,lying,1,GREEN
102_297,102,0.9161,lying,lying,1,GREEN
102_298,102,0.9146,lying,lying,1,GREEN
102_299,102,0.9189,lying,lying,1,GREEN
102_300,102,0.921,lying,lying,1,GREEN
102_301,102,0.9128,lying,lying,1,GREEN
102_302,102,0.9102,lying,lying,1,GREEN
102_303,102,0.9189,lying,lying,1,GREEN
102_304,102,0.9239,lying,lying,1,GREEN
102_305,102,0.9232,lying,lying,1,GREEN
102_306,102,0.9262,lying,lying,1,GREEN
102_307,102,0.9262,lying,lying,1,GREEN
102_308,102,0.9227,lying,lying,1,GREEN
102_309,102,0.9199,lying,lying,1,GREEN
102_310,102,0.9239,lying,lying,1,GREEN
102_311,102,0.9225,lying,lying,1,GREEN
102_312,102,0.9208,lying,lying,1,GREEN
102_313,102,0.9291,lying,lying,1,GREEN
102_314,102,0.9247,lying,lying,1,GREEN
102_315,102,0.9336,lying,lying,1,GREEN
102_316,102,0.9513,lying,lying,1,GREEN
102_317,102,0.9373,lying,lying,1,GREEN
102_318,102,0.9248,lying,lying,1,GREEN
102_319,102,0.9195,lying,lying,1,GREEN
102_320,102,0.9113,lying,lying,1,GREEN
102_321,102,0.9173,lying,lying,1,GREEN
102_322,102,0.9165,lying,lying,1,GREEN
102_323,102,0.9158,lying,lying,1,GREEN
102_324,102,0.9217,lying,lying,1,GREEN
102_325,102,0.9227,lying,lying,1,GREEN
102_326,102,0.9232,lying,lying,1,GREEN
102_327,102,0.919,lying,lying,1,GREEN
102_328,102,0.9216,lying,lying,1,GREEN
102_329,102,0.9272,lying,lying,1,GREEN
102_330,102,0.9279,lying,lying,1,GREEN
102_331,102,0.9262,lying,lying,1,GREEN
102_332,102,0.9187,lying,lying,1,GREEN
102_333,102,0.9217,lying,lying,1,GREEN
102_334,102,0.9271,lying,lying,1,GREEN
102_335,102,0.9264,lying,lying,1,GREEN
102_336,102,0.925,lying,lying,1,GREEN
102_337,102,0.9232,lying,lying,1,GREEN
102_338,102,0.9247,lying,lying,1,GREEN
102_339,102,0.9276,lying,lying,1,GREEN
102_340,102,0.9254,lying,lying,1,GREEN
102_341,102,0.9239,lying,lying,1,GREEN
102_342,102,0.9247,lying,lying,1,GREEN
102_343,102,0.9276,lying,lying,1,GREEN
102_344,102,0.9217,lying,lying,1,GREEN
102_345,102,0.9205,lying,lying,1,GREEN
102_346,102,0.922,lying,lying,1,GREEN
102_347,102,0.9262,lying,lying,1,GREEN
102_348,102,0.9319,lying,lying,1,GREEN
102_349,102,0.8308,lying,lying,1,GREEN
102_350,102,0.8122,lying,lying,1,GREEN
102_351,102,0.9052,lying,lying,1,GREEN
102_352,102,0.9124,lying,lying,1,GREEN
102_353,102,0.9216,lying,lying,1,GREEN
102_354,102,0.9211,lying,lying,1,GREEN
102_355,102,0.9286,lying,lying,1,GREEN
102_356,102,0.9493,lying,lying,1,GREEN
102_357,102,0.9435,lying,lying,1,GREEN
102_358,102,0.9295,lying,lying,1,GREEN
102_359,102,0.9328,lying,lying,1,GREEN
102_360,102,0.9262,lying,lying,1,GREEN
102_361,102,0.9269,lying,lying,1,GREEN
102_362,102,0.9276,lying,lying,1,GREEN
102_363,102,0.9322,lying,lying,1,GREEN
102_364,102,0.9322,lying,lying,1,GREEN
102_365,102,0.9351,lying,lying,1,GREEN
102_366,102,0.9359,lying,lying,1,GREEN
102_367,102,0.9329,lying,lying,1,GREEN
102_368,102,0.9337,lying,lying,1,GREEN
102_369,102,0.9366,lying,lying,1,GREEN
102_370,102,0.9381,lying,lying,1,GREEN
102_371,102,0.9358,lying,lying,1,GREEN
102_372,102,0.935,lying,lying,1,GREEN
102_373,102,0.9328,lying,lying,1,GREEN
102_374,102,0.9306,lying,lying,1,GREEN
102_375,102,0.9284,lying,lying,1,GREEN
102_376,102,0.9262,lying,lying,1,GREEN
102_377,102,0.925,lying,lying,1,GREEN
102_378,102,0.9309,lying,lying,1,GREEN
102_379,102,0.9331,lying,lying,1,GREEN
102_380,102,0.9331,lying,lying,1,GREEN
102_381,102,0.9297,lying,lying,1,GREEN
102_382,102,0.9313,lying,lying,1,GREEN
102_383,102,0.9233,lying,lying,1,GREEN
102_384,102,0.9248,lying,lying,1,GREEN
102_385,102,0.9171,lying,lying,1,GREEN
102_386,102,0.9446,lying,lying,1,GREEN
102_387,102,0.945,lying,lying,1,GREEN
102_388,102,0.9279,lying,lying,1,GREEN
102_389,102,0.9272,lying,lying,1,GREEN
102_390,102,0.9302,lying,lying,1,GREEN
102_391,102,0.9297,lying,lying,1,GREEN
102_392,102,0.9311,lying,lying,1,GREEN
102_393,102,0.9313,lying,lying,1,GREEN
102_394,102,0.9232,lying,lying,1,GREEN
102_395,102,0.9284,lying,lying,1,GREEN
102_396,102,0.9417,lying,lying,1,GREEN
102_397,102,0.9358,lying,lying,1,GREEN
102_398,102,0.9402,lying,lying,1,GREEN
102_399,102,0.9399,lying,lying,1,GREEN
102_400,102,0.9454,lying,lying,1,GREEN
102_401,102,0.9417,lying,lying,1,GREEN
102_402,102,0.9242,lying,lying,1,GREEN
102_403,102,0.938,lying,lying,1,GREEN
102_404,102,0.938,lying,lying,1,GREEN
102_405,102,0.9649,lying,lying,1,GREEN
102_406,102,0.9582,lying,lying,1,GREEN
102_407,102,0.944,lying,lying,1,GREEN
102_408,102,0.9378,lying,lying,1,GREEN
102_409,102,0.9257,lying,lying,1,GREEN
102_410,102,0.9264,lying,lying,1,GREEN
102_411,102,0.8384,lying,lying,1,GREEN
102_412,102,0.8406,lying,lying,1,GREEN
102_413,102,0.9371,lying,lying,1,GREEN
102_414,102,0.9405,lying,lying,1,GREEN
102_415,102,0.9439,lying,lying,1,GREEN
102_416,102,0.9462,lying,lying,1,GREEN
102_417,102,0.9395,lying,lying,1,GREEN
102_418,102,0.9306,lying,lying,1,GREEN
102_419,102,0.9395,lying,lying,1,GREEN
102_420,102,0.9269,lying,lying,1,GREEN
102_421,102,0.9454,lying,lying,1,GREEN
102_422,102,0.9479,lying,lying,1,GREEN
102_423,102,0.9435,lying,lying,1,GREEN
102_424,102,0.9454,lying,lying,1,GREEN
102_425,102,0.9469,lying,lying,1,GREEN
102_426,102,0.9361,lying,lying,1,GREEN
102_427,102,0.9227,lying,lying,1,GREEN
102_428,102,0.9225,lying,lying,1,GREEN
102_429,102,0.9306,lying,lying,1,GREEN
102_430,102,0.9276,lying,lying,1,GREEN
102_431,102,0.9269,lying,lying,1,GREEN
102_432,102,0.9299,lying,lying,1,GREEN
102_433,102,0.9316,lying,lying,1,GREEN
102_434,102,0.9328,lying,lying,1,GREEN
102_435,102,0.9276,lying,lying,1,GREEN
102_436,102,0.9299,lying,lying,1,GREEN
102_437,102,0.9316,lying,lying,1,GREEN
102_438,102,0.9306,lying,lying,1,GREEN
102_439,102,0.921,lying,lying,1,GREEN
102_440,102,0.9242,lying,lying,1,GREEN
102_441,102,0.9316,lying,lying,1,GREEN
102_442,102,0.9346,lying,lying,1,GREEN
102_443,102,0.9266,lying,lying,1,GREEN
102_444,102,0.7769,lying,lying,1,GREEN
102_445,102,0.7901,lying,lying,1,GREEN
102_446,102,0.8639,lying,lying,1,GREEN
102_447,102,0.882,lying,lying,1,GREEN
102_448,102,0.8183,lying,lying,1,GREEN
102_449,102,0.9212,lying,lying,1,GREEN
102_450,102,0.8673,lying,lying,1,GREEN
102_451,102,0.771,lying,lying,1,GREEN
102_452,102,0.5991,lying,lying,1,YELLOW
102_453,102,0.5448,vacuuming,lying,0,YELLOW
102_454,102,0.4595,lying,lying,1,YELLOW
102_455,102,0.2716,vacuuming,lying,0,RED
102_456,102,0.21,vacuuming,lying,0,RED
102_457,102,0.1949,standing,lying,0,RED
102_458,102,0.2274,ironing,lying,0,RED
102_459,102,0.2141,standing,lying,0,RED
102_460,102,0.2949,standing,lying,0,RED
102_461,102,0.2647,lying,lying,1,RED
102_462,102,0.2474,lying,lying,1,RED
102_463,102,0.5117,lying,lying,1,YELLOW
102_464,102,0.4232,standing,sitting,0,RED
102_465,102,0.5183,standing,sitting,0,YELLOW
102_466,102,0.5027,standing,sitting,0,YELLOW
102_467,102,0.5091,standing,sitting,0,YELLOW
102_468,102,0.5513,standing,sitting,0,YELLOW
102_469,102,0.5133,standing,sitting,0,YELLOW
102_470,102,0.5613,standing,sitting,0,YELLOW
102_471,102,0.4614,standing,sitting,0,YELLOW
102_472,102,0.4826,standing,sitting,0,YELLOW
102_473,102,0.5114,standing,sitting,0,YELLOW
102_474,102,0.3621,standing,sitting,0,RED
102_475,102,0.3521,vacuuming,sitting,0,RED
102_476,102,0.4327,vacuuming,sitting,0,RED
102_477,102,0.3936,vacuuming,sitting,0,RED
102_478,102,0.3202,standing,sitting,0,RED
102_479,102,0.4923,sitting,sitting,1,YELLOW
102_480,102,0.6797,vacuuming,sitting,0,YELLOW
102_481,102,0.7893,vacuuming,sitting,0,GREEN
102_482,102,0.8732,vacuuming,sitting,0,GREEN
102_483,102,0.7122,vacuuming,sitting,0,YELLOW
102_484,102,0.712,vacuuming,sitting,0,YELLOW
102_485,102,0.5854,vacuuming,sitting,0,YELLOW
102_486,102,0.783,vacuuming,sitting,0,GREEN
102_487,102,0.7456,vacuuming,sitting,0,YELLOW
102_488,102,0.4072,vacuuming,sitting,0,RED
102_489,102,0.3216,sitting,sitting,1,RED
102_490,102,0.4041,sitting,sitting,1,RED
102_491,102,0.3426,sitting,sitting,1,RED
102_492,102,0.4703,sitting,sitting,1,YELLOW
102_493,102,0.6278,vacuuming,sitting,0,YELLOW
102_494,102,0.5389,vacuuming,sitting,0,YELLOW
102_495,102,0.7061,vacuuming,sitting,0,YELLOW
102_496,102,0.5545,vacuuming,sitting,0,YELLOW
102_497,102,0.3763,sitting,sitting,1,RED
102_498,102,0.4769,sitting,sitting,1,YELLOW
102_499,102,0.5826,sitting,sitting,1,YELLOW
102_500,102,0.572,sitting,sitting,1,YELLOW
102_501,102,0.4789,sitting,sitting,1,YELLOW
102_502,102,0.5536,sitting,sitting,1,YELLOW
102_503,102,0.5731,sitting,sitting,1,YELLOW
102_504,102,0.5848,sitting,sitting,1,YELLOW
102_505,102,0.5699,sitting,sitting,1,YELLOW
102_506,102,0.5943,sitting,sitting,1,YELLOW
102_507,102,0.5639,sitting,sitting,1,YELLOW
102_508,102,0.5284,sitting,sitting,1,YELLOW
102_509,102,0.507,sitting,sitting,1,YELLOW
102_510,102,0.5461,sitting,sitting,1,YELLOW
102_511,102,0.5537,sitting,sitting,1,YELLOW
102_512,102,0.6022,sitting,sitting,1,YELLOW
102_513,102,0.5289,sitting,sitting,1,YELLOW
102_514,102,0.4981,sitting,sitting,1,YELLOW
102_515,102,0.4605,sitting,sitting,1,YELLOW
102_516,102,0.5035,sitting,sitting,1,YELLOW
102_517,102,0.5244,sitting,sitting,1,YELLOW
102_518,102,0.4941,sitting,sitting,1,YELLOW
102_519,102,0.5043,sitting,sitting,1,YELLOW
102_520,102,0.4297,sitting,sitting,1,RED
102_521,102,0.4806,sitting,sitting,1,YELLOW
102_522,102,0.5095,sitting,sitting,1,YELLOW
102_523,102,0.4632,sitting,sitting,1,YELLOW
102_524,102,0.4711,sitting,sitting,1,YELLOW
102_525,102,0.4383,sitting,sitting,1,RED
102_526,102,0.3555,sitting,sitting,1,RED
102_527,102,0.4106,sitting,sitting,1,RED
102_528,102,0.407,sitting,sitting,1,RED
102_529,102,0.3222,sitting,sitting,1,RED
102_530,102,0.3427,sitting,sitting,1,RED
102_531,102,0.326,sitting,sitting,1,RED
102_532,102,0.3656,sitting,sitting,1,RED
102_533,102,0.4326,sitting,sitting,1,RED
102_534,102,0.4111,sitting,sitting,1,RED
102_535,102,0.4143,sitting,sitting,1,RED
102_536,102,0.3799,sitting,sitting,1,RED
102_537,102,0.4335,sitting,sitting,1,RED
102_538,102,0.3905,sitting,sitting,1,RED
102_539,102,0.3766,sitting,sitting,1,RED
102_540,102,0.4163,sitting,sitting,1,RED
102_541,102,0.4156,sitting,sitting,1,RED
102_542,102,0.4287,sitting,sitting,1,RED
102_543,102,0.4434,sitting,sitting,1,RED
102_544,102,0.4438,sitting,sitting,1,RED
102_545,102,0.4601,sitting,sitting,1,YELLOW
102_546,102,0.4503,sitting,sitting,1,YELLOW
102_547,102,0.413,sitting,sitting,1,RED
102_548,102,0.4265,sitting,sitting,1,RED
102_549,102,0.456,sitting,sitting,1,YELLOW
102_550,102,0.4651,sitting,sitting,1,YELLOW
102_551,102,0.446,sitting,sitting,1,RED
102_552,102,0.4356,sitting,sitting,1,RED
102_553,102,0.4404,sitting,sitting,1,RED
102_554,102,0.4585,sitting,sitting,1,YELLOW
102_555,102,0.4548,sitting,sitting,1,YELLOW
102_556,102,0.4552,sitting,sitting,1,YELLOW
102_557,102,0.4405,sitting,sitting,1,RED
102_558,102,0.4377,sitting,sitting,1,RED
102_559,102,0.3794,sitting,sitting,1,RED
102_560,102,0.4909,sitting,sitting,1,YELLOW
102_561,102,0.5572,sitting,sitting,1,YELLOW
102_562,102,0.5484,sitting,sitting,1,YELLOW
102_563,102,0.4959,sitting,sitting,1,YELLOW
102_564,102,0.2468,sitting,sitting,1,RED
102_565,102,0.4899,sitting,sitting,1,YELLOW
102_566,102,0.4497,sitting,sitting,1,RED
102_567,102,0.5011,sitting,sitting,1,YELLOW
102_568,102,0.4589,sitting,sitting,1,YELLOW
102_569,102,0.4969,sitting,sitting,1,YELLOW
102_570,102,0.5002,sitting,sitting,1,YELLOW
102_571,102,0.51,sitting,sitting,1,YELLOW
102_572,102,0.4143,sitting,sitting,1,RED
102_573,102,0.2849,sitting,sitting,1,RED
102_574,102,0.3139,sitting,sitting,1,RED
102_575,102,0.3662,sitting,sitting,1,RED
102_576,102,0.4356,sitting,sitting,1,RED
102_577,102,0.3774,sitting,sitting,1,RED
102_578,102,0.4355,sitting,sitting,1,RED
102_579,102,0.3956,sitting,sitting,1,RED
102_580,102,0.4637,sitting,sitting,1,YELLOW
102_581,102,0.5753,sitting,sitting,1,YELLOW
102_582,102,0.597,sitting,sitting,1,YELLOW
102_583,102,0.5906,sitting,sitting,1,YELLOW
102_584,102,0.5727,sitting,sitting,1,YELLOW
102_585,102,0.58,sitting,sitting,1,YELLOW
102_586,102,0.5887,sitting,sitting,1,YELLOW
102_587,102,0.5478,sitting,sitting,1,YELLOW
102_588,102,0.5409,sitting,sitting,1,YELLOW
102_589,102,0.4941,sitting,sitting,1,YELLOW
102_590,102,0.6117,sitting,sitting,1,YELLOW
102_591,102,0.5889,sitting,sitting,1,YELLOW
102_592,102,0.4887,sitting,sitting,1,YELLOW
102_593,102,0.4539,sitting,sitting,1,YELLOW
102_594,102,0.5097,sitting,sitting,1,YELLOW
102_595,102,0.6235,sitting,sitting,1,YELLOW
102_596,102,0.6164,sitting,sitting,1,YELLOW
102_597,102,0.4765,sitting,sitting,1,YELLOW
102_598,102,0.5269,sitting,sitting,1,YELLOW
102_599,102,0.5563,sitting,sitting,1,YELLOW
102_600,102,0.6612,sitting,sitting,1,YELLOW
102_601,102,0.6764,sitting,sitting,1,YELLOW
102_602,102,0.6137,sitting,sitting,1,YELLOW
102_603,102,0.6334,sitting,sitting,1,YELLOW
102_604,102,0.6442,sitting,sitting,1,YELLOW
102_605,102,0.6168,sitting,sitting,1,YELLOW
102_606,102,0.6005,sitting,sitting,1,YELLOW
102_607,102,0.564,sitting,sitting,1,YELLOW
102_608,102,0.6228,sitting,sitting,1,YELLOW
102_609,102,0.6477,sitting,sitting,1,YELLOW
102_610,102,0.6535,sitting,sitting,1,YELLOW
102_611,102,0.6377,sitting,sitting,1,YELLOW
102_612,102,0.62,sitting,sitting,1,YELLOW
102_613,102,0.6378,sitting,sitting,1,YELLOW
102_614,102,0.6342,sitting,sitting,1,YELLOW
102_615,102,0.6478,sitting,sitting,1,YELLOW
102_616,102,0.662,sitting,sitting,1,YELLOW
102_617,102,0.6564,sitting,sitting,1,YELLOW
102_618,102,0.6635,sitting,sitting,1,YELLOW
102_619,102,0.6569,sitting,sitting,1,YELLOW
102_620,102,0.6382,sitting,sitting,1,YELLOW
102_621,102,0.6437,sitting,sitting,1,YELLOW
102_622,102,0.6475,sitting,sitting,1,YELLOW
102_623,102,0.6568,sitting,sitting,1,YELLOW
102_624,102,0.6545,sitting,sitting,1,YELLOW
102_625,102,0.6558,sitting,sitting,1,YELLOW
102_626,102,0.6361,sitting,sitting,1,YELLOW
102_627,102,0.6377,sitting,sitting,1,YELLOW
102_628,102,0.6473,sitting,sitting,1,YELLOW
102_629,102,0.6476,sitting,sitting,1,YELLOW
102_630,102,0.6411,sitting,sitting,1,YELLOW
102_631,102,0.6402,sitting,sitting,1,YELLOW
102_632,102,0.6336,sitting,sitting,1,YELLOW
102_633,102,0.6351,sitting,sitting,1,YELLOW
102_634,102,0.6401,sitting,sitting,1,YELLOW
102_635,102,0.6143,sitting,sitting,1,YELLOW
102_636,102,0.6421,sitting,sitting,1,YELLOW
102_637,102,0.5752,sitting,sitting,1,YELLOW
102_638,102,0.6368,sitting,sitting,1,YELLOW
102_639,102,0.6206,sitting,sitting,1,YELLOW
102_640,102,0.6051,sitting,sitting,1,YELLOW
102_641,102,0.6431,sitting,sitting,1,YELLOW
102_642,102,0.6246,sitting,sitting,1,YELLOW
102_643,102,0.6165,sitting,sitting,1,YELLOW
102_644,102,0.6354,sitting,sitting,1,YELLOW
102_645,102,0.6246,sitting,sitting,1,YELLOW
102_646,102,0.6265,sitting,sitting,1,YELLOW
102_647,102,0.6247,sitting,sitting,1,YELLOW
102_648,102,0.64,sitting,sitting,1,YELLOW
102_649,102,0.6386,sitting,sitting,1,YELLOW
102_650,102,0.6259,sitting,sitting,1,YELLOW
102_651,102,0.614,sitting,sitting,1,YELLOW
102_652,102,0.6227,sitting,sitting,1,YELLOW
102_653,102,0.646,sitting,sitting,1,YELLOW
102_654,102,0.6271,sitting,sitting,1,YELLOW
102_655,102,0.6169,sitting,sitting,1,YELLOW
102_656,102,0.617,sitting,sitting,1,YELLOW
102_657,102,0.6146,sitting,sitting,1,YELLOW
102_658,102,0.5789,sitting,sitting,1,YELLOW
102_659,102,0.5935,sitting,sitting,1,YELLOW
102_660,102,0.5984,sitting,sitting,1,YELLOW
102_661,102,0.594,sitting,sitting,1,YELLOW
102_662,102,0.6081,sitting,sitting,1,YELLOW
102_663,102,0.6272,sitting,sitting,1,YELLOW
102_664,102,0.594,sitting,sitting,1,YELLOW
102_665,102,0.6085,sitting,sitting,1,YELLOW
102_666,102,0.6017,sitting,sitting,1,YELLOW
102_667,102,0.5964,sitting,sitting,1,YELLOW
102_668,102,0.6095,sitting,sitting,1,YELLOW
102_669,102,0.5941,sitting,sitting,1,YELLOW
102_670,102,0.6088,sitting,sitting,1,YELLOW
102_671,102,0.6175,sitting,sitting,1,YELLOW
102_672,102,0.621,sitting,sitting,1,YELLOW
102_673,102,0.6131,sitting,sitting,1,YELLOW
102_674,102,0.6099,sitting,sitting,1,YELLOW
102_675,102,0.6085,sitting,sitting,1,YELLOW
102_676,102,0.6135,sitting,sitting,1,YELLOW
102_677,102,0.5989,sitting,sitting,1,YELLOW
102_678,102,0.6035,sitting,sitting,1,YELLOW
102_679,102,0.6201,sitting,sitting,1,YELLOW
102_680,102,0.5748,sitting,sitting,1,YELLOW
102_681,102,0.5959,sitting,sitting,1,YELLOW
102_682,102,0.5854,sitting,sitting,1,YELLOW
102_683,102,0.5732,sitting,sitting,1,YELLOW
102_684,102,0.6256,sitting,sitting,1,YELLOW
102_685,102,0.6379,sitting,sitting,1,YELLOW
102_686,102,0.6146,sitting,sitting,1,YELLOW
102_687,102,0.6069,sitting,sitting,1,YELLOW
102_688,102,0.6053,sitting,sitting,1,YELLOW
102_689,102,0.5979,sitting,sitting,1,YELLOW
102_690,102,0.5818,sitting,sitting,1,YELLOW
102_691,102,0.595,sitting,sitting,1,YELLOW
102_692,102,0.5816,sitting,sitting,1,YELLOW
102_693,102,0.5866,sitting,sitting,1,YELLOW
102_694,102,0.5668,sitting,sitting,1,YELLOW
102_695,102,0.5654,sitting,sitting,1,YELLOW
102_696,102,0.5891,sitting,sitting,1,YELLOW
102_697,102,0.5665,sitting,sitting,1,YELLOW
102_698,102,0.5302,sitting,sitting,1,YELLOW
102_699,102,0.5799,sitting,sitting,1,YELLOW
102_700,102,0.5636,sitting,sitting,1,YELLOW
102_701,102,0.5803,sitting,sitting,1,YELLOW
102_702,102,0.588,sitting,sitting,1,YELLOW
102_703,102,0.5761,sitting,sitting,1,YELLOW
102_704,102,0.5591,sitting,sitting,1,YELLOW
102_705,102,0.5779,sitting,sitting,1,YELLOW
102_706,102,0.5899,sitting,sitting,1,YELLOW
102_707,102,0.5863,sitting,sitting,1,YELLOW
102_708,102,0.5822,sitting,sitting,1,YELLOW
102_709,102,0.5014,sitting,sitting,1,YELLOW
102_710,102,0.5613,sitting,sitting,1,YELLOW
102_711,102,0.5794,sitting,sitting,1,YELLOW
102_712,102,0.5917,sitting,sitting,1,YELLOW
102_713,102,0.5807,sitting,sitting,1,YELLOW
102_714,102,0.5805,sitting,sitting,1,YELLOW
102_715,102,0.5846,sitting,sitting,1,YELLOW
102_716,102,0.5771,sitting,sitting,1,YELLOW
102_717,102,0.5664,sitting,sitting,1,YELLOW
102_718,102,0.59,sitting,sitting,1,YELLOW
102_719,102,0.6081,sitting,sitting,1,YELLOW
102_720,102,0.6055,sitting,sitting,1,YELLOW
102_721,102,0.5392,sitting,sitting,1,YELLOW
102_722,102,0.5635,sitting,sitting,1,YELLOW
102_723,102,0.5315,sitting,sitting,1,YELLOW
102_724,102,0.5612,sitting,sitting,1,YELLOW
102_725,102,0.5667,sitting,sitting,1,YELLOW
102_726,102,0.5577,sitting,sitting,1,YELLOW
102_727,102,0.5673,sitting,sitting,1,YELLOW
102_728,102,0.5748,sitting,sitting,1,YELLOW
102_729,102,0.5727,sitting,sitting,1,YELLOW
102_730,102,0.5663,sitting,sitting,1,YELLOW
102_731,102,0.566,sitting,sitting,1,YELLOW
102_732,102,0.5836,sitting,sitting,1,YELLOW
102_733,102,0.5706,sitting,sitting,1,YELLOW
102_734,102,0.5806,sitting,sitting,1,YELLOW
102_735,102,0.5586,sitting,sitting,1,YELLOW
102_736,102,0.5757,sitting,sitting,1,YELLOW
102_737,102,0.5788,sitting,sitting,1,YELLOW
102_738,102,0.6238,sitting,sitting,1,YELLOW
102_739,102,0.6253,sitting,sitting,1,YELLOW
102_740,102,0.6225,sitting,sitting,1,YELLOW
102_741,102,0.6209,sitting,sitting,1,YELLOW
102_742,102,0.6162,sitting,sitting,1,YELLOW
102_743,102,0.6029,sitting,sitting,1,YELLOW
102_744,102,0.5914,sitting,sitting,1,YELLOW
102_745,102,0.5425,sitting,sitting,1,YELLOW
102_746,102,0.5975,sitting,sitting,1,YELLOW
102_747,102,0.6061,sitting,sitting,1,YELLOW
102_748,102,0.6178,sitting,sitting,1,YELLOW
102_749,102,0.6063,sitting,sitting,1,YELLOW
102_750,102,0.6128,sitting,sitting,1,YELLOW
102_751,102,0.5737,sitting,sitting,1,YELLOW
102_752,102,0.5818,sitting,sitting,1,YELLOW
102_753,102,0.5868,sitting,sitting,1,YELLOW
102_754,102,0.5676,sitting,sitting,1,YELLOW
102_755,102,0.5512,sitting,sitting,1,YELLOW
102_756,102,0.5804,sitting,sitting,1,YELLOW
102_757,102,0.5767,sitting,sitting,1,YELLOW
102_758,102,0.5736,sitting,sitting,1,YELLOW
102_759,102,0.5736,sitting,sitting,1,YELLOW
102_760,102,0.5759,sitting,sitting,1,YELLOW
102_761,102,0.5823,sitting,sitting,1,YELLOW
102_762,102,0.5861,sitting,sitting,1,YELLOW
102_763,102,0.5462,sitting,sitting,1,YELLOW
102_764,102,0.5769,sitting,sitting,1,YELLOW
102_765,102,0.5791,sitting,sitting,1,YELLOW
102_766,102,0.5476,sitting,sitting,1,YELLOW
102_767,102,0.5881,sitting,sitting,1,YELLOW
102_768,102,0.5822,sitting,sitting,1,YELLOW
102_769,102,0.5908,sitting,sitting,1,YELLOW
102_770,102,0.5968,sitting,sitting,1,YELLOW
102_771,102,0.5864,sitting,sitting,1,YELLOW
102_772,102,0.5869,sitting,sitting,1,YELLOW
102_773,102,0.5798,sitting,sitting,1,YELLOW
102_774,102,0.5746,sitting,sitting,1,YELLOW
102_775,102,0.5588,sitting,sitting,1,YELLOW
102_776,102,0.5476,sitting,sitting,1,YELLOW
102_777,102,0.5859,sitting,sitting,1,YELLOW
102_778,102,0.5933,sitting,sitting,1,YELLOW
102_779,102,0.5897,sitting,sitting,1,YELLOW
102_780,102,0.5953,sitting,sitting,1,YELLOW
102_781,102,0.5775,sitting,sitting,1,YELLOW
102_782,102,0.5844,sitting,sitting,1,YELLOW
102_783,102,0.5357,sitting,sitting,1,YELLOW
102_784,102,0.5389,sitting,sitting,1,YELLOW
102_785,102,0.6181,sitting,sitting,1,YELLOW
102_786,102,0.4927,sitting,sitting,1,YELLOW
102_787,102,0.4309,sitting,sitting,1,RED
102_788,102,0.2925,vacuuming,sitting,0,RED
102_789,102,0.3944,vacuuming,sitting,0,RED
102_790,102,0.2776,sitting,sitting,1,RED
102_791,102,0.4793,sitting,sitting,1,YELLOW
102_792,102,0.6807,sitting,sitting,1,YELLOW
102_793,102,0.7114,sitting,sitting,1,YELLOW
102_794,102,0.7354,sitting,sitting,1,YELLOW
102_795,102,0.7358,sitting,sitting,1,YELLOW
102_796,102,0.6027,sitting,sitting,1,YELLOW
102_797,102,0.606,sitting,sitting,1,YELLOW
102_798,102,0.5684,sitting,sitting,1,YELLOW
102_799,102,0.6981,sitting,sitting,1,YELLOW
102_800,102,0.7075,sitting,sitting,1,YELLOW
102_801,102,0.6281,sitting,sitting,1,YELLOW
102_802,102,0.4746,sitting,sitting,1,YELLOW
102_803,102,0.5143,sitting,sitting,1,YELLOW
102_804,102,0.3919,sitting,sitting,1,RED
102_805,102,0.3822,sitting,sitting,1,RED
102_806,102,0.35,sitting,sitting,1,RED
102_807,102,0.3007,sitting,sitting,1,RED
102_808,102,0.5289,sitting,sitting,1,YELLOW
102_809,102,0.5419,sitting,sitting,1,YELLOW
102_810,102,0.4628,sitting,sitting,1,YELLOW
102_811,102,0.5775,sitting,sitting,1,YELLOW
102_812,102,0.5713,sitting,sitting,1,YELLOW
102_813,102,0.5787,sitting,sitting,1,YELLOW
102_814,102,0.5629,sitting,sitting,1,YELLOW
102_815,102,0.4932,sitting,sitting,1,YELLOW
102_816,102,0.5881,sitting,sitting,1,YELLOW
102_817,102,0.62,sitting,sitting,1,YELLOW
102_818,102,0.5219,sitting,sitting,1,YELLOW
102_819,102,0.4304,sitting,sitting,1,RED
102_820,102,0.3157,sitting,sitting,1,RED
102_821,102,0.5561,sitting,sitting,1,YELLOW
102_822,102,0.5232,sitting,sitting,1,YELLOW
102_823,102,0.6918,sitting,sitting,1,YELLOW
102_824,102,0.6687,sitting,sitting,1,YELLOW
102_825,102,0.6366,sitting,sitting,1,YELLOW
102_826,102,0.7169,sitting,sitting,1,YELLOW
102_827,102,0.6896,sitting,sitting,1,YELLOW
102_828,102,0.55,sitting,sitting,1,YELLOW
102_829,102,0.4787,sitting,sitting,1,YELLOW
102_830,102,0.5947,sitting,sitting,1,YELLOW
102_831,102,0.6457,sitting,sitting,1,YELLOW
102_832,102,0.7185,sitting,sitting,1,YELLOW
102_833,102,0.7903,sitting,sitting,1,GREEN
102_834,102,0.7886,sitting,sitting,1,GREEN
102_835,102,0.7766,sitting,sitting,1,GREEN
102_836,102,0.7704,sitting,sitting,1,GREEN
102_837,102,0.7471,sitting,sitting,1,YELLOW
102_838,102,0.7589,sitting,sitting,1,GREEN
102_839,102,0.5344,sitting,sitting,1,YELLOW
102_840,102,0.3647,sitting,sitting,1,RED
102_841,102,0.3197,sitting,sitting,1,RED
102_842,102,0.2529,ironing,sitting,0,RED
102_843,102,0.2901,sitting,sitting,1,RED
102_844,102,0.3645,sitting,sitting,1,RED
102_845,102,0.3316,sitting,sitting,1,RED
102_846,102,0.4053,cycling,sitting,0,RED
102_847,102,0.3633,sitting,sitting,1,RED
102_848,102,0.2797,sitting,sitting,1,RED
102_849,102,0.3744,vacuuming,sitting,0,RED
102_850,102,0.3646,vacuuming,sitting,0,RED
102_851,102,0.3602,sitting,sitting,1,RED
102_852,102,0.571,sitting,sitting,1,YELLOW
102_853,102,0.368,sitting,sitting,1,RED
102_854,102,0.2855,vacuuming,sitting,0,RED
102_855,102,0.4013,vacuuming,sitting,0,RED
102_856,102,0.2898,vacuuming,sitting,0,RED
102_857,102,0.3898,sitting,sitting,1,RED
102_858,102,0.4559,sitting,sitting,1,YELLOW
102_859,102,0.4876,sitting,sitting,1,YELLOW
102_860,102,0.4916,sitting,sitting,1,YELLOW
102_861,102,0.4038,vacuuming,sitting,0,RED
102_862,102,0.4694,vacuuming,sitting,0,YELLOW
102_863,102,0.4014,vacuuming,sitting,0,RED
102_864,102,0.444,sitting,sitting,1,RED
102_865,102,0.5909,sitting,sitting,1,YELLOW
102_866,102,0.3566,sitting,sitting,1,RED
102_867,102,0.3455,vacuuming,sitting,0,RED
102_868,102,0.4613,vacuuming,sitting,0,YELLOW
102_869,102,0.2839,vacuuming,sitting,0,RED
102_870,102,0.3037,sitting,sitting,1,RED
102_871,102,0.3807,sitting,sitting,1,RED
102_872,102,0.4115,sitting,sitting,1,RED
102_873,102,0.4349,sitting,sitting,1,RED
102_874,102,0.1854,sitting,sitting,1,RED
102_875,102,0.2173,standing,sitting,0,RED
102_876,102,0.2645,standing,sitting,0,RED
102_877,102,0.3024,nordic_walk,sitting,0,RED
102_878,102,0.5261,sitting,sitting,1,YELLOW
102_879,102,0.4526,sitting,sitting,1,YELLOW
102_880,102,0.5384,sitting,sitting,1,YELLOW
102_881,102,0.4169,sitting,sitting,1,RED
102_882,102,0.4311,vacuuming,sitting,0,RED
102_883,102,0.2647,vacuuming,sitting,0,RED
102_884,102,0.2506,sitting,sitting,1,RED
102_885,102,0.4798,sitting,sitting,1,YELLOW
102_886,102,0.4709,sitting,sitting,1,YELLOW
102_887,102,0.5417,sitting,sitting,1,YELLOW
102_888,102,0.3887,sitting,sitting,1,RED
102_889,102,0.3366,sitting,sitting,1,RED
102_890,102,0.3611,sitting,sitting,1,RED
102_891,102,0.2638,stairs_down,sitting,0,RED
102_892,102,0.4821,vacuuming,sitting,0,YELLOW
102_893,102,0.6978,vacuuming,sitting,0,YELLOW
102_894,102,0.7665,vacuuming,sitting,0,GREEN
102_895,102,0.5661,vacuuming,sitting,0,YELLOW
102_896,102,0.4833,vacuuming,sitting,0,YELLOW
102_897,102,0.2737,vacuuming,sitting,0,RED
102_898,102,0.3438,stairs_down,sitting,0,RED
102_899,102,0.3528,standing,sitting,0,RED
102_900,102,0.4147,standing,sitting,0,RED
102_901,102,0.4519,standing,sitting,0,YELLOW
102_902,102,0.5775,standing,sitting,0,YELLOW
102_903,102,0.6858,standing,sitting,0,YELLOW
102_904,102,0.635,standing,sitting,0,YELLOW
102_905,102,0.5893,standing,sitting,0,YELLOW
102_906,102,0.4929,standing,sitting,0,YELLOW
102_907,102,0.5609,standing,sitting,0,YELLOW
102_908,102,0.5418,standing,sitting,0,YELLOW
102_909,102,0.4575,standing,standing,1,YELLOW
102_910,102,0.4924,standing,standing,1,YELLOW
102_911,102,0.4908,standing,standing,1,YELLOW
102_912,102,0.4382,standing,standing,1,RED
102_913,102,0.5554,standing,standing,1,YELLOW
102_914,102,0.6053,standing,standing,1,YELLOW
102_915,102,0.4949,standing,standing,1,YELLOW
102_916,102,0.5159,standing,standing,1,YELLOW
102_917,102,0.5261,standing,standing,1,YELLOW
102_918,102,0.4655,standing,standing,1,YELLOW
102_919,102,0.4493,standing,standing,1,RED
102_920,102,0.4716,standing,standing,1,YELLOW
102_921,102,0.5648,standing,standing,1,YELLOW
102_922,102,0.3967,standing,standing,1,RED
102_923,102,0.5527,vacuuming,standing,0,YELLOW
102_924,102,0.4347,vacuuming,standing,0,RED
102_925,102,0.462,vacuuming,standing,0,YELLOW
102_926,102,0.4188,vacuuming,standing,0,RED
102_927,102,0.3435,ironing,standing,0,RED
102_928,102,0.5792,standing,standing,1,YELLOW
102_929,102,0.5656,standing,standing,1,YELLOW
102_930,102,0.6027,standing,standing,1,YELLOW
102_931,102,0.5551,standing,standing,1,YELLOW
102_932,102,0.5255,standing,standing,1,YELLOW
102_933,102,0.5154,standing,standing,1,YELLOW
102_934,102,0.4445,standing,standing,1,RED
102_935,102,0.3996,standing,standing,1,RED
102_936,102,0.3606,vacuuming,standing,0,RED
102_937,102,0.5069,ironing,standing,0,YELLOW
102_938,102,0.5469,ironing,standing,0,YELLOW
102_939,102,0.4385,vacuuming,standing,0,RED
102_940,102,0.2947,ironing,standing,0,RED
102_941,102,0.455,ironing,standing,0,YELLOW
102_942,102,0.4799,ironing,standing,0,YELLOW
102_943,102,0.4396,ironing,standing,0,RED
102_944,102,0.5016,ironing,standing,0,YELLOW
102_945,102,0.6031,ironing,standing,0,YELLOW
102_946,102,0.5574,ironing,standing,0,YELLOW
102_947,102,0.4102,ironing,standing,0,RED
102_948,102,0.4472,standing,standing,1,RED
102_949,102,0.4745,standing,standing,1,YELLOW
102_950,102,0.4306,standing,standing,1,RED
102_951,102,0.451,standing,standing,1,YELLOW
102_952,102,0.3986,standing,standing,1,RED
102_953,102,0.3368,standing,standing,1,RED
102_954,102,0.4453,ironing,standing,0,RED
102_955,102,0.4738,ironing,standing,0,YELLOW
102_956,102,0.2565,standing,standing,1,RED
102_957,102,0.2945,standing,standing,1,RED
102_958,102,0.2963,standing,standing,1,RED
102_959,102,0.3624,standing,standing,1,RED
102_960,102,0.2437,ironing,standing,0,RED
102_961,102,0.2286,standing,standing,1,RED
102_962,102,0.2168,stairs_up,standing,0,RED
102_963,102,0.3323,ironing,standing,0,RED
102_964,102,0.2996,stairs_up,standing,0,RED
102_965,102,0.3117,ironing,standing,0,RED
102_966,102,0.4897,vacuuming,standing,0,YELLOW
102_967,102,0.3591,vacuuming,standing,0,RED
102_968,102,0.2519,stairs_up,standing,0,RED
102_969,102,0.3283,stairs_up,standing,0,RED
102_970,102,0.3511,standing,standing,1,RED
102_971,102,0.3638,standing,standing,1,RED
102_972,102,0.3812,standing,standing,1,RED
102_973,102,0.3611,standing,standing,1,RED
102_974,102,0.3108,standing,standing,1,RED
102_975,102,0.363,standing,standing,1,RED
102_976,102,0.3773,standing,standing,1,RED
102_977,102,0.3533,standing,standing,1,RED
102_978,102,0.3721,standing,standing,1,RED
102_979,102,0.3704,standing,standing,1,RED
102_980,102,0.354,standing,standing,1,RED
102_981,102,0.3374,standing,standing,1,RED
102_982,102,0.362,standing,standing,1,RED
102_983,102,0.3527,standing,standing,1,RED
102_984,102,0.3432,standing,standing,1,RED
102_985,102,0.3396,standing,standing,1,RED
102_986,102,0.3623,standing,standing,1,RED
102_987,102,0.3014,stairs_up,standing,0,RED
102_988,102,0.3275,standing,standing,1,RED
102_989,102,0.3582,standing,standing,1,RED
102_990,102,0.3734,standing,standing,1,RED
102_991,102,0.3399,standing,standing,1,RED
102_992,102,0.3723,standing,standing,1,RED
102_993,102,0.3106,standing,standing,1,RED
102_994,102,0.2947,standing,standing,1,RED
102_995,102,0.3535,standing,standing,1,RED
102_996,102,0.3529,standing,standing,1,RED
102_997,102,0.3739,standing,standing,1,RED
102_998,102,0.3631,standing,standing,1,RED
102_999,102,0.2997,standing,standing,1,RED
102_1000,102,0.326,standing,standing,1,RED
102_1001,102,0.3403,standing,standing,1,RED
102_1002,102,0.2727,standing,standing,1,RED
102_1003,102,0.2555,stairs_up,standing,0,RED
102_1004,102,0.3043,stairs_up,standing,0,RED
102_1005,102,0.3496,standing,standing,1,RED
102_1006,102,0.3673,standing,standing,1,RED
102_1007,102,0.3394,standing,standing,1,RED
102_1008,102,0.3134,standing,standing,1,RED
102_1009,102,0.332,standing,standing,1,RED
102_1010,102,0.2606,standing,standing,1,RED
102_1011,102,0.3229,standing,standing,1,RED
102_1012,102,0.2911,standing,standing,1,RED
102_1013,102,0.2381,stairs_up,standing,0,RED
102_1014,102,0.3569,standing,standing,1,RED
102_1015,102,0.2527,stairs_up,standing,0,RED
102_1016,102,0.2583,sitting,standing,0,RED
102_1017,102,0.29,stairs_up,standing,0,RED
102_1018,102,0.2916,standing,standing,1,RED
102_1019,102,0.2919,standing,standing,1,RED
102_1020,102,0.2748,standing,standing,1,RED
102_1021,102,0.2976,standing,standing,1,RED
102_1022,102,0.2935,standing,standing,1,RED
102_1023,102,0.3323,standing,standing,1,RED
102_1024,102,0.3064,standing,standing,1,RED
102_1025,102,0.3428,standing,standing,1,RED
102_1026,102,0.3457,standing,standing,1,RED
102_1027,102,0.3291,standing,standing,1,RED
102_1028,102,0.3138,standing,standing,1,RED
102_1029,102,0.3407,standing,standing,1,RED
102_1030,102,0.3051,standing,standing,1,RED
102_1031,102,0.3161,standing,standing,1,RED
102_1032,102,0.3507,standing,standing,1,RED
102_1033,102,0.2348,stairs_up,standing,0,RED
102_1034,102,0.2773,standing,standing,1,RED
102_1035,102,0.3683,standing,standing,1,RED
102_1036,102,0.367,standing,standing,1,RED
102_1037,102,0.3112,standing,standing,1,RED
102_1038,102,0.301,standing,standing,1,RED
102_1039,102,0.2899,stairs_up,standing,0,RED
102_1040,102,0.3241,standing,standing,1,RED
102_1041,102,0.3284,standing,standing,1,RED
102_1042,102,0.3633,standing,standing,1,RED
102_1043,102,0.3475,standing,standing,1,RED
102_1044,102,0.3095,standing,standing,1,RED
102_1045,102,0.3041,stairs_up,standing,0,RED
102_1046,102,0.3131,standing,standing,1,RED
102_1047,102,0.3334,standing,standing,1,RED
102_1048,102,0.3326,standing,standing,1,RED
102_1049,102,0.3067,standing,standing,1,RED
102_1050,102,0.3071,standing,standing,1,RED
102_1051,102,0.3162,standing,standing,1,RED
102_1052,102,0.2874,standing,standing,1,RED
102_1053,102,0.2711,stairs_up,standing,0,RED
102_1054,102,0.344,standing,standing,1,RED
102_1055,102,0.3762,standing,standing,1,RED
102_1056,102,0.3654,standing,standing,1,RED
102_1057,102,0.3365,standing,standing,1,RED
102_1058,102,0.2628,stairs_up,standing,0,RED
102_1059,102,0.2813,standing,standing,1,RED
102_1060,102,0.2949,standing,standing,1,RED
102_1061,102,0.3408,standing,standing,1,RED
102_1062,102,0.3587,standing,standing,1,RED
102_1063,102,0.3499,standing,standing,1,RED
102_1064,102,0.2504,stairs_up,standing,0,RED
102_1065,102,0.3016,standing,standing,1,RED
102_1066,102,0.3291,standing,standing,1,RED
102_1067,102,0.3341,standing,standing,1,RED
102_1068,102,0.2625,standing,standing,1,RED
102_1069,102,0.3199,standing,standing,1,RED
102_1070,102,0.3054,stairs_up,standing,0,RED
102_1071,102,0.3392,standing,standing,1,RED
102_1072,102,0.319,standing,standing,1,RED
102_1073,102,0.3576,standing,standing,1,RED
102_1074,102,0.3386,standing,standing,1,RED
102_1075,102,0.3351,standing,standing,1,RED
102_1076,102,0.2746,stairs_up,standing,0,RED
102_1077,102,0.3045,standing,standing,1,RED
102_1078,102,0.3089,standing,standing,1,RED
102_1079,102,0.2589,stairs_up,standing,0,RED
102_1080,102,0.2587,stairs_up,standing,0,RED
102_1081,102,0.305,standing,standing,1,RED
102_1082,102,0.2844,stairs_up,standing,0,RED
102_1083,102,0.332,standing,standing,1,RED
102_1084,102,0.2618,standing,standing,1,RED
102_1085,102,0.2884,standing,standing,1,RED
102_1086,102,0.3028,standing,standing,1,RED
102_1087,102,0.3505,standing,standing,1,RED
102_1088,102,0.3234,standing,standing,1,RED
102_1089,102,0.3221,standing,standing,1,RED
102_1090,102,0.2925,standing,standing,1,RED
102_1091,102,0.3085,standing,standing,1,RED
102_1092,102,0.3571,standing,standing,1,RED
102_1093,102,0.3253,standing,standing,1,RED
102_1094,102,0.3218,standing,standing,1,RED
102_1095,102,0.3357,standing,standing,1,RED
102_1096,102,0.3435,standing,standing,1,RED
102_1097,102,0.3637,standing,standing,1,RED
102_1098,102,0.2809,standing,standing,1,RED
102_1099,102,0.3085,standing,standing,1,RED
102_1100,102,0.3379,standing,standing,1,RED
102_1101,102,0.3253,standing,standing,1,RED
102_1102,102,0.2654,standing,standing,1,RED
102_1103,102,0.3349,standing,standing,1,RED
102_1104,102,0.2973,stairs_up,standing,0,RED
102_1105,102,0.2916,stairs_up,standing,0,RED
102_1106,102,0.2924,standing,standing,1,RED
102_1107,102,0.3356,standing,standing,1,RED
102_1108,102,0.3677,standing,standing,1,RED
102_1109,102,0.3187,standing,standing,1,RED
102_1110,102,0.2844,stairs_up,standing,0,RED
102_1111,102,0.3232,standing,standing,1,RED
102_1112,102,0.2806,standing,standing,1,RED
102_1113,102,0.2542,standing,standing,1,RED
102_1114,102,0.2332,stairs_up,standing,0,RED
102_1115,102,0.3096,standing,standing,1,RED
102_1116,102,0.3733,standing,standing,1,RED
102_1117,102,0.2871,standing,standing,1,RED
102_1118,102,0.3299,standing,standing,1,RED
102_1119,102,0.3156,standing,standing,1,RED
102_1120,102,0.3454,standing,standing,1,RED
102_1121,102,0.3671,standing,standing,1,RED
102_1122,102,0.3636,standing,standing,1,RED
102_1123,102,0.3177,standing,standing,1,RED
102_1124,102,0.2854,standing,standing,1,RED
102_1125,102,0.3204,standing,standing,1,RED
102_1126,102,0.3291,standing,standing,1,RED
102_1127,102,0.333,standing,standing,1,RED
102_1128,102,0.3328,standing,standing,1,RED
102_1129,102,0.2942,stairs_up,standing,0,RED
102_1130,102,0.3007,standing,standing,1,RED
102_1131,102,0.2876,stairs_up,standing,0,RED
102_1132,102,0.3462,stairs_up,standing,0,RED
102_1133,102,0.3415,standing,standing,1,RED
102_1134,102,0.3122,standing,standing,1,RED
102_1135,102,0.3182,standing,standing,1,RED
102_1136,102,0.3303,stairs_up,standing,0,RED
102_1137,102,0.2853,standing,standing,1,RED
102_1138,102,0.3254,standing,standing,1,RED
102_1139,102,0.2835,standing,standing,1,RED
102_1140,102,0.3324,standing,standing,1,RED
102_1141,102,0.2715,standing,standing,1,RED
102_1142,102,0.3571,standing,standing,1,RED
102_1143,102,0.3235,standing,standing,1,RED
102_1144,102,0.3234,standing,standing,1,RED
102_1145,102,0.3334,standing,standing,1,RED
102_1146,102,0.2836,stairs_up,standing,0,RED
102_1147,102,0.3117,stairs_up,standing,0,RED
102_1148,102,0.2733,standing,standing,1,RED
102_1149,102,0.3167,standing,standing,1,RED
102_1150,102,0.3071,standing,standing,1,RED
102_1151,102,0.3408,standing,standing,1,RED
102_1152,102,0.2483,standing,standing,1,RED
102_1153,102,0.3363,standing,standing,1,RED
102_1154,102,0.2647,standing,standing,1,RED
102_1155,102,0.3169,standing,standing,1,RED
102_1156,102,0.3349,standing,standing,1,RED
102_1157,102,0.3622,standing,standing,1,RED
102_1158,102,0.2899,standing,standing,1,RED
102_1159,102,0.3418,standing,standing,1,RED
102_1160,102,0.3507,standing,standing,1,RED
102_1161,102,0.3436,standing,standing,1,RED
102_1162,102,0.3404,standing,standing,1,RED
102_1163,102,0.3592,stairs_up,standing,0,RED
102_1164,102,0.3292,stairs_up,standing,0,RED
102_1165,102,0.3301,stairs_up,standing,0,RED
102_1166,102,0.3282,stairs_up,standing,0,RED
102_1167,102,0.3459,stairs_up,standing,0,RED
102_1168,102,0.3252,stairs_up,standing,0,RED
102_1169,102,0.3396,standing,standing,1,RED
102_1170,102,0.3385,standing,standing,1,RED
102_1171,102,0.335,standing,standing,1,RED
102_1172,102,0.2975,standing,standing,1,RED
102_1173,102,0.293,standing,standing,1,RED
102_1174,102,0.3323,stairs_up,standing,0,RED
102_1175,102,0.3494,standing,standing,1,RED
102_1176,102,0.3482,stairs_up,standing,0,RED
102_1177,102,0.3337,stairs_up,standing,0,RED
102_1178,102,0.3276,standing,standing,1,RED
102_1179,102,0.3361,standing,standing,1,RED
102_1180,102,0.2888,standing,standing,1,RED
102_1181,102,0.3227,stairs_up,standing,0,RED
102_1182,102,0.3055,stairs_up,standing,0,RED
102_1183,102,0.3575,stairs_up,standing,0,RED
102_1184,102,0.3671,stairs_up,standing,0,RED
102_1185,102,0.3548,stairs_up,standing,0,RED
102_1186,102,0.3662,stairs_up,standing,0,RED
102_1187,102,0.3797,stairs_up,standing,0,RED
102_1188,102,0.343,stairs_up,standing,0,RED
102_1189,102,0.3179,standing,standing,1,RED
102_1190,102,0.3469,standing,standing,1,RED
102_1191,102,0.3935,standing,standing,1,RED
102_1192,102,0.3691,standing,standing,1,RED
102_1193,102,0.336,standing,standing,1,RED
102_1194,102,0.3658,standing,standing,1,RED
102_1195,102,0.3896,standing,standing,1,RED
102_1196,102,0.3739,standing,standing,1,RED
102_1197,102,0.3126,standing,standing,1,RED
102_1198,102,0.3121,standing,standing,1,RED
102_1199,102,0.3477,standing,standing,1,RED
102_1200,102,0.3736,standing,standing,1,RED
102_1201,102,0.3486,standing,standing,1,RED
102_1202,102,0.3116,standing,standing,1,RED
102_1203,102,0.3419,standing,standing,1,RED
102_1204,102,0.3351,standing,standing,1,RED
102_1205,102,0.3376,stairs_up,standing,0,RED
102_1206,102,0.3112,stairs_up,standing,0,RED
102_1207,102,0.3538,standing,standing,1,RED
102_1208,102,0.3089,stairs_up,standing,0,RED
102_1209,102,0.3312,stairs_up,standing,0,RED
102_1210,102,0.3484,stairs_up,standing,0,RED
102_1211,102,0.3197,standing,standing,1,RED
102_1212,102,0.3054,standing,standing,1,RED
102_1213,102,0.3596,standing,standing,1,RED
102_1214,102,0.3026,stairs_up,standing,0,RED
102_1215,102,0.3053,standing,standing,1,RED
102_1216,102,0.3366,standing,standing,1,RED
102_1217,102,0.334,standing,standing,1,RED
102_1218,102,0.3696,standing,standing,1,RED
102_1219,102,0.3382,standing,standing,1,RED
102_1220,102,0.2933,standing,standing,1,RED
102_1221,102,0.3388,standing,standing,1,RED
102_1222,102,0.3425,standing,standing,1,RED
102_1223,102,0.3242,stairs_up,standing,0,RED
102_1224,102,0.3508,standing,standing,1,RED
102_1225,102,0.3499,standing,standing,1,RED
102_1226,102,0.2942,stairs_up,standing,0,RED
102_1227,102,0.3411,standing,standing,1,RED
102_1228,102,0.3186,stairs_up,standing,0,RED
102_1229,102,0.3181,standing,standing,1,RED
102_1230,102,0.3049,standing,standing,1,RED
102_1231,102,0.3732,standing,standing,1,RED
102_1232,102,0.3157,standing,standing,1,RED
102_1233,102,0.3514,standing,standing,1,RED
102_1234,102,0.3335,standing,standing,1,RED
102_1235,102,0.3351,standing,standing,1,RED
102_1236,102,0.3569,stairs_up,standing,0,RED
102_1237,102,0.3289,stairs_up,standing,0,RED
102_1238,102,0.3549,stairs_up,standing,0,RED
102_1239,102,0.3312,standing,standing,1,RED
102_1240,102,0.3419,standing,standing,1,RED
102_1241,102,0.3708,stairs_up,standing,0,RED
102_1242,102,0.3619,stairs_up,standing,0,RED
102_1243,102,0.3456,stairs_up,standing,0,RED
102_1244,102,0.3325,standing,standing,1,RED
102_1245,102,0.3601,stairs_up,standing,0,RED
102_1246,102,0.3269,stairs_up,standing,0,RED
102_1247,102,0.3265,standing,standing,1,RED
102_1248,102,0.3461,stairs_up,standing,0,RED
102_1249,102,0.3465,standing,standing,1,RED
102_1250,102,0.3382,standing,standing,1,RED
102_1251,102,0.3566,standing,standing,1,RED
102_1252,102,0.3131,standing,standing,1,RED
102_1253,102,0.3425,standing,standing,1,RED
102_1254,102,0.2693,stairs_up,standing,0,RED
102_1255,102,0.3489,standing,standing,1,RED
102_1256,102,0.3115,stairs_up,standing,0,RED
102_1257,102,0.3381,standing,standing,1,RED
102_1258,102,0.3179,stairs_up,standing,0,RED
102_1259,102,0.3506,stairs_up,standing,0,RED
102_1260,102,0.3675,stairs_up,standing,0,RED
102_1261,102,0.3458,stairs_up,standing,0,RED
102_1262,102,0.2784,standing,standing,1,RED
102_1263,102,0.2696,stairs_up,standing,0,RED
102_1264,102,0.31,stairs_up,standing,0,RED
102_1265,102,0.2871,stairs_up,standing,0,RED
102_1266,102,0.3223,standing,standing,1,RED
102_1267,102,0.2817,standing,standing,1,RED
102_1268,102,0.3399,stairs_up,standing,0,RED
102_1269,102,0.3699,stairs_up,standing,0,RED
102_1270,102,0.3719,stairs_up,standing,0,RED
102_1271,102,0.3433,stairs_up,standing,0,RED
102_1272,102,0.3049,stairs_up,standing,0,RED
102_1273,102,0.3296,stairs_up,standing,0,RED
102_1274,102,0.3372,standing,standing,1,RED
102_1275,102,0.3329,standing,standing,1,RED
102_1276,102,0.3716,standing,standing,1,RED
102_1277,102,0.3461,standing,standing,1,RED
102_1278,102,0.3951,standing,standing,1,RED
102_1279,102,0.4072,standing,standing,1,RED
102_1280,102,0.347,stairs_up,standing,0,RED
102_1281,102,0.3362,stairs_up,standing,0,RED
102_1282,102,0.3612,standing,standing,1,RED
102_1283,102,0.3455,stairs_up,standing,0,RED
102_1284,102,0.3503,standing,standing,1,RED
102_1285,102,0.3403,standing,standing,1,RED
102_1286,102,0.3089,stairs_up,standing,0,RED
102_1287,102,0.3226,standing,standing,1,RED
102_1288,102,0.3551,standing,standing,1,RED
102_1289,102,0.3106,standing,standing,1,RED
102_1290,102,0.3009,standing,standing,1,RED
102_1291,102,0.3202,standing,standing,1,RED
102_1292,102,0.3579,standing,standing,1,RED
102_1293,102,0.3406,standing,standing,1,RED
102_1294,102,0.3222,standing,standing,1,RED
102_1295,102,0.3397,standing,standing,1,RED
102_1296,102,0.2739,standing,standing,1,RED
102_1297,102,0.3397,standing,standing,1,RED
102_1298,102,0.2892,standing,standing,1,RED
102_1299,102,0.3063,standing,standing,1,RED
102_1300,102,0.3177,standing,standing,1,RED
102_1301,102,0.2752,standing,standing,1,RED
102_1302,102,0.2657,standing,standing,1,RED
102_1303,102,0.3206,standing,standing,1,RED
102_1304,102,0.3175,stairs_up,standing,0,RED
102_1305,102,0.2918,standing,standing,1,RED
102_1306,102,0.3325,standing,standing,1,RED
102_1307,102,0.2844,stairs_up,standing,0,RED
102_1308,102,0.2622,stairs_up,standing,0,RED
102_1309,102,0.3468,standing,standing,1,RED
102_1310,102,0.338,standing,standing,1,RED
102_1311,102,0.3547,standing,standing,1,RED
102_1312,102,0.3453,standing,standing,1,RED
102_1313,102,0.329,standing,standing,1,RED
102_1314,102,0.3713,standing,standing,1,RED
102_1315,102,0.3612,standing,standing,1,RED
102_1316,102,0.3523,standing,standing,1,RED
102_1317,102,0.3344,standing,standing,1,RED
102_1318,102,0.2908,stairs_up,standing,0,RED
102_1319,102,0.3427,stairs_up,standing,0,RED
102_1320,102,0.3306,standing,standing,1,RED
102_1321,102,0.3302,stairs_up,standing,0,RED
102_1322,102,0.3167,stairs_up,standing,0,RED
102_1323,102,0.3223,stairs_up,standing,0,RED
102_1324,102,0.353,standing,standing,1,RED
102_1325,102,0.3301,standing,standing,1,RED
102_1326,102,0.3535,standing,standing,1,RED
102_1327,102,0.2986,stairs_up,standing,0,RED
102_1328,102,0.3658,standing,standing,1,RED
102_1329,102,0.3155,standing,standing,1,RED
102_1330,102,0.2486,stairs_up,standing,0,RED
102_1331,102,0.3017,stairs_up,standing,0,RED
102_1332,102,0.3067,standing,standing,1,RED
102_1333,102,0.3015,standing,standing,1,RED
102_1334,102,0.2994,standing,standing,1,RED
102_1335,102,0.3199,standing,standing,1,RED
102_1336,102,0.3028,stairs_up,standing,0,RED
102_1337,102,0.3251,standing,standing,1,RED
102_1338,102,0.3049,stairs_up,standing,0,RED
102_1339,102,0.3167,standing,standing,1,RED
102_1340,102,0.2981,standing,standing,1,RED
102_1341,102,0.3357,standing,standing,1,RED
102_1342,102,0.2993,stairs_up,standing,0,RED
102_1343,102,0.3257,standing,standing,1,RED
102_1344,102,0.3449,standing,standing,1,RED
102_1345,102,0.2861,stairs_up,standing,0,RED
102_1346,102,0.3254,stairs_up,standing,0,RED
102_1347,102,0.3095,standing,standing,1,RED
102_1348,102,0.3021,stairs_up,standing,0,RED
102_1349,102,0.3244,standing,standing,1,RED
102_1350,102,0.2941,standing,standing,1,RED
102_1351,102,0.3038,stairs_up,standing,0,RED
102_1352,102,0.3662,standing,standing,1,RED
102_1353,102,0.3105,stairs_up,standing,0,RED
102_1354,102,0.3003,standing,standing,1,RED
102_1355,102,0.3309,stairs_up,standing,0,RED
102_1356,102,0.2992,stairs_up,standing,0,RED
102_1357,102,0.3168,stairs_up,standing,0,RED
102_1358,102,0.3454,stairs_up,standing,0,RED
102_1359,102,0.2963,stairs_up,standing,0,RED
102_1360,102,0.3477,standing,standing,1,RED
102_1361,102,0.3173,stairs_up,standing,0,RED
102_1362,102,0.2896,stairs_up,standing,0,RED
102_1363,102,0.2954,stairs_up,standing,0,RED
102_1364,102,0.3217,stairs_up,standing,0,RED
102_1365,102,0.3303,standing,standing,1,RED
102_1366,102,0.3627,standing,standing,1,RED
102_1367,102,0.3451,standing,standing,1,RED
102_1368,102,0.3417,standing,standing,1,RED
102_1369,102,0.3443,stairs_up,standing,0,RED
102_1370,102,0.3862,stairs_up,standing,0,RED
102_1371,102,0.3665,standing,standing,1,RED
102_1372,102,0.363,standing,standing,1,RED
102_1373,102,0.3459,standing,standing,1,RED
102_1374,102,0.3325,stairs_up,standing,0,RED
102_1375,102,0.3763,standing,standing,1,RED
102_1376,102,0.3797,standing,standing,1,RED
102_1377,102,0.3194,standing,standing,1,RED
102_1378,102,0.3139,standing,standing,1,RED
102_1379,102,0.3545,stairs_up,standing,0,RED
102_1380,102,0.3461,stairs_up,standing,0,RED
102_1381,102,0.3143,standing,standing,1,RED
102_1382,102,0.3196,standing,standing,1,RED
102_1383,102,0.3264,standing,standing,1,RED
102_1384,102,0.3255,stairs_up,standing,0,RED
102_1385,102,0.3298,standing,standing,1,RED
102_1386,102,0.3098,stairs_up,standing,0,RED
102_1387,102,0.2806,stairs_up,standing,0,RED
102_1388,102,0.3307,stairs_up,standing,0,RED
102_1389,102,0.3299,standing,standing,1,RED
102_1390,102,0.3351,standing,standing,1,RED
102_1391,102,0.3773,stairs_up,standing,0,RED
102_1392,102,0.3334,stairs_up,standing,0,RED
102_1393,102,0.3461,stairs_up,standing,0,RED
102_1394,102,0.3762,standing,standing,1,RED
102_1395,102,0.2668,stairs_up,standing,0,RED
102_1396,102,0.3424,standing,standing,1,RED
102_1397,102,0.3543,standing,standing,1,RED
102_1398,102,0.3014,standing,standing,1,RED
102_1399,102,0.2996,standing,standing,1,RED
102_1400,102,0.3502,stairs_up,standing,0,RED
102_1401,102,0.3339,stairs_up,standing,0,RED
102_1402,102,0.3581,stairs_up,standing,0,RED
102_1403,102,0.3219,stairs_up,standing,0,RED
102_1404,102,0.3401,stairs_up,standing,0,RED
102_1405,102,0.3397,standing,standing,1,RED
102_1406,102,0.3392,standing,standing,1,RED
102_1407,102,0.3202,stairs_up,standing,0,RED
102_1408,102,0.2925,stairs_up,standing,0,RED
102_1409,102,0.3236,standing,standing,1,RED
102_1410,102,0.3038,stairs_up,standing,0,RED
102_1411,102,0.3512,stairs_up,standing,0,RED
102_1412,102,0.326,standing,standing,1,RED
102_1413,102,0.3254,standing,standing,1,RED
102_1414,102,0.3028,stairs_up,standing,0,RED
102_1415,102,0.3429,standing,standing,1,RED
102_1416,102,0.3363,stairs_up,ironing,0,RED
102_1417,102,0.3355,standing,ironing,0,RED
102_1418,102,0.2998,stairs_up,ironing,0,RED
102_1419,102,0.3205,stairs_up,ironing,0,RED
102_1420,102,0.323,standing,ironing,0,RED
102_1421,102,0.3342,standing,ironing,0,RED
102_1422,102,0.3259,standing,ironing,0,RED
102_1423,102,0.3172,stairs_up,ironing,0,RED
102_1424,102,0.3088,standing,ironing,0,RED
102_1425,102,0.3586,standing,ironing,0,RED
102_1426,102,0.4117,vacuuming,ironing,0,RED
102_1427,102,0.6228,vacuuming,ironing,0,YELLOW
102_1428,102,0.6969,vacuuming,ironing,0,YELLOW
102_1429,102,0.7477,vacuuming,ironing,0,YELLOW
102_1430,102,0.4495,ironing,ironing,1,RED
102_1431,102,0.6285,ironing,ironing,1,YELLOW
102_1432,102,0.6341,ironing,ironing,1,YELLOW
102_1433,102,0.5022,ironing,ironing,1,YELLOW
102_1434,102,0.5843,ironing,ironing,1,YELLOW
102_1435,102,0.5833,ironing,ironing,1,YELLOW
102_1436,102,0.5911,ironing,ironing,1,YELLOW
102_1437,102,0.9097,ironing,ironing,1,GREEN
102_1438,102,0.8378,ironing,ironing,1,GREEN
102_1439,102,0.8072,ironing,ironing,1,GREEN
102_1440,102,0.9484,ironing,ironing,1,GREEN
102_1441,102,0.953,ironing,ironing,1,GREEN
102_1442,102,0.7981,ironing,ironing,1,GREEN
102_1443,102,0.9061,ironing,ironing,1,GREEN
102_1444,102,0.9755,ironing,ironing,1,GREEN
102_1445,102,0.9443,ironing,ironing,1,GREEN
102_1446,102,0.9745,ironing,ironing,1,GREEN
102_1447,102,0.9665,ironing,ironing,1,GREEN
102_1448,102,0.933,ironing,ironing,1,GREEN
102_1449,102,0.8914,ironing,ironing,1,GREEN
102_1450,102,0.9303,ironing,ironing,1,GREEN
102_1451,102,0.9964,ironing,ironing,1,GREEN
102_1452,102,0.9575,ironing,ironing,1,GREEN
102_1453,102,0.9546,ironing,ironing,1,GREEN
102_1454,102,0.9938,ironing,ironing,1,GREEN
102_1455,102,0.9972,ironing,ironing,1,GREEN
102_1456,102,0.9867,ironing,ironing,1,GREEN
102_1457,102,0.9861,ironing,ironing,1,GREEN
102_1458,102,0.9893,ironing,ironing,1,GREEN
102_1459,102,0.9921,ironing,ironing,1,GREEN
102_1460,102,0.9993,ironing,ironing,1,GREEN
102_1461,102,0.9925,ironing,ironing,1,GREEN
102_1462,102,0.9978,ironing,ironing,1,GREEN
102_1463,102,0.9964,ironing,ironing,1,GREEN
102_1464,102,0.9963,ironing,ironing,1,GREEN
102_1465,102,0.9676,ironing,ironing,1,GREEN
102_1466,102,0.9794,ironing,ironing,1,GREEN
102_1467,102,0.9751,ironing,ironing,1,GREEN
102_1468,102,0.9907,ironing,ironing,1,GREEN
102_1469,102,0.9821,ironing,ironing,1,GREEN
102_1470,102,0.991,ironing,ironing,1,GREEN
102_1471,102,0.9981,ironing,ironing,1,GREEN
102_1472,102,0.9993,ironing,ironing,1,GREEN
102_1473,102,0.967,ironing,ironing,1,GREEN
102_1474,102,0.9993,ironing,ironing,1,GREEN
102_1475,102,0.9937,ironing,ironing,1,GREEN
102_1476,102,0.9932,ironing,ironing,1,GREEN
102_1477,102,0.9993,ironing,ironing,1,GREEN
102_1478,102,0.9685,ironing,ironing,1,GREEN
102_1479,102,0.9934,ironing,ironing,1,GREEN
102_1480,102,0.9978,ironing,ironing,1,GREEN
102_1481,102,0.9978,ironing,ironing,1,GREEN
102_1482,102,0.9993,ironing,ironing,1,GREEN
102_1483,102,0.9793,ironing,ironing,1,GREEN
102_1484,102,0.9846,ironing,ironing,1,GREEN
102_1485,102,0.9977,ironing,ironing,1,GREEN
102_1486,102,0.9837,ironing,ironing,1,GREEN
102_1487,102,0.9339,ironing,ironing,1,GREEN
102_1488,102,0.9041,ironing,ironing,1,GREEN
102_1489,102,0.9678,ironing,ironing,1,GREEN
102_1490,102,0.9716,ironing,ironing,1,GREEN
102_1491,102,0.9958,ironing,ironing,1,GREEN
102_1492,102,0.9939,ironing,ironing,1,GREEN
102_1493,102,0.9967,ironing,ironing,1,GREEN
102_1494,102,0.9757,ironing,ironing,1,GREEN
102_1495,102,0.9668,ironing,ironing,1,GREEN
102_1496,102,0.965,ironing,ironing,1,GREEN
102_1497,102,0.9783,ironing,ironing,1,GREEN
102_1498,102,0.8836,ironing,ironing,1,GREEN
102_1499,102,0.7615,ironing,ironing,1,GREEN
102_1500,102,0.8765,ironing,ironing,1,GREEN
102_1501,102,0.9801,ironing,ironing,1,GREEN
102_1502,102,0.9538,ironing,ironing,1,GREEN
102_1503,102,0.9918,ironing,ironing,1,GREEN
102_1504,102,0.991,ironing,ironing,1,GREEN
102_1505,102,0.9876,ironing,ironing,1,GREEN
102_1506,102,0.9813,ironing,ironing,1,GREEN
102_1507,102,0.8589,ironing,ironing,1,GREEN
102_1508,102,0.5653,ironing,ironing,1,YELLOW
102_1509,102,0.6709,ironing,ironing,1,YELLOW
102_1510,102,0.7541,ironing,ironing,1,GREEN
102_1511,102,0.7507,ironing,ironing,1,GREEN
102_1512,102,0.8309,ironing,ironing,1,GREEN
102_1513,102,0.7813,ironing,ironing,1,GREEN
102_1514,102,0.7422,ironing,ironing,1,YELLOW
102_1515,102,0.8369,ironing,ironing,1,GREEN
102_1516,102,0.9005,ironing,ironing,1,GREEN
102_1517,102,0.8524,ironing,ironing,1,GREEN
102_1518,102,0.8522,ironing,ironing,1,GREEN
102_1519,102,0.7639,ironing,ironing,1,GREEN
102_1520,102,0.798,ironing,ironing,1,GREEN
102_1521,102,0.8607,ironing,ironing,1,GREEN
102_1522,102,0.9096,ironing,ironing,1,GREEN
102_1523,102,0.9842,ironing,ironing,1,GREEN
102_1524,102,0.9865,ironing,ironing,1,GREEN
102_1525,102,0.9979,ironing,ironing,1,GREEN
102_1526,102,0.9919,ironing,ironing,1,GREEN
102_1527,102,0.997,ironing,ironing,1,GREEN
102_1528,102,0.9993,ironing,ironing,1,GREEN
102_1529,102,0.9887,ironing,ironing,1,GREEN
102_1530,102,0.9921,ironing,ironing,1,GREEN
102_1531,102,0.9911,ironing,ironing,1,GREEN
102_1532,102,0.9911,ironing,ironing,1,GREEN
102_1533,102,0.9896,ironing,ironing,1,GREEN
102_1534,102,0.9664,ironing,ironing,1,GREEN
102_1535,102,0.9827,ironing,ironing,1,GREEN
102_1536,102,0.9957,ironing,ironing,1,GREEN
102_1537,102,0.9931,ironing,ironing,1,GREEN
102_1538,102,0.9971,ironing,ironing,1,GREEN
102_1539,102,0.9834,ironing,ironing,1,GREEN
102_1540,102,0.9927,ironing,ironing,1,GREEN
102_1541,102,0.9979,ironing,ironing,1,GREEN
102_1542,102,0.9978,ironing,ironing,1,GREEN
102_1543,102,0.9993,ironing,ironing,1,GREEN
102_1544,102,0.9969,ironing,ironing,1,GREEN
102_1545,102,0.9795,ironing,ironing,1,GREEN
102_1546,102,0.9761,ironing,ironing,1,GREEN
102_1547,102,0.9873,ironing,ironing,1,GREEN
102_1548,102,0.9993,ironing,ironing,1,GREEN
102_1549,102,0.9957,ironing,ironing,1,GREEN
102_1550,102,0.9797,ironing,ironing,1,GREEN
102_1551,102,0.9758,ironing,ironing,1,GREEN
102_1552,102,0.9736,ironing,ironing,1,GREEN
102_1553,102,0.9822,ironing,ironing,1,GREEN
102_1554,102,0.9704,ironing,ironing,1,GREEN
102_1555,102,0.984,ironing,ironing,1,GREEN
102_1556,102,0.992,ironing,ironing,1,GREEN
102_1557,102,0.9979,ironing,ironing,1,GREEN
102_1558,102,0.9938,ironing,ironing,1,GREEN
102_1559,102,0.9986,ironing,ironing,1,GREEN
102_1560,102,0.9993,ironing,ironing,1,GREEN
102_1561,102,0.9993,ironing,ironing,1,GREEN
102_1562,102,0.9968,ironing,ironing,1,GREEN
102_1563,102,0.9975,ironing,ironing,1,GREEN
102_1564,102,0.9993,ironing,ironing,1,GREEN
102_1565,102,0.9993,ironing,ironing,1,GREEN
102_1566,102,0.9966,ironing,ironing,1,GREEN
102_1567,102,0.9993,ironing,ironing,1,GREEN
102_1568,102,0.9993,ironing,ironing,1,GREEN
102_1569,102,0.9986,ironing,ironing,1,GREEN
102_1570,102,0.9986,ironing,ironing,1,GREEN
102_1571,102,0.9944,ironing,ironing,1,GREEN
102_1572,102,0.9801,ironing,ironing,1,GREEN
102_1573,102,0.9773,ironing,ironing,1,GREEN
102_1574,102,0.9717,ironing,ironing,1,GREEN
102_1575,102,0.9624,ironing,ironing,1,GREEN
102_1576,102,0.9906,ironing,ironing,1,GREEN
102_1577,102,0.9938,ironing,ironing,1,GREEN
102_1578,102,0.9868,ironing,ironing,1,GREEN
102_1579,102,0.9863,ironing,ironing,1,GREEN
102_1580,102,0.9829,ironing,ironing,1,GREEN
102_1581,102,0.9817,ironing,ironing,1,GREEN
102_1582,102,0.9847,ironing,ironing,1,GREEN
102_1583,102,0.9852,ironing,ironing,1,GREEN
102_1584,102,0.9806,ironing,ironing,1,GREEN
102_1585,102,0.9933,ironing,ironing,1,GREEN
102_1586,102,0.9911,ironing,ironing,1,GREEN
102_1587,102,0.9942,ironing,ironing,1,GREEN
102_1588,102,0.9963,ironing,ironing,1,GREEN
102_1589,102,0.9688,ironing,ironing,1,GREEN
102_1590,102,0.8899,ironing,ironing,1,GREEN
102_1591,102,0.9118,ironing,ironing,1,GREEN
102_1592,102,0.8705,ironing,ironing,1,GREEN
102_1593,102,0.9245,ironing,ironing,1,GREEN
102_1594,102,0.8811,ironing,ironing,1,GREEN
102_1595,102,0.8887,ironing,ironing,1,GREEN
102_1596,102,0.884,ironing,ironing,1,GREEN
102_1597,102,0.8607,ironing,ironing,1,GREEN
102_1598,102,0.8496,ironing,ironing,1,GREEN
102_1599,102,0.7489,ironing,ironing,1,YELLOW
102_1600,102,0.7575,ironing,ironing,1,GREEN
102_1601,102,0.5737,ironing,ironing,1,YELLOW
102_1602,102,0.669,ironing,ironing,1,YELLOW
102_1603,102,0.8743,ironing,ironing,1,GREEN
102_1604,102,0.9905,ironing,ironing,1,GREEN
102_1605,102,0.9976,ironing,ironing,1,GREEN
102_1606,102,0.9994,ironing,ironing,1,GREEN
102_1607,102,0.9964,ironing,ironing,1,GREEN
102_1608,102,0.9963,ironing,ironing,1,GREEN
102_1609,102,0.9958,ironing,ironing,1,GREEN
102_1610,102,0.9948,ironing,ironing,1,GREEN
102_1611,102,0.9961,ironing,ironing,1,GREEN
102_1612,102,0.9965,ironing,ironing,1,GREEN
102_1613,102,0.9738,ironing,ironing,1,GREEN
102_1614,102,0.975,ironing,ironing,1,GREEN
102_1615,102,0.9819,ironing,ironing,1,GREEN
102_1616,102,0.9924,ironing,ironing,1,GREEN
102_1617,102,0.9936,ironing,ironing,1,GREEN
102_1618,102,0.9943,ironing,ironing,1,GREEN
102_1619,102,0.9987,ironing,ironing,1,GREEN
102_1620,102,0.998,ironing,ironing,1,GREEN
102_1621,102,0.9995,ironing,ironing,1,GREEN
102_1622,102,0.9888,ironing,ironing,1,GREEN
102_1623,102,0.9943,ironing,ironing,1,GREEN
102_1624,102,0.995,ironing,ironing,1,GREEN
102_1625,102,0.9899,ironing,ironing,1,GREEN
102_1626,102,0.9778,ironing,ironing,1,GREEN
102_1627,102,0.9918,ironing,ironing,1,GREEN
102_1628,102,0.9969,ironing,ironing,1,GREEN
102_1629,102,0.996,ironing,ironing,1,GREEN
102_1630,102,0.9041,ironing,ironing,1,GREEN
102_1631,102,0.8612,ironing,ironing,1,GREEN
102_1632,102,0.8694,ironing,ironing,1,GREEN
102_1633,102,0.9344,ironing,ironing,1,GREEN
102_1634,102,0.9633,ironing,ironing,1,GREEN
102_1635,102,0.9978,ironing,ironing,1,GREEN
102_1636,102,0.9993,ironing,ironing,1,GREEN
102_1637,102,0.9961,ironing,ironing,1,GREEN
102_1638,102,0.9984,ironing,ironing,1,GREEN
102_1639,102,0.9824,ironing,ironing,1,GREEN
102_1640,102,0.9761,ironing,ironing,1,GREEN
102_1641,102,0.9898,ironing,ironing,1,GREEN
102_1642,102,0.9879,ironing,ironing,1,GREEN
102_1643,102,0.9924,ironing,ironing,1,GREEN
102_1644,102,0.9854,ironing,ironing,1,GREEN
102_1645,102,0.9976,ironing,ironing,1,GREEN
102_1646,102,0.9895,ironing,ironing,1,GREEN
102_1647,102,0.9811,ironing,ironing,1,GREEN
102_1648,102,0.9267,ironing,ironing,1,GREEN
102_1649,102,0.9101,ironing,ironing,1,GREEN
102_1650,102,0.963,ironing,ironing,1,GREEN
102_1651,102,0.9498,ironing,ironing,1,GREEN
102_1652,102,0.876,ironing,ironing,1,GREEN
102_1653,102,0.9467,ironing,ironing,1,GREEN
102_1654,102,0.9116,ironing,ironing,1,GREEN
102_1655,102,0.9171,ironing,ironing,1,GREEN
102_1656,102,0.9592,ironing,ironing,1,GREEN
102_1657,102,0.9677,ironing,ironing,1,GREEN
102_1658,102,0.9617,ironing,ironing,1,GREEN
102_1659,102,0.9486,ironing,ironing,1,GREEN
102_1660,102,0.9699,ironing,ironing,1,GREEN
102_1661,102,0.9728,ironing,ironing,1,GREEN
102_1662,102,0.9653,ironing,ironing,1,GREEN
102_1663,102,0.922,ironing,ironing,1,GREEN
102_1664,102,0.9565,ironing,ironing,1,GREEN
102_1665,102,0.9945,ironing,ironing,1,GREEN
102_1666,102,0.9888,ironing,ironing,1,GREEN
102_1667,102,0.9961,ironing,ironing,1,GREEN
102_1668,102,0.9975,ironing,ironing,1,GREEN
102_1669,102,0.9916,ironing,ironing,1,GREEN
102_1670,102,0.9783,ironing,ironing,1,GREEN
102_1671,102,0.9899,ironing,ironing,1,GREEN
102_1672,102,0.9866,ironing,ironing,1,GREEN
102_1673,102,0.9699,ironing,ironing,1,GREEN
102_1674,102,0.9879,ironing,ironing,1,GREEN
102_1675,102,0.9969,ironing,ironing,1,GREEN
102_1676,102,0.9979,ironing,ironing,1,GREEN
102_1677,102,0.9986,ironing,ironing,1,GREEN
102_1678,102,0.9978,ironing,ironing,1,GREEN
102_1679,102,0.9993,ironing,ironing,1,GREEN
102_1680,102,0.9994,ironing,ironing,1,GREEN
102_1681,102,0.9758,ironing,ironing,1,GREEN
102_1682,102,0.9396,ironing,ironing,1,GREEN
102_1683,102,0.9201,ironing,ironing,1,GREEN
102_1684,102,0.9567,ironing,ironing,1,GREEN
102_1685,102,0.985,ironing,ironing,1,GREEN
102_1686,102,0.9979,ironing,ironing,1,GREEN
102_1687,102,0.9957,ironing,ironing,1,GREEN
102_1688,102,0.9949,ironing,ironing,1,GREEN
102_1689,102,0.9038,ironing,ironing,1,GREEN
102_1690,102,0.9276,ironing,ironing,1,GREEN
102_1691,102,0.9763,ironing,ironing,1,GREEN
102_1692,102,0.9645,ironing,ironing,1,GREEN
102_1693,102,0.984,ironing,ironing,1,GREEN
102_1694,102,0.9356,ironing,ironing,1,GREEN
102_1695,102,0.8755,ironing,ironing,1,GREEN
102_1696,102,0.8614,ironing,ironing,1,GREEN
102_1697,102,0.7677,ironing,ironing,1,GREEN
102_1698,102,0.8727,ironing,ironing,1,GREEN
102_1699,102,0.8854,ironing,ironing,1,GREEN
102_1700,102,0.9061,ironing,ironing,1,GREEN
102_1701,102,0.9304,ironing,ironing,1,GREEN
102_1702,102,0.95,ironing,ironing,1,GREEN
102_1703,102,0.9363,ironing,ironing,1,GREEN
102_1704,102,0.9273,ironing,ironing,1,GREEN
102_1705,102,0.9919,ironing,ironing,1,GREEN
102_1706,102,0.9027,ironing,ironing,1,GREEN
102_1707,102,0.8681,ironing,ironing,1,GREEN
102_1708,102,0.9059,ironing,ironing,1,GREEN
102_1709,102,0.8948,ironing,ironing,1,GREEN
102_1710,102,0.9491,ironing,ironing,1,GREEN
102_1711,102,0.9696,ironing,ironing,1,GREEN
102_1712,102,0.9651,ironing,ironing,1,GREEN
102_1713,102,0.9842,ironing,ironing,1,GREEN
102_1714,102,0.9836,ironing,ironing,1,GREEN
102_1715,102,0.9931,ironing,ironing,1,GREEN
102_1716,102,0.989,ironing,ironing,1,GREEN
102_1717,102,0.8702,ironing,ironing,1,GREEN
102_1718,102,0.7626,ironing,ironing,1,GREEN
102_1719,102,0.6572,ironing,ironing,1,YELLOW
102_1720,102,0.8554,ironing,ironing,1,GREEN
102_1721,102,0.9138,ironing,ironing,1,GREEN
102_1722,102,0.8802,ironing,ironing,1,GREEN
102_1723,102,0.9496,ironing,ironing,1,GREEN
102_1724,102,0.9702,ironing,ironing,1,GREEN
102_1725,102,0.9759,ironing,ironing,1,GREEN
102_1726,102,0.9603,ironing,ironing,1,GREEN
102_1727,102,0.8919,ironing,ironing,1,GREEN
102_1728,102,0.8831,ironing,ironing,1,GREEN
102_1729,102,0.9948,ironing,ironing,1,GREEN
102_1730,102,0.9579,ironing,ironing,1,GREEN
102_1731,102,0.98,ironing,ironing,1,GREEN
102_1732,102,0.78,ironing,ironing,1,GREEN
102_1733,102,0.743,ironing,ironing,1,YELLOW
102_1734,102,0.7713,ironing,ironing,1,GREEN
102_1735,102,0.8242,ironing,ironing,1,GREEN
102_1736,102,0.8174,ironing,ironing,1,GREEN
102_1737,102,0.7611,ironing,ironing,1,GREEN
102_1738,102,0.7583,ironing,ironing,1,GREEN
102_1739,102,0.6299,ironing,ironing,1,YELLOW
102_1740,102,0.6049,vacuuming,ironing,0,YELLOW
102_1741,102,0.579,vacuuming,ironing,0,YELLOW
102_1742,102,0.7045,ironing,ironing,1,YELLOW
102_1743,102,0.8664,ironing,ironing,1,GREEN
102_1744,102,0.9513,ironing,ironing,1,GREEN
102_1745,102,0.8749,ironing,ironing,1,GREEN
102_1746,102,0.8293,ironing,ironing,1,GREEN
102_1747,102,0.7968,ironing,ironing,1,GREEN
102_1748,102,0.8263,ironing,ironing,1,GREEN
102_1749,102,0.8745,ironing,ironing,1,GREEN
102_1750,102,0.9584,ironing,ironing,1,GREEN
102_1751,102,0.8665,ironing,ironing,1,GREEN
102_1752,102,0.8198,ironing,ironing,1,GREEN
102_1753,102,0.8248,ironing,ironing,1,GREEN
102_1754,102,0.8935,ironing,ironing,1,GREEN
102_1755,102,0.9534,ironing,ironing,1,GREEN
102_1756,102,0.8707,ironing,ironing,1,GREEN
102_1757,102,0.9053,ironing,ironing,1,GREEN
102_1758,102,0.926,ironing,ironing,1,GREEN
102_1759,102,0.9685,ironing,ironing,1,GREEN
102_1760,102,0.9822,ironing,ironing,1,GREEN
102_1761,102,0.9925,ironing,ironing,1,GREEN
102_1762,102,0.9821,ironing,ironing,1,GREEN
102_1763,102,0.967,ironing,ironing,1,GREEN
102_1764,102,0.9769,ironing,ironing,1,GREEN
102_1765,102,0.9215,ironing,ironing,1,GREEN
102_1766,102,0.823,ironing,ironing,1,GREEN
102_1767,102,0.6929,ironing,ironing,1,YELLOW
102_1768,102,0.8052,ironing,ironing,1,GREEN
102_1769,102,0.8398,ironing,ironing,1,GREEN
102_1770,102,0.8216,ironing,ironing,1,GREEN
102_1771,102,0.7862,ironing,ironing,1,GREEN
102_1772,102,0.9575,ironing,ironing,1,GREEN
102_1773,102,0.9928,ironing,ironing,1,GREEN
102_1774,102,0.9898,ironing,ironing,1,GREEN
102_1775,102,0.9706,ironing,ironing,1,GREEN
102_1776,102,0.8888,ironing,ironing,1,GREEN
102_1777,102,0.6927,ironing,ironing,1,YELLOW
102_1778,102,0.9199,ironing,ironing,1,GREEN
102_1779,102,0.9698,ironing,ironing,1,GREEN
102_1780,102,0.9464,ironing,ironing,1,GREEN
102_1781,102,0.8695,ironing,ironing,1,GREEN
102_1782,102,0.708,ironing,ironing,1,YELLOW
102_1783,102,0.7474,ironing,ironing,1,YELLOW
102_1784,102,0.6728,ironing,ironing,1,YELLOW
102_1785,102,0.7706,ironing,ironing,1,GREEN
102_1786,102,0.866,ironing,ironing,1,GREEN
102_1787,102,0.9271,ironing,ironing,1,GREEN
102_1788,102,0.9782,ironing,ironing,1,GREEN
102_1789,102,0.9174,ironing,ironing,1,GREEN
102_1790,102,0.9907,ironing,ironing,1,GREEN
102_1791,102,0.9943,ironing,ironing,1,GREEN
102_1792,102,0.988,ironing,ironing,1,GREEN
102_1793,102,0.9533,ironing,ironing,1,GREEN
102_1794,102,0.9936,ironing,ironing,1,GREEN
102_1795,102,0.998,ironing,ironing,1,GREEN
102_1796,102,0.9909,ironing,ironing,1,GREEN
102_1797,102,0.9891,ironing,ironing,1,GREEN
102_1798,102,0.9857,ironing,ironing,1,GREEN
102_1799,102,0.9888,ironing,ironing,1,GREEN
102_1800,102,0.9978,ironing,ironing,1,GREEN
102_1801,102,0.9978,ironing,ironing,1,GREEN
102_1802,102,0.9942,ironing,ironing,1,GREEN
102_1803,102,0.9932,ironing,ironing,1,GREEN
102_1804,102,0.971,ironing,ironing,1,GREEN
102_1805,102,0.952,ironing,ironing,1,GREEN
102_1806,102,0.9953,ironing,ironing,1,GREEN
102_1807,102,0.9978,ironing,ironing,1,GREEN
102_1808,102,0.9979,ironing,ironing,1,GREEN
102_1809,102,0.9985,ironing,ironing,1,GREEN
102_1810,102,0.9986,ironing,ironing,1,GREEN
102_1811,102,0.9986,ironing,ironing,1,GREEN
102_1812,102,0.9962,ironing,ironing,1,GREEN
102_1813,102,0.9958,ironing,ironing,1,GREEN
102_1814,102,0.9993,ironing,ironing,1,GREEN
102_1815,102,0.9978,ironing,ironing,1,GREEN
102_1816,102,0.9978,ironing,ironing,1,GREEN
102_1817,102,0.9994,ironing,ironing,1,GREEN
102_1818,102,0.9994,ironing,ironing,1,GREEN
102_1819,102,0.997,ironing,ironing,1,GREEN
102_1820,102,0.9987,ironing,ironing,1,GREEN
102_1821,102,0.9803,ironing,ironing,1,GREEN
102_1822,102,0.9723,ironing,ironing,1,GREEN
102_1823,102,0.9621,ironing,ironing,1,GREEN
102_1824,102,0.8957,ironing,ironing,1,GREEN
102_1825,102,0.9874,ironing,ironing,1,GREEN
102_1826,102,0.968,ironing,ironing,1,GREEN
102_1827,102,0.9868,ironing,ironing,1,GREEN
102_1828,102,0.8462,ironing,ironing,1,GREEN
102_1829,102,0.7823,ironing,ironing,1,GREEN
102_1830,102,0.7716,ironing,ironing,1,GREEN
102_1831,102,0.6673,ironing,ironing,1,YELLOW
102_1832,102,0.6821,ironing,ironing,1,YELLOW
102_1833,102,0.7182,ironing,ironing,1,YELLOW
102_1834,102,0.8517,ironing,ironing,1,GREEN
102_1835,102,0.9524,ironing,ironing,1,GREEN
102_1836,102,0.9641,ironing,ironing,1,GREEN
102_1837,102,0.9672,ironing,ironing,1,GREEN
102_1838,102,0.9148,ironing,ironing,1,GREEN
102_1839,102,0.9388,ironing,ironing,1,GREEN
102_1840,102,0.9831,ironing,ironing,1,GREEN
102_1841,102,0.993,ironing,ironing,1,GREEN
102_1842,102,0.9708,ironing,ironing,1,GREEN
102_1843,102,0.9876,ironing,ironing,1,GREEN
102_1844,102,0.9961,ironing,ironing,1,GREEN
102_1845,102,0.9917,ironing,ironing,1,GREEN
102_1846,102,0.9696,ironing,ironing,1,GREEN
102_1847,102,0.96,ironing,ironing,1,GREEN
102_1848,102,0.9653,ironing,ironing,1,GREEN
102_1849,102,0.9838,ironing,ironing,1,GREEN
102_1850,102,0.9798,ironing,ironing,1,GREEN
102_1851,102,0.9838,ironing,ironing,1,GREEN
102_1852,102,0.9891,ironing,ironing,1,GREEN
102_1853,102,0.9799,ironing,ironing,1,GREEN
102_1854,102,0.9984,ironing,ironing,1,GREEN
102_1855,102,0.9947,ironing,ironing,1,GREEN
102_1856,102,0.991,ironing,ironing,1,GREEN
102_1857,102,0.9729,ironing,ironing,1,GREEN
102_1858,102,0.9833,ironing,ironing,1,GREEN
102_1859,102,0.9875,ironing,ironing,1,GREEN
102_1860,102,0.9942,ironing,ironing,1,GREEN
102_1861,102,0.995,ironing,ironing,1,GREEN
102_1862,102,0.9193,ironing,ironing,1,GREEN
102_1863,102,0.723,ironing,ironing,1,YELLOW
102_1864,102,0.6938,ironing,ironing,1,YELLOW
102_1865,102,0.8427,ironing,ironing,1,GREEN
102_1866,102,0.9912,ironing,ironing,1,GREEN
102_1867,102,0.989,ironing,ironing,1,GREEN
102_1868,102,0.9757,ironing,ironing,1,GREEN
102_1869,102,0.9993,ironing,ironing,1,GREEN
102_1870,102,0.9993,ironing,ironing,1,GREEN
102_1871,102,0.9984,ironing,ironing,1,GREEN
102_1872,102,0.9993,ironing,ironing,1,GREEN
102_1873,102,0.9993,ironing,ironing,1,GREEN
102_1874,102,0.9804,ironing,ironing,1,GREEN
102_1875,102,0.9777,ironing,ironing,1,GREEN
102_1876,102,0.9542,ironing,ironing,1,GREEN
102_1877,102,0.8187,ironing,ironing,1,GREEN
102_1878,102,0.6862,ironing,ironing,1,YELLOW
102_1879,102,0.9211,ironing,ironing,1,GREEN
102_1880,102,0.9893,ironing,ironing,1,GREEN
102_1881,102,0.9953,ironing,ironing,1,GREEN
102_1882,102,0.9917,ironing,ironing,1,GREEN
102_1883,102,0.9856,ironing,ironing,1,GREEN
102_1884,102,0.9698,ironing,ironing,1,GREEN
102_1885,102,0.9763,ironing,ironing,1,GREEN
102_1886,102,0.9657,ironing,ironing,1,GREEN
102_1887,102,0.9918,ironing,ironing,1,GREEN
102_1888,102,0.9866,ironing,ironing,1,GREEN
102_1889,102,0.9964,ironing,ironing,1,GREEN
102_1890,102,0.9786,ironing,ironing,1,GREEN
102_1891,102,0.9993,ironing,ironing,1,GREEN
102_1892,102,0.984,ironing,ironing,1,GREEN
102_1893,102,0.9949,ironing,ironing,1,GREEN
102_1894,102,0.9725,ironing,ironing,1,GREEN
102_1895,102,0.7919,ironing,ironing,1,GREEN
102_1896,102,0.7419,ironing,ironing,1,YELLOW
102_1897,102,0.9287,ironing,ironing,1,GREEN
102_1898,102,0.9534,ironing,ironing,1,GREEN
102_1899,102,0.948,ironing,ironing,1,GREEN
102_1900,102,0.9478,ironing,ironing,1,GREEN
102_1901,102,0.9524,ironing,ironing,1,GREEN
102_1902,102,0.9548,ironing,ironing,1,GREEN
102_1903,102,0.9454,ironing,ironing,1,GREEN
102_1904,102,0.9762,ironing,ironing,1,GREEN
102_1905,102,0.9628,ironing,ironing,1,GREEN
102_1906,102,0.9546,ironing,ironing,1,GREEN
102_1907,102,0.973,ironing,ironing,1,GREEN
102_1908,102,0.9899,ironing,ironing,1,GREEN
102_1909,102,0.9871,ironing,ironing,1,GREEN
102_1910,102,0.9892,ironing,ironing,1,GREEN
102_1911,102,0.9773,ironing,ironing,1,GREEN
102_1912,102,0.9735,ironing,ironing,1,GREEN
102_1913,102,0.9891,ironing,ironing,1,GREEN
102_1914,102,0.9563,ironing,ironing,1,GREEN
102_1915,102,0.9533,ironing,ironing,1,GREEN
102_1916,102,0.9329,ironing,ironing,1,GREEN
102_1917,102,0.9436,ironing,ironing,1,GREEN
102_1918,102,0.9561,ironing,ironing,1,GREEN
102_1919,102,0.9697,ironing,ironing,1,GREEN
102_1920,102,0.9911,ironing,ironing,1,GREEN
102_1921,102,0.9872,ironing,ironing,1,GREEN
102_1922,102,0.9679,ironing,ironing,1,GREEN
102_1923,102,0.8873,ironing,ironing,1,GREEN
102_1924,102,0.8473,ironing,ironing,1,GREEN
102_1925,102,0.7127,ironing,ironing,1,YELLOW
102_1926,102,0.8023,ironing,ironing,1,GREEN
102_1927,102,0.9828,ironing,ironing,1,GREEN
102_1928,102,0.9715,ironing,ironing,1,GREEN
102_1929,102,0.9804,ironing,ironing,1,GREEN
102_1930,102,0.9624,ironing,ironing,1,GREEN
102_1931,102,0.9051,ironing,ironing,1,GREEN
102_1932,102,0.8778,ironing,ironing,1,GREEN
102_1933,102,0.8454,ironing,ironing,1,GREEN
102_1934,102,0.7985,ironing,ironing,1,GREEN
102_1935,102,0.8404,ironing,ironing,1,GREEN
102_1936,102,0.8905,ironing,ironing,1,GREEN
102_1937,102,0.8617,ironing,ironing,1,GREEN
102_1938,102,0.8628,ironing,ironing,1,GREEN
102_1939,102,0.8944,ironing,ironing,1,GREEN
102_1940,102,0.9038,ironing,ironing,1,GREEN
102_1941,102,0.9317,ironing,ironing,1,GREEN
102_1942,102,0.9075,ironing,ironing,1,GREEN
102_1943,102,0.9749,ironing,ironing,1,GREEN
102_1944,102,0.9969,ironing,ironing,1,GREEN
102_1945,102,0.9927,ironing,ironing,1,GREEN
102_1946,102,0.9945,ironing,ironing,1,GREEN
102_1947,102,0.9852,ironing,ironing,1,GREEN
102_1948,102,0.9072,ironing,ironing,1,GREEN
102_1949,102,0.9831,ironing,ironing,1,GREEN
102_1950,102,0.9453,ironing,ironing,1,GREEN
102_1951,102,0.8958,ironing,ironing,1,GREEN
102_1952,102,0.9656,ironing,ironing,1,GREEN
102_1953,102,0.9495,ironing,ironing,1,GREEN
102_1954,102,0.9669,ironing,ironing,1,GREEN
102_1955,102,0.9536,ironing,ironing,1,GREEN
102_1956,102,0.9626,ironing,ironing,1,GREEN
102_1957,102,0.9894,ironing,ironing,1,GREEN
102_1958,102,0.9928,ironing,ironing,1,GREEN
102_1959,102,0.9813,ironing,ironing,1,GREEN
102_1960,102,0.9361,ironing,ironing,1,GREEN
102_1961,102,0.9194,ironing,ironing,1,GREEN
102_1962,102,0.9891,ironing,ironing,1,GREEN
102_1963,102,0.9922,ironing,ironing,1,GREEN
102_1964,102,0.9902,ironing,ironing,1,GREEN
102_1965,102,0.8604,ironing,ironing,1,GREEN
102_1966,102,0.8388,ironing,ironing,1,GREEN
102_1967,102,0.807,ironing,ironing,1,GREEN
102_1968,102,0.9369,ironing,ironing,1,GREEN
102_1969,102,0.9477,ironing,ironing,1,GREEN
102_1970,102,0.9873,ironing,ironing,1,GREEN
102_1971,102,0.9994,ironing,ironing,1,GREEN
102_1972,102,0.9366,ironing,ironing,1,GREEN
102_1973,102,0.9111,ironing,ironing,1,GREEN
102_1974,102,0.8537,ironing,ironing,1,GREEN
102_1975,102,0.8732,ironing,ironing,1,GREEN
102_1976,102,0.9199,ironing,ironing,1,GREEN
102_1977,102,0.9125,ironing,ironing,1,GREEN
102_1978,102,0.8385,ironing,ironing,1,GREEN
102_1979,102,0.9485,ironing,ironing,1,GREEN
102_1980,102,0.9584,ironing,ironing,1,GREEN
102_1981,102,0.928,ironing,ironing,1,GREEN
102_1982,102,0.9386,ironing,ironing,1,GREEN
102_1983,102,0.8967,ironing,ironing,1,GREEN
102_1984,102,0.8064,ironing,ironing,1,GREEN
102_1985,102,0.9046,ironing,ironing,1,GREEN
102_1986,102,0.9083,ironing,ironing,1,GREEN
102_1987,102,0.8339,ironing,ironing,1,GREEN
102_1988,102,0.8175,ironing,ironing,1,GREEN
102_1989,102,0.7103,ironing,ironing,1,YELLOW
102_1990,102,0.6423,ironing,ironing,1,YELLOW
102_1991,102,0.4429,ironing,vacuuming,0,RED
102_1992,102,0.3568,standing,vacuuming,0,RED
102_1993,102,0.4005,standing,vacuuming,0,RED
102_1994,102,0.4615,standing,vacuuming,0,YELLOW
102_1995,102,0.4293,standing,vacuuming,0,RED
102_1996,102,0.4354,standing,vacuuming,0,RED
102_1997,102,0.4246,standing,vacuuming,0,RED
102_1998,102,0.3879,standing,vacuuming,0,RED
102_1999,102,0.3805,standing,vacuuming,0,RED
102_2000,102,0.4601,standing,vacuuming,0,YELLOW
102_2001,102,0.4755,standing,vacuuming,0,YELLOW
102_2002,102,0.2699,standing,vacuuming,0,RED
102_2003,102,0.3663,standing,vacuuming,0,RED
102_2004,102,0.6418,vacuuming,vacuuming,1,YELLOW
102_2005,102,0.8426,vacuuming,vacuuming,1,GREEN
102_2006,102,0.9381,vacuuming,vacuuming,1,GREEN
102_2007,102,0.6715,vacuuming,vacuuming,1,YELLOW
102_2008,102,0.8085,vacuuming,vacuuming,1,GREEN
102_2009,102,0.5551,vacuuming,vacuuming,1,YELLOW
102_2010,102,0.2849,vacuuming,vacuuming,1,RED
102_2011,102,0.5188,vacuuming,vacuuming,1,YELLOW
102_2012,102,0.5711,vacuuming,vacuuming,1,YELLOW
102_2013,102,0.7391,vacuuming,vacuuming,1,YELLOW
102_2014,102,0.6846,vacuuming,vacuuming,1,YELLOW
102_2015,102,0.755,cycling,vacuuming,0,GREEN
102_2016,102,0.4593,vacuuming,vacuuming,1,YELLOW
102_2017,102,0.4852,vacuuming,vacuuming,1,YELLOW
102_2018,102,0.5594,vacuuming,vacuuming,1,YELLOW
102_2019,102,0.9945,vacuuming,vacuuming,1,GREEN
102_2020,102,0.8891,vacuuming,vacuuming,1,GREEN
102_2021,102,0.7207,vacuuming,vacuuming,1,YELLOW
102_2022,102,0.8841,vacuuming,vacuuming,1,GREEN
102_2023,102,0.8716,vacuuming,vacuuming,1,GREEN
102_2024,102,0.8865,vacuuming,vacuuming,1,GREEN
102_2025,102,0.9095,vacuuming,vacuuming,1,GREEN
102_2026,102,0.8767,vacuuming,vacuuming,1,GREEN
102_2027,102,0.9445,vacuuming,vacuuming,1,GREEN
102_2028,102,0.9784,vacuuming,vacuuming,1,GREEN
102_2029,102,0.9979,vacuuming,vacuuming,1,GREEN
102_2030,102,0.9998,vacuuming,vacuuming,1,GREEN
102_2031,102,0.996,vacuuming,vacuuming,1,GREEN
102_2032,102,0.9986,vacuuming,vacuuming,1,GREEN
102_2033,102,0.9933,vacuuming,vacuuming,1,GREEN
102_2034,102,0.9998,vacuuming,vacuuming,1,GREEN
102_2035,102,0.9917,vacuuming,vacuuming,1,GREEN
102_2036,102,0.9868,vacuuming,vacuuming,1,GREEN
102_2037,102,0.9279,vacuuming,vacuuming,1,GREEN
102_2038,102,0.9383,vacuuming,vacuuming,1,GREEN
102_2039,102,0.8934,vacuuming,vacuuming,1,GREEN
102_2040,102,0.7694,vacuuming,vacuuming,1,GREEN
102_2041,102,0.9836,vacuuming,vacuuming,1,GREEN
102_2042,102,0.8775,vacuuming,vacuuming,1,GREEN
102_2043,102,0.8306,vacuuming,vacuuming,1,GREEN
102_2044,102,0.9952,vacuuming,vacuuming,1,GREEN
102_2045,102,0.9296,vacuuming,vacuuming,1,GREEN
102_2046,102,0.9674,vacuuming,vacuuming,1,GREEN
102_2047,102,0.9931,vacuuming,vacuuming,1,GREEN
102_2048,102,0.9889,vacuuming,vacuuming,1,GREEN
102_2049,102,0.9729,vacuuming,vacuuming,1,GREEN
102_2050,102,0.9785,vacuuming,vacuuming,1,GREEN
102_2051,102,0.9982,vacuuming,vacuuming,1,GREEN
102_2052,102,0.9799,vacuuming,vacuuming,1,GREEN
102_2053,102,0.9432,vacuuming,vacuuming,1,GREEN
102_2054,102,0.8922,vacuuming,vacuuming,1,GREEN
102_2055,102,0.9505,vacuuming,vacuuming,1,GREEN
102_2056,102,0.9755,vacuuming,vacuuming,1,GREEN
102_2057,102,0.9778,vacuuming,vacuuming,1,GREEN
102_2058,102,0.9478,vacuuming,vacuuming,1,GREEN
102_2059,102,0.9156,vacuuming,vacuuming,1,GREEN
102_2060,102,0.9793,vacuuming,vacuuming,1,GREEN
102_2061,102,0.9932,vacuuming,vacuuming,1,GREEN
102_2062,102,0.9931,vacuuming,vacuuming,1,GREEN
102_2063,102,0.9233,vacuuming,vacuuming,1,GREEN
102_2064,102,0.8795,vacuuming,vacuuming,1,GREEN
102_2065,102,0.8099,vacuuming,vacuuming,1,GREEN
102_2066,102,0.5566,vacuuming,vacuuming,1,YELLOW
102_2067,102,0.5785,vacuuming,vacuuming,1,YELLOW
102_2068,102,0.6868,vacuuming,vacuuming,1,YELLOW
102_2069,102,0.9614,vacuuming,vacuuming,1,GREEN
102_2070,102,0.9841,vacuuming,vacuuming,1,GREEN
102_2071,102,0.9896,vacuuming,vacuuming,1,GREEN
102_2072,102,0.9941,vacuuming,vacuuming,1,GREEN
102_2073,102,0.9318,vacuuming,vacuuming,1,GREEN
102_2074,102,0.9014,vacuuming,vacuuming,1,GREEN
102_2075,102,0.7421,vacuuming,vacuuming,1,YELLOW
102_2076,102,0.7818,vacuuming,vacuuming,1,GREEN
102_2077,102,0.5959,vacuuming,vacuuming,1,YELLOW
102_2078,102,0.8336,vacuuming,vacuuming,1,GREEN
102_2079,102,0.7765,vacuuming,vacuuming,1,GREEN
102_2080,102,0.8822,vacuuming,vacuuming,1,GREEN
102_2081,102,0.9622,vacuuming,vacuuming,1,GREEN
102_2082,102,0.995,vacuuming,vacuuming,1,GREEN
102_2083,102,0.9892,vacuuming,vacuuming,1,GREEN
102_2084,102,0.9866,vacuuming,vacuuming,1,GREEN
102_2085,102,0.9902,vacuuming,vacuuming,1,GREEN
102_2086,102,0.9998,vacuuming,vacuuming,1,GREEN
102_2087,102,0.9977,vacuuming,vacuuming,1,GREEN
102_2088,102,0.8009,vacuuming,vacuuming,1,GREEN
102_2089,102,0.6858,vacuuming,vacuuming,1,YELLOW
102_2090,102,0.6051,vacuuming,vacuuming,1,YELLOW
102_2091,102,0.498,vacuuming,vacuuming,1,YELLOW
102_2092,102,0.5188,vacuuming,vacuuming,1,YELLOW
102_2093,102,0.9021,vacuuming,vacuuming,1,GREEN
102_2094,102,0.9706,vacuuming,vacuuming,1,GREEN
102_2095,102,0.9949,vacuuming,vacuuming,1,GREEN
102_2096,102,0.9848,vacuuming,vacuuming,1,GREEN
102_2097,102,0.8221,vacuuming,vacuuming,1,GREEN
102_2098,102,0.9707,vacuuming,vacuuming,1,GREEN
102_2099,102,0.9587,vacuuming,vacuuming,1,GREEN
102_2100,102,0.9947,vacuuming,vacuuming,1,GREEN
102_2101,102,0.9938,vacuuming,vacuuming,1,GREEN
102_2102,102,0.9178,vacuuming,vacuuming,1,GREEN
102_2103,102,0.5501,vacuuming,vacuuming,1,YELLOW
102_2104,102,0.5226,cycling,vacuuming,0,YELLOW
102_2105,102,0.3737,cycling,vacuuming,0,RED
102_2106,102,0.6109,vacuuming,vacuuming,1,YELLOW
102_2107,102,0.8932,vacuuming,vacuuming,1,GREEN
102_2108,102,0.9438,vacuuming,vacuuming,1,GREEN
102_2109,102,0.9752,vacuuming,vacuuming,1,GREEN
102_2110,102,0.8891,vacuuming,vacuuming,1,GREEN
102_2111,102,0.9274,vacuuming,vacuuming,1,GREEN
102_2112,102,0.7749,vacuuming,vacuuming,1,GREEN
102_2113,102,0.7297,vacuuming,vacuuming,1,YELLOW
102_2114,102,0.8048,vacuuming,vacuuming,1,GREEN
102_2115,102,0.8268,vacuuming,vacuuming,1,GREEN
102_2116,102,0.8799,vacuuming,vacuuming,1,GREEN
102_2117,102,0.976,vacuuming,vacuuming,1,GREEN
102_2118,102,0.9461,vacuuming,vacuuming,1,GREEN
102_2119,102,0.9975,vacuuming,vacuuming,1,GREEN
102_2120,102,0.9677,vacuuming,vacuuming,1,GREEN
102_2121,102,0.9565,vacuuming,vacuuming,1,GREEN
102_2122,102,0.9934,vacuuming,vacuuming,1,GREEN
102_2123,102,0.9895,vacuuming,vacuuming,1,GREEN
102_2124,102,0.9872,vacuuming,vacuuming,1,GREEN
102_2125,102,0.9923,vacuuming,vacuuming,1,GREEN
102_2126,102,0.9701,vacuuming,vacuuming,1,GREEN
102_2127,102,0.9802,vacuuming,vacuuming,1,GREEN
102_2128,102,0.7589,vacuuming,vacuuming,1,GREEN
102_2129,102,0.9587,vacuuming,vacuuming,1,GREEN
102_2130,102,0.9808,vacuuming,vacuuming,1,GREEN
102_2131,102,0.9164,vacuuming,vacuuming,1,GREEN
102_2132,102,0.9721,vacuuming,vacuuming,1,GREEN
102_2133,102,0.9502,vacuuming,vacuuming,1,GREEN
102_2134,102,0.9952,vacuuming,vacuuming,1,GREEN
102_2135,102,0.9963,vacuuming,vacuuming,1,GREEN
102_2136,102,0.9708,vacuuming,vacuuming,1,GREEN
102_2137,102,0.979,vacuuming,vacuuming,1,GREEN
102_2138,102,0.9523,vacuuming,vacuuming,1,GREEN
102_2139,102,0.9961,vacuuming,vacuuming,1,GREEN
102_2140,102,0.9572,vacuuming,vacuuming,1,GREEN
102_2141,102,0.9853,vacuuming,vacuuming,1,GREEN
102_2142,102,0.9841,vacuuming,vacuuming,1,GREEN
102_2143,102,0.9765,vacuuming,vacuuming,1,GREEN
102_2144,102,0.9841,vacuuming,vacuuming,1,GREEN
102_2145,102,0.977,vacuuming,vacuuming,1,GREEN
102_2146,102,0.9812,vacuuming,vacuuming,1,GREEN
102_2147,102,0.9563,vacuuming,vacuuming,1,GREEN
102_2148,102,0.9919,vacuuming,vacuuming,1,GREEN
102_2149,102,0.9563,vacuuming,vacuuming,1,GREEN
102_2150,102,0.9017,vacuuming,vacuuming,1,GREEN
102_2151,102,0.9833,vacuuming,vacuuming,1,GREEN
102_2152,102,0.9702,vacuuming,vacuuming,1,GREEN
102_2153,102,0.9342,vacuuming,vacuuming,1,GREEN
102_2154,102,0.9895,vacuuming,vacuuming,1,GREEN
102_2155,102,0.8323,vacuuming,vacuuming,1,GREEN
102_2156,102,0.9226,vacuuming,vacuuming,1,GREEN
102_2157,102,0.9921,vacuuming,vacuuming,1,GREEN
102_2158,102,0.9909,vacuuming,vacuuming,1,GREEN
102_2159,102,0.9789,vacuuming,vacuuming,1,GREEN
102_2160,102,0.9267,vacuuming,vacuuming,1,GREEN
102_2161,102,0.8784,vacuuming,vacuuming,1,GREEN
102_2162,102,0.6914,vacuuming,vacuuming,1,YELLOW
102_2163,102,0.7577,vacuuming,vacuuming,1,GREEN
102_2164,102,0.7335,vacuuming,vacuuming,1,YELLOW
102_2165,102,0.8365,vacuuming,vacuuming,1,GREEN
102_2166,102,0.9946,vacuuming,vacuuming,1,GREEN
102_2167,102,0.9761,vacuuming,vacuuming,1,GREEN
102_2168,102,0.9264,vacuuming,vacuuming,1,GREEN
102_2169,102,0.7544,vacuuming,vacuuming,1,GREEN
102_2170,102,0.6706,vacuuming,vacuuming,1,YELLOW
102_2171,102,0.8858,vacuuming,vacuuming,1,GREEN
102_2172,102,0.9539,vacuuming,vacuuming,1,GREEN
102_2173,102,0.9747,vacuuming,vacuuming,1,GREEN
102_2174,102,0.9414,vacuuming,vacuuming,1,GREEN
102_2175,102,0.969,vacuuming,vacuuming,1,GREEN
102_2176,102,0.9793,vacuuming,vacuuming,1,GREEN
102_2177,102,0.8745,vacuuming,vacuuming,1,GREEN
102_2178,102,0.875,vacuuming,vacuuming,1,GREEN
102_2179,102,0.9583,vacuuming,vacuuming,1,GREEN
102_2180,102,0.9975,vacuuming,vacuuming,1,GREEN
102_2181,102,0.993,vacuuming,vacuuming,1,GREEN
102_2182,102,0.9868,vacuuming,vacuuming,1,GREEN
102_2183,102,0.9739,vacuuming,vacuuming,1,GREEN
102_2184,102,0.9952,vacuuming,vacuuming,1,GREEN
102_2185,102,0.9835,vacuuming,vacuuming,1,GREEN
102_2186,102,0.8843,vacuuming,vacuuming,1,GREEN
102_2187,102,0.978,vacuuming,vacuuming,1,GREEN
102_2188,102,0.8455,vacuuming,vacuuming,1,GREEN
102_2189,102,0.8817,vacuuming,vacuuming,1,GREEN
102_2190,102,0.8217,vacuuming,vacuuming,1,GREEN
102_2191,102,0.8071,vacuuming,vacuuming,1,GREEN
102_2192,102,0.8034,vacuuming,vacuuming,1,GREEN
102_2193,102,0.7532,vacuuming,vacuuming,1,GREEN
102_2194,102,0.6756,vacuuming,vacuuming,1,YELLOW
102_2195,102,0.7951,vacuuming,vacuuming,1,GREEN
102_2196,102,0.8365,vacuuming,vacuuming,1,GREEN
102_2197,102,0.8326,vacuuming,vacuuming,1,GREEN
102_2198,102,0.8132,vacuuming,vacuuming,1,GREEN
102_2199,102,0.8387,vacuuming,vacuuming,1,GREEN
102_2200,102,0.9563,vacuuming,vacuuming,1,GREEN
102_2201,102,0.9598,vacuuming,vacuuming,1,GREEN
102_2202,102,0.8862,vacuuming,vacuuming,1,GREEN
102_2203,102,0.7672,vacuuming,vacuuming,1,GREEN
102_2204,102,0.8566,vacuuming,vacuuming,1,GREEN
102_2205,102,0.9271,vacuuming,vacuuming,1,GREEN
102_2206,102,0.8642,vacuuming,vacuuming,1,GREEN
102_2207,102,0.8814,vacuuming,vacuuming,1,GREEN
102_2208,102,0.8872,vacuuming,vacuuming,1,GREEN
102_2209,102,0.8816,vacuuming,vacuuming,1,GREEN
102_2210,102,0.8572,vacuuming,vacuuming,1,GREEN
102_2211,102,0.9206,vacuuming,vacuuming,1,GREEN
102_2212,102,0.7934,vacuuming,vacuuming,1,GREEN
102_2213,102,0.6291,vacuuming,vacuuming,1,YELLOW
102_2214,102,0.7387,vacuuming,vacuuming,1,YELLOW
102_2215,102,0.9554,vacuuming,vacuuming,1,GREEN
102_2216,102,0.955,vacuuming,vacuuming,1,GREEN
102_2217,102,0.851,vacuuming,vacuuming,1,GREEN
102_2218,102,0.7467,vacuuming,vacuuming,1,YELLOW
102_2219,102,0.5728,vacuuming,vacuuming,1,YELLOW
102_2220,102,0.4187,vacuuming,vacuuming,1,RED
102_2221,102,0.61,vacuuming,vacuuming,1,YELLOW
102_2222,102,0.7943,vacuuming,vacuuming,1,GREEN
102_2223,102,0.9146,vacuuming,vacuuming,1,GREEN
102_2224,102,0.9037,vacuuming,vacuuming,1,GREEN
102_2225,102,0.7979,vacuuming,vacuuming,1,GREEN
102_2226,102,0.9111,vacuuming,vacuuming,1,GREEN
102_2227,102,0.947,vacuuming,vacuuming,1,GREEN
102_2228,102,0.9298,vacuuming,vacuuming,1,GREEN
102_2229,102,0.9434,vacuuming,vacuuming,1,GREEN
102_2230,102,0.905,vacuuming,vacuuming,1,GREEN
102_2231,102,0.7163,vacuuming,vacuuming,1,YELLOW
102_2232,102,0.7878,vacuuming,vacuuming,1,GREEN
102_2233,102,0.7638,vacuuming,vacuuming,1,GREEN
102_2234,102,0.8786,vacuuming,vacuuming,1,GREEN
102_2235,102,0.9401,vacuuming,vacuuming,1,GREEN
102_2236,102,0.9217,vacuuming,vacuuming,1,GREEN
102_2237,102,0.9073,vacuuming,vacuuming,1,GREEN
102_2238,102,0.848,vacuuming,vacuuming,1,GREEN
102_2239,102,0.8452,vacuuming,vacuuming,1,GREEN
102_2240,102,0.9827,vacuuming,vacuuming,1,GREEN
102_2241,102,0.9656,vacuuming,vacuuming,1,GREEN
102_2242,102,0.9682,vacuuming,vacuuming,1,GREEN
102_2243,102,0.9821,vacuuming,vacuuming,1,GREEN
102_2244,102,0.7671,vacuuming,vacuuming,1,GREEN
102_2245,102,0.7521,vacuuming,vacuuming,1,GREEN
102_2246,102,0.7525,vacuuming,vacuuming,1,GREEN
102_2247,102,0.8604,vacuuming,vacuuming,1,GREEN
102_2248,102,0.8638,vacuuming,vacuuming,1,GREEN
102_2249,102,0.8994,vacuuming,vacuuming,1,GREEN
102_2250,102,0.7989,vacuuming,vacuuming,1,GREEN
102_2251,102,0.9556,vacuuming,vacuuming,1,GREEN
102_2252,102,0.927,vacuuming,vacuuming,1,GREEN
102_2253,102,0.9967,vacuuming,vacuuming,1,GREEN
102_2254,102,0.9257,vacuuming,vacuuming,1,GREEN
102_2255,102,0.765,vacuuming,vacuuming,1,GREEN
102_2256,102,0.733,vacuuming,vacuuming,1,YELLOW
102_2257,102,0.7667,vacuuming,vacuuming,1,GREEN
102_2258,102,0.7052,vacuuming,vacuuming,1,YELLOW
102_2259,102,0.6247,vacuuming,vacuuming,1,YELLOW
102_2260,102,0.9391,vacuuming,vacuuming,1,GREEN
102_2261,102,0.8907,vacuuming,vacuuming,1,GREEN
102_2262,102,0.9261,vacuuming,vacuuming,1,GREEN
102_2263,102,0.9814,vacuuming,vacuuming,1,GREEN
102_2264,102,0.7085,vacuuming,vacuuming,1,YELLOW
102_2265,102,0.6715,vacuuming,vacuuming,1,YELLOW
102_2266,102,0.8033,vacuuming,vacuuming,1,GREEN
102_2267,102,0.9785,vacuuming,vacuuming,1,GREEN
102_2268,102,0.957,vacuuming,vacuuming,1,GREEN
102_2269,102,0.9721,vacuuming,vacuuming,1,GREEN
102_2270,102,0.9439,vacuuming,vacuuming,1,GREEN
102_2271,102,0.9604,vacuuming,vacuuming,1,GREEN
102_2272,102,0.7773,vacuuming,vacuuming,1,GREEN
102_2273,102,0.7699,vacuuming,vacuuming,1,GREEN
102_2274,102,0.9333,vacuuming,vacuuming,1,GREEN
102_2275,102,0.9338,vacuuming,vacuuming,1,GREEN
102_2276,102,0.9831,vacuuming,vacuuming,1,GREEN
102_2277,102,0.9606,vacuuming,vacuuming,1,GREEN
102_2278,102,0.9272,vacuuming,vacuuming,1,GREEN
102_2279,102,0.941,vacuuming,vacuuming,1,GREEN
102_2280,102,0.8361,vacuuming,vacuuming,1,GREEN
102_2281,102,0.7934,vacuuming,vacuuming,1,GREEN
102_2282,102,0.6365,vacuuming,vacuuming,1,YELLOW
102_2283,102,0.651,vacuuming,vacuuming,1,YELLOW
102_2284,102,0.9502,vacuuming,vacuuming,1,GREEN
102_2285,102,0.8977,vacuuming,vacuuming,1,GREEN
102_2286,102,0.883,vacuuming,vacuuming,1,GREEN
102_2287,102,0.8656,vacuuming,vacuuming,1,GREEN
102_2288,102,0.7516,vacuuming,vacuuming,1,GREEN
102_2289,102,0.7424,vacuuming,vacuuming,1,YELLOW
102_2290,102,0.9017,vacuuming,vacuuming,1,GREEN
102_2291,102,0.9858,vacuuming,vacuuming,1,GREEN
102_2292,102,0.9798,vacuuming,vacuuming,1,GREEN
102_2293,102,0.9136,vacuuming,vacuuming,1,GREEN
102_2294,102,0.9302,vacuuming,vacuuming,1,GREEN
102_2295,102,0.9153,vacuuming,vacuuming,1,GREEN
102_2296,102,0.8124,vacuuming,vacuuming,1,GREEN
102_2297,102,0.8318,vacuuming,vacuuming,1,GREEN
102_2298,102,0.9705,vacuuming,vacuuming,1,GREEN
102_2299,102,0.9708,vacuuming,vacuuming,1,GREEN
102_2300,102,0.9184,vacuuming,vacuuming,1,GREEN
102_2301,102,0.9003,vacuuming,vacuuming,1,GREEN
102_2302,102,0.9746,vacuuming,vacuuming,1,GREEN
102_2303,102,0.9396,vacuuming,vacuuming,1,GREEN
102_2304,102,0.908,vacuuming,vacuuming,1,GREEN
102_2305,102,0.8756,vacuuming,vacuuming,1,GREEN
102_2306,102,0.7787,vacuuming,vacuuming,1,GREEN
102_2307,102,0.9868,vacuuming,vacuuming,1,GREEN
102_2308,102,0.989,vacuuming,vacuuming,1,GREEN
102_2309,102,0.7175,vacuuming,vacuuming,1,YELLOW
102_2310,102,0.7028,vacuuming,vacuuming,1,YELLOW
102_2311,102,0.7424,vacuuming,vacuuming,1,YELLOW
102_2312,102,0.8825,vacuuming,vacuuming,1,GREEN
102_2313,102,0.8467,vacuuming,vacuuming,1,GREEN
102_2314,102,0.8524,vacuuming,vacuuming,1,GREEN
102_2315,102,0.948,vacuuming,vacuuming,1,GREEN
102_2316,102,0.9209,vacuuming,vacuuming,1,GREEN
102_2317,102,0.9328,vacuuming,vacuuming,1,GREEN
102_2318,102,0.928,vacuuming,vacuuming,1,GREEN
102_2319,102,0.9154,vacuuming,vacuuming,1,GREEN
102_2320,102,0.9289,vacuuming,vacuuming,1,GREEN
102_2321,102,0.8077,vacuuming,vacuuming,1,GREEN
102_2322,102,0.9197,vacuuming,vacuuming,1,GREEN
102_2323,102,0.9994,vacuuming,vacuuming,1,GREEN
102_2324,102,0.9953,vacuuming,vacuuming,1,GREEN
102_2325,102,0.9938,vacuuming,vacuuming,1,GREEN
102_2326,102,0.963,vacuuming,vacuuming,1,GREEN
102_2327,102,0.942,vacuuming,vacuuming,1,GREEN
102_2328,102,0.8052,vacuuming,vacuuming,1,GREEN
102_2329,102,0.9112,vacuuming,vacuuming,1,GREEN
102_2330,102,0.7788,vacuuming,vacuuming,1,GREEN
102_2331,102,0.7693,vacuuming,vacuuming,1,GREEN
102_2332,102,0.7128,vacuuming,vacuuming,1,YELLOW
102_2333,102,0.8245,vacuuming,vacuuming,1,GREEN
102_2334,102,0.8208,vacuuming,vacuuming,1,GREEN
102_2335,102,0.9681,vacuuming,vacuuming,1,GREEN
102_2336,102,0.9163,vacuuming,vacuuming,1,GREEN
102_2337,102,0.7904,vacuuming,vacuuming,1,GREEN
102_2338,102,0.8235,vacuuming,vacuuming,1,GREEN
102_2339,102,0.985,vacuuming,vacuuming,1,GREEN
102_2340,102,0.9556,vacuuming,vacuuming,1,GREEN
102_2341,102,0.8029,vacuuming,vacuuming,1,GREEN
102_2342,102,0.8773,vacuuming,vacuuming,1,GREEN
102_2343,102,0.9659,vacuuming,vacuuming,1,GREEN
102_2344,102,0.9906,vacuuming,vacuuming,1,GREEN
102_2345,102,0.9955,vacuuming,vacuuming,1,GREEN
102_2346,102,0.9967,vacuuming,vacuuming,1,GREEN
102_2347,102,0.9881,vacuuming,vacuuming,1,GREEN
102_2348,102,0.9938,vacuuming,vacuuming,1,GREEN
102_2349,102,0.9585,vacuuming,vacuuming,1,GREEN
102_2350,102,0.9405,vacuuming,vacuuming,1,GREEN
102_2351,102,0.9549,vacuuming,vacuuming,1,GREEN
102_2352,102,0.9971,vacuuming,vacuuming,1,GREEN
102_2353,102,0.8992,vacuuming,vacuuming,1,GREEN
102_2354,102,0.8882,vacuuming,vacuuming,1,GREEN
102_2355,102,0.7746,vacuuming,vacuuming,1,GREEN
102_2356,102,0.9214,vacuuming,vacuuming,1,GREEN
102_2357,102,0.8086,vacuuming,vacuuming,1,GREEN
102_2358,102,0.8437,vacuuming,vacuuming,1,GREEN
102_2359,102,0.8505,vacuuming,vacuuming,1,GREEN
102_2360,102,0.9134,vacuuming,vacuuming,1,GREEN
102_2361,102,0.8885,vacuuming,vacuuming,1,GREEN
102_2362,102,0.9058,vacuuming,vacuuming,1,GREEN
102_2363,102,0.9145,vacuuming,vacuuming,1,GREEN
102_2364,102,0.9745,vacuuming,vacuuming,1,GREEN
102_2365,102,0.9905,vacuuming,vacuuming,1,GREEN
102_2366,102,0.9277,vacuuming,vacuuming,1,GREEN
102_2367,102,0.5003,vacuuming,vacuuming,1,YELLOW
102_2368,102,0.6659,vacuuming,vacuuming,1,YELLOW
102_2369,102,0.7617,vacuuming,vacuuming,1,GREEN
102_2370,102,0.9381,vacuuming,vacuuming,1,GREEN
102_2371,102,0.9749,vacuuming,vacuuming,1,GREEN
102_2372,102,0.929,vacuuming,vacuuming,1,GREEN
102_2373,102,0.9679,vacuuming,vacuuming,1,GREEN
102_2374,102,0.9712,vacuuming,vacuuming,1,GREEN
102_2375,102,0.9709,vacuuming,vacuuming,1,GREEN
102_2376,102,0.9549,vacuuming,vacuuming,1,GREEN
102_2377,102,0.8369,vacuuming,vacuuming,1,GREEN
102_2378,102,0.8988,vacuuming,vacuuming,1,GREEN
102_2379,102,0.9031,vacuuming,vacuuming,1,GREEN
102_2380,102,0.8126,vacuuming,vacuuming,1,GREEN
102_2381,102,0.856,vacuuming,vacuuming,1,GREEN
102_2382,102,0.9776,vacuuming,vacuuming,1,GREEN
102_2383,102,0.9537,vacuuming,vacuuming,1,GREEN
102_2384,102,0.9237,vacuuming,vacuuming,1,GREEN
102_2385,102,0.9284,vacuuming,vacuuming,1,GREEN
102_2386,102,0.978,vacuuming,vacuuming,1,GREEN
102_2387,102,0.9377,vacuuming,vacuuming,1,GREEN
102_2388,102,0.7993,vacuuming,vacuuming,1,GREEN
102_2389,102,0.6518,vacuuming,vacuuming,1,YELLOW
102_2390,102,0.751,vacuuming,vacuuming,1,GREEN
102_2391,102,0.5354,vacuuming,vacuuming,1,YELLOW
102_2392,102,0.6852,vacuuming,vacuuming,1,YELLOW
102_2393,102,0.4609,vacuuming,vacuuming,1,YELLOW
102_2394,102,0.2902,vacuuming,vacuuming,1,RED
102_2395,102,0.3632,vacuuming,vacuuming,1,RED
102_2396,102,0.4769,vacuuming,vacuuming,1,YELLOW
102_2397,102,0.6589,vacuuming,vacuuming,1,YELLOW
102_2398,102,0.6241,vacuuming,vacuuming,1,YELLOW
102_2399,102,0.2665,standing,vacuuming,0,RED
102_2400,102,0.2967,standing,vacuuming,0,RED
102_2401,102,0.2988,standing,vacuuming,0,RED
102_2402,102,0.3529,standing,vacuuming,0,RED
102_2403,102,0.187,stairs_down,stairs_up,0,RED
102_2404,102,0.2148,stairs_down,stairs_up,0,RED
102_2405,102,0.2284,standing,stairs_up,0,RED
102_2406,102,0.2294,standing,stairs_up,0,RED
102_2407,102,0.2239,stairs_up,stairs_up,1,RED
102_2408,102,0.2529,standing,stairs_up,0,RED
102_2409,102,0.2112,standing,stairs_up,0,RED
102_2410,102,0.2475,standing,stairs_up,0,RED
102_2411,102,0.2099,sitting,stairs_up,0,RED
102_2412,102,0.3263,vacuuming,stairs_up,0,RED
102_2413,102,0.4453,vacuuming,stairs_up,0,RED
102_2414,102,0.3736,stairs_up,stairs_up,1,RED
102_2415,102,0.5945,stairs_up,stairs_up,1,YELLOW
102_2416,102,0.7982,stairs_up,stairs_up,1,GREEN
102_2417,102,0.6227,stairs_up,stairs_up,1,YELLOW
102_2418,102,0.7489,stairs_up,stairs_up,1,YELLOW
102_2419,102,0.7696,stairs_up,stairs_up,1,GREEN
102_2420,102,0.7478,stairs_up,stairs_up,1,YELLOW
102_2421,102,0.7958,stairs_up,stairs_up,1,GREEN
102_2422,102,0.7841,stairs_up,stairs_up,1,GREEN
102_2423,102,0.9105,stairs_up,stairs_up,1,GREEN
102_2424,102,0.8606,stairs_up,stairs_up,1,GREEN
102_2425,102,0.7059,stairs_up,stairs_up,1,YELLOW
102_2426,102,0.8437,stairs_up,stairs_up,1,GREEN
102_2427,102,0.704,stairs_up,stairs_up,1,YELLOW
102_2428,102,0.7675,stairs_up,stairs_up,1,GREEN
102_2429,102,0.7951,stairs_up,stairs_up,1,GREEN
102_2430,102,0.8956,stairs_up,stairs_up,1,GREEN
102_2431,102,0.8835,stairs_up,stairs_up,1,GREEN
102_2432,102,0.8643,stairs_up,stairs_up,1,GREEN
102_2433,102,0.952,stairs_up,stairs_up,1,GREEN
102_2434,102,0.9285,stairs_up,stairs_up,1,GREEN
102_2435,102,0.9398,stairs_up,stairs_up,1,GREEN
102_2436,102,0.9201,stairs_up,stairs_up,1,GREEN
102_2437,102,0.8838,stairs_up,stairs_up,1,GREEN
102_2438,102,0.9394,stairs_up,stairs_up,1,GREEN
102_2439,102,0.6858,stairs_up,stairs_up,1,YELLOW
102_2440,102,0.7388,stairs_up,stairs_up,1,YELLOW
102_2441,102,0.5975,stairs_up,stairs_up,1,YELLOW
102_2442,102,0.7397,stairs_up,stairs_up,1,YELLOW
102_2443,102,0.7355,stairs_up,stairs_up,1,YELLOW
102_2444,102,0.7165,stairs_up,stairs_up,1,YELLOW
102_2445,102,0.9061,stairs_up,stairs_up,1,GREEN
102_2446,102,0.8696,stairs_up,stairs_up,1,GREEN
102_2447,102,0.7598,stairs_up,stairs_up,1,GREEN
102_2448,102,0.865,stairs_up,stairs_up,1,GREEN
102_2449,102,0.873,stairs_up,stairs_up,1,GREEN
102_2450,102,0.8849,stairs_up,stairs_up,1,GREEN
102_2451,102,0.9323,stairs_up,stairs_up,1,GREEN
102_2452,102,0.9344,stairs_up,stairs_up,1,GREEN
102_2453,102,0.9154,stairs_up,stairs_up,1,GREEN
102_2454,102,0.8899,stairs_up,stairs_up,1,GREEN
102_2455,102,0.8432,stairs_up,stairs_up,1,GREEN
102_2456,102,0.815,stairs_up,stairs_up,1,GREEN
102_2457,102,0.8647,stairs_up,stairs_up,1,GREEN
102_2458,102,0.8846,stairs_up,stairs_up,1,GREEN
102_2459,102,0.9297,stairs_up,stairs_up,1,GREEN
102_2460,102,0.8966,stairs_up,stairs_up,1,GREEN
102_2461,102,0.9027,stairs_up,stairs_up,1,GREEN
102_2462,102,0.914,stairs_up,stairs_up,1,GREEN
102_2463,102,0.9647,stairs_up,stairs_up,1,GREEN
102_2464,102,0.8055,stairs_up,stairs_up,1,GREEN
102_2465,102,0.8248,stairs_up,stairs_up,1,GREEN
102_2466,102,0.8857,stairs_up,stairs_up,1,GREEN
102_2467,102,0.8959,stairs_up,stairs_up,1,GREEN
102_2468,102,0.8439,stairs_up,stairs_up,1,GREEN
102_2469,102,0.8122,stairs_up,stairs_up,1,GREEN
102_2470,102,0.8683,stairs_up,stairs_up,1,GREEN
102_2471,102,0.8927,stairs_up,stairs_up,1,GREEN
102_2472,102,0.9051,stairs_up,stairs_up,1,GREEN
102_2473,102,0.8702,stairs_up,stairs_up,1,GREEN
102_2474,102,0.9125,stairs_up,stairs_up,1,GREEN
102_2475,102,0.9258,stairs_up,stairs_up,1,GREEN
102_2476,102,0.8949,stairs_up,stairs_up,1,GREEN
102_2477,102,0.9542,stairs_up,stairs_up,1,GREEN
102_2478,102,0.6441,stairs_up,stairs_up,1,YELLOW
102_2479,102,0.7144,stairs_up,stairs_up,1,YELLOW
102_2480,102,0.8858,stairs_up,stairs_up,1,GREEN
102_2481,102,0.8722,stairs_up,stairs_up,1,GREEN
102_2482,102,0.7868,stairs_up,stairs_up,1,GREEN
102_2483,102,0.8968,stairs_up,stairs_up,1,GREEN
102_2484,102,0.9068,stairs_up,stairs_up,1,GREEN
102_2485,102,0.9429,stairs_up,stairs_up,1,GREEN
102_2486,102,0.9455,stairs_up,stairs_up,1,GREEN
102_2487,102,0.8194,stairs_up,stairs_up,1,GREEN
102_2488,102,0.895,stairs_up,stairs_up,1,GREEN
102_2489,102,0.9627,stairs_up,stairs_up,1,GREEN
102_2490,102,0.8431,stairs_up,stairs_up,1,GREEN
102_2491,102,0.897,stairs_up,stairs_up,1,GREEN
102_2492,102,0.9398,stairs_up,stairs_up,1,GREEN
102_2493,102,0.814,stairs_up,stairs_up,1,GREEN
102_2494,102,0.8341,stairs_up,stairs_up,1,GREEN
102_2495,102,0.9313,stairs_up,stairs_up,1,GREEN
102_2496,102,0.9059,stairs_up,stairs_up,1,GREEN
102_2497,102,0.8039,stairs_up,stairs_up,1,GREEN
102_2498,102,0.887,stairs_up,stairs_up,1,GREEN
102_2499,102,0.9224,stairs_up,stairs_up,1,GREEN
102_2500,102,0.9069,stairs_up,stairs_up,1,GREEN
102_2501,102,0.8909,stairs_up,stairs_up,1,GREEN
102_2502,102,0.8535,stairs_up,stairs_up,1,GREEN
102_2503,102,0.8537,stairs_up,stairs_up,1,GREEN
102_2504,102,0.7785,stairs_up,stairs_up,1,GREEN
102_2505,102,0.7956,stairs_up,stairs_up,1,GREEN
102_2506,102,0.8883,stairs_up,stairs_up,1,GREEN
102_2507,102,0.6297,stairs_up,stairs_up,1,YELLOW
102_2508,102,0.6297,stairs_up,stairs_up,1,YELLOW
102_2509,102,0.6482,stairs_up,stairs_up,1,YELLOW
102_2510,102,0.6544,stairs_up,stairs_up,1,YELLOW
102_2511,102,0.7056,stairs_up,stairs_up,1,YELLOW
102_2512,102,0.4083,stairs_up,stairs_up,1,RED
102_2513,102,0.3504,stairs_up,stairs_up,1,RED
102_2514,102,0.6787,stairs_up,stairs_up,1,YELLOW
102_2515,102,0.8214,stairs_up,stairs_up,1,GREEN
102_2516,102,0.9196,stairs_up,stairs_up,1,GREEN
102_2517,102,0.9489,stairs_up,stairs_up,1,GREEN
102_2518,102,0.9551,stairs_up,stairs_up,1,GREEN
102_2519,102,0.9402,stairs_up,stairs_up,1,GREEN
102_2520,102,0.903,stairs_up,stairs_up,1,GREEN
102_2521,102,0.8929,stairs_up,stairs_up,1,GREEN
102_2522,102,0.5556,walking,stairs_up,0,YELLOW
102_2523,102,0.5548,walking,stairs_up,0,YELLOW
102_2524,102,0.7524,stairs_up,stairs_up,1,GREEN
102_2525,102,0.6253,stairs_up,stairs_up,1,YELLOW
102_2526,102,0.7618,stairs_up,stairs_up,1,GREEN
102_2527,102,0.8627,stairs_up,stairs_up,1,GREEN
102_2528,102,0.8634,stairs_up,stairs_up,1,GREEN
102_2529,102,0.8953,stairs_up,stairs_up,1,GREEN
102_2530,102,0.9279,stairs_up,stairs_up,1,GREEN
102_2531,102,0.9482,stairs_up,stairs_up,1,GREEN
102_2532,102,0.9341,stairs_up,stairs_up,1,GREEN
102_2533,102,0.9488,stairs_up,stairs_up,1,GREEN
102_2534,102,0.9326,stairs_up,stairs_up,1,GREEN
102_2535,102,0.93,stairs_up,stairs_up,1,GREEN
102_2536,102,0.8896,stairs_up,stairs_up,1,GREEN
102_2537,102,0.9384,stairs_up,stairs_up,1,GREEN
102_2538,102,0.4594,walking,stairs_up,0,YELLOW
102_2539,102,0.6036,stairs_up,stairs_up,1,YELLOW
102_2540,102,0.7142,stairs_up,stairs_up,1,YELLOW
102_2541,102,0.7926,stairs_up,stairs_up,1,GREEN
102_2542,102,0.76,stairs_up,stairs_up,1,GREEN
102_2543,102,0.9013,stairs_up,stairs_up,1,GREEN
102_2544,102,0.8971,stairs_up,stairs_up,1,GREEN
102_2545,102,0.8146,stairs_up,stairs_up,1,GREEN
102_2546,102,0.7168,stairs_up,stairs_up,1,YELLOW
102_2547,102,0.5744,stairs_up,stairs_up,1,YELLOW
102_2548,102,0.9115,stairs_up,stairs_up,1,GREEN
102_2549,102,0.8827,stairs_up,stairs_up,1,GREEN
102_2550,102,0.775,stairs_up,stairs_up,1,GREEN
102_2551,102,0.7345,stairs_up,stairs_up,1,YELLOW
102_2552,102,0.9222,stairs_up,stairs_up,1,GREEN
102_2553,102,0.7777,stairs_up,stairs_up,1,GREEN
102_2554,102,0.7272,stairs_up,stairs_up,1,YELLOW
102_2555,102,0.7333,stairs_up,stairs_up,1,YELLOW
102_2556,102,0.7094,stairs_up,stairs_up,1,YELLOW
102_2557,102,0.7704,stairs_up,stairs_up,1,GREEN
102_2558,102,0.8645,stairs_up,stairs_up,1,GREEN
102_2559,102,0.8551,stairs_up,stairs_up,1,GREEN
102_2560,102,0.8578,stairs_up,stairs_up,1,GREEN
102_2561,102,0.7985,stairs_up,stairs_up,1,GREEN
102_2562,102,0.8586,stairs_up,stairs_up,1,GREEN
102_2563,102,0.8794,stairs_up,stairs_up,1,GREEN
102_2564,102,0.8928,stairs_up,stairs_up,1,GREEN
102_2565,102,0.9103,stairs_up,stairs_up,1,GREEN
102_2566,102,0.9097,stairs_up,stairs_up,1,GREEN
102_2567,102,0.7094,stairs_up,stairs_up,1,YELLOW
102_2568,102,0.4367,vacuuming,stairs_up,0,RED
102_2569,102,0.4585,vacuuming,stairs_up,0,YELLOW
102_2570,102,0.6613,vacuuming,stairs_up,0,YELLOW
102_2571,102,0.3633,vacuuming,stairs_up,0,RED
102_2572,102,0.2885,stairs_up,stairs_up,1,RED
102_2573,102,0.3359,stairs_down,stairs_up,0,RED
102_2574,102,0.2538,standing,stairs_up,0,RED
102_2575,102,0.2539,stairs_down,stairs_up,0,RED
102_2576,102,0.2788,standing,stairs_down,0,RED
102_2577,102,0.34,stairs_down,stairs_down,1,RED
102_2578,102,0.3027,stairs_down,stairs_down,1,RED
102_2579,102,0.2526,stairs_down,stairs_down,1,RED
102_2580,102,0.2388,stairs_down,stairs_down,1,RED
102_2581,102,0.2737,standing,stairs_down,0,RED
102_2582,102,0.2436,stairs_down,stairs_down,1,RED
102_2583,102,0.2333,stairs_up,stairs_down,0,RED
102_2584,102,0.3991,vacuuming,stairs_down,0,RED
102_2585,102,0.4562,vacuuming,stairs_down,0,YELLOW
102_2586,102,0.3241,vacuuming,stairs_down,0,RED
102_2587,102,0.3269,stairs_up,stairs_down,0,RED
102_2588,102,0.3071,stairs_down,stairs_down,1,RED
102_2589,102,0.4466,stairs_down,stairs_down,1,RED
102_2590,102,0.5362,stairs_up,stairs_down,0,YELLOW
102_2591,102,0.5406,stairs_down,stairs_down,1,YELLOW
102_2592,102,0.3896,stairs_down,stairs_down,1,RED
102_2593,102,0.5758,stairs_down,stairs_down,1,YELLOW
102_2594,102,0.6064,stairs_down,stairs_down,1,YELLOW
102_2595,102,0.6228,stairs_down,stairs_down,1,YELLOW
102_2596,102,0.5973,stairs_down,stairs_down,1,YELLOW
102_2597,102,0.7181,stairs_down,stairs_down,1,YELLOW
102_2598,102,0.7496,stairs_down,stairs_down,1,YELLOW
102_2599,102,0.7233,stairs_down,stairs_down,1,YELLOW
102_2600,102,0.7208,stairs_down,stairs_down,1,YELLOW
102_2601,102,0.2729,stairs_down,stairs_down,1,RED
102_2602,102,0.5744,stairs_down,stairs_down,1,YELLOW
102_2603,102,0.3997,stairs_down,stairs_down,1,RED
102_2604,102,0.3826,stairs_down,stairs_down,1,RED
102_2605,102,0.647,stairs_down,stairs_down,1,YELLOW
102_2606,102,0.6815,stairs_down,stairs_down,1,YELLOW
102_2607,102,0.7256,stairs_down,stairs_down,1,YELLOW
102_2608,102,0.6576,stairs_down,stairs_down,1,YELLOW
102_2609,102,0.7344,stairs_down,stairs_down,1,YELLOW
102_2610,102,0.7737,stairs_down,stairs_down,1,GREEN
102_2611,102,0.4549,stairs_down,stairs_down,1,YELLOW
102_2612,102,0.6913,stairs_down,stairs_down,1,YELLOW
102_2613,102,0.7137,stairs_down,stairs_down,1,YELLOW
102_2614,102,0.5962,stairs_up,stairs_down,0,YELLOW
102_2615,102,0.5889,stairs_down,stairs_down,1,YELLOW
102_2616,102,0.6575,stairs_down,stairs_down,1,YELLOW
102_2617,102,0.5206,stairs_up,stairs_down,0,YELLOW
102_2618,102,0.3296,nordic_walk,stairs_down,0,RED
102_2619,102,0.3478,stairs_down,stairs_down,1,RED
102_2620,102,0.6222,stairs_down,stairs_down,1,YELLOW
102_2621,102,0.667,stairs_down,stairs_down,1,YELLOW
102_2622,102,0.578,stairs_down,stairs_down,1,YELLOW
102_2623,102,0.5236,stairs_down,stairs_down,1,YELLOW
102_2624,102,0.6718,stairs_down,stairs_down,1,YELLOW
102_2625,102,0.3724,vacuuming,stairs_down,0,RED
102_2626,102,0.3459,stairs_down,stairs_down,1,RED
102_2627,102,0.5892,stairs_up,stairs_down,0,YELLOW
102_2628,102,0.5465,stairs_down,stairs_down,1,YELLOW
102_2629,102,0.6844,stairs_down,stairs_down,1,YELLOW
102_2630,102,0.764,stairs_down,stairs_down,1,GREEN
102_2631,102,0.7861,stairs_down,stairs_down,1,GREEN
102_2632,102,0.7872,stairs_down,stairs_down,1,GREEN
102_2633,102,0.765,stairs_down,stairs_down,1,GREEN
102_2634,102,0.687,stairs_down,stairs_down,1,YELLOW
102_2635,102,0.7671,stairs_down,stairs_down,1,GREEN
102_2636,102,0.6363,stairs_down,stairs_down,1,YELLOW
102_2637,102,0.5415,stairs_down,stairs_down,1,YELLOW
102_2638,102,0.3904,vacuuming,stairs_down,0,RED
102_2639,102,0.4106,stairs_down,stairs_down,1,RED
102_2640,102,0.5033,stairs_down,stairs_down,1,YELLOW
102_2641,102,0.534,stairs_up,stairs_down,0,YELLOW
102_2642,102,0.7111,stairs_down,stairs_down,1,YELLOW
102_2643,102,0.6882,stairs_down,stairs_down,1,YELLOW
102_2644,102,0.673,stairs_down,stairs_down,1,YELLOW
102_2645,102,0.7511,stairs_down,stairs_down,1,GREEN
102_2646,102,0.6792,stairs_down,stairs_down,1,YELLOW
102_2647,102,0.713,stairs_down,stairs_down,1,YELLOW
102_2648,102,0.7563,stairs_down,stairs_down,1,GREEN
102_2649,102,0.6541,stairs_down,stairs_down,1,YELLOW
102_2650,102,0.6563,stairs_down,stairs_down,1,YELLOW
102_2651,102,0.4437,vacuuming,stairs_down,0,RED
102_2652,102,0.3055,vacuuming,stairs_down,0,RED
102_2653,102,0.6825,stairs_down,stairs_down,1,YELLOW
102_2654,102,0.5775,stairs_down,stairs_down,1,YELLOW
102_2655,102,0.5357,stairs_down,stairs_down,1,YELLOW
102_2656,102,0.7645,stairs_down,stairs_down,1,GREEN
102_2657,102,0.7743,stairs_down,stairs_down,1,GREEN
102_2658,102,0.5641,stairs_down,stairs_down,1,YELLOW
102_2659,102,0.512,stairs_down,stairs_down,1,YELLOW
102_2660,102,0.6565,stairs_down,stairs_down,1,YELLOW
102_2661,102,0.6609,stairs_down,stairs_down,1,YELLOW
102_2662,102,0.6882,stairs_down,stairs_down,1,YELLOW
102_2663,102,0.651,stairs_down,stairs_down,1,YELLOW
102_2664,102,0.3299,vacuuming,stairs_down,0,RED
102_2665,102,0.4594,stairs_down,stairs_down,1,YELLOW
102_2666,102,0.622,stairs_down,stairs_down,1,YELLOW
102_2667,102,0.6222,stairs_down,stairs_down,1,YELLOW
102_2668,102,0.6495,stairs_down,stairs_down,1,YELLOW
102_2669,102,0.66,stairs_down,stairs_down,1,YELLOW
102_2670,102,0.5402,stairs_down,stairs_down,1,YELLOW
102_2671,102,0.6055,stairs_down,stairs_down,1,YELLOW
102_2672,102,0.5139,stairs_down,stairs_down,1,YELLOW
102_2673,102,0.5314,stairs_down,stairs_down,1,YELLOW
102_2674,102,0.642,stairs_down,stairs_down,1,YELLOW
102_2675,102,0.7362,stairs_down,stairs_down,1,YELLOW
102_2676,102,0.6661,stairs_down,stairs_down,1,YELLOW
102_2677,102,0.47,stairs_up,stairs_down,0,YELLOW
102_2678,102,0.5905,stairs_down,stairs_down,1,YELLOW
102_2679,102,0.5719,stairs_down,stairs_down,1,YELLOW
102_2680,102,0.7416,stairs_down,stairs_down,1,YELLOW
102_2681,102,0.7593,stairs_down,stairs_down,1,GREEN
102_2682,102,0.7075,stairs_down,stairs_down,1,YELLOW
102_2683,102,0.5883,stairs_down,stairs_down,1,YELLOW
102_2684,102,0.4873,stairs_down,stairs_down,1,YELLOW
102_2685,102,0.4791,stairs_down,stairs_down,1,YELLOW
102_2686,102,0.6124,stairs_down,stairs_down,1,YELLOW
102_2687,102,0.525,stairs_down,stairs_down,1,YELLOW
102_2688,102,0.4066,stairs_down,stairs_down,1,RED
102_2689,102,0.4373,stairs_down,stairs_down,1,RED
102_2690,102,0.4222,stairs_down,stairs_down,1,RED
102_2691,102,0.7277,stairs_down,stairs_down,1,YELLOW
102_2692,102,0.4061,stairs_up,stairs_down,0,RED
102_2693,102,0.6109,stairs_down,stairs_down,1,YELLOW
102_2694,102,0.6443,stairs_down,stairs_down,1,YELLOW
102_2695,102,0.5659,stairs_down,stairs_down,1,YELLOW
102_2696,102,0.6985,stairs_down,stairs_down,1,YELLOW
102_2697,102,0.4005,walking,stairs_down,0,RED
102_2698,102,0.307,stairs_down,stairs_down,1,RED
102_2699,102,0.6112,stairs_up,stairs_down,0,YELLOW
102_2700,102,0.7205,stairs_down,stairs_down,1,YELLOW
102_2701,102,0.5097,stairs_down,stairs_down,1,YELLOW
102_2702,102,0.4232,stairs_down,stairs_down,1,RED
102_2703,102,0.4826,stairs_down,stairs_down,1,YELLOW
102_2704,102,0.5558,stairs_down,stairs_down,1,YELLOW
102_2705,102,0.4837,stairs_down,stairs_down,1,YELLOW
102_2706,102,0.4844,stairs_down,stairs_down,1,YELLOW
102_2707,102,0.6136,stairs_down,stairs_down,1,YELLOW
102_2708,102,0.61,stairs_down,stairs_down,1,YELLOW
102_2709,102,0.6246,stairs_down,stairs_down,1,YELLOW
102_2710,102,0.5404,vacuuming,stairs_down,0,YELLOW
102_2711,102,0.5424,vacuuming,stairs_down,0,YELLOW
102_2712,102,0.4322,stairs_up,stairs_down,0,RED
102_2713,102,0.6519,nordic_walk,stairs_down,0,YELLOW
102_2714,102,0.4945,nordic_walk,stairs_down,0,YELLOW
102_2715,102,0.3198,stairs_up,stairs_down,0,RED
102_2716,102,0.4721,stairs_down,stairs_down,1,YELLOW
102_2717,102,0.6097,stairs_down,stairs_down,1,YELLOW
102_2718,102,0.6658,stairs_down,stairs_down,1,YELLOW
102_2719,102,0.5747,stairs_down,stairs_down,1,YELLOW
102_2720,102,0.467,stairs_down,stairs_down,1,YELLOW
102_2721,102,0.5571,stairs_up,stairs_down,0,YELLOW
102_2722,102,0.4669,vacuuming,stairs_down,0,YELLOW
102_2723,102,0.5565,vacuuming,stairs_down,0,YELLOW
102_2724,102,0.5909,vacuuming,stairs_down,0,YELLOW
102_2725,102,0.3159,vacuuming,stairs_down,0,RED
102_2726,102,0.1771,stairs_up,stairs_down,0,RED
102_2727,102,0.2295,stairs_down,stairs_down,1,RED
102_2728,102,0.2514,sitting,stairs_down,0,RED
102_2729,102,0.2433,stairs_down,stairs_down,1,RED
102_2730,102,0.4644,standing,stairs_up,0,YELLOW
102_2731,102,0.4632,standing,stairs_up,0,YELLOW
102_2732,102,0.5132,standing,stairs_up,0,YELLOW
102_2733,102,0.5029,standing,stairs_up,0,YELLOW
102_2734,102,0.4371,standing,stairs_up,0,RED
102_2735,102,0.4487,standing,stairs_up,0,RED
102_2736,102,0.3761,standing,stairs_up,0,RED
102_2737,102,0.349,vacuuming,stairs_up,0,RED
102_2738,102,0.4147,vacuuming,stairs_up,0,RED
102_2739,102,0.5537,stairs_up,stairs_up,1,YELLOW
102_2740,102,0.7549,stairs_up,stairs_up,1,GREEN
102_2741,102,0.8551,stairs_up,stairs_up,1,GREEN
102_2742,102,0.9296,stairs_up,stairs_up,1,GREEN
102_2743,102,0.92,stairs_up,stairs_up,1,GREEN
102_2744,102,0.885,stairs_up,stairs_up,1,GREEN
102_2745,102,0.8693,stairs_up,stairs_up,1,GREEN
102_2746,102,0.9019,stairs_up,stairs_up,1,GREEN
102_2747,102,0.8773,stairs_up,stairs_up,1,GREEN
102_2748,102,0.9386,stairs_up,stairs_up,1,GREEN
102_2749,102,0.6435,stairs_up,stairs_up,1,YELLOW
102_2750,102,0.7096,stairs_up,stairs_up,1,YELLOW
102_2751,102,0.6967,stairs_up,stairs_up,1,YELLOW
102_2752,102,0.3956,stairs_up,stairs_up,1,RED
102_2753,102,0.3268,walking,stairs_up,0,RED
102_2754,102,0.5484,stairs_up,stairs_up,1,YELLOW
102_2755,102,0.6418,stairs_up,stairs_up,1,YELLOW
102_2756,102,0.5608,stairs_up,stairs_up,1,YELLOW
102_2757,102,0.7052,stairs_up,stairs_up,1,YELLOW
102_2758,102,0.6772,stairs_up,stairs_up,1,YELLOW
102_2759,102,0.7728,stairs_up,stairs_up,1,GREEN
102_2760,102,0.818,stairs_up,stairs_up,1,GREEN
102_2761,102,0.7994,stairs_up,stairs_up,1,GREEN
102_2762,102,0.7564,stairs_up,stairs_up,1,GREEN
102_2763,102,0.4448,stairs_up,stairs_up,1,RED
102_2764,102,0.6901,stairs_up,stairs_up,1,YELLOW
102_2765,102,0.5816,stairs_up,stairs_up,1,YELLOW
102_2766,102,0.3116,walking,stairs_up,0,RED
102_2767,102,0.2869,stairs_up,stairs_up,1,RED
102_2768,102,0.3916,walking,stairs_up,0,RED
102_2769,102,0.5302,stairs_up,stairs_up,1,YELLOW
102_2770,102,0.547,stairs_up,stairs_up,1,YELLOW
102_2771,102,0.5914,stairs_up,stairs_up,1,YELLOW
102_2772,102,0.6231,stairs_up,stairs_up,1,YELLOW
102_2773,102,0.6794,stairs_up,stairs_up,1,YELLOW
102_2774,102,0.7358,stairs_up,stairs_up,1,YELLOW
102_2775,102,0.866,stairs_up,stairs_up,1,GREEN
102_2776,102,0.8753,stairs_up,stairs_up,1,GREEN
102_2777,102,0.9125,stairs_up,stairs_up,1,GREEN
102_2778,102,0.9152,stairs_up,stairs_up,1,GREEN
102_2779,102,0.9553,stairs_up,stairs_up,1,GREEN
102_2780,102,0.8565,stairs_up,stairs_up,1,GREEN
102_2781,102,0.85,stairs_up,stairs_up,1,GREEN
102_2782,102,0.8706,stairs_up,stairs_up,1,GREEN
102_2783,102,0.8664,stairs_up,stairs_up,1,GREEN
102_2784,102,0.8986,stairs_up,stairs_up,1,GREEN
102_2785,102,0.9309,stairs_up,stairs_up,1,GREEN
102_2786,102,0.9186,stairs_up,stairs_up,1,GREEN
102_2787,102,0.9325,stairs_up,stairs_up,1,GREEN
102_2788,102,0.9449,stairs_up,stairs_up,1,GREEN
102_2789,102,0.9147,stairs_up,stairs_up,1,GREEN
102_2790,102,0.8934,stairs_up,stairs_up,1,GREEN
102_2791,102,0.8342,stairs_up,stairs_up,1,GREEN
102_2792,102,0.864,stairs_up,stairs_up,1,GREEN
102_2793,102,0.8989,stairs_up,stairs_up,1,GREEN
102_2794,102,0.88,stairs_up,stairs_up,1,GREEN
102_2795,102,0.8134,stairs_up,stairs_up,1,GREEN
102_2796,102,0.8828,stairs_up,stairs_up,1,GREEN
102_2797,102,0.8788,stairs_up,stairs_up,1,GREEN
102_2798,102,0.8585,stairs_up,stairs_up,1,GREEN
102_2799,102,0.8868,stairs_up,stairs_up,1,GREEN
102_2800,102,0.8814,stairs_up,stairs_up,1,GREEN
102_2801,102,0.902,stairs_up,stairs_up,1,GREEN
102_2802,102,0.8471,stairs_up,stairs_up,1,GREEN
102_2803,102,0.8941,stairs_up,stairs_up,1,GREEN
102_2804,102,0.7543,stairs_up,stairs_up,1,GREEN
102_2805,102,0.8465,stairs_up,stairs_up,1,GREEN
102_2806,102,0.8549,stairs_up,stairs_up,1,GREEN
102_2807,102,0.8498,stairs_up,stairs_up,1,GREEN
102_2808,102,0.5492,stairs_up,stairs_up,1,YELLOW
102_2809,102,0.874,stairs_up,stairs_up,1,GREEN
102_2810,102,0.8981,stairs_up,stairs_up,1,GREEN
102_2811,102,0.8443,stairs_up,stairs_up,1,GREEN
102_2812,102,0.8402,stairs_up,stairs_up,1,GREEN
102_2813,102,0.8471,stairs_up,stairs_up,1,GREEN
102_2814,102,0.8769,stairs_up,stairs_up,1,GREEN
102_2815,102,0.7897,stairs_up,stairs_up,1,GREEN
102_2816,102,0.7402,stairs_up,stairs_up,1,YELLOW
102_2817,102,0.7406,stairs_up,stairs_up,1,YELLOW
102_2818,102,0.7049,stairs_up,stairs_up,1,YELLOW
102_2819,102,0.7107,stairs_up,stairs_up,1,YELLOW
102_2820,102,0.5946,stairs_up,stairs_up,1,YELLOW
102_2821,102,0.5197,walking,stairs_up,0,YELLOW
102_2822,102,0.8233,stairs_up,stairs_up,1,GREEN
102_2823,102,0.8858,stairs_up,stairs_up,1,GREEN
102_2824,102,0.8689,stairs_up,stairs_up,1,GREEN
102_2825,102,0.8595,stairs_up,stairs_up,1,GREEN
102_2826,102,0.8777,stairs_up,stairs_up,1,GREEN
102_2827,102,0.9292,stairs_up,stairs_up,1,GREEN
102_2828,102,0.8343,stairs_up,stairs_up,1,GREEN
102_2829,102,0.8596,stairs_up,stairs_up,1,GREEN
102_2830,102,0.8642,stairs_up,stairs_up,1,GREEN
102_2831,102,0.843,stairs_up,stairs_up,1,GREEN
102_2832,102,0.9711,stairs_up,stairs_up,1,GREEN
102_2833,102,0.6705,stairs_up,stairs_up,1,YELLOW
102_2834,102,0.8151,stairs_up,stairs_up,1,GREEN
102_2835,102,0.867,stairs_up,stairs_up,1,GREEN
102_2836,102,0.8801,stairs_up,stairs_up,1,GREEN
102_2837,102,0.8202,stairs_up,stairs_up,1,GREEN
102_2838,102,0.8351,stairs_up,stairs_up,1,GREEN
102_2839,102,0.865,stairs_up,stairs_up,1,GREEN
102_2840,102,0.8238,stairs_up,stairs_up,1,GREEN
102_2841,102,0.8742,stairs_up,stairs_up,1,GREEN
102_2842,102,0.8911,stairs_up,stairs_up,1,GREEN
102_2843,102,0.9112,stairs_up,stairs_up,1,GREEN
102_2844,102,0.9279,stairs_up,stairs_up,1,GREEN
102_2845,102,0.8737,stairs_up,stairs_up,1,GREEN
102_2846,102,0.9291,stairs_up,stairs_up,1,GREEN
102_2847,102,0.8265,stairs_up,stairs_up,1,GREEN
102_2848,102,0.7537,stairs_up,stairs_up,1,GREEN
102_2849,102,0.5333,stairs_up,stairs_up,1,YELLOW
102_2850,102,0.6713,stairs_up,stairs_up,1,YELLOW
102_2851,102,0.7468,stairs_up,stairs_up,1,YELLOW
102_2852,102,0.89,stairs_up,stairs_up,1,GREEN
102_2853,102,0.8801,stairs_up,stairs_up,1,GREEN
102_2854,102,0.863,stairs_up,stairs_up,1,GREEN
102_2855,102,0.8601,stairs_up,stairs_up,1,GREEN
102_2856,102,0.9007,stairs_up,stairs_up,1,GREEN
102_2857,102,0.9159,stairs_up,stairs_up,1,GREEN
102_2858,102,0.9165,stairs_up,stairs_up,1,GREEN
102_2859,102,0.913,stairs_up,stairs_up,1,GREEN
102_2860,102,0.8241,stairs_up,stairs_up,1,GREEN
102_2861,102,0.7146,stairs_up,stairs_up,1,YELLOW
102_2862,102,0.4637,walking,stairs_up,0,YELLOW
102_2863,102,0.6089,stairs_up,stairs_up,1,YELLOW
102_2864,102,0.6595,stairs_up,stairs_up,1,YELLOW
102_2865,102,0.8924,stairs_up,stairs_up,1,GREEN
102_2866,102,0.9107,stairs_up,stairs_up,1,GREEN
102_2867,102,0.9124,stairs_up,stairs_up,1,GREEN
102_2868,102,0.8414,stairs_up,stairs_up,1,GREEN
102_2869,102,0.8353,stairs_up,stairs_up,1,GREEN
102_2870,102,0.8744,stairs_up,stairs_up,1,GREEN
102_2871,102,0.8766,stairs_up,stairs_up,1,GREEN
102_2872,102,0.8299,stairs_up,stairs_up,1,GREEN
102_2873,102,0.761,stairs_up,stairs_up,1,GREEN
102_2874,102,0.8497,stairs_up,stairs_up,1,GREEN
102_2875,102,0.8445,stairs_up,stairs_up,1,GREEN
102_2876,102,0.8893,stairs_up,stairs_up,1,GREEN
102_2877,102,0.7285,stairs_up,stairs_up,1,YELLOW
102_2878,102,0.8705,stairs_up,stairs_up,1,GREEN
102_2879,102,0.7608,stairs_up,stairs_up,1,GREEN
102_2880,102,0.8946,stairs_up,stairs_up,1,GREEN
102_2881,102,0.8702,stairs_up,stairs_up,1,GREEN
102_2882,102,0.8098,stairs_up,stairs_up,1,GREEN
102_2883,102,0.7584,stairs_up,stairs_up,1,GREEN
102_2884,102,0.7108,stairs_up,stairs_up,1,YELLOW
102_2885,102,0.8524,stairs_up,stairs_up,1,GREEN
102_2886,102,0.801,stairs_up,stairs_up,1,GREEN
102_2887,102,0.781,stairs_up,stairs_up,1,GREEN
102_2888,102,0.8383,stairs_up,stairs_up,1,GREEN
102_2889,102,0.8668,stairs_up,stairs_up,1,GREEN
102_2890,102,0.5753,stairs_up,stairs_up,1,YELLOW
102_2891,102,0.4504,stairs_up,stairs_up,1,YELLOW
102_2892,102,0.5443,vacuuming,stairs_up,0,YELLOW
102_2893,102,0.667,vacuuming,stairs_up,0,YELLOW
102_2894,102,0.5359,vacuuming,stairs_up,0,YELLOW
102_2895,102,0.2333,standing,stairs_up,0,RED
102_2896,102,0.2934,standing,stairs_up,0,RED
102_2897,102,0.3257,standing,stairs_up,0,RED
102_2898,102,0.2988,standing,stairs_up,0,RED
102_2899,102,0.3189,standing,stairs_up,0,RED
102_2900,102,0.2962,standing,stairs_up,0,RED
102_2901,102,0.2729,standing,stairs_down,0,RED
102_2902,102,0.3099,standing,stairs_down,0,RED
102_2903,102,0.3144,stairs_up,stairs_down,0,RED
102_2904,102,0.2408,stairs_up,stairs_down,0,RED
102_2905,102,0.235,standing,stairs_down,0,RED
102_2906,102,0.4193,vacuuming,stairs_down,0,RED
102_2907,102,0.5537,vacuuming,stairs_down,0,YELLOW
102_2908,102,0.5258,stairs_up,stairs_down,0,YELLOW
102_2909,102,0.4919,stairs_up,stairs_down,0,YELLOW
102_2910,102,0.5469,stairs_up,stairs_down,0,YELLOW
102_2911,102,0.6418,stairs_down,stairs_down,1,YELLOW
102_2912,102,0.4775,stairs_down,stairs_down,1,YELLOW
102_2913,102,0.4671,stairs_up,stairs_down,0,YELLOW
102_2914,102,0.4881,stairs_down,stairs_down,1,YELLOW
102_2915,102,0.4943,stairs_down,stairs_down,1,YELLOW
102_2916,102,0.6716,stairs_down,stairs_down,1,YELLOW
102_2917,102,0.4452,stairs_down,stairs_down,1,RED
102_2918,102,0.527,stairs_down,stairs_down,1,YELLOW
102_2919,102,0.4233,stairs_down,stairs_down,1,RED
102_2920,102,0.4116,stairs_down,stairs_down,1,RED
102_2921,102,0.4331,stairs_down,stairs_down,1,RED
102_2922,102,0.4016,walking,stairs_down,0,RED
102_2923,102,0.6777,stairs_down,stairs_down,1,YELLOW
102_2924,102,0.5749,stairs_down,stairs_down,1,YELLOW
102_2925,102,0.6479,stairs_down,stairs_down,1,YELLOW
102_2926,102,0.6703,stairs_down,stairs_down,1,YELLOW
102_2927,102,0.7106,stairs_down,stairs_down,1,YELLOW
102_2928,102,0.6425,stairs_down,stairs_down,1,YELLOW
102_2929,102,0.6479,stairs_down,stairs_down,1,YELLOW
102_2930,102,0.4786,stairs_down,stairs_down,1,YELLOW
102_2931,102,0.639,stairs_down,stairs_down,1,YELLOW
102_2932,102,0.7505,stairs_down,stairs_down,1,GREEN
102_2933,102,0.5595,stairs_down,stairs_down,1,YELLOW
102_2934,102,0.4427,cycling,stairs_down,0,RED
102_2935,102,0.3805,stairs_down,stairs_down,1,RED
102_2936,102,0.6658,stairs_down,stairs_down,1,YELLOW
102_2937,102,0.7211,stairs_down,stairs_down,1,YELLOW
102_2938,102,0.596,stairs_down,stairs_down,1,YELLOW
102_2939,102,0.5814,stairs_down,stairs_down,1,YELLOW
102_2940,102,0.6666,stairs_down,stairs_down,1,YELLOW
102_2941,102,0.6011,stairs_down,stairs_down,1,YELLOW
102_2942,102,0.6382,stairs_down,stairs_down,1,YELLOW
102_2943,102,0.7585,stairs_down,stairs_down,1,GREEN
102_2944,102,0.7023,stairs_down,stairs_down,1,YELLOW
102_2945,102,0.5498,stairs_down,stairs_down,1,YELLOW
102_2946,102,0.6918,stairs_down,stairs_down,1,YELLOW
102_2947,102,0.6103,stairs_down,stairs_down,1,YELLOW
102_2948,102,0.5303,stairs_down,stairs_down,1,YELLOW
102_2949,102,0.7012,stairs_down,stairs_down,1,YELLOW
102_2950,102,0.3974,stairs_down,stairs_down,1,RED
102_2951,102,0.73,stairs_down,stairs_down,1,YELLOW
102_2952,102,0.5538,stairs_down,stairs_down,1,YELLOW
102_2953,102,0.6515,stairs_down,stairs_down,1,YELLOW
102_2954,102,0.5725,stairs_down,stairs_down,1,YELLOW
102_2955,102,0.6105,stairs_down,stairs_down,1,YELLOW
102_2956,102,0.7289,stairs_down,stairs_down,1,YELLOW
102_2957,102,0.7056,stairs_down,stairs_down,1,YELLOW
102_2958,102,0.5578,stairs_down,stairs_down,1,YELLOW
102_2959,102,0.4329,cycling,stairs_down,0,RED
102_2960,102,0.4915,stairs_down,stairs_down,1,YELLOW
102_2961,102,0.3265,stairs_down,stairs_down,1,RED
102_2962,102,0.4927,stairs_down,stairs_down,1,YELLOW
102_2963,102,0.5773,stairs_down,stairs_down,1,YELLOW
102_2964,102,0.5955,stairs_down,stairs_down,1,YELLOW
102_2965,102,0.7153,stairs_down,stairs_down,1,YELLOW
102_2966,102,0.7148,stairs_down,stairs_down,1,YELLOW
102_2967,102,0.4805,stairs_down,stairs_down,1,YELLOW
102_2968,102,0.4698,stairs_down,stairs_down,1,YELLOW
102_2969,102,0.7821,stairs_down,stairs_down,1,GREEN
102_2970,102,0.5988,stairs_down,stairs_down,1,YELLOW
102_2971,102,0.4515,cycling,stairs_down,0,YELLOW
102_2972,102,0.5238,stairs_down,stairs_down,1,YELLOW
102_2973,102,0.6587,stairs_down,stairs_down,1,YELLOW
102_2974,102,0.7317,stairs_down,stairs_down,1,YELLOW
102_2975,102,0.6612,stairs_down,stairs_down,1,YELLOW
102_2976,102,0.691,stairs_down,stairs_down,1,YELLOW
102_2977,102,0.6861,stairs_down,stairs_down,1,YELLOW
102_2978,102,0.6357,stairs_down,stairs_down,1,YELLOW
102_2979,102,0.7411,stairs_down,stairs_down,1,YELLOW
102_2980,102,0.7132,stairs_down,stairs_down,1,YELLOW
102_2981,102,0.7536,stairs_down,stairs_down,1,GREEN
102_2982,102,0.5321,stairs_down,stairs_down,1,YELLOW
102_2983,102,0.4255,stairs_down,stairs_down,1,RED
102_2984,102,0.3725,cycling,stairs_down,0,RED
102_2985,102,0.576,stairs_down,stairs_down,1,YELLOW
102_2986,102,0.4483,stairs_down,stairs_down,1,RED
102_2987,102,0.4633,stairs_down,stairs_down,1,YELLOW
102_2988,102,0.6861,stairs_down,stairs_down,1,YELLOW
102_2989,102,0.6085,stairs_down,stairs_down,1,YELLOW
102_2990,102,0.695,stairs_down,stairs_down,1,YELLOW
102_2991,102,0.7287,stairs_down,stairs_down,1,YELLOW
102_2992,102,0.6569,stairs_down,stairs_down,1,YELLOW
102_2993,102,0.6582,stairs_down,stairs_down,1,YELLOW
102_2994,102,0.674,stairs_down,stairs_down,1,YELLOW
102_2995,102,0.3806,vacuuming,stairs_down,0,RED
102_2996,102,0.7182,stairs_down,stairs_down,1,YELLOW
102_2997,102,0.7695,stairs_down,stairs_down,1,GREEN
102_2998,102,0.7791,stairs_down,stairs_down,1,GREEN
102_2999,102,0.7801,stairs_down,stairs_down,1,GREEN
102_3000,102,0.7512,stairs_down,stairs_down,1,GREEN
102_3001,102,0.7415,stairs_down,stairs_down,1,YELLOW
102_3002,102,0.645,stairs_down,stairs_down,1,YELLOW
102_3003,102,0.5922,stairs_down,stairs_down,1,YELLOW
102_3004,102,0.4474,stairs_down,stairs_down,1,RED
102_3005,102,0.6252,stairs_down,stairs_down,1,YELLOW
102_3006,102,0.678,stairs_down,stairs_down,1,YELLOW
102_3007,102,0.6492,stairs_down,stairs_down,1,YELLOW
102_3008,102,0.673,stairs_down,stairs_down,1,YELLOW
102_3009,102,0.6563,stairs_down,stairs_down,1,YELLOW
102_3010,102,0.7043,stairs_down,stairs_down,1,YELLOW
102_3011,102,0.7712,stairs_down,stairs_down,1,GREEN
102_3012,102,0.6833,stairs_down,stairs_down,1,YELLOW
102_3013,102,0.617,stairs_down,stairs_down,1,YELLOW
102_3014,102,0.3469,cycling,stairs_down,0,RED
102_3015,102,0.3898,stairs_down,stairs_down,1,RED
102_3016,102,0.2952,walking,stairs_down,0,RED
102_3017,102,0.6822,stairs_down,stairs_down,1,YELLOW
102_3018,102,0.7087,stairs_down,stairs_down,1,YELLOW
102_3019,102,0.6402,stairs_down,stairs_down,1,YELLOW
102_3020,102,0.6862,stairs_down,stairs_down,1,YELLOW
102_3021,102,0.647,stairs_down,stairs_down,1,YELLOW
102_3022,102,0.6565,stairs_down,stairs_down,1,YELLOW
102_3023,102,0.7283,stairs_down,stairs_down,1,YELLOW
102_3024,102,0.5476,stairs_down,stairs_down,1,YELLOW
102_3025,102,0.6341,stairs_down,stairs_down,1,YELLOW
102_3026,102,0.6423,stairs_down,stairs_down,1,YELLOW
102_3027,102,0.5946,stairs_down,stairs_down,1,YELLOW
102_3028,102,0.6993,stairs_down,stairs_down,1,YELLOW
102_3029,102,0.669,stairs_down,stairs_down,1,YELLOW
102_3030,102,0.4539,stairs_down,stairs_down,1,YELLOW
102_3031,102,0.4825,stairs_down,stairs_down,1,YELLOW
102_3032,102,0.5074,stairs_down,stairs_down,1,YELLOW
102_3033,102,0.6338,stairs_down,stairs_down,1,YELLOW
102_3034,102,0.602,stairs_down,stairs_down,1,YELLOW
102_3035,102,0.746,stairs_down,stairs_down,1,YELLOW
102_3036,102,0.6719,stairs_down,stairs_down,1,YELLOW
102_3037,102,0.4204,walking,stairs_down,0,RED
102_3038,102,0.3596,walking,stairs_down,0,RED
102_3039,102,0.475,vacuuming,stairs_down,0,YELLOW
102_3040,102,0.3611,vacuuming,stairs_down,0,RED
102_3041,102,0.2836,vacuuming,stairs_down,0,RED
102_3042,102,0.3477,vacuuming,stairs_down,0,RED
102_3043,102,0.3869,vacuuming,stairs_down,0,RED
102_3044,102,0.3931,vacuuming,stairs_down,0,RED
102_3045,102,0.3467,stairs_down,stairs_down,1,RED
102_3046,102,0.3752,stairs_down,stairs_down,1,RED
102_3047,102,0.3963,stairs_down,stairs_down,1,RED
102_3048,102,0.291,standing,walking,0,RED
102_3049,102,0.4723,standing,walking,0,YELLOW
102_3050,102,0.4719,standing,walking,0,YELLOW
102_3051,102,0.4956,standing,walking,0,YELLOW
102_3052,102,0.4595,standing,walking,0,YELLOW
102_3053,102,0.4905,standing,walking,0,YELLOW
102_3054,102,0.5334,standing,walking,0,YELLOW
102_3055,102,0.4519,standing,walking,0,YELLOW
102_3056,102,0.4342,vacuuming,walking,0,RED
102_3057,102,0.4553,vacuuming,walking,0,YELLOW
102_3058,102,0.3138,vacuuming,walking,0,RED
102_3059,102,0.7371,walking,walking,1,YELLOW
102_3060,102,0.7991,walking,walking,1,GREEN
102_3061,102,0.7136,walking,walking,1,YELLOW
102_3062,102,0.7446,walking,walking,1,YELLOW
102_3063,102,0.8275,walking,walking,1,GREEN
102_3064,102,0.8129,walking,walking,1,GREEN
102_3065,102,0.8358,walking,walking,1,GREEN
102_3066,102,0.832,walking,walking,1,GREEN
102_3067,102,0.784,walking,walking,1,GREEN
102_3068,102,0.7825,walking,walking,1,GREEN
102_3069,102,0.772,walking,walking,1,GREEN
102_3070,102,0.7761,walking,walking,1,GREEN
102_3071,102,0.7801,walking,walking,1,GREEN
102_3072,102,0.8371,walking,walking,1,GREEN
102_3073,102,0.8403,walking,walking,1,GREEN
102_3074,102,0.8234,walking,walking,1,GREEN
102_3075,102,0.7933,walking,walking,1,GREEN
102_3076,102,0.7918,walking,walking,1,GREEN
102_3077,102,0.7251,walking,walking,1,YELLOW
102_3078,102,0.7797,walking,walking,1,GREEN
102_3079,102,0.8053,walking,walking,1,GREEN
102_3080,102,0.8522,walking,walking,1,GREEN
102_3081,102,0.8514,walking,walking,1,GREEN
102_3082,102,0.8348,walking,walking,1,GREEN
102_3083,102,0.8284,walking,walking,1,GREEN
102_3084,102,0.8321,walking,walking,1,GREEN
102_3085,102,0.831,walking,walking,1,GREEN
102_3086,102,0.814,walking,walking,1,GREEN
102_3087,102,0.8099,walking,walking,1,GREEN
102_3088,102,0.8567,walking,walking,1,GREEN
102_3089,102,0.8161,walking,walking,1,GREEN
102_3090,102,0.8352,walking,walking,1,GREEN
102_3091,102,0.8458,walking,walking,1,GREEN
102_3092,102,0.8407,walking,walking,1,GREEN
102_3093,102,0.8393,walking,walking,1,GREEN
102_3094,102,0.8492,walking,walking,1,GREEN
102_3095,102,0.8283,walking,walking,1,GREEN
102_3096,102,0.8596,walking,walking,1,GREEN
102_3097,102,0.8043,walking,walking,1,GREEN
102_3098,102,0.7703,walking,walking,1,GREEN
102_3099,102,0.8103,walking,walking,1,GREEN
102_3100,102,0.8191,walking,walking,1,GREEN
102_3101,102,0.7693,walking,walking,1,GREEN
102_3102,102,0.7863,walking,walking,1,GREEN
102_3103,102,0.8196,walking,walking,1,GREEN
102_3104,102,0.8199,walking,walking,1,GREEN
102_3105,102,0.8291,walking,walking,1,GREEN
102_3106,102,0.8224,walking,walking,1,GREEN
102_3107,102,0.8061,walking,walking,1,GREEN
102_3108,102,0.8213,walking,walking,1,GREEN
102_3109,102,0.8285,walking,walking,1,GREEN
102_3110,102,0.8207,walking,walking,1,GREEN
102_3111,102,0.8173,walking,walking,1,GREEN
102_3112,102,0.8352,walking,walking,1,GREEN
102_3113,102,0.8365,walking,walking,1,GREEN
102_3114,102,0.8181,walking,walking,1,GREEN
102_3115,102,0.8468,walking,walking,1,GREEN
102_3116,102,0.8541,walking,walking,1,GREEN
102_3117,102,0.7599,walking,walking,1,GREEN
102_3118,102,0.6839,walking,walking,1,YELLOW
102_3119,102,0.7378,walking,walking,1,YELLOW
102_3120,102,0.745,walking,walking,1,YELLOW
102_3121,102,0.662,walking,walking,1,YELLOW
102_3122,102,0.6961,walking,walking,1,YELLOW
102_3123,102,0.6909,walking,walking,1,YELLOW
102_3124,102,0.7352,walking,walking,1,YELLOW
102_3125,102,0.7302,walking,walking,1,YELLOW
102_3126,102,0.7355,walking,walking,1,YELLOW
102_3127,102,0.7008,walking,walking,1,YELLOW
102_3128,102,0.6706,walking,walking,1,YELLOW
102_3129,102,0.683,walking,walking,1,YELLOW
102_3130,102,0.7008,walking,walking,1,YELLOW
102_3131,102,0.6972,walking,walking,1,YELLOW
102_3132,102,0.6809,walking,walking,1,YELLOW
102_3133,102,0.4687,walking,walking,1,YELLOW
102_3134,102,0.7008,walking,walking,1,YELLOW
102_3135,102,0.7312,walking,walking,1,YELLOW
102_3136,102,0.6921,walking,walking,1,YELLOW
102_3137,102,0.6953,walking,walking,1,YELLOW
102_3138,102,0.6913,walking,walking,1,YELLOW
102_3139,102,0.7355,walking,walking,1,YELLOW
102_3140,102,0.7475,walking,walking,1,YELLOW
102_3141,102,0.8001,walking,walking,1,GREEN
102_3142,102,0.7697,walking,walking,1,GREEN
102_3143,102,0.7199,walking,walking,1,YELLOW
102_3144,102,0.686,walking,walking,1,YELLOW
102_3145,102,0.7104,walking,walking,1,YELLOW
102_3146,102,0.6805,walking,walking,1,YELLOW
102_3147,102,0.7657,walking,walking,1,GREEN
102_3148,102,0.7767,walking,walking,1,GREEN
102_3149,102,0.7506,walking,walking,1,GREEN
102_3150,102,0.6924,walking,walking,1,YELLOW
102_3151,102,0.5894,walking,walking,1,YELLOW
102_3152,102,0.5671,walking,walking,1,YELLOW
102_3153,102,0.7993,walking,walking,1,GREEN
102_3154,102,0.7851,walking,walking,1,GREEN
102_3155,102,0.7248,walking,walking,1,YELLOW
102_3156,102,0.7826,walking,walking,1,GREEN
102_3157,102,0.7318,walking,walking,1,YELLOW
102_3158,102,0.6966,walking,walking,1,YELLOW
102_3159,102,0.7369,walking,walking,1,YELLOW
102_3160,102,0.7809,walking,walking,1,GREEN
102_3161,102,0.8411,walking,walking,1,GREEN
102_3162,102,0.8589,walking,walking,1,GREEN
102_3163,102,0.7895,walking,walking,1,GREEN
102_3164,102,0.7804,walking,walking,1,GREEN
102_3165,102,0.7579,walking,walking,1,GREEN
102_3166,102,0.8135,walking,walking,1,GREEN
102_3167,102,0.7863,walking,walking,1,GREEN
102_3168,102,0.7677,walking,walking,1,GREEN
102_3169,102,0.7902,walking,walking,1,GREEN
102_3170,102,0.834,walking,walking,1,GREEN
102_3171,102,0.8112,walking,walking,1,GREEN
102_3172,102,0.8376,walking,walking,1,GREEN
102_3173,102,0.8375,walking,walking,1,GREEN
102_3174,102,0.8041,walking,walking,1,GREEN
102_3175,102,0.8025,walking,walking,1,GREEN
102_3176,102,0.7586,walking,walking,1,GREEN
102_3177,102,0.7713,walking,walking,1,GREEN
102_3178,102,0.7191,walking,walking,1,YELLOW
102_3179,102,0.7859,walking,walking,1,GREEN
102_3180,102,0.8525,walking,walking,1,GREEN
102_3181,102,0.8399,walking,walking,1,GREEN
102_3182,102,0.865,walking,walking,1,GREEN
102_3183,102,0.8512,walking,walking,1,GREEN
102_3184,102,0.8504,walking,walking,1,GREEN
102_3185,102,0.8483,walking,walking,1,GREEN
102_3186,102,0.7887,walking,walking,1,GREEN
102_3187,102,0.8084,walking,walking,1,GREEN
102_3188,102,0.8375,walking,walking,1,GREEN
102_3189,102,0.7763,walking,walking,1,GREEN
102_3190,102,0.8306,walking,walking,1,GREEN
102_3191,102,0.8305,walking,walking,1,GREEN
102_3192,102,0.8368,walking,walking,1,GREEN
102_3193,102,0.8104,walking,walking,1,GREEN
102_3194,102,0.7639,walking,walking,1,GREEN
102_3195,102,0.7563,walking,walking,1,GREEN
102_3196,102,0.8069,walking,walking,1,GREEN
102_3197,102,0.8158,walking,walking,1,GREEN
102_3198,102,0.7854,walking,walking,1,GREEN
102_3199,102,0.7797,walking,walking,1,GREEN
102_3200,102,0.8186,walking,walking,1,GREEN
102_3201,102,0.844,walking,walking,1,GREEN
102_3202,102,0.8202,walking,walking,1,GREEN
102_3203,102,0.8173,walking,walking,1,GREEN
102_3204,102,0.8433,walking,walking,1,GREEN
102_3205,102,0.855,walking,walking,1,GREEN
102_3206,102,0.8528,walking,walking,1,GREEN
102_3207,102,0.8331,walking,walking,1,GREEN
102_3208,102,0.8457,walking,walking,1,GREEN
102_3209,102,0.8415,walking,walking,1,GREEN
102_3210,102,0.8347,walking,walking,1,GREEN
102_3211,102,0.7979,walking,walking,1,GREEN
102_3212,102,0.8033,walking,walking,1,GREEN
102_3213,102,0.7828,walking,walking,1,GREEN
102_3214,102,0.8365,walking,walking,1,GREEN
102_3215,102,0.8231,walking,walking,1,GREEN
102_3216,102,0.8314,walking,walking,1,GREEN
102_3217,102,0.8376,walking,walking,1,GREEN
102_3218,102,0.8627,walking,walking,1,GREEN
102_3219,102,0.8405,walking,walking,1,GREEN
102_3220,102,0.7976,walking,walking,1,GREEN
102_3221,102,0.8199,walking,walking,1,GREEN
102_3222,102,0.8435,walking,walking,1,GREEN
102_3223,102,0.7895,walking,walking,1,GREEN
102_3224,102,0.7848,walking,walking,1,GREEN
102_3225,102,0.7486,walking,walking,1,YELLOW
102_3226,102,0.7836,walking,walking,1,GREEN
102_3227,102,0.7899,walking,walking,1,GREEN
102_3228,102,0.7928,walking,walking,1,GREEN
102_3229,102,0.8059,walking,walking,1,GREEN
102_3230,102,0.8164,walking,walking,1,GREEN
102_3231,102,0.822,walking,walking,1,GREEN
102_3232,102,0.8234,walking,walking,1,GREEN
102_3233,102,0.8369,walking,walking,1,GREEN
102_3234,102,0.8267,walking,walking,1,GREEN
102_3235,102,0.8345,walking,walking,1,GREEN
102_3236,102,0.8221,walking,walking,1,GREEN
102_3237,102,0.8279,walking,walking,1,GREEN
102_3238,102,0.8288,walking,walking,1,GREEN
102_3239,102,0.8276,walking,walking,1,GREEN
102_3240,102,0.7997,walking,walking,1,GREEN
102_3241,102,0.7658,walking,walking,1,GREEN
102_3242,102,0.8316,walking,walking,1,GREEN
102_3243,102,0.8499,walking,walking,1,GREEN
102_3244,102,0.8497,walking,walking,1,GREEN
102_3245,102,0.8581,walking,walking,1,GREEN
102_3246,102,0.8439,walking,walking,1,GREEN
102_3247,102,0.8451,walking,walking,1,GREEN
102_3248,102,0.8352,walking,walking,1,GREEN
102_3249,102,0.8195,walking,walking,1,GREEN
102_3250,102,0.839,walking,walking,1,GREEN
102_3251,102,0.8362,walking,walking,1,GREEN
102_3252,102,0.8272,walking,walking,1,GREEN
102_3253,102,0.8469,walking,walking,1,GREEN
102_3254,102,0.8538,walking,walking,1,GREEN
102_3255,102,0.821,walking,walking,1,GREEN
102_3256,102,0.8594,walking,walking,1,GREEN
102_3257,102,0.8436,walking,walking,1,GREEN
102_3258,102,0.8239,walking,walking,1,GREEN
102_3259,102,0.8267,walking,walking,1,GREEN
102_3260,102,0.8328,walking,walking,1,GREEN
102_3261,102,0.803,walking,walking,1,GREEN
102_3262,102,0.7862,walking,walking,1,GREEN
102_3263,102,0.8291,walking,walking,1,GREEN
102_3264,102,0.8003,walking,walking,1,GREEN
102_3265,102,0.8298,walking,walking,1,GREEN
102_3266,102,0.8499,walking,walking,1,GREEN
102_3267,102,0.8435,walking,walking,1,GREEN
102_3268,102,0.8257,walking,walking,1,GREEN
102_3269,102,0.8673,walking,walking,1,GREEN
102_3270,102,0.8727,walking,walking,1,GREEN
102_3271,102,0.8523,walking,walking,1,GREEN
102_3272,102,0.7978,walking,walking,1,GREEN
102_3273,102,0.8067,walking,walking,1,GREEN
102_3274,102,0.8463,walking,walking,1,GREEN
102_3275,102,0.8345,walking,walking,1,GREEN
102_3276,102,0.8287,walking,walking,1,GREEN
102_3277,102,0.8359,walking,walking,1,GREEN
102_3278,102,0.8124,walking,walking,1,GREEN
102_3279,102,0.8104,walking,walking,1,GREEN
102_3280,102,0.8059,walking,walking,1,GREEN
102_3281,102,0.8132,walking,walking,1,GREEN
102_3282,102,0.6789,walking,walking,1,YELLOW
102_3283,102,0.8379,walking,walking,1,GREEN
102_3284,102,0.8361,walking,walking,1,GREEN
102_3285,102,0.8154,walking,walking,1,GREEN
102_3286,102,0.8186,walking,walking,1,GREEN
102_3287,102,0.8191,walking,walking,1,GREEN
102_3288,102,0.7755,walking,walking,1,GREEN
102_3289,102,0.7812,walking,walking,1,GREEN
102_3290,102,0.7861,walking,walking,1,GREEN
102_3291,102,0.8006,walking,walking,1,GREEN
102_3292,102,0.8205,walking,walking,1,GREEN
102_3293,102,0.8321,walking,walking,1,GREEN
102_3294,102,0.8407,walking,walking,1,GREEN
102_3295,102,0.8588,walking,walking,1,GREEN
102_3296,102,0.8588,walking,walking,1,GREEN
102_3297,102,0.8459,walking,walking,1,GREEN
102_3298,102,0.8533,walking,walking,1,GREEN
102_3299,102,0.8399,walking,walking,1,GREEN
102_3300,102,0.8285,walking,walking,1,GREEN
102_3301,102,0.8153,walking,walking,1,GREEN
102_3302,102,0.8032,walking,walking,1,GREEN
102_3303,102,0.7976,walking,walking,1,GREEN
102_3304,102,0.8185,walking,walking,1,GREEN
102_3305,102,0.849,walking,walking,1,GREEN
102_3306,102,0.8603,walking,walking,1,GREEN
102_3307,102,0.8756,walking,walking,1,GREEN
102_3308,102,0.8543,walking,walking,1,GREEN
102_3309,102,0.8542,walking,walking,1,GREEN
102_3310,102,0.8607,walking,walking,1,GREEN
102_3311,102,0.8472,walking,walking,1,GREEN
102_3312,102,0.8595,walking,walking,1,GREEN
102_3313,102,0.8575,walking,walking,1,GREEN
102_3314,102,0.8557,walking,walking,1,GREEN
102_3315,102,0.8315,walking,walking,1,GREEN
102_3316,102,0.8469,walking,walking,1,GREEN
102_3317,102,0.8458,walking,walking,1,GREEN
102_3318,102,0.8464,walking,walking,1,GREEN
102_3319,102,0.8556,walking,walking,1,GREEN
102_3320,102,0.8354,walking,walking,1,GREEN
102_3321,102,0.8426,walking,walking,1,GREEN
102_3322,102,0.8311,walking,walking,1,GREEN
102_3323,102,0.841,walking,walking,1,GREEN
102_3324,102,0.8368,walking,walking,1,GREEN
102_3325,102,0.7969,walking,walking,1,GREEN
102_3326,102,0.8114,walking,walking,1,GREEN
102_3327,102,0.8412,walking,walking,1,GREEN
102_3328,102,0.8403,walking,walking,1,GREEN
102_3329,102,0.8455,walking,walking,1,GREEN
102_3330,102,0.8029,walking,walking,1,GREEN
102_3331,102,0.7998,walking,walking,1,GREEN
102_3332,102,0.8013,walking,walking,1,GREEN
102_3333,102,0.7811,walking,walking,1,GREEN
102_3334,102,0.8078,walking,walking,1,GREEN
102_3335,102,0.8068,walking,walking,1,GREEN
102_3336,102,0.8024,walking,walking,1,GREEN
102_3337,102,0.8223,walking,walking,1,GREEN
102_3338,102,0.8372,walking,walking,1,GREEN
102_3339,102,0.8168,walking,walking,1,GREEN
102_3340,102,0.8106,walking,walking,1,GREEN
102_3341,102,0.839,walking,walking,1,GREEN
102_3342,102,0.8197,walking,walking,1,GREEN
102_3343,102,0.6986,walking,walking,1,YELLOW
102_3344,102,0.7783,walking,walking,1,GREEN
102_3345,102,0.6804,walking,walking,1,YELLOW
102_3346,102,0.5514,walking,walking,1,YELLOW
102_3347,102,0.7088,walking,walking,1,YELLOW
102_3348,102,0.7828,walking,walking,1,GREEN
102_3349,102,0.8325,walking,walking,1,GREEN
102_3350,102,0.8189,walking,walking,1,GREEN
102_3351,102,0.7223,walking,walking,1,YELLOW
102_3352,102,0.7161,walking,walking,1,YELLOW
102_3353,102,0.8118,walking,walking,1,GREEN
102_3354,102,0.7698,walking,walking,1,GREEN
102_3355,102,0.7265,walking,walking,1,YELLOW
102_3356,102,0.7922,walking,walking,1,GREEN
102_3357,102,0.8475,walking,walking,1,GREEN
102_3358,102,0.8293,walking,walking,1,GREEN
102_3359,102,0.8179,walking,walking,1,GREEN
102_3360,102,0.8238,walking,walking,1,GREEN
102_3361,102,0.8424,walking,walking,1,GREEN
102_3362,102,0.8427,walking,walking,1,GREEN
102_3363,102,0.8547,walking,walking,1,GREEN
102_3364,102,0.8794,walking,walking,1,GREEN
102_3365,102,0.853,walking,walking,1,GREEN
102_3366,102,0.849,walking,walking,1,GREEN
102_3367,102,0.8476,walking,walking,1,GREEN
102_3368,102,0.8409,walking,walking,1,GREEN
102_3369,102,0.7757,walking,walking,1,GREEN
102_3370,102,0.8111,walking,walking,1,GREEN
102_3371,102,0.7768,walking,walking,1,GREEN
102_3372,102,0.8129,walking,walking,1,GREEN
102_3373,102,0.8345,walking,walking,1,GREEN
102_3374,102,0.84,walking,walking,1,GREEN
102_3375,102,0.8495,walking,walking,1,GREEN
102_3376,102,0.8435,walking,walking,1,GREEN
102_3377,102,0.8437,walking,walking,1,GREEN
102_3378,102,0.835,walking,walking,1,GREEN
102_3379,102,0.8282,walking,walking,1,GREEN
102_3380,102,0.8475,walking,walking,1,GREEN
102_3381,102,0.8352,walking,walking,1,GREEN
102_3382,102,0.8046,walking,walking,1,GREEN
102_3383,102,0.7862,walking,walking,1,GREEN
102_3384,102,0.8374,walking,walking,1,GREEN
102_3385,102,0.8502,walking,walking,1,GREEN
102_3386,102,0.8404,walking,walking,1,GREEN
102_3387,102,0.8534,walking,walking,1,GREEN
102_3388,102,0.8527,walking,walking,1,GREEN
102_3389,102,0.8058,walking,walking,1,GREEN
102_3390,102,0.7933,walking,walking,1,GREEN
102_3391,102,0.8268,walking,walking,1,GREEN
102_3392,102,0.829,walking,walking,1,GREEN
102_3393,102,0.8359,walking,walking,1,GREEN
102_3394,102,0.8439,walking,walking,1,GREEN
102_3395,102,0.8186,walking,walking,1,GREEN
102_3396,102,0.812,walking,walking,1,GREEN
102_3397,102,0.8346,walking,walking,1,GREEN
102_3398,102,0.7931,walking,walking,1,GREEN
102_3399,102,0.6946,walking,walking,1,YELLOW
102_3400,102,0.7846,walking,walking,1,GREEN
102_3401,102,0.83,walking,walking,1,GREEN
102_3402,102,0.815,walking,walking,1,GREEN
102_3403,102,0.8383,walking,walking,1,GREEN
102_3404,102,0.8244,walking,walking,1,GREEN
102_3405,102,0.8033,walking,walking,1,GREEN
102_3406,102,0.8297,walking,walking,1,GREEN
102_3407,102,0.8132,walking,walking,1,GREEN
102_3408,102,0.8356,walking,walking,1,GREEN
102_3409,102,0.8299,walking,walking,1,GREEN
102_3410,102,0.8623,walking,walking,1,GREEN
102_3411,102,0.8181,walking,walking,1,GREEN
102_3412,102,0.8235,walking,walking,1,GREEN
102_3413,102,0.8354,walking,walking,1,GREEN
102_3414,102,0.8363,walking,walking,1,GREEN
102_3415,102,0.8512,walking,walking,1,GREEN
102_3416,102,0.7804,walking,walking,1,GREEN
102_3417,102,0.8165,walking,walking,1,GREEN
102_3418,102,0.7866,walking,walking,1,GREEN
102_3419,102,0.8148,walking,walking,1,GREEN
102_3420,102,0.8547,walking,walking,1,GREEN
102_3421,102,0.8285,walking,walking,1,GREEN
102_3422,102,0.8215,walking,walking,1,GREEN
102_3423,102,0.7726,walking,walking,1,GREEN
102_3424,102,0.7032,walking,walking,1,YELLOW
102_3425,102,0.8005,walking,walking,1,GREEN
102_3426,102,0.8374,walking,walking,1,GREEN
102_3427,102,0.837,walking,walking,1,GREEN
102_3428,102,0.8322,walking,walking,1,GREEN
102_3429,102,0.7999,walking,walking,1,GREEN
102_3430,102,0.8055,walking,walking,1,GREEN
102_3431,102,0.8305,walking,walking,1,GREEN
102_3432,102,0.8443,walking,walking,1,GREEN
102_3433,102,0.8568,walking,walking,1,GREEN
102_3434,102,0.8478,walking,walking,1,GREEN
102_3435,102,0.7946,walking,walking,1,GREEN
102_3436,102,0.788,walking,walking,1,GREEN
102_3437,102,0.8207,walking,walking,1,GREEN
102_3438,102,0.8285,walking,walking,1,GREEN
102_3439,102,0.8316,walking,walking,1,GREEN
102_3440,102,0.78,walking,walking,1,GREEN
102_3441,102,0.8397,walking,walking,1,GREEN
102_3442,102,0.8412,walking,walking,1,GREEN
102_3443,102,0.8275,walking,walking,1,GREEN
102_3444,102,0.8496,walking,walking,1,GREEN
102_3445,102,0.8538,walking,walking,1,GREEN
102_3446,102,0.8661,walking,walking,1,GREEN
102_3447,102,0.8659,walking,walking,1,GREEN
102_3448,102,0.8589,walking,walking,1,GREEN
102_3449,102,0.8505,walking,walking,1,GREEN
102_3450,102,0.8647,walking,walking,1,GREEN
102_3451,102,0.846,walking,walking,1,GREEN
102_3452,102,0.8295,walking,walking,1,GREEN
102_3453,102,0.7698,walking,walking,1,GREEN
102_3454,102,0.8301,walking,walking,1,GREEN
102_3455,102,0.8425,walking,walking,1,GREEN
102_3456,102,0.8532,walking,walking,1,GREEN
102_3457,102,0.8395,walking,walking,1,GREEN
102_3458,102,0.825,walking,walking,1,GREEN
102_3459,102,0.8399,walking,walking,1,GREEN
102_3460,102,0.8383,walking,walking,1,GREEN
102_3461,102,0.8262,walking,walking,1,GREEN
102_3462,102,0.7742,walking,walking,1,GREEN
102_3463,102,0.7672,walking,walking,1,GREEN
102_3464,102,0.8289,walking,walking,1,GREEN
102_3465,102,0.8284,walking,walking,1,GREEN
102_3466,102,0.8374,walking,walking,1,GREEN
102_3467,102,0.8351,walking,walking,1,GREEN
102_3468,102,0.8223,walking,walking,1,GREEN
102_3469,102,0.8359,walking,walking,1,GREEN
102_3470,102,0.8632,walking,walking,1,GREEN
102_3471,102,0.8695,walking,walking,1,GREEN
102_3472,102,0.8614,walking,walking,1,GREEN
102_3473,102,0.8741,walking,walking,1,GREEN
102_3474,102,0.8306,walking,walking,1,GREEN
102_3475,102,0.8402,walking,walking,1,GREEN
102_3476,102,0.8235,walking,walking,1,GREEN
102_3477,102,0.8421,walking,walking,1,GREEN
102_3478,102,0.821,walking,walking,1,GREEN
102_3479,102,0.8279,walking,walking,1,GREEN
102_3480,102,0.8001,walking,walking,1,GREEN
102_3481,102,0.815,walking,walking,1,GREEN
102_3482,102,0.8053,walking,walking,1,GREEN
102_3483,102,0.842,walking,walking,1,GREEN
102_3484,102,0.8474,walking,walking,1,GREEN
102_3485,102,0.8448,walking,walking,1,GREEN
102_3486,102,0.8236,walking,walking,1,GREEN
102_3487,102,0.8088,walking,walking,1,GREEN
102_3488,102,0.8067,walking,walking,1,GREEN
102_3489,102,0.8001,walking,walking,1,GREEN
102_3490,102,0.8279,walking,walking,1,GREEN
102_3491,102,0.8352,walking,walking,1,GREEN
102_3492,102,0.8622,walking,walking,1,GREEN
102_3493,102,0.8473,walking,walking,1,GREEN
102_3494,102,0.8453,walking,walking,1,GREEN
102_3495,102,0.8549,walking,walking,1,GREEN
102_3496,102,0.8493,walking,walking,1,GREEN
102_3497,102,0.8579,walking,walking,1,GREEN
102_3498,102,0.8628,walking,walking,1,GREEN
102_3499,102,0.8519,walking,walking,1,GREEN
102_3500,102,0.8553,walking,walking,1,GREEN
102_3501,102,0.8557,walking,walking,1,GREEN
102_3502,102,0.8563,walking,walking,1,GREEN
102_3503,102,0.8721,walking,walking,1,GREEN
102_3504,102,0.8862,walking,walking,1,GREEN
102_3505,102,0.8249,walking,walking,1,GREEN
102_3506,102,0.8108,walking,walking,1,GREEN
102_3507,102,0.7877,walking,walking,1,GREEN
102_3508,102,0.7909,walking,walking,1,GREEN
102_3509,102,0.8499,walking,walking,1,GREEN
102_3510,102,0.7795,walking,walking,1,GREEN
102_3511,102,0.7742,walking,walking,1,GREEN
102_3512,102,0.7748,walking,walking,1,GREEN
102_3513,102,0.844,walking,walking,1,GREEN
102_3514,102,0.8477,walking,walking,1,GREEN
102_3515,102,0.8395,walking,walking,1,GREEN
102_3516,102,0.8396,walking,walking,1,GREEN
102_3517,102,0.8543,walking,walking,1,GREEN
102_3518,102,0.8339,walking,walking,1,GREEN
102_3519,102,0.8355,walking,walking,1,GREEN
102_3520,102,0.842,walking,walking,1,GREEN
102_3521,102,0.8505,walking,walking,1,GREEN
102_3522,102,0.8418,walking,walking,1,GREEN
102_3523,102,0.8148,walking,walking,1,GREEN
102_3524,102,0.7237,walking,walking,1,YELLOW
102_3525,102,0.7334,walking,walking,1,YELLOW
102_3526,102,0.7485,walking,walking,1,YELLOW
102_3527,102,0.6821,walking,walking,1,YELLOW
102_3528,102,0.7269,walking,walking,1,YELLOW
102_3529,102,0.7854,walking,walking,1,GREEN
102_3530,102,0.8287,walking,walking,1,GREEN
102_3531,102,0.8355,walking,walking,1,GREEN
102_3532,102,0.8418,walking,walking,1,GREEN
102_3533,102,0.8602,walking,walking,1,GREEN
102_3534,102,0.8505,walking,walking,1,GREEN
102_3535,102,0.8266,walking,walking,1,GREEN
102_3536,102,0.7947,walking,walking,1,GREEN
102_3537,102,0.8254,walking,walking,1,GREEN
102_3538,102,0.8489,walking,walking,1,GREEN
102_3539,102,0.831,walking,walking,1,GREEN
102_3540,102,0.856,walking,walking,1,GREEN
102_3541,102,0.8275,walking,walking,1,GREEN
102_3542,102,0.8174,walking,walking,1,GREEN
102_3543,102,0.8303,walking,walking,1,GREEN
102_3544,102,0.8526,walking,walking,1,GREEN
102_3545,102,0.8594,walking,walking,1,GREEN
102_3546,102,0.8361,walking,walking,1,GREEN
102_3547,102,0.8269,walking,walking,1,GREEN
102_3548,102,0.8349,walking,walking,1,GREEN
102_3549,102,0.8507,walking,walking,1,GREEN
102_3550,102,0.8304,walking,walking,1,GREEN
102_3551,102,0.8075,walking,walking,1,GREEN
102_3552,102,0.7707,walking,walking,1,GREEN
102_3553,102,0.7619,walking,walking,1,GREEN
102_3554,102,0.8202,walking,walking,1,GREEN
102_3555,102,0.8143,walking,walking,1,GREEN
102_3556,102,0.7812,walking,walking,1,GREEN
102_3557,102,0.7731,walking,walking,1,GREEN
102_3558,102,0.7952,walking,walking,1,GREEN
102_3559,102,0.8356,walking,walking,1,GREEN
102_3560,102,0.8562,walking,walking,1,GREEN
102_3561,102,0.8352,walking,walking,1,GREEN
102_3562,102,0.8004,walking,walking,1,GREEN
102_3563,102,0.8253,walking,walking,1,GREEN
102_3564,102,0.8129,walking,walking,1,GREEN
102_3565,102,0.789,walking,walking,1,GREEN
102_3566,102,0.821,walking,walking,1,GREEN
102_3567,102,0.8092,walking,walking,1,GREEN
102_3568,102,0.823,walking,walking,1,GREEN
102_3569,102,0.8508,walking,walking,1,GREEN
102_3570,102,0.8432,walking,walking,1,GREEN
102_3571,102,0.8233,walking,walking,1,GREEN
102_3572,102,0.8109,walking,walking,1,GREEN
102_3573,102,0.7939,walking,walking,1,GREEN
102_3574,102,0.8366,walking,walking,1,GREEN
102_3575,102,0.8424,walking,walking,1,GREEN
102_3576,102,0.8333,walking,walking,1,GREEN
102_3577,102,0.8105,walking,walking,1,GREEN
102_3578,102,0.8189,walking,walking,1,GREEN
102_3579,102,0.841,walking,walking,1,GREEN
102_3580,102,0.8279,walking,walking,1,GREEN
102_3581,102,0.8207,walking,walking,1,GREEN
102_3582,102,0.8072,walking,walking,1,GREEN
102_3583,102,0.8301,walking,walking,1,GREEN
102_3584,102,0.845,walking,walking,1,GREEN
102_3585,102,0.8627,walking,walking,1,GREEN
102_3586,102,0.8558,walking,walking,1,GREEN
102_3587,102,0.8406,walking,walking,1,GREEN
102_3588,102,0.8631,walking,walking,1,GREEN
102_3589,102,0.858,walking,walking,1,GREEN
102_3590,102,0.799,walking,walking,1,GREEN
102_3591,102,0.8142,walking,walking,1,GREEN
102_3592,102,0.8359,walking,walking,1,GREEN
102_3593,102,0.8532,walking,walking,1,GREEN
102_3594,102,0.8714,walking,walking,1,GREEN
102_3595,102,0.8589,walking,walking,1,GREEN
102_3596,102,0.8476,walking,walking,1,GREEN
102_3597,102,0.839,walking,walking,1,GREEN
102_3598,102,0.8195,walking,walking,1,GREEN
102_3599,102,0.8241,walking,walking,1,GREEN
102_3600,102,0.8348,walking,walking,1,GREEN
102_3601,102,0.8458,walking,walking,1,GREEN
102_3602,102,0.8463,walking,walking,1,GREEN
102_3603,102,0.8549,walking,walking,1,GREEN
102_3604,102,0.8125,walking,walking,1,GREEN
102_3605,102,0.8136,walking,walking,1,GREEN
102_3606,102,0.8153,walking,walking,1,GREEN
102_3607,102,0.8224,walking,walking,1,GREEN
102_3608,102,0.8602,walking,walking,1,GREEN
102_3609,102,0.7989,walking,walking,1,GREEN
102_3610,102,0.7426,walking,walking,1,YELLOW
102_3611,102,0.8336,walking,walking,1,GREEN
102_3612,102,0.817,walking,walking,1,GREEN
102_3613,102,0.7745,walking,walking,1,GREEN
102_3614,102,0.7991,walking,walking,1,GREEN
102_3615,102,0.8491,walking,walking,1,GREEN
102_3616,102,0.8526,walking,walking,1,GREEN
102_3617,102,0.8354,walking,walking,1,GREEN
102_3618,102,0.8328,walking,walking,1,GREEN
102_3619,102,0.8603,walking,walking,1,GREEN
102_3620,102,0.8193,walking,walking,1,GREEN
102_3621,102,0.7398,walking,walking,1,YELLOW
102_3622,102,0.7326,walking,walking,1,YELLOW
102_3623,102,0.812,walking,walking,1,GREEN
102_3624,102,0.8233,walking,walking,1,GREEN
102_3625,102,0.8306,walking,walking,1,GREEN
102_3626,102,0.8234,walking,walking,1,GREEN
102_3627,102,0.7447,walking,walking,1,YELLOW
102_3628,102,0.8015,walking,walking,1,GREEN
102_3629,102,0.7895,walking,walking,1,GREEN
102_3630,102,0.7517,walking,walking,1,GREEN
102_3631,102,0.7131,walking,walking,1,YELLOW
102_3632,102,0.8145,walking,walking,1,GREEN
102_3633,102,0.8307,walking,walking,1,GREEN
102_3634,102,0.7722,walking,walking,1,GREEN
102_3635,102,0.7245,walking,walking,1,YELLOW
102_3636,102,0.8232,walking,walking,1,GREEN
102_3637,102,0.8197,walking,walking,1,GREEN
102_3638,102,0.7852,walking,walking,1,GREEN
102_3639,102,0.7376,walking,walking,1,YELLOW
102_3640,102,0.7943,walking,walking,1,GREEN
102_3641,102,0.7655,walking,walking,1,GREEN
102_3642,102,0.8125,walking,walking,1,GREEN
102_3643,102,0.8326,walking,walking,1,GREEN
102_3644,102,0.8367,walking,walking,1,GREEN
102_3645,102,0.7885,walking,walking,1,GREEN
102_3646,102,0.8069,walking,walking,1,GREEN
102_3647,102,0.8403,walking,walking,1,GREEN
102_3648,102,0.8485,walking,walking,1,GREEN
102_3649,102,0.8261,walking,walking,1,GREEN
102_3650,102,0.8,walking,walking,1,GREEN
102_3651,102,0.7989,walking,walking,1,GREEN
102_3652,102,0.8274,walking,walking,1,GREEN
102_3653,102,0.8002,walking,walking,1,GREEN
102_3654,102,0.6719,walking,walking,1,YELLOW
102_3655,102,0.6635,walking,walking,1,YELLOW
102_3656,102,0.7533,walking,walking,1,GREEN
102_3657,102,0.792,walking,walking,1,GREEN
102_3658,102,0.7291,walking,walking,1,YELLOW
102_3659,102,0.7872,walking,walking,1,GREEN
102_3660,102,0.8343,walking,walking,1,GREEN
102_3661,102,0.8318,walking,walking,1,GREEN
102_3662,102,0.8209,walking,walking,1,GREEN
102_3663,102,0.7712,walking,walking,1,GREEN
102_3664,102,0.7282,walking,walking,1,YELLOW
102_3665,102,0.7346,walking,walking,1,YELLOW
102_3666,102,0.7087,walking,walking,1,YELLOW
102_3667,102,0.4025,walking,walking,1,RED
102_3668,102,0.4162,vacuuming,walking,0,RED
102_3669,102,0.3496,vacuuming,walking,0,RED
102_3670,102,0.2664,standing,walking,0,RED
102_3671,102,0.214,stairs_down,walking,0,RED
102_3672,102,0.4186,vacuuming,walking,0,RED
102_3673,102,0.7107,vacuuming,walking,0,YELLOW
102_3674,102,0.5411,vacuuming,walking,0,YELLOW
102_3675,102,0.5841,vacuuming,walking,0,YELLOW
102_3676,102,0.6294,vacuuming,walking,0,YELLOW
102_3677,102,0.3264,nordic_walk,nordic_walk,1,RED
102_3678,102,0.2771,nordic_walk,nordic_walk,1,RED
102_3679,102,0.3081,nordic_walk,nordic_walk,1,RED
102_3680,102,0.3827,nordic_walk,nordic_walk,1,RED
102_3681,102,0.2904,vacuuming,nordic_walk,0,RED
102_3682,102,0.2303,vacuuming,nordic_walk,0,RED
102_3683,102,0.2454,nordic_walk,nordic_walk,1,RED
102_3684,102,0.2634,ironing,nordic_walk,0,RED
102_3685,102,0.2562,ironing,nordic_walk,0,RED
102_3686,102,0.2956,ironing,nordic_walk,0,RED
102_3687,102,0.2822,ironing,nordic_walk,0,RED
102_3688,102,0.3897,nordic_walk,nordic_walk,1,RED
102_3689,102,0.3124,ironing,nordic_walk,0,RED
102_3690,102,0.6218,vacuuming,nordic_walk,0,YELLOW
102_3691,102,0.6021,nordic_walk,nordic_walk,1,YELLOW
102_3692,102,0.6332,nordic_walk,nordic_walk,1,YELLOW
102_3693,102,0.7605,nordic_walk,nordic_walk,1,GREEN
102_3694,102,0.5526,nordic_walk,nordic_walk,1,YELLOW
102_3695,102,0.3292,nordic_walk,nordic_walk,1,RED
102_3696,102,0.4233,walking,nordic_walk,0,RED
102_3697,102,0.4807,nordic_walk,nordic_walk,1,YELLOW
102_3698,102,0.8095,nordic_walk,nordic_walk,1,GREEN
102_3699,102,0.8369,nordic_walk,nordic_walk,1,GREEN
102_3700,102,0.6364,nordic_walk,nordic_walk,1,YELLOW
102_3701,102,0.5165,nordic_walk,nordic_walk,1,YELLOW
102_3702,102,0.7614,nordic_walk,nordic_walk,1,GREEN
102_3703,102,0.6714,nordic_walk,nordic_walk,1,YELLOW
102_3704,102,0.8588,nordic_walk,nordic_walk,1,GREEN
102_3705,102,0.8331,nordic_walk,nordic_walk,1,GREEN
102_3706,102,0.8125,nordic_walk,nordic_walk,1,GREEN
102_3707,102,0.7086,nordic_walk,nordic_walk,1,YELLOW
102_3708,102,0.4426,walking,nordic_walk,0,RED
102_3709,102,0.7378,walking,nordic_walk,0,YELLOW
102_3710,102,0.5918,walking,nordic_walk,0,YELLOW
102_3711,102,0.7411,nordic_walk,nordic_walk,1,YELLOW
102_3712,102,0.824,nordic_walk,nordic_walk,1,GREEN
102_3713,102,0.8783,nordic_walk,nordic_walk,1,GREEN
102_3714,102,0.871,nordic_walk,nordic_walk,1,GREEN
102_3715,102,0.6159,nordic_walk,nordic_walk,1,YELLOW
102_3716,102,0.7264,nordic_walk,nordic_walk,1,YELLOW
102_3717,102,0.5847,nordic_walk,nordic_walk,1,YELLOW
102_3718,102,0.8631,nordic_walk,nordic_walk,1,GREEN
102_3719,102,0.8647,nordic_walk,nordic_walk,1,GREEN
102_3720,102,0.8609,nordic_walk,nordic_walk,1,GREEN
102_3721,102,0.8598,nordic_walk,nordic_walk,1,GREEN
102_3722,102,0.4662,nordic_walk,nordic_walk,1,YELLOW
102_3723,102,0.7447,nordic_walk,nordic_walk,1,YELLOW
102_3724,102,0.8392,nordic_walk,nordic_walk,1,GREEN
102_3725,102,0.8638,nordic_walk,nordic_walk,1,GREEN
102_3726,102,0.8835,nordic_walk,nordic_walk,1,GREEN
102_3727,102,0.7215,nordic_walk,nordic_walk,1,YELLOW
102_3728,102,0.758,nordic_walk,nordic_walk,1,GREEN
102_3729,102,0.7929,nordic_walk,nordic_walk,1,GREEN
102_3730,102,0.8565,nordic_walk,nordic_walk,1,GREEN
102_3731,102,0.8764,nordic_walk,nordic_walk,1,GREEN
102_3732,102,0.8866,nordic_walk,nordic_walk,1,GREEN
102_3733,102,0.8558,nordic_walk,nordic_walk,1,GREEN
102_3734,102,0.879,nordic_walk,nordic_walk,1,GREEN
102_3735,102,0.8689,nordic_walk,nordic_walk,1,GREEN
102_3736,102,0.8497,nordic_walk,nordic_walk,1,GREEN
102_3737,102,0.8798,nordic_walk,nordic_walk,1,GREEN
102_3738,102,0.7998,nordic_walk,nordic_walk,1,GREEN
102_3739,102,0.7787,nordic_walk,nordic_walk,1,GREEN
102_3740,102,0.8641,nordic_walk,nordic_walk,1,GREEN
102_3741,102,0.8855,nordic_walk,nordic_walk,1,GREEN
102_3742,102,0.8782,nordic_walk,nordic_walk,1,GREEN
102_3743,102,0.5504,walking,nordic_walk,0,YELLOW
102_3744,102,0.5487,walking,nordic_walk,0,YELLOW
102_3745,102,0.6264,walking,nordic_walk,0,YELLOW
102_3746,102,0.6578,nordic_walk,nordic_walk,1,YELLOW
102_3747,102,0.4756,walking,nordic_walk,0,YELLOW
102_3748,102,0.696,nordic_walk,nordic_walk,1,YELLOW
102_3749,102,0.5984,nordic_walk,nordic_walk,1,YELLOW
102_3750,102,0.8642,nordic_walk,nordic_walk,1,GREEN
102_3751,102,0.8559,nordic_walk,nordic_walk,1,GREEN
102_3752,102,0.855,nordic_walk,nordic_walk,1,GREEN
102_3753,102,0.873,nordic_walk,nordic_walk,1,GREEN
102_3754,102,0.8435,nordic_walk,nordic_walk,1,GREEN
102_3755,102,0.6496,nordic_walk,nordic_walk,1,YELLOW
102_3756,102,0.5715,nordic_walk,nordic_walk,1,YELLOW
102_3757,102,0.7435,nordic_walk,nordic_walk,1,YELLOW
102_3758,102,0.829,nordic_walk,nordic_walk,1,GREEN
102_3759,102,0.8649,nordic_walk,nordic_walk,1,GREEN
102_3760,102,0.8641,nordic_walk,nordic_walk,1,GREEN
102_3761,102,0.8665,nordic_walk,nordic_walk,1,GREEN
102_3762,102,0.8785,nordic_walk,nordic_walk,1,GREEN
102_3763,102,0.8712,nordic_walk,nordic_walk,1,GREEN
102_3764,102,0.8801,nordic_walk,nordic_walk,1,GREEN
102_3765,102,0.8934,nordic_walk,nordic_walk,1,GREEN
102_3766,102,0.8982,nordic_walk,nordic_walk,1,GREEN
102_3767,102,0.8635,nordic_walk,nordic_walk,1,GREEN
102_3768,102,0.8663,nordic_walk,nordic_walk,1,GREEN
102_3769,102,0.8069,nordic_walk,nordic_walk,1,GREEN
102_3770,102,0.7621,nordic_walk,nordic_walk,1,GREEN
102_3771,102,0.8164,nordic_walk,nordic_walk,1,GREEN
102_3772,102,0.8484,nordic_walk,nordic_walk,1,GREEN
102_3773,102,0.8232,nordic_walk,nordic_walk,1,GREEN
102_3774,102,0.861,nordic_walk,nordic_walk,1,GREEN
102_3775,102,0.8671,nordic_walk,nordic_walk,1,GREEN
102_3776,102,0.8824,nordic_walk,nordic_walk,1,GREEN
102_3777,102,0.8845,nordic_walk,nordic_walk,1,GREEN
102_3778,102,0.8669,nordic_walk,nordic_walk,1,GREEN
102_3779,102,0.8632,nordic_walk,nordic_walk,1,GREEN
102_3780,102,0.7723,nordic_walk,nordic_walk,1,GREEN
102_3781,102,0.7828,nordic_walk,nordic_walk,1,GREEN
102_3782,102,0.7526,nordic_walk,nordic_walk,1,GREEN
102_3783,102,0.8534,nordic_walk,nordic_walk,1,GREEN
102_3784,102,0.8677,nordic_walk,nordic_walk,1,GREEN
102_3785,102,0.8805,nordic_walk,nordic_walk,1,GREEN
102_3786,102,0.868,nordic_walk,nordic_walk,1,GREEN
102_3787,102,0.8807,nordic_walk,nordic_walk,1,GREEN
102_3788,102,0.8835,nordic_walk,nordic_walk,1,GREEN
102_3789,102,0.8287,nordic_walk,nordic_walk,1,GREEN
102_3790,102,0.849,nordic_walk,nordic_walk,1,GREEN
102_3791,102,0.7878,nordic_walk,nordic_walk,1,GREEN
102_3792,102,0.869,nordic_walk,nordic_walk,1,GREEN
102_3793,102,0.7256,nordic_walk,nordic_walk,1,YELLOW
102_3794,102,0.7444,nordic_walk,nordic_walk,1,YELLOW
102_3795,102,0.8021,nordic_walk,nordic_walk,1,GREEN
102_3796,102,0.8498,nordic_walk,nordic_walk,1,GREEN
102_3797,102,0.7578,nordic_walk,nordic_walk,1,GREEN
102_3798,102,0.7607,nordic_walk,nordic_walk,1,GREEN
102_3799,102,0.5447,walking,nordic_walk,0,YELLOW
102_3800,102,0.6277,nordic_walk,nordic_walk,1,YELLOW
102_3801,102,0.7252,nordic_walk,nordic_walk,1,YELLOW
102_3802,102,0.8573,nordic_walk,nordic_walk,1,GREEN
102_3803,102,0.8638,nordic_walk,nordic_walk,1,GREEN
102_3804,102,0.6278,nordic_walk,nordic_walk,1,YELLOW
102_3805,102,0.7894,nordic_walk,nordic_walk,1,GREEN
102_3806,102,0.6541,walking,nordic_walk,0,YELLOW
102_3807,102,0.8443,nordic_walk,nordic_walk,1,GREEN
102_3808,102,0.8498,nordic_walk,nordic_walk,1,GREEN
102_3809,102,0.7478,nordic_walk,nordic_walk,1,YELLOW
102_3810,102,0.6254,nordic_walk,nordic_walk,1,YELLOW
102_3811,102,0.5815,nordic_walk,nordic_walk,1,YELLOW
102_3812,102,0.7791,nordic_walk,nordic_walk,1,GREEN
102_3813,102,0.8986,nordic_walk,nordic_walk,1,GREEN
102_3814,102,0.8827,nordic_walk,nordic_walk,1,GREEN
102_3815,102,0.7579,nordic_walk,nordic_walk,1,GREEN
102_3816,102,0.7939,nordic_walk,nordic_walk,1,GREEN
102_3817,102,0.7949,nordic_walk,nordic_walk,1,GREEN
102_3818,102,0.5621,nordic_walk,nordic_walk,1,YELLOW
102_3819,102,0.7791,nordic_walk,nordic_walk,1,GREEN
102_3820,102,0.8516,nordic_walk,nordic_walk,1,GREEN
102_3821,102,0.8543,nordic_walk,nordic_walk,1,GREEN
102_3822,102,0.5934,walking,nordic_walk,0,YELLOW
102_3823,102,0.8646,nordic_walk,nordic_walk,1,GREEN
102_3824,102,0.8544,nordic_walk,nordic_walk,1,GREEN
102_3825,102,0.8764,nordic_walk,nordic_walk,1,GREEN
102_3826,102,0.8665,nordic_walk,nordic_walk,1,GREEN
102_3827,102,0.8694,nordic_walk,nordic_walk,1,GREEN
102_3828,102,0.8771,nordic_walk,nordic_walk,1,GREEN
102_3829,102,0.8396,nordic_walk,nordic_walk,1,GREEN
102_3830,102,0.82,nordic_walk,nordic_walk,1,GREEN
102_3831,102,0.8719,nordic_walk,nordic_walk,1,GREEN
102_3832,102,0.8914,nordic_walk,nordic_walk,1,GREEN
102_3833,102,0.7995,nordic_walk,nordic_walk,1,GREEN
102_3834,102,0.8121,nordic_walk,nordic_walk,1,GREEN
102_3835,102,0.4983,nordic_walk,nordic_walk,1,YELLOW
102_3836,102,0.816,nordic_walk,nordic_walk,1,GREEN
102_3837,102,0.7226,nordic_walk,nordic_walk,1,YELLOW
102_3838,102,0.8441,nordic_walk,nordic_walk,1,GREEN
102_3839,102,0.8464,nordic_walk,nordic_walk,1,GREEN
102_3840,102,0.8391,nordic_walk,nordic_walk,1,GREEN
102_3841,102,0.8605,nordic_walk,nordic_walk,1,GREEN
102_3842,102,0.866,nordic_walk,nordic_walk,1,GREEN
102_3843,102,0.8334,nordic_walk,nordic_walk,1,GREEN
102_3844,102,0.672,nordic_walk,nordic_walk,1,YELLOW
102_3845,102,0.7429,nordic_walk,nordic_walk,1,YELLOW
102_3846,102,0.8952,nordic_walk,nordic_walk,1,GREEN
102_3847,102,0.8674,nordic_walk,nordic_walk,1,GREEN
102_3848,102,0.7818,nordic_walk,nordic_walk,1,GREEN
102_3849,102,0.8318,nordic_walk,nordic_walk,1,GREEN
102_3850,102,0.8734,nordic_walk,nordic_walk,1,GREEN
102_3851,102,0.9058,nordic_walk,nordic_walk,1,GREEN
102_3852,102,0.9012,nordic_walk,nordic_walk,1,GREEN
102_3853,102,0.8813,nordic_walk,nordic_walk,1,GREEN
102_3854,102,0.7341,nordic_walk,nordic_walk,1,YELLOW
102_3855,102,0.8566,nordic_walk,nordic_walk,1,GREEN
102_3856,102,0.833,nordic_walk,nordic_walk,1,GREEN
102_3857,102,0.8772,nordic_walk,nordic_walk,1,GREEN
102_3858,102,0.8405,nordic_walk,nordic_walk,1,GREEN
102_3859,102,0.8616,nordic_walk,nordic_walk,1,GREEN
102_3860,102,0.7632,nordic_walk,nordic_walk,1,GREEN
102_3861,102,0.7467,nordic_walk,nordic_walk,1,YELLOW
102_3862,102,0.7735,nordic_walk,nordic_walk,1,GREEN
102_3863,102,0.8404,nordic_walk,nordic_walk,1,GREEN
102_3864,102,0.9,nordic_walk,nordic_walk,1,GREEN
102_3865,102,0.8661,nordic_walk,nordic_walk,1,GREEN
102_3866,102,0.8332,nordic_walk,nordic_walk,1,GREEN
102_3867,102,0.7782,nordic_walk,nordic_walk,1,GREEN
102_3868,102,0.7923,nordic_walk,nordic_walk,1,GREEN
102_3869,102,0.8144,nordic_walk,nordic_walk,1,GREEN
102_3870,102,0.836,nordic_walk,nordic_walk,1,GREEN
102_3871,102,0.6537,nordic_walk,nordic_walk,1,YELLOW
102_3872,102,0.5719,walking,nordic_walk,0,YELLOW
102_3873,102,0.4142,nordic_walk,nordic_walk,1,RED
102_3874,102,0.7608,nordic_walk,nordic_walk,1,GREEN
102_3875,102,0.8677,nordic_walk,nordic_walk,1,GREEN
102_3876,102,0.8631,nordic_walk,nordic_walk,1,GREEN
102_3877,102,0.6971,nordic_walk,nordic_walk,1,YELLOW
102_3878,102,0.7491,nordic_walk,nordic_walk,1,YELLOW
102_3879,102,0.8666,nordic_walk,nordic_walk,1,GREEN
102_3880,102,0.8249,nordic_walk,nordic_walk,1,GREEN
102_3881,102,0.699,nordic_walk,nordic_walk,1,YELLOW
102_3882,102,0.7902,nordic_walk,nordic_walk,1,GREEN
102_3883,102,0.8247,nordic_walk,nordic_walk,1,GREEN
102_3884,102,0.7641,nordic_walk,nordic_walk,1,GREEN
102_3885,102,0.4781,walking,nordic_walk,0,YELLOW
102_3886,102,0.8187,nordic_walk,nordic_walk,1,GREEN
102_3887,102,0.8638,nordic_walk,nordic_walk,1,GREEN
102_3888,102,0.7703,nordic_walk,nordic_walk,1,GREEN
102_3889,102,0.6653,nordic_walk,nordic_walk,1,YELLOW
102_3890,102,0.3855,nordic_walk,nordic_walk,1,RED
102_3891,102,0.4626,walking,nordic_walk,0,YELLOW
102_3892,102,0.7201,nordic_walk,nordic_walk,1,YELLOW
102_3893,102,0.791,nordic_walk,nordic_walk,1,GREEN
102_3894,102,0.7403,nordic_walk,nordic_walk,1,YELLOW
102_3895,102,0.7835,nordic_walk,nordic_walk,1,GREEN
102_3896,102,0.8597,nordic_walk,nordic_walk,1,GREEN
102_3897,102,0.8148,nordic_walk,nordic_walk,1,GREEN
102_3898,102,0.8049,nordic_walk,nordic_walk,1,GREEN
102_3899,102,0.8165,nordic_walk,nordic_walk,1,GREEN
102_3900,102,0.7912,nordic_walk,nordic_walk,1,GREEN
102_3901,102,0.7824,nordic_walk,nordic_walk,1,GREEN
102_3902,102,0.7993,nordic_walk,nordic_walk,1,GREEN
102_3903,102,0.7996,nordic_walk,nordic_walk,1,GREEN
102_3904,102,0.8339,nordic_walk,nordic_walk,1,GREEN
102_3905,102,0.8256,nordic_walk,nordic_walk,1,GREEN
102_3906,102,0.7324,nordic_walk,nordic_walk,1,YELLOW
102_3907,102,0.7197,nordic_walk,nordic_walk,1,YELLOW
102_3908,102,0.7967,nordic_walk,nordic_walk,1,GREEN
102_3909,102,0.8347,nordic_walk,nordic_walk,1,GREEN
102_3910,102,0.8316,nordic_walk,nordic_walk,1,GREEN
102_3911,102,0.8789,nordic_walk,nordic_walk,1,GREEN
102_3912,102,0.8682,nordic_walk,nordic_walk,1,GREEN
102_3913,102,0.8826,nordic_walk,nordic_walk,1,GREEN
102_3914,102,0.858,nordic_walk,nordic_walk,1,GREEN
102_3915,102,0.8089,nordic_walk,nordic_walk,1,GREEN
102_3916,102,0.7727,nordic_walk,nordic_walk,1,GREEN
102_3917,102,0.8369,nordic_walk,nordic_walk,1,GREEN
102_3918,102,0.8736,nordic_walk,nordic_walk,1,GREEN
102_3919,102,0.7796,nordic_walk,nordic_walk,1,GREEN
102_3920,102,0.6779,nordic_walk,nordic_walk,1,YELLOW
102_3921,102,0.579,nordic_walk,nordic_walk,1,YELLOW
102_3922,102,0.831,nordic_walk,nordic_walk,1,GREEN
102_3923,102,0.8661,nordic_walk,nordic_walk,1,GREEN
102_3924,102,0.8538,nordic_walk,nordic_walk,1,GREEN
102_3925,102,0.6585,nordic_walk,nordic_walk,1,YELLOW
102_3926,102,0.7479,nordic_walk,nordic_walk,1,YELLOW
102_3927,102,0.4723,nordic_walk,nordic_walk,1,YELLOW
102_3928,102,0.7513,nordic_walk,nordic_walk,1,GREEN
102_3929,102,0.7152,nordic_walk,nordic_walk,1,YELLOW
102_3930,102,0.8311,nordic_walk,nordic_walk,1,GREEN
102_3931,102,0.8303,nordic_walk,nordic_walk,1,GREEN
102_3932,102,0.8437,nordic_walk,nordic_walk,1,GREEN
102_3933,102,0.9029,nordic_walk,nordic_walk,1,GREEN
102_3934,102,0.7873,nordic_walk,nordic_walk,1,GREEN
102_3935,102,0.7584,nordic_walk,nordic_walk,1,GREEN
102_3936,102,0.8665,nordic_walk,nordic_walk,1,GREEN
102_3937,102,0.8626,nordic_walk,nordic_walk,1,GREEN
102_3938,102,0.86,nordic_walk,nordic_walk,1,GREEN
102_3939,102,0.8558,nordic_walk,nordic_walk,1,GREEN
102_3940,102,0.5935,nordic_walk,nordic_walk,1,YELLOW
102_3941,102,0.7732,nordic_walk,nordic_walk,1,GREEN
102_3942,102,0.7252,walking,nordic_walk,0,YELLOW
102_3943,102,0.6202,nordic_walk,nordic_walk,1,YELLOW
102_3944,102,0.6412,nordic_walk,nordic_walk,1,YELLOW
102_3945,102,0.8047,nordic_walk,nordic_walk,1,GREEN
102_3946,102,0.7863,nordic_walk,nordic_walk,1,GREEN
102_3947,102,0.7302,nordic_walk,nordic_walk,1,YELLOW
102_3948,102,0.6056,nordic_walk,nordic_walk,1,YELLOW
102_3949,102,0.5523,nordic_walk,nordic_walk,1,YELLOW
102_3950,102,0.6509,nordic_walk,nordic_walk,1,YELLOW
102_3951,102,0.568,walking,nordic_walk,0,YELLOW
102_3952,102,0.6386,nordic_walk,nordic_walk,1,YELLOW
102_3953,102,0.4176,nordic_walk,nordic_walk,1,RED
102_3954,102,0.7335,nordic_walk,nordic_walk,1,YELLOW
102_3955,102,0.8076,nordic_walk,nordic_walk,1,GREEN
102_3956,102,0.7845,nordic_walk,nordic_walk,1,GREEN
102_3957,102,0.4797,nordic_walk,nordic_walk,1,YELLOW
102_3958,102,0.3064,running,nordic_walk,0,RED
102_3959,102,0.5669,nordic_walk,nordic_walk,1,YELLOW
102_3960,102,0.4711,nordic_walk,nordic_walk,1,YELLOW
102_3961,102,0.7393,nordic_walk,nordic_walk,1,YELLOW
102_3962,102,0.7504,nordic_walk,nordic_walk,1,GREEN
102_3963,102,0.6434,nordic_walk,nordic_walk,1,YELLOW
102_3964,102,0.8523,nordic_walk,nordic_walk,1,GREEN
102_3965,102,0.8177,nordic_walk,nordic_walk,1,GREEN
102_3966,102,0.4625,nordic_walk,nordic_walk,1,YELLOW
102_3967,102,0.7006,nordic_walk,nordic_walk,1,YELLOW
102_3968,102,0.6823,walking,nordic_walk,0,YELLOW
102_3969,102,0.8501,nordic_walk,nordic_walk,1,GREEN
102_3970,102,0.8657,nordic_walk,nordic_walk,1,GREEN
102_3971,102,0.8171,nordic_walk,nordic_walk,1,GREEN
102_3972,102,0.7444,nordic_walk,nordic_walk,1,YELLOW
102_3973,102,0.7098,nordic_walk,nordic_walk,1,YELLOW
102_3974,102,0.8254,nordic_walk,nordic_walk,1,GREEN
102_3975,102,0.7891,nordic_walk,nordic_walk,1,GREEN
102_3976,102,0.8368,nordic_walk,nordic_walk,1,GREEN
102_3977,102,0.7812,nordic_walk,nordic_walk,1,GREEN
102_3978,102,0.7508,nordic_walk,nordic_walk,1,GREEN
102_3979,102,0.7616,nordic_walk,nordic_walk,1,GREEN
102_3980,102,0.7771,nordic_walk,nordic_walk,1,GREEN
102_3981,102,0.7911,nordic_walk,nordic_walk,1,GREEN
102_3982,102,0.7545,nordic_walk,nordic_walk,1,GREEN
102_3983,102,0.8036,nordic_walk,nordic_walk,1,GREEN
102_3984,102,0.8153,nordic_walk,nordic_walk,1,GREEN
102_3985,102,0.7261,nordic_walk,nordic_walk,1,YELLOW
102_3986,102,0.8172,nordic_walk,nordic_walk,1,GREEN
102_3987,102,0.5222,nordic_walk,nordic_walk,1,YELLOW
102_3988,102,0.7347,nordic_walk,nordic_walk,1,YELLOW
102_3989,102,0.8562,nordic_walk,nordic_walk,1,GREEN
102_3990,102,0.8774,nordic_walk,nordic_walk,1,GREEN
102_3991,102,0.6367,walking,nordic_walk,0,YELLOW
102_3992,102,0.6657,nordic_walk,nordic_walk,1,YELLOW
102_3993,102,0.8648,nordic_walk,nordic_walk,1,GREEN
102_3994,102,0.7382,nordic_walk,nordic_walk,1,YELLOW
102_3995,102,0.6606,walking,nordic_walk,0,YELLOW
102_3996,102,0.8023,nordic_walk,nordic_walk,1,GREEN
102_3997,102,0.7839,nordic_walk,nordic_walk,1,GREEN
102_3998,102,0.8402,nordic_walk,nordic_walk,1,GREEN
102_3999,102,0.8137,nordic_walk,nordic_walk,1,GREEN
102_4000,102,0.7614,nordic_walk,nordic_walk,1,GREEN
102_4001,102,0.7689,nordic_walk,nordic_walk,1,GREEN
102_4002,102,0.7394,nordic_walk,nordic_walk,1,YELLOW
102_4003,102,0.4964,nordic_walk,nordic_walk,1,YELLOW
102_4004,102,0.5603,nordic_walk,nordic_walk,1,YELLOW
102_4005,102,0.7654,nordic_walk,nordic_walk,1,GREEN
102_4006,102,0.7835,nordic_walk,nordic_walk,1,GREEN
102_4007,102,0.7282,nordic_walk,nordic_walk,1,YELLOW
102_4008,102,0.4855,nordic_walk,nordic_walk,1,YELLOW
102_4009,102,0.6732,nordic_walk,nordic_walk,1,YELLOW
102_4010,102,0.8515,nordic_walk,nordic_walk,1,GREEN
102_4011,102,0.8423,nordic_walk,nordic_walk,1,GREEN
102_4012,102,0.8288,nordic_walk,nordic_walk,1,GREEN
102_4013,102,0.7348,nordic_walk,nordic_walk,1,YELLOW
102_4014,102,0.8997,nordic_walk,nordic_walk,1,GREEN
102_4015,102,0.9021,nordic_walk,nordic_walk,1,GREEN
102_4016,102,0.8364,nordic_walk,nordic_walk,1,GREEN
102_4017,102,0.8626,nordic_walk,nordic_walk,1,GREEN
102_4018,102,0.6977,nordic_walk,nordic_walk,1,YELLOW
102_4019,102,0.7542,nordic_walk,nordic_walk,1,GREEN
102_4020,102,0.7208,nordic_walk,nordic_walk,1,YELLOW
102_4021,102,0.5159,nordic_walk,nordic_walk,1,YELLOW
102_4022,102,0.4271,walking,nordic_walk,0,RED
102_4023,102,0.6955,nordic_walk,nordic_walk,1,YELLOW
102_4024,102,0.8295,nordic_walk,nordic_walk,1,GREEN
102_4025,102,0.8504,nordic_walk,nordic_walk,1,GREEN
102_4026,102,0.7474,nordic_walk,nordic_walk,1,YELLOW
102_4027,102,0.7023,nordic_walk,nordic_walk,1,YELLOW
102_4028,102,0.8192,nordic_walk,nordic_walk,1,GREEN
102_4029,102,0.6756,nordic_walk,nordic_walk,1,YELLOW
102_4030,102,0.8448,nordic_walk,nordic_walk,1,GREEN
102_4031,102,0.8309,nordic_walk,nordic_walk,1,GREEN
102_4032,102,0.7817,nordic_walk,nordic_walk,1,GREEN
102_4033,102,0.8341,nordic_walk,nordic_walk,1,GREEN
102_4034,102,0.7783,nordic_walk,nordic_walk,1,GREEN
102_4035,102,0.7799,nordic_walk,nordic_walk,1,GREEN
102_4036,102,0.4828,walking,nordic_walk,0,YELLOW
102_4037,102,0.7527,nordic_walk,nordic_walk,1,GREEN
102_4038,102,0.7882,nordic_walk,nordic_walk,1,GREEN
102_4039,102,0.5921,nordic_walk,nordic_walk,1,YELLOW
102_4040,102,0.659,walking,nordic_walk,0,YELLOW
102_4041,102,0.5589,walking,nordic_walk,0,YELLOW
102_4042,102,0.7032,walking,nordic_walk,0,YELLOW
102_4043,102,0.6422,walking,nordic_walk,0,YELLOW
102_4044,102,0.6123,walking,nordic_walk,0,YELLOW
102_4045,102,0.797,nordic_walk,nordic_walk,1,GREEN
102_4046,102,0.8142,nordic_walk,nordic_walk,1,GREEN
102_4047,102,0.8727,nordic_walk,nordic_walk,1,GREEN
102_4048,102,0.8728,nordic_walk,nordic_walk,1,GREEN
102_4049,102,0.777,nordic_walk,nordic_walk,1,GREEN
102_4050,102,0.7925,nordic_walk,nordic_walk,1,GREEN
102_4051,102,0.8606,nordic_walk,nordic_walk,1,GREEN
102_4052,102,0.7023,nordic_walk,nordic_walk,1,YELLOW
102_4053,102,0.7533,nordic_walk,nordic_walk,1,GREEN
102_4054,102,0.7708,nordic_walk,nordic_walk,1,GREEN
102_4055,102,0.7743,nordic_walk,nordic_walk,1,GREEN
102_4056,102,0.7859,nordic_walk,nordic_walk,1,GREEN
102_4057,102,0.5633,nordic_walk,nordic_walk,1,YELLOW
102_4058,102,0.8159,nordic_walk,nordic_walk,1,GREEN
102_4059,102,0.7653,nordic_walk,nordic_walk,1,GREEN
102_4060,102,0.6895,nordic_walk,nordic_walk,1,YELLOW
102_4061,102,0.607,nordic_walk,nordic_walk,1,YELLOW
102_4062,102,0.7428,nordic_walk,nordic_walk,1,YELLOW
102_4063,102,0.7388,nordic_walk,nordic_walk,1,YELLOW
102_4064,102,0.5512,nordic_walk,nordic_walk,1,YELLOW
102_4065,102,0.5084,nordic_walk,nordic_walk,1,YELLOW
102_4066,102,0.6502,nordic_walk,nordic_walk,1,YELLOW
102_4067,102,0.7718,nordic_walk,nordic_walk,1,GREEN
102_4068,102,0.822,nordic_walk,nordic_walk,1,GREEN
102_4069,102,0.5734,nordic_walk,nordic_walk,1,YELLOW
102_4070,102,0.5742,nordic_walk,nordic_walk,1,YELLOW
102_4071,102,0.6471,nordic_walk,nordic_walk,1,YELLOW
102_4072,102,0.7334,walking,nordic_walk,0,YELLOW
102_4073,102,0.6403,nordic_walk,nordic_walk,1,YELLOW
102_4074,102,0.8426,nordic_walk,nordic_walk,1,GREEN
102_4075,102,0.8095,nordic_walk,nordic_walk,1,GREEN
102_4076,102,0.3943,walking,nordic_walk,0,RED
102_4077,102,0.5648,nordic_walk,nordic_walk,1,YELLOW
102_4078,102,0.8503,nordic_walk,nordic_walk,1,GREEN
102_4079,102,0.7895,nordic_walk,nordic_walk,1,GREEN
102_4080,102,0.6534,nordic_walk,nordic_walk,1,YELLOW
102_4081,102,0.477,walking,nordic_walk,0,YELLOW
102_4082,102,0.8402,nordic_walk,nordic_walk,1,GREEN
102_4083,102,0.8491,nordic_walk,nordic_walk,1,GREEN
102_4084,102,0.7992,nordic_walk,nordic_walk,1,GREEN
102_4085,102,0.6149,nordic_walk,nordic_walk,1,YELLOW
102_4086,102,0.4984,walking,nordic_walk,0,YELLOW
102_4087,102,0.4544,nordic_walk,nordic_walk,1,YELLOW
102_4088,102,0.7453,walking,nordic_walk,0,YELLOW
102_4089,102,0.6709,nordic_walk,nordic_walk,1,YELLOW
102_4090,102,0.7969,nordic_walk,nordic_walk,1,GREEN
102_4091,102,0.7676,nordic_walk,nordic_walk,1,GREEN
102_4092,102,0.7756,nordic_walk,nordic_walk,1,GREEN
102_4093,102,0.7735,nordic_walk,nordic_walk,1,GREEN
102_4094,102,0.636,nordic_walk,nordic_walk,1,YELLOW
102_4095,102,0.6173,nordic_walk,nordic_walk,1,YELLOW
102_4096,102,0.8542,nordic_walk,nordic_walk,1,GREEN
102_4097,102,0.8389,nordic_walk,nordic_walk,1,GREEN
102_4098,102,0.6095,nordic_walk,nordic_walk,1,YELLOW
102_4099,102,0.7056,walking,nordic_walk,0,YELLOW
102_4100,102,0.6986,nordic_walk,nordic_walk,1,YELLOW
102_4101,102,0.6531,nordic_walk,nordic_walk,1,YELLOW
102_4102,102,0.7108,nordic_walk,nordic_walk,1,YELLOW
102_4103,102,0.6767,nordic_walk,nordic_walk,1,YELLOW
102_4104,102,0.7124,nordic_walk,nordic_walk,1,YELLOW
102_4105,102,0.8622,nordic_walk,nordic_walk,1,GREEN
102_4106,102,0.8679,nordic_walk,nordic_walk,1,GREEN
102_4107,102,0.8608,nordic_walk,nordic_walk,1,GREEN
102_4108,102,0.4459,nordic_walk,nordic_walk,1,RED
102_4109,102,0.7886,nordic_walk,nordic_walk,1,GREEN
102_4110,102,0.7619,nordic_walk,nordic_walk,1,GREEN
102_4111,102,0.6871,nordic_walk,nordic_walk,1,YELLOW
102_4112,102,0.745,nordic_walk,nordic_walk,1,YELLOW
102_4113,102,0.7537,nordic_walk,nordic_walk,1,GREEN
102_4114,102,0.4311,nordic_walk,nordic_walk,1,RED
102_4115,102,0.4472,walking,nordic_walk,0,RED
102_4116,102,0.6736,nordic_walk,nordic_walk,1,YELLOW
102_4117,102,0.749,nordic_walk,nordic_walk,1,YELLOW
102_4118,102,0.6689,nordic_walk,nordic_walk,1,YELLOW
102_4119,102,0.5946,nordic_walk,nordic_walk,1,YELLOW
102_4120,102,0.6216,nordic_walk,nordic_walk,1,YELLOW
102_4121,102,0.6264,walking,nordic_walk,0,YELLOW
102_4122,102,0.4767,nordic_walk,nordic_walk,1,YELLOW
102_4123,102,0.4427,walking,nordic_walk,0,RED
102_4124,102,0.5454,walking,nordic_walk,0,YELLOW
102_4125,102,0.5979,nordic_walk,nordic_walk,1,YELLOW
102_4126,102,0.4346,nordic_walk,nordic_walk,1,RED
102_4127,102,0.4888,walking,nordic_walk,0,YELLOW
102_4128,102,0.4382,nordic_walk,nordic_walk,1,RED
102_4129,102,0.6726,nordic_walk,nordic_walk,1,YELLOW
102_4130,102,0.8216,nordic_walk,nordic_walk,1,GREEN
102_4131,102,0.8034,nordic_walk,nordic_walk,1,GREEN
102_4132,102,0.4841,nordic_walk,nordic_walk,1,YELLOW
102_4133,102,0.6571,nordic_walk,nordic_walk,1,YELLOW
102_4134,102,0.4415,walking,nordic_walk,0,RED
102_4135,102,0.4563,walking,nordic_walk,0,YELLOW
102_4136,102,0.7881,nordic_walk,nordic_walk,1,GREEN
102_4137,102,0.8138,nordic_walk,nordic_walk,1,GREEN
102_4138,102,0.6827,nordic_walk,nordic_walk,1,YELLOW
102_4139,102,0.6606,nordic_walk,nordic_walk,1,YELLOW
102_4140,102,0.8293,nordic_walk,nordic_walk,1,GREEN
102_4141,102,0.8475,nordic_walk,nordic_walk,1,GREEN
102_4142,102,0.8776,nordic_walk,nordic_walk,1,GREEN
102_4143,102,0.8971,nordic_walk,nordic_walk,1,GREEN
102_4144,102,0.8665,nordic_walk,nordic_walk,1,GREEN
102_4145,102,0.8414,nordic_walk,nordic_walk,1,GREEN
102_4146,102,0.5603,walking,nordic_walk,0,YELLOW
102_4147,102,0.3915,nordic_walk,nordic_walk,1,RED
102_4148,102,0.4665,walking,nordic_walk,0,YELLOW
102_4149,102,0.4396,nordic_walk,nordic_walk,1,RED
102_4150,102,0.439,nordic_walk,nordic_walk,1,RED
102_4151,102,0.8114,nordic_walk,nordic_walk,1,GREEN
102_4152,102,0.7954,nordic_walk,nordic_walk,1,GREEN
102_4153,102,0.3627,nordic_walk,nordic_walk,1,RED
102_4154,102,0.4513,walking,nordic_walk,0,YELLOW
102_4155,102,0.6375,nordic_walk,nordic_walk,1,YELLOW
102_4156,102,0.7285,nordic_walk,nordic_walk,1,YELLOW
102_4157,102,0.5259,nordic_walk,nordic_walk,1,YELLOW
102_4158,102,0.4817,nordic_walk,nordic_walk,1,YELLOW
102_4159,102,0.6128,nordic_walk,nordic_walk,1,YELLOW
102_4160,102,0.4654,nordic_walk,nordic_walk,1,YELLOW
102_4161,102,0.7209,walking,nordic_walk,0,YELLOW
102_4162,102,0.7141,walking,nordic_walk,0,YELLOW
102_4163,102,0.6219,walking,nordic_walk,0,YELLOW
102_4164,102,0.5007,nordic_walk,nordic_walk,1,YELLOW
102_4165,102,0.6606,nordic_walk,nordic_walk,1,YELLOW
102_4166,102,0.5639,nordic_walk,nordic_walk,1,YELLOW
102_4167,102,0.5904,nordic_walk,nordic_walk,1,YELLOW
102_4168,102,0.7542,nordic_walk,nordic_walk,1,GREEN
102_4169,102,0.658,nordic_walk,nordic_walk,1,YELLOW
102_4170,102,0.8686,nordic_walk,nordic_walk,1,GREEN
102_4171,102,0.8794,nordic_walk,nordic_walk,1,GREEN
102_4172,102,0.5718,nordic_walk,nordic_walk,1,YELLOW
102_4173,102,0.6421,nordic_walk,nordic_walk,1,YELLOW
102_4174,102,0.7784,nordic_walk,nordic_walk,1,GREEN
102_4175,102,0.8064,nordic_walk,nordic_walk,1,GREEN
102_4176,102,0.7556,nordic_walk,nordic_walk,1,GREEN
102_4177,102,0.7272,nordic_walk,nordic_walk,1,YELLOW
102_4178,102,0.8163,nordic_walk,nordic_walk,1,GREEN
102_4179,102,0.8581,nordic_walk,nordic_walk,1,GREEN
102_4180,102,0.8132,nordic_walk,nordic_walk,1,GREEN
102_4181,102,0.6332,nordic_walk,nordic_walk,1,YELLOW
102_4182,102,0.7823,nordic_walk,nordic_walk,1,GREEN
102_4183,102,0.7975,nordic_walk,nordic_walk,1,GREEN
102_4184,102,0.52,nordic_walk,nordic_walk,1,YELLOW
102_4185,102,0.641,nordic_walk,nordic_walk,1,YELLOW
102_4186,102,0.6161,walking,nordic_walk,0,YELLOW
102_4187,102,0.6782,walking,nordic_walk,0,YELLOW
102_4188,102,0.4029,walking,nordic_walk,0,RED
102_4189,102,0.644,nordic_walk,nordic_walk,1,YELLOW
102_4190,102,0.4672,walking,nordic_walk,0,YELLOW
102_4191,102,0.6151,walking,nordic_walk,0,YELLOW
102_4192,102,0.461,walking,nordic_walk,0,YELLOW
102_4193,102,0.3606,nordic_walk,nordic_walk,1,RED
102_4194,102,0.7115,nordic_walk,nordic_walk,1,YELLOW
102_4195,102,0.7208,nordic_walk,nordic_walk,1,YELLOW
102_4196,102,0.5481,walking,nordic_walk,0,YELLOW
102_4197,102,0.7324,nordic_walk,nordic_walk,1,YELLOW
102_4198,102,0.5891,nordic_walk,nordic_walk,1,YELLOW
102_4199,102,0.6282,nordic_walk,nordic_walk,1,YELLOW
102_4200,102,0.4374,walking,nordic_walk,0,RED
102_4201,102,0.6019,nordic_walk,nordic_walk,1,YELLOW
102_4202,102,0.7537,nordic_walk,nordic_walk,1,GREEN
102_4203,102,0.4438,walking,nordic_walk,0,RED
102_4204,102,0.3464,nordic_walk,nordic_walk,1,RED
102_4205,102,0.7061,nordic_walk,nordic_walk,1,YELLOW
102_4206,102,0.4876,nordic_walk,nordic_walk,1,YELLOW
102_4207,102,0.7925,walking,nordic_walk,0,GREEN
102_4208,102,0.7847,nordic_walk,nordic_walk,1,GREEN
102_4209,102,0.7645,nordic_walk,nordic_walk,1,GREEN
102_4210,102,0.3819,nordic_walk,nordic_walk,1,RED
102_4211,102,0.5695,nordic_walk,nordic_walk,1,YELLOW
102_4212,102,0.8145,nordic_walk,nordic_walk,1,GREEN
102_4213,102,0.8529,nordic_walk,nordic_walk,1,GREEN
102_4214,102,0.7565,nordic_walk,nordic_walk,1,GREEN
102_4215,102,0.6706,nordic_walk,nordic_walk,1,YELLOW
102_4216,102,0.6912,walking,nordic_walk,0,YELLOW
102_4217,102,0.868,nordic_walk,nordic_walk,1,GREEN
102_4218,102,0.8295,nordic_walk,nordic_walk,1,GREEN
102_4219,102,0.8231,nordic_walk,nordic_walk,1,GREEN
102_4220,102,0.8003,nordic_walk,nordic_walk,1,GREEN
102_4221,102,0.63,walking,nordic_walk,0,YELLOW
102_4222,102,0.5675,walking,nordic_walk,0,YELLOW
102_4223,102,0.3874,nordic_walk,nordic_walk,1,RED
102_4224,102,0.3404,stairs_up,nordic_walk,0,RED
102_4225,102,0.7923,nordic_walk,nordic_walk,1,GREEN
102_4226,102,0.8405,nordic_walk,nordic_walk,1,GREEN
102_4227,102,0.5904,walking,nordic_walk,0,YELLOW
102_4228,102,0.6296,walking,nordic_walk,0,YELLOW
102_4229,102,0.8125,walking,nordic_walk,0,GREEN
102_4230,102,0.7129,walking,nordic_walk,0,YELLOW
102_4231,102,0.691,walking,nordic_walk,0,YELLOW
102_4232,102,0.6005,walking,nordic_walk,0,YELLOW
102_4233,102,0.4201,walking,nordic_walk,0,RED
102_4234,102,0.5719,vacuuming,nordic_walk,0,YELLOW
102_4235,102,0.5856,vacuuming,nordic_walk,0,YELLOW
102_4236,102,0.5694,vacuuming,nordic_walk,0,YELLOW
102_4237,102,0.4522,vacuuming,nordic_walk,0,YELLOW
102_4238,102,0.2821,vacuuming,nordic_walk,0,RED
102_4239,102,0.3768,sitting,nordic_walk,0,RED
102_4240,102,0.4827,sitting,nordic_walk,0,YELLOW
102_4241,102,0.4477,sitting,nordic_walk,0,RED
102_4242,102,0.3418,sitting,nordic_walk,0,RED
102_4243,102,0.189,vacuuming,nordic_walk,0,RED
102_4244,102,0.3137,sitting,nordic_walk,0,RED
102_4245,102,0.4199,cycling,cycling,1,RED
102_4246,102,0.6634,cycling,cycling,1,YELLOW
102_4247,102,0.678,cycling,cycling,1,YELLOW
102_4248,102,0.6574,cycling,cycling,1,YELLOW
102_4249,102,0.7834,cycling,cycling,1,GREEN
102_4250,102,0.6147,cycling,cycling,1,YELLOW
102_4251,102,0.6097,cycling,cycling,1,YELLOW
102_4252,102,0.697,cycling,cycling,1,YELLOW
102_4253,102,0.727,cycling,cycling,1,YELLOW
102_4254,102,0.7171,cycling,cycling,1,YELLOW
102_4255,102,0.7711,cycling,cycling,1,GREEN
102_4256,102,0.7112,cycling,cycling,1,YELLOW
102_4257,102,0.7648,cycling,cycling,1,GREEN
102_4258,102,0.7291,cycling,cycling,1,YELLOW
102_4259,102,0.8004,cycling,cycling,1,GREEN
102_4260,102,0.8592,cycling,cycling,1,GREEN
102_4261,102,0.877,cycling,cycling,1,GREEN
102_4262,102,0.8419,cycling,cycling,1,GREEN
102_4263,102,0.894,cycling,cycling,1,GREEN
102_4264,102,0.8647,cycling,cycling,1,GREEN
102_4265,102,0.8666,cycling,cycling,1,GREEN
102_4266,102,0.8768,cycling,cycling,1,GREEN
102_4267,102,0.7966,cycling,cycling,1,GREEN
102_4268,102,0.8151,cycling,cycling,1,GREEN
102_4269,102,0.878,cycling,cycling,1,GREEN
102_4270,102,0.8987,cycling,cycling,1,GREEN
102_4271,102,0.8492,cycling,cycling,1,GREEN
102_4272,102,0.8337,cycling,cycling,1,GREEN
102_4273,102,0.8945,cycling,cycling,1,GREEN
102_4274,102,0.9076,cycling,cycling,1,GREEN
102_4275,102,0.8993,cycling,cycling,1,GREEN
102_4276,102,0.9266,cycling,cycling,1,GREEN
102_4277,102,0.9315,cycling,cycling,1,GREEN
102_4278,102,0.9357,cycling,cycling,1,GREEN
102_4279,102,0.8574,cycling,cycling,1,GREEN
102_4280,102,0.9296,cycling,cycling,1,GREEN
102_4281,102,0.9429,cycling,cycling,1,GREEN
102_4282,102,0.8838,cycling,cycling,1,GREEN
102_4283,102,0.6729,cycling,cycling,1,YELLOW
102_4284,102,0.4103,vacuuming,cycling,0,RED
102_4285,102,0.7438,vacuuming,cycling,0,YELLOW
102_4286,102,0.4349,vacuuming,cycling,0,RED
102_4287,102,0.7434,cycling,cycling,1,YELLOW
102_4288,102,0.8871,cycling,cycling,1,GREEN
102_4289,102,0.8997,cycling,cycling,1,GREEN
102_4290,102,0.9253,cycling,cycling,1,GREEN
102_4291,102,0.9457,cycling,cycling,1,GREEN
102_4292,102,0.9475,cycling,cycling,1,GREEN
102_4293,102,0.9164,cycling,cycling,1,GREEN
102_4294,102,0.9319,cycling,cycling,1,GREEN
102_4295,102,0.9226,cycling,cycling,1,GREEN
102_4296,102,0.9341,cycling,cycling,1,GREEN
102_4297,102,0.9329,cycling,cycling,1,GREEN
102_4298,102,0.9555,cycling,cycling,1,GREEN
102_4299,102,0.9393,cycling,cycling,1,GREEN
102_4300,102,0.9288,cycling,cycling,1,GREEN
102_4301,102,0.9606,cycling,cycling,1,GREEN
102_4302,102,0.941,cycling,cycling,1,GREEN
102_4303,102,0.9526,cycling,cycling,1,GREEN
102_4304,102,0.9549,cycling,cycling,1,GREEN
102_4305,102,0.9564,cycling,cycling,1,GREEN
102_4306,102,0.9562,cycling,cycling,1,GREEN
102_4307,102,0.9732,cycling,cycling,1,GREEN
102_4308,102,0.9571,cycling,cycling,1,GREEN
102_4309,102,0.9328,cycling,cycling,1,GREEN
102_4310,102,0.9312,cycling,cycling,1,GREEN
102_4311,102,0.9515,cycling,cycling,1,GREEN
102_4312,102,0.9315,cycling,cycling,1,GREEN
102_4313,102,0.9518,cycling,cycling,1,GREEN
102_4314,102,0.9489,cycling,cycling,1,GREEN
102_4315,102,0.9482,cycling,cycling,1,GREEN
102_4316,102,0.9431,cycling,cycling,1,GREEN
102_4317,102,0.9379,cycling,cycling,1,GREEN
102_4318,102,0.9641,cycling,cycling,1,GREEN
102_4319,102,0.9607,cycling,cycling,1,GREEN
102_4320,102,0.9052,cycling,cycling,1,GREEN
102_4321,102,0.9264,cycling,cycling,1,GREEN
102_4322,102,0.9444,cycling,cycling,1,GREEN
102_4323,102,0.9417,cycling,cycling,1,GREEN
102_4324,102,0.9564,cycling,cycling,1,GREEN
102_4325,102,0.9192,cycling,cycling,1,GREEN
102_4326,102,0.9382,cycling,cycling,1,GREEN
102_4327,102,0.9309,cycling,cycling,1,GREEN
102_4328,102,0.919,cycling,cycling,1,GREEN
102_4329,102,0.9314,cycling,cycling,1,GREEN
102_4330,102,0.9492,cycling,cycling,1,GREEN
102_4331,102,0.9642,cycling,cycling,1,GREEN
102_4332,102,0.9646,cycling,cycling,1,GREEN
102_4333,102,0.9466,cycling,cycling,1,GREEN
102_4334,102,0.922,cycling,cycling,1,GREEN
102_4335,102,0.9393,cycling,cycling,1,GREEN
102_4336,102,0.9616,cycling,cycling,1,GREEN
102_4337,102,0.9565,cycling,cycling,1,GREEN
102_4338,102,0.9225,cycling,cycling,1,GREEN
102_4339,102,0.9111,cycling,cycling,1,GREEN
102_4340,102,0.9137,cycling,cycling,1,GREEN
102_4341,102,0.9422,cycling,cycling,1,GREEN
102_4342,102,0.9486,cycling,cycling,1,GREEN
102_4343,102,0.9542,cycling,cycling,1,GREEN
102_4344,102,0.9467,cycling,cycling,1,GREEN
102_4345,102,0.9278,cycling,cycling,1,GREEN
102_4346,102,0.9341,cycling,cycling,1,GREEN
102_4347,102,0.9388,cycling,cycling,1,GREEN
102_4348,102,0.939,cycling,cycling,1,GREEN
102_4349,102,0.9417,cycling,cycling,1,GREEN
102_4350,102,0.9369,cycling,cycling,1,GREEN
102_4351,102,0.9298,cycling,cycling,1,GREEN
102_4352,102,0.9343,cycling,cycling,1,GREEN
102_4353,102,0.9281,cycling,cycling,1,GREEN
102_4354,102,0.9155,cycling,cycling,1,GREEN
102_4355,102,0.9266,cycling,cycling,1,GREEN
102_4356,102,0.9488,cycling,cycling,1,GREEN
102_4357,102,0.9488,cycling,cycling,1,GREEN
102_4358,102,0.9414,cycling,cycling,1,GREEN
102_4359,102,0.9433,cycling,cycling,1,GREEN
102_4360,102,0.9448,cycling,cycling,1,GREEN
102_4361,102,0.9496,cycling,cycling,1,GREEN
102_4362,102,0.927,cycling,cycling,1,GREEN
102_4363,102,0.9101,cycling,cycling,1,GREEN
102_4364,102,0.9151,cycling,cycling,1,GREEN
102_4365,102,0.9373,cycling,cycling,1,GREEN
102_4366,102,0.9157,cycling,cycling,1,GREEN
102_4367,102,0.9226,cycling,cycling,1,GREEN
102_4368,102,0.9344,cycling,cycling,1,GREEN
102_4369,102,0.9398,cycling,cycling,1,GREEN
102_4370,102,0.9611,cycling,cycling,1,GREEN
102_4371,102,0.9689,cycling,cycling,1,GREEN
102_4372,102,0.9654,cycling,cycling,1,GREEN
102_4373,102,0.9411,cycling,cycling,1,GREEN
102_4374,102,0.9389,cycling,cycling,1,GREEN
102_4375,102,0.9411,cycling,cycling,1,GREEN
102_4376,102,0.9368,cycling,cycling,1,GREEN
102_4377,102,0.8996,cycling,cycling,1,GREEN
102_4378,102,0.9085,cycling,cycling,1,GREEN
102_4379,102,0.904,cycling,cycling,1,GREEN
102_4380,102,0.9094,cycling,cycling,1,GREEN
102_4381,102,0.932,cycling,cycling,1,GREEN
102_4382,102,0.9146,cycling,cycling,1,GREEN
102_4383,102,0.8966,cycling,cycling,1,GREEN
102_4384,102,0.9342,cycling,cycling,1,GREEN
102_4385,102,0.8542,cycling,cycling,1,GREEN
102_4386,102,0.901,cycling,cycling,1,GREEN
102_4387,102,0.9464,cycling,cycling,1,GREEN
102_4388,102,0.9098,cycling,cycling,1,GREEN
102_4389,102,0.8375,cycling,cycling,1,GREEN
102_4390,102,0.8528,cycling,cycling,1,GREEN
102_4391,102,0.7247,cycling,cycling,1,YELLOW
102_4392,102,0.5809,cycling,cycling,1,YELLOW
102_4393,102,0.8269,cycling,cycling,1,GREEN
102_4394,102,0.9247,cycling,cycling,1,GREEN
102_4395,102,0.9528,cycling,cycling,1,GREEN
102_4396,102,0.9583,cycling,cycling,1,GREEN
102_4397,102,0.9294,cycling,cycling,1,GREEN
102_4398,102,0.9264,cycling,cycling,1,GREEN
102_4399,102,0.944,cycling,cycling,1,GREEN
102_4400,102,0.9606,cycling,cycling,1,GREEN
102_4401,102,0.9669,cycling,cycling,1,GREEN
102_4402,102,0.9541,cycling,cycling,1,GREEN
102_4403,102,0.9515,cycling,cycling,1,GREEN
102_4404,102,0.9546,cycling,cycling,1,GREEN
102_4405,102,0.9566,cycling,cycling,1,GREEN
102_4406,102,0.95,cycling,cycling,1,GREEN
102_4407,102,0.931,cycling,cycling,1,GREEN
102_4408,102,0.9266,cycling,cycling,1,GREEN
102_4409,102,0.9493,cycling,cycling,1,GREEN
102_4410,102,0.9582,cycling,cycling,1,GREEN
102_4411,102,0.9543,cycling,cycling,1,GREEN
102_4412,102,0.962,cycling,cycling,1,GREEN
102_4413,102,0.9515,cycling,cycling,1,GREEN
102_4414,102,0.9538,cycling,cycling,1,GREEN
102_4415,102,0.956,cycling,cycling,1,GREEN
102_4416,102,0.952,cycling,cycling,1,GREEN
102_4417,102,0.9484,cycling,cycling,1,GREEN
102_4418,102,0.9635,cycling,cycling,1,GREEN
102_4419,102,0.9697,cycling,cycling,1,GREEN
102_4420,102,0.9554,cycling,cycling,1,GREEN
102_4421,102,0.964,cycling,cycling,1,GREEN
102_4422,102,0.958,cycling,cycling,1,GREEN
102_4423,102,0.9565,cycling,cycling,1,GREEN
102_4424,102,0.9677,cycling,cycling,1,GREEN
102_4425,102,0.9568,cycling,cycling,1,GREEN
102_4426,102,0.9548,cycling,cycling,1,GREEN
102_4427,102,0.9687,cycling,cycling,1,GREEN
102_4428,102,0.9686,cycling,cycling,1,GREEN
102_4429,102,0.9601,cycling,cycling,1,GREEN
102_4430,102,0.9577,cycling,cycling,1,GREEN
102_4431,102,0.9692,cycling,cycling,1,GREEN
102_4432,102,0.9767,cycling,cycling,1,GREEN
102_4433,102,0.9543,cycling,cycling,1,GREEN
102_4434,102,0.9633,cycling,cycling,1,GREEN
102_4435,102,0.9549,cycling,cycling,1,GREEN
102_4436,102,0.9474,cycling,cycling,1,GREEN
102_4437,102,0.9304,cycling,cycling,1,GREEN
102_4438,102,0.9456,cycling,cycling,1,GREEN
102_4439,102,0.9584,cycling,cycling,1,GREEN
102_4440,102,0.9581,cycling,cycling,1,GREEN
102_4441,102,0.9529,cycling,cycling,1,GREEN
102_4442,102,0.8935,cycling,cycling,1,GREEN
102_4443,102,0.8653,cycling,cycling,1,GREEN
102_4444,102,0.8767,cycling,cycling,1,GREEN
102_4445,102,0.7998,cycling,cycling,1,GREEN
102_4446,102,0.8451,cycling,cycling,1,GREEN
102_4447,102,0.8327,cycling,cycling,1,GREEN
102_4448,102,0.8803,cycling,cycling,1,GREEN
102_4449,102,0.9381,cycling,cycling,1,GREEN
102_4450,102,0.9499,cycling,cycling,1,GREEN
102_4451,102,0.9641,cycling,cycling,1,GREEN
102_4452,102,0.9519,cycling,cycling,1,GREEN
102_4453,102,0.9347,cycling,cycling,1,GREEN
102_4454,102,0.9384,cycling,cycling,1,GREEN
102_4455,102,0.9268,cycling,cycling,1,GREEN
102_4456,102,0.9325,cycling,cycling,1,GREEN
102_4457,102,0.9253,cycling,cycling,1,GREEN
102_4458,102,0.9238,cycling,cycling,1,GREEN
102_4459,102,0.9328,cycling,cycling,1,GREEN
102_4460,102,0.9412,cycling,cycling,1,GREEN
102_4461,102,0.9295,cycling,cycling,1,GREEN
102_4462,102,0.9419,cycling,cycling,1,GREEN
102_4463,102,0.9313,cycling,cycling,1,GREEN
102_4464,102,0.939,cycling,cycling,1,GREEN
102_4465,102,0.9206,cycling,cycling,1,GREEN
102_4466,102,0.9232,cycling,cycling,1,GREEN
102_4467,102,0.9266,cycling,cycling,1,GREEN
102_4468,102,0.9354,cycling,cycling,1,GREEN
102_4469,102,0.96,cycling,cycling,1,GREEN
102_4470,102,0.9643,cycling,cycling,1,GREEN
102_4471,102,0.961,cycling,cycling,1,GREEN
102_4472,102,0.968,cycling,cycling,1,GREEN
102_4473,102,0.9651,cycling,cycling,1,GREEN
102_4474,102,0.9651,cycling,cycling,1,GREEN
102_4475,102,0.9522,cycling,cycling,1,GREEN
102_4476,102,0.9456,cycling,cycling,1,GREEN
102_4477,102,0.9433,cycling,cycling,1,GREEN
102_4478,102,0.9404,cycling,cycling,1,GREEN
102_4479,102,0.9394,cycling,cycling,1,GREEN
102_4480,102,0.9395,cycling,cycling,1,GREEN
102_4481,102,0.9503,cycling,cycling,1,GREEN
102_4482,102,0.9578,cycling,cycling,1,GREEN
102_4483,102,0.9599,cycling,cycling,1,GREEN
102_4484,102,0.9515,cycling,cycling,1,GREEN
102_4485,102,0.9442,cycling,cycling,1,GREEN
102_4486,102,0.9475,cycling,cycling,1,GREEN
102_4487,102,0.9498,cycling,cycling,1,GREEN
102_4488,102,0.954,cycling,cycling,1,GREEN
102_4489,102,0.9515,cycling,cycling,1,GREEN
102_4490,102,0.9477,cycling,cycling,1,GREEN
102_4491,102,0.9262,cycling,cycling,1,GREEN
102_4492,102,0.9288,cycling,cycling,1,GREEN
102_4493,102,0.9249,cycling,cycling,1,GREEN
102_4494,102,0.9384,cycling,cycling,1,GREEN
102_4495,102,0.9374,cycling,cycling,1,GREEN
102_4496,102,0.946,cycling,cycling,1,GREEN
102_4497,102,0.9404,cycling,cycling,1,GREEN
102_4498,102,0.9468,cycling,cycling,1,GREEN
102_4499,102,0.9369,cycling,cycling,1,GREEN
102_4500,102,0.9256,cycling,cycling,1,GREEN
102_4501,102,0.9202,cycling,cycling,1,GREEN
102_4502,102,0.8797,cycling,cycling,1,GREEN
102_4503,102,0.9428,cycling,cycling,1,GREEN
102_4504,102,0.9153,cycling,cycling,1,GREEN
102_4505,102,0.9022,cycling,cycling,1,GREEN
102_4506,102,0.8057,cycling,cycling,1,GREEN
102_4507,102,0.8528,cycling,cycling,1,GREEN
102_4508,102,0.8398,cycling,cycling,1,GREEN
102_4509,102,0.7925,cycling,cycling,1,GREEN
102_4510,102,0.909,cycling,cycling,1,GREEN
102_4511,102,0.9365,cycling,cycling,1,GREEN
102_4512,102,0.94,cycling,cycling,1,GREEN
102_4513,102,0.9618,cycling,cycling,1,GREEN
102_4514,102,0.9624,cycling,cycling,1,GREEN
102_4515,102,0.963,cycling,cycling,1,GREEN
102_4516,102,0.9611,cycling,cycling,1,GREEN
102_4517,102,0.9639,cycling,cycling,1,GREEN
102_4518,102,0.952,cycling,cycling,1,GREEN
102_4519,102,0.9598,cycling,cycling,1,GREEN
102_4520,102,0.9539,cycling,cycling,1,GREEN
102_4521,102,0.9544,cycling,cycling,1,GREEN
102_4522,102,0.9534,cycling,cycling,1,GREEN
102_4523,102,0.9585,cycling,cycling,1,GREEN
102_4524,102,0.9537,cycling,cycling,1,GREEN
102_4525,102,0.9584,cycling,cycling,1,GREEN
102_4526,102,0.9625,cycling,cycling,1,GREEN
102_4527,102,0.9703,cycling,cycling,1,GREEN
102_4528,102,0.9716,cycling,cycling,1,GREEN
102_4529,102,0.9632,cycling,cycling,1,GREEN
102_4530,102,0.9689,cycling,cycling,1,GREEN
102_4531,102,0.9699,cycling,cycling,1,GREEN
102_4532,102,0.952,cycling,cycling,1,GREEN
102_4533,102,0.96,cycling,cycling,1,GREEN
102_4534,102,0.9566,cycling,cycling,1,GREEN
102_4535,102,0.9574,cycling,cycling,1,GREEN
102_4536,102,0.9501,cycling,cycling,1,GREEN
102_4537,102,0.9518,cycling,cycling,1,GREEN
102_4538,102,0.9478,cycling,cycling,1,GREEN
102_4539,102,0.9582,cycling,cycling,1,GREEN
102_4540,102,0.9535,cycling,cycling,1,GREEN
102_4541,102,0.9587,cycling,cycling,1,GREEN
102_4542,102,0.9604,cycling,cycling,1,GREEN
102_4543,102,0.9497,cycling,cycling,1,GREEN
102_4544,102,0.9583,cycling,cycling,1,GREEN
102_4545,102,0.9582,cycling,cycling,1,GREEN
102_4546,102,0.9502,cycling,cycling,1,GREEN
102_4547,102,0.9458,cycling,cycling,1,GREEN
102_4548,102,0.9497,cycling,cycling,1,GREEN
102_4549,102,0.9456,cycling,cycling,1,GREEN
102_4550,102,0.9545,cycling,cycling,1,GREEN
102_4551,102,0.9422,cycling,cycling,1,GREEN
102_4552,102,0.9453,cycling,cycling,1,GREEN
102_4553,102,0.9484,cycling,cycling,1,GREEN
102_4554,102,0.9437,cycling,cycling,1,GREEN
102_4555,102,0.9407,cycling,cycling,1,GREEN
102_4556,102,0.9378,cycling,cycling,1,GREEN
102_4557,102,0.9063,cycling,cycling,1,GREEN
102_4558,102,0.8971,cycling,cycling,1,GREEN
102_4559,102,0.9022,cycling,cycling,1,GREEN
102_4560,102,0.947,cycling,cycling,1,GREEN
102_4561,102,0.962,cycling,cycling,1,GREEN
102_4562,102,0.9536,cycling,cycling,1,GREEN
102_4563,102,0.9494,cycling,cycling,1,GREEN
102_4564,102,0.9436,cycling,cycling,1,GREEN
102_4565,102,0.9363,cycling,cycling,1,GREEN
102_4566,102,0.9278,cycling,cycling,1,GREEN
102_4567,102,0.941,cycling,cycling,1,GREEN
102_4568,102,0.9357,cycling,cycling,1,GREEN
102_4569,102,0.9429,cycling,cycling,1,GREEN
102_4570,102,0.931,cycling,cycling,1,GREEN
102_4571,102,0.9367,cycling,cycling,1,GREEN
102_4572,102,0.9378,cycling,cycling,1,GREEN
102_4573,102,0.9503,cycling,cycling,1,GREEN
102_4574,102,0.9475,cycling,cycling,1,GREEN
102_4575,102,0.9458,cycling,cycling,1,GREEN
102_4576,102,0.9485,cycling,cycling,1,GREEN
102_4577,102,0.9351,cycling,cycling,1,GREEN
102_4578,102,0.9205,cycling,cycling,1,GREEN
102_4579,102,0.9202,cycling,cycling,1,GREEN
102_4580,102,0.9259,cycling,cycling,1,GREEN
102_4581,102,0.9354,cycling,cycling,1,GREEN
102_4582,102,0.9311,cycling,cycling,1,GREEN
102_4583,102,0.9356,cycling,cycling,1,GREEN
102_4584,102,0.9257,cycling,cycling,1,GREEN
102_4585,102,0.9413,cycling,cycling,1,GREEN
102_4586,102,0.931,cycling,cycling,1,GREEN
102_4587,102,0.9287,cycling,cycling,1,GREEN
102_4588,102,0.9404,cycling,cycling,1,GREEN
102_4589,102,0.947,cycling,cycling,1,GREEN
102_4590,102,0.9261,cycling,cycling,1,GREEN
102_4591,102,0.9263,cycling,cycling,1,GREEN
102_4592,102,0.9362,cycling,cycling,1,GREEN
102_4593,102,0.9148,cycling,cycling,1,GREEN
102_4594,102,0.9137,cycling,cycling,1,GREEN
102_4595,102,0.9418,cycling,cycling,1,GREEN
102_4596,102,0.943,cycling,cycling,1,GREEN
102_4597,102,0.9404,cycling,cycling,1,GREEN
102_4598,102,0.9495,cycling,cycling,1,GREEN
102_4599,102,0.9326,cycling,cycling,1,GREEN
102_4600,102,0.9174,cycling,cycling,1,GREEN
102_4601,102,0.9303,cycling,cycling,1,GREEN
102_4602,102,0.9331,cycling,cycling,1,GREEN
102_4603,102,0.9278,cycling,cycling,1,GREEN
102_4604,102,0.9295,cycling,cycling,1,GREEN
102_4605,102,0.9195,cycling,cycling,1,GREEN
102_4606,102,0.9224,cycling,cycling,1,GREEN
102_4607,102,0.9362,cycling,cycling,1,GREEN
102_4608,102,0.9538,cycling,cycling,1,GREEN
102_4609,102,0.9531,cycling,cycling,1,GREEN
102_4610,102,0.9669,cycling,cycling,1,GREEN
102_4611,102,0.956,cycling,cycling,1,GREEN
102_4612,102,0.9489,cycling,cycling,1,GREEN
102_4613,102,0.8901,cycling,cycling,1,GREEN
102_4614,102,0.8478,cycling,cycling,1,GREEN
102_4615,102,0.7505,cycling,cycling,1,GREEN
102_4616,102,0.7807,cycling,cycling,1,GREEN
102_4617,102,0.8968,cycling,cycling,1,GREEN
102_4618,102,0.8941,cycling,cycling,1,GREEN
102_4619,102,0.9136,cycling,cycling,1,GREEN
102_4620,102,0.9552,cycling,cycling,1,GREEN
102_4621,102,0.9486,cycling,cycling,1,GREEN
102_4622,102,0.9429,cycling,cycling,1,GREEN
102_4623,102,0.9668,cycling,cycling,1,GREEN
102_4624,102,0.962,cycling,cycling,1,GREEN
102_4625,102,0.9663,cycling,cycling,1,GREEN
102_4626,102,0.9631,cycling,cycling,1,GREEN
102_4627,102,0.932,cycling,cycling,1,GREEN
102_4628,102,0.9599,cycling,cycling,1,GREEN
102_4629,102,0.9676,cycling,cycling,1,GREEN
102_4630,102,0.9654,cycling,cycling,1,GREEN
102_4631,102,0.9709,cycling,cycling,1,GREEN
102_4632,102,0.9771,cycling,cycling,1,GREEN
102_4633,102,0.9656,cycling,cycling,1,GREEN
102_4634,102,0.963,cycling,cycling,1,GREEN
102_4635,102,0.9678,cycling,cycling,1,GREEN
102_4636,102,0.9694,cycling,cycling,1,GREEN
102_4637,102,0.964,cycling,cycling,1,GREEN
102_4638,102,0.9513,cycling,cycling,1,GREEN
102_4639,102,0.9543,cycling,cycling,1,GREEN
102_4640,102,0.9623,cycling,cycling,1,GREEN
102_4641,102,0.9754,cycling,cycling,1,GREEN
102_4642,102,0.9632,cycling,cycling,1,GREEN
102_4643,102,0.9519,cycling,cycling,1,GREEN
102_4644,102,0.9481,cycling,cycling,1,GREEN
102_4645,102,0.9687,cycling,cycling,1,GREEN
102_4646,102,0.9737,cycling,cycling,1,GREEN
102_4647,102,0.9751,cycling,cycling,1,GREEN
102_4648,102,0.9669,cycling,cycling,1,GREEN
102_4649,102,0.9716,cycling,cycling,1,GREEN
102_4650,102,0.9668,cycling,cycling,1,GREEN
102_4651,102,0.9577,cycling,cycling,1,GREEN
102_4652,102,0.9562,cycling,cycling,1,GREEN
102_4653,102,0.9523,cycling,cycling,1,GREEN
102_4654,102,0.9685,cycling,cycling,1,GREEN
102_4655,102,0.9654,cycling,cycling,1,GREEN
102_4656,102,0.9313,cycling,cycling,1,GREEN
102_4657,102,0.9464,cycling,cycling,1,GREEN
102_4658,102,0.9393,cycling,cycling,1,GREEN
102_4659,102,0.9102,cycling,cycling,1,GREEN
102_4660,102,0.8732,cycling,cycling,1,GREEN
102_4661,102,0.8927,cycling,cycling,1,GREEN
102_4662,102,0.9192,cycling,cycling,1,GREEN
102_4663,102,0.9487,cycling,cycling,1,GREEN
102_4664,102,0.9228,cycling,cycling,1,GREEN
102_4665,102,0.9243,cycling,cycling,1,GREEN
102_4666,102,0.9471,cycling,cycling,1,GREEN
102_4667,102,0.9447,cycling,cycling,1,GREEN
102_4668,102,0.927,cycling,cycling,1,GREEN
102_4669,102,0.93,cycling,cycling,1,GREEN
102_4670,102,0.9463,cycling,cycling,1,GREEN
102_4671,102,0.9502,cycling,cycling,1,GREEN
102_4672,102,0.9496,cycling,cycling,1,GREEN
102_4673,102,0.9473,cycling,cycling,1,GREEN
102_4674,102,0.9448,cycling,cycling,1,GREEN
102_4675,102,0.9294,cycling,cycling,1,GREEN
102_4676,102,0.9289,cycling,cycling,1,GREEN
102_4677,102,0.9416,cycling,cycling,1,GREEN
102_4678,102,0.9523,cycling,cycling,1,GREEN
102_4679,102,0.9571,cycling,cycling,1,GREEN
102_4680,102,0.9402,cycling,cycling,1,GREEN
102_4681,102,0.9497,cycling,cycling,1,GREEN
102_4682,102,0.9459,cycling,cycling,1,GREEN
102_4683,102,0.9411,cycling,cycling,1,GREEN
102_4684,102,0.9249,cycling,cycling,1,GREEN
102_4685,102,0.9337,cycling,cycling,1,GREEN
102_4686,102,0.9458,cycling,cycling,1,GREEN
102_4687,102,0.9524,cycling,cycling,1,GREEN
102_4688,102,0.9673,cycling,cycling,1,GREEN
102_4689,102,0.9466,cycling,cycling,1,GREEN
102_4690,102,0.9433,cycling,cycling,1,GREEN
102_4691,102,0.9213,cycling,cycling,1,GREEN
102_4692,102,0.9357,cycling,cycling,1,GREEN
102_4693,102,0.9392,cycling,cycling,1,GREEN
102_4694,102,0.9595,cycling,cycling,1,GREEN
102_4695,102,0.9737,cycling,cycling,1,GREEN
102_4696,102,0.947,cycling,cycling,1,GREEN
102_4697,102,0.9313,cycling,cycling,1,GREEN
102_4698,102,0.9346,cycling,cycling,1,GREEN
102_4699,102,0.9471,cycling,cycling,1,GREEN
102_4700,102,0.9331,cycling,cycling,1,GREEN
102_4701,102,0.9077,cycling,cycling,1,GREEN
102_4702,102,0.8796,cycling,cycling,1,GREEN
102_4703,102,0.8775,cycling,cycling,1,GREEN
102_4704,102,0.9056,cycling,cycling,1,GREEN
102_4705,102,0.8972,cycling,cycling,1,GREEN
102_4706,102,0.8932,cycling,cycling,1,GREEN
102_4707,102,0.9334,cycling,cycling,1,GREEN
102_4708,102,0.9231,cycling,cycling,1,GREEN
102_4709,102,0.8663,cycling,cycling,1,GREEN
102_4710,102,0.8055,cycling,cycling,1,GREEN
102_4711,102,0.7359,cycling,cycling,1,YELLOW
102_4712,102,0.6629,cycling,cycling,1,YELLOW
102_4713,102,0.8281,cycling,cycling,1,GREEN
102_4714,102,0.9392,cycling,cycling,1,GREEN
102_4715,102,0.9193,cycling,cycling,1,GREEN
102_4716,102,0.9525,cycling,cycling,1,GREEN
102_4717,102,0.9511,cycling,cycling,1,GREEN
102_4718,102,0.8719,cycling,cycling,1,GREEN
102_4719,102,0.7583,cycling,cycling,1,GREEN
102_4720,102,0.6654,cycling,cycling,1,YELLOW
102_4721,102,0.6571,cycling,cycling,1,YELLOW
102_4722,102,0.6964,cycling,cycling,1,YELLOW
102_4723,102,0.6729,cycling,cycling,1,YELLOW
102_4724,102,0.6402,cycling,cycling,1,YELLOW
102_4725,102,0.5119,vacuuming,cycling,0,YELLOW
102_4726,102,0.7602,vacuuming,cycling,0,GREEN
102_4727,102,0.6541,vacuuming,cycling,0,YELLOW
102_4728,102,0.7243,vacuuming,cycling,0,YELLOW
102_4729,102,0.3852,vacuuming,cycling,0,RED
102_4730,102,0.7177,ironing,cycling,0,YELLOW
102_4731,102,0.8371,ironing,cycling,0,GREEN
102_4732,102,0.6999,ironing,cycling,0,YELLOW
102_4733,102,0.6456,ironing,cycling,0,YELLOW
102_4734,102,0.5203,ironing,cycling,0,YELLOW
102_4735,102,0.2827,ironing,cycling,0,RED
102_4736,102,0.3341,ironing,running,0,RED
102_4737,102,0.2724,ironing,running,0,RED
102_4738,102,0.374,ironing,running,0,RED
102_4739,102,0.5522,ironing,running,0,YELLOW
102_4740,102,0.5566,ironing,running,0,YELLOW
102_4741,102,0.5024,ironing,running,0,YELLOW
102_4742,102,0.3313,ironing,running,0,RED
102_4743,102,0.3489,ironing,running,0,RED
102_4744,102,0.5576,ironing,running,0,YELLOW
102_4745,102,0.5833,vacuuming,running,0,YELLOW
102_4746,102,0.6224,running,running,1,YELLOW
102_4747,102,0.8927,running,running,1,GREEN
102_4748,102,0.943,running,running,1,GREEN
102_4749,102,0.9568,running,running,1,GREEN
102_4750,102,0.931,running,running,1,GREEN
102_4751,102,0.8975,running,running,1,GREEN
102_4752,102,0.9073,running,running,1,GREEN
102_4753,102,0.8928,running,running,1,GREEN
102_4754,102,0.8633,running,running,1,GREEN
102_4755,102,0.8874,running,running,1,GREEN
102_4756,102,0.898,running,running,1,GREEN
102_4757,102,0.8624,running,running,1,GREEN
102_4758,102,0.9082,running,running,1,GREEN
102_4759,102,0.9227,running,running,1,GREEN
102_4760,102,0.9491,running,running,1,GREEN
102_4761,102,0.9225,running,running,1,GREEN
102_4762,102,0.8417,running,running,1,GREEN
102_4763,102,0.9151,running,running,1,GREEN
102_4764,102,0.8548,running,running,1,GREEN
102_4765,102,0.8561,running,running,1,GREEN
102_4766,102,0.8861,running,running,1,GREEN
102_4767,102,0.8807,running,running,1,GREEN
102_4768,102,0.8564,running,running,1,GREEN
102_4769,102,0.9154,running,running,1,GREEN
102_4770,102,0.9493,running,running,1,GREEN
102_4771,102,0.9111,running,running,1,GREEN
102_4772,102,0.881,running,running,1,GREEN
102_4773,102,0.9283,running,running,1,GREEN
102_4774,102,0.9321,running,running,1,GREEN
102_4775,102,0.8892,running,running,1,GREEN
102_4776,102,0.8994,running,running,1,GREEN
102_4777,102,0.8982,running,running,1,GREEN
102_4778,102,0.8883,running,running,1,GREEN
102_4779,102,0.8706,running,running,1,GREEN
102_4780,102,0.9238,running,running,1,GREEN
102_4781,102,0.9118,running,running,1,GREEN
102_4782,102,0.8485,running,running,1,GREEN
102_4783,102,0.9197,running,running,1,GREEN
102_4784,102,0.8972,running,running,1,GREEN
102_4785,102,0.892,running,running,1,GREEN
102_4786,102,0.9213,running,running,1,GREEN
102_4787,102,0.9168,running,running,1,GREEN
102_4788,102,0.9333,running,running,1,GREEN
102_4789,102,0.9165,running,running,1,GREEN
102_4790,102,0.8998,running,running,1,GREEN
102_4791,102,0.9105,running,running,1,GREEN
102_4792,102,0.8924,running,running,1,GREEN
102_4793,102,0.9144,running,running,1,GREEN
102_4794,102,0.9117,running,running,1,GREEN
102_4795,102,0.919,running,running,1,GREEN
102_4796,102,0.9022,running,running,1,GREEN
102_4797,102,0.911,running,running,1,GREEN
102_4798,102,0.932,running,running,1,GREEN
102_4799,102,0.9568,running,running,1,GREEN
102_4800,102,0.9476,running,running,1,GREEN
102_4801,102,0.9051,running,running,1,GREEN
102_4802,102,0.9518,running,running,1,GREEN
102_4803,102,0.9388,running,running,1,GREEN
102_4804,102,0.9492,running,running,1,GREEN
102_4805,102,0.9554,running,running,1,GREEN
102_4806,102,0.9377,running,running,1,GREEN
102_4807,102,0.9285,running,running,1,GREEN
102_4808,102,0.9366,running,running,1,GREEN
102_4809,102,0.9011,running,running,1,GREEN
102_4810,102,0.9144,running,running,1,GREEN
102_4811,102,0.9112,running,running,1,GREEN
102_4812,102,0.8854,running,running,1,GREEN
102_4813,102,0.8823,running,running,1,GREEN
102_4814,102,0.9258,running,running,1,GREEN
102_4815,102,0.9253,running,running,1,GREEN
102_4816,102,0.9159,running,running,1,GREEN
102_4817,102,0.9125,running,running,1,GREEN
102_4818,102,0.908,running,running,1,GREEN
102_4819,102,0.9305,running,running,1,GREEN
102_4820,102,0.9126,running,running,1,GREEN
102_4821,102,0.8743,running,running,1,GREEN
102_4822,102,0.8718,running,running,1,GREEN
102_4823,102,0.9005,running,running,1,GREEN
102_4824,102,0.8549,running,running,1,GREEN
102_4825,102,0.9189,running,running,1,GREEN
102_4826,102,0.9326,running,running,1,GREEN
102_4827,102,0.9253,running,running,1,GREEN
102_4828,102,0.9367,running,running,1,GREEN
102_4829,102,0.9435,running,running,1,GREEN
102_4830,102,0.8859,running,running,1,GREEN
102_4831,102,0.8838,running,running,1,GREEN
102_4832,102,0.9311,running,running,1,GREEN
102_4833,102,0.9076,running,running,1,GREEN
102_4834,102,0.8938,running,running,1,GREEN
102_4835,102,0.9327,running,running,1,GREEN
102_4836,102,0.8988,running,running,1,GREEN
102_4837,102,0.9105,running,running,1,GREEN
102_4838,102,0.9676,running,running,1,GREEN
102_4839,102,0.9332,running,running,1,GREEN
102_4840,102,0.9228,running,running,1,GREEN
102_4841,102,0.9501,running,running,1,GREEN
102_4842,102,0.9322,running,running,1,GREEN
102_4843,102,0.9155,running,running,1,GREEN
102_4844,102,0.9211,running,running,1,GREEN
102_4845,102,0.9148,running,running,1,GREEN
102_4846,102,0.9291,running,running,1,GREEN
102_4847,102,0.932,running,running,1,GREEN
102_4848,102,0.8794,running,running,1,GREEN
102_4849,102,0.8904,running,running,1,GREEN
102_4850,102,0.8999,running,running,1,GREEN
102_4851,102,0.9082,running,running,1,GREEN
102_4852,102,0.9116,running,running,1,GREEN
102_4853,102,0.9317,running,running,1,GREEN
102_4854,102,0.9501,running,running,1,GREEN
102_4855,102,0.9576,running,running,1,GREEN
102_4856,102,0.9299,running,running,1,GREEN
102_4857,102,0.9153,running,running,1,GREEN
102_4858,102,0.9487,running,running,1,GREEN
102_4859,102,0.9419,running,running,1,GREEN
102_4860,102,0.8937,running,running,1,GREEN
102_4861,102,0.9436,running,running,1,GREEN
102_4862,102,0.9523,running,running,1,GREEN
102_4863,102,0.9439,running,running,1,GREEN
102_4864,102,0.9182,running,running,1,GREEN
102_4865,102,0.9207,running,running,1,GREEN
102_4866,102,0.8866,running,running,1,GREEN
102_4867,102,0.9211,running,running,1,GREEN
102_4868,102,0.9179,running,running,1,GREEN
102_4869,102,0.9719,running,running,1,GREEN
102_4870,102,0.952,running,running,1,GREEN
102_4871,102,0.89,running,running,1,GREEN
102_4872,102,0.9534,running,running,1,GREEN
102_4873,102,0.9558,running,running,1,GREEN
102_4874,102,0.925,running,running,1,GREEN
102_4875,102,0.9374,running,running,1,GREEN
102_4876,102,0.958,running,running,1,GREEN
102_4877,102,0.9187,running,running,1,GREEN
102_4878,102,0.9373,running,running,1,GREEN
102_4879,102,0.9142,running,running,1,GREEN
102_4880,102,0.943,running,running,1,GREEN
102_4881,102,0.9298,running,running,1,GREEN
102_4882,102,0.9033,running,running,1,GREEN
102_4883,102,0.959,running,running,1,GREEN
102_4884,102,0.9427,running,running,1,GREEN
102_4885,102,0.9147,running,running,1,GREEN
102_4886,102,0.9447,running,running,1,GREEN
102_4887,102,0.9459,running,running,1,GREEN
102_4888,102,0.9453,running,running,1,GREEN
102_4889,102,0.9109,running,running,1,GREEN
102_4890,102,0.9407,running,running,1,GREEN
102_4891,102,0.9383,running,running,1,GREEN
102_4892,102,0.9203,running,running,1,GREEN
102_4893,102,0.9656,running,running,1,GREEN
102_4894,102,0.9441,running,running,1,GREEN
102_4895,102,0.8922,running,running,1,GREEN
102_4896,102,0.94,running,running,1,GREEN
102_4897,102,0.9083,running,running,1,GREEN
102_4898,102,0.8821,running,running,1,GREEN
102_4899,102,0.9484,running,running,1,GREEN
102_4900,102,0.951,running,running,1,GREEN
102_4901,102,0.9328,running,running,1,GREEN
102_4902,102,0.9165,running,running,1,GREEN
102_4903,102,0.8878,running,running,1,GREEN
102_4904,102,0.9105,running,running,1,GREEN
102_4905,102,0.9357,running,running,1,GREEN
102_4906,102,0.9258,running,running,1,GREEN
102_4907,102,0.9022,running,running,1,GREEN
102_4908,102,0.9149,running,running,1,GREEN
102_4909,102,0.9394,running,running,1,GREEN
104_0,104,0.7846,lying,lying,1,GREEN
104_1,104,0.7935,lying,lying,1,GREEN
104_2,104,0.7941,lying,lying,1,GREEN
104_3,104,0.791,lying,lying,1,GREEN
104_4,104,0.7915,lying,lying,1,GREEN
104_5,104,0.8127,lying,lying,1,GREEN
104_6,104,0.8086,lying,lying,1,GREEN
104_7,104,0.826,lying,lying,1,GREEN
104_8,104,0.8039,lying,lying,1,GREEN
104_9,104,0.7736,lying,lying,1,GREEN
104_10,104,0.601,lying,lying,1,YELLOW
104_11,104,0.6766,lying,lying,1,YELLOW
104_12,104,0.611,lying,lying,1,YELLOW
104_13,104,0.7063,lying,lying,1,YELLOW
104_14,104,0.6232,lying,lying,1,YELLOW
104_15,104,0.8171,lying,lying,1,GREEN
104_16,104,0.9081,lying,lying,1,GREEN
104_17,104,0.9373,lying,lying,1,GREEN
104_18,104,0.9391,lying,lying,1,GREEN
104_19,104,0.9479,lying,lying,1,GREEN
104_20,104,0.9592,lying,lying,1,GREEN
104_21,104,0.9266,lying,lying,1,GREEN
104_22,104,0.9403,lying,lying,1,GREEN
104_23,104,0.9631,lying,lying,1,GREEN
104_24,104,0.9623,lying,lying,1,GREEN
104_25,104,0.9579,lying,lying,1,GREEN
104_26,104,0.9623,lying,lying,1,GREEN
104_27,104,0.9623,lying,lying,1,GREEN
104_28,104,0.9637,lying,lying,1,GREEN
104_29,104,0.9551,lying,lying,1,GREEN
104_30,104,0.9575,lying,lying,1,GREEN
104_31,104,0.9581,lying,lying,1,GREEN
104_32,104,0.9616,lying,lying,1,GREEN
104_33,104,0.8742,lying,lying,1,GREEN
104_34,104,0.8721,lying,lying,1,GREEN
104_35,104,0.8678,lying,lying,1,GREEN
104_36,104,0.8673,lying,lying,1,GREEN
104_37,104,0.8745,lying,lying,1,GREEN
104_38,104,0.8974,lying,lying,1,GREEN
104_39,104,0.8966,lying,lying,1,GREEN
104_40,104,0.9031,lying,lying,1,GREEN
104_41,104,0.9556,lying,lying,1,GREEN
104_42,104,0.9551,lying,lying,1,GREEN
104_43,104,0.9616,lying,lying,1,GREEN
104_44,104,0.9302,lying,lying,1,GREEN
104_45,104,0.8714,lying,lying,1,GREEN
104_46,104,0.93,lying,lying,1,GREEN
104_47,104,0.9304,lying,lying,1,GREEN
104_48,104,0.8967,lying,lying,1,GREEN
104_49,104,0.9549,lying,lying,1,GREEN
104_50,104,0.9684,lying,lying,1,GREEN
104_51,104,0.9626,lying,lying,1,GREEN
104_52,104,0.961,lying,lying,1,GREEN
104_53,104,0.962,lying,lying,1,GREEN
104_54,104,0.9706,lying,lying,1,GREEN
104_55,104,0.9651,lying,lying,1,GREEN
104_56,104,0.8965,lying,lying,1,GREEN
104_57,104,0.8396,lying,lying,1,GREEN
104_58,104,0.8975,lying,lying,1,GREEN
104_59,104,0.9307,lying,lying,1,GREEN
104_60,104,0.9603,lying,lying,1,GREEN
104_61,104,0.9698,lying,lying,1,GREEN
104_62,104,0.9637,lying,lying,1,GREEN
104_63,104,0.972,lying,lying,1,GREEN
104_64,104,0.9796,lying,lying,1,GREEN
104_65,104,0.9811,lying,lying,1,GREEN
104_66,104,0.9729,lying,lying,1,GREEN
104_67,104,0.9717,lying,lying,1,GREEN
104_68,104,0.9707,lying,lying,1,GREEN
104_69,104,0.97,lying,lying,1,GREEN
104_70,104,0.9729,lying,lying,1,GREEN
104_71,104,0.9729,lying,lying,1,GREEN
104_72,104,0.97,lying,lying,1,GREEN
104_73,104,0.97,lying,lying,1,GREEN
104_74,104,0.9706,lying,lying,1,GREEN
104_75,104,0.9607,lying,lying,1,GREEN
104_76,104,0.9692,lying,lying,1,GREEN
104_77,104,0.9644,lying,lying,1,GREEN
104_78,104,0.9766,lying,lying,1,GREEN
104_79,104,0.9776,lying,lying,1,GREEN
104_80,104,0.9791,lying,lying,1,GREEN
104_81,104,0.9813,lying,lying,1,GREEN
104_82,104,0.9818,lying,lying,1,GREEN
104_83,104,0.9818,lying,lying,1,GREEN
104_84,104,0.9714,lying,lying,1,GREEN
104_85,104,0.9752,lying,lying,1,GREEN
104_86,104,0.9806,lying,lying,1,GREEN
104_87,104,0.9769,lying,lying,1,GREEN
104_88,104,0.9769,lying,lying,1,GREEN
104_89,104,0.9714,lying,lying,1,GREEN
104_90,104,0.9714,lying,lying,1,GREEN
104_91,104,0.9754,lying,lying,1,GREEN
104_92,104,0.9754,lying,lying,1,GREEN
104_93,104,0.9729,lying,lying,1,GREEN
104_94,104,0.9746,lying,lying,1,GREEN
104_95,104,0.9826,lying,lying,1,GREEN
104_96,104,0.9796,lying,lying,1,GREEN
104_97,104,0.9633,lying,lying,1,GREEN
104_98,104,0.9744,lying,lying,1,GREEN
104_99,104,0.9754,lying,lying,1,GREEN
104_100,104,0.975,lying,lying,1,GREEN
104_101,104,0.974,lying,lying,1,GREEN
104_102,104,0.977,lying,lying,1,GREEN
104_103,104,0.9815,lying,lying,1,GREEN
104_104,104,0.9815,lying,lying,1,GREEN
104_105,104,0.9815,lying,lying,1,GREEN
104_106,104,0.974,lying,lying,1,GREEN
104_107,104,0.974,lying,lying,1,GREEN
104_108,104,0.9733,lying,lying,1,GREEN
104_109,104,0.9733,lying,lying,1,GREEN
104_110,104,0.9721,lying,lying,1,GREEN
104_111,104,0.974,lying,lying,1,GREEN
104_112,104,0.98,lying,lying,1,GREEN
104_113,104,0.9735,lying,lying,1,GREEN
104_114,104,0.9735,lying,lying,1,GREEN
104_115,104,0.9795,lying,lying,1,GREEN
104_116,104,0.9755,lying,lying,1,GREEN
104_117,104,0.9755,lying,lying,1,GREEN
104_118,104,0.974,lying,lying,1,GREEN
104_119,104,0.974,lying,lying,1,GREEN
104_120,104,0.974,lying,lying,1,GREEN
104_121,104,0.9726,lying,lying,1,GREEN
104_122,104,0.9726,lying,lying,1,GREEN
104_123,104,0.974,lying,lying,1,GREEN
104_124,104,0.977,lying,lying,1,GREEN
104_125,104,0.974,lying,lying,1,GREEN
104_126,104,0.974,lying,lying,1,GREEN
104_127,104,0.9815,lying,lying,1,GREEN
104_128,104,0.9815,lying,lying,1,GREEN
104_129,104,0.974,lying,lying,1,GREEN
104_130,104,0.974,lying,lying,1,GREEN
104_131,104,0.9755,lying,lying,1,GREEN
104_132,104,0.9755,lying,lying,1,GREEN
104_133,104,0.974,lying,lying,1,GREEN
104_134,104,0.974,lying,lying,1,GREEN
104_135,104,0.9763,lying,lying,1,GREEN
104_136,104,0.9763,lying,lying,1,GREEN
104_137,104,0.9755,lying,lying,1,GREEN
104_138,104,0.9785,lying,lying,1,GREEN
104_139,104,0.974,lying,lying,1,GREEN
104_140,104,0.974,lying,lying,1,GREEN
104_141,104,0.9748,lying,lying,1,GREEN
104_142,104,0.9748,lying,lying,1,GREEN
104_143,104,0.974,lying,lying,1,GREEN
104_144,104,0.974,lying,lying,1,GREEN
104_145,104,0.974,lying,lying,1,GREEN
104_146,104,0.975,lying,lying,1,GREEN
104_147,104,0.9666,lying,lying,1,GREEN
104_148,104,0.9726,lying,lying,1,GREEN
104_149,104,0.975,lying,lying,1,GREEN
104_150,104,0.9703,lying,lying,1,GREEN
104_151,104,0.9685,lying,lying,1,GREEN
104_152,104,0.9637,lying,lying,1,GREEN
104_153,104,0.9633,lying,lying,1,GREEN
104_154,104,0.9652,lying,lying,1,GREEN
104_155,104,0.9659,lying,lying,1,GREEN
104_156,104,0.9706,lying,lying,1,GREEN
104_157,104,0.9677,lying,lying,1,GREEN
104_158,104,0.9726,lying,lying,1,GREEN
104_159,104,0.961,lying,lying,1,GREEN
104_160,104,0.9662,lying,lying,1,GREEN
104_161,104,0.9647,lying,lying,1,GREEN
104_162,104,0.9687,lying,lying,1,GREEN
104_163,104,0.9692,lying,lying,1,GREEN
104_164,104,0.9625,lying,lying,1,GREEN
104_165,104,0.9637,lying,lying,1,GREEN
104_166,104,0.9718,lying,lying,1,GREEN
104_167,104,0.9621,lying,lying,1,GREEN
104_168,104,0.9642,lying,lying,1,GREEN
104_169,104,0.9692,lying,lying,1,GREEN
104_170,104,0.9692,lying,lying,1,GREEN
104_171,104,0.9692,lying,lying,1,GREEN
104_172,104,0.9692,lying,lying,1,GREEN
104_173,104,0.9692,lying,lying,1,GREEN
104_174,104,0.9718,lying,lying,1,GREEN
104_175,104,0.9692,lying,lying,1,GREEN
104_176,104,0.9692,lying,lying,1,GREEN
104_177,104,0.9692,lying,lying,1,GREEN
104_178,104,0.9647,lying,lying,1,GREEN
104_179,104,0.9647,lying,lying,1,GREEN
104_180,104,0.9692,lying,lying,1,GREEN
104_181,104,0.9692,lying,lying,1,GREEN
104_182,104,0.9701,lying,lying,1,GREEN
104_183,104,0.9657,lying,lying,1,GREEN
104_184,104,0.96,lying,lying,1,GREEN
104_185,104,0.9445,lying,lying,1,GREEN
104_186,104,0.9322,lying,lying,1,GREEN
104_187,104,0.9308,lying,lying,1,GREEN
104_188,104,0.9234,lying,lying,1,GREEN
104_189,104,0.946,lying,lying,1,GREEN
104_190,104,0.9284,lying,lying,1,GREEN
104_191,104,0.921,lying,lying,1,GREEN
104_192,104,0.9625,lying,lying,1,GREEN
104_193,104,0.9736,lying,lying,1,GREEN
104_194,104,0.9733,lying,lying,1,GREEN
104_195,104,0.9703,lying,lying,1,GREEN
104_196,104,0.9677,lying,lying,1,GREEN
104_197,104,0.9642,lying,lying,1,GREEN
104_198,104,0.9642,lying,lying,1,GREEN
104_199,104,0.9627,lying,lying,1,GREEN
104_200,104,0.9677,lying,lying,1,GREEN
104_201,104,0.9677,lying,lying,1,GREEN
104_202,104,0.9677,lying,lying,1,GREEN
104_203,104,0.9632,lying,lying,1,GREEN
104_204,104,0.9677,lying,lying,1,GREEN
104_205,104,0.9677,lying,lying,1,GREEN
104_206,104,0.9677,lying,lying,1,GREEN
104_207,104,0.9677,lying,lying,1,GREEN
104_208,104,0.9703,lying,lying,1,GREEN
104_209,104,0.9692,lying,lying,1,GREEN
104_210,104,0.9692,lying,lying,1,GREEN
104_211,104,0.9677,lying,lying,1,GREEN
104_212,104,0.9706,lying,lying,1,GREEN
104_213,104,0.9706,lying,lying,1,GREEN
104_214,104,0.9677,lying,lying,1,GREEN
104_215,104,0.9677,lying,lying,1,GREEN
104_216,104,0.9691,lying,lying,1,GREEN
104_217,104,0.9654,lying,lying,1,GREEN
104_218,104,0.9654,lying,lying,1,GREEN
104_219,104,0.9677,lying,lying,1,GREEN
104_220,104,0.9677,lying,lying,1,GREEN
104_221,104,0.9703,lying,lying,1,GREEN
104_222,104,0.9703,lying,lying,1,GREEN
104_223,104,0.9703,lying,lying,1,GREEN
104_224,104,0.9703,lying,lying,1,GREEN
104_225,104,0.9733,lying,lying,1,GREEN
104_226,104,0.9703,lying,lying,1,GREEN
104_227,104,0.9703,lying,lying,1,GREEN
104_228,104,0.9751,lying,lying,1,GREEN
104_229,104,0.9703,lying,lying,1,GREEN
104_230,104,0.9677,lying,lying,1,GREEN
104_231,104,0.9632,lying,lying,1,GREEN
104_232,104,0.9703,lying,lying,1,GREEN
104_233,104,0.9703,lying,lying,1,GREEN
104_234,104,0.9703,lying,lying,1,GREEN
104_235,104,0.9703,lying,lying,1,GREEN
104_236,104,0.9703,lying,lying,1,GREEN
104_237,104,0.9703,lying,lying,1,GREEN
104_238,104,0.9703,lying,lying,1,GREEN
104_239,104,0.9703,lying,lying,1,GREEN
104_240,104,0.9692,lying,lying,1,GREEN
104_241,104,0.9703,lying,lying,1,GREEN
104_242,104,0.9692,lying,lying,1,GREEN
104_243,104,0.9677,lying,lying,1,GREEN
104_244,104,0.9602,lying,lying,1,GREEN
104_245,104,0.9554,lying,lying,1,GREEN
104_246,104,0.9533,lying,lying,1,GREEN
104_247,104,0.9314,lying,lying,1,GREEN
104_248,104,0.9632,lying,lying,1,GREEN
104_249,104,0.9642,lying,lying,1,GREEN
104_250,104,0.9536,lying,lying,1,GREEN
104_251,104,0.9321,lying,lying,1,GREEN
104_252,104,0.9254,lying,lying,1,GREEN
104_253,104,0.9254,lying,lying,1,GREEN
104_254,104,0.9335,lying,lying,1,GREEN
104_255,104,0.9476,lying,lying,1,GREEN
104_256,104,0.9679,lying,lying,1,GREEN
104_257,104,0.9703,lying,lying,1,GREEN
104_258,104,0.9703,lying,lying,1,GREEN
104_259,104,0.9703,lying,lying,1,GREEN
104_260,104,0.9692,lying,lying,1,GREEN
104_261,104,0.9703,lying,lying,1,GREEN
104_262,104,0.9692,lying,lying,1,GREEN
104_263,104,0.9677,lying,lying,1,GREEN
104_264,104,0.9692,lying,lying,1,GREEN
104_265,104,0.9703,lying,lying,1,GREEN
104_266,104,0.9703,lying,lying,1,GREEN
104_267,104,0.9692,lying,lying,1,GREEN
104_268,104,0.9677,lying,lying,1,GREEN
104_269,104,0.9677,lying,lying,1,GREEN
104_270,104,0.9677,lying,lying,1,GREEN
104_271,104,0.9669,lying,lying,1,GREEN
104_272,104,0.9669,lying,lying,1,GREEN
104_273,104,0.9677,lying,lying,1,GREEN
104_274,104,0.9677,lying,lying,1,GREEN
104_275,104,0.9677,lying,lying,1,GREEN
104_276,104,0.9677,lying,lying,1,GREEN
104_277,104,0.9692,lying,lying,1,GREEN
104_278,104,0.9698,lying,lying,1,GREEN
104_279,104,0.9703,lying,lying,1,GREEN
104_280,104,0.9692,lying,lying,1,GREEN
104_281,104,0.9703,lying,lying,1,GREEN
104_282,104,0.9692,lying,lying,1,GREEN
104_283,104,0.9677,lying,lying,1,GREEN
104_284,104,0.9692,lying,lying,1,GREEN
104_285,104,0.9703,lying,lying,1,GREEN
104_286,104,0.9703,lying,lying,1,GREEN
104_287,104,0.9703,lying,lying,1,GREEN
104_288,104,0.9703,lying,lying,1,GREEN
104_289,104,0.9698,lying,lying,1,GREEN
104_290,104,0.9703,lying,lying,1,GREEN
104_291,104,0.9692,lying,lying,1,GREEN
104_292,104,0.9706,lying,lying,1,GREEN
104_293,104,0.9733,lying,lying,1,GREEN
104_294,104,0.9683,lying,lying,1,GREEN
104_295,104,0.9703,lying,lying,1,GREEN
104_296,104,0.9703,lying,lying,1,GREEN
104_297,104,0.9703,lying,lying,1,GREEN
104_298,104,0.9698,lying,lying,1,GREEN
104_299,104,0.9733,lying,lying,1,GREEN
104_300,104,0.9718,lying,lying,1,GREEN
104_301,104,0.9718,lying,lying,1,GREEN
104_302,104,0.9677,lying,lying,1,GREEN
104_303,104,0.9632,lying,lying,1,GREEN
104_304,104,0.9677,lying,lying,1,GREEN
104_305,104,0.9692,lying,lying,1,GREEN
104_306,104,0.9703,lying,lying,1,GREEN
104_307,104,0.9703,lying,lying,1,GREEN
104_308,104,0.9677,lying,lying,1,GREEN
104_309,104,0.9677,lying,lying,1,GREEN
104_310,104,0.9672,lying,lying,1,GREEN
104_311,104,0.9677,lying,lying,1,GREEN
104_312,104,0.9677,lying,lying,1,GREEN
104_313,104,0.9703,lying,lying,1,GREEN
104_314,104,0.9703,lying,lying,1,GREEN
104_315,104,0.9698,lying,lying,1,GREEN
104_316,104,0.9703,lying,lying,1,GREEN
104_317,104,0.9692,lying,lying,1,GREEN
104_318,104,0.9703,lying,lying,1,GREEN
104_319,104,0.9692,lying,lying,1,GREEN
104_320,104,0.9677,lying,lying,1,GREEN
104_321,104,0.9677,lying,lying,1,GREEN
104_322,104,0.9692,lying,lying,1,GREEN
104_323,104,0.9703,lying,lying,1,GREEN
104_324,104,0.9677,lying,lying,1,GREEN
104_325,104,0.9677,lying,lying,1,GREEN
104_326,104,0.9677,lying,lying,1,GREEN
104_327,104,0.9703,lying,lying,1,GREEN
104_328,104,0.9677,lying,lying,1,GREEN
104_329,104,0.9677,lying,lying,1,GREEN
104_330,104,0.9677,lying,lying,1,GREEN
104_331,104,0.9677,lying,lying,1,GREEN
104_332,104,0.9703,lying,lying,1,GREEN
104_333,104,0.9677,lying,lying,1,GREEN
104_334,104,0.9655,lying,lying,1,GREEN
104_335,104,0.9677,lying,lying,1,GREEN
104_336,104,0.9677,lying,lying,1,GREEN
104_337,104,0.9703,lying,lying,1,GREEN
104_338,104,0.9703,lying,lying,1,GREEN
104_339,104,0.9703,lying,lying,1,GREEN
104_340,104,0.9677,lying,lying,1,GREEN
104_341,104,0.9677,lying,lying,1,GREEN
104_342,104,0.9677,lying,lying,1,GREEN
104_343,104,0.9677,lying,lying,1,GREEN
104_344,104,0.9703,lying,lying,1,GREEN
104_345,104,0.9677,lying,lying,1,GREEN
104_346,104,0.9677,lying,lying,1,GREEN
104_347,104,0.9703,lying,lying,1,GREEN
104_348,104,0.9703,lying,lying,1,GREEN
104_349,104,0.9703,lying,lying,1,GREEN
104_350,104,0.9703,lying,lying,1,GREEN
104_351,104,0.9703,lying,lying,1,GREEN
104_352,104,0.9703,lying,lying,1,GREEN
104_353,104,0.9703,lying,lying,1,GREEN
104_354,104,0.9692,lying,lying,1,GREEN
104_355,104,0.9692,lying,lying,1,GREEN
104_356,104,0.9703,lying,lying,1,GREEN
104_357,104,0.9692,lying,lying,1,GREEN
104_358,104,0.9677,lying,lying,1,GREEN
104_359,104,0.9677,lying,lying,1,GREEN
104_360,104,0.9692,lying,lying,1,GREEN
104_361,104,0.9703,lying,lying,1,GREEN
104_362,104,0.9703,lying,lying,1,GREEN
104_363,104,0.9703,lying,lying,1,GREEN
104_364,104,0.9692,lying,lying,1,GREEN
104_365,104,0.9718,lying,lying,1,GREEN
104_366,104,0.9718,lying,lying,1,GREEN
104_367,104,0.9703,lying,lying,1,GREEN
104_368,104,0.9718,lying,lying,1,GREEN
104_369,104,0.9718,lying,lying,1,GREEN
104_370,104,0.9692,lying,lying,1,GREEN
104_371,104,0.9662,lying,lying,1,GREEN
104_372,104,0.9692,lying,lying,1,GREEN
104_373,104,0.9677,lying,lying,1,GREEN
104_374,104,0.9703,lying,lying,1,GREEN
104_375,104,0.9718,lying,lying,1,GREEN
104_376,104,0.9703,lying,lying,1,GREEN
104_377,104,0.9703,lying,lying,1,GREEN
104_378,104,0.9718,lying,lying,1,GREEN
104_379,104,0.9718,lying,lying,1,GREEN
104_380,104,0.9677,lying,lying,1,GREEN
104_381,104,0.9692,lying,lying,1,GREEN
104_382,104,0.9703,lying,lying,1,GREEN
104_383,104,0.9703,lying,lying,1,GREEN
104_384,104,0.9706,lying,lying,1,GREEN
104_385,104,0.9692,lying,lying,1,GREEN
104_386,104,0.9692,lying,lying,1,GREEN
104_387,104,0.9677,lying,lying,1,GREEN
104_388,104,0.9706,lying,lying,1,GREEN
104_389,104,0.9718,lying,lying,1,GREEN
104_390,104,0.9706,lying,lying,1,GREEN
104_391,104,0.9692,lying,lying,1,GREEN
104_392,104,0.9691,lying,lying,1,GREEN
104_393,104,0.9718,lying,lying,1,GREEN
104_394,104,0.9718,lying,lying,1,GREEN
104_395,104,0.9692,lying,lying,1,GREEN
104_396,104,0.9699,lying,lying,1,GREEN
104_397,104,0.9692,lying,lying,1,GREEN
104_398,104,0.9647,lying,lying,1,GREEN
104_399,104,0.9647,lying,lying,1,GREEN
104_400,104,0.9684,lying,lying,1,GREEN
104_401,104,0.9696,lying,lying,1,GREEN
104_402,104,0.9692,lying,lying,1,GREEN
104_403,104,0.9692,lying,lying,1,GREEN
104_404,104,0.9692,lying,lying,1,GREEN
104_405,104,0.9718,lying,lying,1,GREEN
104_406,104,0.9718,lying,lying,1,GREEN
104_407,104,0.9718,lying,lying,1,GREEN
104_408,104,0.9718,lying,lying,1,GREEN
104_409,104,0.9718,lying,lying,1,GREEN
104_410,104,0.9692,lying,lying,1,GREEN
104_411,104,0.9692,lying,lying,1,GREEN
104_412,104,0.9706,lying,lying,1,GREEN
104_413,104,0.9718,lying,lying,1,GREEN
104_414,104,0.9718,lying,lying,1,GREEN
104_415,104,0.9706,lying,lying,1,GREEN
104_416,104,0.9692,lying,lying,1,GREEN
104_417,104,0.9691,lying,lying,1,GREEN
104_418,104,0.9718,lying,lying,1,GREEN
104_419,104,0.9718,lying,lying,1,GREEN
104_420,104,0.9692,lying,lying,1,GREEN
104_421,104,0.9691,lying,lying,1,GREEN
104_422,104,0.9718,lying,lying,1,GREEN
104_423,104,0.9706,lying,lying,1,GREEN
104_424,104,0.9718,lying,lying,1,GREEN
104_425,104,0.9718,lying,lying,1,GREEN
104_426,104,0.9692,lying,lying,1,GREEN
104_427,104,0.9718,lying,lying,1,GREEN
104_428,104,0.9718,lying,lying,1,GREEN
104_429,104,0.9642,lying,lying,1,GREEN
104_430,104,0.9701,lying,lying,1,GREEN
104_431,104,0.9706,lying,lying,1,GREEN
104_432,104,0.9718,lying,lying,1,GREEN
104_433,104,0.9706,lying,lying,1,GREEN
104_434,104,0.9687,lying,lying,1,GREEN
104_435,104,0.9718,lying,lying,1,GREEN
104_436,104,0.9718,lying,lying,1,GREEN
104_437,104,0.9718,lying,lying,1,GREEN
104_438,104,0.9687,lying,lying,1,GREEN
104_439,104,0.9691,lying,lying,1,GREEN
104_440,104,0.9691,lying,lying,1,GREEN
104_441,104,0.9706,lying,lying,1,GREEN
104_442,104,0.9837,lying,lying,1,GREEN
104_443,104,0.9752,lying,lying,1,GREEN
104_444,104,0.9481,lying,lying,1,GREEN
104_445,104,0.8589,lying,lying,1,GREEN
104_446,104,0.6461,lying,lying,1,YELLOW
104_447,104,0.6141,lying,lying,1,YELLOW
104_448,104,0.6316,lying,lying,1,YELLOW
104_449,104,0.7399,lying,lying,1,YELLOW
104_450,104,0.6873,lying,lying,1,YELLOW
104_451,104,0.6565,lying,lying,1,YELLOW
104_452,104,0.7056,lying,lying,1,YELLOW
104_453,104,0.7392,lying,lying,1,YELLOW
104_454,104,0.8265,lying,lying,1,GREEN
104_455,104,0.8333,lying,lying,1,GREEN
104_456,104,0.8271,lying,lying,1,GREEN
104_457,104,0.8204,lying,lying,1,GREEN
104_458,104,0.7289,lying,lying,1,YELLOW
104_459,104,0.3621,standing,sitting,0,RED
104_460,104,0.3,sitting,sitting,1,RED
104_461,104,0.4509,standing,sitting,0,YELLOW
104_462,104,0.4532,standing,sitting,0,YELLOW
104_463,104,0.4272,standing,sitting,0,RED
104_464,104,0.421,standing,sitting,0,RED
104_465,104,0.3063,standing,sitting,0,RED
104_466,104,0.3731,standing,sitting,0,RED
104_467,104,0.4967,standing,sitting,0,YELLOW
104_468,104,0.3822,vacuuming,sitting,0,RED
104_469,104,0.4505,vacuuming,sitting,0,YELLOW
104_470,104,0.4384,vacuuming,sitting,0,RED
104_471,104,0.5358,vacuuming,sitting,0,YELLOW
104_472,104,0.3983,sitting,sitting,1,RED
104_473,104,0.5931,sitting,sitting,1,YELLOW
104_474,104,0.6251,sitting,sitting,1,YELLOW
104_475,104,0.3973,sitting,sitting,1,RED
104_476,104,0.3908,sitting,sitting,1,RED
104_477,104,0.6261,sitting,sitting,1,YELLOW
104_478,104,0.6737,sitting,sitting,1,YELLOW
104_479,104,0.7394,sitting,sitting,1,YELLOW
104_480,104,0.7945,sitting,sitting,1,GREEN
104_481,104,0.7831,sitting,sitting,1,GREEN
104_482,104,0.7278,sitting,sitting,1,YELLOW
104_483,104,0.7514,sitting,sitting,1,GREEN
104_484,104,0.8414,sitting,sitting,1,GREEN
104_485,104,0.8667,sitting,sitting,1,GREEN
104_486,104,0.8812,sitting,sitting,1,GREEN
104_487,104,0.8502,sitting,sitting,1,GREEN
104_488,104,0.8712,sitting,sitting,1,GREEN
104_489,104,0.6426,sitting,sitting,1,YELLOW
104_490,104,0.8186,sitting,sitting,1,GREEN
104_491,104,0.8853,sitting,sitting,1,GREEN
104_492,104,0.8648,sitting,sitting,1,GREEN
104_493,104,0.8738,sitting,sitting,1,GREEN
104_494,104,0.9569,sitting,sitting,1,GREEN
104_495,104,0.9148,sitting,sitting,1,GREEN
104_496,104,0.9569,sitting,sitting,1,GREEN
104_497,104,0.9159,sitting,sitting,1,GREEN
104_498,104,0.9171,sitting,sitting,1,GREEN
104_499,104,0.9455,sitting,sitting,1,GREEN
104_500,104,0.902,sitting,sitting,1,GREEN
104_501,104,0.9264,sitting,sitting,1,GREEN
104_502,104,0.8936,sitting,sitting,1,GREEN
104_503,104,0.963,sitting,sitting,1,GREEN
104_504,104,0.9646,sitting,sitting,1,GREEN
104_505,104,0.9684,sitting,sitting,1,GREEN
104_506,104,0.9701,sitting,sitting,1,GREEN
104_507,104,0.9649,sitting,sitting,1,GREEN
104_508,104,0.9635,sitting,sitting,1,GREEN
104_509,104,0.9696,sitting,sitting,1,GREEN
104_510,104,0.97,sitting,sitting,1,GREEN
104_511,104,0.9647,sitting,sitting,1,GREEN
104_512,104,0.9618,sitting,sitting,1,GREEN
104_513,104,0.9664,sitting,sitting,1,GREEN
104_514,104,0.9638,sitting,sitting,1,GREEN
104_515,104,0.9662,sitting,sitting,1,GREEN
104_516,104,0.9672,sitting,sitting,1,GREEN
104_517,104,0.9563,sitting,sitting,1,GREEN
104_518,104,0.9628,sitting,sitting,1,GREEN
104_519,104,0.9669,sitting,sitting,1,GREEN
104_520,104,0.9564,sitting,sitting,1,GREEN
104_521,104,0.9601,sitting,sitting,1,GREEN
104_522,104,0.9482,sitting,sitting,1,GREEN
104_523,104,0.9036,sitting,sitting,1,GREEN
104_524,104,0.9194,sitting,sitting,1,GREEN
104_525,104,0.9496,sitting,sitting,1,GREEN
104_526,104,0.9412,sitting,sitting,1,GREEN
104_527,104,0.9405,sitting,sitting,1,GREEN
104_528,104,0.9227,sitting,sitting,1,GREEN
104_529,104,0.9164,sitting,sitting,1,GREEN
104_530,104,0.9363,sitting,sitting,1,GREEN
104_531,104,0.9493,sitting,sitting,1,GREEN
104_532,104,0.8175,sitting,sitting,1,GREEN
104_533,104,0.7717,sitting,sitting,1,GREEN
104_534,104,0.9221,sitting,sitting,1,GREEN
104_535,104,0.9375,sitting,sitting,1,GREEN
104_536,104,0.948,sitting,sitting,1,GREEN
104_537,104,0.954,sitting,sitting,1,GREEN
104_538,104,0.9467,sitting,sitting,1,GREEN
104_539,104,0.9351,sitting,sitting,1,GREEN
104_540,104,0.8526,sitting,sitting,1,GREEN
104_541,104,0.9597,sitting,sitting,1,GREEN
104_542,104,0.965,sitting,sitting,1,GREEN
104_543,104,0.9611,sitting,sitting,1,GREEN
104_544,104,0.949,sitting,sitting,1,GREEN
104_545,104,0.9492,sitting,sitting,1,GREEN
104_546,104,0.8978,sitting,sitting,1,GREEN
104_547,104,0.9002,sitting,sitting,1,GREEN
104_548,104,0.9749,sitting,sitting,1,GREEN
104_549,104,0.9741,sitting,sitting,1,GREEN
104_550,104,0.9392,sitting,sitting,1,GREEN
104_551,104,0.9071,sitting,sitting,1,GREEN
104_552,104,0.939,sitting,sitting,1,GREEN
104_553,104,0.969,sitting,sitting,1,GREEN
104_554,104,0.9717,sitting,sitting,1,GREEN
104_555,104,0.9694,sitting,sitting,1,GREEN
104_556,104,0.9648,sitting,sitting,1,GREEN
104_557,104,0.9664,sitting,sitting,1,GREEN
104_558,104,0.9623,sitting,sitting,1,GREEN
104_559,104,0.9266,sitting,sitting,1,GREEN
104_560,104,0.9501,sitting,sitting,1,GREEN
104_561,104,0.9543,sitting,sitting,1,GREEN
104_562,104,0.9347,sitting,sitting,1,GREEN
104_563,104,0.8931,sitting,sitting,1,GREEN
104_564,104,0.8481,sitting,sitting,1,GREEN
104_565,104,0.8646,sitting,sitting,1,GREEN
104_566,104,0.8069,sitting,sitting,1,GREEN
104_567,104,0.7399,sitting,sitting,1,YELLOW
104_568,104,0.7517,sitting,sitting,1,GREEN
104_569,104,0.8292,sitting,sitting,1,GREEN
104_570,104,0.7779,sitting,sitting,1,GREEN
104_571,104,0.8068,sitting,sitting,1,GREEN
104_572,104,0.768,sitting,sitting,1,GREEN
104_573,104,0.6246,sitting,sitting,1,YELLOW
104_574,104,0.6608,sitting,sitting,1,YELLOW
104_575,104,0.674,sitting,sitting,1,YELLOW
104_576,104,0.6872,sitting,sitting,1,YELLOW
104_577,104,0.7567,sitting,sitting,1,GREEN
104_578,104,0.851,sitting,sitting,1,GREEN
104_579,104,0.882,sitting,sitting,1,GREEN
104_580,104,0.8688,sitting,sitting,1,GREEN
104_581,104,0.8573,sitting,sitting,1,GREEN
104_582,104,0.8593,sitting,sitting,1,GREEN
104_583,104,0.8646,sitting,sitting,1,GREEN
104_584,104,0.8559,sitting,sitting,1,GREEN
104_585,104,0.8449,sitting,sitting,1,GREEN
104_586,104,0.8502,sitting,sitting,1,GREEN
104_587,104,0.8652,sitting,sitting,1,GREEN
104_588,104,0.8508,sitting,sitting,1,GREEN
104_589,104,0.8558,sitting,sitting,1,GREEN
104_590,104,0.8282,sitting,sitting,1,GREEN
104_591,104,0.8487,sitting,sitting,1,GREEN
104_592,104,0.8545,sitting,sitting,1,GREEN
104_593,104,0.8252,sitting,sitting,1,GREEN
104_594,104,0.8548,sitting,sitting,1,GREEN
104_595,104,0.851,sitting,sitting,1,GREEN
104_596,104,0.8515,sitting,sitting,1,GREEN
104_597,104,0.8309,sitting,sitting,1,GREEN
104_598,104,0.8385,sitting,sitting,1,GREEN
104_599,104,0.5708,sitting,sitting,1,YELLOW
104_600,104,0.5699,sitting,sitting,1,YELLOW
104_601,104,0.7033,sitting,sitting,1,YELLOW
104_602,104,0.8353,sitting,sitting,1,GREEN
104_603,104,0.8555,sitting,sitting,1,GREEN
104_604,104,0.8725,sitting,sitting,1,GREEN
104_605,104,0.8411,sitting,sitting,1,GREEN
104_606,104,0.8241,sitting,sitting,1,GREEN
104_607,104,0.8541,sitting,sitting,1,GREEN
104_608,104,0.8637,sitting,sitting,1,GREEN
104_609,104,0.8111,sitting,sitting,1,GREEN
104_610,104,0.8461,sitting,sitting,1,GREEN
104_611,104,0.8382,sitting,sitting,1,GREEN
104_612,104,0.8469,sitting,sitting,1,GREEN
104_613,104,0.8223,sitting,sitting,1,GREEN
104_614,104,0.8501,sitting,sitting,1,GREEN
104_615,104,0.8513,sitting,sitting,1,GREEN
104_616,104,0.8551,sitting,sitting,1,GREEN
104_617,104,0.82,sitting,sitting,1,GREEN
104_618,104,0.8481,sitting,sitting,1,GREEN
104_619,104,0.8135,sitting,sitting,1,GREEN
104_620,104,0.8489,sitting,sitting,1,GREEN
104_621,104,0.852,sitting,sitting,1,GREEN
104_622,104,0.8503,sitting,sitting,1,GREEN
104_623,104,0.8508,sitting,sitting,1,GREEN
104_624,104,0.8547,sitting,sitting,1,GREEN
104_625,104,0.8529,sitting,sitting,1,GREEN
104_626,104,0.8433,sitting,sitting,1,GREEN
104_627,104,0.8459,sitting,sitting,1,GREEN
104_628,104,0.8506,sitting,sitting,1,GREEN
104_629,104,0.8498,sitting,sitting,1,GREEN
104_630,104,0.8164,sitting,sitting,1,GREEN
104_631,104,0.8552,sitting,sitting,1,GREEN
104_632,104,0.8529,sitting,sitting,1,GREEN
104_633,104,0.8508,sitting,sitting,1,GREEN
104_634,104,0.8462,sitting,sitting,1,GREEN
104_635,104,0.8626,sitting,sitting,1,GREEN
104_636,104,0.8618,sitting,sitting,1,GREEN
104_637,104,0.8447,sitting,sitting,1,GREEN
104_638,104,0.8358,sitting,sitting,1,GREEN
104_639,104,0.8529,sitting,sitting,1,GREEN
104_640,104,0.8488,sitting,sitting,1,GREEN
104_641,104,0.8151,sitting,sitting,1,GREEN
104_642,104,0.8517,sitting,sitting,1,GREEN
104_643,104,0.8443,sitting,sitting,1,GREEN
104_644,104,0.844,sitting,sitting,1,GREEN
104_645,104,0.8208,sitting,sitting,1,GREEN
104_646,104,0.6819,sitting,sitting,1,YELLOW
104_647,104,0.6313,sitting,sitting,1,YELLOW
104_648,104,0.6381,sitting,sitting,1,YELLOW
104_649,104,0.6595,sitting,sitting,1,YELLOW
104_650,104,0.6172,sitting,sitting,1,YELLOW
104_651,104,0.6979,sitting,sitting,1,YELLOW
104_652,104,0.6693,sitting,sitting,1,YELLOW
104_653,104,0.6177,sitting,sitting,1,YELLOW
104_654,104,0.8065,sitting,sitting,1,GREEN
104_655,104,0.8424,sitting,sitting,1,GREEN
104_656,104,0.8896,sitting,sitting,1,GREEN
104_657,104,0.8987,sitting,sitting,1,GREEN
104_658,104,0.8474,sitting,sitting,1,GREEN
104_659,104,0.8821,sitting,sitting,1,GREEN
104_660,104,0.8405,sitting,sitting,1,GREEN
104_661,104,0.8557,sitting,sitting,1,GREEN
104_662,104,0.8885,sitting,sitting,1,GREEN
104_663,104,0.8769,sitting,sitting,1,GREEN
104_664,104,0.8867,sitting,sitting,1,GREEN
104_665,104,0.8929,sitting,sitting,1,GREEN
104_666,104,0.8933,sitting,sitting,1,GREEN
104_667,104,0.8949,sitting,sitting,1,GREEN
104_668,104,0.8928,sitting,sitting,1,GREEN
104_669,104,0.8767,sitting,sitting,1,GREEN
104_670,104,0.8829,sitting,sitting,1,GREEN
104_671,104,0.8712,sitting,sitting,1,GREEN
104_672,104,0.8946,sitting,sitting,1,GREEN
104_673,104,0.8977,sitting,sitting,1,GREEN
104_674,104,0.885,sitting,sitting,1,GREEN
104_675,104,0.8702,sitting,sitting,1,GREEN
104_676,104,0.8837,sitting,sitting,1,GREEN
104_677,104,0.8906,sitting,sitting,1,GREEN
104_678,104,0.8975,sitting,sitting,1,GREEN
104_679,104,0.8834,sitting,sitting,1,GREEN
104_680,104,0.8856,sitting,sitting,1,GREEN
104_681,104,0.7033,sitting,sitting,1,YELLOW
104_682,104,0.7898,sitting,sitting,1,GREEN
104_683,104,0.7572,sitting,sitting,1,GREEN
104_684,104,0.8983,sitting,sitting,1,GREEN
104_685,104,0.8739,sitting,sitting,1,GREEN
104_686,104,0.7924,sitting,sitting,1,GREEN
104_687,104,0.8839,sitting,sitting,1,GREEN
104_688,104,0.8845,sitting,sitting,1,GREEN
104_689,104,0.8878,sitting,sitting,1,GREEN
104_690,104,0.8857,sitting,sitting,1,GREEN
104_691,104,0.81,sitting,sitting,1,GREEN
104_692,104,0.8802,sitting,sitting,1,GREEN
104_693,104,0.8494,sitting,sitting,1,GREEN
104_694,104,0.8857,sitting,sitting,1,GREEN
104_695,104,0.8912,sitting,sitting,1,GREEN
104_696,104,0.8949,sitting,sitting,1,GREEN
104_697,104,0.8585,sitting,sitting,1,GREEN
104_698,104,0.8865,sitting,sitting,1,GREEN
104_699,104,0.8886,sitting,sitting,1,GREEN
104_700,104,0.881,sitting,sitting,1,GREEN
104_701,104,0.8879,sitting,sitting,1,GREEN
104_702,104,0.8307,sitting,sitting,1,GREEN
104_703,104,0.8526,sitting,sitting,1,GREEN
104_704,104,0.6898,sitting,sitting,1,YELLOW
104_705,104,0.4537,sitting,sitting,1,YELLOW
104_706,104,0.5788,sitting,sitting,1,YELLOW
104_707,104,0.7881,sitting,sitting,1,GREEN
104_708,104,0.8545,sitting,sitting,1,GREEN
104_709,104,0.8577,sitting,sitting,1,GREEN
104_710,104,0.8897,sitting,sitting,1,GREEN
104_711,104,0.891,sitting,sitting,1,GREEN
104_712,104,0.8373,sitting,sitting,1,GREEN
104_713,104,0.8651,sitting,sitting,1,GREEN
104_714,104,0.8912,sitting,sitting,1,GREEN
104_715,104,0.8424,sitting,sitting,1,GREEN
104_716,104,0.782,sitting,sitting,1,GREEN
104_717,104,0.8476,sitting,sitting,1,GREEN
104_718,104,0.896,sitting,sitting,1,GREEN
104_719,104,0.894,sitting,sitting,1,GREEN
104_720,104,0.8837,sitting,sitting,1,GREEN
104_721,104,0.8944,sitting,sitting,1,GREEN
104_722,104,0.8755,sitting,sitting,1,GREEN
104_723,104,0.8726,sitting,sitting,1,GREEN
104_724,104,0.9049,sitting,sitting,1,GREEN
104_725,104,0.8653,sitting,sitting,1,GREEN
104_726,104,0.8881,sitting,sitting,1,GREEN
104_727,104,0.8605,sitting,sitting,1,GREEN
104_728,104,0.8599,sitting,sitting,1,GREEN
104_729,104,0.9052,sitting,sitting,1,GREEN
104_730,104,0.9059,sitting,sitting,1,GREEN
104_731,104,0.913,sitting,sitting,1,GREEN
104_732,104,0.9166,sitting,sitting,1,GREEN
104_733,104,0.9112,sitting,sitting,1,GREEN
104_734,104,0.9181,sitting,sitting,1,GREEN
104_735,104,0.9037,sitting,sitting,1,GREEN
104_736,104,0.8967,sitting,sitting,1,GREEN
104_737,104,0.866,sitting,sitting,1,GREEN
104_738,104,0.9058,sitting,sitting,1,GREEN
104_739,104,0.9043,sitting,sitting,1,GREEN
104_740,104,0.9017,sitting,sitting,1,GREEN
104_741,104,0.855,sitting,sitting,1,GREEN
104_742,104,0.875,sitting,sitting,1,GREEN
104_743,104,0.8999,sitting,sitting,1,GREEN
104_744,104,0.8988,sitting,sitting,1,GREEN
104_745,104,0.8806,sitting,sitting,1,GREEN
104_746,104,0.836,sitting,sitting,1,GREEN
104_747,104,0.9048,sitting,sitting,1,GREEN
104_748,104,0.8866,sitting,sitting,1,GREEN
104_749,104,0.8644,sitting,sitting,1,GREEN
104_750,104,0.8634,sitting,sitting,1,GREEN
104_751,104,0.8844,sitting,sitting,1,GREEN
104_752,104,0.8809,sitting,sitting,1,GREEN
104_753,104,0.8981,sitting,sitting,1,GREEN
104_754,104,0.7944,sitting,sitting,1,GREEN
104_755,104,0.724,sitting,sitting,1,YELLOW
104_756,104,0.8272,sitting,sitting,1,GREEN
104_757,104,0.8932,sitting,sitting,1,GREEN
104_758,104,0.8971,sitting,sitting,1,GREEN
104_759,104,0.9032,sitting,sitting,1,GREEN
104_760,104,0.9223,sitting,sitting,1,GREEN
104_761,104,0.9195,sitting,sitting,1,GREEN
104_762,104,0.9135,sitting,sitting,1,GREEN
104_763,104,0.9256,sitting,sitting,1,GREEN
104_764,104,0.8915,sitting,sitting,1,GREEN
104_765,104,0.8886,sitting,sitting,1,GREEN
104_766,104,0.9227,sitting,sitting,1,GREEN
104_767,104,0.9257,sitting,sitting,1,GREEN
104_768,104,0.9146,sitting,sitting,1,GREEN
104_769,104,0.9053,sitting,sitting,1,GREEN
104_770,104,0.9277,sitting,sitting,1,GREEN
104_771,104,0.9272,sitting,sitting,1,GREEN
104_772,104,0.9137,sitting,sitting,1,GREEN
104_773,104,0.9215,sitting,sitting,1,GREEN
104_774,104,0.923,sitting,sitting,1,GREEN
104_775,104,0.8478,sitting,sitting,1,GREEN
104_776,104,0.9212,sitting,sitting,1,GREEN
104_777,104,0.9179,sitting,sitting,1,GREEN
104_778,104,0.9093,sitting,sitting,1,GREEN
104_779,104,0.9085,sitting,sitting,1,GREEN
104_780,104,0.9183,sitting,sitting,1,GREEN
104_781,104,0.8775,sitting,sitting,1,GREEN
104_782,104,0.9269,sitting,sitting,1,GREEN
104_783,104,0.9319,sitting,sitting,1,GREEN
104_784,104,0.9163,sitting,sitting,1,GREEN
104_785,104,0.9111,sitting,sitting,1,GREEN
104_786,104,0.9193,sitting,sitting,1,GREEN
104_787,104,0.9232,sitting,sitting,1,GREEN
104_788,104,0.8843,sitting,sitting,1,GREEN
104_789,104,0.9153,sitting,sitting,1,GREEN
104_790,104,0.9134,sitting,sitting,1,GREEN
104_791,104,0.9222,sitting,sitting,1,GREEN
104_792,104,0.9219,sitting,sitting,1,GREEN
104_793,104,0.8849,sitting,sitting,1,GREEN
104_794,104,0.9189,sitting,sitting,1,GREEN
104_795,104,0.9332,sitting,sitting,1,GREEN
104_796,104,0.9276,sitting,sitting,1,GREEN
104_797,104,0.9261,sitting,sitting,1,GREEN
104_798,104,0.9205,sitting,sitting,1,GREEN
104_799,104,0.9248,sitting,sitting,1,GREEN
104_800,104,0.9301,sitting,sitting,1,GREEN
104_801,104,0.916,sitting,sitting,1,GREEN
104_802,104,0.9167,sitting,sitting,1,GREEN
104_803,104,0.9213,sitting,sitting,1,GREEN
104_804,104,0.9293,sitting,sitting,1,GREEN
104_805,104,0.9314,sitting,sitting,1,GREEN
104_806,104,0.93,sitting,sitting,1,GREEN
104_807,104,0.9222,sitting,sitting,1,GREEN
104_808,104,0.9161,sitting,sitting,1,GREEN
104_809,104,0.9268,sitting,sitting,1,GREEN
104_810,104,0.9303,sitting,sitting,1,GREEN
104_811,104,0.9272,sitting,sitting,1,GREEN
104_812,104,0.9205,sitting,sitting,1,GREEN
104_813,104,0.9172,sitting,sitting,1,GREEN
104_814,104,0.9145,sitting,sitting,1,GREEN
104_815,104,0.8828,sitting,sitting,1,GREEN
104_816,104,0.9216,sitting,sitting,1,GREEN
104_817,104,0.8886,sitting,sitting,1,GREEN
104_818,104,0.9218,sitting,sitting,1,GREEN
104_819,104,0.9305,sitting,sitting,1,GREEN
104_820,104,0.9255,sitting,sitting,1,GREEN
104_821,104,0.9284,sitting,sitting,1,GREEN
104_822,104,0.9253,sitting,sitting,1,GREEN
104_823,104,0.9368,sitting,sitting,1,GREEN
104_824,104,0.9412,sitting,sitting,1,GREEN
104_825,104,0.94,sitting,sitting,1,GREEN
104_826,104,0.9335,sitting,sitting,1,GREEN
104_827,104,0.9335,sitting,sitting,1,GREEN
104_828,104,0.9397,sitting,sitting,1,GREEN
104_829,104,0.9253,sitting,sitting,1,GREEN
104_830,104,0.9073,sitting,sitting,1,GREEN
104_831,104,0.8782,sitting,sitting,1,GREEN
104_832,104,0.9193,sitting,sitting,1,GREEN
104_833,104,0.9251,sitting,sitting,1,GREEN
104_834,104,0.9308,sitting,sitting,1,GREEN
104_835,104,0.9274,sitting,sitting,1,GREEN
104_836,104,0.9267,sitting,sitting,1,GREEN
104_837,104,0.9291,sitting,sitting,1,GREEN
104_838,104,0.9217,sitting,sitting,1,GREEN
104_839,104,0.9199,sitting,sitting,1,GREEN
104_840,104,0.9201,sitting,sitting,1,GREEN
104_841,104,0.921,sitting,sitting,1,GREEN
104_842,104,0.9127,sitting,sitting,1,GREEN
104_843,104,0.8854,sitting,sitting,1,GREEN
104_844,104,0.9335,sitting,sitting,1,GREEN
104_845,104,0.9167,sitting,sitting,1,GREEN
104_846,104,0.9106,sitting,sitting,1,GREEN
104_847,104,0.926,sitting,sitting,1,GREEN
104_848,104,0.9211,sitting,sitting,1,GREEN
104_849,104,0.9116,sitting,sitting,1,GREEN
104_850,104,0.9204,sitting,sitting,1,GREEN
104_851,104,0.9334,sitting,sitting,1,GREEN
104_852,104,0.9207,sitting,sitting,1,GREEN
104_853,104,0.8965,sitting,sitting,1,GREEN
104_854,104,0.8828,sitting,sitting,1,GREEN
104_855,104,0.905,sitting,sitting,1,GREEN
104_856,104,0.9311,sitting,sitting,1,GREEN
104_857,104,0.9233,sitting,sitting,1,GREEN
104_858,104,0.9215,sitting,sitting,1,GREEN
104_859,104,0.9213,sitting,sitting,1,GREEN
104_860,104,0.9216,sitting,sitting,1,GREEN
104_861,104,0.9241,sitting,sitting,1,GREEN
104_862,104,0.9136,sitting,sitting,1,GREEN
104_863,104,0.9251,sitting,sitting,1,GREEN
104_864,104,0.8898,sitting,sitting,1,GREEN
104_865,104,0.9241,sitting,sitting,1,GREEN
104_866,104,0.9222,sitting,sitting,1,GREEN
104_867,104,0.912,sitting,sitting,1,GREEN
104_868,104,0.9199,sitting,sitting,1,GREEN
104_869,104,0.9209,sitting,sitting,1,GREEN
104_870,104,0.9283,sitting,sitting,1,GREEN
104_871,104,0.9172,sitting,sitting,1,GREEN
104_872,104,0.9176,sitting,sitting,1,GREEN
104_873,104,0.9187,sitting,sitting,1,GREEN
104_874,104,0.8821,sitting,sitting,1,GREEN
104_875,104,0.8532,sitting,sitting,1,GREEN
104_876,104,0.9246,sitting,sitting,1,GREEN
104_877,104,0.9189,sitting,sitting,1,GREEN
104_878,104,0.9136,sitting,sitting,1,GREEN
104_879,104,0.9162,sitting,sitting,1,GREEN
104_880,104,0.91,sitting,sitting,1,GREEN
104_881,104,0.9127,sitting,sitting,1,GREEN
104_882,104,0.9173,sitting,sitting,1,GREEN
104_883,104,0.9221,sitting,sitting,1,GREEN
104_884,104,0.9189,sitting,sitting,1,GREEN
104_885,104,0.9114,sitting,sitting,1,GREEN
104_886,104,0.901,sitting,sitting,1,GREEN
104_887,104,0.9068,sitting,sitting,1,GREEN
104_888,104,0.897,sitting,sitting,1,GREEN
104_889,104,0.855,sitting,sitting,1,GREEN
104_890,104,0.9,sitting,sitting,1,GREEN
104_891,104,0.9265,sitting,sitting,1,GREEN
104_892,104,0.8895,sitting,sitting,1,GREEN
104_893,104,0.7444,sitting,sitting,1,YELLOW
104_894,104,0.6868,sitting,sitting,1,YELLOW
104_895,104,0.4824,standing,sitting,0,YELLOW
104_896,104,0.6248,standing,sitting,0,YELLOW
104_897,104,0.4423,standing,sitting,0,RED
104_898,104,0.4887,sitting,sitting,1,YELLOW
104_899,104,0.5145,sitting,sitting,1,YELLOW
104_900,104,0.5498,sitting,sitting,1,YELLOW
104_901,104,0.7066,sitting,sitting,1,YELLOW
104_902,104,0.8537,sitting,sitting,1,GREEN
104_903,104,0.8038,sitting,sitting,1,GREEN
104_904,104,0.8087,sitting,sitting,1,GREEN
104_905,104,0.8633,sitting,sitting,1,GREEN
104_906,104,0.8769,sitting,sitting,1,GREEN
104_907,104,0.88,sitting,sitting,1,GREEN
104_908,104,0.7773,sitting,sitting,1,GREEN
104_909,104,0.8842,sitting,sitting,1,GREEN
104_910,104,0.8944,sitting,sitting,1,GREEN
104_911,104,0.8917,sitting,sitting,1,GREEN
104_912,104,0.8865,sitting,sitting,1,GREEN
104_913,104,0.8869,sitting,sitting,1,GREEN
104_914,104,0.8982,sitting,sitting,1,GREEN
104_915,104,0.882,sitting,sitting,1,GREEN
104_916,104,0.8616,sitting,sitting,1,GREEN
104_917,104,0.8981,sitting,sitting,1,GREEN
104_918,104,0.8816,sitting,sitting,1,GREEN
104_919,104,0.8374,sitting,sitting,1,GREEN
104_920,104,0.8699,sitting,sitting,1,GREEN
104_921,104,0.8791,sitting,sitting,1,GREEN
104_922,104,0.881,sitting,sitting,1,GREEN
104_923,104,0.8794,sitting,sitting,1,GREEN
104_924,104,0.871,sitting,sitting,1,GREEN
104_925,104,0.8726,sitting,sitting,1,GREEN
104_926,104,0.793,sitting,sitting,1,GREEN
104_927,104,0.6855,sitting,sitting,1,YELLOW
104_928,104,0.7668,sitting,sitting,1,GREEN
104_929,104,0.8278,sitting,sitting,1,GREEN
104_930,104,0.8519,sitting,sitting,1,GREEN
104_931,104,0.8364,sitting,sitting,1,GREEN
104_932,104,0.8211,sitting,sitting,1,GREEN
104_933,104,0.8372,sitting,sitting,1,GREEN
104_934,104,0.8327,sitting,sitting,1,GREEN
104_935,104,0.8041,sitting,sitting,1,GREEN
104_936,104,0.7532,sitting,sitting,1,GREEN
104_937,104,0.8484,sitting,sitting,1,GREEN
104_938,104,0.8492,sitting,sitting,1,GREEN
104_939,104,0.8467,sitting,sitting,1,GREEN
104_940,104,0.8077,sitting,sitting,1,GREEN
104_941,104,0.8337,sitting,sitting,1,GREEN
104_942,104,0.8344,sitting,sitting,1,GREEN
104_943,104,0.8567,sitting,sitting,1,GREEN
104_944,104,0.8527,sitting,sitting,1,GREEN
104_945,104,0.8448,sitting,sitting,1,GREEN
104_946,104,0.7952,sitting,sitting,1,GREEN
104_947,104,0.7875,sitting,sitting,1,GREEN
104_948,104,0.875,sitting,sitting,1,GREEN
104_949,104,0.848,sitting,sitting,1,GREEN
104_950,104,0.8726,sitting,sitting,1,GREEN
104_951,104,0.8668,sitting,sitting,1,GREEN
104_952,104,0.8641,sitting,sitting,1,GREEN
104_953,104,0.5866,sitting,sitting,1,YELLOW
104_954,104,0.6015,sitting,sitting,1,YELLOW
104_955,104,0.5962,sitting,sitting,1,YELLOW
104_956,104,0.715,sitting,sitting,1,YELLOW
104_957,104,0.6119,sitting,sitting,1,YELLOW
104_958,104,0.6846,standing,sitting,0,YELLOW
104_959,104,0.9106,standing,sitting,0,GREEN
104_960,104,0.9469,standing,sitting,0,GREEN
104_961,104,0.9025,standing,sitting,0,GREEN
104_962,104,0.8893,standing,sitting,0,GREEN
104_963,104,0.879,standing,sitting,0,GREEN
104_964,104,0.8465,standing,sitting,0,GREEN
104_965,104,0.8885,standing,sitting,0,GREEN
104_966,104,0.8889,standing,sitting,0,GREEN
104_967,104,0.8973,standing,standing,1,GREEN
104_968,104,0.8157,standing,standing,1,GREEN
104_969,104,0.886,standing,standing,1,GREEN
104_970,104,0.8552,standing,standing,1,GREEN
104_971,104,0.8825,standing,standing,1,GREEN
104_972,104,0.8552,standing,standing,1,GREEN
104_973,104,0.8008,standing,standing,1,GREEN
104_974,104,0.7935,standing,standing,1,GREEN
104_975,104,0.5742,standing,standing,1,YELLOW
104_976,104,0.5815,standing,standing,1,YELLOW
104_977,104,0.783,standing,standing,1,GREEN
104_978,104,0.8455,standing,standing,1,GREEN
104_979,104,0.91,standing,standing,1,GREEN
104_980,104,0.8724,standing,standing,1,GREEN
104_981,104,0.8657,standing,standing,1,GREEN
104_982,104,0.8272,standing,standing,1,GREEN
104_983,104,0.8254,standing,standing,1,GREEN
104_984,104,0.8235,standing,standing,1,GREEN
104_985,104,0.8261,standing,standing,1,GREEN
104_986,104,0.8242,standing,standing,1,GREEN
104_987,104,0.7914,standing,standing,1,GREEN
104_988,104,0.8687,standing,standing,1,GREEN
104_989,104,0.8317,standing,standing,1,GREEN
104_990,104,0.8464,standing,standing,1,GREEN
104_991,104,0.85,standing,standing,1,GREEN
104_992,104,0.8585,standing,standing,1,GREEN
104_993,104,0.7725,standing,standing,1,GREEN
104_994,104,0.8381,standing,standing,1,GREEN
104_995,104,0.7808,standing,standing,1,GREEN
104_996,104,0.7757,standing,standing,1,GREEN
104_997,104,0.844,standing,standing,1,GREEN
104_998,104,0.7075,standing,standing,1,YELLOW
104_999,104,0.8022,standing,standing,1,GREEN
104_1000,104,0.7309,standing,standing,1,YELLOW
104_1001,104,0.8194,standing,standing,1,GREEN
104_1002,104,0.8035,standing,standing,1,GREEN
104_1003,104,0.8195,standing,standing,1,GREEN
104_1004,104,0.9005,standing,standing,1,GREEN
104_1005,104,0.7795,standing,standing,1,GREEN
104_1006,104,0.6059,standing,standing,1,YELLOW
104_1007,104,0.5722,standing,standing,1,YELLOW
104_1008,104,0.4897,standing,standing,1,YELLOW
104_1009,104,0.5171,standing,standing,1,YELLOW
104_1010,104,0.7678,standing,standing,1,GREEN
104_1011,104,0.701,standing,standing,1,YELLOW
104_1012,104,0.7768,standing,standing,1,GREEN
104_1013,104,0.8513,standing,standing,1,GREEN
104_1014,104,0.7827,standing,standing,1,GREEN
104_1015,104,0.7927,standing,standing,1,GREEN
104_1016,104,0.6098,standing,standing,1,YELLOW
104_1017,104,0.6371,standing,standing,1,YELLOW
104_1018,104,0.6566,standing,standing,1,YELLOW
104_1019,104,0.6733,standing,standing,1,YELLOW
104_1020,104,0.5789,standing,standing,1,YELLOW
104_1021,104,0.6114,standing,standing,1,YELLOW
104_1022,104,0.6725,standing,standing,1,YELLOW
104_1023,104,0.6083,standing,standing,1,YELLOW
104_1024,104,0.6452,standing,standing,1,YELLOW
104_1025,104,0.7632,standing,standing,1,GREEN
104_1026,104,0.7652,standing,standing,1,GREEN
104_1027,104,0.701,standing,standing,1,YELLOW
104_1028,104,0.7599,standing,standing,1,GREEN
104_1029,104,0.7382,standing,standing,1,YELLOW
104_1030,104,0.7493,standing,standing,1,YELLOW
104_1031,104,0.7383,standing,standing,1,YELLOW
104_1032,104,0.7784,standing,standing,1,GREEN
104_1033,104,0.7737,standing,standing,1,GREEN
104_1034,104,0.7087,standing,standing,1,YELLOW
104_1035,104,0.7221,standing,standing,1,YELLOW
104_1036,104,0.7321,standing,standing,1,YELLOW
104_1037,104,0.8666,standing,standing,1,GREEN
104_1038,104,0.8275,standing,standing,1,GREEN
104_1039,104,0.7963,standing,standing,1,GREEN
104_1040,104,0.7997,standing,standing,1,GREEN
104_1041,104,0.6774,standing,standing,1,YELLOW
104_1042,104,0.6434,standing,standing,1,YELLOW
104_1043,104,0.6409,standing,standing,1,YELLOW
104_1044,104,0.7888,standing,standing,1,GREEN
104_1045,104,0.6918,standing,standing,1,YELLOW
104_1046,104,0.7558,standing,standing,1,GREEN
104_1047,104,0.7022,standing,standing,1,YELLOW
104_1048,104,0.6907,standing,standing,1,YELLOW
104_1049,104,0.6131,standing,standing,1,YELLOW
104_1050,104,0.6422,standing,standing,1,YELLOW
104_1051,104,0.7531,standing,standing,1,GREEN
104_1052,104,0.7674,standing,standing,1,GREEN
104_1053,104,0.7437,standing,standing,1,YELLOW
104_1054,104,0.6315,standing,standing,1,YELLOW
104_1055,104,0.6645,standing,standing,1,YELLOW
104_1056,104,0.7707,standing,standing,1,GREEN
104_1057,104,0.8667,standing,standing,1,GREEN
104_1058,104,0.904,standing,standing,1,GREEN
104_1059,104,0.9053,standing,standing,1,GREEN
104_1060,104,0.9251,standing,standing,1,GREEN
104_1061,104,0.917,standing,standing,1,GREEN
104_1062,104,0.9261,standing,standing,1,GREEN
104_1063,104,0.9263,standing,standing,1,GREEN
104_1064,104,0.9079,standing,standing,1,GREEN
104_1065,104,0.9104,standing,standing,1,GREEN
104_1066,104,0.8451,standing,standing,1,GREEN
104_1067,104,0.7683,standing,standing,1,GREEN
104_1068,104,0.7646,standing,standing,1,GREEN
104_1069,104,0.8254,standing,standing,1,GREEN
104_1070,104,0.8646,standing,standing,1,GREEN
104_1071,104,0.8415,standing,standing,1,GREEN
104_1072,104,0.8367,standing,standing,1,GREEN
104_1073,104,0.8268,standing,standing,1,GREEN
104_1074,104,0.8313,standing,standing,1,GREEN
104_1075,104,0.8031,standing,standing,1,GREEN
104_1076,104,0.7903,standing,standing,1,GREEN
104_1077,104,0.7655,standing,standing,1,GREEN
104_1078,104,0.8712,standing,standing,1,GREEN
104_1079,104,0.8596,standing,standing,1,GREEN
104_1080,104,0.8596,standing,standing,1,GREEN
104_1081,104,0.8003,standing,standing,1,GREEN
104_1082,104,0.7858,standing,standing,1,GREEN
104_1083,104,0.8029,standing,standing,1,GREEN
104_1084,104,0.7056,standing,standing,1,YELLOW
104_1085,104,0.6336,standing,standing,1,YELLOW
104_1086,104,0.6085,standing,standing,1,YELLOW
104_1087,104,0.8144,standing,standing,1,GREEN
104_1088,104,0.8164,standing,standing,1,GREEN
104_1089,104,0.888,standing,standing,1,GREEN
104_1090,104,0.8578,standing,standing,1,GREEN
104_1091,104,0.808,standing,standing,1,GREEN
104_1092,104,0.7541,standing,standing,1,GREEN
104_1093,104,0.7766,standing,standing,1,GREEN
104_1094,104,0.8509,standing,standing,1,GREEN
104_1095,104,0.7784,standing,standing,1,GREEN
104_1096,104,0.823,standing,standing,1,GREEN
104_1097,104,0.7792,standing,standing,1,GREEN
104_1098,104,0.871,standing,standing,1,GREEN
104_1099,104,0.8725,standing,standing,1,GREEN
104_1100,104,0.8185,standing,standing,1,GREEN
104_1101,104,0.8369,standing,standing,1,GREEN
104_1102,104,0.8618,standing,standing,1,GREEN
104_1103,104,0.8572,standing,standing,1,GREEN
104_1104,104,0.8352,standing,standing,1,GREEN
104_1105,104,0.871,standing,standing,1,GREEN
104_1106,104,0.8698,standing,standing,1,GREEN
104_1107,104,0.8626,standing,standing,1,GREEN
104_1108,104,0.8619,standing,standing,1,GREEN
104_1109,104,0.8768,standing,standing,1,GREEN
104_1110,104,0.8578,standing,standing,1,GREEN
104_1111,104,0.8915,standing,standing,1,GREEN
104_1112,104,0.88,standing,standing,1,GREEN
104_1113,104,0.8517,standing,standing,1,GREEN
104_1114,104,0.8317,standing,standing,1,GREEN
104_1115,104,0.785,standing,standing,1,GREEN
104_1116,104,0.8514,standing,standing,1,GREEN
104_1117,104,0.8435,standing,standing,1,GREEN
104_1118,104,0.825,standing,standing,1,GREEN
104_1119,104,0.8325,standing,standing,1,GREEN
104_1120,104,0.8328,standing,standing,1,GREEN
104_1121,104,0.7909,standing,standing,1,GREEN
104_1122,104,0.7848,standing,standing,1,GREEN
104_1123,104,0.7693,standing,standing,1,GREEN
104_1124,104,0.7818,standing,standing,1,GREEN
104_1125,104,0.8458,standing,standing,1,GREEN
104_1126,104,0.7649,standing,standing,1,GREEN
104_1127,104,0.7557,standing,standing,1,GREEN
104_1128,104,0.7635,standing,standing,1,GREEN
104_1129,104,0.6718,standing,standing,1,YELLOW
104_1130,104,0.7313,standing,standing,1,YELLOW
104_1131,104,0.7656,standing,standing,1,GREEN
104_1132,104,0.7778,standing,standing,1,GREEN
104_1133,104,0.7933,standing,standing,1,GREEN
104_1134,104,0.7684,standing,standing,1,GREEN
104_1135,104,0.7529,standing,standing,1,GREEN
104_1136,104,0.5192,standing,standing,1,YELLOW
104_1137,104,0.4251,sitting,standing,0,RED
104_1138,104,0.5058,standing,standing,1,YELLOW
104_1139,104,0.789,standing,standing,1,GREEN
104_1140,104,0.8641,standing,standing,1,GREEN
104_1141,104,0.7052,standing,standing,1,YELLOW
104_1142,104,0.7269,standing,standing,1,YELLOW
104_1143,104,0.8385,standing,standing,1,GREEN
104_1144,104,0.9244,standing,standing,1,GREEN
104_1145,104,0.9424,standing,standing,1,GREEN
104_1146,104,0.8646,standing,standing,1,GREEN
104_1147,104,0.8935,standing,standing,1,GREEN
104_1148,104,0.8229,standing,standing,1,GREEN
104_1149,104,0.8709,standing,standing,1,GREEN
104_1150,104,0.9157,standing,standing,1,GREEN
104_1151,104,0.8824,standing,standing,1,GREEN
104_1152,104,0.8452,standing,standing,1,GREEN
104_1153,104,0.8706,standing,standing,1,GREEN
104_1154,104,0.8523,standing,standing,1,GREEN
104_1155,104,0.8656,standing,standing,1,GREEN
104_1156,104,0.929,standing,standing,1,GREEN
104_1157,104,0.9172,standing,standing,1,GREEN
104_1158,104,0.914,standing,standing,1,GREEN
104_1159,104,0.8822,standing,standing,1,GREEN
104_1160,104,0.9284,standing,standing,1,GREEN
104_1161,104,0.9219,standing,standing,1,GREEN
104_1162,104,0.7983,standing,standing,1,GREEN
104_1163,104,0.8191,standing,standing,1,GREEN
104_1164,104,0.8685,standing,standing,1,GREEN
104_1165,104,0.8548,standing,standing,1,GREEN
104_1166,104,0.8931,standing,standing,1,GREEN
104_1167,104,0.869,standing,standing,1,GREEN
104_1168,104,0.8298,standing,standing,1,GREEN
104_1169,104,0.8256,standing,standing,1,GREEN
104_1170,104,0.8619,standing,standing,1,GREEN
104_1171,104,0.8467,standing,standing,1,GREEN
104_1172,104,0.8225,standing,standing,1,GREEN
104_1173,104,0.8166,standing,standing,1,GREEN
104_1174,104,0.8432,standing,standing,1,GREEN
104_1175,104,0.8006,standing,standing,1,GREEN
104_1176,104,0.7769,standing,standing,1,GREEN
104_1177,104,0.8552,standing,standing,1,GREEN
104_1178,104,0.8428,standing,standing,1,GREEN
104_1179,104,0.8486,standing,standing,1,GREEN
104_1180,104,0.8201,standing,standing,1,GREEN
104_1181,104,0.7975,standing,standing,1,GREEN
104_1182,104,0.778,standing,standing,1,GREEN
104_1183,104,0.8283,standing,standing,1,GREEN
104_1184,104,0.8153,standing,standing,1,GREEN
104_1185,104,0.7605,standing,standing,1,GREEN
104_1186,104,0.8331,standing,standing,1,GREEN
104_1187,104,0.7779,standing,standing,1,GREEN
104_1188,104,0.7861,standing,standing,1,GREEN
104_1189,104,0.8439,standing,standing,1,GREEN
104_1190,104,0.7006,standing,standing,1,YELLOW
104_1191,104,0.6778,standing,standing,1,YELLOW
104_1192,104,0.8366,standing,standing,1,GREEN
104_1193,104,0.877,standing,standing,1,GREEN
104_1194,104,0.8906,standing,standing,1,GREEN
104_1195,104,0.8589,standing,standing,1,GREEN
104_1196,104,0.916,standing,standing,1,GREEN
104_1197,104,0.8972,standing,standing,1,GREEN
104_1198,104,0.9008,standing,standing,1,GREEN
104_1199,104,0.9267,standing,standing,1,GREEN
104_1200,104,0.8523,standing,standing,1,GREEN
104_1201,104,0.9162,standing,standing,1,GREEN
104_1202,104,0.8978,standing,standing,1,GREEN
104_1203,104,0.8792,standing,standing,1,GREEN
104_1204,104,0.914,standing,standing,1,GREEN
104_1205,104,0.9148,standing,standing,1,GREEN
104_1206,104,0.9259,standing,standing,1,GREEN
104_1207,104,0.9002,standing,standing,1,GREEN
104_1208,104,0.8903,standing,standing,1,GREEN
104_1209,104,0.9005,standing,standing,1,GREEN
104_1210,104,0.8843,standing,standing,1,GREEN
104_1211,104,0.892,standing,standing,1,GREEN
104_1212,104,0.9228,standing,standing,1,GREEN
104_1213,104,0.9143,standing,standing,1,GREEN
104_1214,104,0.9076,standing,standing,1,GREEN
104_1215,104,0.9085,standing,standing,1,GREEN
104_1216,104,0.9115,standing,standing,1,GREEN
104_1217,104,0.9288,standing,standing,1,GREEN
104_1218,104,0.9445,standing,standing,1,GREEN
104_1219,104,0.9486,standing,standing,1,GREEN
104_1220,104,0.9427,standing,standing,1,GREEN
104_1221,104,0.8645,standing,standing,1,GREEN
104_1222,104,0.8996,standing,standing,1,GREEN
104_1223,104,0.9303,standing,standing,1,GREEN
104_1224,104,0.9178,standing,standing,1,GREEN
104_1225,104,0.9098,standing,standing,1,GREEN
104_1226,104,0.9314,standing,standing,1,GREEN
104_1227,104,0.9263,standing,standing,1,GREEN
104_1228,104,0.8875,standing,standing,1,GREEN
104_1229,104,0.8499,standing,standing,1,GREEN
104_1230,104,0.8429,standing,standing,1,GREEN
104_1231,104,0.9505,standing,standing,1,GREEN
104_1232,104,0.9488,standing,standing,1,GREEN
104_1233,104,0.9484,standing,standing,1,GREEN
104_1234,104,0.9353,standing,standing,1,GREEN
104_1235,104,0.9377,standing,standing,1,GREEN
104_1236,104,0.9356,standing,standing,1,GREEN
104_1237,104,0.9009,standing,standing,1,GREEN
104_1238,104,0.9339,standing,standing,1,GREEN
104_1239,104,0.941,standing,standing,1,GREEN
104_1240,104,0.9363,standing,standing,1,GREEN
104_1241,104,0.9012,standing,standing,1,GREEN
104_1242,104,0.9041,standing,standing,1,GREEN
104_1243,104,0.8981,standing,standing,1,GREEN
104_1244,104,0.9364,standing,standing,1,GREEN
104_1245,104,0.9397,standing,standing,1,GREEN
104_1246,104,0.8913,standing,standing,1,GREEN
104_1247,104,0.8965,standing,standing,1,GREEN
104_1248,104,0.7004,standing,standing,1,YELLOW
104_1249,104,0.6755,standing,standing,1,YELLOW
104_1250,104,0.654,standing,standing,1,YELLOW
104_1251,104,0.7789,standing,standing,1,GREEN
104_1252,104,0.778,standing,standing,1,GREEN
104_1253,104,0.6601,standing,standing,1,YELLOW
104_1254,104,0.5679,standing,standing,1,YELLOW
104_1255,104,0.5817,standing,standing,1,YELLOW
104_1256,104,0.5887,standing,standing,1,YELLOW
104_1257,104,0.6531,standing,standing,1,YELLOW
104_1258,104,0.4684,standing,standing,1,YELLOW
104_1259,104,0.4339,standing,standing,1,RED
104_1260,104,0.5352,standing,standing,1,YELLOW
104_1261,104,0.7694,standing,standing,1,GREEN
104_1262,104,0.7157,standing,standing,1,YELLOW
104_1263,104,0.6476,standing,standing,1,YELLOW
104_1264,104,0.7946,standing,standing,1,GREEN
104_1265,104,0.8576,standing,standing,1,GREEN
104_1266,104,0.7745,standing,standing,1,GREEN
104_1267,104,0.5869,standing,standing,1,YELLOW
104_1268,104,0.4699,standing,standing,1,YELLOW
104_1269,104,0.5972,standing,standing,1,YELLOW
104_1270,104,0.8334,standing,standing,1,GREEN
104_1271,104,0.9152,standing,standing,1,GREEN
104_1272,104,0.9463,standing,standing,1,GREEN
104_1273,104,0.9467,standing,standing,1,GREEN
104_1274,104,0.9021,standing,standing,1,GREEN
104_1275,104,0.9105,standing,standing,1,GREEN
104_1276,104,0.938,standing,standing,1,GREEN
104_1277,104,0.9512,standing,standing,1,GREEN
104_1278,104,0.9375,standing,standing,1,GREEN
104_1279,104,0.8114,standing,standing,1,GREEN
104_1280,104,0.7999,standing,standing,1,GREEN
104_1281,104,0.8848,standing,standing,1,GREEN
104_1282,104,0.9186,standing,standing,1,GREEN
104_1283,104,0.9167,standing,standing,1,GREEN
104_1284,104,0.9295,standing,standing,1,GREEN
104_1285,104,0.8995,standing,standing,1,GREEN
104_1286,104,0.8633,standing,standing,1,GREEN
104_1287,104,0.79,standing,standing,1,GREEN
104_1288,104,0.6751,standing,standing,1,YELLOW
104_1289,104,0.6794,standing,standing,1,YELLOW
104_1290,104,0.8087,standing,standing,1,GREEN
104_1291,104,0.8989,standing,standing,1,GREEN
104_1292,104,0.9402,standing,standing,1,GREEN
104_1293,104,0.9425,standing,standing,1,GREEN
104_1294,104,0.9429,standing,standing,1,GREEN
104_1295,104,0.9329,standing,standing,1,GREEN
104_1296,104,0.8995,standing,standing,1,GREEN
104_1297,104,0.7529,standing,standing,1,GREEN
104_1298,104,0.788,standing,standing,1,GREEN
104_1299,104,0.8435,standing,standing,1,GREEN
104_1300,104,0.843,standing,standing,1,GREEN
104_1301,104,0.8924,standing,standing,1,GREEN
104_1302,104,0.8179,standing,standing,1,GREEN
104_1303,104,0.8204,standing,standing,1,GREEN
104_1304,104,0.8916,standing,standing,1,GREEN
104_1305,104,0.8967,standing,standing,1,GREEN
104_1306,104,0.9078,standing,standing,1,GREEN
104_1307,104,0.9096,standing,standing,1,GREEN
104_1308,104,0.9094,standing,standing,1,GREEN
104_1309,104,0.9095,standing,standing,1,GREEN
104_1310,104,0.901,standing,standing,1,GREEN
104_1311,104,0.9031,standing,standing,1,GREEN
104_1312,104,0.9006,standing,standing,1,GREEN
104_1313,104,0.9146,standing,standing,1,GREEN
104_1314,104,0.9067,standing,standing,1,GREEN
104_1315,104,0.8929,standing,standing,1,GREEN
104_1316,104,0.8615,standing,standing,1,GREEN
104_1317,104,0.8757,standing,standing,1,GREEN
104_1318,104,0.8827,standing,standing,1,GREEN
104_1319,104,0.8983,standing,standing,1,GREEN
104_1320,104,0.9062,standing,standing,1,GREEN
104_1321,104,0.8936,standing,standing,1,GREEN
104_1322,104,0.8923,standing,standing,1,GREEN
104_1323,104,0.8471,standing,standing,1,GREEN
104_1324,104,0.8931,standing,standing,1,GREEN
104_1325,104,0.8911,standing,standing,1,GREEN
104_1326,104,0.8992,standing,standing,1,GREEN
104_1327,104,0.8956,standing,standing,1,GREEN
104_1328,104,0.8858,standing,standing,1,GREEN
104_1329,104,0.8545,standing,standing,1,GREEN
104_1330,104,0.7619,standing,standing,1,GREEN
104_1331,104,0.7718,standing,standing,1,GREEN
104_1332,104,0.8736,standing,standing,1,GREEN
104_1333,104,0.8818,standing,standing,1,GREEN
104_1334,104,0.9031,standing,standing,1,GREEN
104_1335,104,0.9085,standing,standing,1,GREEN
104_1336,104,0.9129,standing,standing,1,GREEN
104_1337,104,0.9255,standing,standing,1,GREEN
104_1338,104,0.913,standing,standing,1,GREEN
104_1339,104,0.9065,standing,standing,1,GREEN
104_1340,104,0.9247,standing,standing,1,GREEN
104_1341,104,0.9318,standing,standing,1,GREEN
104_1342,104,0.9237,standing,standing,1,GREEN
104_1343,104,0.9308,standing,standing,1,GREEN
104_1344,104,0.9169,standing,standing,1,GREEN
104_1345,104,0.8743,standing,standing,1,GREEN
104_1346,104,0.8876,standing,standing,1,GREEN
104_1347,104,0.8995,standing,standing,1,GREEN
104_1348,104,0.9,standing,standing,1,GREEN
104_1349,104,0.8671,standing,standing,1,GREEN
104_1350,104,0.902,standing,standing,1,GREEN
104_1351,104,0.9109,standing,standing,1,GREEN
104_1352,104,0.9179,standing,standing,1,GREEN
104_1353,104,0.923,standing,standing,1,GREEN
104_1354,104,0.911,standing,standing,1,GREEN
104_1355,104,0.8786,standing,standing,1,GREEN
104_1356,104,0.9152,standing,standing,1,GREEN
104_1357,104,0.848,standing,standing,1,GREEN
104_1358,104,0.881,standing,standing,1,GREEN
104_1359,104,0.8426,standing,standing,1,GREEN
104_1360,104,0.8777,standing,standing,1,GREEN
104_1361,104,0.8499,standing,standing,1,GREEN
104_1362,104,0.913,standing,standing,1,GREEN
104_1363,104,0.9128,standing,standing,1,GREEN
104_1364,104,0.8711,standing,standing,1,GREEN
104_1365,104,0.8941,standing,standing,1,GREEN
104_1366,104,0.872,standing,standing,1,GREEN
104_1367,104,0.8653,standing,standing,1,GREEN
104_1368,104,0.869,standing,standing,1,GREEN
104_1369,104,0.8549,standing,standing,1,GREEN
104_1370,104,0.881,standing,standing,1,GREEN
104_1371,104,0.8582,standing,standing,1,GREEN
104_1372,104,0.8415,standing,standing,1,GREEN
104_1373,104,0.7727,standing,standing,1,GREEN
104_1374,104,0.7988,standing,standing,1,GREEN
104_1375,104,0.803,standing,standing,1,GREEN
104_1376,104,0.797,standing,standing,1,GREEN
104_1377,104,0.8097,standing,standing,1,GREEN
104_1378,104,0.8346,standing,standing,1,GREEN
104_1379,104,0.8193,standing,standing,1,GREEN
104_1380,104,0.8336,standing,standing,1,GREEN
104_1381,104,0.8043,standing,standing,1,GREEN
104_1382,104,0.8235,standing,standing,1,GREEN
104_1383,104,0.8211,standing,standing,1,GREEN
104_1384,104,0.754,standing,standing,1,GREEN
104_1385,104,0.7843,standing,standing,1,GREEN
104_1386,104,0.7825,standing,standing,1,GREEN
104_1387,104,0.7653,standing,standing,1,GREEN
104_1388,104,0.8398,standing,standing,1,GREEN
104_1389,104,0.8562,standing,standing,1,GREEN
104_1390,104,0.8559,standing,standing,1,GREEN
104_1391,104,0.8618,standing,standing,1,GREEN
104_1392,104,0.8397,standing,standing,1,GREEN
104_1393,104,0.7755,standing,standing,1,GREEN
104_1394,104,0.694,standing,standing,1,YELLOW
104_1395,104,0.8074,standing,standing,1,GREEN
104_1396,104,0.8497,standing,standing,1,GREEN
104_1397,104,0.8463,standing,standing,1,GREEN
104_1398,104,0.8828,standing,standing,1,GREEN
104_1399,104,0.9011,standing,standing,1,GREEN
104_1400,104,0.8702,standing,standing,1,GREEN
104_1401,104,0.9048,standing,standing,1,GREEN
104_1402,104,0.8996,standing,standing,1,GREEN
104_1403,104,0.902,standing,standing,1,GREEN
104_1404,104,0.9077,standing,standing,1,GREEN
104_1405,104,0.9104,standing,standing,1,GREEN
104_1406,104,0.9088,standing,standing,1,GREEN
104_1407,104,0.8807,standing,standing,1,GREEN
104_1408,104,0.9187,standing,standing,1,GREEN
104_1409,104,0.9222,standing,standing,1,GREEN
104_1410,104,0.9153,standing,standing,1,GREEN
104_1411,104,0.9074,standing,standing,1,GREEN
104_1412,104,0.9147,standing,standing,1,GREEN
104_1413,104,0.8941,standing,standing,1,GREEN
104_1414,104,0.8638,standing,standing,1,GREEN
104_1415,104,0.8181,standing,standing,1,GREEN
104_1416,104,0.8173,standing,standing,1,GREEN
104_1417,104,0.8033,standing,standing,1,GREEN
104_1418,104,0.797,standing,standing,1,GREEN
104_1419,104,0.7926,standing,standing,1,GREEN
104_1420,104,0.8217,standing,standing,1,GREEN
104_1421,104,0.8379,standing,standing,1,GREEN
104_1422,104,0.8575,standing,standing,1,GREEN
104_1423,104,0.859,standing,standing,1,GREEN
104_1424,104,0.8863,standing,standing,1,GREEN
104_1425,104,0.8833,standing,standing,1,GREEN
104_1426,104,0.8486,standing,standing,1,GREEN
104_1427,104,0.816,standing,standing,1,GREEN
104_1428,104,0.8755,standing,standing,1,GREEN
104_1429,104,0.8777,standing,standing,1,GREEN
104_1430,104,0.8476,standing,standing,1,GREEN
104_1431,104,0.8265,standing,standing,1,GREEN
104_1432,104,0.8523,standing,standing,1,GREEN
104_1433,104,0.8822,standing,standing,1,GREEN
104_1434,104,0.8509,standing,standing,1,GREEN
104_1435,104,0.8781,standing,standing,1,GREEN
104_1436,104,0.8682,standing,standing,1,GREEN
104_1437,104,0.8707,standing,standing,1,GREEN
104_1438,104,0.8781,standing,standing,1,GREEN
104_1439,104,0.8797,standing,standing,1,GREEN
104_1440,104,0.8808,standing,standing,1,GREEN
104_1441,104,0.8839,standing,standing,1,GREEN
104_1442,104,0.889,standing,standing,1,GREEN
104_1443,104,0.8264,standing,standing,1,GREEN
104_1444,104,0.8756,standing,standing,1,GREEN
104_1445,104,0.8848,standing,standing,1,GREEN
104_1446,104,0.8868,standing,standing,1,GREEN
104_1447,104,0.8571,standing,standing,1,GREEN
104_1448,104,0.857,standing,standing,1,GREEN
104_1449,104,0.7903,standing,standing,1,GREEN
104_1450,104,0.8203,standing,standing,1,GREEN
104_1451,104,0.8157,standing,standing,1,GREEN
104_1452,104,0.8468,standing,standing,1,GREEN
104_1453,104,0.8767,standing,standing,1,GREEN
104_1454,104,0.8452,standing,standing,1,GREEN
104_1455,104,0.8715,standing,standing,1,GREEN
104_1456,104,0.8809,standing,standing,1,GREEN
104_1457,104,0.8865,standing,standing,1,GREEN
104_1458,104,0.8523,standing,standing,1,GREEN
104_1459,104,0.8384,standing,ironing,0,GREEN
104_1460,104,0.8741,standing,ironing,0,GREEN
104_1461,104,0.8519,standing,ironing,0,GREEN
104_1462,104,0.804,standing,ironing,0,GREEN
104_1463,104,0.7858,standing,ironing,0,GREEN
104_1464,104,0.8449,standing,ironing,0,GREEN
104_1465,104,0.7729,standing,ironing,0,GREEN
104_1466,104,0.8764,standing,ironing,0,GREEN
104_1467,104,0.8141,standing,ironing,0,GREEN
104_1468,104,0.8533,standing,ironing,0,GREEN
104_1469,104,0.8704,standing,ironing,0,GREEN
104_1470,104,0.7948,standing,ironing,0,GREEN
104_1471,104,0.4168,standing,ironing,0,RED
104_1472,104,0.5386,vacuuming,ironing,0,YELLOW
104_1473,104,0.5566,vacuuming,ironing,0,YELLOW
104_1474,104,0.4454,vacuuming,ironing,0,RED
104_1475,104,0.7638,ironing,ironing,1,GREEN
104_1476,104,0.8685,ironing,ironing,1,GREEN
104_1477,104,0.8893,ironing,ironing,1,GREEN
104_1478,104,0.9216,ironing,ironing,1,GREEN
104_1479,104,0.9407,ironing,ironing,1,GREEN
104_1480,104,0.8308,ironing,ironing,1,GREEN
104_1481,104,0.7524,ironing,ironing,1,GREEN
104_1482,104,0.7022,ironing,ironing,1,YELLOW
104_1483,104,0.9268,ironing,ironing,1,GREEN
104_1484,104,0.9762,ironing,ironing,1,GREEN
104_1485,104,0.9079,ironing,ironing,1,GREEN
104_1486,104,0.9447,ironing,ironing,1,GREEN
104_1487,104,0.9349,ironing,ironing,1,GREEN
104_1488,104,0.9072,ironing,ironing,1,GREEN
104_1489,104,0.9293,ironing,ironing,1,GREEN
104_1490,104,0.8928,ironing,ironing,1,GREEN
104_1491,104,0.8416,ironing,ironing,1,GREEN
104_1492,104,0.908,ironing,ironing,1,GREEN
104_1493,104,0.9064,ironing,ironing,1,GREEN
104_1494,104,0.8828,ironing,ironing,1,GREEN
104_1495,104,0.8963,ironing,ironing,1,GREEN
104_1496,104,0.873,ironing,ironing,1,GREEN
104_1497,104,0.8177,ironing,ironing,1,GREEN
104_1498,104,0.7193,ironing,ironing,1,YELLOW
104_1499,104,0.7213,ironing,ironing,1,YELLOW
104_1500,104,0.8223,ironing,ironing,1,GREEN
104_1501,104,0.9924,ironing,ironing,1,GREEN
104_1502,104,0.9618,ironing,ironing,1,GREEN
104_1503,104,0.8971,ironing,ironing,1,GREEN
104_1504,104,0.928,ironing,ironing,1,GREEN
104_1505,104,0.9387,ironing,ironing,1,GREEN
104_1506,104,0.928,ironing,ironing,1,GREEN
104_1507,104,0.9252,ironing,ironing,1,GREEN
104_1508,104,0.9415,ironing,ironing,1,GREEN
104_1509,104,0.946,ironing,ironing,1,GREEN
104_1510,104,0.9057,ironing,ironing,1,GREEN
104_1511,104,0.8783,ironing,ironing,1,GREEN
104_1512,104,0.9468,ironing,ironing,1,GREEN
104_1513,104,0.9771,ironing,ironing,1,GREEN
104_1514,104,0.9489,ironing,ironing,1,GREEN
104_1515,104,0.9437,ironing,ironing,1,GREEN
104_1516,104,0.959,ironing,ironing,1,GREEN
104_1517,104,0.9748,ironing,ironing,1,GREEN
104_1518,104,0.9717,ironing,ironing,1,GREEN
104_1519,104,0.9864,ironing,ironing,1,GREEN
104_1520,104,0.9796,ironing,ironing,1,GREEN
104_1521,104,0.9422,ironing,ironing,1,GREEN
104_1522,104,0.8919,ironing,ironing,1,GREEN
104_1523,104,0.9152,ironing,ironing,1,GREEN
104_1524,104,0.9205,ironing,ironing,1,GREEN
104_1525,104,0.8841,ironing,ironing,1,GREEN
104_1526,104,0.9354,ironing,ironing,1,GREEN
104_1527,104,0.9525,ironing,ironing,1,GREEN
104_1528,104,0.9666,ironing,ironing,1,GREEN
104_1529,104,0.9704,ironing,ironing,1,GREEN
104_1530,104,0.9447,ironing,ironing,1,GREEN
104_1531,104,0.9579,ironing,ironing,1,GREEN
104_1532,104,0.9587,ironing,ironing,1,GREEN
104_1533,104,0.9539,ironing,ironing,1,GREEN
104_1534,104,0.9411,ironing,ironing,1,GREEN
104_1535,104,0.9016,ironing,ironing,1,GREEN
104_1536,104,0.8668,ironing,ironing,1,GREEN
104_1537,104,0.8913,ironing,ironing,1,GREEN
104_1538,104,0.8678,ironing,ironing,1,GREEN
104_1539,104,0.857,ironing,ironing,1,GREEN
104_1540,104,0.9423,ironing,ironing,1,GREEN
104_1541,104,0.9331,ironing,ironing,1,GREEN
104_1542,104,0.8666,ironing,ironing,1,GREEN
104_1543,104,0.8699,ironing,ironing,1,GREEN
104_1544,104,0.8809,ironing,ironing,1,GREEN
104_1545,104,0.9402,ironing,ironing,1,GREEN
104_1546,104,0.9743,ironing,ironing,1,GREEN
104_1547,104,0.9677,ironing,ironing,1,GREEN
104_1548,104,0.9597,ironing,ironing,1,GREEN
104_1549,104,0.9854,ironing,ironing,1,GREEN
104_1550,104,0.9371,ironing,ironing,1,GREEN
104_1551,104,0.9225,ironing,ironing,1,GREEN
104_1552,104,0.9467,ironing,ironing,1,GREEN
104_1553,104,0.9246,ironing,ironing,1,GREEN
104_1554,104,0.8424,ironing,ironing,1,GREEN
104_1555,104,0.8501,ironing,ironing,1,GREEN
104_1556,104,0.8338,ironing,ironing,1,GREEN
104_1557,104,0.8612,ironing,ironing,1,GREEN
104_1558,104,0.8376,ironing,ironing,1,GREEN
104_1559,104,0.783,ironing,ironing,1,GREEN
104_1560,104,0.7401,ironing,ironing,1,YELLOW
104_1561,104,0.7316,ironing,ironing,1,YELLOW
104_1562,104,0.8277,ironing,ironing,1,GREEN
104_1563,104,0.8233,ironing,ironing,1,GREEN
104_1564,104,0.8308,ironing,ironing,1,GREEN
104_1565,104,0.8732,ironing,ironing,1,GREEN
104_1566,104,0.8256,ironing,ironing,1,GREEN
104_1567,104,0.8637,ironing,ironing,1,GREEN
104_1568,104,0.8624,ironing,ironing,1,GREEN
104_1569,104,0.8779,ironing,ironing,1,GREEN
104_1570,104,0.9295,ironing,ironing,1,GREEN
104_1571,104,0.8929,ironing,ironing,1,GREEN
104_1572,104,0.8189,ironing,ironing,1,GREEN
104_1573,104,0.8385,ironing,ironing,1,GREEN
104_1574,104,0.8581,ironing,ironing,1,GREEN
104_1575,104,0.8747,ironing,ironing,1,GREEN
104_1576,104,0.8749,ironing,ironing,1,GREEN
104_1577,104,0.8536,ironing,ironing,1,GREEN
104_1578,104,0.7778,ironing,ironing,1,GREEN
104_1579,104,0.7274,ironing,ironing,1,YELLOW
104_1580,104,0.6641,ironing,ironing,1,YELLOW
104_1581,104,0.6466,ironing,ironing,1,YELLOW
104_1582,104,0.7895,ironing,ironing,1,GREEN
104_1583,104,0.9715,ironing,ironing,1,GREEN
104_1584,104,0.9643,ironing,ironing,1,GREEN
104_1585,104,0.9641,ironing,ironing,1,GREEN
104_1586,104,0.9792,ironing,ironing,1,GREEN
104_1587,104,0.9452,ironing,ironing,1,GREEN
104_1588,104,0.9415,ironing,ironing,1,GREEN
104_1589,104,0.9392,ironing,ironing,1,GREEN
104_1590,104,0.9459,ironing,ironing,1,GREEN
104_1591,104,0.9555,ironing,ironing,1,GREEN
104_1592,104,0.9656,ironing,ironing,1,GREEN
104_1593,104,0.9442,ironing,ironing,1,GREEN
104_1594,104,0.9582,ironing,ironing,1,GREEN
104_1595,104,0.9198,ironing,ironing,1,GREEN
104_1596,104,0.8562,ironing,ironing,1,GREEN
104_1597,104,0.907,ironing,ironing,1,GREEN
104_1598,104,0.9776,ironing,ironing,1,GREEN
104_1599,104,0.9738,ironing,ironing,1,GREEN
104_1600,104,0.9722,ironing,ironing,1,GREEN
104_1601,104,0.9655,ironing,ironing,1,GREEN
104_1602,104,0.9816,ironing,ironing,1,GREEN
104_1603,104,0.9776,ironing,ironing,1,GREEN
104_1604,104,0.9877,ironing,ironing,1,GREEN
104_1605,104,0.9831,ironing,ironing,1,GREEN
104_1606,104,0.9841,ironing,ironing,1,GREEN
104_1607,104,0.9928,ironing,ironing,1,GREEN
104_1608,104,0.987,ironing,ironing,1,GREEN
104_1609,104,0.9672,ironing,ironing,1,GREEN
104_1610,104,0.9617,ironing,ironing,1,GREEN
104_1611,104,0.9551,ironing,ironing,1,GREEN
104_1612,104,0.9982,ironing,ironing,1,GREEN
104_1613,104,0.9847,ironing,ironing,1,GREEN
104_1614,104,0.9147,ironing,ironing,1,GREEN
104_1615,104,0.9842,ironing,ironing,1,GREEN
104_1616,104,0.9415,ironing,ironing,1,GREEN
104_1617,104,0.7218,ironing,ironing,1,YELLOW
104_1618,104,0.6879,ironing,ironing,1,YELLOW
104_1619,104,0.8086,ironing,ironing,1,GREEN
104_1620,104,0.9341,ironing,ironing,1,GREEN
104_1621,104,0.9858,ironing,ironing,1,GREEN
104_1622,104,0.9979,ironing,ironing,1,GREEN
104_1623,104,0.9932,ironing,ironing,1,GREEN
104_1624,104,0.9986,ironing,ironing,1,GREEN
104_1625,104,0.9994,ironing,ironing,1,GREEN
104_1626,104,0.9368,ironing,ironing,1,GREEN
104_1627,104,0.7029,ironing,ironing,1,YELLOW
104_1628,104,0.5106,ironing,ironing,1,YELLOW
104_1629,104,0.4637,vacuuming,ironing,0,YELLOW
104_1630,104,0.5537,ironing,ironing,1,YELLOW
104_1631,104,0.5236,ironing,ironing,1,YELLOW
104_1632,104,0.5078,ironing,ironing,1,YELLOW
104_1633,104,0.666,ironing,ironing,1,YELLOW
104_1634,104,0.8445,ironing,ironing,1,GREEN
104_1635,104,0.9358,ironing,ironing,1,GREEN
104_1636,104,0.8904,ironing,ironing,1,GREEN
104_1637,104,0.9341,ironing,ironing,1,GREEN
104_1638,104,0.9225,ironing,ironing,1,GREEN
104_1639,104,0.9753,ironing,ironing,1,GREEN
104_1640,104,0.9492,ironing,ironing,1,GREEN
104_1641,104,0.9113,ironing,ironing,1,GREEN
104_1642,104,0.854,ironing,ironing,1,GREEN
104_1643,104,0.854,ironing,ironing,1,GREEN
104_1644,104,0.8728,ironing,ironing,1,GREEN
104_1645,104,0.9021,ironing,ironing,1,GREEN
104_1646,104,0.9369,ironing,ironing,1,GREEN
104_1647,104,0.8472,ironing,ironing,1,GREEN
104_1648,104,0.6865,ironing,ironing,1,YELLOW
104_1649,104,0.6582,ironing,ironing,1,YELLOW
104_1650,104,0.95,ironing,ironing,1,GREEN
104_1651,104,0.9254,ironing,ironing,1,GREEN
104_1652,104,0.9222,ironing,ironing,1,GREEN
104_1653,104,0.9312,ironing,ironing,1,GREEN
104_1654,104,0.8613,ironing,ironing,1,GREEN
104_1655,104,0.9529,ironing,ironing,1,GREEN
104_1656,104,0.9408,ironing,ironing,1,GREEN
104_1657,104,0.8942,ironing,ironing,1,GREEN
104_1658,104,0.7826,ironing,ironing,1,GREEN
104_1659,104,0.8249,ironing,ironing,1,GREEN
104_1660,104,0.9206,ironing,ironing,1,GREEN
104_1661,104,0.9322,ironing,ironing,1,GREEN
104_1662,104,0.908,ironing,ironing,1,GREEN
104_1663,104,0.8718,ironing,ironing,1,GREEN
104_1664,104,0.8986,ironing,ironing,1,GREEN
104_1665,104,0.8207,ironing,ironing,1,GREEN
104_1666,104,0.8369,ironing,ironing,1,GREEN
104_1667,104,0.8289,ironing,ironing,1,GREEN
104_1668,104,0.9079,ironing,ironing,1,GREEN
104_1669,104,0.9025,ironing,ironing,1,GREEN
104_1670,104,0.8693,ironing,ironing,1,GREEN
104_1671,104,0.9064,ironing,ironing,1,GREEN
104_1672,104,0.9281,ironing,ironing,1,GREEN
104_1673,104,0.8371,ironing,ironing,1,GREEN
104_1674,104,0.8668,ironing,ironing,1,GREEN
104_1675,104,0.8023,ironing,ironing,1,GREEN
104_1676,104,0.8463,ironing,ironing,1,GREEN
104_1677,104,0.8693,ironing,ironing,1,GREEN
104_1678,104,0.6292,ironing,ironing,1,YELLOW
104_1679,104,0.6621,ironing,ironing,1,YELLOW
104_1680,104,0.747,ironing,ironing,1,YELLOW
104_1681,104,0.8739,ironing,ironing,1,GREEN
104_1682,104,0.9977,ironing,ironing,1,GREEN
104_1683,104,0.9906,ironing,ironing,1,GREEN
104_1684,104,0.9956,ironing,ironing,1,GREEN
104_1685,104,0.9937,ironing,ironing,1,GREEN
104_1686,104,0.9939,ironing,ironing,1,GREEN
104_1687,104,0.9922,ironing,ironing,1,GREEN
104_1688,104,0.9937,ironing,ironing,1,GREEN
104_1689,104,0.9964,ironing,ironing,1,GREEN
104_1690,104,0.9984,ironing,ironing,1,GREEN
104_1691,104,0.997,ironing,ironing,1,GREEN
104_1692,104,0.9973,ironing,ironing,1,GREEN
104_1693,104,0.994,ironing,ironing,1,GREEN
104_1694,104,0.9874,ironing,ironing,1,GREEN
104_1695,104,0.9963,ironing,ironing,1,GREEN
104_1696,104,0.9864,ironing,ironing,1,GREEN
104_1697,104,0.9686,ironing,ironing,1,GREEN
104_1698,104,0.9166,ironing,ironing,1,GREEN
104_1699,104,0.9051,ironing,ironing,1,GREEN
104_1700,104,0.9095,ironing,ironing,1,GREEN
104_1701,104,0.8694,ironing,ironing,1,GREEN
104_1702,104,0.8766,ironing,ironing,1,GREEN
104_1703,104,0.9052,ironing,ironing,1,GREEN
104_1704,104,0.947,ironing,ironing,1,GREEN
104_1705,104,0.962,ironing,ironing,1,GREEN
104_1706,104,0.9521,ironing,ironing,1,GREEN
104_1707,104,0.9375,ironing,ironing,1,GREEN
104_1708,104,0.9511,ironing,ironing,1,GREEN
104_1709,104,0.937,ironing,ironing,1,GREEN
104_1710,104,0.9365,ironing,ironing,1,GREEN
104_1711,104,0.9136,ironing,ironing,1,GREEN
104_1712,104,0.933,ironing,ironing,1,GREEN
104_1713,104,0.9364,ironing,ironing,1,GREEN
104_1714,104,0.9339,ironing,ironing,1,GREEN
104_1715,104,0.9338,ironing,ironing,1,GREEN
104_1716,104,0.9151,ironing,ironing,1,GREEN
104_1717,104,0.9119,ironing,ironing,1,GREEN
104_1718,104,0.8804,ironing,ironing,1,GREEN
104_1719,104,0.7685,ironing,ironing,1,GREEN
104_1720,104,0.8985,ironing,ironing,1,GREEN
104_1721,104,0.9135,ironing,ironing,1,GREEN
104_1722,104,0.9208,ironing,ironing,1,GREEN
104_1723,104,0.872,ironing,ironing,1,GREEN
104_1724,104,0.7761,ironing,ironing,1,GREEN
104_1725,104,0.8674,ironing,ironing,1,GREEN
104_1726,104,0.9441,ironing,ironing,1,GREEN
104_1727,104,0.9784,ironing,ironing,1,GREEN
104_1728,104,0.9704,ironing,ironing,1,GREEN
104_1729,104,0.9614,ironing,ironing,1,GREEN
104_1730,104,0.8524,ironing,ironing,1,GREEN
104_1731,104,0.9111,ironing,ironing,1,GREEN
104_1732,104,0.872,ironing,ironing,1,GREEN
104_1733,104,0.8526,ironing,ironing,1,GREEN
104_1734,104,0.8218,ironing,ironing,1,GREEN
104_1735,104,0.8416,ironing,ironing,1,GREEN
104_1736,104,0.8709,ironing,ironing,1,GREEN
104_1737,104,0.8701,ironing,ironing,1,GREEN
104_1738,104,0.8664,ironing,ironing,1,GREEN
104_1739,104,0.8367,ironing,ironing,1,GREEN
104_1740,104,0.8901,ironing,ironing,1,GREEN
104_1741,104,0.9281,ironing,ironing,1,GREEN
104_1742,104,0.8858,ironing,ironing,1,GREEN
104_1743,104,0.8654,ironing,ironing,1,GREEN
104_1744,104,0.8454,ironing,ironing,1,GREEN
104_1745,104,0.8887,ironing,ironing,1,GREEN
104_1746,104,0.9037,ironing,ironing,1,GREEN
104_1747,104,0.8622,ironing,ironing,1,GREEN
104_1748,104,0.8745,ironing,ironing,1,GREEN
104_1749,104,0.8646,ironing,ironing,1,GREEN
104_1750,104,0.8407,ironing,ironing,1,GREEN
104_1751,104,0.8428,ironing,ironing,1,GREEN
104_1752,104,0.8159,ironing,ironing,1,GREEN
104_1753,104,0.8615,ironing,ironing,1,GREEN
104_1754,104,0.9183,ironing,ironing,1,GREEN
104_1755,104,0.9091,ironing,ironing,1,GREEN
104_1756,104,0.9016,ironing,ironing,1,GREEN
104_1757,104,0.7773,ironing,ironing,1,GREEN
104_1758,104,0.654,ironing,ironing,1,YELLOW
104_1759,104,0.8032,ironing,ironing,1,GREEN
104_1760,104,0.9864,ironing,ironing,1,GREEN
104_1761,104,0.9865,ironing,ironing,1,GREEN
104_1762,104,0.9639,ironing,ironing,1,GREEN
104_1763,104,0.9913,ironing,ironing,1,GREEN
104_1764,104,0.9185,ironing,ironing,1,GREEN
104_1765,104,0.9117,ironing,ironing,1,GREEN
104_1766,104,0.956,ironing,ironing,1,GREEN
104_1767,104,0.9788,ironing,ironing,1,GREEN
104_1768,104,0.9781,ironing,ironing,1,GREEN
104_1769,104,0.9658,ironing,ironing,1,GREEN
104_1770,104,0.959,ironing,ironing,1,GREEN
104_1771,104,0.9732,ironing,ironing,1,GREEN
104_1772,104,0.9708,ironing,ironing,1,GREEN
104_1773,104,0.9685,ironing,ironing,1,GREEN
104_1774,104,0.9708,ironing,ironing,1,GREEN
104_1775,104,0.9855,ironing,ironing,1,GREEN
104_1776,104,0.9763,ironing,ironing,1,GREEN
104_1777,104,0.9467,ironing,ironing,1,GREEN
104_1778,104,0.9629,ironing,ironing,1,GREEN
104_1779,104,0.8873,ironing,ironing,1,GREEN
104_1780,104,0.9261,ironing,ironing,1,GREEN
104_1781,104,0.9314,ironing,ironing,1,GREEN
104_1782,104,0.843,ironing,ironing,1,GREEN
104_1783,104,0.8277,ironing,ironing,1,GREEN
104_1784,104,0.8823,ironing,ironing,1,GREEN
104_1785,104,0.8512,ironing,ironing,1,GREEN
104_1786,104,0.8834,ironing,ironing,1,GREEN
104_1787,104,0.9618,ironing,ironing,1,GREEN
104_1788,104,0.9863,ironing,ironing,1,GREEN
104_1789,104,0.9832,ironing,ironing,1,GREEN
104_1790,104,0.9874,ironing,ironing,1,GREEN
104_1791,104,0.9924,ironing,ironing,1,GREEN
104_1792,104,0.9913,ironing,ironing,1,GREEN
104_1793,104,0.9487,ironing,ironing,1,GREEN
104_1794,104,0.895,ironing,ironing,1,GREEN
104_1795,104,0.8976,ironing,ironing,1,GREEN
104_1796,104,0.9207,ironing,ironing,1,GREEN
104_1797,104,0.9244,ironing,ironing,1,GREEN
104_1798,104,0.7537,ironing,ironing,1,GREEN
104_1799,104,0.8329,ironing,ironing,1,GREEN
104_1800,104,0.9282,ironing,ironing,1,GREEN
104_1801,104,0.8188,ironing,ironing,1,GREEN
104_1802,104,0.8457,ironing,ironing,1,GREEN
104_1803,104,0.8118,ironing,ironing,1,GREEN
104_1804,104,0.825,ironing,ironing,1,GREEN
104_1805,104,0.8654,ironing,ironing,1,GREEN
104_1806,104,0.8533,ironing,ironing,1,GREEN
104_1807,104,0.7897,ironing,ironing,1,GREEN
104_1808,104,0.6343,ironing,ironing,1,YELLOW
104_1809,104,0.5085,vacuuming,ironing,0,YELLOW
104_1810,104,0.7183,ironing,ironing,1,YELLOW
104_1811,104,0.8363,ironing,ironing,1,GREEN
104_1812,104,0.9166,ironing,ironing,1,GREEN
104_1813,104,0.9374,ironing,ironing,1,GREEN
104_1814,104,0.9237,ironing,ironing,1,GREEN
104_1815,104,0.9186,ironing,ironing,1,GREEN
104_1816,104,0.8959,ironing,ironing,1,GREEN
104_1817,104,0.855,ironing,ironing,1,GREEN
104_1818,104,0.8367,ironing,ironing,1,GREEN
104_1819,104,0.76,ironing,ironing,1,GREEN
104_1820,104,0.7563,ironing,ironing,1,GREEN
104_1821,104,0.8305,ironing,ironing,1,GREEN
104_1822,104,0.8614,ironing,ironing,1,GREEN
104_1823,104,0.8858,ironing,ironing,1,GREEN
104_1824,104,0.8932,ironing,ironing,1,GREEN
104_1825,104,0.8969,ironing,ironing,1,GREEN
104_1826,104,0.8909,ironing,ironing,1,GREEN
104_1827,104,0.793,ironing,ironing,1,GREEN
104_1828,104,0.7566,ironing,ironing,1,GREEN
104_1829,104,0.954,ironing,ironing,1,GREEN
104_1830,104,0.942,ironing,ironing,1,GREEN
104_1831,104,0.8644,ironing,ironing,1,GREEN
104_1832,104,0.7936,ironing,ironing,1,GREEN
104_1833,104,0.7876,ironing,ironing,1,GREEN
104_1834,104,0.9341,ironing,ironing,1,GREEN
104_1835,104,0.9345,ironing,ironing,1,GREEN
104_1836,104,0.9554,ironing,ironing,1,GREEN
104_1837,104,0.9591,ironing,ironing,1,GREEN
104_1838,104,0.9815,ironing,ironing,1,GREEN
104_1839,104,0.9819,ironing,ironing,1,GREEN
104_1840,104,0.9686,ironing,ironing,1,GREEN
104_1841,104,0.953,ironing,ironing,1,GREEN
104_1842,104,0.9459,ironing,ironing,1,GREEN
104_1843,104,0.9449,ironing,ironing,1,GREEN
104_1844,104,0.941,ironing,ironing,1,GREEN
104_1845,104,0.8915,ironing,ironing,1,GREEN
104_1846,104,0.8095,ironing,ironing,1,GREEN
104_1847,104,0.8281,ironing,ironing,1,GREEN
104_1848,104,0.8348,ironing,ironing,1,GREEN
104_1849,104,0.8978,ironing,ironing,1,GREEN
104_1850,104,0.9578,ironing,ironing,1,GREEN
104_1851,104,0.886,ironing,ironing,1,GREEN
104_1852,104,0.9006,ironing,ironing,1,GREEN
104_1853,104,0.8352,ironing,ironing,1,GREEN
104_1854,104,0.9286,ironing,ironing,1,GREEN
104_1855,104,0.9496,ironing,ironing,1,GREEN
104_1856,104,0.9268,ironing,ironing,1,GREEN
104_1857,104,0.9037,ironing,ironing,1,GREEN
104_1858,104,0.9165,ironing,ironing,1,GREEN
104_1859,104,0.9067,ironing,ironing,1,GREEN
104_1860,104,0.8926,ironing,ironing,1,GREEN
104_1861,104,0.9687,ironing,ironing,1,GREEN
104_1862,104,0.9737,ironing,ironing,1,GREEN
104_1863,104,0.9637,ironing,ironing,1,GREEN
104_1864,104,0.9816,ironing,ironing,1,GREEN
104_1865,104,0.9978,ironing,ironing,1,GREEN
104_1866,104,0.997,ironing,ironing,1,GREEN
104_1867,104,0.9416,ironing,ironing,1,GREEN
104_1868,104,0.9717,ironing,ironing,1,GREEN
104_1869,104,0.928,ironing,ironing,1,GREEN
104_1870,104,0.8976,ironing,ironing,1,GREEN
104_1871,104,0.8894,ironing,ironing,1,GREEN
104_1872,104,0.9145,ironing,ironing,1,GREEN
104_1873,104,0.8742,ironing,ironing,1,GREEN
104_1874,104,0.8591,ironing,ironing,1,GREEN
104_1875,104,0.8308,ironing,ironing,1,GREEN
104_1876,104,0.7936,ironing,ironing,1,GREEN
104_1877,104,0.8332,ironing,ironing,1,GREEN
104_1878,104,0.8371,ironing,ironing,1,GREEN
104_1879,104,0.78,ironing,ironing,1,GREEN
104_1880,104,0.8065,ironing,ironing,1,GREEN
104_1881,104,0.8475,ironing,ironing,1,GREEN
104_1882,104,0.8479,ironing,ironing,1,GREEN
104_1883,104,0.8538,ironing,ironing,1,GREEN
104_1884,104,0.8961,ironing,ironing,1,GREEN
104_1885,104,0.8461,ironing,ironing,1,GREEN
104_1886,104,0.834,ironing,ironing,1,GREEN
104_1887,104,0.751,ironing,ironing,1,GREEN
104_1888,104,0.5988,ironing,ironing,1,YELLOW
104_1889,104,0.6615,ironing,ironing,1,YELLOW
104_1890,104,0.8481,ironing,ironing,1,GREEN
104_1891,104,0.8725,ironing,ironing,1,GREEN
104_1892,104,0.7982,ironing,ironing,1,GREEN
104_1893,104,0.7492,ironing,ironing,1,YELLOW
104_1894,104,0.7964,ironing,ironing,1,GREEN
104_1895,104,0.9454,ironing,ironing,1,GREEN
104_1896,104,0.9679,ironing,ironing,1,GREEN
104_1897,104,0.9253,ironing,ironing,1,GREEN
104_1898,104,0.9383,ironing,ironing,1,GREEN
104_1899,104,0.9561,ironing,ironing,1,GREEN
104_1900,104,0.8945,ironing,ironing,1,GREEN
104_1901,104,0.862,ironing,ironing,1,GREEN
104_1902,104,0.8868,ironing,ironing,1,GREEN
104_1903,104,0.9277,ironing,ironing,1,GREEN
104_1904,104,0.907,ironing,ironing,1,GREEN
104_1905,104,0.9389,ironing,ironing,1,GREEN
104_1906,104,0.9361,ironing,ironing,1,GREEN
104_1907,104,0.9074,ironing,ironing,1,GREEN
104_1908,104,0.9086,ironing,ironing,1,GREEN
104_1909,104,0.9123,ironing,ironing,1,GREEN
104_1910,104,0.9485,ironing,ironing,1,GREEN
104_1911,104,0.9486,ironing,ironing,1,GREEN
104_1912,104,0.9636,ironing,ironing,1,GREEN
104_1913,104,0.9642,ironing,ironing,1,GREEN
104_1914,104,0.9493,ironing,ironing,1,GREEN
104_1915,104,0.9689,ironing,ironing,1,GREEN
104_1916,104,0.9829,ironing,ironing,1,GREEN
104_1917,104,0.9606,ironing,ironing,1,GREEN
104_1918,104,0.9692,ironing,ironing,1,GREEN
104_1919,104,0.9329,ironing,ironing,1,GREEN
104_1920,104,0.965,ironing,ironing,1,GREEN
104_1921,104,0.919,ironing,ironing,1,GREEN
104_1922,104,0.8865,ironing,ironing,1,GREEN
104_1923,104,0.8879,ironing,ironing,1,GREEN
104_1924,104,0.8766,ironing,ironing,1,GREEN
104_1925,104,0.8706,ironing,ironing,1,GREEN
104_1926,104,0.9022,ironing,ironing,1,GREEN
104_1927,104,0.8754,ironing,ironing,1,GREEN
104_1928,104,0.7944,ironing,ironing,1,GREEN
104_1929,104,0.7955,ironing,ironing,1,GREEN
104_1930,104,0.9318,ironing,ironing,1,GREEN
104_1931,104,0.9977,ironing,ironing,1,GREEN
104_1932,104,0.9908,ironing,ironing,1,GREEN
104_1933,104,0.9761,ironing,ironing,1,GREEN
104_1934,104,0.9831,ironing,ironing,1,GREEN
104_1935,104,0.9859,ironing,ironing,1,GREEN
104_1936,104,0.9676,ironing,ironing,1,GREEN
104_1937,104,0.9757,ironing,ironing,1,GREEN
104_1938,104,0.99,ironing,ironing,1,GREEN
104_1939,104,0.9835,ironing,ironing,1,GREEN
104_1940,104,0.9853,ironing,ironing,1,GREEN
104_1941,104,0.9095,ironing,ironing,1,GREEN
104_1942,104,0.9492,ironing,ironing,1,GREEN
104_1943,104,0.9478,ironing,ironing,1,GREEN
104_1944,104,0.9876,ironing,ironing,1,GREEN
104_1945,104,0.9841,ironing,ironing,1,GREEN
104_1946,104,0.9509,ironing,ironing,1,GREEN
104_1947,104,0.9623,ironing,ironing,1,GREEN
104_1948,104,0.9379,ironing,ironing,1,GREEN
104_1949,104,0.7792,ironing,ironing,1,GREEN
104_1950,104,0.4628,ironing,ironing,1,YELLOW
104_1951,104,0.5623,ironing,ironing,1,YELLOW
104_1952,104,0.665,ironing,ironing,1,YELLOW
104_1953,104,0.5284,standing,ironing,0,YELLOW
104_1954,104,0.6287,standing,ironing,0,YELLOW
104_1955,104,0.7267,standing,ironing,0,YELLOW
104_1956,104,0.772,standing,ironing,0,GREEN
104_1957,104,0.5069,sitting,vacuuming,0,YELLOW
104_1958,104,0.4671,standing,vacuuming,0,YELLOW
104_1959,104,0.4991,sitting,vacuuming,0,YELLOW
104_1960,104,0.487,standing,vacuuming,0,YELLOW
104_1961,104,0.4459,sitting,vacuuming,0,RED
104_1962,104,0.516,standing,vacuuming,0,YELLOW
104_1963,104,0.4542,sitting,vacuuming,0,YELLOW
104_1964,104,0.4966,standing,vacuuming,0,YELLOW
104_1965,104,0.6726,standing,vacuuming,0,YELLOW
104_1966,104,0.6158,ironing,vacuuming,0,YELLOW
104_1967,104,0.8647,ironing,vacuuming,0,GREEN
104_1968,104,0.8929,ironing,vacuuming,0,GREEN
104_1969,104,0.5609,ironing,vacuuming,0,YELLOW
104_1970,104,0.4799,vacuuming,vacuuming,1,YELLOW
104_1971,104,0.4153,ironing,vacuuming,0,RED
104_1972,104,0.6697,vacuuming,vacuuming,1,YELLOW
104_1973,104,0.724,vacuuming,vacuuming,1,YELLOW
104_1974,104,0.9376,vacuuming,vacuuming,1,GREEN
104_1975,104,0.9717,vacuuming,vacuuming,1,GREEN
104_1976,104,0.983,vacuuming,vacuuming,1,GREEN
104_1977,104,0.9929,vacuuming,vacuuming,1,GREEN
104_1978,104,0.9959,vacuuming,vacuuming,1,GREEN
104_1979,104,0.9956,vacuuming,vacuuming,1,GREEN
104_1980,104,0.9346,vacuuming,vacuuming,1,GREEN
104_1981,104,0.9269,vacuuming,vacuuming,1,GREEN
104_1982,104,0.9809,vacuuming,vacuuming,1,GREEN
104_1983,104,0.9823,vacuuming,vacuuming,1,GREEN
104_1984,104,0.9828,vacuuming,vacuuming,1,GREEN
104_1985,104,0.996,vacuuming,vacuuming,1,GREEN
104_1986,104,0.9399,vacuuming,vacuuming,1,GREEN
104_1987,104,0.8689,vacuuming,vacuuming,1,GREEN
104_1988,104,0.9206,vacuuming,vacuuming,1,GREEN
104_1989,104,0.8898,vacuuming,vacuuming,1,GREEN
104_1990,104,0.5971,vacuuming,vacuuming,1,YELLOW
104_1991,104,0.7821,vacuuming,vacuuming,1,GREEN
104_1992,104,0.741,vacuuming,vacuuming,1,YELLOW
104_1993,104,0.8259,vacuuming,vacuuming,1,GREEN
104_1994,104,0.936,vacuuming,vacuuming,1,GREEN
104_1995,104,0.9166,vacuuming,vacuuming,1,GREEN
104_1996,104,0.9679,vacuuming,vacuuming,1,GREEN
104_1997,104,0.9549,vacuuming,vacuuming,1,GREEN
104_1998,104,0.9109,vacuuming,vacuuming,1,GREEN
104_1999,104,0.9278,vacuuming,vacuuming,1,GREEN
104_2000,104,0.8756,vacuuming,vacuuming,1,GREEN
104_2001,104,0.9502,vacuuming,vacuuming,1,GREEN
104_2002,104,0.9874,vacuuming,vacuuming,1,GREEN
104_2003,104,0.992,vacuuming,vacuuming,1,GREEN
104_2004,104,0.9905,vacuuming,vacuuming,1,GREEN
104_2005,104,0.9657,vacuuming,vacuuming,1,GREEN
104_2006,104,0.9724,vacuuming,vacuuming,1,GREEN
104_2007,104,0.9765,vacuuming,vacuuming,1,GREEN
104_2008,104,0.9302,vacuuming,vacuuming,1,GREEN
104_2009,104,0.9318,vacuuming,vacuuming,1,GREEN
104_2010,104,0.8475,vacuuming,vacuuming,1,GREEN
104_2011,104,0.8865,vacuuming,vacuuming,1,GREEN
104_2012,104,0.9903,vacuuming,vacuuming,1,GREEN
104_2013,104,0.9422,vacuuming,vacuuming,1,GREEN
104_2014,104,0.9501,vacuuming,vacuuming,1,GREEN
104_2015,104,0.9886,vacuuming,vacuuming,1,GREEN
104_2016,104,0.9901,vacuuming,vacuuming,1,GREEN
104_2017,104,0.987,vacuuming,vacuuming,1,GREEN
104_2018,104,0.9895,vacuuming,vacuuming,1,GREEN
104_2019,104,0.9865,vacuuming,vacuuming,1,GREEN
104_2020,104,0.9857,vacuuming,vacuuming,1,GREEN
104_2021,104,0.9928,vacuuming,vacuuming,1,GREEN
104_2022,104,0.9921,vacuuming,vacuuming,1,GREEN
104_2023,104,0.9716,vacuuming,vacuuming,1,GREEN
104_2024,104,0.9369,vacuuming,vacuuming,1,GREEN
104_2025,104,0.9703,vacuuming,vacuuming,1,GREEN
104_2026,104,0.9437,vacuuming,vacuuming,1,GREEN
104_2027,104,0.961,vacuuming,vacuuming,1,GREEN
104_2028,104,0.9451,vacuuming,vacuuming,1,GREEN
104_2029,104,0.9373,vacuuming,vacuuming,1,GREEN
104_2030,104,0.941,vacuuming,vacuuming,1,GREEN
104_2031,104,0.9526,vacuuming,vacuuming,1,GREEN
104_2032,104,0.9262,vacuuming,vacuuming,1,GREEN
104_2033,104,0.9597,vacuuming,vacuuming,1,GREEN
104_2034,104,0.9968,vacuuming,vacuuming,1,GREEN
104_2035,104,0.9641,vacuuming,vacuuming,1,GREEN
104_2036,104,0.9174,vacuuming,vacuuming,1,GREEN
104_2037,104,0.8422,vacuuming,vacuuming,1,GREEN
104_2038,104,0.7508,vacuuming,vacuuming,1,GREEN
104_2039,104,0.7498,vacuuming,vacuuming,1,YELLOW
104_2040,104,0.6741,vacuuming,vacuuming,1,YELLOW
104_2041,104,0.9173,vacuuming,vacuuming,1,GREEN
104_2042,104,0.991,vacuuming,vacuuming,1,GREEN
104_2043,104,0.9958,vacuuming,vacuuming,1,GREEN
104_2044,104,0.9923,vacuuming,vacuuming,1,GREEN
104_2045,104,0.9879,vacuuming,vacuuming,1,GREEN
104_2046,104,0.9967,vacuuming,vacuuming,1,GREEN
104_2047,104,0.9948,vacuuming,vacuuming,1,GREEN
104_2048,104,0.9922,vacuuming,vacuuming,1,GREEN
104_2049,104,0.9755,vacuuming,vacuuming,1,GREEN
104_2050,104,0.9775,vacuuming,vacuuming,1,GREEN
104_2051,104,0.9365,vacuuming,vacuuming,1,GREEN
104_2052,104,0.9103,vacuuming,vacuuming,1,GREEN
104_2053,104,0.9181,vacuuming,vacuuming,1,GREEN
104_2054,104,0.9943,vacuuming,vacuuming,1,GREEN
104_2055,104,0.9868,vacuuming,vacuuming,1,GREEN
104_2056,104,0.9945,vacuuming,vacuuming,1,GREEN
104_2057,104,0.9906,vacuuming,vacuuming,1,GREEN
104_2058,104,0.9948,vacuuming,vacuuming,1,GREEN
104_2059,104,0.9978,vacuuming,vacuuming,1,GREEN
104_2060,104,0.9953,vacuuming,vacuuming,1,GREEN
104_2061,104,0.9983,vacuuming,vacuuming,1,GREEN
104_2062,104,0.9954,vacuuming,vacuuming,1,GREEN
104_2063,104,0.9868,vacuuming,vacuuming,1,GREEN
104_2064,104,0.9885,vacuuming,vacuuming,1,GREEN
104_2065,104,0.9946,vacuuming,vacuuming,1,GREEN
104_2066,104,0.9873,vacuuming,vacuuming,1,GREEN
104_2067,104,0.9739,vacuuming,vacuuming,1,GREEN
104_2068,104,0.9616,vacuuming,vacuuming,1,GREEN
104_2069,104,0.8535,vacuuming,vacuuming,1,GREEN
104_2070,104,0.987,vacuuming,vacuuming,1,GREEN
104_2071,104,0.9811,vacuuming,vacuuming,1,GREEN
104_2072,104,0.9997,vacuuming,vacuuming,1,GREEN
104_2073,104,0.9983,vacuuming,vacuuming,1,GREEN
104_2074,104,0.999,vacuuming,vacuuming,1,GREEN
104_2075,104,0.9724,vacuuming,vacuuming,1,GREEN
104_2076,104,0.9673,vacuuming,vacuuming,1,GREEN
104_2077,104,0.9978,vacuuming,vacuuming,1,GREEN
104_2078,104,0.9968,vacuuming,vacuuming,1,GREEN
104_2079,104,0.9958,vacuuming,vacuuming,1,GREEN
104_2080,104,0.999,vacuuming,vacuuming,1,GREEN
104_2081,104,0.9997,vacuuming,vacuuming,1,GREEN
104_2082,104,0.9957,vacuuming,vacuuming,1,GREEN
104_2083,104,0.9842,vacuuming,vacuuming,1,GREEN
104_2084,104,0.9939,vacuuming,vacuuming,1,GREEN
104_2085,104,0.9953,vacuuming,vacuuming,1,GREEN
104_2086,104,0.9877,vacuuming,vacuuming,1,GREEN
104_2087,104,0.9918,vacuuming,vacuuming,1,GREEN
104_2088,104,0.9907,vacuuming,vacuuming,1,GREEN
104_2089,104,0.9846,vacuuming,vacuuming,1,GREEN
104_2090,104,0.9869,vacuuming,vacuuming,1,GREEN
104_2091,104,0.9709,vacuuming,vacuuming,1,GREEN
104_2092,104,0.9577,vacuuming,vacuuming,1,GREEN
104_2093,104,0.9701,vacuuming,vacuuming,1,GREEN
104_2094,104,0.9703,vacuuming,vacuuming,1,GREEN
104_2095,104,0.9907,vacuuming,vacuuming,1,GREEN
104_2096,104,0.9957,vacuuming,vacuuming,1,GREEN
104_2097,104,0.9327,vacuuming,vacuuming,1,GREEN
104_2098,104,0.8817,vacuuming,vacuuming,1,GREEN
104_2099,104,0.8811,vacuuming,vacuuming,1,GREEN
104_2100,104,0.9666,vacuuming,vacuuming,1,GREEN
104_2101,104,0.9864,vacuuming,vacuuming,1,GREEN
104_2102,104,0.999,vacuuming,vacuuming,1,GREEN
104_2103,104,0.986,vacuuming,vacuuming,1,GREEN
104_2104,104,0.9545,vacuuming,vacuuming,1,GREEN
104_2105,104,0.9966,vacuuming,vacuuming,1,GREEN
104_2106,104,0.911,vacuuming,vacuuming,1,GREEN
104_2107,104,0.9229,vacuuming,vacuuming,1,GREEN
104_2108,104,0.8594,vacuuming,vacuuming,1,GREEN
104_2109,104,0.8737,vacuuming,vacuuming,1,GREEN
104_2110,104,0.981,vacuuming,vacuuming,1,GREEN
104_2111,104,0.9979,vacuuming,vacuuming,1,GREEN
104_2112,104,0.9881,vacuuming,vacuuming,1,GREEN
104_2113,104,0.9177,vacuuming,vacuuming,1,GREEN
104_2114,104,0.9768,vacuuming,vacuuming,1,GREEN
104_2115,104,0.9842,vacuuming,vacuuming,1,GREEN
104_2116,104,0.9442,vacuuming,vacuuming,1,GREEN
104_2117,104,0.8947,vacuuming,vacuuming,1,GREEN
104_2118,104,0.9667,vacuuming,vacuuming,1,GREEN
104_2119,104,0.9758,vacuuming,vacuuming,1,GREEN
104_2120,104,0.8187,vacuuming,vacuuming,1,GREEN
104_2121,104,0.6185,vacuuming,vacuuming,1,YELLOW
104_2122,104,0.5434,vacuuming,vacuuming,1,YELLOW
104_2123,104,0.5001,vacuuming,vacuuming,1,YELLOW
104_2124,104,0.6515,vacuuming,vacuuming,1,YELLOW
104_2125,104,0.7073,vacuuming,vacuuming,1,YELLOW
104_2126,104,0.4575,vacuuming,vacuuming,1,YELLOW
104_2127,104,0.3518,sitting,vacuuming,0,RED
104_2128,104,0.4131,sitting,vacuuming,0,RED
104_2129,104,0.559,vacuuming,vacuuming,1,YELLOW
104_2130,104,0.775,vacuuming,vacuuming,1,GREEN
104_2131,104,0.6326,vacuuming,vacuuming,1,YELLOW
104_2132,104,0.3544,vacuuming,vacuuming,1,RED
104_2133,104,0.3626,sitting,vacuuming,0,RED
104_2134,104,0.3977,vacuuming,vacuuming,1,RED
104_2135,104,0.7485,vacuuming,vacuuming,1,YELLOW
104_2136,104,0.7682,vacuuming,vacuuming,1,GREEN
104_2137,104,0.6492,vacuuming,vacuuming,1,YELLOW
104_2138,104,0.8817,vacuuming,vacuuming,1,GREEN
104_2139,104,0.9621,vacuuming,vacuuming,1,GREEN
104_2140,104,0.9828,vacuuming,vacuuming,1,GREEN
104_2141,104,0.9883,vacuuming,vacuuming,1,GREEN
104_2142,104,0.945,vacuuming,vacuuming,1,GREEN
104_2143,104,0.5782,vacuuming,vacuuming,1,YELLOW
104_2144,104,0.476,vacuuming,vacuuming,1,YELLOW
104_2145,104,0.6408,vacuuming,vacuuming,1,YELLOW
104_2146,104,0.895,vacuuming,vacuuming,1,GREEN
104_2147,104,0.9103,vacuuming,vacuuming,1,GREEN
104_2148,104,0.8605,vacuuming,vacuuming,1,GREEN
104_2149,104,0.9428,vacuuming,vacuuming,1,GREEN
104_2150,104,0.9621,vacuuming,vacuuming,1,GREEN
104_2151,104,0.8625,vacuuming,vacuuming,1,GREEN
104_2152,104,0.9491,vacuuming,vacuuming,1,GREEN
104_2153,104,0.9572,vacuuming,vacuuming,1,GREEN
104_2154,104,0.9304,vacuuming,vacuuming,1,GREEN
104_2155,104,0.8835,vacuuming,vacuuming,1,GREEN
104_2156,104,0.9371,vacuuming,vacuuming,1,GREEN
104_2157,104,0.9457,vacuuming,vacuuming,1,GREEN
104_2158,104,0.6931,vacuuming,vacuuming,1,YELLOW
104_2159,104,0.6584,vacuuming,vacuuming,1,YELLOW
104_2160,104,0.8711,vacuuming,vacuuming,1,GREEN
104_2161,104,0.865,vacuuming,vacuuming,1,GREEN
104_2162,104,0.9569,vacuuming,vacuuming,1,GREEN
104_2163,104,0.9576,vacuuming,vacuuming,1,GREEN
104_2164,104,0.9551,vacuuming,vacuuming,1,GREEN
104_2165,104,0.7262,vacuuming,vacuuming,1,YELLOW
104_2166,104,0.6892,vacuuming,vacuuming,1,YELLOW
104_2167,104,0.728,vacuuming,vacuuming,1,YELLOW
104_2168,104,0.8093,vacuuming,vacuuming,1,GREEN
104_2169,104,0.7775,vacuuming,vacuuming,1,GREEN
104_2170,104,0.7005,vacuuming,vacuuming,1,YELLOW
104_2171,104,0.648,vacuuming,vacuuming,1,YELLOW
104_2172,104,0.6301,vacuuming,vacuuming,1,YELLOW
104_2173,104,0.6666,vacuuming,vacuuming,1,YELLOW
104_2174,104,0.5652,vacuuming,vacuuming,1,YELLOW
104_2175,104,0.7045,vacuuming,vacuuming,1,YELLOW
104_2176,104,0.4917,vacuuming,vacuuming,1,YELLOW
104_2177,104,0.887,vacuuming,vacuuming,1,GREEN
104_2178,104,0.7949,vacuuming,vacuuming,1,GREEN
104_2179,104,0.8025,vacuuming,vacuuming,1,GREEN
104_2180,104,0.8509,vacuuming,vacuuming,1,GREEN
104_2181,104,0.9656,vacuuming,vacuuming,1,GREEN
104_2182,104,0.8251,vacuuming,vacuuming,1,GREEN
104_2183,104,0.927,vacuuming,vacuuming,1,GREEN
104_2184,104,0.8988,vacuuming,vacuuming,1,GREEN
104_2185,104,0.9297,vacuuming,vacuuming,1,GREEN
104_2186,104,0.9,vacuuming,vacuuming,1,GREEN
104_2187,104,0.9693,vacuuming,vacuuming,1,GREEN
104_2188,104,0.9848,vacuuming,vacuuming,1,GREEN
104_2189,104,0.9894,vacuuming,vacuuming,1,GREEN
104_2190,104,0.999,vacuuming,vacuuming,1,GREEN
104_2191,104,0.9958,vacuuming,vacuuming,1,GREEN
104_2192,104,0.9965,vacuuming,vacuuming,1,GREEN
104_2193,104,0.9917,vacuuming,vacuuming,1,GREEN
104_2194,104,0.9929,vacuuming,vacuuming,1,GREEN
104_2195,104,0.9934,vacuuming,vacuuming,1,GREEN
104_2196,104,0.9965,vacuuming,vacuuming,1,GREEN
104_2197,104,0.9982,vacuuming,vacuuming,1,GREEN
104_2198,104,0.9921,vacuuming,vacuuming,1,GREEN
104_2199,104,0.9939,vacuuming,vacuuming,1,GREEN
104_2200,104,0.9917,vacuuming,vacuuming,1,GREEN
104_2201,104,0.9874,vacuuming,vacuuming,1,GREEN
104_2202,104,0.9893,vacuuming,vacuuming,1,GREEN
104_2203,104,0.9905,vacuuming,vacuuming,1,GREEN
104_2204,104,0.9926,vacuuming,vacuuming,1,GREEN
104_2205,104,0.997,vacuuming,vacuuming,1,GREEN
104_2206,104,0.9988,vacuuming,vacuuming,1,GREEN
104_2207,104,0.989,vacuuming,vacuuming,1,GREEN
104_2208,104,0.9916,vacuuming,vacuuming,1,GREEN
104_2209,104,0.9921,vacuuming,vacuuming,1,GREEN
104_2210,104,0.9751,vacuuming,vacuuming,1,GREEN
104_2211,104,0.9871,vacuuming,vacuuming,1,GREEN
104_2212,104,0.9597,vacuuming,vacuuming,1,GREEN
104_2213,104,0.9455,vacuuming,vacuuming,1,GREEN
104_2214,104,0.9863,vacuuming,vacuuming,1,GREEN
104_2215,104,0.9869,vacuuming,vacuuming,1,GREEN
104_2216,104,0.9913,vacuuming,vacuuming,1,GREEN
104_2217,104,0.9899,vacuuming,vacuuming,1,GREEN
104_2218,104,0.9802,vacuuming,vacuuming,1,GREEN
104_2219,104,0.9336,vacuuming,vacuuming,1,GREEN
104_2220,104,0.9906,vacuuming,vacuuming,1,GREEN
104_2221,104,0.948,vacuuming,vacuuming,1,GREEN
104_2222,104,0.9916,vacuuming,vacuuming,1,GREEN
104_2223,104,0.983,vacuuming,vacuuming,1,GREEN
104_2224,104,0.9901,vacuuming,vacuuming,1,GREEN
104_2225,104,0.9538,vacuuming,vacuuming,1,GREEN
104_2226,104,0.9508,vacuuming,vacuuming,1,GREEN
104_2227,104,0.9884,vacuuming,vacuuming,1,GREEN
104_2228,104,0.9806,vacuuming,vacuuming,1,GREEN
104_2229,104,0.9619,vacuuming,vacuuming,1,GREEN
104_2230,104,0.9053,vacuuming,vacuuming,1,GREEN
104_2231,104,0.9163,vacuuming,vacuuming,1,GREEN
104_2232,104,0.9715,vacuuming,vacuuming,1,GREEN
104_2233,104,0.8634,vacuuming,vacuuming,1,GREEN
104_2234,104,0.8338,vacuuming,vacuuming,1,GREEN
104_2235,104,0.9718,vacuuming,vacuuming,1,GREEN
104_2236,104,0.9763,vacuuming,vacuuming,1,GREEN
104_2237,104,0.9384,vacuuming,vacuuming,1,GREEN
104_2238,104,0.9318,vacuuming,vacuuming,1,GREEN
104_2239,104,0.8032,vacuuming,vacuuming,1,GREEN
104_2240,104,0.8282,vacuuming,vacuuming,1,GREEN
104_2241,104,0.8461,vacuuming,vacuuming,1,GREEN
104_2242,104,0.7541,vacuuming,vacuuming,1,GREEN
104_2243,104,0.5008,vacuuming,vacuuming,1,YELLOW
104_2244,104,0.818,vacuuming,vacuuming,1,GREEN
104_2245,104,0.9042,vacuuming,vacuuming,1,GREEN
104_2246,104,0.8587,vacuuming,vacuuming,1,GREEN
104_2247,104,0.8906,vacuuming,vacuuming,1,GREEN
104_2248,104,0.8785,vacuuming,vacuuming,1,GREEN
104_2249,104,0.8142,vacuuming,vacuuming,1,GREEN
104_2250,104,0.9861,vacuuming,vacuuming,1,GREEN
104_2251,104,0.9788,vacuuming,vacuuming,1,GREEN
104_2252,104,0.9636,vacuuming,vacuuming,1,GREEN
104_2253,104,0.9619,vacuuming,vacuuming,1,GREEN
104_2254,104,0.9639,vacuuming,vacuuming,1,GREEN
104_2255,104,0.9989,vacuuming,vacuuming,1,GREEN
104_2256,104,0.9771,vacuuming,vacuuming,1,GREEN
104_2257,104,0.9893,vacuuming,vacuuming,1,GREEN
104_2258,104,0.9768,vacuuming,vacuuming,1,GREEN
104_2259,104,0.9911,vacuuming,vacuuming,1,GREEN
104_2260,104,0.9089,vacuuming,vacuuming,1,GREEN
104_2261,104,0.923,vacuuming,vacuuming,1,GREEN
104_2262,104,0.9763,vacuuming,vacuuming,1,GREEN
104_2263,104,0.9357,vacuuming,vacuuming,1,GREEN
104_2264,104,0.9158,vacuuming,vacuuming,1,GREEN
104_2265,104,0.7738,vacuuming,vacuuming,1,GREEN
104_2266,104,0.9047,vacuuming,vacuuming,1,GREEN
104_2267,104,0.9135,vacuuming,vacuuming,1,GREEN
104_2268,104,0.9136,vacuuming,vacuuming,1,GREEN
104_2269,104,0.911,vacuuming,vacuuming,1,GREEN
104_2270,104,0.8591,vacuuming,vacuuming,1,GREEN
104_2271,104,0.9531,vacuuming,vacuuming,1,GREEN
104_2272,104,0.9218,vacuuming,vacuuming,1,GREEN
104_2273,104,0.6819,vacuuming,vacuuming,1,YELLOW
104_2274,104,0.8544,vacuuming,vacuuming,1,GREEN
104_2275,104,0.9612,vacuuming,vacuuming,1,GREEN
104_2276,104,0.9915,vacuuming,vacuuming,1,GREEN
104_2277,104,0.9903,vacuuming,vacuuming,1,GREEN
104_2278,104,0.9914,vacuuming,vacuuming,1,GREEN
104_2279,104,0.901,vacuuming,vacuuming,1,GREEN
104_2280,104,0.9806,vacuuming,vacuuming,1,GREEN
104_2281,104,0.9791,vacuuming,vacuuming,1,GREEN
104_2282,104,0.9887,vacuuming,vacuuming,1,GREEN
104_2283,104,0.9809,vacuuming,vacuuming,1,GREEN
104_2284,104,0.9575,vacuuming,vacuuming,1,GREEN
104_2285,104,0.9906,vacuuming,vacuuming,1,GREEN
104_2286,104,0.9979,vacuuming,vacuuming,1,GREEN
104_2287,104,0.9936,vacuuming,vacuuming,1,GREEN
104_2288,104,0.9926,vacuuming,vacuuming,1,GREEN
104_2289,104,0.9461,vacuuming,vacuuming,1,GREEN
104_2290,104,0.9922,vacuuming,vacuuming,1,GREEN
104_2291,104,0.9935,vacuuming,vacuuming,1,GREEN
104_2292,104,0.9757,vacuuming,vacuuming,1,GREEN
104_2293,104,0.9907,vacuuming,vacuuming,1,GREEN
104_2294,104,0.9921,vacuuming,vacuuming,1,GREEN
104_2295,104,0.9914,vacuuming,vacuuming,1,GREEN
104_2296,104,0.9922,vacuuming,vacuuming,1,GREEN
104_2297,104,0.9923,vacuuming,vacuuming,1,GREEN
104_2298,104,0.9804,vacuuming,vacuuming,1,GREEN
104_2299,104,0.9934,vacuuming,vacuuming,1,GREEN
104_2300,104,0.999,vacuuming,vacuuming,1,GREEN
104_2301,104,0.996,vacuuming,vacuuming,1,GREEN
104_2302,104,0.9904,vacuuming,vacuuming,1,GREEN
104_2303,104,0.993,vacuuming,vacuuming,1,GREEN
104_2304,104,0.9929,vacuuming,vacuuming,1,GREEN
104_2305,104,0.9411,vacuuming,vacuuming,1,GREEN
104_2306,104,0.9341,vacuuming,vacuuming,1,GREEN
104_2307,104,0.928,vacuuming,vacuuming,1,GREEN
104_2308,104,0.9885,vacuuming,vacuuming,1,GREEN
104_2309,104,0.9145,vacuuming,vacuuming,1,GREEN
104_2310,104,0.7631,vacuuming,vacuuming,1,GREEN
104_2311,104,0.5633,vacuuming,vacuuming,1,YELLOW
104_2312,104,0.665,vacuuming,vacuuming,1,YELLOW
104_2313,104,0.772,vacuuming,vacuuming,1,GREEN
104_2314,104,0.8525,vacuuming,vacuuming,1,GREEN
104_2315,104,0.9184,vacuuming,vacuuming,1,GREEN
104_2316,104,0.9597,vacuuming,vacuuming,1,GREEN
104_2317,104,0.852,vacuuming,vacuuming,1,GREEN
104_2318,104,0.6992,vacuuming,vacuuming,1,YELLOW
104_2319,104,0.8746,vacuuming,vacuuming,1,GREEN
104_2320,104,0.8465,vacuuming,vacuuming,1,GREEN
104_2321,104,0.8884,vacuuming,vacuuming,1,GREEN
104_2322,104,0.9641,vacuuming,vacuuming,1,GREEN
104_2323,104,0.9436,vacuuming,vacuuming,1,GREEN
104_2324,104,0.9939,vacuuming,vacuuming,1,GREEN
104_2325,104,0.938,vacuuming,vacuuming,1,GREEN
104_2326,104,0.9266,vacuuming,vacuuming,1,GREEN
104_2327,104,0.9452,vacuuming,vacuuming,1,GREEN
104_2328,104,0.9731,vacuuming,vacuuming,1,GREEN
104_2329,104,0.9797,vacuuming,vacuuming,1,GREEN
104_2330,104,0.978,vacuuming,vacuuming,1,GREEN
104_2331,104,0.9598,vacuuming,vacuuming,1,GREEN
104_2332,104,0.9501,vacuuming,vacuuming,1,GREEN
104_2333,104,0.9702,vacuuming,vacuuming,1,GREEN
104_2334,104,0.9451,vacuuming,vacuuming,1,GREEN
104_2335,104,0.9807,vacuuming,vacuuming,1,GREEN
104_2336,104,0.9453,vacuuming,vacuuming,1,GREEN
104_2337,104,0.8756,vacuuming,vacuuming,1,GREEN
104_2338,104,0.829,vacuuming,vacuuming,1,GREEN
104_2339,104,0.8441,vacuuming,vacuuming,1,GREEN
104_2340,104,0.9624,vacuuming,vacuuming,1,GREEN
104_2341,104,0.7097,vacuuming,vacuuming,1,YELLOW
104_2342,104,0.5591,vacuuming,vacuuming,1,YELLOW
104_2343,104,0.3989,vacuuming,vacuuming,1,RED
104_2344,104,0.7838,vacuuming,vacuuming,1,GREEN
104_2345,104,0.7692,vacuuming,vacuuming,1,GREEN
104_2346,104,0.5845,vacuuming,vacuuming,1,YELLOW
104_2347,104,0.3601,ironing,vacuuming,0,RED
104_2348,104,0.6805,standing,vacuuming,0,YELLOW
104_2349,104,0.3642,standing,vacuuming,0,RED
104_2350,104,0.3224,standing,vacuuming,0,RED
104_2351,104,0.6649,standing,vacuuming,0,YELLOW
104_2352,104,0.6433,standing,vacuuming,0,YELLOW
104_2353,104,0.5919,standing,vacuuming,0,YELLOW
104_2354,104,0.6303,standing,vacuuming,0,YELLOW
104_2355,104,0.5314,standing,stairs_up,0,YELLOW
104_2356,104,0.4304,standing,stairs_up,0,RED
104_2357,104,0.5373,standing,stairs_up,0,YELLOW
104_2358,104,0.5498,standing,stairs_up,0,YELLOW
104_2359,104,0.4898,standing,stairs_up,0,YELLOW
104_2360,104,0.4944,standing,stairs_up,0,YELLOW
104_2361,104,0.3489,standing,stairs_up,0,RED
104_2362,104,0.3962,standing,stairs_up,0,RED
104_2363,104,0.3661,ironing,stairs_up,0,RED
104_2364,104,0.3547,ironing,stairs_up,0,RED
104_2365,104,0.4317,vacuuming,stairs_up,0,RED
104_2366,104,0.8509,stairs_up,stairs_up,1,GREEN
104_2367,104,0.9676,stairs_up,stairs_up,1,GREEN
104_2368,104,0.9554,stairs_up,stairs_up,1,GREEN
104_2369,104,0.9375,stairs_up,stairs_up,1,GREEN
104_2370,104,0.9195,stairs_up,stairs_up,1,GREEN
104_2371,104,0.9268,stairs_up,stairs_up,1,GREEN
104_2372,104,0.9356,stairs_up,stairs_up,1,GREEN
104_2373,104,0.92,stairs_up,stairs_up,1,GREEN
104_2374,104,0.9537,stairs_up,stairs_up,1,GREEN
104_2375,104,0.9519,stairs_up,stairs_up,1,GREEN
104_2376,104,0.6261,stairs_up,stairs_up,1,YELLOW
104_2377,104,0.6323,stairs_up,stairs_up,1,YELLOW
104_2378,104,0.6054,stairs_up,stairs_up,1,YELLOW
104_2379,104,0.7894,stairs_up,stairs_up,1,GREEN
104_2380,104,0.9536,stairs_up,stairs_up,1,GREEN
104_2381,104,0.9734,stairs_up,stairs_up,1,GREEN
104_2382,104,0.9434,stairs_up,stairs_up,1,GREEN
104_2383,104,0.9536,stairs_up,stairs_up,1,GREEN
104_2384,104,0.9491,stairs_up,stairs_up,1,GREEN
104_2385,104,0.9666,stairs_up,stairs_up,1,GREEN
104_2386,104,0.9542,stairs_up,stairs_up,1,GREEN
104_2387,104,0.9463,stairs_up,stairs_up,1,GREEN
104_2388,104,0.9161,stairs_up,stairs_up,1,GREEN
104_2389,104,0.8074,stairs_up,stairs_up,1,GREEN
104_2390,104,0.7892,stairs_up,stairs_up,1,GREEN
104_2391,104,0.7633,stairs_up,stairs_up,1,GREEN
104_2392,104,0.8524,stairs_up,stairs_up,1,GREEN
104_2393,104,0.8968,stairs_up,stairs_up,1,GREEN
104_2394,104,0.8935,stairs_up,stairs_up,1,GREEN
104_2395,104,0.9198,stairs_up,stairs_up,1,GREEN
104_2396,104,0.9164,stairs_up,stairs_up,1,GREEN
104_2397,104,0.9759,stairs_up,stairs_up,1,GREEN
104_2398,104,0.9291,stairs_up,stairs_up,1,GREEN
104_2399,104,0.9426,stairs_up,stairs_up,1,GREEN
104_2400,104,0.9539,stairs_up,stairs_up,1,GREEN
104_2401,104,0.9366,stairs_up,stairs_up,1,GREEN
104_2402,104,0.9099,stairs_up,stairs_up,1,GREEN
104_2403,104,0.9262,stairs_up,stairs_up,1,GREEN
104_2404,104,0.9276,stairs_up,stairs_up,1,GREEN
104_2405,104,0.9284,stairs_up,stairs_up,1,GREEN
104_2406,104,0.9512,stairs_up,stairs_up,1,GREEN
104_2407,104,0.9424,stairs_up,stairs_up,1,GREEN
104_2408,104,0.9612,stairs_up,stairs_up,1,GREEN
104_2409,104,0.9239,stairs_up,stairs_up,1,GREEN
104_2410,104,0.9585,stairs_up,stairs_up,1,GREEN
104_2411,104,0.9593,stairs_up,stairs_up,1,GREEN
104_2412,104,0.975,stairs_up,stairs_up,1,GREEN
104_2413,104,0.8619,stairs_up,stairs_up,1,GREEN
104_2414,104,0.8968,stairs_up,stairs_up,1,GREEN
104_2415,104,0.9288,stairs_up,stairs_up,1,GREEN
104_2416,104,0.882,stairs_up,stairs_up,1,GREEN
104_2417,104,0.9717,stairs_up,stairs_up,1,GREEN
104_2418,104,0.9968,stairs_up,stairs_up,1,GREEN
104_2419,104,0.9015,stairs_up,stairs_up,1,GREEN
104_2420,104,0.863,stairs_up,stairs_up,1,GREEN
104_2421,104,0.9081,stairs_up,stairs_up,1,GREEN
104_2422,104,0.9173,stairs_up,stairs_up,1,GREEN
104_2423,104,0.9235,stairs_up,stairs_up,1,GREEN
104_2424,104,0.9575,stairs_up,stairs_up,1,GREEN
104_2425,104,0.963,stairs_up,stairs_up,1,GREEN
104_2426,104,0.9515,stairs_up,stairs_up,1,GREEN
104_2427,104,0.915,stairs_up,stairs_up,1,GREEN
104_2428,104,0.7638,stairs_up,stairs_up,1,GREEN
104_2429,104,0.8703,stairs_up,stairs_up,1,GREEN
104_2430,104,0.8784,stairs_up,stairs_up,1,GREEN
104_2431,104,0.9602,stairs_up,stairs_up,1,GREEN
104_2432,104,0.9791,stairs_up,stairs_up,1,GREEN
104_2433,104,0.9441,stairs_up,stairs_up,1,GREEN
104_2434,104,0.9421,stairs_up,stairs_up,1,GREEN
104_2435,104,0.9401,stairs_up,stairs_up,1,GREEN
104_2436,104,0.9544,stairs_up,stairs_up,1,GREEN
104_2437,104,0.925,stairs_up,stairs_up,1,GREEN
104_2438,104,0.634,stairs_up,stairs_up,1,YELLOW
104_2439,104,0.6458,stairs_up,stairs_up,1,YELLOW
104_2440,104,0.4603,stairs_up,stairs_up,1,YELLOW
104_2441,104,0.5212,stairs_up,stairs_up,1,YELLOW
104_2442,104,0.4131,stairs_up,stairs_up,1,RED
104_2443,104,0.6303,stairs_up,stairs_up,1,YELLOW
104_2444,104,0.9141,stairs_up,stairs_up,1,GREEN
104_2445,104,0.9545,stairs_up,stairs_up,1,GREEN
104_2446,104,0.8069,stairs_up,stairs_up,1,GREEN
104_2447,104,0.7493,stairs_up,stairs_up,1,YELLOW
104_2448,104,0.6729,stairs_up,stairs_up,1,YELLOW
104_2449,104,0.8076,stairs_up,stairs_up,1,GREEN
104_2450,104,0.826,stairs_up,stairs_up,1,GREEN
104_2451,104,0.7611,stairs_up,stairs_up,1,GREEN
104_2452,104,0.7649,stairs_up,stairs_up,1,GREEN
104_2453,104,0.7539,stairs_up,stairs_up,1,GREEN
104_2454,104,0.5618,stairs_up,stairs_up,1,YELLOW
104_2455,104,0.7767,stairs_up,stairs_up,1,GREEN
104_2456,104,0.7207,stairs_up,stairs_up,1,YELLOW
104_2457,104,0.798,stairs_up,stairs_up,1,GREEN
104_2458,104,0.9304,stairs_up,stairs_up,1,GREEN
104_2459,104,0.9459,stairs_up,stairs_up,1,GREEN
104_2460,104,0.9866,stairs_up,stairs_up,1,GREEN
104_2461,104,0.9465,stairs_up,stairs_up,1,GREEN
104_2462,104,0.8649,stairs_up,stairs_up,1,GREEN
104_2463,104,0.8692,stairs_up,stairs_up,1,GREEN
104_2464,104,0.8204,stairs_up,stairs_up,1,GREEN
104_2465,104,0.8584,stairs_up,stairs_up,1,GREEN
104_2466,104,0.9277,stairs_up,stairs_up,1,GREEN
104_2467,104,0.931,stairs_up,stairs_up,1,GREEN
104_2468,104,0.8394,stairs_up,stairs_up,1,GREEN
104_2469,104,0.9538,stairs_up,stairs_up,1,GREEN
104_2470,104,0.9271,stairs_up,stairs_up,1,GREEN
104_2471,104,0.9176,stairs_up,stairs_up,1,GREEN
104_2472,104,0.9289,stairs_up,stairs_up,1,GREEN
104_2473,104,0.9826,stairs_up,stairs_up,1,GREEN
104_2474,104,0.969,stairs_up,stairs_up,1,GREEN
104_2475,104,0.9611,stairs_up,stairs_up,1,GREEN
104_2476,104,0.821,stairs_up,stairs_up,1,GREEN
104_2477,104,0.7501,stairs_up,stairs_up,1,GREEN
104_2478,104,0.636,stairs_up,stairs_up,1,YELLOW
104_2479,104,0.6743,stairs_up,stairs_up,1,YELLOW
104_2480,104,0.8245,stairs_up,stairs_up,1,GREEN
104_2481,104,0.933,stairs_up,stairs_up,1,GREEN
104_2482,104,0.9729,stairs_up,stairs_up,1,GREEN
104_2483,104,0.9727,stairs_up,stairs_up,1,GREEN
104_2484,104,0.9727,stairs_up,stairs_up,1,GREEN
104_2485,104,0.9487,stairs_up,stairs_up,1,GREEN
104_2486,104,0.9346,stairs_up,stairs_up,1,GREEN
104_2487,104,0.9954,stairs_up,stairs_up,1,GREEN
104_2488,104,0.9451,stairs_up,stairs_up,1,GREEN
104_2489,104,0.8683,stairs_up,stairs_up,1,GREEN
104_2490,104,0.8362,stairs_up,stairs_up,1,GREEN
104_2491,104,0.8531,stairs_up,stairs_up,1,GREEN
104_2492,104,0.9566,stairs_up,stairs_up,1,GREEN
104_2493,104,0.9531,stairs_up,stairs_up,1,GREEN
104_2494,104,0.9357,stairs_up,stairs_up,1,GREEN
104_2495,104,0.9443,stairs_up,stairs_up,1,GREEN
104_2496,104,0.7303,stairs_up,stairs_up,1,YELLOW
104_2497,104,0.9358,stairs_up,stairs_up,1,GREEN
104_2498,104,0.9614,stairs_up,stairs_up,1,GREEN
104_2499,104,0.9229,stairs_up,stairs_up,1,GREEN
104_2500,104,0.9,stairs_up,stairs_up,1,GREEN
104_2501,104,0.9939,stairs_up,stairs_up,1,GREEN
104_2502,104,0.892,stairs_up,stairs_up,1,GREEN
104_2503,104,0.9518,stairs_up,stairs_up,1,GREEN
104_2504,104,0.9818,stairs_up,stairs_up,1,GREEN
104_2505,104,0.9482,stairs_up,stairs_up,1,GREEN
104_2506,104,0.9408,stairs_up,stairs_up,1,GREEN
104_2507,104,0.9269,stairs_up,stairs_up,1,GREEN
104_2508,104,0.9547,stairs_up,stairs_up,1,GREEN
104_2509,104,0.9819,stairs_up,stairs_up,1,GREEN
104_2510,104,0.9107,stairs_up,stairs_up,1,GREEN
104_2511,104,0.7285,stairs_up,stairs_up,1,YELLOW
104_2512,104,0.2901,stairs_up,stairs_up,1,RED
104_2513,104,0.3657,stairs_up,stairs_up,1,RED
104_2514,104,0.5765,stairs_up,stairs_up,1,YELLOW
104_2515,104,0.4893,stairs_up,stairs_up,1,YELLOW
104_2516,104,0.5912,standing,stairs_up,0,YELLOW
104_2517,104,0.6529,standing,stairs_up,0,YELLOW
104_2518,104,0.6834,standing,stairs_up,0,YELLOW
104_2519,104,0.6168,standing,stairs_up,0,YELLOW
104_2520,104,0.5423,standing,stairs_up,0,YELLOW
104_2521,104,0.4498,ironing,stairs_up,0,RED
104_2522,104,0.4157,ironing,stairs_up,0,RED
104_2523,104,0.3836,ironing,stairs_up,0,RED
104_2524,104,0.4458,standing,stairs_down,0,RED
104_2525,104,0.6825,standing,stairs_down,0,YELLOW
104_2526,104,0.6928,standing,stairs_down,0,YELLOW
104_2527,104,0.761,standing,stairs_down,0,GREEN
104_2528,104,0.7561,standing,stairs_down,0,GREEN
104_2529,104,0.6781,standing,stairs_down,0,YELLOW
104_2530,104,0.6777,standing,stairs_down,0,YELLOW
104_2531,104,0.7269,standing,stairs_down,0,YELLOW
104_2532,104,0.6894,standing,stairs_down,0,YELLOW
104_2533,104,0.7094,standing,stairs_down,0,YELLOW
104_2534,104,0.4262,standing,stairs_down,0,RED
104_2535,104,0.3583,standing,stairs_down,0,RED
104_2536,104,0.5243,stairs_up,stairs_down,0,YELLOW
104_2537,104,0.6969,stairs_up,stairs_down,0,YELLOW
104_2538,104,0.5057,walking,stairs_down,0,YELLOW
104_2539,104,0.5489,stairs_down,stairs_down,1,YELLOW
104_2540,104,0.8198,stairs_down,stairs_down,1,GREEN
104_2541,104,0.8827,stairs_down,stairs_down,1,GREEN
104_2542,104,0.7171,stairs_down,stairs_down,1,YELLOW
104_2543,104,0.7436,stairs_down,stairs_down,1,YELLOW
104_2544,104,0.901,stairs_down,stairs_down,1,GREEN
104_2545,104,0.8738,stairs_down,stairs_down,1,GREEN
104_2546,104,0.8198,stairs_down,stairs_down,1,GREEN
104_2547,104,0.9635,stairs_down,stairs_down,1,GREEN
104_2548,104,0.9565,stairs_down,stairs_down,1,GREEN
104_2549,104,0.932,stairs_down,stairs_down,1,GREEN
104_2550,104,0.8664,stairs_down,stairs_down,1,GREEN
104_2551,104,0.8815,stairs_down,stairs_down,1,GREEN
104_2552,104,0.7382,stairs_down,stairs_down,1,YELLOW
104_2553,104,0.8494,stairs_down,stairs_down,1,GREEN
104_2554,104,0.9031,stairs_down,stairs_down,1,GREEN
104_2555,104,0.9333,stairs_down,stairs_down,1,GREEN
104_2556,104,0.8843,stairs_down,stairs_down,1,GREEN
104_2557,104,0.8693,stairs_down,stairs_down,1,GREEN
104_2558,104,0.9576,stairs_down,stairs_down,1,GREEN
104_2559,104,0.9447,stairs_down,stairs_down,1,GREEN
104_2560,104,0.9517,stairs_down,stairs_down,1,GREEN
104_2561,104,0.9504,stairs_down,stairs_down,1,GREEN
104_2562,104,0.9166,stairs_down,stairs_down,1,GREEN
104_2563,104,0.828,stairs_down,stairs_down,1,GREEN
104_2564,104,0.8194,stairs_down,stairs_down,1,GREEN
104_2565,104,0.9368,stairs_down,stairs_down,1,GREEN
104_2566,104,0.9262,stairs_down,stairs_down,1,GREEN
104_2567,104,0.8984,stairs_down,stairs_down,1,GREEN
104_2568,104,0.9379,stairs_down,stairs_down,1,GREEN
104_2569,104,0.9655,stairs_down,stairs_down,1,GREEN
104_2570,104,0.9637,stairs_down,stairs_down,1,GREEN
104_2571,104,0.9231,stairs_down,stairs_down,1,GREEN
104_2572,104,0.9446,stairs_down,stairs_down,1,GREEN
104_2573,104,0.9469,stairs_down,stairs_down,1,GREEN
104_2574,104,0.9532,stairs_down,stairs_down,1,GREEN
104_2575,104,0.9184,stairs_down,stairs_down,1,GREEN
104_2576,104,0.9495,stairs_down,stairs_down,1,GREEN
104_2577,104,0.9314,stairs_down,stairs_down,1,GREEN
104_2578,104,0.9138,stairs_down,stairs_down,1,GREEN
104_2579,104,0.9141,stairs_down,stairs_down,1,GREEN
104_2580,104,0.9883,stairs_down,stairs_down,1,GREEN
104_2581,104,0.9844,stairs_down,stairs_down,1,GREEN
104_2582,104,0.9282,stairs_down,stairs_down,1,GREEN
104_2583,104,0.9596,stairs_down,stairs_down,1,GREEN
104_2584,104,0.9808,stairs_down,stairs_down,1,GREEN
104_2585,104,0.9668,stairs_down,stairs_down,1,GREEN
104_2586,104,0.9126,stairs_down,stairs_down,1,GREEN
104_2587,104,0.833,stairs_down,stairs_down,1,GREEN
104_2588,104,0.8487,stairs_down,stairs_down,1,GREEN
104_2589,104,0.8213,stairs_down,stairs_down,1,GREEN
104_2590,104,0.9148,stairs_down,stairs_down,1,GREEN
104_2591,104,0.963,stairs_down,stairs_down,1,GREEN
104_2592,104,0.9797,stairs_down,stairs_down,1,GREEN
104_2593,104,0.9569,stairs_down,stairs_down,1,GREEN
104_2594,104,0.9126,stairs_down,stairs_down,1,GREEN
104_2595,104,0.8836,stairs_down,stairs_down,1,GREEN
104_2596,104,0.9073,stairs_down,stairs_down,1,GREEN
104_2597,104,0.8774,stairs_down,stairs_down,1,GREEN
104_2598,104,0.9116,stairs_down,stairs_down,1,GREEN
104_2599,104,0.9296,stairs_down,stairs_down,1,GREEN
104_2600,104,0.9444,stairs_down,stairs_down,1,GREEN
104_2601,104,0.9124,stairs_down,stairs_down,1,GREEN
104_2602,104,0.9826,stairs_down,stairs_down,1,GREEN
104_2603,104,0.9732,stairs_down,stairs_down,1,GREEN
104_2604,104,0.8923,stairs_down,stairs_down,1,GREEN
104_2605,104,0.9373,stairs_down,stairs_down,1,GREEN
104_2606,104,0.8954,stairs_down,stairs_down,1,GREEN
104_2607,104,0.9015,stairs_down,stairs_down,1,GREEN
104_2608,104,0.9001,stairs_down,stairs_down,1,GREEN
104_2609,104,0.9153,stairs_down,stairs_down,1,GREEN
104_2610,104,0.89,stairs_down,stairs_down,1,GREEN
104_2611,104,0.8316,stairs_down,stairs_down,1,GREEN
104_2612,104,0.914,stairs_down,stairs_down,1,GREEN
104_2613,104,0.9567,stairs_down,stairs_down,1,GREEN
104_2614,104,0.9146,stairs_down,stairs_down,1,GREEN
104_2615,104,0.9395,stairs_down,stairs_down,1,GREEN
104_2616,104,0.9699,stairs_down,stairs_down,1,GREEN
104_2617,104,0.9398,stairs_down,stairs_down,1,GREEN
104_2618,104,0.9793,stairs_down,stairs_down,1,GREEN
104_2619,104,0.9339,stairs_down,stairs_down,1,GREEN
104_2620,104,0.9242,stairs_down,stairs_down,1,GREEN
104_2621,104,0.8778,stairs_down,stairs_down,1,GREEN
104_2622,104,0.9014,stairs_down,stairs_down,1,GREEN
104_2623,104,0.9241,stairs_down,stairs_down,1,GREEN
104_2624,104,0.9387,stairs_down,stairs_down,1,GREEN
104_2625,104,0.8676,stairs_down,stairs_down,1,GREEN
104_2626,104,0.8267,stairs_down,stairs_down,1,GREEN
104_2627,104,0.8091,stairs_down,stairs_down,1,GREEN
104_2628,104,0.8738,stairs_down,stairs_down,1,GREEN
104_2629,104,0.9114,stairs_down,stairs_down,1,GREEN
104_2630,104,0.9452,stairs_down,stairs_down,1,GREEN
104_2631,104,0.902,stairs_down,stairs_down,1,GREEN
104_2632,104,0.8831,stairs_down,stairs_down,1,GREEN
104_2633,104,0.89,stairs_down,stairs_down,1,GREEN
104_2634,104,0.7987,stairs_down,stairs_down,1,GREEN
104_2635,104,0.7942,stairs_down,stairs_down,1,GREEN
104_2636,104,0.8709,stairs_down,stairs_down,1,GREEN
104_2637,104,0.905,stairs_down,stairs_down,1,GREEN
104_2638,104,0.7788,stairs_down,stairs_down,1,GREEN
104_2639,104,0.9026,stairs_down,stairs_down,1,GREEN
104_2640,104,0.9013,stairs_down,stairs_down,1,GREEN
104_2641,104,0.8923,stairs_down,stairs_down,1,GREEN
104_2642,104,0.8837,stairs_down,stairs_down,1,GREEN
104_2643,104,0.9162,stairs_down,stairs_down,1,GREEN
104_2644,104,0.9309,stairs_down,stairs_down,1,GREEN
104_2645,104,0.9503,stairs_down,stairs_down,1,GREEN
104_2646,104,0.9575,stairs_down,stairs_down,1,GREEN
104_2647,104,0.8099,stairs_down,stairs_down,1,GREEN
104_2648,104,0.9192,stairs_down,stairs_down,1,GREEN
104_2649,104,0.8799,stairs_down,stairs_down,1,GREEN
104_2650,104,0.8986,stairs_down,stairs_down,1,GREEN
104_2651,104,0.8982,stairs_down,stairs_down,1,GREEN
104_2652,104,0.9007,stairs_down,stairs_down,1,GREEN
104_2653,104,0.894,stairs_down,stairs_down,1,GREEN
104_2654,104,0.8153,stairs_down,stairs_down,1,GREEN
104_2655,104,0.7521,stairs_down,stairs_down,1,GREEN
104_2656,104,0.7971,stairs_down,stairs_down,1,GREEN
104_2657,104,0.5555,stairs_down,stairs_down,1,YELLOW
104_2658,104,0.431,stairs_down,stairs_down,1,RED
104_2659,104,0.4908,stairs_down,stairs_down,1,YELLOW
104_2660,104,0.4909,stairs_down,stairs_down,1,YELLOW
104_2661,104,0.3348,stairs_down,stairs_down,1,RED
104_2662,104,0.3076,stairs_up,stairs_down,0,RED
104_2663,104,0.3349,stairs_up,stairs_down,0,RED
104_2664,104,0.2747,stairs_up,stairs_down,0,RED
104_2665,104,0.3387,stairs_down,stairs_down,1,RED
104_2666,104,0.3134,stairs_up,stairs_down,0,RED
104_2667,104,0.2402,stairs_down,stairs_down,1,RED
104_2668,104,0.3266,stairs_up,stairs_down,0,RED
104_2669,104,0.3168,stairs_down,stairs_up,0,RED
104_2670,104,0.3181,stairs_down,stairs_up,0,RED
104_2671,104,0.2983,stairs_down,stairs_up,0,RED
104_2672,104,0.3162,stairs_down,stairs_up,0,RED
104_2673,104,0.3239,stairs_down,stairs_up,0,RED
104_2674,104,0.3483,stairs_down,stairs_up,0,RED
104_2675,104,0.4832,stairs_down,stairs_up,0,YELLOW
104_2676,104,0.4711,stairs_down,stairs_up,0,YELLOW
104_2677,104,0.3654,stairs_down,stairs_up,0,RED
104_2678,104,0.5068,vacuuming,stairs_up,0,YELLOW
104_2679,104,0.6393,stairs_up,stairs_up,1,YELLOW
104_2680,104,0.8431,stairs_up,stairs_up,1,GREEN
104_2681,104,0.8837,stairs_up,stairs_up,1,GREEN
104_2682,104,0.9206,stairs_up,stairs_up,1,GREEN
104_2683,104,0.9249,stairs_up,stairs_up,1,GREEN
104_2684,104,0.9557,stairs_up,stairs_up,1,GREEN
104_2685,104,0.969,stairs_up,stairs_up,1,GREEN
104_2686,104,0.9522,stairs_up,stairs_up,1,GREEN
104_2687,104,0.9285,stairs_up,stairs_up,1,GREEN
104_2688,104,0.8303,stairs_up,stairs_up,1,GREEN
104_2689,104,0.9774,stairs_up,stairs_up,1,GREEN
104_2690,104,0.9486,stairs_up,stairs_up,1,GREEN
104_2691,104,0.9441,stairs_up,stairs_up,1,GREEN
104_2692,104,0.9627,stairs_up,stairs_up,1,GREEN
104_2693,104,0.9613,stairs_up,stairs_up,1,GREEN
104_2694,104,0.9785,stairs_up,stairs_up,1,GREEN
104_2695,104,0.9167,stairs_up,stairs_up,1,GREEN
104_2696,104,0.9462,stairs_up,stairs_up,1,GREEN
104_2697,104,0.9405,stairs_up,stairs_up,1,GREEN
104_2698,104,0.9536,stairs_up,stairs_up,1,GREEN
104_2699,104,0.9276,stairs_up,stairs_up,1,GREEN
104_2700,104,0.9311,stairs_up,stairs_up,1,GREEN
104_2701,104,0.951,stairs_up,stairs_up,1,GREEN
104_2702,104,0.8964,stairs_up,stairs_up,1,GREEN
104_2703,104,0.6563,stairs_up,stairs_up,1,YELLOW
104_2704,104,0.7807,stairs_up,stairs_up,1,GREEN
104_2705,104,0.8987,stairs_up,stairs_up,1,GREEN
104_2706,104,0.9569,stairs_up,stairs_up,1,GREEN
104_2707,104,0.9701,stairs_up,stairs_up,1,GREEN
104_2708,104,0.9881,stairs_up,stairs_up,1,GREEN
104_2709,104,0.9809,stairs_up,stairs_up,1,GREEN
104_2710,104,0.9782,stairs_up,stairs_up,1,GREEN
104_2711,104,0.9372,stairs_up,stairs_up,1,GREEN
104_2712,104,0.9421,stairs_up,stairs_up,1,GREEN
104_2713,104,0.9437,stairs_up,stairs_up,1,GREEN
104_2714,104,0.9447,stairs_up,stairs_up,1,GREEN
104_2715,104,0.8941,stairs_up,stairs_up,1,GREEN
104_2716,104,0.8361,stairs_up,stairs_up,1,GREEN
104_2717,104,0.892,stairs_up,stairs_up,1,GREEN
104_2718,104,0.8799,stairs_up,stairs_up,1,GREEN
104_2719,104,0.896,stairs_up,stairs_up,1,GREEN
104_2720,104,0.9585,stairs_up,stairs_up,1,GREEN
104_2721,104,0.9617,stairs_up,stairs_up,1,GREEN
104_2722,104,0.9644,stairs_up,stairs_up,1,GREEN
104_2723,104,0.9503,stairs_up,stairs_up,1,GREEN
104_2724,104,0.8855,stairs_up,stairs_up,1,GREEN
104_2725,104,0.9084,stairs_up,stairs_up,1,GREEN
104_2726,104,0.9742,stairs_up,stairs_up,1,GREEN
104_2727,104,0.9641,stairs_up,stairs_up,1,GREEN
104_2728,104,0.9841,stairs_up,stairs_up,1,GREEN
104_2729,104,0.9884,stairs_up,stairs_up,1,GREEN
104_2730,104,0.9277,stairs_up,stairs_up,1,GREEN
104_2731,104,0.8946,stairs_up,stairs_up,1,GREEN
104_2732,104,0.953,stairs_up,stairs_up,1,GREEN
104_2733,104,0.9597,stairs_up,stairs_up,1,GREEN
104_2734,104,0.9511,stairs_up,stairs_up,1,GREEN
104_2735,104,0.9248,stairs_up,stairs_up,1,GREEN
104_2736,104,0.9191,stairs_up,stairs_up,1,GREEN
104_2737,104,0.9727,stairs_up,stairs_up,1,GREEN
104_2738,104,0.9737,stairs_up,stairs_up,1,GREEN
104_2739,104,0.9164,stairs_up,stairs_up,1,GREEN
104_2740,104,0.9441,stairs_up,stairs_up,1,GREEN
104_2741,104,0.9833,stairs_up,stairs_up,1,GREEN
104_2742,104,0.9857,stairs_up,stairs_up,1,GREEN
104_2743,104,0.9161,stairs_up,stairs_up,1,GREEN
104_2744,104,0.953,stairs_up,stairs_up,1,GREEN
104_2745,104,0.9672,stairs_up,stairs_up,1,GREEN
104_2746,104,0.9718,stairs_up,stairs_up,1,GREEN
104_2747,104,0.9585,stairs_up,stairs_up,1,GREEN
104_2748,104,0.9516,stairs_up,stairs_up,1,GREEN
104_2749,104,0.9686,stairs_up,stairs_up,1,GREEN
104_2750,104,0.9713,stairs_up,stairs_up,1,GREEN
104_2751,104,0.9114,stairs_up,stairs_up,1,GREEN
104_2752,104,0.9268,stairs_up,stairs_up,1,GREEN
104_2753,104,0.9601,stairs_up,stairs_up,1,GREEN
104_2754,104,0.9593,stairs_up,stairs_up,1,GREEN
104_2755,104,0.9892,stairs_up,stairs_up,1,GREEN
104_2756,104,0.9961,stairs_up,stairs_up,1,GREEN
104_2757,104,0.9639,stairs_up,stairs_up,1,GREEN
104_2758,104,0.928,stairs_up,stairs_up,1,GREEN
104_2759,104,0.8955,stairs_up,stairs_up,1,GREEN
104_2760,104,0.914,stairs_up,stairs_up,1,GREEN
104_2761,104,0.9702,stairs_up,stairs_up,1,GREEN
104_2762,104,0.9789,stairs_up,stairs_up,1,GREEN
104_2763,104,0.9483,stairs_up,stairs_up,1,GREEN
104_2764,104,0.905,stairs_up,stairs_up,1,GREEN
104_2765,104,0.9848,stairs_up,stairs_up,1,GREEN
104_2766,104,0.9547,stairs_up,stairs_up,1,GREEN
104_2767,104,0.9544,stairs_up,stairs_up,1,GREEN
104_2768,104,0.9428,stairs_up,stairs_up,1,GREEN
104_2769,104,0.9843,stairs_up,stairs_up,1,GREEN
104_2770,104,0.9631,stairs_up,stairs_up,1,GREEN
104_2771,104,0.8616,stairs_up,stairs_up,1,GREEN
104_2772,104,0.8718,stairs_up,stairs_up,1,GREEN
104_2773,104,0.9654,stairs_up,stairs_up,1,GREEN
104_2774,104,0.9678,stairs_up,stairs_up,1,GREEN
104_2775,104,0.963,stairs_up,stairs_up,1,GREEN
104_2776,104,0.9622,stairs_up,stairs_up,1,GREEN
104_2777,104,0.9528,stairs_up,stairs_up,1,GREEN
104_2778,104,0.9729,stairs_up,stairs_up,1,GREEN
104_2779,104,0.9852,stairs_up,stairs_up,1,GREEN
104_2780,104,0.9535,stairs_up,stairs_up,1,GREEN
104_2781,104,0.9601,stairs_up,stairs_up,1,GREEN
104_2782,104,0.987,stairs_up,stairs_up,1,GREEN
104_2783,104,0.9769,stairs_up,stairs_up,1,GREEN
104_2784,104,0.9594,stairs_up,stairs_up,1,GREEN
104_2785,104,0.9601,stairs_up,stairs_up,1,GREEN
104_2786,104,0.9083,stairs_up,stairs_up,1,GREEN
104_2787,104,0.9461,stairs_up,stairs_up,1,GREEN
104_2788,104,0.9505,stairs_up,stairs_up,1,GREEN
104_2789,104,0.9527,stairs_up,stairs_up,1,GREEN
104_2790,104,0.9595,stairs_up,stairs_up,1,GREEN
104_2791,104,0.9443,stairs_up,stairs_up,1,GREEN
104_2792,104,0.9888,stairs_up,stairs_up,1,GREEN
104_2793,104,0.9747,stairs_up,stairs_up,1,GREEN
104_2794,104,0.9567,stairs_up,stairs_up,1,GREEN
104_2795,104,0.9659,stairs_up,stairs_up,1,GREEN
104_2796,104,0.9901,stairs_up,stairs_up,1,GREEN
104_2797,104,0.9969,stairs_up,stairs_up,1,GREEN
104_2798,104,0.9732,stairs_up,stairs_up,1,GREEN
104_2799,104,0.9737,stairs_up,stairs_up,1,GREEN
104_2800,104,0.9224,stairs_up,stairs_up,1,GREEN
104_2801,104,0.9699,stairs_up,stairs_up,1,GREEN
104_2802,104,0.9659,stairs_up,stairs_up,1,GREEN
104_2803,104,0.9677,stairs_up,stairs_up,1,GREEN
104_2804,104,0.9648,stairs_up,stairs_up,1,GREEN
104_2805,104,0.8936,stairs_up,stairs_up,1,GREEN
104_2806,104,0.9751,stairs_up,stairs_up,1,GREEN
104_2807,104,0.9055,stairs_up,stairs_up,1,GREEN
104_2808,104,0.9784,stairs_up,stairs_up,1,GREEN
104_2809,104,0.9799,stairs_up,stairs_up,1,GREEN
104_2810,104,0.989,stairs_up,stairs_up,1,GREEN
104_2811,104,0.9954,stairs_up,stairs_up,1,GREEN
104_2812,104,0.9788,stairs_up,stairs_up,1,GREEN
104_2813,104,0.9681,stairs_up,stairs_up,1,GREEN
104_2814,104,0.9416,stairs_up,stairs_up,1,GREEN
104_2815,104,0.9679,stairs_up,stairs_up,1,GREEN
104_2816,104,0.9023,stairs_up,stairs_up,1,GREEN
104_2817,104,0.9447,stairs_up,stairs_up,1,GREEN
104_2818,104,0.9372,stairs_up,stairs_up,1,GREEN
104_2819,104,0.9342,stairs_up,stairs_up,1,GREEN
104_2820,104,0.8802,stairs_up,stairs_up,1,GREEN
104_2821,104,0.7675,stairs_up,stairs_up,1,GREEN
104_2822,104,0.7419,stairs_up,stairs_up,1,YELLOW
104_2823,104,0.583,stairs_up,stairs_up,1,YELLOW
104_2824,104,0.6576,standing,stairs_up,0,YELLOW
104_2825,104,0.7471,standing,stairs_up,0,YELLOW
104_2826,104,0.7801,standing,stairs_up,0,GREEN
104_2827,104,0.8505,standing,stairs_up,0,GREEN
104_2828,104,0.8566,standing,stairs_up,0,GREEN
104_2829,104,0.8349,standing,stairs_up,0,GREEN
104_2830,104,0.7897,standing,stairs_up,0,GREEN
104_2831,104,0.7444,standing,stairs_down,0,YELLOW
104_2832,104,0.749,standing,stairs_down,0,YELLOW
104_2833,104,0.7833,standing,stairs_down,0,GREEN
104_2834,104,0.7507,standing,stairs_down,0,GREEN
104_2835,104,0.6884,standing,stairs_down,0,YELLOW
104_2836,104,0.6544,standing,stairs_down,0,YELLOW
104_2837,104,0.4948,standing,stairs_down,0,YELLOW
104_2838,104,0.3263,standing,stairs_down,0,RED
104_2839,104,0.6772,stairs_up,stairs_down,0,YELLOW
104_2840,104,0.7209,stairs_up,stairs_down,0,YELLOW
104_2841,104,0.8262,stairs_down,stairs_down,1,GREEN
104_2842,104,0.9153,stairs_down,stairs_down,1,GREEN
104_2843,104,0.9347,stairs_down,stairs_down,1,GREEN
104_2844,104,0.9742,stairs_down,stairs_down,1,GREEN
104_2845,104,0.9173,stairs_down,stairs_down,1,GREEN
104_2846,104,0.8998,stairs_down,stairs_down,1,GREEN
104_2847,104,0.9483,stairs_down,stairs_down,1,GREEN
104_2848,104,0.9754,stairs_down,stairs_down,1,GREEN
104_2849,104,0.9648,stairs_down,stairs_down,1,GREEN
104_2850,104,0.924,stairs_down,stairs_down,1,GREEN
104_2851,104,0.9483,stairs_down,stairs_down,1,GREEN
104_2852,104,0.9245,stairs_down,stairs_down,1,GREEN
104_2853,104,0.9221,stairs_down,stairs_down,1,GREEN
104_2854,104,0.9245,stairs_down,stairs_down,1,GREEN
104_2855,104,0.9681,stairs_down,stairs_down,1,GREEN
104_2856,104,0.9466,stairs_down,stairs_down,1,GREEN
104_2857,104,0.9486,stairs_down,stairs_down,1,GREEN
104_2858,104,0.9746,stairs_down,stairs_down,1,GREEN
104_2859,104,0.9756,stairs_down,stairs_down,1,GREEN
104_2860,104,0.951,stairs_down,stairs_down,1,GREEN
104_2861,104,0.9236,stairs_down,stairs_down,1,GREEN
104_2862,104,0.8487,stairs_down,stairs_down,1,GREEN
104_2863,104,0.9015,stairs_down,stairs_down,1,GREEN
104_2864,104,0.8592,stairs_down,stairs_down,1,GREEN
104_2865,104,0.872,stairs_down,stairs_down,1,GREEN
104_2866,104,0.9477,stairs_down,stairs_down,1,GREEN
104_2867,104,0.9289,stairs_down,stairs_down,1,GREEN
104_2868,104,0.8814,stairs_down,stairs_down,1,GREEN
104_2869,104,0.9242,stairs_down,stairs_down,1,GREEN
104_2870,104,0.7893,stairs_down,stairs_down,1,GREEN
104_2871,104,0.9563,stairs_down,stairs_down,1,GREEN
104_2872,104,0.8489,stairs_down,stairs_down,1,GREEN
104_2873,104,0.712,stairs_down,stairs_down,1,YELLOW
104_2874,104,0.918,stairs_down,stairs_down,1,GREEN
104_2875,104,0.6676,stairs_down,stairs_down,1,YELLOW
104_2876,104,0.7718,stairs_down,stairs_down,1,GREEN
104_2877,104,0.8761,stairs_down,stairs_down,1,GREEN
104_2878,104,0.9412,stairs_down,stairs_down,1,GREEN
104_2879,104,0.9227,stairs_down,stairs_down,1,GREEN
104_2880,104,0.9273,stairs_down,stairs_down,1,GREEN
104_2881,104,0.9481,stairs_down,stairs_down,1,GREEN
104_2882,104,0.9728,stairs_down,stairs_down,1,GREEN
104_2883,104,0.9734,stairs_down,stairs_down,1,GREEN
104_2884,104,0.9169,stairs_down,stairs_down,1,GREEN
104_2885,104,0.9491,stairs_down,stairs_down,1,GREEN
104_2886,104,0.7988,stairs_down,stairs_down,1,GREEN
104_2887,104,0.8948,stairs_down,stairs_down,1,GREEN
104_2888,104,0.8054,stairs_down,stairs_down,1,GREEN
104_2889,104,0.9121,stairs_down,stairs_down,1,GREEN
104_2890,104,0.7499,stairs_down,stairs_down,1,YELLOW
104_2891,104,0.788,stairs_down,stairs_down,1,GREEN
104_2892,104,0.7311,stairs_down,stairs_down,1,YELLOW
104_2893,104,0.9257,stairs_down,stairs_down,1,GREEN
104_2894,104,0.9803,stairs_down,stairs_down,1,GREEN
104_2895,104,0.9761,stairs_down,stairs_down,1,GREEN
104_2896,104,0.9376,stairs_down,stairs_down,1,GREEN
104_2897,104,0.9314,stairs_down,stairs_down,1,GREEN
104_2898,104,0.9742,stairs_down,stairs_down,1,GREEN
104_2899,104,0.9325,stairs_down,stairs_down,1,GREEN
104_2900,104,0.9424,stairs_down,stairs_down,1,GREEN
104_2901,104,0.9105,stairs_down,stairs_down,1,GREEN
104_2902,104,0.8872,stairs_down,stairs_down,1,GREEN
104_2903,104,0.8831,stairs_down,stairs_down,1,GREEN
104_2904,104,0.9051,stairs_down,stairs_down,1,GREEN
104_2905,104,0.9707,stairs_down,stairs_down,1,GREEN
104_2906,104,0.9695,stairs_down,stairs_down,1,GREEN
104_2907,104,0.9467,stairs_down,stairs_down,1,GREEN
104_2908,104,0.9294,stairs_down,stairs_down,1,GREEN
104_2909,104,0.8512,stairs_down,stairs_down,1,GREEN
104_2910,104,0.812,stairs_down,stairs_down,1,GREEN
104_2911,104,0.8357,stairs_down,stairs_down,1,GREEN
104_2912,104,0.8818,stairs_down,stairs_down,1,GREEN
104_2913,104,0.8168,stairs_down,stairs_down,1,GREEN
104_2914,104,0.7615,stairs_down,stairs_down,1,GREEN
104_2915,104,0.7929,stairs_down,stairs_down,1,GREEN
104_2916,104,0.8918,stairs_down,stairs_down,1,GREEN
104_2917,104,0.9515,stairs_down,stairs_down,1,GREEN
104_2918,104,0.9669,stairs_down,stairs_down,1,GREEN
104_2919,104,0.9209,stairs_down,stairs_down,1,GREEN
104_2920,104,0.9596,stairs_down,stairs_down,1,GREEN
104_2921,104,0.9316,stairs_down,stairs_down,1,GREEN
104_2922,104,0.9255,stairs_down,stairs_down,1,GREEN
104_2923,104,0.913,stairs_down,stairs_down,1,GREEN
104_2924,104,0.9158,stairs_down,stairs_down,1,GREEN
104_2925,104,0.847,stairs_down,stairs_down,1,GREEN
104_2926,104,0.884,stairs_down,stairs_down,1,GREEN
104_2927,104,0.9416,stairs_down,stairs_down,1,GREEN
104_2928,104,0.9393,stairs_down,stairs_down,1,GREEN
104_2929,104,0.653,stairs_down,stairs_down,1,YELLOW
104_2930,104,0.5872,stairs_down,stairs_down,1,YELLOW
104_2931,104,0.6649,stairs_down,stairs_down,1,YELLOW
104_2932,104,0.7853,stairs_down,stairs_down,1,GREEN
104_2933,104,0.9411,stairs_down,stairs_down,1,GREEN
104_2934,104,0.945,stairs_down,stairs_down,1,GREEN
104_2935,104,0.9082,stairs_down,stairs_down,1,GREEN
104_2936,104,0.9294,stairs_down,stairs_down,1,GREEN
104_2937,104,0.8158,stairs_down,stairs_down,1,GREEN
104_2938,104,0.7284,stairs_down,stairs_down,1,YELLOW
104_2939,104,0.6708,stairs_down,stairs_down,1,YELLOW
104_2940,104,0.916,stairs_down,stairs_down,1,GREEN
104_2941,104,0.9795,stairs_down,stairs_down,1,GREEN
104_2942,104,0.9593,stairs_down,stairs_down,1,GREEN
104_2943,104,0.8985,stairs_down,stairs_down,1,GREEN
104_2944,104,0.8979,stairs_down,stairs_down,1,GREEN
104_2945,104,0.9008,stairs_down,stairs_down,1,GREEN
104_2946,104,0.8662,stairs_down,stairs_down,1,GREEN
104_2947,104,0.8582,stairs_down,stairs_down,1,GREEN
104_2948,104,0.9482,stairs_down,stairs_down,1,GREEN
104_2949,104,0.9237,stairs_down,stairs_down,1,GREEN
104_2950,104,0.9479,stairs_down,stairs_down,1,GREEN
104_2951,104,0.9255,stairs_down,stairs_down,1,GREEN
104_2952,104,0.9108,stairs_down,stairs_down,1,GREEN
104_2953,104,0.9028,stairs_down,stairs_down,1,GREEN
104_2954,104,0.9006,stairs_down,stairs_down,1,GREEN
104_2955,104,0.9169,stairs_down,stairs_down,1,GREEN
104_2956,104,0.9078,stairs_down,stairs_down,1,GREEN
104_2957,104,0.8916,stairs_down,stairs_down,1,GREEN
104_2958,104,0.8675,stairs_down,stairs_down,1,GREEN
104_2959,104,0.8443,stairs_down,stairs_down,1,GREEN
104_2960,104,0.6165,stairs_down,stairs_down,1,YELLOW
104_2961,104,0.573,stairs_down,stairs_down,1,YELLOW
104_2962,104,0.5954,stairs_down,stairs_down,1,YELLOW
104_2963,104,0.6423,stairs_down,stairs_down,1,YELLOW
104_2964,104,0.4573,stairs_down,stairs_down,1,YELLOW
104_2965,104,0.3877,stairs_down,stairs_down,1,RED
104_2966,104,0.3889,stairs_down,stairs_down,1,RED
104_2967,104,0.3971,stairs_down,stairs_down,1,RED
104_2968,104,0.3299,stairs_down,stairs_down,1,RED
104_2969,104,0.5869,standing,walking,0,YELLOW
104_2970,104,0.5805,standing,walking,0,YELLOW
104_2971,104,0.6201,standing,walking,0,YELLOW
104_2972,104,0.5564,standing,walking,0,YELLOW
104_2973,104,0.6319,standing,walking,0,YELLOW
104_2974,104,0.6315,standing,walking,0,YELLOW
104_2975,104,0.5908,standing,walking,0,YELLOW
104_2976,104,0.5384,standing,walking,0,YELLOW
104_2977,104,0.4018,standing,walking,0,RED
104_2978,104,0.1602,standing,walking,0,RED
104_2979,104,0.3878,stairs_up,walking,0,RED
104_2980,104,0.3821,stairs_up,walking,0,RED
104_2981,104,0.3733,stairs_up,walking,0,RED
104_2982,104,0.522,walking,walking,1,YELLOW
104_2983,104,0.4305,walking,walking,1,RED
104_2984,104,0.4505,stairs_up,walking,0,YELLOW
104_2985,104,0.5467,walking,walking,1,YELLOW
104_2986,104,0.3186,walking,walking,1,RED
104_2987,104,0.5132,stairs_down,walking,0,YELLOW
104_2988,104,0.3607,stairs_up,walking,0,RED
104_2989,104,0.5647,stairs_up,walking,0,YELLOW
104_2990,104,0.5774,walking,walking,1,YELLOW
104_2991,104,0.4469,walking,walking,1,RED
104_2992,104,0.7645,walking,walking,1,GREEN
104_2993,104,0.7629,walking,walking,1,GREEN
104_2994,104,0.6017,walking,walking,1,YELLOW
104_2995,104,0.5586,walking,walking,1,YELLOW
104_2996,104,0.5503,walking,walking,1,YELLOW
104_2997,104,0.8814,walking,walking,1,GREEN
104_2998,104,0.8436,walking,walking,1,GREEN
104_2999,104,0.8641,walking,walking,1,GREEN
104_3000,104,0.8624,walking,walking,1,GREEN
104_3001,104,0.7403,walking,walking,1,YELLOW
104_3002,104,0.7862,walking,walking,1,GREEN
104_3003,104,0.7402,walking,walking,1,YELLOW
104_3004,104,0.7795,walking,walking,1,GREEN
104_3005,104,0.7217,walking,walking,1,YELLOW
104_3006,104,0.8106,walking,walking,1,GREEN
104_3007,104,0.8573,walking,walking,1,GREEN
104_3008,104,0.7977,walking,walking,1,GREEN
104_3009,104,0.7879,walking,walking,1,GREEN
104_3010,104,0.6556,walking,walking,1,YELLOW
104_3011,104,0.7776,walking,walking,1,GREEN
104_3012,104,0.763,walking,walking,1,GREEN
104_3013,104,0.8573,walking,walking,1,GREEN
104_3014,104,0.7714,walking,walking,1,GREEN
104_3015,104,0.7944,walking,walking,1,GREEN
104_3016,104,0.862,walking,walking,1,GREEN
104_3017,104,0.7578,walking,walking,1,GREEN
104_3018,104,0.4249,nordic_walk,walking,0,RED
104_3019,104,0.4655,nordic_walk,walking,0,YELLOW
104_3020,104,0.6342,walking,walking,1,YELLOW
104_3021,104,0.8882,walking,walking,1,GREEN
104_3022,104,0.8189,walking,walking,1,GREEN
104_3023,104,0.8286,walking,walking,1,GREEN
104_3024,104,0.7892,walking,walking,1,GREEN
104_3025,104,0.8556,walking,walking,1,GREEN
104_3026,104,0.8311,walking,walking,1,GREEN
104_3027,104,0.9288,walking,walking,1,GREEN
104_3028,104,0.9023,walking,walking,1,GREEN
104_3029,104,0.9682,walking,walking,1,GREEN
104_3030,104,0.963,walking,walking,1,GREEN
104_3031,104,0.7656,walking,walking,1,GREEN
104_3032,104,0.7633,walking,walking,1,GREEN
104_3033,104,0.8652,walking,walking,1,GREEN
104_3034,104,0.8601,walking,walking,1,GREEN
104_3035,104,0.8578,walking,walking,1,GREEN
104_3036,104,0.871,walking,walking,1,GREEN
104_3037,104,0.8069,walking,walking,1,GREEN
104_3038,104,0.7941,walking,walking,1,GREEN
104_3039,104,0.8099,walking,walking,1,GREEN
104_3040,104,0.8565,walking,walking,1,GREEN
104_3041,104,0.8292,walking,walking,1,GREEN
104_3042,104,0.759,walking,walking,1,GREEN
104_3043,104,0.8372,walking,walking,1,GREEN
104_3044,104,0.8799,walking,walking,1,GREEN
104_3045,104,0.823,walking,walking,1,GREEN
104_3046,104,0.809,walking,walking,1,GREEN
104_3047,104,0.8276,walking,walking,1,GREEN
104_3048,104,0.86,walking,walking,1,GREEN
104_3049,104,0.9095,walking,walking,1,GREEN
104_3050,104,0.8814,walking,walking,1,GREEN
104_3051,104,0.8615,walking,walking,1,GREEN
104_3052,104,0.8124,walking,walking,1,GREEN
104_3053,104,0.8042,walking,walking,1,GREEN
104_3054,104,0.8484,walking,walking,1,GREEN
104_3055,104,0.8809,walking,walking,1,GREEN
104_3056,104,0.7804,walking,walking,1,GREEN
104_3057,104,0.9239,walking,walking,1,GREEN
104_3058,104,0.9113,walking,walking,1,GREEN
104_3059,104,0.8082,walking,walking,1,GREEN
104_3060,104,0.7769,walking,walking,1,GREEN
104_3061,104,0.8525,walking,walking,1,GREEN
104_3062,104,0.8364,walking,walking,1,GREEN
104_3063,104,0.7325,walking,walking,1,YELLOW
104_3064,104,0.7655,walking,walking,1,GREEN
104_3065,104,0.8408,walking,walking,1,GREEN
104_3066,104,0.861,walking,walking,1,GREEN
104_3067,104,0.8284,walking,walking,1,GREEN
104_3068,104,0.6682,walking,walking,1,YELLOW
104_3069,104,0.8516,walking,walking,1,GREEN
104_3070,104,0.8912,walking,walking,1,GREEN
104_3071,104,0.8795,walking,walking,1,GREEN
104_3072,104,0.8523,walking,walking,1,GREEN
104_3073,104,0.8203,walking,walking,1,GREEN
104_3074,104,0.8265,walking,walking,1,GREEN
104_3075,104,0.8356,walking,walking,1,GREEN
104_3076,104,0.8822,walking,walking,1,GREEN
104_3077,104,0.902,walking,walking,1,GREEN
104_3078,104,0.8613,walking,walking,1,GREEN
104_3079,104,0.781,walking,walking,1,GREEN
104_3080,104,0.9008,walking,walking,1,GREEN
104_3081,104,0.4687,walking,walking,1,YELLOW
104_3082,104,0.4297,walking,walking,1,RED
104_3083,104,0.8104,walking,walking,1,GREEN
104_3084,104,0.9008,walking,walking,1,GREEN
104_3085,104,0.9449,walking,walking,1,GREEN
104_3086,104,0.9203,walking,walking,1,GREEN
104_3087,104,0.8884,walking,walking,1,GREEN
104_3088,104,0.7498,walking,walking,1,YELLOW
104_3089,104,0.7399,walking,walking,1,YELLOW
104_3090,104,0.9021,walking,walking,1,GREEN
104_3091,104,0.895,walking,walking,1,GREEN
104_3092,104,0.7693,walking,walking,1,GREEN
104_3093,104,0.9031,walking,walking,1,GREEN
104_3094,104,0.8638,walking,walking,1,GREEN
104_3095,104,0.8989,walking,walking,1,GREEN
104_3096,104,0.912,walking,walking,1,GREEN
104_3097,104,0.8402,walking,walking,1,GREEN
104_3098,104,0.7722,walking,walking,1,GREEN
104_3099,104,0.7272,walking,walking,1,YELLOW
104_3100,104,0.7789,walking,walking,1,GREEN
104_3101,104,0.7407,walking,walking,1,YELLOW
104_3102,104,0.8474,walking,walking,1,GREEN
104_3103,104,0.8585,walking,walking,1,GREEN
104_3104,104,0.9435,walking,walking,1,GREEN
104_3105,104,0.9442,walking,walking,1,GREEN
104_3106,104,0.9077,walking,walking,1,GREEN
104_3107,104,0.9404,walking,walking,1,GREEN
104_3108,104,0.8778,walking,walking,1,GREEN
104_3109,104,0.8815,walking,walking,1,GREEN
104_3110,104,0.8226,walking,walking,1,GREEN
104_3111,104,0.8592,walking,walking,1,GREEN
104_3112,104,0.8087,walking,walking,1,GREEN
104_3113,104,0.8731,walking,walking,1,GREEN
104_3114,104,0.8883,walking,walking,1,GREEN
104_3115,104,0.8843,walking,walking,1,GREEN
104_3116,104,0.9143,walking,walking,1,GREEN
104_3117,104,0.8963,walking,walking,1,GREEN
104_3118,104,0.8672,walking,walking,1,GREEN
104_3119,104,0.8176,walking,walking,1,GREEN
104_3120,104,0.8553,walking,walking,1,GREEN
104_3121,104,0.7857,walking,walking,1,GREEN
104_3122,104,0.8178,walking,walking,1,GREEN
104_3123,104,0.851,walking,walking,1,GREEN
104_3124,104,0.8282,walking,walking,1,GREEN
104_3125,104,0.7773,walking,walking,1,GREEN
104_3126,104,0.7914,walking,walking,1,GREEN
104_3127,104,0.7522,walking,walking,1,GREEN
104_3128,104,0.5258,walking,walking,1,YELLOW
104_3129,104,0.8172,walking,walking,1,GREEN
104_3130,104,0.8192,walking,walking,1,GREEN
104_3131,104,0.8258,walking,walking,1,GREEN
104_3132,104,0.8092,walking,walking,1,GREEN
104_3133,104,0.7383,walking,walking,1,YELLOW
104_3134,104,0.7901,walking,walking,1,GREEN
104_3135,104,0.5247,walking,walking,1,YELLOW
104_3136,104,0.8638,walking,walking,1,GREEN
104_3137,104,0.8536,walking,walking,1,GREEN
104_3138,104,0.8428,walking,walking,1,GREEN
104_3139,104,0.7079,walking,walking,1,YELLOW
104_3140,104,0.5382,stairs_up,walking,0,YELLOW
104_3141,104,0.4392,stairs_up,walking,0,RED
104_3142,104,0.5016,stairs_up,walking,0,YELLOW
104_3143,104,0.7802,walking,walking,1,GREEN
104_3144,104,0.7854,walking,walking,1,GREEN
104_3145,104,0.8332,walking,walking,1,GREEN
104_3146,104,0.8069,walking,walking,1,GREEN
104_3147,104,0.6979,walking,walking,1,YELLOW
104_3148,104,0.5817,walking,walking,1,YELLOW
104_3149,104,0.5575,stairs_up,walking,0,YELLOW
104_3150,104,0.7266,walking,walking,1,YELLOW
104_3151,104,0.7471,walking,walking,1,YELLOW
104_3152,104,0.7906,walking,walking,1,GREEN
104_3153,104,0.7043,walking,walking,1,YELLOW
104_3154,104,0.7413,walking,walking,1,YELLOW
104_3155,104,0.7369,walking,walking,1,YELLOW
104_3156,104,0.77,walking,walking,1,GREEN
104_3157,104,0.833,walking,walking,1,GREEN
104_3158,104,0.8407,walking,walking,1,GREEN
104_3159,104,0.857,walking,walking,1,GREEN
104_3160,104,0.8258,walking,walking,1,GREEN
104_3161,104,0.7573,walking,walking,1,GREEN
104_3162,104,0.7099,walking,walking,1,YELLOW
104_3163,104,0.8195,walking,walking,1,GREEN
104_3164,104,0.4735,walking,walking,1,YELLOW
104_3165,104,0.7578,walking,walking,1,GREEN
104_3166,104,0.7511,walking,walking,1,GREEN
104_3167,104,0.7419,walking,walking,1,YELLOW
104_3168,104,0.7653,walking,walking,1,GREEN
104_3169,104,0.751,walking,walking,1,GREEN
104_3170,104,0.696,walking,walking,1,YELLOW
104_3171,104,0.6941,walking,walking,1,YELLOW
104_3172,104,0.6269,walking,walking,1,YELLOW
104_3173,104,0.756,walking,walking,1,GREEN
104_3174,104,0.7661,walking,walking,1,GREEN
104_3175,104,0.8298,walking,walking,1,GREEN
104_3176,104,0.8362,walking,walking,1,GREEN
104_3177,104,0.8676,walking,walking,1,GREEN
104_3178,104,0.782,walking,walking,1,GREEN
104_3179,104,0.7487,walking,walking,1,YELLOW
104_3180,104,0.8327,walking,walking,1,GREEN
104_3181,104,0.7791,walking,walking,1,GREEN
104_3182,104,0.8564,walking,walking,1,GREEN
104_3183,104,0.8384,walking,walking,1,GREEN
104_3184,104,0.8,walking,walking,1,GREEN
104_3185,104,0.7572,walking,walking,1,GREEN
104_3186,104,0.8088,walking,walking,1,GREEN
104_3187,104,0.8011,walking,walking,1,GREEN
104_3188,104,0.7818,walking,walking,1,GREEN
104_3189,104,0.7982,walking,walking,1,GREEN
104_3190,104,0.8551,walking,walking,1,GREEN
104_3191,104,0.8221,walking,walking,1,GREEN
104_3192,104,0.5218,stairs_up,walking,0,YELLOW
104_3193,104,0.8339,walking,walking,1,GREEN
104_3194,104,0.8363,walking,walking,1,GREEN
104_3195,104,0.8363,walking,walking,1,GREEN
104_3196,104,0.8694,walking,walking,1,GREEN
104_3197,104,0.8435,walking,walking,1,GREEN
104_3198,104,0.8235,walking,walking,1,GREEN
104_3199,104,0.7528,walking,walking,1,GREEN
104_3200,104,0.8205,walking,walking,1,GREEN
104_3201,104,0.799,walking,walking,1,GREEN
104_3202,104,0.8508,walking,walking,1,GREEN
104_3203,104,0.8251,walking,walking,1,GREEN
104_3204,104,0.8276,walking,walking,1,GREEN
104_3205,104,0.8472,walking,walking,1,GREEN
104_3206,104,0.8222,walking,walking,1,GREEN
104_3207,104,0.7942,walking,walking,1,GREEN
104_3208,104,0.8179,walking,walking,1,GREEN
104_3209,104,0.9086,walking,walking,1,GREEN
104_3210,104,0.7369,walking,walking,1,YELLOW
104_3211,104,0.8431,walking,walking,1,GREEN
104_3212,104,0.8272,walking,walking,1,GREEN
104_3213,104,0.8097,walking,walking,1,GREEN
104_3214,104,0.7566,walking,walking,1,GREEN
104_3215,104,0.7461,walking,walking,1,YELLOW
104_3216,104,0.8367,walking,walking,1,GREEN
104_3217,104,0.7924,walking,walking,1,GREEN
104_3218,104,0.8274,walking,walking,1,GREEN
104_3219,104,0.7993,walking,walking,1,GREEN
104_3220,104,0.8341,walking,walking,1,GREEN
104_3221,104,0.8583,walking,walking,1,GREEN
104_3222,104,0.799,walking,walking,1,GREEN
104_3223,104,0.8632,walking,walking,1,GREEN
104_3224,104,0.7889,walking,walking,1,GREEN
104_3225,104,0.8187,walking,walking,1,GREEN
104_3226,104,0.7766,walking,walking,1,GREEN
104_3227,104,0.5862,walking,walking,1,YELLOW
104_3228,104,0.4669,stairs_up,walking,0,YELLOW
104_3229,104,0.5147,walking,walking,1,YELLOW
104_3230,104,0.8291,walking,walking,1,GREEN
104_3231,104,0.6832,walking,walking,1,YELLOW
104_3232,104,0.5533,walking,walking,1,YELLOW
104_3233,104,0.5661,walking,walking,1,YELLOW
104_3234,104,0.7771,walking,walking,1,GREEN
104_3235,104,0.8636,walking,walking,1,GREEN
104_3236,104,0.6717,walking,walking,1,YELLOW
104_3237,104,0.5976,walking,walking,1,YELLOW
104_3238,104,0.4673,walking,walking,1,YELLOW
104_3239,104,0.534,walking,walking,1,YELLOW
104_3240,104,0.6083,walking,walking,1,YELLOW
104_3241,104,0.8441,walking,walking,1,GREEN
104_3242,104,0.8311,walking,walking,1,GREEN
104_3243,104,0.7625,walking,walking,1,GREEN
104_3244,104,0.8946,walking,walking,1,GREEN
104_3245,104,0.8847,walking,walking,1,GREEN
104_3246,104,0.8814,walking,walking,1,GREEN
104_3247,104,0.7781,walking,walking,1,GREEN
104_3248,104,0.7968,walking,walking,1,GREEN
104_3249,104,0.7983,walking,walking,1,GREEN
104_3250,104,0.7797,walking,walking,1,GREEN
104_3251,104,0.8357,walking,walking,1,GREEN
104_3252,104,0.7723,walking,walking,1,GREEN
104_3253,104,0.8216,walking,walking,1,GREEN
104_3254,104,0.7859,walking,walking,1,GREEN
104_3255,104,0.8246,walking,walking,1,GREEN
104_3256,104,0.7743,walking,walking,1,GREEN
104_3257,104,0.767,walking,walking,1,GREEN
104_3258,104,0.8547,walking,walking,1,GREEN
104_3259,104,0.4751,walking,walking,1,YELLOW
104_3260,104,0.5642,walking,walking,1,YELLOW
104_3261,104,0.7293,walking,walking,1,YELLOW
104_3262,104,0.7569,walking,walking,1,GREEN
104_3263,104,0.692,walking,walking,1,YELLOW
104_3264,104,0.7611,walking,walking,1,GREEN
104_3265,104,0.7904,walking,walking,1,GREEN
104_3266,104,0.6816,walking,walking,1,YELLOW
104_3267,104,0.8204,walking,walking,1,GREEN
104_3268,104,0.7951,walking,walking,1,GREEN
104_3269,104,0.7888,walking,walking,1,GREEN
104_3270,104,0.7438,walking,walking,1,YELLOW
104_3271,104,0.7608,walking,walking,1,GREEN
104_3272,104,0.8378,walking,walking,1,GREEN
104_3273,104,0.5298,walking,walking,1,YELLOW
104_3274,104,0.459,stairs_up,walking,0,YELLOW
104_3275,104,0.6258,stairs_up,walking,0,YELLOW
104_3276,104,0.7556,stairs_up,walking,0,GREEN
104_3277,104,0.5278,stairs_up,walking,0,YELLOW
104_3278,104,0.5775,stairs_up,walking,0,YELLOW
104_3279,104,0.7394,walking,walking,1,YELLOW
104_3280,104,0.7816,walking,walking,1,GREEN
104_3281,104,0.8724,walking,walking,1,GREEN
104_3282,104,0.7876,walking,walking,1,GREEN
104_3283,104,0.7903,walking,walking,1,GREEN
104_3284,104,0.9305,walking,walking,1,GREEN
104_3285,104,0.8373,walking,walking,1,GREEN
104_3286,104,0.8816,walking,walking,1,GREEN
104_3287,104,0.8479,walking,walking,1,GREEN
104_3288,104,0.8861,walking,walking,1,GREEN
104_3289,104,0.8357,walking,walking,1,GREEN
104_3290,104,0.7701,walking,walking,1,GREEN
104_3291,104,0.6423,walking,walking,1,YELLOW
104_3292,104,0.6711,walking,walking,1,YELLOW
104_3293,104,0.8343,walking,walking,1,GREEN
104_3294,104,0.8434,walking,walking,1,GREEN
104_3295,104,0.839,walking,walking,1,GREEN
104_3296,104,0.8268,walking,walking,1,GREEN
104_3297,104,0.8327,walking,walking,1,GREEN
104_3298,104,0.7404,walking,walking,1,YELLOW
104_3299,104,0.4871,walking,walking,1,YELLOW
104_3300,104,0.6795,walking,walking,1,YELLOW
104_3301,104,0.7598,walking,walking,1,GREEN
104_3302,104,0.7986,walking,walking,1,GREEN
104_3303,104,0.7925,walking,walking,1,GREEN
104_3304,104,0.837,walking,walking,1,GREEN
104_3305,104,0.7317,walking,walking,1,YELLOW
104_3306,104,0.7698,walking,walking,1,GREEN
104_3307,104,0.873,walking,walking,1,GREEN
104_3308,104,0.7259,walking,walking,1,YELLOW
104_3309,104,0.8869,walking,walking,1,GREEN
104_3310,104,0.8358,walking,walking,1,GREEN
104_3311,104,0.8605,walking,walking,1,GREEN
104_3312,104,0.8535,walking,walking,1,GREEN
104_3313,104,0.8683,walking,walking,1,GREEN
104_3314,104,0.836,walking,walking,1,GREEN
104_3315,104,0.8356,walking,walking,1,GREEN
104_3316,104,0.8412,walking,walking,1,GREEN
104_3317,104,0.8343,walking,walking,1,GREEN
104_3318,104,0.8868,walking,walking,1,GREEN
104_3319,104,0.849,walking,walking,1,GREEN
104_3320,104,0.8496,walking,walking,1,GREEN
104_3321,104,0.7669,walking,walking,1,GREEN
104_3322,104,0.9093,walking,walking,1,GREEN
104_3323,104,0.8771,walking,walking,1,GREEN
104_3324,104,0.8684,walking,walking,1,GREEN
104_3325,104,0.883,walking,walking,1,GREEN
104_3326,104,0.8385,walking,walking,1,GREEN
104_3327,104,0.8285,walking,walking,1,GREEN
104_3328,104,0.8623,walking,walking,1,GREEN
104_3329,104,0.9278,walking,walking,1,GREEN
104_3330,104,0.789,walking,walking,1,GREEN
104_3331,104,0.8923,walking,walking,1,GREEN
104_3332,104,0.8967,walking,walking,1,GREEN
104_3333,104,0.8623,walking,walking,1,GREEN
104_3334,104,0.8161,walking,walking,1,GREEN
104_3335,104,0.9496,walking,walking,1,GREEN
104_3336,104,0.907,walking,walking,1,GREEN
104_3337,104,0.8454,walking,walking,1,GREEN
104_3338,104,0.8698,walking,walking,1,GREEN
104_3339,104,0.8841,walking,walking,1,GREEN
104_3340,104,0.8675,walking,walking,1,GREEN
104_3341,104,0.7224,walking,walking,1,YELLOW
104_3342,104,0.8305,walking,walking,1,GREEN
104_3343,104,0.8717,walking,walking,1,GREEN
104_3344,104,0.8692,walking,walking,1,GREEN
104_3345,104,0.8414,walking,walking,1,GREEN
104_3346,104,0.8738,walking,walking,1,GREEN
104_3347,104,0.8849,walking,walking,1,GREEN
104_3348,104,0.7896,walking,walking,1,GREEN
104_3349,104,0.8816,walking,walking,1,GREEN
104_3350,104,0.8465,walking,walking,1,GREEN
104_3351,104,0.7834,walking,walking,1,GREEN
104_3352,104,0.7851,walking,walking,1,GREEN
104_3353,104,0.7938,walking,walking,1,GREEN
104_3354,104,0.7806,walking,walking,1,GREEN
104_3355,104,0.8135,walking,walking,1,GREEN
104_3356,104,0.8762,walking,walking,1,GREEN
104_3357,104,0.8739,walking,walking,1,GREEN
104_3358,104,0.8694,walking,walking,1,GREEN
104_3359,104,0.8812,walking,walking,1,GREEN
104_3360,104,0.8937,walking,walking,1,GREEN
104_3361,104,0.8425,walking,walking,1,GREEN
104_3362,104,0.8484,walking,walking,1,GREEN
104_3363,104,0.8773,walking,walking,1,GREEN
104_3364,104,0.8846,walking,walking,1,GREEN
104_3365,104,0.8856,walking,walking,1,GREEN
104_3366,104,0.8504,walking,walking,1,GREEN
104_3367,104,0.79,walking,walking,1,GREEN
104_3368,104,0.7961,walking,walking,1,GREEN
104_3369,104,0.8151,walking,walking,1,GREEN
104_3370,104,0.8008,walking,walking,1,GREEN
104_3371,104,0.7974,walking,walking,1,GREEN
104_3372,104,0.8252,walking,walking,1,GREEN
104_3373,104,0.8312,walking,walking,1,GREEN
104_3374,104,0.8231,walking,walking,1,GREEN
104_3375,104,0.7446,walking,walking,1,YELLOW
104_3376,104,0.7956,walking,walking,1,GREEN
104_3377,104,0.7585,walking,walking,1,GREEN
104_3378,104,0.7843,walking,walking,1,GREEN
104_3379,104,0.802,walking,walking,1,GREEN
104_3380,104,0.8098,walking,walking,1,GREEN
104_3381,104,0.7618,walking,walking,1,GREEN
104_3382,104,0.7755,walking,walking,1,GREEN
104_3383,104,0.8179,walking,walking,1,GREEN
104_3384,104,0.7997,walking,walking,1,GREEN
104_3385,104,0.7963,walking,walking,1,GREEN
104_3386,104,0.8139,walking,walking,1,GREEN
104_3387,104,0.8354,walking,walking,1,GREEN
104_3388,104,0.8312,walking,walking,1,GREEN
104_3389,104,0.8407,walking,walking,1,GREEN
104_3390,104,0.7724,walking,walking,1,GREEN
104_3391,104,0.8003,walking,walking,1,GREEN
104_3392,104,0.7112,walking,walking,1,YELLOW
104_3393,104,0.8819,walking,walking,1,GREEN
104_3394,104,0.8641,walking,walking,1,GREEN
104_3395,104,0.8652,walking,walking,1,GREEN
104_3396,104,0.8541,walking,walking,1,GREEN
104_3397,104,0.8015,walking,walking,1,GREEN
104_3398,104,0.8401,walking,walking,1,GREEN
104_3399,104,0.8812,walking,walking,1,GREEN
104_3400,104,0.8692,walking,walking,1,GREEN
104_3401,104,0.774,walking,walking,1,GREEN
104_3402,104,0.8552,walking,walking,1,GREEN
104_3403,104,0.8749,walking,walking,1,GREEN
104_3404,104,0.9238,walking,walking,1,GREEN
104_3405,104,0.9127,walking,walking,1,GREEN
104_3406,104,0.9273,walking,walking,1,GREEN
104_3407,104,0.9294,walking,walking,1,GREEN
104_3408,104,0.6824,walking,walking,1,YELLOW
104_3409,104,0.821,walking,walking,1,GREEN
104_3410,104,0.8558,walking,walking,1,GREEN
104_3411,104,0.9116,walking,walking,1,GREEN
104_3412,104,0.8705,walking,walking,1,GREEN
104_3413,104,0.8701,walking,walking,1,GREEN
104_3414,104,0.8833,walking,walking,1,GREEN
104_3415,104,0.7939,walking,walking,1,GREEN
104_3416,104,0.8722,walking,walking,1,GREEN
104_3417,104,0.8353,walking,walking,1,GREEN
104_3418,104,0.9225,walking,walking,1,GREEN
104_3419,104,0.9078,walking,walking,1,GREEN
104_3420,104,0.8486,walking,walking,1,GREEN
104_3421,104,0.8358,walking,walking,1,GREEN
104_3422,104,0.8099,walking,walking,1,GREEN
104_3423,104,0.9069,walking,walking,1,GREEN
104_3424,104,0.765,walking,walking,1,GREEN
104_3425,104,0.8858,walking,walking,1,GREEN
104_3426,104,0.8962,walking,walking,1,GREEN
104_3427,104,0.9391,walking,walking,1,GREEN
104_3428,104,0.8876,walking,walking,1,GREEN
104_3429,104,0.7126,walking,walking,1,YELLOW
104_3430,104,0.7954,walking,walking,1,GREEN
104_3431,104,0.534,walking,walking,1,YELLOW
104_3432,104,0.8562,walking,walking,1,GREEN
104_3433,104,0.8239,walking,walking,1,GREEN
104_3434,104,0.8656,walking,walking,1,GREEN
104_3435,104,0.8662,walking,walking,1,GREEN
104_3436,104,0.8061,walking,walking,1,GREEN
104_3437,104,0.7417,walking,walking,1,YELLOW
104_3438,104,0.5802,walking,walking,1,YELLOW
104_3439,104,0.8252,walking,walking,1,GREEN
104_3440,104,0.7846,walking,walking,1,GREEN
104_3441,104,0.91,walking,walking,1,GREEN
104_3442,104,0.9125,walking,walking,1,GREEN
104_3443,104,0.8788,walking,walking,1,GREEN
104_3444,104,0.839,walking,walking,1,GREEN
104_3445,104,0.8035,walking,walking,1,GREEN
104_3446,104,0.8319,walking,walking,1,GREEN
104_3447,104,0.9075,walking,walking,1,GREEN
104_3448,104,0.9002,walking,walking,1,GREEN
104_3449,104,0.8799,walking,walking,1,GREEN
104_3450,104,0.8784,walking,walking,1,GREEN
104_3451,104,0.8485,walking,walking,1,GREEN
104_3452,104,0.8263,walking,walking,1,GREEN
104_3453,104,0.8578,walking,walking,1,GREEN
104_3454,104,0.8554,walking,walking,1,GREEN
104_3455,104,0.5816,walking,walking,1,YELLOW
104_3456,104,0.8251,walking,walking,1,GREEN
104_3457,104,0.8528,walking,walking,1,GREEN
104_3458,104,0.8591,walking,walking,1,GREEN
104_3459,104,0.8219,walking,walking,1,GREEN
104_3460,104,0.8778,walking,walking,1,GREEN
104_3461,104,0.8505,walking,walking,1,GREEN
104_3462,104,0.7666,walking,walking,1,GREEN
104_3463,104,0.8036,walking,walking,1,GREEN
104_3464,104,0.7506,walking,walking,1,GREEN
104_3465,104,0.8716,walking,walking,1,GREEN
104_3466,104,0.8096,walking,walking,1,GREEN
104_3467,104,0.8113,walking,walking,1,GREEN
104_3468,104,0.8074,walking,walking,1,GREEN
104_3469,104,0.7899,walking,walking,1,GREEN
104_3470,104,0.7924,walking,walking,1,GREEN
104_3471,104,0.711,walking,walking,1,YELLOW
104_3472,104,0.6165,walking,walking,1,YELLOW
104_3473,104,0.7306,walking,walking,1,YELLOW
104_3474,104,0.7763,walking,walking,1,GREEN
104_3475,104,0.8136,walking,walking,1,GREEN
104_3476,104,0.7817,walking,walking,1,GREEN
104_3477,104,0.7751,walking,walking,1,GREEN
104_3478,104,0.8687,walking,walking,1,GREEN
104_3479,104,0.8766,walking,walking,1,GREEN
104_3480,104,0.8732,walking,walking,1,GREEN
104_3481,104,0.8405,walking,walking,1,GREEN
104_3482,104,0.8735,walking,walking,1,GREEN
104_3483,104,0.9048,walking,walking,1,GREEN
104_3484,104,0.8377,walking,walking,1,GREEN
104_3485,104,0.8185,walking,walking,1,GREEN
104_3486,104,0.8019,walking,walking,1,GREEN
104_3487,104,0.8303,walking,walking,1,GREEN
104_3488,104,0.6241,walking,walking,1,YELLOW
104_3489,104,0.8721,walking,walking,1,GREEN
104_3490,104,0.8671,walking,walking,1,GREEN
104_3491,104,0.8491,walking,walking,1,GREEN
104_3492,104,0.8301,walking,walking,1,GREEN
104_3493,104,0.8445,walking,walking,1,GREEN
104_3494,104,0.8571,walking,walking,1,GREEN
104_3495,104,0.8811,walking,walking,1,GREEN
104_3496,104,0.9046,walking,walking,1,GREEN
104_3497,104,0.7355,walking,walking,1,YELLOW
104_3498,104,0.8282,walking,walking,1,GREEN
104_3499,104,0.8374,walking,walking,1,GREEN
104_3500,104,0.8399,walking,walking,1,GREEN
104_3501,104,0.8167,walking,walking,1,GREEN
104_3502,104,0.8287,walking,walking,1,GREEN
104_3503,104,0.8563,walking,walking,1,GREEN
104_3504,104,0.7832,walking,walking,1,GREEN
104_3505,104,0.8281,walking,walking,1,GREEN
104_3506,104,0.6745,walking,walking,1,YELLOW
104_3507,104,0.8731,walking,walking,1,GREEN
104_3508,104,0.9034,walking,walking,1,GREEN
104_3509,104,0.8744,walking,walking,1,GREEN
104_3510,104,0.8051,walking,walking,1,GREEN
104_3511,104,0.8228,walking,walking,1,GREEN
104_3512,104,0.8606,walking,walking,1,GREEN
104_3513,104,0.6951,walking,walking,1,YELLOW
104_3514,104,0.8374,walking,walking,1,GREEN
104_3515,104,0.7946,walking,walking,1,GREEN
104_3516,104,0.8072,walking,walking,1,GREEN
104_3517,104,0.7971,walking,walking,1,GREEN
104_3518,104,0.8823,walking,walking,1,GREEN
104_3519,104,0.9197,walking,walking,1,GREEN
104_3520,104,0.8257,walking,walking,1,GREEN
104_3521,104,0.8427,walking,walking,1,GREEN
104_3522,104,0.8993,walking,walking,1,GREEN
104_3523,104,0.8346,walking,walking,1,GREEN
104_3524,104,0.7532,walking,walking,1,GREEN
104_3525,104,0.7864,walking,walking,1,GREEN
104_3526,104,0.7665,walking,walking,1,GREEN
104_3527,104,0.7867,walking,walking,1,GREEN
104_3528,104,0.7958,walking,walking,1,GREEN
104_3529,104,0.9062,walking,walking,1,GREEN
104_3530,104,0.8779,walking,walking,1,GREEN
104_3531,104,0.8348,walking,walking,1,GREEN
104_3532,104,0.8643,walking,walking,1,GREEN
104_3533,104,0.6667,walking,walking,1,YELLOW
104_3534,104,0.8103,walking,walking,1,GREEN
104_3535,104,0.6379,walking,walking,1,YELLOW
104_3536,104,0.6347,walking,walking,1,YELLOW
104_3537,104,0.6963,walking,walking,1,YELLOW
104_3538,104,0.6347,walking,walking,1,YELLOW
104_3539,104,0.7502,walking,walking,1,GREEN
104_3540,104,0.4829,walking,walking,1,YELLOW
104_3541,104,0.6073,walking,walking,1,YELLOW
104_3542,104,0.4669,walking,walking,1,YELLOW
104_3543,104,0.7758,walking,walking,1,GREEN
104_3544,104,0.4954,walking,walking,1,YELLOW
104_3545,104,0.449,stairs_up,walking,0,RED
104_3546,104,0.6904,walking,walking,1,YELLOW
104_3547,104,0.4858,walking,walking,1,YELLOW
104_3548,104,0.6214,walking,walking,1,YELLOW
104_3549,104,0.5947,walking,walking,1,YELLOW
104_3550,104,0.599,walking,walking,1,YELLOW
104_3551,104,0.8173,walking,walking,1,GREEN
104_3552,104,0.6846,walking,walking,1,YELLOW
104_3553,104,0.78,walking,walking,1,GREEN
104_3554,104,0.5544,walking,walking,1,YELLOW
104_3555,104,0.7,walking,walking,1,YELLOW
104_3556,104,0.7784,walking,walking,1,GREEN
104_3557,104,0.7072,walking,walking,1,YELLOW
104_3558,104,0.8278,walking,walking,1,GREEN
104_3559,104,0.4781,walking,walking,1,YELLOW
104_3560,104,0.3465,walking,walking,1,RED
104_3561,104,0.4097,walking,walking,1,RED
104_3562,104,0.41,walking,walking,1,RED
104_3563,104,0.3925,walking,walking,1,RED
104_3564,104,0.344,walking,walking,1,RED
104_3565,104,0.3662,walking,walking,1,RED
104_3566,104,0.3706,walking,walking,1,RED
104_3567,104,0.3693,walking,walking,1,RED
104_3568,104,0.2888,nordic_walk,nordic_walk,1,RED
104_3569,104,0.2825,sitting,nordic_walk,0,RED
104_3570,104,0.2593,nordic_walk,nordic_walk,1,RED
104_3571,104,0.2505,nordic_walk,nordic_walk,1,RED
104_3572,104,0.3585,sitting,nordic_walk,0,RED
104_3573,104,0.3098,sitting,nordic_walk,0,RED
104_3574,104,0.4461,nordic_walk,nordic_walk,1,RED
104_3575,104,0.347,nordic_walk,nordic_walk,1,RED
104_3576,104,0.3494,nordic_walk,nordic_walk,1,RED
104_3577,104,0.606,nordic_walk,nordic_walk,1,YELLOW
104_3578,104,0.5018,walking,nordic_walk,0,YELLOW
104_3579,104,0.6852,nordic_walk,nordic_walk,1,YELLOW
104_3580,104,0.8383,nordic_walk,nordic_walk,1,GREEN
104_3581,104,0.9229,nordic_walk,nordic_walk,1,GREEN
104_3582,104,0.889,nordic_walk,nordic_walk,1,GREEN
104_3583,104,0.4622,walking,nordic_walk,0,YELLOW
104_3584,104,0.8466,nordic_walk,nordic_walk,1,GREEN
104_3585,104,0.8978,nordic_walk,nordic_walk,1,GREEN
104_3586,104,0.8865,nordic_walk,nordic_walk,1,GREEN
104_3587,104,0.9214,nordic_walk,nordic_walk,1,GREEN
104_3588,104,0.9384,nordic_walk,nordic_walk,1,GREEN
104_3589,104,0.9401,nordic_walk,nordic_walk,1,GREEN
104_3590,104,0.928,nordic_walk,nordic_walk,1,GREEN
104_3591,104,0.8987,nordic_walk,nordic_walk,1,GREEN
104_3592,104,0.9093,nordic_walk,nordic_walk,1,GREEN
104_3593,104,0.925,nordic_walk,nordic_walk,1,GREEN
104_3594,104,0.6875,nordic_walk,nordic_walk,1,YELLOW
104_3595,104,0.8856,nordic_walk,nordic_walk,1,GREEN
104_3596,104,0.8567,nordic_walk,nordic_walk,1,GREEN
104_3597,104,0.8997,nordic_walk,nordic_walk,1,GREEN
104_3598,104,0.9286,nordic_walk,nordic_walk,1,GREEN
104_3599,104,0.6093,nordic_walk,nordic_walk,1,YELLOW
104_3600,104,0.522,nordic_walk,nordic_walk,1,YELLOW
104_3601,104,0.6715,nordic_walk,nordic_walk,1,YELLOW
104_3602,104,0.6746,nordic_walk,nordic_walk,1,YELLOW
104_3603,104,0.4329,nordic_walk,nordic_walk,1,RED
104_3604,104,0.6771,nordic_walk,nordic_walk,1,YELLOW
104_3605,104,0.9005,nordic_walk,nordic_walk,1,GREEN
104_3606,104,0.92,nordic_walk,nordic_walk,1,GREEN
104_3607,104,0.9118,nordic_walk,nordic_walk,1,GREEN
104_3608,104,0.8458,nordic_walk,nordic_walk,1,GREEN
104_3609,104,0.8952,nordic_walk,nordic_walk,1,GREEN
104_3610,104,0.9425,nordic_walk,nordic_walk,1,GREEN
104_3611,104,0.9063,nordic_walk,nordic_walk,1,GREEN
104_3612,104,0.7579,nordic_walk,nordic_walk,1,GREEN
104_3613,104,0.7018,nordic_walk,nordic_walk,1,YELLOW
104_3614,104,0.5203,nordic_walk,nordic_walk,1,YELLOW
104_3615,104,0.8473,nordic_walk,nordic_walk,1,GREEN
104_3616,104,0.8197,nordic_walk,nordic_walk,1,GREEN
104_3617,104,0.8956,nordic_walk,nordic_walk,1,GREEN
104_3618,104,0.9261,nordic_walk,nordic_walk,1,GREEN
104_3619,104,0.9261,nordic_walk,nordic_walk,1,GREEN
104_3620,104,0.9371,nordic_walk,nordic_walk,1,GREEN
104_3621,104,0.9286,nordic_walk,nordic_walk,1,GREEN
104_3622,104,0.9062,nordic_walk,nordic_walk,1,GREEN
104_3623,104,0.9343,nordic_walk,nordic_walk,1,GREEN
104_3624,104,0.9493,nordic_walk,nordic_walk,1,GREEN
104_3625,104,0.9252,nordic_walk,nordic_walk,1,GREEN
104_3626,104,0.9011,nordic_walk,nordic_walk,1,GREEN
104_3627,104,0.6018,nordic_walk,nordic_walk,1,YELLOW
104_3628,104,0.9484,nordic_walk,nordic_walk,1,GREEN
104_3629,104,0.9407,nordic_walk,nordic_walk,1,GREEN
104_3630,104,0.9211,nordic_walk,nordic_walk,1,GREEN
104_3631,104,0.6455,nordic_walk,nordic_walk,1,YELLOW
104_3632,104,0.6746,nordic_walk,nordic_walk,1,YELLOW
104_3633,104,0.6257,nordic_walk,nordic_walk,1,YELLOW
104_3634,104,0.9059,nordic_walk,nordic_walk,1,GREEN
104_3635,104,0.9123,nordic_walk,nordic_walk,1,GREEN
104_3636,104,0.9327,nordic_walk,nordic_walk,1,GREEN
104_3637,104,0.9505,nordic_walk,nordic_walk,1,GREEN
104_3638,104,0.8953,nordic_walk,nordic_walk,1,GREEN
104_3639,104,0.9039,nordic_walk,nordic_walk,1,GREEN
104_3640,104,0.9211,nordic_walk,nordic_walk,1,GREEN
104_3641,104,0.9386,nordic_walk,nordic_walk,1,GREEN
104_3642,104,0.9426,nordic_walk,nordic_walk,1,GREEN
104_3643,104,0.9361,nordic_walk,nordic_walk,1,GREEN
104_3644,104,0.9437,nordic_walk,nordic_walk,1,GREEN
104_3645,104,0.9194,nordic_walk,nordic_walk,1,GREEN
104_3646,104,0.9275,nordic_walk,nordic_walk,1,GREEN
104_3647,104,0.9501,nordic_walk,nordic_walk,1,GREEN
104_3648,104,0.9436,nordic_walk,nordic_walk,1,GREEN
104_3649,104,0.919,nordic_walk,nordic_walk,1,GREEN
104_3650,104,0.9018,nordic_walk,nordic_walk,1,GREEN
104_3651,104,0.9283,nordic_walk,nordic_walk,1,GREEN
104_3652,104,0.6361,nordic_walk,nordic_walk,1,YELLOW
104_3653,104,0.6238,nordic_walk,nordic_walk,1,YELLOW
104_3654,104,0.6276,nordic_walk,nordic_walk,1,YELLOW
104_3655,104,0.9022,nordic_walk,nordic_walk,1,GREEN
104_3656,104,0.9081,nordic_walk,nordic_walk,1,GREEN
104_3657,104,0.8706,nordic_walk,nordic_walk,1,GREEN
104_3658,104,0.5185,nordic_walk,nordic_walk,1,YELLOW
104_3659,104,0.9124,nordic_walk,nordic_walk,1,GREEN
104_3660,104,0.9291,nordic_walk,nordic_walk,1,GREEN
104_3661,104,0.9206,nordic_walk,nordic_walk,1,GREEN
104_3662,104,0.934,nordic_walk,nordic_walk,1,GREEN
104_3663,104,0.9113,nordic_walk,nordic_walk,1,GREEN
104_3664,104,0.8935,nordic_walk,nordic_walk,1,GREEN
104_3665,104,0.9164,nordic_walk,nordic_walk,1,GREEN
104_3666,104,0.9496,nordic_walk,nordic_walk,1,GREEN
104_3667,104,0.9114,nordic_walk,nordic_walk,1,GREEN
104_3668,104,0.9189,nordic_walk,nordic_walk,1,GREEN
104_3669,104,0.9321,nordic_walk,nordic_walk,1,GREEN
104_3670,104,0.9178,nordic_walk,nordic_walk,1,GREEN
104_3671,104,0.7127,walking,nordic_walk,0,YELLOW
104_3672,104,0.6675,walking,nordic_walk,0,YELLOW
104_3673,104,0.9054,nordic_walk,nordic_walk,1,GREEN
104_3674,104,0.9189,nordic_walk,nordic_walk,1,GREEN
104_3675,104,0.6802,nordic_walk,nordic_walk,1,YELLOW
104_3676,104,0.6979,nordic_walk,nordic_walk,1,YELLOW
104_3677,104,0.714,nordic_walk,nordic_walk,1,YELLOW
104_3678,104,0.8503,nordic_walk,nordic_walk,1,GREEN
104_3679,104,0.5825,nordic_walk,nordic_walk,1,YELLOW
104_3680,104,0.9256,nordic_walk,nordic_walk,1,GREEN
104_3681,104,0.9481,nordic_walk,nordic_walk,1,GREEN
104_3682,104,0.817,nordic_walk,nordic_walk,1,GREEN
104_3683,104,0.7354,nordic_walk,nordic_walk,1,YELLOW
104_3684,104,0.8965,nordic_walk,nordic_walk,1,GREEN
104_3685,104,0.9028,nordic_walk,nordic_walk,1,GREEN
104_3686,104,0.9415,nordic_walk,nordic_walk,1,GREEN
104_3687,104,0.945,nordic_walk,nordic_walk,1,GREEN
104_3688,104,0.878,nordic_walk,nordic_walk,1,GREEN
104_3689,104,0.8765,nordic_walk,nordic_walk,1,GREEN
104_3690,104,0.5618,walking,nordic_walk,0,YELLOW
104_3691,104,0.9043,nordic_walk,nordic_walk,1,GREEN
104_3692,104,0.7047,nordic_walk,nordic_walk,1,YELLOW
104_3693,104,0.7626,nordic_walk,nordic_walk,1,GREEN
104_3694,104,0.8381,nordic_walk,nordic_walk,1,GREEN
104_3695,104,0.9306,nordic_walk,nordic_walk,1,GREEN
104_3696,104,0.9341,nordic_walk,nordic_walk,1,GREEN
104_3697,104,0.9252,nordic_walk,nordic_walk,1,GREEN
104_3698,104,0.9204,nordic_walk,nordic_walk,1,GREEN
104_3699,104,0.6247,nordic_walk,nordic_walk,1,YELLOW
104_3700,104,0.6896,nordic_walk,nordic_walk,1,YELLOW
104_3701,104,0.9495,nordic_walk,nordic_walk,1,GREEN
104_3702,104,0.9125,nordic_walk,nordic_walk,1,GREEN
104_3703,104,0.5251,nordic_walk,nordic_walk,1,YELLOW
104_3704,104,0.9313,nordic_walk,nordic_walk,1,GREEN
104_3705,104,0.9324,nordic_walk,nordic_walk,1,GREEN
104_3706,104,0.9281,nordic_walk,nordic_walk,1,GREEN
104_3707,104,0.9266,nordic_walk,nordic_walk,1,GREEN
104_3708,104,0.8204,nordic_walk,nordic_walk,1,GREEN
104_3709,104,0.8632,nordic_walk,nordic_walk,1,GREEN
104_3710,104,0.8357,nordic_walk,nordic_walk,1,GREEN
104_3711,104,0.7157,nordic_walk,nordic_walk,1,YELLOW
104_3712,104,0.6635,nordic_walk,nordic_walk,1,YELLOW
104_3713,104,0.6674,nordic_walk,nordic_walk,1,YELLOW
104_3714,104,0.5283,stairs_down,nordic_walk,0,YELLOW
104_3715,104,0.565,stairs_down,nordic_walk,0,YELLOW
104_3716,104,0.3811,stairs_down,nordic_walk,0,RED
104_3717,104,0.8304,nordic_walk,nordic_walk,1,GREEN
104_3718,104,0.8802,nordic_walk,nordic_walk,1,GREEN
104_3719,104,0.6225,nordic_walk,nordic_walk,1,YELLOW
104_3720,104,0.8722,nordic_walk,nordic_walk,1,GREEN
104_3721,104,0.9234,nordic_walk,nordic_walk,1,GREEN
104_3722,104,0.8294,nordic_walk,nordic_walk,1,GREEN
104_3723,104,0.8477,nordic_walk,nordic_walk,1,GREEN
104_3724,104,0.92,nordic_walk,nordic_walk,1,GREEN
104_3725,104,0.8671,nordic_walk,nordic_walk,1,GREEN
104_3726,104,0.4147,nordic_walk,nordic_walk,1,RED
104_3727,104,0.8787,nordic_walk,nordic_walk,1,GREEN
104_3728,104,0.8855,nordic_walk,nordic_walk,1,GREEN
104_3729,104,0.8864,nordic_walk,nordic_walk,1,GREEN
104_3730,104,0.9115,nordic_walk,nordic_walk,1,GREEN
104_3731,104,0.909,nordic_walk,nordic_walk,1,GREEN
104_3732,104,0.9105,nordic_walk,nordic_walk,1,GREEN
104_3733,104,0.9152,nordic_walk,nordic_walk,1,GREEN
104_3734,104,0.9162,nordic_walk,nordic_walk,1,GREEN
104_3735,104,0.4453,nordic_walk,nordic_walk,1,RED
104_3736,104,0.8756,nordic_walk,nordic_walk,1,GREEN
104_3737,104,0.9033,nordic_walk,nordic_walk,1,GREEN
104_3738,104,0.8488,nordic_walk,nordic_walk,1,GREEN
104_3739,104,0.8879,nordic_walk,nordic_walk,1,GREEN
104_3740,104,0.8311,nordic_walk,nordic_walk,1,GREEN
104_3741,104,0.8903,nordic_walk,nordic_walk,1,GREEN
104_3742,104,0.9187,nordic_walk,nordic_walk,1,GREEN
104_3743,104,0.9094,nordic_walk,nordic_walk,1,GREEN
104_3744,104,0.49,walking,nordic_walk,0,YELLOW
104_3745,104,0.8578,nordic_walk,nordic_walk,1,GREEN
104_3746,104,0.8693,nordic_walk,nordic_walk,1,GREEN
104_3747,104,0.6027,nordic_walk,nordic_walk,1,YELLOW
104_3748,104,0.5131,nordic_walk,nordic_walk,1,YELLOW
104_3749,104,0.8759,nordic_walk,nordic_walk,1,GREEN
104_3750,104,0.8866,nordic_walk,nordic_walk,1,GREEN
104_3751,104,0.8989,nordic_walk,nordic_walk,1,GREEN
104_3752,104,0.9034,nordic_walk,nordic_walk,1,GREEN
104_3753,104,0.9075,nordic_walk,nordic_walk,1,GREEN
104_3754,104,0.8523,nordic_walk,nordic_walk,1,GREEN
104_3755,104,0.7942,nordic_walk,nordic_walk,1,GREEN
104_3756,104,0.943,nordic_walk,nordic_walk,1,GREEN
104_3757,104,0.6611,nordic_walk,nordic_walk,1,YELLOW
104_3758,104,0.596,nordic_walk,nordic_walk,1,YELLOW
104_3759,104,0.633,nordic_walk,nordic_walk,1,YELLOW
104_3760,104,0.6049,nordic_walk,nordic_walk,1,YELLOW
104_3761,104,0.7577,nordic_walk,nordic_walk,1,GREEN
104_3762,104,0.8198,nordic_walk,nordic_walk,1,GREEN
104_3763,104,0.448,walking,nordic_walk,0,RED
104_3764,104,0.459,nordic_walk,nordic_walk,1,YELLOW
104_3765,104,0.5539,nordic_walk,nordic_walk,1,YELLOW
104_3766,104,0.6041,nordic_walk,nordic_walk,1,YELLOW
104_3767,104,0.5569,nordic_walk,nordic_walk,1,YELLOW
104_3768,104,0.5193,nordic_walk,nordic_walk,1,YELLOW
104_3769,104,0.6118,nordic_walk,nordic_walk,1,YELLOW
104_3770,104,0.653,nordic_walk,nordic_walk,1,YELLOW
104_3771,104,0.9068,nordic_walk,nordic_walk,1,GREEN
104_3772,104,0.8803,nordic_walk,nordic_walk,1,GREEN
104_3773,104,0.581,nordic_walk,nordic_walk,1,YELLOW
104_3774,104,0.5649,nordic_walk,nordic_walk,1,YELLOW
104_3775,104,0.4561,nordic_walk,nordic_walk,1,YELLOW
104_3776,104,0.7177,nordic_walk,nordic_walk,1,YELLOW
104_3777,104,0.6306,nordic_walk,nordic_walk,1,YELLOW
104_3778,104,0.8192,nordic_walk,nordic_walk,1,GREEN
104_3779,104,0.9117,nordic_walk,nordic_walk,1,GREEN
104_3780,104,0.8764,nordic_walk,nordic_walk,1,GREEN
104_3781,104,0.8838,nordic_walk,nordic_walk,1,GREEN
104_3782,104,0.7145,nordic_walk,nordic_walk,1,YELLOW
104_3783,104,0.8419,nordic_walk,nordic_walk,1,GREEN
104_3784,104,0.9062,nordic_walk,nordic_walk,1,GREEN
104_3785,104,0.8156,nordic_walk,nordic_walk,1,GREEN
104_3786,104,0.645,walking,nordic_walk,0,YELLOW
104_3787,104,0.7192,nordic_walk,nordic_walk,1,YELLOW
104_3788,104,0.7041,nordic_walk,nordic_walk,1,YELLOW
104_3789,104,0.7989,nordic_walk,nordic_walk,1,GREEN
104_3790,104,0.8797,nordic_walk,nordic_walk,1,GREEN
104_3791,104,0.6999,nordic_walk,nordic_walk,1,YELLOW
104_3792,104,0.6523,nordic_walk,nordic_walk,1,YELLOW
104_3793,104,0.6344,nordic_walk,nordic_walk,1,YELLOW
104_3794,104,0.6298,nordic_walk,nordic_walk,1,YELLOW
104_3795,104,0.6472,nordic_walk,nordic_walk,1,YELLOW
104_3796,104,0.6104,nordic_walk,nordic_walk,1,YELLOW
104_3797,104,0.5827,nordic_walk,nordic_walk,1,YELLOW
104_3798,104,0.8903,nordic_walk,nordic_walk,1,GREEN
104_3799,104,0.9062,nordic_walk,nordic_walk,1,GREEN
104_3800,104,0.6737,nordic_walk,nordic_walk,1,YELLOW
104_3801,104,0.7263,nordic_walk,nordic_walk,1,YELLOW
104_3802,104,0.7849,nordic_walk,nordic_walk,1,GREEN
104_3803,104,0.9108,nordic_walk,nordic_walk,1,GREEN
104_3804,104,0.7229,nordic_walk,nordic_walk,1,YELLOW
104_3805,104,0.8163,nordic_walk,nordic_walk,1,GREEN
104_3806,104,0.9297,nordic_walk,nordic_walk,1,GREEN
104_3807,104,0.9164,nordic_walk,nordic_walk,1,GREEN
104_3808,104,0.4113,nordic_walk,nordic_walk,1,RED
104_3809,104,0.822,nordic_walk,nordic_walk,1,GREEN
104_3810,104,0.8647,nordic_walk,nordic_walk,1,GREEN
104_3811,104,0.756,nordic_walk,nordic_walk,1,GREEN
104_3812,104,0.8845,nordic_walk,nordic_walk,1,GREEN
104_3813,104,0.8514,nordic_walk,nordic_walk,1,GREEN
104_3814,104,0.8861,nordic_walk,nordic_walk,1,GREEN
104_3815,104,0.8718,nordic_walk,nordic_walk,1,GREEN
104_3816,104,0.6889,nordic_walk,nordic_walk,1,YELLOW
104_3817,104,0.427,walking,nordic_walk,0,RED
104_3818,104,0.6084,nordic_walk,nordic_walk,1,YELLOW
104_3819,104,0.562,nordic_walk,nordic_walk,1,YELLOW
104_3820,104,0.574,nordic_walk,nordic_walk,1,YELLOW
104_3821,104,0.6668,nordic_walk,nordic_walk,1,YELLOW
104_3822,104,0.6538,nordic_walk,nordic_walk,1,YELLOW
104_3823,104,0.6101,nordic_walk,nordic_walk,1,YELLOW
104_3824,104,0.5197,walking,nordic_walk,0,YELLOW
104_3825,104,0.6843,nordic_walk,nordic_walk,1,YELLOW
104_3826,104,0.7874,nordic_walk,nordic_walk,1,GREEN
104_3827,104,0.9131,nordic_walk,nordic_walk,1,GREEN
104_3828,104,0.9094,nordic_walk,nordic_walk,1,GREEN
104_3829,104,0.5778,nordic_walk,nordic_walk,1,YELLOW
104_3830,104,0.6328,nordic_walk,nordic_walk,1,YELLOW
104_3831,104,0.7251,nordic_walk,nordic_walk,1,YELLOW
104_3832,104,0.6094,nordic_walk,nordic_walk,1,YELLOW
104_3833,104,0.6276,nordic_walk,nordic_walk,1,YELLOW
104_3834,104,0.8957,nordic_walk,nordic_walk,1,GREEN
104_3835,104,0.9471,nordic_walk,nordic_walk,1,GREEN
104_3836,104,0.5729,nordic_walk,nordic_walk,1,YELLOW
104_3837,104,0.4914,nordic_walk,nordic_walk,1,YELLOW
104_3838,104,0.5897,nordic_walk,nordic_walk,1,YELLOW
104_3839,104,0.6094,nordic_walk,nordic_walk,1,YELLOW
104_3840,104,0.4752,nordic_walk,nordic_walk,1,YELLOW
104_3841,104,0.8967,nordic_walk,nordic_walk,1,GREEN
104_3842,104,0.7927,nordic_walk,nordic_walk,1,GREEN
104_3843,104,0.8826,nordic_walk,nordic_walk,1,GREEN
104_3844,104,0.9079,nordic_walk,nordic_walk,1,GREEN
104_3845,104,0.6977,nordic_walk,nordic_walk,1,YELLOW
104_3846,104,0.6585,nordic_walk,nordic_walk,1,YELLOW
104_3847,104,0.3976,nordic_walk,nordic_walk,1,RED
104_3848,104,0.8603,nordic_walk,nordic_walk,1,GREEN
104_3849,104,0.621,nordic_walk,nordic_walk,1,YELLOW
104_3850,104,0.6238,nordic_walk,nordic_walk,1,YELLOW
104_3851,104,0.7663,nordic_walk,nordic_walk,1,GREEN
104_3852,104,0.8967,nordic_walk,nordic_walk,1,GREEN
104_3853,104,0.9492,nordic_walk,nordic_walk,1,GREEN
104_3854,104,0.6015,nordic_walk,nordic_walk,1,YELLOW
104_3855,104,0.5707,nordic_walk,nordic_walk,1,YELLOW
104_3856,104,0.6531,walking,nordic_walk,0,YELLOW
104_3857,104,0.5865,nordic_walk,nordic_walk,1,YELLOW
104_3858,104,0.6152,nordic_walk,nordic_walk,1,YELLOW
104_3859,104,0.8818,nordic_walk,nordic_walk,1,GREEN
104_3860,104,0.9155,nordic_walk,nordic_walk,1,GREEN
104_3861,104,0.6336,nordic_walk,nordic_walk,1,YELLOW
104_3862,104,0.6401,nordic_walk,nordic_walk,1,YELLOW
104_3863,104,0.484,walking,nordic_walk,0,YELLOW
104_3864,104,0.6932,nordic_walk,nordic_walk,1,YELLOW
104_3865,104,0.6282,nordic_walk,nordic_walk,1,YELLOW
104_3866,104,0.5595,nordic_walk,nordic_walk,1,YELLOW
104_3867,104,0.633,nordic_walk,nordic_walk,1,YELLOW
104_3868,104,0.8403,nordic_walk,nordic_walk,1,GREEN
104_3869,104,0.8892,nordic_walk,nordic_walk,1,GREEN
104_3870,104,0.6042,nordic_walk,nordic_walk,1,YELLOW
104_3871,104,0.586,nordic_walk,nordic_walk,1,YELLOW
104_3872,104,0.4984,walking,nordic_walk,0,YELLOW
104_3873,104,0.6069,nordic_walk,nordic_walk,1,YELLOW
104_3874,104,0.5673,nordic_walk,nordic_walk,1,YELLOW
104_3875,104,0.6974,nordic_walk,nordic_walk,1,YELLOW
104_3876,104,0.7001,nordic_walk,nordic_walk,1,YELLOW
104_3877,104,0.8794,nordic_walk,nordic_walk,1,GREEN
104_3878,104,0.9165,nordic_walk,nordic_walk,1,GREEN
104_3879,104,0.6293,nordic_walk,nordic_walk,1,YELLOW
104_3880,104,0.6401,nordic_walk,nordic_walk,1,YELLOW
104_3881,104,0.9457,nordic_walk,nordic_walk,1,GREEN
104_3882,104,0.9039,nordic_walk,nordic_walk,1,GREEN
104_3883,104,0.561,nordic_walk,nordic_walk,1,YELLOW
104_3884,104,0.6337,nordic_walk,nordic_walk,1,YELLOW
104_3885,104,0.6763,nordic_walk,nordic_walk,1,YELLOW
104_3886,104,0.9071,nordic_walk,nordic_walk,1,GREEN
104_3887,104,0.9094,nordic_walk,nordic_walk,1,GREEN
104_3888,104,0.8873,nordic_walk,nordic_walk,1,GREEN
104_3889,104,0.8981,nordic_walk,nordic_walk,1,GREEN
104_3890,104,0.6898,nordic_walk,nordic_walk,1,YELLOW
104_3891,104,0.8103,nordic_walk,nordic_walk,1,GREEN
104_3892,104,0.4995,nordic_walk,nordic_walk,1,YELLOW
104_3893,104,0.5416,nordic_walk,nordic_walk,1,YELLOW
104_3894,104,0.6501,walking,nordic_walk,0,YELLOW
104_3895,104,0.915,nordic_walk,nordic_walk,1,GREEN
104_3896,104,0.9116,nordic_walk,nordic_walk,1,GREEN
104_3897,104,0.5417,nordic_walk,nordic_walk,1,YELLOW
104_3898,104,0.5887,nordic_walk,nordic_walk,1,YELLOW
104_3899,104,0.6344,nordic_walk,nordic_walk,1,YELLOW
104_3900,104,0.6158,nordic_walk,nordic_walk,1,YELLOW
104_3901,104,0.4938,nordic_walk,nordic_walk,1,YELLOW
104_3902,104,0.4601,nordic_walk,nordic_walk,1,YELLOW
104_3903,104,0.6042,nordic_walk,nordic_walk,1,YELLOW
104_3904,104,0.6195,nordic_walk,nordic_walk,1,YELLOW
104_3905,104,0.5484,walking,nordic_walk,0,YELLOW
104_3906,104,0.6211,nordic_walk,nordic_walk,1,YELLOW
104_3907,104,0.6434,nordic_walk,nordic_walk,1,YELLOW
104_3908,104,0.6223,nordic_walk,nordic_walk,1,YELLOW
104_3909,104,0.6358,nordic_walk,nordic_walk,1,YELLOW
104_3910,104,0.8785,nordic_walk,nordic_walk,1,GREEN
104_3911,104,0.9081,nordic_walk,nordic_walk,1,GREEN
104_3912,104,0.8957,nordic_walk,nordic_walk,1,GREEN
104_3913,104,0.879,nordic_walk,nordic_walk,1,GREEN
104_3914,104,0.5673,nordic_walk,nordic_walk,1,YELLOW
104_3915,104,0.6358,nordic_walk,nordic_walk,1,YELLOW
104_3916,104,0.6931,nordic_walk,nordic_walk,1,YELLOW
104_3917,104,0.8074,nordic_walk,nordic_walk,1,GREEN
104_3918,104,0.9439,nordic_walk,nordic_walk,1,GREEN
104_3919,104,0.9154,nordic_walk,nordic_walk,1,GREEN
104_3920,104,0.6389,walking,nordic_walk,0,YELLOW
104_3921,104,0.937,nordic_walk,nordic_walk,1,GREEN
104_3922,104,0.9282,nordic_walk,nordic_walk,1,GREEN
104_3923,104,0.5996,nordic_walk,nordic_walk,1,YELLOW
104_3924,104,0.8821,nordic_walk,nordic_walk,1,GREEN
104_3925,104,0.6384,nordic_walk,nordic_walk,1,YELLOW
104_3926,104,0.6405,nordic_walk,nordic_walk,1,YELLOW
104_3927,104,0.5927,nordic_walk,nordic_walk,1,YELLOW
104_3928,104,0.569,nordic_walk,nordic_walk,1,YELLOW
104_3929,104,0.6228,walking,nordic_walk,0,YELLOW
104_3930,104,0.5932,nordic_walk,nordic_walk,1,YELLOW
104_3931,104,0.6032,nordic_walk,nordic_walk,1,YELLOW
104_3932,104,0.8989,nordic_walk,nordic_walk,1,GREEN
104_3933,104,0.9329,nordic_walk,nordic_walk,1,GREEN
104_3934,104,0.6949,nordic_walk,nordic_walk,1,YELLOW
104_3935,104,0.744,nordic_walk,nordic_walk,1,YELLOW
104_3936,104,0.62,nordic_walk,nordic_walk,1,YELLOW
104_3937,104,0.6714,nordic_walk,nordic_walk,1,YELLOW
104_3938,104,0.5378,nordic_walk,nordic_walk,1,YELLOW
104_3939,104,0.481,nordic_walk,nordic_walk,1,YELLOW
104_3940,104,0.5052,walking,nordic_walk,0,YELLOW
104_3941,104,0.835,nordic_walk,nordic_walk,1,GREEN
104_3942,104,0.8117,nordic_walk,nordic_walk,1,GREEN
104_3943,104,0.5597,nordic_walk,nordic_walk,1,YELLOW
104_3944,104,0.8036,nordic_walk,nordic_walk,1,GREEN
104_3945,104,0.8135,nordic_walk,nordic_walk,1,GREEN
104_3946,104,0.9073,nordic_walk,nordic_walk,1,GREEN
104_3947,104,0.6706,nordic_walk,nordic_walk,1,YELLOW
104_3948,104,0.6815,nordic_walk,nordic_walk,1,YELLOW
104_3949,104,0.5957,walking,nordic_walk,0,YELLOW
104_3950,104,0.5839,nordic_walk,nordic_walk,1,YELLOW
104_3951,104,0.5976,nordic_walk,nordic_walk,1,YELLOW
104_3952,104,0.8234,nordic_walk,nordic_walk,1,GREEN
104_3953,104,0.8438,nordic_walk,nordic_walk,1,GREEN
104_3954,104,0.9229,nordic_walk,nordic_walk,1,GREEN
104_3955,104,0.9084,nordic_walk,nordic_walk,1,GREEN
104_3956,104,0.6862,walking,nordic_walk,0,YELLOW
104_3957,104,0.89,nordic_walk,nordic_walk,1,GREEN
104_3958,104,0.8951,nordic_walk,nordic_walk,1,GREEN
104_3959,104,0.8039,nordic_walk,nordic_walk,1,GREEN
104_3960,104,0.9235,nordic_walk,nordic_walk,1,GREEN
104_3961,104,0.951,nordic_walk,nordic_walk,1,GREEN
104_3962,104,0.9075,nordic_walk,nordic_walk,1,GREEN
104_3963,104,0.8525,nordic_walk,nordic_walk,1,GREEN
104_3964,104,0.875,nordic_walk,nordic_walk,1,GREEN
104_3965,104,0.5985,nordic_walk,nordic_walk,1,YELLOW
104_3966,104,0.5097,nordic_walk,nordic_walk,1,YELLOW
104_3967,104,0.6392,nordic_walk,nordic_walk,1,YELLOW
104_3968,104,0.6146,nordic_walk,nordic_walk,1,YELLOW
104_3969,104,0.6373,nordic_walk,nordic_walk,1,YELLOW
104_3970,104,0.547,nordic_walk,nordic_walk,1,YELLOW
104_3971,104,0.5811,nordic_walk,nordic_walk,1,YELLOW
104_3972,104,0.5139,nordic_walk,nordic_walk,1,YELLOW
104_3973,104,0.4297,nordic_walk,nordic_walk,1,RED
104_3974,104,0.5928,nordic_walk,nordic_walk,1,YELLOW
104_3975,104,0.4373,nordic_walk,nordic_walk,1,RED
104_3976,104,0.5586,stairs_up,nordic_walk,0,YELLOW
104_3977,104,0.2984,stairs_down,nordic_walk,0,RED
104_3978,104,0.2346,stairs_up,nordic_walk,0,RED
104_3979,104,0.2348,walking,nordic_walk,0,RED
104_3980,104,0.2713,stairs_up,nordic_walk,0,RED
104_3981,104,0.4427,nordic_walk,nordic_walk,1,RED
104_3982,104,0.4416,nordic_walk,nordic_walk,1,RED
104_3983,104,0.712,nordic_walk,nordic_walk,1,YELLOW
104_3984,104,0.7953,nordic_walk,nordic_walk,1,GREEN
104_3985,104,0.4573,nordic_walk,nordic_walk,1,YELLOW
104_3986,104,0.5636,nordic_walk,nordic_walk,1,YELLOW
104_3987,104,0.8456,nordic_walk,nordic_walk,1,GREEN
104_3988,104,0.8807,nordic_walk,nordic_walk,1,GREEN
104_3989,104,0.9122,nordic_walk,nordic_walk,1,GREEN
104_3990,104,0.6495,nordic_walk,nordic_walk,1,YELLOW
104_3991,104,0.6911,nordic_walk,nordic_walk,1,YELLOW
104_3992,104,0.6067,nordic_walk,nordic_walk,1,YELLOW
104_3993,104,0.5432,nordic_walk,nordic_walk,1,YELLOW
104_3994,104,0.5531,walking,nordic_walk,0,YELLOW
104_3995,104,0.8996,nordic_walk,nordic_walk,1,GREEN
104_3996,104,0.908,nordic_walk,nordic_walk,1,GREEN
104_3997,104,0.7837,nordic_walk,nordic_walk,1,GREEN
104_3998,104,0.7059,nordic_walk,nordic_walk,1,YELLOW
104_3999,104,0.8599,nordic_walk,nordic_walk,1,GREEN
104_4000,104,0.8546,nordic_walk,nordic_walk,1,GREEN
104_4001,104,0.9386,nordic_walk,nordic_walk,1,GREEN
104_4002,104,0.9359,nordic_walk,nordic_walk,1,GREEN
104_4003,104,0.8813,nordic_walk,nordic_walk,1,GREEN
104_4004,104,0.7873,nordic_walk,nordic_walk,1,GREEN
104_4005,104,0.8813,nordic_walk,nordic_walk,1,GREEN
104_4006,104,0.871,nordic_walk,nordic_walk,1,GREEN
104_4007,104,0.8855,nordic_walk,nordic_walk,1,GREEN
104_4008,104,0.8115,nordic_walk,nordic_walk,1,GREEN
104_4009,104,0.5313,nordic_walk,nordic_walk,1,YELLOW
104_4010,104,0.5626,nordic_walk,nordic_walk,1,YELLOW
104_4011,104,0.9205,nordic_walk,nordic_walk,1,GREEN
104_4012,104,0.9377,nordic_walk,nordic_walk,1,GREEN
104_4013,104,0.7777,nordic_walk,nordic_walk,1,GREEN
104_4014,104,0.9058,nordic_walk,nordic_walk,1,GREEN
104_4015,104,0.9307,nordic_walk,nordic_walk,1,GREEN
104_4016,104,0.921,nordic_walk,nordic_walk,1,GREEN
104_4017,104,0.4513,nordic_walk,nordic_walk,1,YELLOW
104_4018,104,0.8801,nordic_walk,nordic_walk,1,GREEN
104_4019,104,0.9483,nordic_walk,nordic_walk,1,GREEN
104_4020,104,0.6211,nordic_walk,nordic_walk,1,YELLOW
104_4021,104,0.6297,nordic_walk,nordic_walk,1,YELLOW
104_4022,104,0.5762,nordic_walk,nordic_walk,1,YELLOW
104_4023,104,0.5929,nordic_walk,nordic_walk,1,YELLOW
104_4024,104,0.9093,nordic_walk,nordic_walk,1,GREEN
104_4025,104,0.9196,nordic_walk,nordic_walk,1,GREEN
104_4026,104,0.9143,nordic_walk,nordic_walk,1,GREEN
104_4027,104,0.8855,nordic_walk,nordic_walk,1,GREEN
104_4028,104,0.6046,nordic_walk,nordic_walk,1,YELLOW
104_4029,104,0.8903,nordic_walk,nordic_walk,1,GREEN
104_4030,104,0.8266,nordic_walk,nordic_walk,1,GREEN
104_4031,104,0.474,nordic_walk,nordic_walk,1,YELLOW
104_4032,104,0.6216,nordic_walk,nordic_walk,1,YELLOW
104_4033,104,0.6541,nordic_walk,nordic_walk,1,YELLOW
104_4034,104,0.5935,nordic_walk,nordic_walk,1,YELLOW
104_4035,104,0.4825,nordic_walk,nordic_walk,1,YELLOW
104_4036,104,0.9191,nordic_walk,nordic_walk,1,GREEN
104_4037,104,0.9324,nordic_walk,nordic_walk,1,GREEN
104_4038,104,0.6772,nordic_walk,nordic_walk,1,YELLOW
104_4039,104,0.9131,nordic_walk,nordic_walk,1,GREEN
104_4040,104,0.6779,nordic_walk,nordic_walk,1,YELLOW
104_4041,104,0.812,nordic_walk,nordic_walk,1,GREEN
104_4042,104,0.7234,nordic_walk,nordic_walk,1,YELLOW
104_4043,104,0.7898,nordic_walk,nordic_walk,1,GREEN
104_4044,104,0.5339,nordic_walk,nordic_walk,1,YELLOW
104_4045,104,0.709,nordic_walk,nordic_walk,1,YELLOW
104_4046,104,0.6461,nordic_walk,nordic_walk,1,YELLOW
104_4047,104,0.62,nordic_walk,nordic_walk,1,YELLOW
104_4048,104,0.7422,nordic_walk,nordic_walk,1,YELLOW
104_4049,104,0.9145,nordic_walk,nordic_walk,1,GREEN
104_4050,104,0.9294,nordic_walk,nordic_walk,1,GREEN
104_4051,104,0.7497,nordic_walk,nordic_walk,1,YELLOW
104_4052,104,0.7581,nordic_walk,nordic_walk,1,GREEN
104_4053,104,0.5299,nordic_walk,nordic_walk,1,YELLOW
104_4054,104,0.9024,nordic_walk,nordic_walk,1,GREEN
104_4055,104,0.9199,nordic_walk,nordic_walk,1,GREEN
104_4056,104,0.5537,nordic_walk,nordic_walk,1,YELLOW
104_4057,104,0.5879,nordic_walk,nordic_walk,1,YELLOW
104_4058,104,0.9176,nordic_walk,nordic_walk,1,GREEN
104_4059,104,0.8903,nordic_walk,nordic_walk,1,GREEN
104_4060,104,0.4739,nordic_walk,nordic_walk,1,YELLOW
104_4061,104,0.7971,nordic_walk,nordic_walk,1,GREEN
104_4062,104,0.8159,nordic_walk,nordic_walk,1,GREEN
104_4063,104,0.8043,nordic_walk,nordic_walk,1,GREEN
104_4064,104,0.8598,nordic_walk,nordic_walk,1,GREEN
104_4065,104,0.7437,nordic_walk,nordic_walk,1,YELLOW
104_4066,104,0.7427,nordic_walk,nordic_walk,1,YELLOW
104_4067,104,0.4588,nordic_walk,nordic_walk,1,YELLOW
104_4068,104,0.6347,nordic_walk,nordic_walk,1,YELLOW
104_4069,104,0.6218,nordic_walk,nordic_walk,1,YELLOW
104_4070,104,0.5284,nordic_walk,nordic_walk,1,YELLOW
104_4071,104,0.6773,nordic_walk,nordic_walk,1,YELLOW
104_4072,104,0.4357,walking,nordic_walk,0,RED
104_4073,104,0.4082,nordic_walk,nordic_walk,1,RED
104_4074,104,0.561,nordic_walk,nordic_walk,1,YELLOW
104_4075,104,0.8624,nordic_walk,nordic_walk,1,GREEN
104_4076,104,0.7936,nordic_walk,nordic_walk,1,GREEN
104_4077,104,0.7248,nordic_walk,nordic_walk,1,YELLOW
104_4078,104,0.7628,nordic_walk,nordic_walk,1,GREEN
104_4079,104,0.6745,nordic_walk,nordic_walk,1,YELLOW
104_4080,104,0.6184,nordic_walk,nordic_walk,1,YELLOW
104_4081,104,0.9433,nordic_walk,nordic_walk,1,GREEN
104_4082,104,0.8692,nordic_walk,nordic_walk,1,GREEN
104_4083,104,0.4393,nordic_walk,nordic_walk,1,RED
104_4084,104,0.6774,nordic_walk,nordic_walk,1,YELLOW
104_4085,104,0.6885,nordic_walk,nordic_walk,1,YELLOW
104_4086,104,0.4893,nordic_walk,nordic_walk,1,YELLOW
104_4087,104,0.3652,nordic_walk,nordic_walk,1,RED
104_4088,104,0.5119,walking,nordic_walk,0,YELLOW
104_4089,104,0.2543,stairs_up,nordic_walk,0,RED
104_4090,104,0.2502,stairs_up,nordic_walk,0,RED
104_4091,104,0.3219,stairs_up,nordic_walk,0,RED
104_4092,104,0.2405,stairs_up,nordic_walk,0,RED
104_4093,104,0.2428,nordic_walk,nordic_walk,1,RED
104_4094,104,0.2615,nordic_walk,nordic_walk,1,RED
104_4095,104,0.2596,nordic_walk,nordic_walk,1,RED
104_4096,104,0.2113,nordic_walk,nordic_walk,1,RED
104_4097,104,0.2325,nordic_walk,nordic_walk,1,RED
104_4098,104,0.3333,sitting,nordic_walk,0,RED
104_4099,104,0.4101,sitting,nordic_walk,0,RED
104_4100,104,0.6859,cycling,cycling,1,YELLOW
104_4101,104,0.643,cycling,cycling,1,YELLOW
104_4102,104,0.5972,cycling,cycling,1,YELLOW
104_4103,104,0.7794,cycling,cycling,1,GREEN
104_4104,104,0.7507,cycling,cycling,1,GREEN
104_4105,104,0.7809,cycling,cycling,1,GREEN
104_4106,104,0.7666,cycling,cycling,1,GREEN
104_4107,104,0.7124,cycling,cycling,1,YELLOW
104_4108,104,0.745,cycling,cycling,1,YELLOW
104_4109,104,0.6171,cycling,cycling,1,YELLOW
104_4110,104,0.7762,cycling,cycling,1,GREEN
104_4111,104,0.7939,cycling,cycling,1,GREEN
104_4112,104,0.7794,cycling,cycling,1,GREEN
104_4113,104,0.8367,cycling,cycling,1,GREEN
104_4114,104,0.826,cycling,cycling,1,GREEN
104_4115,104,0.8301,cycling,cycling,1,GREEN
104_4116,104,0.8565,cycling,cycling,1,GREEN
104_4117,104,0.7531,cycling,cycling,1,GREEN
104_4118,104,0.6909,cycling,cycling,1,YELLOW
104_4119,104,0.6767,cycling,cycling,1,YELLOW
104_4120,104,0.7537,cycling,cycling,1,GREEN
104_4121,104,0.8527,cycling,cycling,1,GREEN
104_4122,104,0.8514,cycling,cycling,1,GREEN
104_4123,104,0.8069,cycling,cycling,1,GREEN
104_4124,104,0.6591,cycling,cycling,1,YELLOW
104_4125,104,0.8185,cycling,cycling,1,GREEN
104_4126,104,0.8589,cycling,cycling,1,GREEN
104_4127,104,0.7517,cycling,cycling,1,GREEN
104_4128,104,0.7816,cycling,cycling,1,GREEN
104_4129,104,0.7983,cycling,cycling,1,GREEN
104_4130,104,0.6823,cycling,cycling,1,YELLOW
104_4131,104,0.8664,cycling,cycling,1,GREEN
104_4132,104,0.9612,cycling,cycling,1,GREEN
104_4133,104,0.9561,cycling,cycling,1,GREEN
104_4134,104,0.9419,cycling,cycling,1,GREEN
104_4135,104,0.8889,cycling,cycling,1,GREEN
104_4136,104,0.8814,cycling,cycling,1,GREEN
104_4137,104,0.9188,cycling,cycling,1,GREEN
104_4138,104,0.8376,cycling,cycling,1,GREEN
104_4139,104,0.8651,cycling,cycling,1,GREEN
104_4140,104,0.8897,cycling,cycling,1,GREEN
104_4141,104,0.8569,cycling,cycling,1,GREEN
104_4142,104,0.8113,cycling,cycling,1,GREEN
104_4143,104,0.8668,cycling,cycling,1,GREEN
104_4144,104,0.8805,cycling,cycling,1,GREEN
104_4145,104,0.8916,cycling,cycling,1,GREEN
104_4146,104,0.8511,cycling,cycling,1,GREEN
104_4147,104,0.9359,cycling,cycling,1,GREEN
104_4148,104,0.9748,cycling,cycling,1,GREEN
104_4149,104,0.9825,cycling,cycling,1,GREEN
104_4150,104,0.9839,cycling,cycling,1,GREEN
104_4151,104,0.9782,cycling,cycling,1,GREEN
104_4152,104,0.9385,cycling,cycling,1,GREEN
104_4153,104,0.9515,cycling,cycling,1,GREEN
104_4154,104,0.9889,cycling,cycling,1,GREEN
104_4155,104,0.9833,cycling,cycling,1,GREEN
104_4156,104,0.9809,cycling,cycling,1,GREEN
104_4157,104,0.9846,cycling,cycling,1,GREEN
104_4158,104,0.9689,cycling,cycling,1,GREEN
104_4159,104,0.9273,cycling,cycling,1,GREEN
104_4160,104,0.932,cycling,cycling,1,GREEN
104_4161,104,0.9154,cycling,cycling,1,GREEN
104_4162,104,0.9042,cycling,cycling,1,GREEN
104_4163,104,0.8486,cycling,cycling,1,GREEN
104_4164,104,0.8557,cycling,cycling,1,GREEN
104_4165,104,0.8573,cycling,cycling,1,GREEN
104_4166,104,0.6475,cycling,cycling,1,YELLOW
104_4167,104,0.8614,cycling,cycling,1,GREEN
104_4168,104,0.8581,cycling,cycling,1,GREEN
104_4169,104,0.7843,cycling,cycling,1,GREEN
104_4170,104,0.822,cycling,cycling,1,GREEN
104_4171,104,0.7947,cycling,cycling,1,GREEN
104_4172,104,0.8203,cycling,cycling,1,GREEN
104_4173,104,0.8721,cycling,cycling,1,GREEN
104_4174,104,0.9128,cycling,cycling,1,GREEN
104_4175,104,0.8357,cycling,cycling,1,GREEN
104_4176,104,0.8407,cycling,cycling,1,GREEN
104_4177,104,0.8422,cycling,cycling,1,GREEN
104_4178,104,0.8935,cycling,cycling,1,GREEN
104_4179,104,0.887,cycling,cycling,1,GREEN
104_4180,104,0.8951,cycling,cycling,1,GREEN
104_4181,104,0.756,cycling,cycling,1,GREEN
104_4182,104,0.9024,cycling,cycling,1,GREEN
104_4183,104,0.8835,cycling,cycling,1,GREEN
104_4184,104,0.8612,cycling,cycling,1,GREEN
104_4185,104,0.7544,cycling,cycling,1,GREEN
104_4186,104,0.777,cycling,cycling,1,GREEN
104_4187,104,0.7942,cycling,cycling,1,GREEN
104_4188,104,0.6448,cycling,cycling,1,YELLOW
104_4189,104,0.8287,cycling,cycling,1,GREEN
104_4190,104,0.8319,cycling,cycling,1,GREEN
104_4191,104,0.8345,cycling,cycling,1,GREEN
104_4192,104,0.8739,cycling,cycling,1,GREEN
104_4193,104,0.8121,cycling,cycling,1,GREEN
104_4194,104,0.7905,cycling,cycling,1,GREEN
104_4195,104,0.7233,cycling,cycling,1,YELLOW
104_4196,104,0.8114,cycling,cycling,1,GREEN
104_4197,104,0.8326,cycling,cycling,1,GREEN
104_4198,104,0.6825,cycling,cycling,1,YELLOW
104_4199,104,0.813,cycling,cycling,1,GREEN
104_4200,104,0.8146,cycling,cycling,1,GREEN
104_4201,104,0.7484,cycling,cycling,1,YELLOW
104_4202,104,0.8418,cycling,cycling,1,GREEN
104_4203,104,0.8543,cycling,cycling,1,GREEN
104_4204,104,0.8284,cycling,cycling,1,GREEN
104_4205,104,0.8667,cycling,cycling,1,GREEN
104_4206,104,0.845,cycling,cycling,1,GREEN
104_4207,104,0.8007,cycling,cycling,1,GREEN
104_4208,104,0.7929,cycling,cycling,1,GREEN
104_4209,104,0.7629,cycling,cycling,1,GREEN
104_4210,104,0.7239,cycling,cycling,1,YELLOW
104_4211,104,0.6584,cycling,cycling,1,YELLOW
104_4212,104,0.681,cycling,cycling,1,YELLOW
104_4213,104,0.7993,cycling,cycling,1,GREEN
104_4214,104,0.5104,vacuuming,cycling,0,YELLOW
104_4215,104,0.6532,cycling,cycling,1,YELLOW
104_4216,104,0.8224,cycling,cycling,1,GREEN
104_4217,104,0.8049,cycling,cycling,1,GREEN
104_4218,104,0.5409,cycling,cycling,1,YELLOW
104_4219,104,0.6656,cycling,cycling,1,YELLOW
104_4220,104,0.7159,cycling,cycling,1,YELLOW
104_4221,104,0.7539,cycling,cycling,1,GREEN
104_4222,104,0.6716,cycling,cycling,1,YELLOW
104_4223,104,0.6154,cycling,cycling,1,YELLOW
104_4224,104,0.6859,cycling,cycling,1,YELLOW
104_4225,104,0.6861,cycling,cycling,1,YELLOW
104_4226,104,0.7644,cycling,cycling,1,GREEN
104_4227,104,0.8942,cycling,cycling,1,GREEN
104_4228,104,0.8893,cycling,cycling,1,GREEN
104_4229,104,0.8965,cycling,cycling,1,GREEN
104_4230,104,0.7561,cycling,cycling,1,GREEN
104_4231,104,0.8678,cycling,cycling,1,GREEN
104_4232,104,0.8045,cycling,cycling,1,GREEN
104_4233,104,0.7269,cycling,cycling,1,YELLOW
104_4234,104,0.7598,cycling,cycling,1,GREEN
104_4235,104,0.874,cycling,cycling,1,GREEN
104_4236,104,0.9404,cycling,cycling,1,GREEN
104_4237,104,0.8766,cycling,cycling,1,GREEN
104_4238,104,0.8804,cycling,cycling,1,GREEN
104_4239,104,0.9353,cycling,cycling,1,GREEN
104_4240,104,0.8327,cycling,cycling,1,GREEN
104_4241,104,0.8681,cycling,cycling,1,GREEN
104_4242,104,0.9285,cycling,cycling,1,GREEN
104_4243,104,0.8044,cycling,cycling,1,GREEN
104_4244,104,0.8644,cycling,cycling,1,GREEN
104_4245,104,0.9322,cycling,cycling,1,GREEN
104_4246,104,0.8533,cycling,cycling,1,GREEN
104_4247,104,0.8656,cycling,cycling,1,GREEN
104_4248,104,0.9279,cycling,cycling,1,GREEN
104_4249,104,0.8728,cycling,cycling,1,GREEN
104_4250,104,0.8698,cycling,cycling,1,GREEN
104_4251,104,0.8757,cycling,cycling,1,GREEN
104_4252,104,0.7602,cycling,cycling,1,GREEN
104_4253,104,0.7857,cycling,cycling,1,GREEN
104_4254,104,0.7592,cycling,cycling,1,GREEN
104_4255,104,0.7586,cycling,cycling,1,GREEN
104_4256,104,0.8363,cycling,cycling,1,GREEN
104_4257,104,0.833,cycling,cycling,1,GREEN
104_4258,104,0.867,cycling,cycling,1,GREEN
104_4259,104,0.9132,cycling,cycling,1,GREEN
104_4260,104,0.9275,cycling,cycling,1,GREEN
104_4261,104,0.9084,cycling,cycling,1,GREEN
104_4262,104,0.8982,cycling,cycling,1,GREEN
104_4263,104,0.8847,cycling,cycling,1,GREEN
104_4264,104,0.8655,cycling,cycling,1,GREEN
104_4265,104,0.8467,cycling,cycling,1,GREEN
104_4266,104,0.8601,cycling,cycling,1,GREEN
104_4267,104,0.8006,cycling,cycling,1,GREEN
104_4268,104,0.8133,cycling,cycling,1,GREEN
104_4269,104,0.8461,cycling,cycling,1,GREEN
104_4270,104,0.8457,cycling,cycling,1,GREEN
104_4271,104,0.8399,cycling,cycling,1,GREEN
104_4272,104,0.8309,cycling,cycling,1,GREEN
104_4273,104,0.8315,cycling,cycling,1,GREEN
104_4274,104,0.8277,cycling,cycling,1,GREEN
104_4275,104,0.8005,cycling,cycling,1,GREEN
104_4276,104,0.8189,cycling,cycling,1,GREEN
104_4277,104,0.8233,cycling,cycling,1,GREEN
104_4278,104,0.815,cycling,cycling,1,GREEN
104_4279,104,0.8575,cycling,cycling,1,GREEN
104_4280,104,0.7271,cycling,cycling,1,YELLOW
104_4281,104,0.7984,cycling,cycling,1,GREEN
104_4282,104,0.5366,cycling,cycling,1,YELLOW
104_4283,104,0.7464,cycling,cycling,1,YELLOW
104_4284,104,0.5142,cycling,cycling,1,YELLOW
104_4285,104,0.5266,cycling,cycling,1,YELLOW
104_4286,104,0.645,cycling,cycling,1,YELLOW
104_4287,104,0.6654,cycling,cycling,1,YELLOW
104_4288,104,0.8188,cycling,cycling,1,GREEN
104_4289,104,0.8546,cycling,cycling,1,GREEN
104_4290,104,0.6676,cycling,cycling,1,YELLOW
104_4291,104,0.7128,cycling,cycling,1,YELLOW
104_4292,104,0.6828,cycling,cycling,1,YELLOW
104_4293,104,0.7037,cycling,cycling,1,YELLOW
104_4294,104,0.6313,cycling,cycling,1,YELLOW
104_4295,104,0.5767,cycling,cycling,1,YELLOW
104_4296,104,0.6987,cycling,cycling,1,YELLOW
104_4297,104,0.5441,cycling,cycling,1,YELLOW
104_4298,104,0.7419,cycling,cycling,1,YELLOW
104_4299,104,0.6059,cycling,cycling,1,YELLOW
104_4300,104,0.6932,cycling,cycling,1,YELLOW
104_4301,104,0.72,cycling,cycling,1,YELLOW
104_4302,104,0.4983,vacuuming,cycling,0,YELLOW
104_4303,104,0.4971,vacuuming,cycling,0,YELLOW
104_4304,104,0.5437,cycling,cycling,1,YELLOW
104_4305,104,0.7946,cycling,cycling,1,GREEN
104_4306,104,0.6931,cycling,cycling,1,YELLOW
104_4307,104,0.509,cycling,cycling,1,YELLOW
104_4308,104,0.6681,cycling,cycling,1,YELLOW
104_4309,104,0.7703,cycling,cycling,1,GREEN
104_4310,104,0.6936,cycling,cycling,1,YELLOW
104_4311,104,0.6544,cycling,cycling,1,YELLOW
104_4312,104,0.5237,vacuuming,cycling,0,YELLOW
104_4313,104,0.4912,vacuuming,cycling,0,YELLOW
104_4314,104,0.7986,vacuuming,cycling,0,GREEN
104_4315,104,0.7878,vacuuming,cycling,0,GREEN
104_4316,104,0.5959,vacuuming,cycling,0,YELLOW
104_4317,104,0.7864,vacuuming,cycling,0,GREEN
104_4318,104,0.8556,vacuuming,cycling,0,GREEN
104_4319,104,0.8413,vacuuming,cycling,0,GREEN
104_4320,104,0.7027,vacuuming,cycling,0,YELLOW
104_4321,104,0.5134,cycling,cycling,1,YELLOW
104_4322,104,0.8265,cycling,cycling,1,GREEN
104_4323,104,0.827,cycling,cycling,1,GREEN
104_4324,104,0.7458,cycling,cycling,1,YELLOW
104_4325,104,0.7959,cycling,cycling,1,GREEN
104_4326,104,0.8177,cycling,cycling,1,GREEN
104_4327,104,0.8782,cycling,cycling,1,GREEN
104_4328,104,0.6557,cycling,cycling,1,YELLOW
104_4329,104,0.8399,cycling,cycling,1,GREEN
104_4330,104,0.8239,cycling,cycling,1,GREEN
104_4331,104,0.7779,cycling,cycling,1,GREEN
104_4332,104,0.8282,cycling,cycling,1,GREEN
104_4333,104,0.8273,cycling,cycling,1,GREEN
104_4334,104,0.8188,cycling,cycling,1,GREEN
104_4335,104,0.7688,cycling,cycling,1,GREEN
104_4336,104,0.8057,cycling,cycling,1,GREEN
104_4337,104,0.7772,cycling,cycling,1,GREEN
104_4338,104,0.7824,cycling,cycling,1,GREEN
104_4339,104,0.6989,cycling,cycling,1,YELLOW
104_4340,104,0.7248,cycling,cycling,1,YELLOW
104_4341,104,0.7185,cycling,cycling,1,YELLOW
104_4342,104,0.7656,cycling,cycling,1,GREEN
104_4343,104,0.8747,cycling,cycling,1,GREEN
104_4344,104,0.8704,cycling,cycling,1,GREEN
104_4345,104,0.795,cycling,cycling,1,GREEN
104_4346,104,0.7738,cycling,cycling,1,GREEN
104_4347,104,0.8356,cycling,cycling,1,GREEN
104_4348,104,0.7627,cycling,cycling,1,GREEN
104_4349,104,0.553,cycling,cycling,1,YELLOW
104_4350,104,0.794,cycling,cycling,1,GREEN
104_4351,104,0.8993,cycling,cycling,1,GREEN
104_4352,104,0.8444,cycling,cycling,1,GREEN
104_4353,104,0.894,cycling,cycling,1,GREEN
104_4354,104,0.9259,cycling,cycling,1,GREEN
104_4355,104,0.8691,cycling,cycling,1,GREEN
104_4356,104,0.9311,cycling,cycling,1,GREEN
104_4357,104,0.9332,cycling,cycling,1,GREEN
104_4358,104,0.8239,cycling,cycling,1,GREEN
104_4359,104,0.8979,cycling,cycling,1,GREEN
104_4360,104,0.917,cycling,cycling,1,GREEN
104_4361,104,0.8737,cycling,cycling,1,GREEN
104_4362,104,0.8561,cycling,cycling,1,GREEN
104_4363,104,0.8724,cycling,cycling,1,GREEN
104_4364,104,0.8651,cycling,cycling,1,GREEN
104_4365,104,0.8582,cycling,cycling,1,GREEN
104_4366,104,0.8586,cycling,cycling,1,GREEN
104_4367,104,0.8543,cycling,cycling,1,GREEN
104_4368,104,0.8821,cycling,cycling,1,GREEN
104_4369,104,0.7761,cycling,cycling,1,GREEN
104_4370,104,0.8805,cycling,cycling,1,GREEN
104_4371,104,0.9307,cycling,cycling,1,GREEN
104_4372,104,0.8537,cycling,cycling,1,GREEN
104_4373,104,0.8584,cycling,cycling,1,GREEN
104_4374,104,0.8942,cycling,cycling,1,GREEN
104_4375,104,0.8628,cycling,cycling,1,GREEN
104_4376,104,0.8697,cycling,cycling,1,GREEN
104_4377,104,0.8742,cycling,cycling,1,GREEN
104_4378,104,0.8623,cycling,cycling,1,GREEN
104_4379,104,0.8567,cycling,cycling,1,GREEN
104_4380,104,0.8265,cycling,cycling,1,GREEN
104_4381,104,0.8243,cycling,cycling,1,GREEN
104_4382,104,0.815,cycling,cycling,1,GREEN
104_4383,104,0.8033,cycling,cycling,1,GREEN
104_4384,104,0.6996,cycling,cycling,1,YELLOW
104_4385,104,0.6931,cycling,cycling,1,YELLOW
104_4386,104,0.882,cycling,cycling,1,GREEN
104_4387,104,0.8864,cycling,cycling,1,GREEN
104_4388,104,0.8794,cycling,cycling,1,GREEN
104_4389,104,0.9024,cycling,cycling,1,GREEN
104_4390,104,0.8755,cycling,cycling,1,GREEN
104_4391,104,0.8596,cycling,cycling,1,GREEN
104_4392,104,0.8655,cycling,cycling,1,GREEN
104_4393,104,0.857,cycling,cycling,1,GREEN
104_4394,104,0.832,cycling,cycling,1,GREEN
104_4395,104,0.8046,cycling,cycling,1,GREEN
104_4396,104,0.7989,cycling,cycling,1,GREEN
104_4397,104,0.7277,cycling,cycling,1,YELLOW
104_4398,104,0.8572,cycling,cycling,1,GREEN
104_4399,104,0.9017,cycling,cycling,1,GREEN
104_4400,104,0.7364,cycling,cycling,1,YELLOW
104_4401,104,0.8723,cycling,cycling,1,GREEN
104_4402,104,0.8793,cycling,cycling,1,GREEN
104_4403,104,0.9022,cycling,cycling,1,GREEN
104_4404,104,0.84,cycling,cycling,1,GREEN
104_4405,104,0.8625,cycling,cycling,1,GREEN
104_4406,104,0.8652,cycling,cycling,1,GREEN
104_4407,104,0.7933,cycling,cycling,1,GREEN
104_4408,104,0.8617,cycling,cycling,1,GREEN
104_4409,104,0.9354,cycling,cycling,1,GREEN
104_4410,104,0.839,cycling,cycling,1,GREEN
104_4411,104,0.8178,cycling,cycling,1,GREEN
104_4412,104,0.7696,cycling,cycling,1,GREEN
104_4413,104,0.7611,cycling,cycling,1,GREEN
104_4414,104,0.759,cycling,cycling,1,GREEN
104_4415,104,0.7828,cycling,cycling,1,GREEN
104_4416,104,0.7718,cycling,cycling,1,GREEN
104_4417,104,0.7867,cycling,cycling,1,GREEN
104_4418,104,0.8271,cycling,cycling,1,GREEN
104_4419,104,0.8322,cycling,cycling,1,GREEN
104_4420,104,0.7991,cycling,cycling,1,GREEN
104_4421,104,0.7966,cycling,cycling,1,GREEN
104_4422,104,0.7763,cycling,cycling,1,GREEN
104_4423,104,0.8274,cycling,cycling,1,GREEN
104_4424,104,0.7265,cycling,cycling,1,YELLOW
104_4425,104,0.7807,cycling,cycling,1,GREEN
104_4426,104,0.9166,cycling,cycling,1,GREEN
104_4427,104,0.8873,cycling,cycling,1,GREEN
104_4428,104,0.884,cycling,cycling,1,GREEN
104_4429,104,0.8904,cycling,cycling,1,GREEN
104_4430,104,0.8677,cycling,cycling,1,GREEN
104_4431,104,0.824,cycling,cycling,1,GREEN
104_4432,104,0.8174,cycling,cycling,1,GREEN
104_4433,104,0.7948,cycling,cycling,1,GREEN
104_4434,104,0.7579,cycling,cycling,1,GREEN
104_4435,104,0.7724,cycling,cycling,1,GREEN
104_4436,104,0.813,cycling,cycling,1,GREEN
104_4437,104,0.8108,cycling,cycling,1,GREEN
104_4438,104,0.6907,cycling,cycling,1,YELLOW
104_4439,104,0.8199,cycling,cycling,1,GREEN
104_4440,104,0.7021,cycling,cycling,1,YELLOW
104_4441,104,0.7648,cycling,cycling,1,GREEN
104_4442,104,0.8523,cycling,cycling,1,GREEN
104_4443,104,0.9098,cycling,cycling,1,GREEN
104_4444,104,0.8429,cycling,cycling,1,GREEN
104_4445,104,0.6696,cycling,cycling,1,YELLOW
104_4446,104,0.4612,vacuuming,cycling,0,YELLOW
104_4447,104,0.7848,cycling,cycling,1,GREEN
104_4448,104,0.819,cycling,cycling,1,GREEN
104_4449,104,0.6647,cycling,cycling,1,YELLOW
104_4450,104,0.8499,cycling,cycling,1,GREEN
104_4451,104,0.9584,cycling,cycling,1,GREEN
104_4452,104,0.8714,cycling,cycling,1,GREEN
104_4453,104,0.9059,cycling,cycling,1,GREEN
104_4454,104,0.9312,cycling,cycling,1,GREEN
104_4455,104,0.7876,cycling,cycling,1,GREEN
104_4456,104,0.8659,cycling,cycling,1,GREEN
104_4457,104,0.8776,cycling,cycling,1,GREEN
104_4458,104,0.865,cycling,cycling,1,GREEN
104_4459,104,0.8945,cycling,cycling,1,GREEN
104_4460,104,0.9677,cycling,cycling,1,GREEN
104_4461,104,0.9221,cycling,cycling,1,GREEN
104_4462,104,0.9244,cycling,cycling,1,GREEN
104_4463,104,0.948,cycling,cycling,1,GREEN
104_4464,104,0.8578,cycling,cycling,1,GREEN
104_4465,104,0.8441,cycling,cycling,1,GREEN
104_4466,104,0.8883,cycling,cycling,1,GREEN
104_4467,104,0.8564,cycling,cycling,1,GREEN
104_4468,104,0.8765,cycling,cycling,1,GREEN
104_4469,104,0.8657,cycling,cycling,1,GREEN
104_4470,104,0.8337,cycling,cycling,1,GREEN
104_4471,104,0.8416,cycling,cycling,1,GREEN
104_4472,104,0.7487,cycling,cycling,1,YELLOW
104_4473,104,0.7641,cycling,cycling,1,GREEN
104_4474,104,0.855,cycling,cycling,1,GREEN
104_4475,104,0.8338,cycling,cycling,1,GREEN
104_4476,104,0.8487,cycling,cycling,1,GREEN
104_4477,104,0.8464,cycling,cycling,1,GREEN
104_4478,104,0.8388,cycling,cycling,1,GREEN
104_4479,104,0.8059,cycling,cycling,1,GREEN
104_4480,104,0.7874,cycling,cycling,1,GREEN
104_4481,104,0.8754,cycling,cycling,1,GREEN
104_4482,104,0.8959,cycling,cycling,1,GREEN
104_4483,104,0.895,cycling,cycling,1,GREEN
104_4484,104,0.761,cycling,cycling,1,GREEN
104_4485,104,0.7004,cycling,cycling,1,YELLOW
104_4486,104,0.7987,cycling,cycling,1,GREEN
104_4487,104,0.8667,cycling,cycling,1,GREEN
104_4488,104,0.8817,cycling,cycling,1,GREEN
104_4489,104,0.8451,cycling,cycling,1,GREEN
104_4490,104,0.854,cycling,cycling,1,GREEN
104_4491,104,0.87,cycling,cycling,1,GREEN
104_4492,104,0.8386,cycling,cycling,1,GREEN
104_4493,104,0.8086,cycling,cycling,1,GREEN
104_4494,104,0.8485,cycling,cycling,1,GREEN
104_4495,104,0.8368,cycling,cycling,1,GREEN
104_4496,104,0.8363,cycling,cycling,1,GREEN
104_4497,104,0.8859,cycling,cycling,1,GREEN
104_4498,104,0.9352,cycling,cycling,1,GREEN
104_4499,104,0.7552,cycling,cycling,1,GREEN
104_4500,104,0.8506,cycling,cycling,1,GREEN
104_4501,104,0.8896,cycling,cycling,1,GREEN
104_4502,104,0.7997,cycling,cycling,1,GREEN
104_4503,104,0.8777,cycling,cycling,1,GREEN
104_4504,104,0.8618,cycling,cycling,1,GREEN
104_4505,104,0.8963,cycling,cycling,1,GREEN
104_4506,104,0.9042,cycling,cycling,1,GREEN
104_4507,104,0.7873,cycling,cycling,1,GREEN
104_4508,104,0.6552,cycling,cycling,1,YELLOW
104_4509,104,0.7115,cycling,cycling,1,YELLOW
104_4510,104,0.7687,cycling,cycling,1,GREEN
104_4511,104,0.7711,cycling,cycling,1,GREEN
104_4512,104,0.6914,cycling,cycling,1,YELLOW
104_4513,104,0.8361,cycling,cycling,1,GREEN
104_4514,104,0.8776,cycling,cycling,1,GREEN
104_4515,104,0.9091,cycling,cycling,1,GREEN
104_4516,104,0.887,cycling,cycling,1,GREEN
104_4517,104,0.8562,cycling,cycling,1,GREEN
104_4518,104,0.8541,cycling,cycling,1,GREEN
104_4519,104,0.8606,cycling,cycling,1,GREEN
104_4520,104,0.87,cycling,cycling,1,GREEN
104_4521,104,0.782,cycling,cycling,1,GREEN
104_4522,104,0.7547,cycling,cycling,1,GREEN
104_4523,104,0.7342,cycling,cycling,1,YELLOW
104_4524,104,0.7978,cycling,cycling,1,GREEN
104_4525,104,0.8053,cycling,cycling,1,GREEN
104_4526,104,0.7822,cycling,cycling,1,GREEN
104_4527,104,0.7743,cycling,cycling,1,GREEN
104_4528,104,0.7718,cycling,cycling,1,GREEN
104_4529,104,0.5628,cycling,cycling,1,YELLOW
104_4530,104,0.6586,cycling,cycling,1,YELLOW
104_4531,104,0.6208,cycling,cycling,1,YELLOW
104_4532,104,0.668,cycling,cycling,1,YELLOW
104_4533,104,0.6242,cycling,cycling,1,YELLOW
104_4534,104,0.5747,vacuuming,cycling,0,YELLOW
104_4535,104,0.5781,vacuuming,cycling,0,YELLOW
104_4536,104,0.5169,vacuuming,cycling,0,YELLOW
104_4537,104,0.3383,stairs_up,cycling,0,RED
104_4538,104,0.395,vacuuming,cycling,0,RED
104_4539,104,0.4443,cycling,cycling,1,RED
104_4540,104,0.7357,vacuuming,cycling,0,YELLOW
104_4541,104,0.7512,vacuuming,cycling,0,GREEN
104_4542,104,0.3241,vacuuming,cycling,0,RED
104_4543,104,0.5361,standing,cycling,0,YELLOW
104_4544,104,0.5219,standing,cycling,0,YELLOW
104_4545,104,0.6432,standing,cycling,0,YELLOW
104_4546,104,0.7284,standing,cycling,0,YELLOW
104_4547,104,0.4754,standing,cycling,0,YELLOW
104_4548,104,0.5144,standing,cycling,0,YELLOW
104_4549,104,0.5209,standing,cycling,0,YELLOW
107_0,107,0.6956,lying,lying,1,YELLOW
107_1,107,0.7913,lying,lying,1,GREEN
107_2,107,0.6636,lying,lying,1,YELLOW
107_3,107,0.7878,lying,lying,1,GREEN
107_4,107,0.6577,lying,lying,1,YELLOW
107_5,107,0.7761,lying,lying,1,GREEN
107_6,107,0.7037,lying,lying,1,YELLOW
107_7,107,0.7913,lying,lying,1,GREEN
107_8,107,0.7848,lying,lying,1,GREEN
107_9,107,0.7164,lying,lying,1,YELLOW
107_10,107,0.6574,lying,lying,1,YELLOW
107_11,107,0.5728,lying,lying,1,YELLOW
107_12,107,0.5206,lying,lying,1,YELLOW
107_13,107,0.6189,lying,lying,1,YELLOW
107_14,107,0.5536,lying,lying,1,YELLOW
107_15,107,0.7074,lying,lying,1,YELLOW
107_16,107,0.8961,lying,lying,1,GREEN
107_17,107,0.9436,lying,lying,1,GREEN
107_18,107,0.9773,lying,lying,1,GREEN
107_19,107,0.9735,lying,lying,1,GREEN
107_20,107,0.9774,lying,lying,1,GREEN
107_21,107,0.9856,lying,lying,1,GREEN
107_22,107,0.9926,lying,lying,1,GREEN
107_23,107,0.9941,lying,lying,1,GREEN
107_24,107,0.9926,lying,lying,1,GREEN
107_25,107,0.9896,lying,lying,1,GREEN
107_26,107,0.9941,lying,lying,1,GREEN
107_27,107,0.9941,lying,lying,1,GREEN
107_28,107,0.9955,lying,lying,1,GREEN
107_29,107,0.9955,lying,lying,1,GREEN
107_30,107,1.0,lying,lying,1,GREEN
107_31,107,1.0,lying,lying,1,GREEN
107_32,107,1.0,lying,lying,1,GREEN
107_33,107,0.9985,lying,lying,1,GREEN
107_34,107,1.0,lying,lying,1,GREEN
107_35,107,0.9955,lying,lying,1,GREEN
107_36,107,0.9941,lying,lying,1,GREEN
107_37,107,0.9911,lying,lying,1,GREEN
107_38,107,0.9941,lying,lying,1,GREEN
107_39,107,0.9955,lying,lying,1,GREEN
107_40,107,1.0,lying,lying,1,GREEN
107_41,107,1.0,lying,lying,1,GREEN
107_42,107,1.0,lying,lying,1,GREEN
107_43,107,1.0,lying,lying,1,GREEN
107_44,107,1.0,lying,lying,1,GREEN
107_45,107,1.0,lying,lying,1,GREEN
107_46,107,1.0,lying,lying,1,GREEN
107_47,107,1.0,lying,lying,1,GREEN
107_48,107,1.0,lying,lying,1,GREEN
107_49,107,1.0,lying,lying,1,GREEN
107_50,107,1.0,lying,lying,1,GREEN
107_51,107,1.0,lying,lying,1,GREEN
107_52,107,1.0,lying,lying,1,GREEN
107_53,107,1.0,lying,lying,1,GREEN
107_54,107,1.0,lying,lying,1,GREEN
107_55,107,1.0,lying,lying,1,GREEN
107_56,107,1.0,lying,lying,1,GREEN
107_57,107,1.0,lying,lying,1,GREEN
107_58,107,1.0,lying,lying,1,GREEN
107_59,107,1.0,lying,lying,1,GREEN
107_60,107,1.0,lying,lying,1,GREEN
107_61,107,1.0,lying,lying,1,GREEN
107_62,107,1.0,lying,lying,1,GREEN
107_63,107,1.0,lying,lying,1,GREEN
107_64,107,0.9955,lying,lying,1,GREEN
107_65,107,1.0,lying,lying,1,GREEN
107_66,107,1.0,lying,lying,1,GREEN
107_67,107,1.0,lying,lying,1,GREEN
107_68,107,1.0,lying,lying,1,GREEN
107_69,107,1.0,lying,lying,1,GREEN
107_70,107,1.0,lying,lying,1,GREEN
107_71,107,1.0,lying,lying,1,GREEN
107_72,107,1.0,lying,lying,1,GREEN
107_73,107,0.9955,lying,lying,1,GREEN
107_74,107,1.0,lying,lying,1,GREEN
107_75,107,1.0,lying,lying,1,GREEN
107_76,107,1.0,lying,lying,1,GREEN
107_77,107,1.0,lying,lying,1,GREEN
107_78,107,1.0,lying,lying,1,GREEN
107_79,107,1.0,lying,lying,1,GREEN
107_80,107,1.0,lying,lying,1,GREEN
107_81,107,1.0,lying,lying,1,GREEN
107_82,107,1.0,lying,lying,1,GREEN
107_83,107,1.0,lying,lying,1,GREEN
107_84,107,1.0,lying,lying,1,GREEN
107_85,107,1.0,lying,lying,1,GREEN
107_86,107,1.0,lying,lying,1,GREEN
107_87,107,1.0,lying,lying,1,GREEN
107_88,107,1.0,lying,lying,1,GREEN
107_89,107,1.0,lying,lying,1,GREEN
107_90,107,1.0,lying,lying,1,GREEN
107_91,107,1.0,lying,lying,1,GREEN
107_92,107,1.0,lying,lying,1,GREEN
107_93,107,1.0,lying,lying,1,GREEN
107_94,107,1.0,lying,lying,1,GREEN
107_95,107,1.0,lying,lying,1,GREEN
107_96,107,1.0,lying,lying,1,GREEN
107_97,107,1.0,lying,lying,1,GREEN
107_98,107,1.0,lying,lying,1,GREEN
107_99,107,1.0,lying,lying,1,GREEN
107_100,107,1.0,lying,lying,1,GREEN
107_101,107,1.0,lying,lying,1,GREEN
107_102,107,1.0,lying,lying,1,GREEN
107_103,107,1.0,lying,lying,1,GREEN
107_104,107,1.0,lying,lying,1,GREEN
107_105,107,1.0,lying,lying,1,GREEN
107_106,107,1.0,lying,lying,1,GREEN
107_107,107,1.0,lying,lying,1,GREEN
107_108,107,1.0,lying,lying,1,GREEN
107_109,107,1.0,lying,lying,1,GREEN
107_110,107,1.0,lying,lying,1,GREEN
107_111,107,1.0,lying,lying,1,GREEN
107_112,107,1.0,lying,lying,1,GREEN
107_113,107,1.0,lying,lying,1,GREEN
107_114,107,1.0,lying,lying,1,GREEN
107_115,107,1.0,lying,lying,1,GREEN
107_116,107,1.0,lying,lying,1,GREEN
107_117,107,1.0,lying,lying,1,GREEN
107_118,107,1.0,lying,lying,1,GREEN
107_119,107,1.0,lying,lying,1,GREEN
107_120,107,1.0,lying,lying,1,GREEN
107_121,107,1.0,lying,lying,1,GREEN
107_122,107,1.0,lying,lying,1,GREEN
107_123,107,1.0,lying,lying,1,GREEN
107_124,107,1.0,lying,lying,1,GREEN
107_125,107,1.0,lying,lying,1,GREEN
107_126,107,1.0,lying,lying,1,GREEN
107_127,107,1.0,lying,lying,1,GREEN
107_128,107,1.0,lying,lying,1,GREEN
107_129,107,1.0,lying,lying,1,GREEN
107_130,107,1.0,lying,lying,1,GREEN
107_131,107,1.0,lying,lying,1,GREEN
107_132,107,1.0,lying,lying,1,GREEN
107_133,107,1.0,lying,lying,1,GREEN
107_134,107,1.0,lying,lying,1,GREEN
107_135,107,1.0,lying,lying,1,GREEN
107_136,107,1.0,lying,lying,1,GREEN
107_137,107,1.0,lying,lying,1,GREEN
107_138,107,0.997,lying,lying,1,GREEN
107_139,107,0.997,lying,lying,1,GREEN
107_140,107,1.0,lying,lying,1,GREEN
107_141,107,1.0,lying,lying,1,GREEN
107_142,107,1.0,lying,lying,1,GREEN
107_143,107,1.0,lying,lying,1,GREEN
107_144,107,1.0,lying,lying,1,GREEN
107_145,107,1.0,lying,lying,1,GREEN
107_146,107,1.0,lying,lying,1,GREEN
107_147,107,1.0,lying,lying,1,GREEN
107_148,107,1.0,lying,lying,1,GREEN
107_149,107,1.0,lying,lying,1,GREEN
107_150,107,1.0,lying,lying,1,GREEN
107_151,107,1.0,lying,lying,1,GREEN
107_152,107,1.0,lying,lying,1,GREEN
107_153,107,1.0,lying,lying,1,GREEN
107_154,107,1.0,lying,lying,1,GREEN
107_155,107,1.0,lying,lying,1,GREEN
107_156,107,1.0,lying,lying,1,GREEN
107_157,107,1.0,lying,lying,1,GREEN
107_158,107,1.0,lying,lying,1,GREEN
107_159,107,1.0,lying,lying,1,GREEN
107_160,107,1.0,lying,lying,1,GREEN
107_161,107,1.0,lying,lying,1,GREEN
107_162,107,1.0,lying,lying,1,GREEN
107_163,107,1.0,lying,lying,1,GREEN
107_164,107,1.0,lying,lying,1,GREEN
107_165,107,1.0,lying,lying,1,GREEN
107_166,107,1.0,lying,lying,1,GREEN
107_167,107,1.0,lying,lying,1,GREEN
107_168,107,1.0,lying,lying,1,GREEN
107_169,107,1.0,lying,lying,1,GREEN
107_170,107,1.0,lying,lying,1,GREEN
107_171,107,1.0,lying,lying,1,GREEN
107_172,107,1.0,lying,lying,1,GREEN
107_173,107,1.0,lying,lying,1,GREEN
107_174,107,1.0,lying,lying,1,GREEN
107_175,107,1.0,lying,lying,1,GREEN
107_176,107,1.0,lying,lying,1,GREEN
107_177,107,1.0,lying,lying,1,GREEN
107_178,107,1.0,lying,lying,1,GREEN
107_179,107,1.0,lying,lying,1,GREEN
107_180,107,1.0,lying,lying,1,GREEN
107_181,107,1.0,lying,lying,1,GREEN
107_182,107,1.0,lying,lying,1,GREEN
107_183,107,1.0,lying,lying,1,GREEN
107_184,107,1.0,lying,lying,1,GREEN
107_185,107,1.0,lying,lying,1,GREEN
107_186,107,1.0,lying,lying,1,GREEN
107_187,107,1.0,lying,lying,1,GREEN
107_188,107,1.0,lying,lying,1,GREEN
107_189,107,1.0,lying,lying,1,GREEN
107_190,107,1.0,lying,lying,1,GREEN
107_191,107,1.0,lying,lying,1,GREEN
107_192,107,1.0,lying,lying,1,GREEN
107_193,107,1.0,lying,lying,1,GREEN
107_194,107,1.0,lying,lying,1,GREEN
107_195,107,1.0,lying,lying,1,GREEN
107_196,107,1.0,lying,lying,1,GREEN
107_197,107,1.0,lying,lying,1,GREEN
107_198,107,1.0,lying,lying,1,GREEN
107_199,107,1.0,lying,lying,1,GREEN
107_200,107,1.0,lying,lying,1,GREEN
107_201,107,1.0,lying,lying,1,GREEN
107_202,107,1.0,lying,lying,1,GREEN
107_203,107,1.0,lying,lying,1,GREEN
107_204,107,1.0,lying,lying,1,GREEN
107_205,107,1.0,lying,lying,1,GREEN
107_206,107,1.0,lying,lying,1,GREEN
107_207,107,1.0,lying,lying,1,GREEN
107_208,107,1.0,lying,lying,1,GREEN
107_209,107,1.0,lying,lying,1,GREEN
107_210,107,1.0,lying,lying,1,GREEN
107_211,107,1.0,lying,lying,1,GREEN
107_212,107,1.0,lying,lying,1,GREEN
107_213,107,1.0,lying,lying,1,GREEN
107_214,107,1.0,lying,lying,1,GREEN
107_215,107,1.0,lying,lying,1,GREEN
107_216,107,1.0,lying,lying,1,GREEN
107_217,107,1.0,lying,lying,1,GREEN
107_218,107,1.0,lying,lying,1,GREEN
107_219,107,1.0,lying,lying,1,GREEN
107_220,107,1.0,lying,lying,1,GREEN
107_221,107,1.0,lying,lying,1,GREEN
107_222,107,1.0,lying,lying,1,GREEN
107_223,107,1.0,lying,lying,1,GREEN
107_224,107,1.0,lying,lying,1,GREEN
107_225,107,1.0,lying,lying,1,GREEN
107_226,107,1.0,lying,lying,1,GREEN
107_227,107,1.0,lying,lying,1,GREEN
107_228,107,1.0,lying,lying,1,GREEN
107_229,107,1.0,lying,lying,1,GREEN
107_230,107,1.0,lying,lying,1,GREEN
107_231,107,1.0,lying,lying,1,GREEN
107_232,107,1.0,lying,lying,1,GREEN
107_233,107,1.0,lying,lying,1,GREEN
107_234,107,1.0,lying,lying,1,GREEN
107_235,107,1.0,lying,lying,1,GREEN
107_236,107,1.0,lying,lying,1,GREEN
107_237,107,1.0,lying,lying,1,GREEN
107_238,107,1.0,lying,lying,1,GREEN
107_239,107,1.0,lying,lying,1,GREEN
107_240,107,1.0,lying,lying,1,GREEN
107_241,107,1.0,lying,lying,1,GREEN
107_242,107,1.0,lying,lying,1,GREEN
107_243,107,1.0,lying,lying,1,GREEN
107_244,107,1.0,lying,lying,1,GREEN
107_245,107,1.0,lying,lying,1,GREEN
107_246,107,1.0,lying,lying,1,GREEN
107_247,107,1.0,lying,lying,1,GREEN
107_248,107,1.0,lying,lying,1,GREEN
107_249,107,1.0,lying,lying,1,GREEN
107_250,107,1.0,lying,lying,1,GREEN
107_251,107,1.0,lying,lying,1,GREEN
107_252,107,1.0,lying,lying,1,GREEN
107_253,107,1.0,lying,lying,1,GREEN
107_254,107,1.0,lying,lying,1,GREEN
107_255,107,1.0,lying,lying,1,GREEN
107_256,107,1.0,lying,lying,1,GREEN
107_257,107,1.0,lying,lying,1,GREEN
107_258,107,1.0,lying,lying,1,GREEN
107_259,107,1.0,lying,lying,1,GREEN
107_260,107,1.0,lying,lying,1,GREEN
107_261,107,1.0,lying,lying,1,GREEN
107_262,107,1.0,lying,lying,1,GREEN
107_263,107,1.0,lying,lying,1,GREEN
107_264,107,1.0,lying,lying,1,GREEN
107_265,107,1.0,lying,lying,1,GREEN
107_266,107,1.0,lying,lying,1,GREEN
107_267,107,1.0,lying,lying,1,GREEN
107_268,107,1.0,lying,lying,1,GREEN
107_269,107,1.0,lying,lying,1,GREEN
107_270,107,1.0,lying,lying,1,GREEN
107_271,107,1.0,lying,lying,1,GREEN
107_272,107,1.0,lying,lying,1,GREEN
107_273,107,1.0,lying,lying,1,GREEN
107_274,107,1.0,lying,lying,1,GREEN
107_275,107,1.0,lying,lying,1,GREEN
107_276,107,1.0,lying,lying,1,GREEN
107_277,107,1.0,lying,lying,1,GREEN
107_278,107,1.0,lying,lying,1,GREEN
107_279,107,1.0,lying,lying,1,GREEN
107_280,107,1.0,lying,lying,1,GREEN
107_281,107,1.0,lying,lying,1,GREEN
107_282,107,1.0,lying,lying,1,GREEN
107_283,107,1.0,lying,lying,1,GREEN
107_284,107,1.0,lying,lying,1,GREEN
107_285,107,1.0,lying,lying,1,GREEN
107_286,107,1.0,lying,lying,1,GREEN
107_287,107,1.0,lying,lying,1,GREEN
107_288,107,1.0,lying,lying,1,GREEN
107_289,107,1.0,lying,lying,1,GREEN
107_290,107,1.0,lying,lying,1,GREEN
107_291,107,1.0,lying,lying,1,GREEN
107_292,107,1.0,lying,lying,1,GREEN
107_293,107,1.0,lying,lying,1,GREEN
107_294,107,1.0,lying,lying,1,GREEN
107_295,107,1.0,lying,lying,1,GREEN
107_296,107,1.0,lying,lying,1,GREEN
107_297,107,1.0,lying,lying,1,GREEN
107_298,107,1.0,lying,lying,1,GREEN
107_299,107,1.0,lying,lying,1,GREEN
107_300,107,1.0,lying,lying,1,GREEN
107_301,107,1.0,lying,lying,1,GREEN
107_302,107,1.0,lying,lying,1,GREEN
107_303,107,1.0,lying,lying,1,GREEN
107_304,107,1.0,lying,lying,1,GREEN
107_305,107,1.0,lying,lying,1,GREEN
107_306,107,1.0,lying,lying,1,GREEN
107_307,107,1.0,lying,lying,1,GREEN
107_308,107,1.0,lying,lying,1,GREEN
107_309,107,1.0,lying,lying,1,GREEN
107_310,107,1.0,lying,lying,1,GREEN
107_311,107,1.0,lying,lying,1,GREEN
107_312,107,1.0,lying,lying,1,GREEN
107_313,107,1.0,lying,lying,1,GREEN
107_314,107,1.0,lying,lying,1,GREEN
107_315,107,1.0,lying,lying,1,GREEN
107_316,107,1.0,lying,lying,1,GREEN
107_317,107,1.0,lying,lying,1,GREEN
107_318,107,1.0,lying,lying,1,GREEN
107_319,107,1.0,lying,lying,1,GREEN
107_320,107,1.0,lying,lying,1,GREEN
107_321,107,1.0,lying,lying,1,GREEN
107_322,107,1.0,lying,lying,1,GREEN
107_323,107,1.0,lying,lying,1,GREEN
107_324,107,0.9985,lying,lying,1,GREEN
107_325,107,0.9985,lying,lying,1,GREEN
107_326,107,1.0,lying,lying,1,GREEN
107_327,107,1.0,lying,lying,1,GREEN
107_328,107,1.0,lying,lying,1,GREEN
107_329,107,1.0,lying,lying,1,GREEN
107_330,107,1.0,lying,lying,1,GREEN
107_331,107,1.0,lying,lying,1,GREEN
107_332,107,1.0,lying,lying,1,GREEN
107_333,107,1.0,lying,lying,1,GREEN
107_334,107,1.0,lying,lying,1,GREEN
107_335,107,1.0,lying,lying,1,GREEN
107_336,107,1.0,lying,lying,1,GREEN
107_337,107,1.0,lying,lying,1,GREEN
107_338,107,1.0,lying,lying,1,GREEN
107_339,107,1.0,lying,lying,1,GREEN
107_340,107,1.0,lying,lying,1,GREEN
107_341,107,1.0,lying,lying,1,GREEN
107_342,107,1.0,lying,lying,1,GREEN
107_343,107,1.0,lying,lying,1,GREEN
107_344,107,1.0,lying,lying,1,GREEN
107_345,107,1.0,lying,lying,1,GREEN
107_346,107,1.0,lying,lying,1,GREEN
107_347,107,1.0,lying,lying,1,GREEN
107_348,107,1.0,lying,lying,1,GREEN
107_349,107,1.0,lying,lying,1,GREEN
107_350,107,1.0,lying,lying,1,GREEN
107_351,107,1.0,lying,lying,1,GREEN
107_352,107,1.0,lying,lying,1,GREEN
107_353,107,1.0,lying,lying,1,GREEN
107_354,107,1.0,lying,lying,1,GREEN
107_355,107,1.0,lying,lying,1,GREEN
107_356,107,1.0,lying,lying,1,GREEN
107_357,107,1.0,lying,lying,1,GREEN
107_358,107,1.0,lying,lying,1,GREEN
107_359,107,1.0,lying,lying,1,GREEN
107_360,107,1.0,lying,lying,1,GREEN
107_361,107,1.0,lying,lying,1,GREEN
107_362,107,1.0,lying,lying,1,GREEN
107_363,107,1.0,lying,lying,1,GREEN
107_364,107,1.0,lying,lying,1,GREEN
107_365,107,1.0,lying,lying,1,GREEN
107_366,107,1.0,lying,lying,1,GREEN
107_367,107,1.0,lying,lying,1,GREEN
107_368,107,1.0,lying,lying,1,GREEN
107_369,107,1.0,lying,lying,1,GREEN
107_370,107,1.0,lying,lying,1,GREEN
107_371,107,1.0,lying,lying,1,GREEN
107_372,107,1.0,lying,lying,1,GREEN
107_373,107,1.0,lying,lying,1,GREEN
107_374,107,1.0,lying,lying,1,GREEN
107_375,107,1.0,lying,lying,1,GREEN
107_376,107,1.0,lying,lying,1,GREEN
107_377,107,1.0,lying,lying,1,GREEN
107_378,107,1.0,lying,lying,1,GREEN
107_379,107,1.0,lying,lying,1,GREEN
107_380,107,1.0,lying,lying,1,GREEN
107_381,107,1.0,lying,lying,1,GREEN
107_382,107,1.0,lying,lying,1,GREEN
107_383,107,1.0,lying,lying,1,GREEN
107_384,107,1.0,lying,lying,1,GREEN
107_385,107,1.0,lying,lying,1,GREEN
107_386,107,1.0,lying,lying,1,GREEN
107_387,107,1.0,lying,lying,1,GREEN
107_388,107,1.0,lying,lying,1,GREEN
107_389,107,1.0,lying,lying,1,GREEN
107_390,107,1.0,lying,lying,1,GREEN
107_391,107,1.0,lying,lying,1,GREEN
107_392,107,1.0,lying,lying,1,GREEN
107_393,107,1.0,lying,lying,1,GREEN
107_394,107,1.0,lying,lying,1,GREEN
107_395,107,1.0,lying,lying,1,GREEN
107_396,107,1.0,lying,lying,1,GREEN
107_397,107,1.0,lying,lying,1,GREEN
107_398,107,1.0,lying,lying,1,GREEN
107_399,107,1.0,lying,lying,1,GREEN
107_400,107,1.0,lying,lying,1,GREEN
107_401,107,1.0,lying,lying,1,GREEN
107_402,107,1.0,lying,lying,1,GREEN
107_403,107,1.0,lying,lying,1,GREEN
107_404,107,1.0,lying,lying,1,GREEN
107_405,107,1.0,lying,lying,1,GREEN
107_406,107,1.0,lying,lying,1,GREEN
107_407,107,1.0,lying,lying,1,GREEN
107_408,107,1.0,lying,lying,1,GREEN
107_409,107,1.0,lying,lying,1,GREEN
107_410,107,1.0,lying,lying,1,GREEN
107_411,107,1.0,lying,lying,1,GREEN
107_412,107,1.0,lying,lying,1,GREEN
107_413,107,1.0,lying,lying,1,GREEN
107_414,107,1.0,lying,lying,1,GREEN
107_415,107,1.0,lying,lying,1,GREEN
107_416,107,1.0,lying,lying,1,GREEN
107_417,107,1.0,lying,lying,1,GREEN
107_418,107,1.0,lying,lying,1,GREEN
107_419,107,1.0,lying,lying,1,GREEN
107_420,107,1.0,lying,lying,1,GREEN
107_421,107,1.0,lying,lying,1,GREEN
107_422,107,1.0,lying,lying,1,GREEN
107_423,107,1.0,lying,lying,1,GREEN
107_424,107,1.0,lying,lying,1,GREEN
107_425,107,1.0,lying,lying,1,GREEN
107_426,107,1.0,lying,lying,1,GREEN
107_427,107,1.0,lying,lying,1,GREEN
107_428,107,1.0,lying,lying,1,GREEN
107_429,107,1.0,lying,lying,1,GREEN
107_430,107,1.0,lying,lying,1,GREEN
107_431,107,1.0,lying,lying,1,GREEN
107_432,107,1.0,lying,lying,1,GREEN
107_433,107,1.0,lying,lying,1,GREEN
107_434,107,1.0,lying,lying,1,GREEN
107_435,107,1.0,lying,lying,1,GREEN
107_436,107,1.0,lying,lying,1,GREEN
107_437,107,1.0,lying,lying,1,GREEN
107_438,107,1.0,lying,lying,1,GREEN
107_439,107,1.0,lying,lying,1,GREEN
107_440,107,1.0,lying,lying,1,GREEN
107_441,107,1.0,lying,lying,1,GREEN
107_442,107,1.0,lying,lying,1,GREEN
107_443,107,1.0,lying,lying,1,GREEN
107_444,107,1.0,lying,lying,1,GREEN
107_445,107,1.0,lying,lying,1,GREEN
107_446,107,1.0,lying,lying,1,GREEN
107_447,107,1.0,lying,lying,1,GREEN
107_448,107,1.0,lying,lying,1,GREEN
107_449,107,1.0,lying,lying,1,GREEN
107_450,107,1.0,lying,lying,1,GREEN
107_451,107,1.0,lying,lying,1,GREEN
107_452,107,1.0,lying,lying,1,GREEN
107_453,107,1.0,lying,lying,1,GREEN
107_454,107,1.0,lying,lying,1,GREEN
107_455,107,1.0,lying,lying,1,GREEN
107_456,107,1.0,lying,lying,1,GREEN
107_457,107,1.0,lying,lying,1,GREEN
107_458,107,1.0,lying,lying,1,GREEN
107_459,107,1.0,lying,lying,1,GREEN
107_460,107,1.0,lying,lying,1,GREEN
107_461,107,1.0,lying,lying,1,GREEN
107_462,107,1.0,lying,lying,1,GREEN
107_463,107,1.0,lying,lying,1,GREEN
107_464,107,1.0,lying,lying,1,GREEN
107_465,107,1.0,lying,lying,1,GREEN
107_466,107,1.0,lying,lying,1,GREEN
107_467,107,1.0,lying,lying,1,GREEN
107_468,107,1.0,lying,lying,1,GREEN
107_469,107,1.0,lying,lying,1,GREEN
107_470,107,1.0,lying,lying,1,GREEN
107_471,107,1.0,lying,lying,1,GREEN
107_472,107,1.0,lying,lying,1,GREEN
107_473,107,1.0,lying,lying,1,GREEN
107_474,107,1.0,lying,lying,1,GREEN
107_475,107,1.0,lying,lying,1,GREEN
107_476,107,1.0,lying,lying,1,GREEN
107_477,107,1.0,lying,lying,1,GREEN
107_478,107,1.0,lying,lying,1,GREEN
107_479,107,1.0,lying,lying,1,GREEN
107_480,107,1.0,lying,lying,1,GREEN
107_481,107,1.0,lying,lying,1,GREEN
107_482,107,1.0,lying,lying,1,GREEN
107_483,107,1.0,lying,lying,1,GREEN
107_484,107,1.0,lying,lying,1,GREEN
107_485,107,1.0,lying,lying,1,GREEN
107_486,107,1.0,lying,lying,1,GREEN
107_487,107,1.0,lying,lying,1,GREEN
107_488,107,1.0,lying,lying,1,GREEN
107_489,107,1.0,lying,lying,1,GREEN
107_490,107,1.0,lying,lying,1,GREEN
107_491,107,1.0,lying,lying,1,GREEN
107_492,107,1.0,lying,lying,1,GREEN
107_493,107,1.0,lying,lying,1,GREEN
107_494,107,0.9985,lying,lying,1,GREEN
107_495,107,0.9851,lying,lying,1,GREEN
107_496,107,0.9488,lying,lying,1,GREEN
107_497,107,0.9222,lying,lying,1,GREEN
107_498,107,0.6768,lying,lying,1,YELLOW
107_499,107,0.7008,lying,lying,1,YELLOW
107_500,107,0.5482,lying,lying,1,YELLOW
107_501,107,0.4051,lying,lying,1,RED
107_502,107,0.5727,lying,lying,1,YELLOW
107_503,107,0.3498,lying,lying,1,RED
107_504,107,0.6236,lying,lying,1,YELLOW
107_505,107,0.6472,lying,lying,1,YELLOW
107_506,107,0.5918,lying,lying,1,YELLOW
107_507,107,0.7362,lying,lying,1,YELLOW
107_508,107,0.7828,lying,lying,1,GREEN
107_509,107,0.8032,lying,lying,1,GREEN
107_510,107,0.8134,lying,lying,1,GREEN
107_511,107,0.3994,sitting,sitting,1,RED
107_512,107,0.5344,standing,sitting,0,YELLOW
107_513,107,0.5523,standing,sitting,0,YELLOW
107_514,107,0.5237,standing,sitting,0,YELLOW
107_515,107,0.4827,standing,sitting,0,YELLOW
107_516,107,0.4745,standing,sitting,0,YELLOW
107_517,107,0.5758,standing,sitting,0,YELLOW
107_518,107,0.4837,standing,sitting,0,YELLOW
107_519,107,0.4987,sitting,sitting,1,YELLOW
107_520,107,0.4619,sitting,sitting,1,YELLOW
107_521,107,0.4968,standing,sitting,0,YELLOW
107_522,107,0.4572,standing,sitting,0,YELLOW
107_523,107,0.3437,standing,sitting,0,RED
107_524,107,0.3592,sitting,sitting,1,RED
107_525,107,0.4847,sitting,sitting,1,YELLOW
107_526,107,0.5281,sitting,sitting,1,YELLOW
107_527,107,0.5879,sitting,sitting,1,YELLOW
107_528,107,0.5083,vacuuming,sitting,0,YELLOW
107_529,107,0.4058,vacuuming,sitting,0,RED
107_530,107,0.4705,vacuuming,sitting,0,YELLOW
107_531,107,0.4552,vacuuming,sitting,0,YELLOW
107_532,107,0.455,sitting,sitting,1,YELLOW
107_533,107,0.6052,sitting,sitting,1,YELLOW
107_534,107,0.6592,sitting,sitting,1,YELLOW
107_535,107,0.887,sitting,sitting,1,GREEN
107_536,107,0.9344,sitting,sitting,1,GREEN
107_537,107,0.9401,sitting,sitting,1,GREEN
107_538,107,0.9363,sitting,sitting,1,GREEN
107_539,107,0.9601,sitting,sitting,1,GREEN
107_540,107,0.9507,sitting,sitting,1,GREEN
107_541,107,0.9536,sitting,sitting,1,GREEN
107_542,107,0.9648,sitting,sitting,1,GREEN
107_543,107,0.9653,sitting,sitting,1,GREEN
107_544,107,0.9582,sitting,sitting,1,GREEN
107_545,107,0.955,sitting,sitting,1,GREEN
107_546,107,0.9565,sitting,sitting,1,GREEN
107_547,107,0.9377,sitting,sitting,1,GREEN
107_548,107,0.9122,sitting,sitting,1,GREEN
107_549,107,0.9355,sitting,sitting,1,GREEN
107_550,107,0.9524,sitting,sitting,1,GREEN
107_551,107,0.9197,sitting,sitting,1,GREEN
107_552,107,0.9163,sitting,sitting,1,GREEN
107_553,107,0.9443,sitting,sitting,1,GREEN
107_554,107,0.9543,sitting,sitting,1,GREEN
107_555,107,0.9517,sitting,sitting,1,GREEN
107_556,107,0.9511,sitting,sitting,1,GREEN
107_557,107,0.9444,sitting,sitting,1,GREEN
107_558,107,0.9399,sitting,sitting,1,GREEN
107_559,107,0.9533,sitting,sitting,1,GREEN
107_560,107,0.9557,sitting,sitting,1,GREEN
107_561,107,0.9426,sitting,sitting,1,GREEN
107_562,107,0.9433,sitting,sitting,1,GREEN
107_563,107,0.9447,sitting,sitting,1,GREEN
107_564,107,0.9575,sitting,sitting,1,GREEN
107_565,107,0.9234,sitting,sitting,1,GREEN
107_566,107,0.922,sitting,sitting,1,GREEN
107_567,107,0.9271,sitting,sitting,1,GREEN
107_568,107,0.9313,sitting,sitting,1,GREEN
107_569,107,0.9597,sitting,sitting,1,GREEN
107_570,107,0.9604,sitting,sitting,1,GREEN
107_571,107,0.9572,sitting,sitting,1,GREEN
107_572,107,0.9497,sitting,sitting,1,GREEN
107_573,107,0.955,sitting,sitting,1,GREEN
107_574,107,0.9579,sitting,sitting,1,GREEN
107_575,107,0.9581,sitting,sitting,1,GREEN
107_576,107,0.9593,sitting,sitting,1,GREEN
107_577,107,0.9488,sitting,sitting,1,GREEN
107_578,107,0.9586,sitting,sitting,1,GREEN
107_579,107,0.9604,sitting,sitting,1,GREEN
107_580,107,0.9555,sitting,sitting,1,GREEN
107_581,107,0.9382,sitting,sitting,1,GREEN
107_582,107,0.9383,sitting,sitting,1,GREEN
107_583,107,0.9367,sitting,sitting,1,GREEN
107_584,107,0.9502,sitting,sitting,1,GREEN
107_585,107,0.9518,sitting,sitting,1,GREEN
107_586,107,0.9518,sitting,sitting,1,GREEN
107_587,107,0.9601,sitting,sitting,1,GREEN
107_588,107,0.9503,sitting,sitting,1,GREEN
107_589,107,0.954,sitting,sitting,1,GREEN
107_590,107,0.9566,sitting,sitting,1,GREEN
107_591,107,0.9559,sitting,sitting,1,GREEN
107_592,107,0.9274,sitting,sitting,1,GREEN
107_593,107,0.9543,sitting,sitting,1,GREEN
107_594,107,0.9407,sitting,sitting,1,GREEN
107_595,107,0.9191,sitting,sitting,1,GREEN
107_596,107,0.9275,sitting,sitting,1,GREEN
107_597,107,0.9559,sitting,sitting,1,GREEN
107_598,107,0.9396,sitting,sitting,1,GREEN
107_599,107,0.9419,sitting,sitting,1,GREEN
107_600,107,0.9578,sitting,sitting,1,GREEN
107_601,107,0.9569,sitting,sitting,1,GREEN
107_602,107,0.9588,sitting,sitting,1,GREEN
107_603,107,0.9574,sitting,sitting,1,GREEN
107_604,107,0.9531,sitting,sitting,1,GREEN
107_605,107,0.9657,sitting,sitting,1,GREEN
107_606,107,0.9647,sitting,sitting,1,GREEN
107_607,107,0.9591,sitting,sitting,1,GREEN
107_608,107,0.9606,sitting,sitting,1,GREEN
107_609,107,0.9632,sitting,sitting,1,GREEN
107_610,107,0.9479,sitting,sitting,1,GREEN
107_611,107,0.9052,sitting,sitting,1,GREEN
107_612,107,0.9494,sitting,sitting,1,GREEN
107_613,107,0.9637,sitting,sitting,1,GREEN
107_614,107,0.9618,sitting,sitting,1,GREEN
107_615,107,0.9516,sitting,sitting,1,GREEN
107_616,107,0.9521,sitting,sitting,1,GREEN
107_617,107,0.9604,sitting,sitting,1,GREEN
107_618,107,0.9611,sitting,sitting,1,GREEN
107_619,107,0.9612,sitting,sitting,1,GREEN
107_620,107,0.9494,sitting,sitting,1,GREEN
107_621,107,0.9517,sitting,sitting,1,GREEN
107_622,107,0.9608,sitting,sitting,1,GREEN
107_623,107,0.9585,sitting,sitting,1,GREEN
107_624,107,0.954,sitting,sitting,1,GREEN
107_625,107,0.9474,sitting,sitting,1,GREEN
107_626,107,0.9354,sitting,sitting,1,GREEN
107_627,107,0.9131,sitting,sitting,1,GREEN
107_628,107,0.9534,sitting,sitting,1,GREEN
107_629,107,0.9539,sitting,sitting,1,GREEN
107_630,107,0.9451,sitting,sitting,1,GREEN
107_631,107,0.9482,sitting,sitting,1,GREEN
107_632,107,0.9509,sitting,sitting,1,GREEN
107_633,107,0.9553,sitting,sitting,1,GREEN
107_634,107,0.948,sitting,sitting,1,GREEN
107_635,107,0.9464,sitting,sitting,1,GREEN
107_636,107,0.9414,sitting,sitting,1,GREEN
107_637,107,0.9304,sitting,sitting,1,GREEN
107_638,107,0.9423,sitting,sitting,1,GREEN
107_639,107,0.9405,sitting,sitting,1,GREEN
107_640,107,0.9486,sitting,sitting,1,GREEN
107_641,107,0.9405,sitting,sitting,1,GREEN
107_642,107,0.9326,sitting,sitting,1,GREEN
107_643,107,0.9259,sitting,sitting,1,GREEN
107_644,107,0.9343,sitting,sitting,1,GREEN
107_645,107,0.9337,sitting,sitting,1,GREEN
107_646,107,0.9014,sitting,sitting,1,GREEN
107_647,107,0.9195,sitting,sitting,1,GREEN
107_648,107,0.8838,sitting,sitting,1,GREEN
107_649,107,0.8847,sitting,sitting,1,GREEN
107_650,107,0.9114,sitting,sitting,1,GREEN
107_651,107,0.8913,sitting,sitting,1,GREEN
107_652,107,0.8808,sitting,sitting,1,GREEN
107_653,107,0.8629,sitting,sitting,1,GREEN
107_654,107,0.8823,sitting,sitting,1,GREEN
107_655,107,0.8885,sitting,sitting,1,GREEN
107_656,107,0.9408,sitting,sitting,1,GREEN
107_657,107,0.9143,sitting,sitting,1,GREEN
107_658,107,0.9223,sitting,sitting,1,GREEN
107_659,107,0.9106,sitting,sitting,1,GREEN
107_660,107,0.9306,sitting,sitting,1,GREEN
107_661,107,0.9226,sitting,sitting,1,GREEN
107_662,107,0.89,sitting,sitting,1,GREEN
107_663,107,0.8889,sitting,sitting,1,GREEN
107_664,107,0.9244,sitting,sitting,1,GREEN
107_665,107,0.9211,sitting,sitting,1,GREEN
107_666,107,0.9227,sitting,sitting,1,GREEN
107_667,107,0.895,sitting,sitting,1,GREEN
107_668,107,0.8863,sitting,sitting,1,GREEN
107_669,107,0.9186,sitting,sitting,1,GREEN
107_670,107,0.9156,sitting,sitting,1,GREEN
107_671,107,0.9064,sitting,sitting,1,GREEN
107_672,107,0.905,sitting,sitting,1,GREEN
107_673,107,0.9184,sitting,sitting,1,GREEN
107_674,107,0.9385,sitting,sitting,1,GREEN
107_675,107,0.9413,sitting,sitting,1,GREEN
107_676,107,0.9278,sitting,sitting,1,GREEN
107_677,107,0.9287,sitting,sitting,1,GREEN
107_678,107,0.9253,sitting,sitting,1,GREEN
107_679,107,0.9192,sitting,sitting,1,GREEN
107_680,107,0.9296,sitting,sitting,1,GREEN
107_681,107,0.9318,sitting,sitting,1,GREEN
107_682,107,0.9434,sitting,sitting,1,GREEN
107_683,107,0.9414,sitting,sitting,1,GREEN
107_684,107,0.9102,sitting,sitting,1,GREEN
107_685,107,0.8914,sitting,sitting,1,GREEN
107_686,107,0.911,sitting,sitting,1,GREEN
107_687,107,0.9013,sitting,sitting,1,GREEN
107_688,107,0.8758,sitting,sitting,1,GREEN
107_689,107,0.9233,sitting,sitting,1,GREEN
107_690,107,0.9123,sitting,sitting,1,GREEN
107_691,107,0.9012,sitting,sitting,1,GREEN
107_692,107,0.9074,sitting,sitting,1,GREEN
107_693,107,0.9104,sitting,sitting,1,GREEN
107_694,107,0.9198,sitting,sitting,1,GREEN
107_695,107,0.9362,sitting,sitting,1,GREEN
107_696,107,0.9383,sitting,sitting,1,GREEN
107_697,107,0.9224,sitting,sitting,1,GREEN
107_698,107,0.9247,sitting,sitting,1,GREEN
107_699,107,0.9351,sitting,sitting,1,GREEN
107_700,107,0.9317,sitting,sitting,1,GREEN
107_701,107,0.9381,sitting,sitting,1,GREEN
107_702,107,0.9186,sitting,sitting,1,GREEN
107_703,107,0.9301,sitting,sitting,1,GREEN
107_704,107,0.9403,sitting,sitting,1,GREEN
107_705,107,0.9368,sitting,sitting,1,GREEN
107_706,107,0.9334,sitting,sitting,1,GREEN
107_707,107,0.9362,sitting,sitting,1,GREEN
107_708,107,0.9544,sitting,sitting,1,GREEN
107_709,107,0.9524,sitting,sitting,1,GREEN
107_710,107,0.9483,sitting,sitting,1,GREEN
107_711,107,0.9473,sitting,sitting,1,GREEN
107_712,107,0.9497,sitting,sitting,1,GREEN
107_713,107,0.9503,sitting,sitting,1,GREEN
107_714,107,0.9214,sitting,sitting,1,GREEN
107_715,107,0.9299,sitting,sitting,1,GREEN
107_716,107,0.9165,sitting,sitting,1,GREEN
107_717,107,0.9531,sitting,sitting,1,GREEN
107_718,107,0.9162,sitting,sitting,1,GREEN
107_719,107,0.9472,sitting,sitting,1,GREEN
107_720,107,0.9301,sitting,sitting,1,GREEN
107_721,107,0.93,sitting,sitting,1,GREEN
107_722,107,0.9407,sitting,sitting,1,GREEN
107_723,107,0.9455,sitting,sitting,1,GREEN
107_724,107,0.9535,sitting,sitting,1,GREEN
107_725,107,0.9492,sitting,sitting,1,GREEN
107_726,107,0.9418,sitting,sitting,1,GREEN
107_727,107,0.9157,sitting,sitting,1,GREEN
107_728,107,0.9427,sitting,sitting,1,GREEN
107_729,107,0.9459,sitting,sitting,1,GREEN
107_730,107,0.8987,sitting,sitting,1,GREEN
107_731,107,0.9273,sitting,sitting,1,GREEN
107_732,107,0.9014,sitting,sitting,1,GREEN
107_733,107,0.8959,sitting,sitting,1,GREEN
107_734,107,0.9491,sitting,sitting,1,GREEN
107_735,107,0.9308,sitting,sitting,1,GREEN
107_736,107,0.9503,sitting,sitting,1,GREEN
107_737,107,0.9525,sitting,sitting,1,GREEN
107_738,107,0.9549,sitting,sitting,1,GREEN
107_739,107,0.9534,sitting,sitting,1,GREEN
107_740,107,0.899,sitting,sitting,1,GREEN
107_741,107,0.9233,sitting,sitting,1,GREEN
107_742,107,0.9161,sitting,sitting,1,GREEN
107_743,107,0.9166,sitting,sitting,1,GREEN
107_744,107,0.9324,sitting,sitting,1,GREEN
107_745,107,0.9288,sitting,sitting,1,GREEN
107_746,107,0.9255,sitting,sitting,1,GREEN
107_747,107,0.9465,sitting,sitting,1,GREEN
107_748,107,0.9452,sitting,sitting,1,GREEN
107_749,107,0.9005,sitting,sitting,1,GREEN
107_750,107,0.88,sitting,sitting,1,GREEN
107_751,107,0.9213,sitting,sitting,1,GREEN
107_752,107,0.909,sitting,sitting,1,GREEN
107_753,107,0.8415,sitting,sitting,1,GREEN
107_754,107,0.8222,standing,standing,1,GREEN
107_755,107,0.7918,standing,standing,1,GREEN
107_756,107,0.8457,standing,standing,1,GREEN
107_757,107,0.8862,standing,standing,1,GREEN
107_758,107,0.8232,standing,standing,1,GREEN
107_759,107,0.7844,standing,standing,1,GREEN
107_760,107,0.8792,standing,standing,1,GREEN
107_761,107,0.8158,standing,standing,1,GREEN
107_762,107,0.8694,standing,standing,1,GREEN
107_763,107,0.7819,standing,standing,1,GREEN
107_764,107,0.7212,standing,standing,1,YELLOW
107_765,107,0.8225,standing,standing,1,GREEN
107_766,107,0.8877,standing,standing,1,GREEN
107_767,107,0.8557,standing,standing,1,GREEN
107_768,107,0.8905,standing,standing,1,GREEN
107_769,107,0.8884,standing,standing,1,GREEN
107_770,107,0.8862,standing,standing,1,GREEN
107_771,107,0.8839,standing,standing,1,GREEN
107_772,107,0.8166,standing,standing,1,GREEN
107_773,107,0.897,standing,standing,1,GREEN
107_774,107,0.8066,standing,standing,1,GREEN
107_775,107,0.8957,standing,standing,1,GREEN
107_776,107,0.8948,standing,standing,1,GREEN
107_777,107,0.8896,standing,standing,1,GREEN
107_778,107,0.7926,standing,standing,1,GREEN
107_779,107,0.8524,standing,standing,1,GREEN
107_780,107,0.8825,standing,standing,1,GREEN
107_781,107,0.7749,standing,standing,1,GREEN
107_782,107,0.8901,standing,standing,1,GREEN
107_783,107,0.8499,standing,standing,1,GREEN
107_784,107,0.8547,standing,standing,1,GREEN
107_785,107,0.8467,standing,standing,1,GREEN
107_786,107,0.7917,standing,standing,1,GREEN
107_787,107,0.733,standing,standing,1,YELLOW
107_788,107,0.6307,standing,standing,1,YELLOW
107_789,107,0.725,standing,standing,1,YELLOW
107_790,107,0.6903,standing,standing,1,YELLOW
107_791,107,0.5418,standing,standing,1,YELLOW
107_792,107,0.5993,standing,standing,1,YELLOW
107_793,107,0.6178,standing,standing,1,YELLOW
107_794,107,0.6219,standing,standing,1,YELLOW
107_795,107,0.6638,standing,standing,1,YELLOW
107_796,107,0.7772,standing,standing,1,GREEN
107_797,107,0.7089,standing,standing,1,YELLOW
107_798,107,0.873,standing,standing,1,GREEN
107_799,107,0.9212,standing,standing,1,GREEN
107_800,107,0.9226,standing,standing,1,GREEN
107_801,107,0.8397,standing,standing,1,GREEN
107_802,107,0.8828,standing,standing,1,GREEN
107_803,107,0.8965,standing,standing,1,GREEN
107_804,107,0.9254,standing,standing,1,GREEN
107_805,107,0.9339,standing,standing,1,GREEN
107_806,107,0.9584,standing,standing,1,GREEN
107_807,107,0.942,standing,standing,1,GREEN
107_808,107,0.9054,standing,standing,1,GREEN
107_809,107,0.928,standing,standing,1,GREEN
107_810,107,0.9293,standing,standing,1,GREEN
107_811,107,0.8891,standing,standing,1,GREEN
107_812,107,0.9397,standing,standing,1,GREEN
107_813,107,0.9298,standing,standing,1,GREEN
107_814,107,0.8962,standing,standing,1,GREEN
107_815,107,0.8459,standing,standing,1,GREEN
107_816,107,0.878,standing,standing,1,GREEN
107_817,107,0.8485,standing,standing,1,GREEN
107_818,107,0.8487,standing,standing,1,GREEN
107_819,107,0.776,standing,standing,1,GREEN
107_820,107,0.7937,standing,standing,1,GREEN
107_821,107,0.7454,standing,standing,1,YELLOW
107_822,107,0.8932,standing,standing,1,GREEN
107_823,107,0.8533,standing,standing,1,GREEN
107_824,107,0.9319,standing,standing,1,GREEN
107_825,107,0.9245,standing,standing,1,GREEN
107_826,107,0.9181,standing,standing,1,GREEN
107_827,107,0.8827,standing,standing,1,GREEN
107_828,107,0.922,standing,standing,1,GREEN
107_829,107,0.9192,standing,standing,1,GREEN
107_830,107,0.888,standing,standing,1,GREEN
107_831,107,0.9178,standing,standing,1,GREEN
107_832,107,0.8922,standing,standing,1,GREEN
107_833,107,0.8195,standing,standing,1,GREEN
107_834,107,0.889,standing,standing,1,GREEN
107_835,107,0.8946,standing,standing,1,GREEN
107_836,107,0.888,standing,standing,1,GREEN
107_837,107,0.8137,standing,standing,1,GREEN
107_838,107,0.8253,standing,standing,1,GREEN
107_839,107,0.7945,standing,standing,1,GREEN
107_840,107,0.8839,standing,standing,1,GREEN
107_841,107,0.9086,standing,standing,1,GREEN
107_842,107,0.9021,standing,standing,1,GREEN
107_843,107,0.7993,standing,standing,1,GREEN
107_844,107,0.8395,standing,standing,1,GREEN
107_845,107,0.8033,standing,standing,1,GREEN
107_846,107,0.8388,standing,standing,1,GREEN
107_847,107,0.8793,standing,standing,1,GREEN
107_848,107,0.8801,standing,standing,1,GREEN
107_849,107,0.8995,standing,standing,1,GREEN
107_850,107,0.907,standing,standing,1,GREEN
107_851,107,0.9284,standing,standing,1,GREEN
107_852,107,0.9384,standing,standing,1,GREEN
107_853,107,0.9006,standing,standing,1,GREEN
107_854,107,0.8798,standing,standing,1,GREEN
107_855,107,0.8728,standing,standing,1,GREEN
107_856,107,0.8621,standing,standing,1,GREEN
107_857,107,0.8556,standing,standing,1,GREEN
107_858,107,0.8085,standing,standing,1,GREEN
107_859,107,0.841,standing,standing,1,GREEN
107_860,107,0.8759,standing,standing,1,GREEN
107_861,107,0.8105,standing,standing,1,GREEN
107_862,107,0.8061,standing,standing,1,GREEN
107_863,107,0.7941,standing,standing,1,GREEN
107_864,107,0.8476,standing,standing,1,GREEN
107_865,107,0.8438,standing,standing,1,GREEN
107_866,107,0.7871,standing,standing,1,GREEN
107_867,107,0.7458,standing,standing,1,YELLOW
107_868,107,0.8615,standing,standing,1,GREEN
107_869,107,0.8426,standing,standing,1,GREEN
107_870,107,0.8717,standing,standing,1,GREEN
107_871,107,0.8215,standing,standing,1,GREEN
107_872,107,0.8501,standing,standing,1,GREEN
107_873,107,0.777,standing,standing,1,GREEN
107_874,107,0.84,standing,standing,1,GREEN
107_875,107,0.8666,standing,standing,1,GREEN
107_876,107,0.7947,standing,standing,1,GREEN
107_877,107,0.6962,standing,standing,1,YELLOW
107_878,107,0.7975,standing,standing,1,GREEN
107_879,107,0.8037,standing,standing,1,GREEN
107_880,107,0.7731,standing,standing,1,GREEN
107_881,107,0.8026,standing,standing,1,GREEN
107_882,107,0.8103,standing,standing,1,GREEN
107_883,107,0.8912,standing,standing,1,GREEN
107_884,107,0.7825,standing,standing,1,GREEN
107_885,107,0.8713,standing,standing,1,GREEN
107_886,107,0.8828,standing,standing,1,GREEN
107_887,107,0.7886,standing,standing,1,GREEN
107_888,107,0.6485,standing,standing,1,YELLOW
107_889,107,0.6954,standing,standing,1,YELLOW
107_890,107,0.664,standing,standing,1,YELLOW
107_891,107,0.573,standing,standing,1,YELLOW
107_892,107,0.6461,standing,standing,1,YELLOW
107_893,107,0.6548,standing,standing,1,YELLOW
107_894,107,0.6466,standing,standing,1,YELLOW
107_895,107,0.5891,standing,standing,1,YELLOW
107_896,107,0.7721,standing,standing,1,GREEN
107_897,107,0.8337,standing,standing,1,GREEN
107_898,107,0.8299,standing,standing,1,GREEN
107_899,107,0.9199,standing,standing,1,GREEN
107_900,107,0.9423,standing,standing,1,GREEN
107_901,107,0.9491,standing,standing,1,GREEN
107_902,107,0.9391,standing,standing,1,GREEN
107_903,107,0.9336,standing,standing,1,GREEN
107_904,107,0.9327,standing,standing,1,GREEN
107_905,107,0.9314,standing,standing,1,GREEN
107_906,107,0.9373,standing,standing,1,GREEN
107_907,107,0.9358,standing,standing,1,GREEN
107_908,107,0.94,standing,standing,1,GREEN
107_909,107,0.9248,standing,standing,1,GREEN
107_910,107,0.9277,standing,standing,1,GREEN
107_911,107,0.9287,standing,standing,1,GREEN
107_912,107,0.9368,standing,standing,1,GREEN
107_913,107,0.9124,standing,standing,1,GREEN
107_914,107,0.9438,standing,standing,1,GREEN
107_915,107,0.9377,standing,standing,1,GREEN
107_916,107,0.937,standing,standing,1,GREEN
107_917,107,0.9525,standing,standing,1,GREEN
107_918,107,0.9632,standing,standing,1,GREEN
107_919,107,0.9656,standing,standing,1,GREEN
107_920,107,0.9071,standing,standing,1,GREEN
107_921,107,0.9056,standing,standing,1,GREEN
107_922,107,0.9687,standing,standing,1,GREEN
107_923,107,0.9529,standing,standing,1,GREEN
107_924,107,0.9324,standing,standing,1,GREEN
107_925,107,0.9319,standing,standing,1,GREEN
107_926,107,0.9312,standing,standing,1,GREEN
107_927,107,0.8606,standing,standing,1,GREEN
107_928,107,0.9255,standing,standing,1,GREEN
107_929,107,0.9031,standing,standing,1,GREEN
107_930,107,0.8947,standing,standing,1,GREEN
107_931,107,0.9254,standing,standing,1,GREEN
107_932,107,0.9007,standing,standing,1,GREEN
107_933,107,0.9177,standing,standing,1,GREEN
107_934,107,0.9266,standing,standing,1,GREEN
107_935,107,0.8787,standing,standing,1,GREEN
107_936,107,0.8307,standing,standing,1,GREEN
107_937,107,0.759,standing,standing,1,GREEN
107_938,107,0.7608,standing,standing,1,GREEN
107_939,107,0.7373,standing,standing,1,YELLOW
107_940,107,0.7196,standing,standing,1,YELLOW
107_941,107,0.709,standing,standing,1,YELLOW
107_942,107,0.7265,standing,standing,1,YELLOW
107_943,107,0.7436,standing,standing,1,YELLOW
107_944,107,0.7134,standing,standing,1,YELLOW
107_945,107,0.7139,standing,standing,1,YELLOW
107_946,107,0.7096,standing,standing,1,YELLOW
107_947,107,0.6596,standing,standing,1,YELLOW
107_948,107,0.7392,standing,standing,1,YELLOW
107_949,107,0.7534,standing,standing,1,GREEN
107_950,107,0.7175,standing,standing,1,YELLOW
107_951,107,0.724,standing,standing,1,YELLOW
107_952,107,0.7143,standing,standing,1,YELLOW
107_953,107,0.7132,standing,standing,1,YELLOW
107_954,107,0.7141,standing,standing,1,YELLOW
107_955,107,0.7075,standing,standing,1,YELLOW
107_956,107,0.7315,standing,standing,1,YELLOW
107_957,107,0.726,standing,standing,1,YELLOW
107_958,107,0.6913,standing,standing,1,YELLOW
107_959,107,0.7218,standing,standing,1,YELLOW
107_960,107,0.7228,standing,standing,1,YELLOW
107_961,107,0.6964,standing,standing,1,YELLOW
107_962,107,0.6886,standing,standing,1,YELLOW
107_963,107,0.7262,standing,standing,1,YELLOW
107_964,107,0.7255,standing,standing,1,YELLOW
107_965,107,0.7269,standing,standing,1,YELLOW
107_966,107,0.7311,standing,standing,1,YELLOW
107_967,107,0.744,standing,standing,1,YELLOW
107_968,107,0.7304,standing,standing,1,YELLOW
107_969,107,0.7105,standing,standing,1,YELLOW
107_970,107,0.736,standing,standing,1,YELLOW
107_971,107,0.695,standing,standing,1,YELLOW
107_972,107,0.7034,standing,standing,1,YELLOW
107_973,107,0.7306,standing,standing,1,YELLOW
107_974,107,0.6992,standing,standing,1,YELLOW
107_975,107,0.667,standing,standing,1,YELLOW
107_976,107,0.6719,standing,standing,1,YELLOW
107_977,107,0.7414,standing,standing,1,YELLOW
107_978,107,0.7236,standing,standing,1,YELLOW
107_979,107,0.7299,standing,standing,1,YELLOW
107_980,107,0.7347,standing,standing,1,YELLOW
107_981,107,0.6382,standing,standing,1,YELLOW
107_982,107,0.6693,standing,standing,1,YELLOW
107_983,107,0.6919,standing,standing,1,YELLOW
107_984,107,0.7943,standing,standing,1,GREEN
107_985,107,0.6885,standing,standing,1,YELLOW
107_986,107,0.4793,standing,standing,1,YELLOW
107_987,107,0.5292,standing,standing,1,YELLOW
107_988,107,0.7769,standing,standing,1,GREEN
107_989,107,0.7155,standing,standing,1,YELLOW
107_990,107,0.6766,standing,standing,1,YELLOW
107_991,107,0.7502,standing,standing,1,GREEN
107_992,107,0.74,standing,standing,1,YELLOW
107_993,107,0.7138,standing,standing,1,YELLOW
107_994,107,0.7473,standing,standing,1,YELLOW
107_995,107,0.7515,standing,standing,1,GREEN
107_996,107,0.7124,standing,standing,1,YELLOW
107_997,107,0.7415,standing,standing,1,YELLOW
107_998,107,0.7371,standing,standing,1,YELLOW
107_999,107,0.7316,standing,standing,1,YELLOW
107_1000,107,0.6894,standing,standing,1,YELLOW
107_1001,107,0.7007,standing,standing,1,YELLOW
107_1002,107,0.7437,standing,standing,1,YELLOW
107_1003,107,0.7358,standing,standing,1,YELLOW
107_1004,107,0.7562,standing,standing,1,GREEN
107_1005,107,0.7302,standing,standing,1,YELLOW
107_1006,107,0.6943,standing,standing,1,YELLOW
107_1007,107,0.7435,standing,standing,1,YELLOW
107_1008,107,0.7577,standing,standing,1,GREEN
107_1009,107,0.7579,standing,standing,1,GREEN
107_1010,107,0.7559,standing,standing,1,GREEN
107_1011,107,0.755,standing,standing,1,GREEN
107_1012,107,0.7637,standing,standing,1,GREEN
107_1013,107,0.7052,standing,standing,1,YELLOW
107_1014,107,0.7012,standing,standing,1,YELLOW
107_1015,107,0.6739,standing,standing,1,YELLOW
107_1016,107,0.7301,standing,standing,1,YELLOW
107_1017,107,0.6767,standing,standing,1,YELLOW
107_1018,107,0.7521,standing,standing,1,GREEN
107_1019,107,0.756,standing,standing,1,GREEN
107_1020,107,0.7693,standing,standing,1,GREEN
107_1021,107,0.7384,standing,standing,1,YELLOW
107_1022,107,0.7145,standing,standing,1,YELLOW
107_1023,107,0.7746,standing,standing,1,GREEN
107_1024,107,0.7285,standing,standing,1,YELLOW
107_1025,107,0.6993,standing,standing,1,YELLOW
107_1026,107,0.7322,standing,standing,1,YELLOW
107_1027,107,0.7602,standing,standing,1,GREEN
107_1028,107,0.7373,standing,standing,1,YELLOW
107_1029,107,0.7323,standing,standing,1,YELLOW
107_1030,107,0.7605,standing,standing,1,GREEN
107_1031,107,0.6852,standing,standing,1,YELLOW
107_1032,107,0.7236,standing,standing,1,YELLOW
107_1033,107,0.7593,standing,standing,1,GREEN
107_1034,107,0.764,standing,standing,1,GREEN
107_1035,107,0.6991,standing,standing,1,YELLOW
107_1036,107,0.7582,standing,standing,1,GREEN
107_1037,107,0.7264,standing,standing,1,YELLOW
107_1038,107,0.74,standing,standing,1,YELLOW
107_1039,107,0.7392,standing,standing,1,YELLOW
107_1040,107,0.7314,standing,standing,1,YELLOW
107_1041,107,0.7425,standing,standing,1,YELLOW
107_1042,107,0.7467,standing,standing,1,YELLOW
107_1043,107,0.743,standing,standing,1,YELLOW
107_1044,107,0.76,standing,standing,1,GREEN
107_1045,107,0.8916,standing,standing,1,GREEN
107_1046,107,0.882,standing,standing,1,GREEN
107_1047,107,0.8886,standing,standing,1,GREEN
107_1048,107,0.9284,standing,standing,1,GREEN
107_1049,107,0.8845,standing,standing,1,GREEN
107_1050,107,0.9184,standing,standing,1,GREEN
107_1051,107,0.9003,standing,standing,1,GREEN
107_1052,107,0.8942,standing,standing,1,GREEN
107_1053,107,0.9095,standing,standing,1,GREEN
107_1054,107,0.8623,standing,standing,1,GREEN
107_1055,107,0.8925,standing,standing,1,GREEN
107_1056,107,0.8873,standing,standing,1,GREEN
107_1057,107,0.8211,standing,standing,1,GREEN
107_1058,107,0.873,standing,standing,1,GREEN
107_1059,107,0.8775,standing,standing,1,GREEN
107_1060,107,0.8699,standing,standing,1,GREEN
107_1061,107,0.9126,standing,standing,1,GREEN
107_1062,107,0.9236,standing,standing,1,GREEN
107_1063,107,0.9201,standing,standing,1,GREEN
107_1064,107,0.9126,standing,standing,1,GREEN
107_1065,107,0.9118,standing,standing,1,GREEN
107_1066,107,0.9215,standing,standing,1,GREEN
107_1067,107,0.8274,standing,standing,1,GREEN
107_1068,107,0.8838,standing,standing,1,GREEN
107_1069,107,0.8569,standing,standing,1,GREEN
107_1070,107,0.8249,standing,standing,1,GREEN
107_1071,107,0.9258,standing,standing,1,GREEN
107_1072,107,0.9218,standing,standing,1,GREEN
107_1073,107,0.828,standing,standing,1,GREEN
107_1074,107,0.8819,standing,standing,1,GREEN
107_1075,107,0.8965,standing,standing,1,GREEN
107_1076,107,0.9268,standing,standing,1,GREEN
107_1077,107,0.8923,standing,standing,1,GREEN
107_1078,107,0.9222,standing,standing,1,GREEN
107_1079,107,0.8582,standing,standing,1,GREEN
107_1080,107,0.8575,standing,standing,1,GREEN
107_1081,107,0.8606,standing,standing,1,GREEN
107_1082,107,0.925,standing,standing,1,GREEN
107_1083,107,0.8866,standing,standing,1,GREEN
107_1084,107,0.8573,standing,standing,1,GREEN
107_1085,107,0.921,standing,standing,1,GREEN
107_1086,107,0.9279,standing,standing,1,GREEN
107_1087,107,0.9278,standing,standing,1,GREEN
107_1088,107,0.896,standing,standing,1,GREEN
107_1089,107,0.9365,standing,standing,1,GREEN
107_1090,107,0.9364,standing,standing,1,GREEN
107_1091,107,0.9307,standing,standing,1,GREEN
107_1092,107,0.9277,standing,standing,1,GREEN
107_1093,107,0.9269,standing,standing,1,GREEN
107_1094,107,0.9267,standing,standing,1,GREEN
107_1095,107,0.9398,standing,standing,1,GREEN
107_1096,107,0.9219,standing,standing,1,GREEN
107_1097,107,0.8903,standing,standing,1,GREEN
107_1098,107,0.9288,standing,standing,1,GREEN
107_1099,107,0.9363,standing,standing,1,GREEN
107_1100,107,0.9327,standing,standing,1,GREEN
107_1101,107,0.9093,standing,standing,1,GREEN
107_1102,107,0.9003,standing,standing,1,GREEN
107_1103,107,0.9246,standing,standing,1,GREEN
107_1104,107,0.8941,standing,standing,1,GREEN
107_1105,107,0.9318,standing,standing,1,GREEN
107_1106,107,0.8951,standing,standing,1,GREEN
107_1107,107,0.923,standing,standing,1,GREEN
107_1108,107,0.924,standing,standing,1,GREEN
107_1109,107,0.9212,standing,standing,1,GREEN
107_1110,107,0.9212,standing,standing,1,GREEN
107_1111,107,0.8742,standing,standing,1,GREEN
107_1112,107,0.9218,standing,standing,1,GREEN
107_1113,107,0.9253,standing,standing,1,GREEN
107_1114,107,0.915,standing,standing,1,GREEN
107_1115,107,0.9048,standing,standing,1,GREEN
107_1116,107,0.9095,standing,standing,1,GREEN
107_1117,107,0.9229,standing,standing,1,GREEN
107_1118,107,0.8345,standing,standing,1,GREEN
107_1119,107,0.9241,standing,standing,1,GREEN
107_1120,107,0.9244,standing,standing,1,GREEN
107_1121,107,0.9139,standing,standing,1,GREEN
107_1122,107,0.8799,standing,standing,1,GREEN
107_1123,107,0.919,standing,standing,1,GREEN
107_1124,107,0.9346,standing,standing,1,GREEN
107_1125,107,0.9343,standing,standing,1,GREEN
107_1126,107,0.8979,standing,standing,1,GREEN
107_1127,107,0.9287,standing,standing,1,GREEN
107_1128,107,0.9271,standing,standing,1,GREEN
107_1129,107,0.934,standing,standing,1,GREEN
107_1130,107,0.9289,standing,standing,1,GREEN
107_1131,107,0.8938,standing,standing,1,GREEN
107_1132,107,0.9033,standing,standing,1,GREEN
107_1133,107,0.9308,standing,standing,1,GREEN
107_1134,107,0.8913,standing,standing,1,GREEN
107_1135,107,0.9192,standing,standing,1,GREEN
107_1136,107,0.9151,standing,standing,1,GREEN
107_1137,107,0.9166,standing,standing,1,GREEN
107_1138,107,0.9247,standing,standing,1,GREEN
107_1139,107,0.9286,standing,standing,1,GREEN
107_1140,107,0.9388,standing,standing,1,GREEN
107_1141,107,0.9367,standing,standing,1,GREEN
107_1142,107,0.8908,standing,standing,1,GREEN
107_1143,107,0.9357,standing,standing,1,GREEN
107_1144,107,0.8948,standing,standing,1,GREEN
107_1145,107,0.9235,standing,standing,1,GREEN
107_1146,107,0.8984,standing,standing,1,GREEN
107_1147,107,0.872,standing,standing,1,GREEN
107_1148,107,0.9287,standing,standing,1,GREEN
107_1149,107,0.9333,standing,standing,1,GREEN
107_1150,107,0.941,standing,standing,1,GREEN
107_1151,107,0.9369,standing,standing,1,GREEN
107_1152,107,0.9239,standing,standing,1,GREEN
107_1153,107,0.925,standing,standing,1,GREEN
107_1154,107,0.9226,standing,standing,1,GREEN
107_1155,107,0.9294,standing,standing,1,GREEN
107_1156,107,0.9246,standing,standing,1,GREEN
107_1157,107,0.923,standing,standing,1,GREEN
107_1158,107,0.9242,standing,standing,1,GREEN
107_1159,107,0.9288,standing,standing,1,GREEN
107_1160,107,0.9007,standing,standing,1,GREEN
107_1161,107,0.9257,standing,standing,1,GREEN
107_1162,107,0.8489,standing,standing,1,GREEN
107_1163,107,0.8872,standing,standing,1,GREEN
107_1164,107,0.9324,standing,standing,1,GREEN
107_1165,107,0.9222,standing,standing,1,GREEN
107_1166,107,0.8872,standing,standing,1,GREEN
107_1167,107,0.8454,standing,standing,1,GREEN
107_1168,107,0.8517,standing,standing,1,GREEN
107_1169,107,0.8771,standing,standing,1,GREEN
107_1170,107,0.9112,standing,standing,1,GREEN
107_1171,107,0.8525,standing,standing,1,GREEN
107_1172,107,0.8891,standing,standing,1,GREEN
107_1173,107,0.9316,standing,standing,1,GREEN
107_1174,107,0.9201,standing,standing,1,GREEN
107_1175,107,0.9168,standing,standing,1,GREEN
107_1176,107,0.9283,standing,standing,1,GREEN
107_1177,107,0.9275,standing,standing,1,GREEN
107_1178,107,0.9152,standing,standing,1,GREEN
107_1179,107,0.9129,standing,standing,1,GREEN
107_1180,107,0.8497,standing,standing,1,GREEN
107_1181,107,0.927,standing,standing,1,GREEN
107_1182,107,0.8961,standing,standing,1,GREEN
107_1183,107,0.8418,standing,standing,1,GREEN
107_1184,107,0.9169,standing,standing,1,GREEN
107_1185,107,0.9261,standing,standing,1,GREEN
107_1186,107,0.9217,standing,standing,1,GREEN
107_1187,107,0.9235,standing,standing,1,GREEN
107_1188,107,0.9254,standing,standing,1,GREEN
107_1189,107,0.9374,standing,standing,1,GREEN
107_1190,107,0.9539,standing,standing,1,GREEN
107_1191,107,0.9235,standing,standing,1,GREEN
107_1192,107,0.9592,standing,standing,1,GREEN
107_1193,107,0.9595,standing,standing,1,GREEN
107_1194,107,0.9603,standing,standing,1,GREEN
107_1195,107,0.9429,standing,standing,1,GREEN
107_1196,107,0.9389,standing,standing,1,GREEN
107_1197,107,0.9315,standing,standing,1,GREEN
107_1198,107,0.9151,standing,standing,1,GREEN
107_1199,107,0.916,standing,standing,1,GREEN
107_1200,107,0.9055,standing,standing,1,GREEN
107_1201,107,0.8967,standing,standing,1,GREEN
107_1202,107,0.9134,standing,standing,1,GREEN
107_1203,107,0.898,standing,standing,1,GREEN
107_1204,107,0.9028,standing,standing,1,GREEN
107_1205,107,0.8706,standing,standing,1,GREEN
107_1206,107,0.8981,standing,standing,1,GREEN
107_1207,107,0.8678,standing,standing,1,GREEN
107_1208,107,0.8982,standing,standing,1,GREEN
107_1209,107,0.8841,standing,standing,1,GREEN
107_1210,107,0.839,standing,standing,1,GREEN
107_1211,107,0.8346,standing,standing,1,GREEN
107_1212,107,0.8947,standing,standing,1,GREEN
107_1213,107,0.8937,standing,standing,1,GREEN
107_1214,107,0.8172,standing,standing,1,GREEN
107_1215,107,0.6566,standing,standing,1,YELLOW
107_1216,107,0.681,standing,standing,1,YELLOW
107_1217,107,0.8346,standing,standing,1,GREEN
107_1218,107,0.8752,standing,standing,1,GREEN
107_1219,107,0.8938,standing,standing,1,GREEN
107_1220,107,0.8472,standing,standing,1,GREEN
107_1221,107,0.8177,standing,standing,1,GREEN
107_1222,107,0.9017,standing,standing,1,GREEN
107_1223,107,0.9222,standing,standing,1,GREEN
107_1224,107,0.9281,standing,standing,1,GREEN
107_1225,107,0.9283,standing,standing,1,GREEN
107_1226,107,0.9247,standing,standing,1,GREEN
107_1227,107,0.9127,standing,standing,1,GREEN
107_1228,107,0.9098,standing,standing,1,GREEN
107_1229,107,0.9127,standing,standing,1,GREEN
107_1230,107,0.9057,standing,standing,1,GREEN
107_1231,107,0.8911,standing,standing,1,GREEN
107_1232,107,0.9148,standing,standing,1,GREEN
107_1233,107,0.8864,standing,standing,1,GREEN
107_1234,107,0.7713,standing,standing,1,GREEN
107_1235,107,0.7537,standing,standing,1,GREEN
107_1236,107,0.7155,standing,standing,1,YELLOW
107_1237,107,0.7058,standing,standing,1,YELLOW
107_1238,107,0.7641,standing,standing,1,GREEN
107_1239,107,0.7352,standing,standing,1,YELLOW
107_1240,107,0.7312,standing,standing,1,YELLOW
107_1241,107,0.8021,standing,standing,1,GREEN
107_1242,107,0.8305,standing,standing,1,GREEN
107_1243,107,0.9205,standing,standing,1,GREEN
107_1244,107,0.8934,standing,standing,1,GREEN
107_1245,107,0.8695,standing,standing,1,GREEN
107_1246,107,0.883,standing,standing,1,GREEN
107_1247,107,0.9048,standing,standing,1,GREEN
107_1248,107,0.8431,standing,standing,1,GREEN
107_1249,107,0.9209,standing,standing,1,GREEN
107_1250,107,0.8921,standing,standing,1,GREEN
107_1251,107,0.9188,standing,standing,1,GREEN
107_1252,107,0.855,standing,standing,1,GREEN
107_1253,107,0.754,standing,standing,1,GREEN
107_1254,107,0.7942,standing,standing,1,GREEN
107_1255,107,0.925,standing,standing,1,GREEN
107_1256,107,0.8908,standing,standing,1,GREEN
107_1257,107,0.9189,standing,standing,1,GREEN
107_1258,107,0.8886,standing,standing,1,GREEN
107_1259,107,0.8539,standing,standing,1,GREEN
107_1260,107,0.8863,standing,standing,1,GREEN
107_1261,107,0.9189,standing,standing,1,GREEN
107_1262,107,0.8426,standing,standing,1,GREEN
107_1263,107,0.914,standing,standing,1,GREEN
107_1264,107,0.9079,standing,standing,1,GREEN
107_1265,107,0.9097,standing,standing,1,GREEN
107_1266,107,0.9188,standing,ironing,0,GREEN
107_1267,107,0.8933,standing,ironing,0,GREEN
107_1268,107,0.9169,standing,ironing,0,GREEN
107_1269,107,0.914,standing,ironing,0,GREEN
107_1270,107,0.857,standing,ironing,0,GREEN
107_1271,107,0.7927,standing,ironing,0,GREEN
107_1272,107,0.8949,standing,ironing,0,GREEN
107_1273,107,0.9217,standing,ironing,0,GREEN
107_1274,107,0.915,standing,ironing,0,GREEN
107_1275,107,0.9184,standing,ironing,0,GREEN
107_1276,107,0.8168,standing,ironing,0,GREEN
107_1277,107,0.8057,standing,ironing,0,GREEN
107_1278,107,0.8345,standing,ironing,0,GREEN
107_1279,107,0.3783,standing,ironing,0,RED
107_1280,107,0.4543,vacuuming,ironing,0,YELLOW
107_1281,107,0.3603,vacuuming,ironing,0,RED
107_1282,107,0.9287,ironing,ironing,1,GREEN
107_1283,107,0.9151,ironing,ironing,1,GREEN
107_1284,107,0.9041,ironing,ironing,1,GREEN
107_1285,107,0.9024,ironing,ironing,1,GREEN
107_1286,107,0.9853,ironing,ironing,1,GREEN
107_1287,107,0.9883,ironing,ironing,1,GREEN
107_1288,107,0.9894,ironing,ironing,1,GREEN
107_1289,107,0.9926,ironing,ironing,1,GREEN
107_1290,107,0.9861,ironing,ironing,1,GREEN
107_1291,107,0.9345,ironing,ironing,1,GREEN
107_1292,107,0.9867,ironing,ironing,1,GREEN
107_1293,107,0.9928,ironing,ironing,1,GREEN
107_1294,107,0.9618,ironing,ironing,1,GREEN
107_1295,107,0.7319,ironing,ironing,1,YELLOW
107_1296,107,0.8082,ironing,ironing,1,GREEN
107_1297,107,0.773,ironing,ironing,1,GREEN
107_1298,107,0.7872,ironing,ironing,1,GREEN
107_1299,107,0.7473,ironing,ironing,1,YELLOW
107_1300,107,0.8094,ironing,ironing,1,GREEN
107_1301,107,0.8107,ironing,ironing,1,GREEN
107_1302,107,0.7905,ironing,ironing,1,GREEN
107_1303,107,0.8601,ironing,ironing,1,GREEN
107_1304,107,0.9319,ironing,ironing,1,GREEN
107_1305,107,0.9941,ironing,ironing,1,GREEN
107_1306,107,0.9903,ironing,ironing,1,GREEN
107_1307,107,0.9754,ironing,ironing,1,GREEN
107_1308,107,0.9787,ironing,ironing,1,GREEN
107_1309,107,0.9961,ironing,ironing,1,GREEN
107_1310,107,0.9991,ironing,ironing,1,GREEN
107_1311,107,0.9929,ironing,ironing,1,GREEN
107_1312,107,0.9968,ironing,ironing,1,GREEN
107_1313,107,0.9991,ironing,ironing,1,GREEN
107_1314,107,0.9946,ironing,ironing,1,GREEN
107_1315,107,0.9862,ironing,ironing,1,GREEN
107_1316,107,0.9303,ironing,ironing,1,GREEN
107_1317,107,0.9206,ironing,ironing,1,GREEN
107_1318,107,0.922,ironing,ironing,1,GREEN
107_1319,107,0.881,ironing,ironing,1,GREEN
107_1320,107,0.9483,ironing,ironing,1,GREEN
107_1321,107,0.9531,ironing,ironing,1,GREEN
107_1322,107,0.9887,ironing,ironing,1,GREEN
107_1323,107,0.9927,ironing,ironing,1,GREEN
107_1324,107,0.9933,ironing,ironing,1,GREEN
107_1325,107,0.9955,ironing,ironing,1,GREEN
107_1326,107,0.9605,ironing,ironing,1,GREEN
107_1327,107,0.9543,ironing,ironing,1,GREEN
107_1328,107,0.9739,ironing,ironing,1,GREEN
107_1329,107,0.9511,ironing,ironing,1,GREEN
107_1330,107,0.9673,ironing,ironing,1,GREEN
107_1331,107,0.9693,ironing,ironing,1,GREEN
107_1332,107,0.9717,ironing,ironing,1,GREEN
107_1333,107,0.9903,ironing,ironing,1,GREEN
107_1334,107,0.9991,ironing,ironing,1,GREEN
107_1335,107,0.9966,ironing,ironing,1,GREEN
107_1336,107,0.9852,ironing,ironing,1,GREEN
107_1337,107,0.9825,ironing,ironing,1,GREEN
107_1338,107,0.9765,ironing,ironing,1,GREEN
107_1339,107,0.9442,ironing,ironing,1,GREEN
107_1340,107,0.997,ironing,ironing,1,GREEN
107_1341,107,0.995,ironing,ironing,1,GREEN
107_1342,107,0.9991,ironing,ironing,1,GREEN
107_1343,107,0.9991,ironing,ironing,1,GREEN
107_1344,107,0.9971,ironing,ironing,1,GREEN
107_1345,107,0.9798,ironing,ironing,1,GREEN
107_1346,107,0.9185,ironing,ironing,1,GREEN
107_1347,107,0.9089,ironing,ironing,1,GREEN
107_1348,107,0.9343,ironing,ironing,1,GREEN
107_1349,107,0.9844,ironing,ironing,1,GREEN
107_1350,107,0.9812,ironing,ironing,1,GREEN
107_1351,107,0.9805,ironing,ironing,1,GREEN
107_1352,107,0.9934,ironing,ironing,1,GREEN
107_1353,107,0.9973,ironing,ironing,1,GREEN
107_1354,107,0.994,ironing,ironing,1,GREEN
107_1355,107,0.9682,ironing,ironing,1,GREEN
107_1356,107,0.8912,ironing,ironing,1,GREEN
107_1357,107,0.8508,ironing,ironing,1,GREEN
107_1358,107,0.6935,ironing,ironing,1,YELLOW
107_1359,107,0.6911,ironing,ironing,1,YELLOW
107_1360,107,0.957,ironing,ironing,1,GREEN
107_1361,107,0.9865,ironing,ironing,1,GREEN
107_1362,107,0.9372,ironing,ironing,1,GREEN
107_1363,107,0.8202,ironing,ironing,1,GREEN
107_1364,107,0.9919,ironing,ironing,1,GREEN
107_1365,107,0.9708,ironing,ironing,1,GREEN
107_1366,107,0.9309,ironing,ironing,1,GREEN
107_1367,107,0.9391,ironing,ironing,1,GREEN
107_1368,107,0.9799,ironing,ironing,1,GREEN
107_1369,107,0.9949,ironing,ironing,1,GREEN
107_1370,107,0.9871,ironing,ironing,1,GREEN
107_1371,107,0.9246,ironing,ironing,1,GREEN
107_1372,107,0.9829,ironing,ironing,1,GREEN
107_1373,107,0.9499,ironing,ironing,1,GREEN
107_1374,107,0.9653,ironing,ironing,1,GREEN
107_1375,107,0.9924,ironing,ironing,1,GREEN
107_1376,107,0.9785,ironing,ironing,1,GREEN
107_1377,107,0.968,ironing,ironing,1,GREEN
107_1378,107,0.9898,ironing,ironing,1,GREEN
107_1379,107,0.9751,ironing,ironing,1,GREEN
107_1380,107,0.8952,ironing,ironing,1,GREEN
107_1381,107,0.9455,ironing,ironing,1,GREEN
107_1382,107,0.9853,ironing,ironing,1,GREEN
107_1383,107,0.9904,ironing,ironing,1,GREEN
107_1384,107,0.9952,ironing,ironing,1,GREEN
107_1385,107,0.9877,ironing,ironing,1,GREEN
107_1386,107,0.9723,ironing,ironing,1,GREEN
107_1387,107,0.9816,ironing,ironing,1,GREEN
107_1388,107,0.9275,ironing,ironing,1,GREEN
107_1389,107,0.938,ironing,ironing,1,GREEN
107_1390,107,0.7967,ironing,ironing,1,GREEN
107_1391,107,0.8462,ironing,ironing,1,GREEN
107_1392,107,0.8941,ironing,ironing,1,GREEN
107_1393,107,0.9198,ironing,ironing,1,GREEN
107_1394,107,0.9793,ironing,ironing,1,GREEN
107_1395,107,0.9904,ironing,ironing,1,GREEN
107_1396,107,0.9989,ironing,ironing,1,GREEN
107_1397,107,0.9962,ironing,ironing,1,GREEN
107_1398,107,0.9857,ironing,ironing,1,GREEN
107_1399,107,0.9784,ironing,ironing,1,GREEN
107_1400,107,0.9864,ironing,ironing,1,GREEN
107_1401,107,0.9967,ironing,ironing,1,GREEN
107_1402,107,0.9837,ironing,ironing,1,GREEN
107_1403,107,0.9947,ironing,ironing,1,GREEN
107_1404,107,0.9893,ironing,ironing,1,GREEN
107_1405,107,0.9764,ironing,ironing,1,GREEN
107_1406,107,0.9641,ironing,ironing,1,GREEN
107_1407,107,0.9622,ironing,ironing,1,GREEN
107_1408,107,0.996,ironing,ironing,1,GREEN
107_1409,107,0.994,ironing,ironing,1,GREEN
107_1410,107,0.9978,ironing,ironing,1,GREEN
107_1411,107,0.9938,ironing,ironing,1,GREEN
107_1412,107,0.9911,ironing,ironing,1,GREEN
107_1413,107,0.9927,ironing,ironing,1,GREEN
107_1414,107,0.999,ironing,ironing,1,GREEN
107_1415,107,0.9948,ironing,ironing,1,GREEN
107_1416,107,0.9868,ironing,ironing,1,GREEN
107_1417,107,0.9713,ironing,ironing,1,GREEN
107_1418,107,0.9576,ironing,ironing,1,GREEN
107_1419,107,0.9779,ironing,ironing,1,GREEN
107_1420,107,0.9917,ironing,ironing,1,GREEN
107_1421,107,0.9841,ironing,ironing,1,GREEN
107_1422,107,0.9884,ironing,ironing,1,GREEN
107_1423,107,0.9849,ironing,ironing,1,GREEN
107_1424,107,0.9806,ironing,ironing,1,GREEN
107_1425,107,0.9789,ironing,ironing,1,GREEN
107_1426,107,0.974,ironing,ironing,1,GREEN
107_1427,107,0.9847,ironing,ironing,1,GREEN
107_1428,107,0.9783,ironing,ironing,1,GREEN
107_1429,107,0.9923,ironing,ironing,1,GREEN
107_1430,107,0.9965,ironing,ironing,1,GREEN
107_1431,107,0.9831,ironing,ironing,1,GREEN
107_1432,107,0.9916,ironing,ironing,1,GREEN
107_1433,107,0.9978,ironing,ironing,1,GREEN
107_1434,107,0.9592,ironing,ironing,1,GREEN
107_1435,107,0.9744,ironing,ironing,1,GREEN
107_1436,107,0.9934,ironing,ironing,1,GREEN
107_1437,107,0.995,ironing,ironing,1,GREEN
107_1438,107,0.9943,ironing,ironing,1,GREEN
107_1439,107,0.9738,ironing,ironing,1,GREEN
107_1440,107,0.9731,ironing,ironing,1,GREEN
107_1441,107,0.9806,ironing,ironing,1,GREEN
107_1442,107,0.9664,ironing,ironing,1,GREEN
107_1443,107,0.9881,ironing,ironing,1,GREEN
107_1444,107,0.9586,ironing,ironing,1,GREEN
107_1445,107,0.9477,ironing,ironing,1,GREEN
107_1446,107,0.9547,ironing,ironing,1,GREEN
107_1447,107,0.9784,ironing,ironing,1,GREEN
107_1448,107,0.9967,ironing,ironing,1,GREEN
107_1449,107,0.9967,ironing,ironing,1,GREEN
107_1450,107,0.9955,ironing,ironing,1,GREEN
107_1451,107,0.9844,ironing,ironing,1,GREEN
107_1452,107,0.9914,ironing,ironing,1,GREEN
107_1453,107,0.9889,ironing,ironing,1,GREEN
107_1454,107,0.9802,ironing,ironing,1,GREEN
107_1455,107,0.9263,ironing,ironing,1,GREEN
107_1456,107,0.9159,ironing,ironing,1,GREEN
107_1457,107,0.9,ironing,ironing,1,GREEN
107_1458,107,0.9331,ironing,ironing,1,GREEN
107_1459,107,0.9778,ironing,ironing,1,GREEN
107_1460,107,0.9594,ironing,ironing,1,GREEN
107_1461,107,0.9585,ironing,ironing,1,GREEN
107_1462,107,0.9945,ironing,ironing,1,GREEN
107_1463,107,0.994,ironing,ironing,1,GREEN
107_1464,107,0.9779,ironing,ironing,1,GREEN
107_1465,107,0.9651,ironing,ironing,1,GREEN
107_1466,107,0.9889,ironing,ironing,1,GREEN
107_1467,107,0.9819,ironing,ironing,1,GREEN
107_1468,107,0.9651,ironing,ironing,1,GREEN
107_1469,107,0.9569,ironing,ironing,1,GREEN
107_1470,107,0.9989,ironing,ironing,1,GREEN
107_1471,107,0.9975,ironing,ironing,1,GREEN
107_1472,107,0.9634,ironing,ironing,1,GREEN
107_1473,107,0.9587,ironing,ironing,1,GREEN
107_1474,107,0.9549,ironing,ironing,1,GREEN
107_1475,107,0.9286,ironing,ironing,1,GREEN
107_1476,107,0.8274,ironing,ironing,1,GREEN
107_1477,107,0.7421,ironing,ironing,1,YELLOW
107_1478,107,0.8739,ironing,ironing,1,GREEN
107_1479,107,0.9437,ironing,ironing,1,GREEN
107_1480,107,0.9622,ironing,ironing,1,GREEN
107_1481,107,0.9862,ironing,ironing,1,GREEN
107_1482,107,0.9868,ironing,ironing,1,GREEN
107_1483,107,0.9721,ironing,ironing,1,GREEN
107_1484,107,0.9501,ironing,ironing,1,GREEN
107_1485,107,0.9926,ironing,ironing,1,GREEN
107_1486,107,0.9941,ironing,ironing,1,GREEN
107_1487,107,0.9917,ironing,ironing,1,GREEN
107_1488,107,0.9755,ironing,ironing,1,GREEN
107_1489,107,0.9893,ironing,ironing,1,GREEN
107_1490,107,0.9907,ironing,ironing,1,GREEN
107_1491,107,0.964,ironing,ironing,1,GREEN
107_1492,107,0.9127,ironing,ironing,1,GREEN
107_1493,107,0.9777,ironing,ironing,1,GREEN
107_1494,107,0.998,ironing,ironing,1,GREEN
107_1495,107,0.9966,ironing,ironing,1,GREEN
107_1496,107,0.9899,ironing,ironing,1,GREEN
107_1497,107,0.9944,ironing,ironing,1,GREEN
107_1498,107,0.9689,ironing,ironing,1,GREEN
107_1499,107,0.9698,ironing,ironing,1,GREEN
107_1500,107,0.9728,ironing,ironing,1,GREEN
107_1501,107,0.9868,ironing,ironing,1,GREEN
107_1502,107,0.9913,ironing,ironing,1,GREEN
107_1503,107,0.9852,ironing,ironing,1,GREEN
107_1504,107,0.9851,ironing,ironing,1,GREEN
107_1505,107,0.9894,ironing,ironing,1,GREEN
107_1506,107,0.9884,ironing,ironing,1,GREEN
107_1507,107,0.9636,ironing,ironing,1,GREEN
107_1508,107,0.858,ironing,ironing,1,GREEN
107_1509,107,0.8563,ironing,ironing,1,GREEN
107_1510,107,0.9081,ironing,ironing,1,GREEN
107_1511,107,0.9288,ironing,ironing,1,GREEN
107_1512,107,0.9554,ironing,ironing,1,GREEN
107_1513,107,0.971,ironing,ironing,1,GREEN
107_1514,107,0.9852,ironing,ironing,1,GREEN
107_1515,107,0.9842,ironing,ironing,1,GREEN
107_1516,107,0.9409,ironing,ironing,1,GREEN
107_1517,107,0.9687,ironing,ironing,1,GREEN
107_1518,107,0.9838,ironing,ironing,1,GREEN
107_1519,107,0.9854,ironing,ironing,1,GREEN
107_1520,107,0.9588,ironing,ironing,1,GREEN
107_1521,107,0.9768,ironing,ironing,1,GREEN
107_1522,107,0.9903,ironing,ironing,1,GREEN
107_1523,107,0.9806,ironing,ironing,1,GREEN
107_1524,107,0.9833,ironing,ironing,1,GREEN
107_1525,107,0.9927,ironing,ironing,1,GREEN
107_1526,107,0.9946,ironing,ironing,1,GREEN
107_1527,107,0.9867,ironing,ironing,1,GREEN
107_1528,107,0.9764,ironing,ironing,1,GREEN
107_1529,107,0.9875,ironing,ironing,1,GREEN
107_1530,107,0.9754,ironing,ironing,1,GREEN
107_1531,107,0.9815,ironing,ironing,1,GREEN
107_1532,107,0.9719,ironing,ironing,1,GREEN
107_1533,107,0.9032,ironing,ironing,1,GREEN
107_1534,107,0.8689,ironing,ironing,1,GREEN
107_1535,107,0.8432,ironing,ironing,1,GREEN
107_1536,107,0.8217,ironing,ironing,1,GREEN
107_1537,107,0.8598,ironing,ironing,1,GREEN
107_1538,107,0.8821,ironing,ironing,1,GREEN
107_1539,107,0.8648,ironing,ironing,1,GREEN
107_1540,107,0.8545,ironing,ironing,1,GREEN
107_1541,107,0.8708,ironing,ironing,1,GREEN
107_1542,107,0.8744,ironing,ironing,1,GREEN
107_1543,107,0.8433,ironing,ironing,1,GREEN
107_1544,107,0.8588,ironing,ironing,1,GREEN
107_1545,107,0.8779,ironing,ironing,1,GREEN
107_1546,107,0.8787,ironing,ironing,1,GREEN
107_1547,107,0.8582,ironing,ironing,1,GREEN
107_1548,107,0.8802,ironing,ironing,1,GREEN
107_1549,107,0.9464,ironing,ironing,1,GREEN
107_1550,107,0.9688,ironing,ironing,1,GREEN
107_1551,107,0.996,ironing,ironing,1,GREEN
107_1552,107,0.9737,ironing,ironing,1,GREEN
107_1553,107,0.8794,ironing,ironing,1,GREEN
107_1554,107,0.9897,ironing,ironing,1,GREEN
107_1555,107,0.9896,ironing,ironing,1,GREEN
107_1556,107,0.9541,ironing,ironing,1,GREEN
107_1557,107,0.9825,ironing,ironing,1,GREEN
107_1558,107,0.9907,ironing,ironing,1,GREEN
107_1559,107,0.995,ironing,ironing,1,GREEN
107_1560,107,0.9723,ironing,ironing,1,GREEN
107_1561,107,0.9536,ironing,ironing,1,GREEN
107_1562,107,0.9409,ironing,ironing,1,GREEN
107_1563,107,0.9567,ironing,ironing,1,GREEN
107_1564,107,0.909,ironing,ironing,1,GREEN
107_1565,107,0.8534,ironing,ironing,1,GREEN
107_1566,107,0.9312,ironing,ironing,1,GREEN
107_1567,107,0.9462,ironing,ironing,1,GREEN
107_1568,107,0.9716,ironing,ironing,1,GREEN
107_1569,107,0.9917,ironing,ironing,1,GREEN
107_1570,107,0.9857,ironing,ironing,1,GREEN
107_1571,107,0.9972,ironing,ironing,1,GREEN
107_1572,107,0.9962,ironing,ironing,1,GREEN
107_1573,107,0.9967,ironing,ironing,1,GREEN
107_1574,107,0.9793,ironing,ironing,1,GREEN
107_1575,107,0.9767,ironing,ironing,1,GREEN
107_1576,107,0.9879,ironing,ironing,1,GREEN
107_1577,107,0.9812,ironing,ironing,1,GREEN
107_1578,107,0.9682,ironing,ironing,1,GREEN
107_1579,107,0.9367,ironing,ironing,1,GREEN
107_1580,107,0.9468,ironing,ironing,1,GREEN
107_1581,107,0.9697,ironing,ironing,1,GREEN
107_1582,107,0.9732,ironing,ironing,1,GREEN
107_1583,107,0.9585,ironing,ironing,1,GREEN
107_1584,107,0.9198,ironing,ironing,1,GREEN
107_1585,107,0.8567,ironing,ironing,1,GREEN
107_1586,107,0.9825,ironing,ironing,1,GREEN
107_1587,107,0.9829,ironing,ironing,1,GREEN
107_1588,107,0.9896,ironing,ironing,1,GREEN
107_1589,107,0.9943,ironing,ironing,1,GREEN
107_1590,107,0.9827,ironing,ironing,1,GREEN
107_1591,107,0.9269,ironing,ironing,1,GREEN
107_1592,107,0.9653,ironing,ironing,1,GREEN
107_1593,107,0.9722,ironing,ironing,1,GREEN
107_1594,107,0.999,ironing,ironing,1,GREEN
107_1595,107,0.9923,ironing,ironing,1,GREEN
107_1596,107,0.9911,ironing,ironing,1,GREEN
107_1597,107,0.9479,ironing,ironing,1,GREEN
107_1598,107,0.909,ironing,ironing,1,GREEN
107_1599,107,0.8579,ironing,ironing,1,GREEN
107_1600,107,0.8652,ironing,ironing,1,GREEN
107_1601,107,0.9153,ironing,ironing,1,GREEN
107_1602,107,0.9163,ironing,ironing,1,GREEN
107_1603,107,0.8861,ironing,ironing,1,GREEN
107_1604,107,0.8907,ironing,ironing,1,GREEN
107_1605,107,0.8858,ironing,ironing,1,GREEN
107_1606,107,0.9117,ironing,ironing,1,GREEN
107_1607,107,0.9469,ironing,ironing,1,GREEN
107_1608,107,0.9742,ironing,ironing,1,GREEN
107_1609,107,0.9672,ironing,ironing,1,GREEN
107_1610,107,0.9594,ironing,ironing,1,GREEN
107_1611,107,0.9259,ironing,ironing,1,GREEN
107_1612,107,0.9228,ironing,ironing,1,GREEN
107_1613,107,0.9506,ironing,ironing,1,GREEN
107_1614,107,0.9885,ironing,ironing,1,GREEN
107_1615,107,0.9872,ironing,ironing,1,GREEN
107_1616,107,0.9442,ironing,ironing,1,GREEN
107_1617,107,0.836,ironing,ironing,1,GREEN
107_1618,107,0.9614,ironing,ironing,1,GREEN
107_1619,107,0.9943,ironing,ironing,1,GREEN
107_1620,107,0.9967,ironing,ironing,1,GREEN
107_1621,107,0.9822,ironing,ironing,1,GREEN
107_1622,107,0.9738,ironing,ironing,1,GREEN
107_1623,107,0.9548,ironing,ironing,1,GREEN
107_1624,107,0.913,ironing,ironing,1,GREEN
107_1625,107,0.9724,ironing,ironing,1,GREEN
107_1626,107,0.9931,ironing,ironing,1,GREEN
107_1627,107,0.9916,ironing,ironing,1,GREEN
107_1628,107,0.9938,ironing,ironing,1,GREEN
107_1629,107,0.9849,ironing,ironing,1,GREEN
107_1630,107,0.9697,ironing,ironing,1,GREEN
107_1631,107,0.9908,ironing,ironing,1,GREEN
107_1632,107,0.9885,ironing,ironing,1,GREEN
107_1633,107,0.9627,ironing,ironing,1,GREEN
107_1634,107,0.953,ironing,ironing,1,GREEN
107_1635,107,0.9904,ironing,ironing,1,GREEN
107_1636,107,0.9714,ironing,ironing,1,GREEN
107_1637,107,0.957,ironing,ironing,1,GREEN
107_1638,107,0.9886,ironing,ironing,1,GREEN
107_1639,107,0.9953,ironing,ironing,1,GREEN
107_1640,107,0.9979,ironing,ironing,1,GREEN
107_1641,107,0.9982,ironing,ironing,1,GREEN
107_1642,107,0.9981,ironing,ironing,1,GREEN
107_1643,107,0.9784,ironing,ironing,1,GREEN
107_1644,107,0.9457,ironing,ironing,1,GREEN
107_1645,107,0.8794,ironing,ironing,1,GREEN
107_1646,107,0.8762,ironing,ironing,1,GREEN
107_1647,107,0.8702,ironing,ironing,1,GREEN
107_1648,107,0.8573,ironing,ironing,1,GREEN
107_1649,107,0.8572,ironing,ironing,1,GREEN
107_1650,107,0.8358,ironing,ironing,1,GREEN
107_1651,107,0.9085,ironing,ironing,1,GREEN
107_1652,107,0.9718,ironing,ironing,1,GREEN
107_1653,107,0.9942,ironing,ironing,1,GREEN
107_1654,107,0.9823,ironing,ironing,1,GREEN
107_1655,107,0.9357,ironing,ironing,1,GREEN
107_1656,107,0.9719,ironing,ironing,1,GREEN
107_1657,107,0.8914,ironing,ironing,1,GREEN
107_1658,107,0.9645,ironing,ironing,1,GREEN
107_1659,107,0.9886,ironing,ironing,1,GREEN
107_1660,107,0.9991,ironing,ironing,1,GREEN
107_1661,107,0.9991,ironing,ironing,1,GREEN
107_1662,107,0.9976,ironing,ironing,1,GREEN
107_1663,107,0.9991,ironing,ironing,1,GREEN
107_1664,107,0.998,ironing,ironing,1,GREEN
107_1665,107,0.9865,ironing,ironing,1,GREEN
107_1666,107,0.9753,ironing,ironing,1,GREEN
107_1667,107,0.9879,ironing,ironing,1,GREEN
107_1668,107,0.9879,ironing,ironing,1,GREEN
107_1669,107,0.9898,ironing,ironing,1,GREEN
107_1670,107,0.9976,ironing,ironing,1,GREEN
107_1671,107,0.998,ironing,ironing,1,GREEN
107_1672,107,0.9778,ironing,ironing,1,GREEN
107_1673,107,0.961,ironing,ironing,1,GREEN
107_1674,107,0.9585,ironing,ironing,1,GREEN
107_1675,107,0.9618,ironing,ironing,1,GREEN
107_1676,107,0.9794,ironing,ironing,1,GREEN
107_1677,107,0.9765,ironing,ironing,1,GREEN
107_1678,107,0.996,ironing,ironing,1,GREEN
107_1679,107,0.9894,ironing,ironing,1,GREEN
107_1680,107,0.9943,ironing,ironing,1,GREEN
107_1681,107,0.9622,ironing,ironing,1,GREEN
107_1682,107,0.9492,ironing,ironing,1,GREEN
107_1683,107,0.8761,ironing,ironing,1,GREEN
107_1684,107,0.8758,ironing,ironing,1,GREEN
107_1685,107,0.8717,ironing,ironing,1,GREEN
107_1686,107,0.9538,ironing,ironing,1,GREEN
107_1687,107,0.9753,ironing,ironing,1,GREEN
107_1688,107,0.9547,ironing,ironing,1,GREEN
107_1689,107,0.9261,ironing,ironing,1,GREEN
107_1690,107,0.9407,ironing,ironing,1,GREEN
107_1691,107,0.9775,ironing,ironing,1,GREEN
107_1692,107,0.9878,ironing,ironing,1,GREEN
107_1693,107,0.9934,ironing,ironing,1,GREEN
107_1694,107,0.9896,ironing,ironing,1,GREEN
107_1695,107,0.9645,ironing,ironing,1,GREEN
107_1696,107,0.9625,ironing,ironing,1,GREEN
107_1697,107,0.9921,ironing,ironing,1,GREEN
107_1698,107,0.9931,ironing,ironing,1,GREEN
107_1699,107,0.9757,ironing,ironing,1,GREEN
107_1700,107,0.999,ironing,ironing,1,GREEN
107_1701,107,0.9972,ironing,ironing,1,GREEN
107_1702,107,0.9931,ironing,ironing,1,GREEN
107_1703,107,0.9708,ironing,ironing,1,GREEN
107_1704,107,0.9854,ironing,ironing,1,GREEN
107_1705,107,0.9822,ironing,ironing,1,GREEN
107_1706,107,0.9654,ironing,ironing,1,GREEN
107_1707,107,0.9745,ironing,ironing,1,GREEN
107_1708,107,0.9802,ironing,ironing,1,GREEN
107_1709,107,0.999,ironing,ironing,1,GREEN
107_1710,107,0.999,ironing,ironing,1,GREEN
107_1711,107,0.9926,ironing,ironing,1,GREEN
107_1712,107,0.9647,ironing,ironing,1,GREEN
107_1713,107,0.9533,ironing,ironing,1,GREEN
107_1714,107,0.983,ironing,ironing,1,GREEN
107_1715,107,0.9885,ironing,ironing,1,GREEN
107_1716,107,0.9919,ironing,ironing,1,GREEN
107_1717,107,0.9863,ironing,ironing,1,GREEN
107_1718,107,0.9668,ironing,ironing,1,GREEN
107_1719,107,0.9564,ironing,ironing,1,GREEN
107_1720,107,0.9424,ironing,ironing,1,GREEN
107_1721,107,0.9668,ironing,ironing,1,GREEN
107_1722,107,0.9875,ironing,ironing,1,GREEN
107_1723,107,0.9839,ironing,ironing,1,GREEN
107_1724,107,0.9442,ironing,ironing,1,GREEN
107_1725,107,0.9527,ironing,ironing,1,GREEN
107_1726,107,0.969,ironing,ironing,1,GREEN
107_1727,107,0.9331,ironing,ironing,1,GREEN
107_1728,107,0.9201,ironing,ironing,1,GREEN
107_1729,107,0.9253,ironing,ironing,1,GREEN
107_1730,107,0.9431,ironing,ironing,1,GREEN
107_1731,107,0.9775,ironing,ironing,1,GREEN
107_1732,107,0.9902,ironing,ironing,1,GREEN
107_1733,107,0.9991,ironing,ironing,1,GREEN
107_1734,107,0.9989,ironing,ironing,1,GREEN
107_1735,107,0.9853,ironing,ironing,1,GREEN
107_1736,107,0.9852,ironing,ironing,1,GREEN
107_1737,107,0.9849,ironing,ironing,1,GREEN
107_1738,107,0.9831,ironing,ironing,1,GREEN
107_1739,107,0.9957,ironing,ironing,1,GREEN
107_1740,107,0.9919,ironing,ironing,1,GREEN
107_1741,107,0.9788,ironing,ironing,1,GREEN
107_1742,107,0.9359,ironing,ironing,1,GREEN
107_1743,107,0.9508,ironing,ironing,1,GREEN
107_1744,107,0.9793,ironing,ironing,1,GREEN
107_1745,107,0.9662,ironing,ironing,1,GREEN
107_1746,107,0.9902,ironing,ironing,1,GREEN
107_1747,107,0.9823,ironing,ironing,1,GREEN
107_1748,107,0.9548,ironing,ironing,1,GREEN
107_1749,107,0.8006,ironing,ironing,1,GREEN
107_1750,107,0.915,ironing,ironing,1,GREEN
107_1751,107,0.9577,ironing,ironing,1,GREEN
107_1752,107,0.9787,ironing,ironing,1,GREEN
107_1753,107,0.9946,ironing,ironing,1,GREEN
107_1754,107,0.9646,ironing,ironing,1,GREEN
107_1755,107,0.96,ironing,ironing,1,GREEN
107_1756,107,0.9477,ironing,ironing,1,GREEN
107_1757,107,0.975,ironing,ironing,1,GREEN
107_1758,107,0.9686,ironing,ironing,1,GREEN
107_1759,107,0.9657,ironing,ironing,1,GREEN
107_1760,107,0.7364,ironing,ironing,1,YELLOW
107_1761,107,0.6816,ironing,ironing,1,YELLOW
107_1762,107,0.7022,ironing,ironing,1,YELLOW
107_1763,107,0.9899,ironing,ironing,1,GREEN
107_1764,107,0.9826,ironing,ironing,1,GREEN
107_1765,107,0.8317,ironing,ironing,1,GREEN
107_1766,107,0.9919,ironing,ironing,1,GREEN
107_1767,107,0.9763,ironing,ironing,1,GREEN
107_1768,107,0.871,ironing,ironing,1,GREEN
107_1769,107,0.9409,ironing,ironing,1,GREEN
107_1770,107,0.8778,ironing,ironing,1,GREEN
107_1771,107,0.8963,ironing,ironing,1,GREEN
107_1772,107,0.9898,ironing,ironing,1,GREEN
107_1773,107,0.9775,ironing,ironing,1,GREEN
107_1774,107,0.8084,ironing,ironing,1,GREEN
107_1775,107,0.9506,ironing,ironing,1,GREEN
107_1776,107,0.9936,ironing,ironing,1,GREEN
107_1777,107,0.9596,ironing,ironing,1,GREEN
107_1778,107,0.887,ironing,ironing,1,GREEN
107_1779,107,0.9092,ironing,ironing,1,GREEN
107_1780,107,0.9831,ironing,ironing,1,GREEN
107_1781,107,0.991,ironing,ironing,1,GREEN
107_1782,107,0.9678,ironing,ironing,1,GREEN
107_1783,107,0.9305,ironing,ironing,1,GREEN
107_1784,107,0.8208,ironing,ironing,1,GREEN
107_1785,107,0.8137,ironing,ironing,1,GREEN
107_1786,107,0.8965,ironing,ironing,1,GREEN
107_1787,107,0.9631,ironing,ironing,1,GREEN
107_1788,107,0.9965,ironing,ironing,1,GREEN
107_1789,107,0.9933,ironing,ironing,1,GREEN
107_1790,107,0.946,ironing,ironing,1,GREEN
107_1791,107,0.9419,ironing,ironing,1,GREEN
107_1792,107,0.8382,ironing,ironing,1,GREEN
107_1793,107,0.8987,ironing,ironing,1,GREEN
107_1794,107,0.8809,ironing,ironing,1,GREEN
107_1795,107,0.9497,ironing,ironing,1,GREEN
107_1796,107,0.9723,ironing,ironing,1,GREEN
107_1797,107,0.9746,ironing,ironing,1,GREEN
107_1798,107,0.9834,ironing,ironing,1,GREEN
107_1799,107,0.9762,ironing,ironing,1,GREEN
107_1800,107,0.9825,ironing,ironing,1,GREEN
107_1801,107,0.9773,ironing,ironing,1,GREEN
107_1802,107,0.8753,ironing,ironing,1,GREEN
107_1803,107,0.9677,ironing,ironing,1,GREEN
107_1804,107,0.9923,ironing,ironing,1,GREEN
107_1805,107,0.999,ironing,ironing,1,GREEN
107_1806,107,0.9978,ironing,ironing,1,GREEN
107_1807,107,0.9945,ironing,ironing,1,GREEN
107_1808,107,0.9402,ironing,ironing,1,GREEN
107_1809,107,0.8637,ironing,ironing,1,GREEN
107_1810,107,0.8721,ironing,ironing,1,GREEN
107_1811,107,0.788,ironing,ironing,1,GREEN
107_1812,107,0.6873,ironing,ironing,1,YELLOW
107_1813,107,0.7125,ironing,ironing,1,YELLOW
107_1814,107,0.8087,ironing,ironing,1,GREEN
107_1815,107,0.8853,ironing,ironing,1,GREEN
107_1816,107,0.9267,ironing,ironing,1,GREEN
107_1817,107,0.8668,ironing,ironing,1,GREEN
107_1818,107,0.7854,ironing,ironing,1,GREEN
107_1819,107,0.7761,ironing,ironing,1,GREEN
107_1820,107,0.7824,ironing,ironing,1,GREEN
107_1821,107,0.7623,ironing,ironing,1,GREEN
107_1822,107,0.845,ironing,ironing,1,GREEN
107_1823,107,0.8625,ironing,ironing,1,GREEN
107_1824,107,0.7292,ironing,ironing,1,YELLOW
107_1825,107,0.7601,ironing,ironing,1,GREEN
107_1826,107,0.8341,ironing,ironing,1,GREEN
107_1827,107,0.9742,ironing,ironing,1,GREEN
107_1828,107,0.8335,ironing,ironing,1,GREEN
107_1829,107,0.8478,ironing,ironing,1,GREEN
107_1830,107,0.9728,ironing,ironing,1,GREEN
107_1831,107,0.9563,ironing,ironing,1,GREEN
107_1832,107,0.9842,ironing,ironing,1,GREEN
107_1833,107,0.965,ironing,ironing,1,GREEN
107_1834,107,0.9961,ironing,ironing,1,GREEN
107_1835,107,0.9815,ironing,ironing,1,GREEN
107_1836,107,0.973,ironing,ironing,1,GREEN
107_1837,107,0.9191,ironing,ironing,1,GREEN
107_1838,107,0.936,ironing,ironing,1,GREEN
107_1839,107,0.9604,ironing,ironing,1,GREEN
107_1840,107,0.9675,ironing,ironing,1,GREEN
107_1841,107,0.8832,ironing,ironing,1,GREEN
107_1842,107,0.798,ironing,ironing,1,GREEN
107_1843,107,0.6874,ironing,ironing,1,YELLOW
107_1844,107,0.6249,ironing,ironing,1,YELLOW
107_1845,107,0.8487,ironing,ironing,1,GREEN
107_1846,107,0.8063,ironing,ironing,1,GREEN
107_1847,107,0.7418,ironing,ironing,1,YELLOW
107_1848,107,0.5817,ironing,ironing,1,YELLOW
107_1849,107,0.6135,ironing,ironing,1,YELLOW
107_1850,107,0.8147,ironing,ironing,1,GREEN
107_1851,107,0.6048,ironing,ironing,1,YELLOW
107_1852,107,0.555,standing,vacuuming,0,YELLOW
107_1853,107,0.6498,standing,vacuuming,0,YELLOW
107_1854,107,0.7131,standing,vacuuming,0,YELLOW
107_1855,107,0.7097,standing,vacuuming,0,YELLOW
107_1856,107,0.7548,standing,vacuuming,0,GREEN
107_1857,107,0.7344,standing,vacuuming,0,YELLOW
107_1858,107,0.7517,standing,vacuuming,0,GREEN
107_1859,107,0.7574,standing,vacuuming,0,GREEN
107_1860,107,0.6515,standing,vacuuming,0,YELLOW
107_1861,107,0.4871,standing,vacuuming,0,YELLOW
107_1862,107,0.5202,vacuuming,vacuuming,1,YELLOW
107_1863,107,0.8999,vacuuming,vacuuming,1,GREEN
107_1864,107,0.9012,vacuuming,vacuuming,1,GREEN
107_1865,107,0.8137,vacuuming,vacuuming,1,GREEN
107_1866,107,0.9242,vacuuming,vacuuming,1,GREEN
107_1867,107,0.9442,vacuuming,vacuuming,1,GREEN
107_1868,107,0.7103,vacuuming,vacuuming,1,YELLOW
107_1869,107,0.7544,vacuuming,vacuuming,1,GREEN
107_1870,107,0.9683,vacuuming,vacuuming,1,GREEN
107_1871,107,0.9866,vacuuming,vacuuming,1,GREEN
107_1872,107,0.8472,vacuuming,vacuuming,1,GREEN
107_1873,107,0.9845,vacuuming,vacuuming,1,GREEN
107_1874,107,0.9647,vacuuming,vacuuming,1,GREEN
107_1875,107,0.9434,vacuuming,vacuuming,1,GREEN
107_1876,107,0.9765,vacuuming,vacuuming,1,GREEN
107_1877,107,0.9833,vacuuming,vacuuming,1,GREEN
107_1878,107,0.9112,vacuuming,vacuuming,1,GREEN
107_1879,107,0.9645,vacuuming,vacuuming,1,GREEN
107_1880,107,0.9957,vacuuming,vacuuming,1,GREEN
107_1881,107,0.9878,vacuuming,vacuuming,1,GREEN
107_1882,107,0.9394,vacuuming,vacuuming,1,GREEN
107_1883,107,0.9642,vacuuming,vacuuming,1,GREEN
107_1884,107,0.9318,vacuuming,vacuuming,1,GREEN
107_1885,107,0.732,vacuuming,vacuuming,1,YELLOW
107_1886,107,0.7506,vacuuming,vacuuming,1,GREEN
107_1887,107,0.7056,vacuuming,vacuuming,1,YELLOW
107_1888,107,0.7727,vacuuming,vacuuming,1,GREEN
107_1889,107,0.6555,vacuuming,vacuuming,1,YELLOW
107_1890,107,0.8442,vacuuming,vacuuming,1,GREEN
107_1891,107,0.8372,vacuuming,vacuuming,1,GREEN
107_1892,107,0.9294,vacuuming,vacuuming,1,GREEN
107_1893,107,0.993,vacuuming,vacuuming,1,GREEN
107_1894,107,0.9989,vacuuming,vacuuming,1,GREEN
107_1895,107,0.9703,vacuuming,vacuuming,1,GREEN
107_1896,107,0.9847,vacuuming,vacuuming,1,GREEN
107_1897,107,0.9763,vacuuming,vacuuming,1,GREEN
107_1898,107,0.9657,vacuuming,vacuuming,1,GREEN
107_1899,107,0.9383,vacuuming,vacuuming,1,GREEN
107_1900,107,0.8866,vacuuming,vacuuming,1,GREEN
107_1901,107,0.9037,vacuuming,vacuuming,1,GREEN
107_1902,107,0.977,vacuuming,vacuuming,1,GREEN
107_1903,107,0.977,vacuuming,vacuuming,1,GREEN
107_1904,107,0.9755,vacuuming,vacuuming,1,GREEN
107_1905,107,0.9595,vacuuming,vacuuming,1,GREEN
107_1906,107,0.8934,vacuuming,vacuuming,1,GREEN
107_1907,107,0.8912,vacuuming,vacuuming,1,GREEN
107_1908,107,0.9337,vacuuming,vacuuming,1,GREEN
107_1909,107,0.8358,vacuuming,vacuuming,1,GREEN
107_1910,107,0.8709,vacuuming,vacuuming,1,GREEN
107_1911,107,0.9527,vacuuming,vacuuming,1,GREEN
107_1912,107,0.8376,vacuuming,vacuuming,1,GREEN
107_1913,107,0.8964,vacuuming,vacuuming,1,GREEN
107_1914,107,0.9043,vacuuming,vacuuming,1,GREEN
107_1915,107,0.945,vacuuming,vacuuming,1,GREEN
107_1916,107,0.9049,vacuuming,vacuuming,1,GREEN
107_1917,107,0.7598,vacuuming,vacuuming,1,GREEN
107_1918,107,0.9979,vacuuming,vacuuming,1,GREEN
107_1919,107,0.9894,vacuuming,vacuuming,1,GREEN
107_1920,107,0.9652,vacuuming,vacuuming,1,GREEN
107_1921,107,0.9377,vacuuming,vacuuming,1,GREEN
107_1922,107,0.9632,vacuuming,vacuuming,1,GREEN
107_1923,107,0.9657,vacuuming,vacuuming,1,GREEN
107_1924,107,0.9608,vacuuming,vacuuming,1,GREEN
107_1925,107,0.9906,vacuuming,vacuuming,1,GREEN
107_1926,107,0.9569,vacuuming,vacuuming,1,GREEN
107_1927,107,0.971,vacuuming,vacuuming,1,GREEN
107_1928,107,0.9663,vacuuming,vacuuming,1,GREEN
107_1929,107,0.9158,vacuuming,vacuuming,1,GREEN
107_1930,107,0.9636,vacuuming,vacuuming,1,GREEN
107_1931,107,0.9766,vacuuming,vacuuming,1,GREEN
107_1932,107,0.9749,vacuuming,vacuuming,1,GREEN
107_1933,107,0.9629,vacuuming,vacuuming,1,GREEN
107_1934,107,0.9897,vacuuming,vacuuming,1,GREEN
107_1935,107,0.9921,vacuuming,vacuuming,1,GREEN
107_1936,107,0.9496,vacuuming,vacuuming,1,GREEN
107_1937,107,0.8981,vacuuming,vacuuming,1,GREEN
107_1938,107,0.9333,vacuuming,vacuuming,1,GREEN
107_1939,107,0.9816,vacuuming,vacuuming,1,GREEN
107_1940,107,0.9633,vacuuming,vacuuming,1,GREEN
107_1941,107,0.8942,vacuuming,vacuuming,1,GREEN
107_1942,107,0.9566,vacuuming,vacuuming,1,GREEN
107_1943,107,0.8792,vacuuming,vacuuming,1,GREEN
107_1944,107,0.7627,vacuuming,vacuuming,1,GREEN
107_1945,107,0.7154,vacuuming,vacuuming,1,YELLOW
107_1946,107,0.901,vacuuming,vacuuming,1,GREEN
107_1947,107,0.8327,vacuuming,vacuuming,1,GREEN
107_1948,107,0.804,vacuuming,vacuuming,1,GREEN
107_1949,107,0.8915,vacuuming,vacuuming,1,GREEN
107_1950,107,0.9038,vacuuming,vacuuming,1,GREEN
107_1951,107,0.9262,vacuuming,vacuuming,1,GREEN
107_1952,107,0.9932,vacuuming,vacuuming,1,GREEN
107_1953,107,0.9933,vacuuming,vacuuming,1,GREEN
107_1954,107,0.9239,vacuuming,vacuuming,1,GREEN
107_1955,107,0.8635,vacuuming,vacuuming,1,GREEN
107_1956,107,0.9913,vacuuming,vacuuming,1,GREEN
107_1957,107,0.9375,vacuuming,vacuuming,1,GREEN
107_1958,107,0.8858,vacuuming,vacuuming,1,GREEN
107_1959,107,0.6946,vacuuming,vacuuming,1,YELLOW
107_1960,107,0.7994,vacuuming,vacuuming,1,GREEN
107_1961,107,0.6913,vacuuming,vacuuming,1,YELLOW
107_1962,107,0.9064,vacuuming,vacuuming,1,GREEN
107_1963,107,0.7873,vacuuming,vacuuming,1,GREEN
107_1964,107,0.6555,vacuuming,vacuuming,1,YELLOW
107_1965,107,0.608,vacuuming,vacuuming,1,YELLOW
107_1966,107,0.8444,vacuuming,vacuuming,1,GREEN
107_1967,107,0.8954,vacuuming,vacuuming,1,GREEN
107_1968,107,0.8791,vacuuming,vacuuming,1,GREEN
107_1969,107,0.843,vacuuming,vacuuming,1,GREEN
107_1970,107,0.7139,vacuuming,vacuuming,1,YELLOW
107_1971,107,0.918,vacuuming,vacuuming,1,GREEN
107_1972,107,0.8292,vacuuming,vacuuming,1,GREEN
107_1973,107,0.8769,vacuuming,vacuuming,1,GREEN
107_1974,107,0.9087,vacuuming,vacuuming,1,GREEN
107_1975,107,0.8636,vacuuming,vacuuming,1,GREEN
107_1976,107,0.8938,vacuuming,vacuuming,1,GREEN
107_1977,107,0.8016,vacuuming,vacuuming,1,GREEN
107_1978,107,0.7377,vacuuming,vacuuming,1,YELLOW
107_1979,107,0.8779,vacuuming,vacuuming,1,GREEN
107_1980,107,0.8738,vacuuming,vacuuming,1,GREEN
107_1981,107,0.9035,vacuuming,vacuuming,1,GREEN
107_1982,107,0.9299,vacuuming,vacuuming,1,GREEN
107_1983,107,0.9939,vacuuming,vacuuming,1,GREEN
107_1984,107,0.9285,vacuuming,vacuuming,1,GREEN
107_1985,107,0.9535,vacuuming,vacuuming,1,GREEN
107_1986,107,0.9437,vacuuming,vacuuming,1,GREEN
107_1987,107,0.7739,vacuuming,vacuuming,1,GREEN
107_1988,107,0.912,vacuuming,vacuuming,1,GREEN
107_1989,107,0.964,vacuuming,vacuuming,1,GREEN
107_1990,107,0.9734,vacuuming,vacuuming,1,GREEN
107_1991,107,0.9678,vacuuming,vacuuming,1,GREEN
107_1992,107,0.964,vacuuming,vacuuming,1,GREEN
107_1993,107,0.9651,vacuuming,vacuuming,1,GREEN
107_1994,107,0.9718,vacuuming,vacuuming,1,GREEN
107_1995,107,0.9175,vacuuming,vacuuming,1,GREEN
107_1996,107,0.8692,vacuuming,vacuuming,1,GREEN
107_1997,107,0.9667,vacuuming,vacuuming,1,GREEN
107_1998,107,0.9584,vacuuming,vacuuming,1,GREEN
107_1999,107,0.8802,vacuuming,vacuuming,1,GREEN
107_2000,107,0.8375,vacuuming,vacuuming,1,GREEN
107_2001,107,0.9218,vacuuming,vacuuming,1,GREEN
107_2002,107,0.9178,vacuuming,vacuuming,1,GREEN
107_2003,107,0.8379,vacuuming,vacuuming,1,GREEN
107_2004,107,0.8975,vacuuming,vacuuming,1,GREEN
107_2005,107,0.8859,vacuuming,vacuuming,1,GREEN
107_2006,107,0.9155,vacuuming,vacuuming,1,GREEN
107_2007,107,0.8573,vacuuming,vacuuming,1,GREEN
107_2008,107,0.8809,vacuuming,vacuuming,1,GREEN
107_2009,107,0.8745,vacuuming,vacuuming,1,GREEN
107_2010,107,0.8861,vacuuming,vacuuming,1,GREEN
107_2011,107,0.9477,vacuuming,vacuuming,1,GREEN
107_2012,107,0.9657,vacuuming,vacuuming,1,GREEN
107_2013,107,0.9708,vacuuming,vacuuming,1,GREEN
107_2014,107,0.908,vacuuming,vacuuming,1,GREEN
107_2015,107,0.791,vacuuming,vacuuming,1,GREEN
107_2016,107,0.6041,vacuuming,vacuuming,1,YELLOW
107_2017,107,0.861,vacuuming,vacuuming,1,GREEN
107_2018,107,0.8677,vacuuming,vacuuming,1,GREEN
107_2019,107,0.9576,vacuuming,vacuuming,1,GREEN
107_2020,107,0.7853,vacuuming,vacuuming,1,GREEN
107_2021,107,0.6986,vacuuming,vacuuming,1,YELLOW
107_2022,107,0.8702,vacuuming,vacuuming,1,GREEN
107_2023,107,0.819,vacuuming,vacuuming,1,GREEN
107_2024,107,0.7553,vacuuming,vacuuming,1,GREEN
107_2025,107,0.7917,vacuuming,vacuuming,1,GREEN
107_2026,107,0.5431,vacuuming,vacuuming,1,YELLOW
107_2027,107,0.8058,vacuuming,vacuuming,1,GREEN
107_2028,107,0.9691,vacuuming,vacuuming,1,GREEN
107_2029,107,0.9558,vacuuming,vacuuming,1,GREEN
107_2030,107,0.9469,vacuuming,vacuuming,1,GREEN
107_2031,107,0.9591,vacuuming,vacuuming,1,GREEN
107_2032,107,0.9895,vacuuming,vacuuming,1,GREEN
107_2033,107,0.9765,vacuuming,vacuuming,1,GREEN
107_2034,107,0.9887,vacuuming,vacuuming,1,GREEN
107_2035,107,0.9734,vacuuming,vacuuming,1,GREEN
107_2036,107,0.9856,vacuuming,vacuuming,1,GREEN
107_2037,107,0.9571,vacuuming,vacuuming,1,GREEN
107_2038,107,0.9425,vacuuming,vacuuming,1,GREEN
107_2039,107,0.8821,vacuuming,vacuuming,1,GREEN
107_2040,107,0.8865,vacuuming,vacuuming,1,GREEN
107_2041,107,0.8707,vacuuming,vacuuming,1,GREEN
107_2042,107,0.8614,vacuuming,vacuuming,1,GREEN
107_2043,107,0.8824,vacuuming,vacuuming,1,GREEN
107_2044,107,0.9274,vacuuming,vacuuming,1,GREEN
107_2045,107,0.8481,vacuuming,vacuuming,1,GREEN
107_2046,107,0.6149,vacuuming,vacuuming,1,YELLOW
107_2047,107,0.6955,ironing,vacuuming,0,YELLOW
107_2048,107,0.6206,ironing,vacuuming,0,YELLOW
107_2049,107,0.6073,ironing,vacuuming,0,YELLOW
107_2050,107,0.6989,ironing,vacuuming,0,YELLOW
107_2051,107,0.611,ironing,vacuuming,0,YELLOW
107_2052,107,0.8429,ironing,vacuuming,0,GREEN
107_2053,107,0.8791,ironing,vacuuming,0,GREEN
107_2054,107,0.6562,ironing,vacuuming,0,YELLOW
107_2055,107,0.5355,ironing,vacuuming,0,YELLOW
107_2056,107,0.8764,ironing,vacuuming,0,GREEN
107_2057,107,0.8584,ironing,vacuuming,0,GREEN
107_2058,107,0.6646,ironing,vacuuming,0,YELLOW
107_2059,107,0.6721,ironing,vacuuming,0,YELLOW
107_2060,107,0.662,ironing,vacuuming,0,YELLOW
107_2061,107,0.5614,ironing,vacuuming,0,YELLOW
107_2062,107,0.5245,ironing,vacuuming,0,YELLOW
107_2063,107,0.7622,ironing,vacuuming,0,GREEN
107_2064,107,0.8437,ironing,vacuuming,0,GREEN
107_2065,107,0.8323,ironing,vacuuming,0,GREEN
107_2066,107,0.7081,ironing,vacuuming,0,YELLOW
107_2067,107,0.6883,ironing,vacuuming,0,YELLOW
107_2068,107,0.7392,ironing,vacuuming,0,YELLOW
107_2069,107,0.6476,ironing,vacuuming,0,YELLOW
107_2070,107,0.4658,vacuuming,vacuuming,1,YELLOW
107_2071,107,0.6593,vacuuming,vacuuming,1,YELLOW
107_2072,107,0.6412,vacuuming,vacuuming,1,YELLOW
107_2073,107,0.4109,vacuuming,vacuuming,1,RED
107_2074,107,0.6857,vacuuming,vacuuming,1,YELLOW
107_2075,107,0.5595,vacuuming,vacuuming,1,YELLOW
107_2076,107,0.5644,vacuuming,vacuuming,1,YELLOW
107_2077,107,0.7487,vacuuming,vacuuming,1,YELLOW
107_2078,107,0.5659,vacuuming,vacuuming,1,YELLOW
107_2079,107,0.4376,vacuuming,vacuuming,1,RED
107_2080,107,0.5037,ironing,vacuuming,0,YELLOW
107_2081,107,0.4066,vacuuming,vacuuming,1,RED
107_2082,107,0.4922,ironing,vacuuming,0,YELLOW
107_2083,107,0.58,ironing,vacuuming,0,YELLOW
107_2084,107,0.7021,ironing,vacuuming,0,YELLOW
107_2085,107,0.5101,ironing,vacuuming,0,YELLOW
107_2086,107,0.4463,ironing,vacuuming,0,RED
107_2087,107,0.7044,ironing,vacuuming,0,YELLOW
107_2088,107,0.6987,vacuuming,vacuuming,1,YELLOW
107_2089,107,0.8524,vacuuming,vacuuming,1,GREEN
107_2090,107,0.8509,vacuuming,vacuuming,1,GREEN
107_2091,107,0.8483,vacuuming,vacuuming,1,GREEN
107_2092,107,0.8596,vacuuming,vacuuming,1,GREEN
107_2093,107,0.6238,vacuuming,vacuuming,1,YELLOW
107_2094,107,0.5659,ironing,vacuuming,0,YELLOW
107_2095,107,0.6993,ironing,vacuuming,0,YELLOW
107_2096,107,0.7888,ironing,vacuuming,0,GREEN
107_2097,107,0.7795,ironing,vacuuming,0,GREEN
107_2098,107,0.7656,ironing,vacuuming,0,GREEN
107_2099,107,0.7513,ironing,vacuuming,0,GREEN
107_2100,107,0.7292,ironing,vacuuming,0,YELLOW
107_2101,107,0.8161,ironing,vacuuming,0,GREEN
107_2102,107,0.7549,ironing,vacuuming,0,GREEN
107_2103,107,0.8648,ironing,vacuuming,0,GREEN
107_2104,107,0.6894,ironing,vacuuming,0,YELLOW
107_2105,107,0.6645,ironing,vacuuming,0,YELLOW
107_2106,107,0.6862,ironing,vacuuming,0,YELLOW
107_2107,107,0.7673,ironing,vacuuming,0,GREEN
107_2108,107,0.8605,ironing,vacuuming,0,GREEN
107_2109,107,0.8863,ironing,vacuuming,0,GREEN
107_2110,107,0.529,ironing,vacuuming,0,YELLOW
107_2111,107,0.5833,ironing,vacuuming,0,YELLOW
107_2112,107,0.6052,ironing,vacuuming,0,YELLOW
107_2113,107,0.7684,vacuuming,vacuuming,1,GREEN
107_2114,107,0.6849,vacuuming,vacuuming,1,YELLOW
107_2115,107,0.7555,vacuuming,vacuuming,1,GREEN
107_2116,107,0.7927,vacuuming,vacuuming,1,GREEN
107_2117,107,0.7956,vacuuming,vacuuming,1,GREEN
107_2118,107,0.5083,vacuuming,vacuuming,1,YELLOW
107_2119,107,0.4012,vacuuming,vacuuming,1,RED
107_2120,107,0.4275,vacuuming,vacuuming,1,RED
107_2121,107,0.4489,vacuuming,vacuuming,1,RED
107_2122,107,0.4612,vacuuming,vacuuming,1,YELLOW
107_2123,107,0.7318,vacuuming,vacuuming,1,YELLOW
107_2124,107,0.9331,vacuuming,vacuuming,1,GREEN
107_2125,107,0.7777,vacuuming,vacuuming,1,GREEN
107_2126,107,0.705,vacuuming,vacuuming,1,YELLOW
107_2127,107,0.5133,vacuuming,vacuuming,1,YELLOW
107_2128,107,0.5306,vacuuming,vacuuming,1,YELLOW
107_2129,107,0.5641,vacuuming,vacuuming,1,YELLOW
107_2130,107,0.7404,vacuuming,vacuuming,1,YELLOW
107_2131,107,0.8778,vacuuming,vacuuming,1,GREEN
107_2132,107,0.6582,vacuuming,vacuuming,1,YELLOW
107_2133,107,0.7084,vacuuming,vacuuming,1,YELLOW
107_2134,107,0.7671,vacuuming,vacuuming,1,GREEN
107_2135,107,0.8841,vacuuming,vacuuming,1,GREEN
107_2136,107,0.8756,vacuuming,vacuuming,1,GREEN
107_2137,107,0.8241,vacuuming,vacuuming,1,GREEN
107_2138,107,0.9178,vacuuming,vacuuming,1,GREEN
107_2139,107,0.943,vacuuming,vacuuming,1,GREEN
107_2140,107,0.9406,vacuuming,vacuuming,1,GREEN
107_2141,107,0.8412,vacuuming,vacuuming,1,GREEN
107_2142,107,0.909,vacuuming,vacuuming,1,GREEN
107_2143,107,0.9443,vacuuming,vacuuming,1,GREEN
107_2144,107,0.8741,vacuuming,vacuuming,1,GREEN
107_2145,107,0.9411,vacuuming,vacuuming,1,GREEN
107_2146,107,0.8888,vacuuming,vacuuming,1,GREEN
107_2147,107,0.9634,vacuuming,vacuuming,1,GREEN
107_2148,107,0.8237,vacuuming,vacuuming,1,GREEN
107_2149,107,0.9577,vacuuming,vacuuming,1,GREEN
107_2150,107,0.9602,vacuuming,vacuuming,1,GREEN
107_2151,107,0.9934,vacuuming,vacuuming,1,GREEN
107_2152,107,0.8572,vacuuming,vacuuming,1,GREEN
107_2153,107,0.7426,vacuuming,vacuuming,1,YELLOW
107_2154,107,0.7901,vacuuming,vacuuming,1,GREEN
107_2155,107,0.8665,vacuuming,vacuuming,1,GREEN
107_2156,107,0.9671,vacuuming,vacuuming,1,GREEN
107_2157,107,0.9722,vacuuming,vacuuming,1,GREEN
107_2158,107,0.8717,vacuuming,vacuuming,1,GREEN
107_2159,107,0.9153,vacuuming,vacuuming,1,GREEN
107_2160,107,0.8009,vacuuming,vacuuming,1,GREEN
107_2161,107,0.7765,vacuuming,vacuuming,1,GREEN
107_2162,107,0.7794,vacuuming,vacuuming,1,GREEN
107_2163,107,0.8613,vacuuming,vacuuming,1,GREEN
107_2164,107,0.9343,vacuuming,vacuuming,1,GREEN
107_2165,107,0.9464,vacuuming,vacuuming,1,GREEN
107_2166,107,0.8713,vacuuming,vacuuming,1,GREEN
107_2167,107,0.9415,vacuuming,vacuuming,1,GREEN
107_2168,107,0.9884,vacuuming,vacuuming,1,GREEN
107_2169,107,0.9402,vacuuming,vacuuming,1,GREEN
107_2170,107,0.8568,vacuuming,vacuuming,1,GREEN
107_2171,107,0.8112,vacuuming,vacuuming,1,GREEN
107_2172,107,0.9303,vacuuming,vacuuming,1,GREEN
107_2173,107,0.9054,vacuuming,vacuuming,1,GREEN
107_2174,107,0.916,vacuuming,vacuuming,1,GREEN
107_2175,107,0.7987,vacuuming,vacuuming,1,GREEN
107_2176,107,0.837,vacuuming,vacuuming,1,GREEN
107_2177,107,0.7675,vacuuming,vacuuming,1,GREEN
107_2178,107,0.7607,vacuuming,vacuuming,1,GREEN
107_2179,107,0.8937,vacuuming,vacuuming,1,GREEN
107_2180,107,0.9037,vacuuming,vacuuming,1,GREEN
107_2181,107,0.9348,vacuuming,vacuuming,1,GREEN
107_2182,107,0.8209,vacuuming,vacuuming,1,GREEN
107_2183,107,0.8902,vacuuming,vacuuming,1,GREEN
107_2184,107,0.9144,vacuuming,vacuuming,1,GREEN
107_2185,107,0.9121,vacuuming,vacuuming,1,GREEN
107_2186,107,0.6733,vacuuming,vacuuming,1,YELLOW
107_2187,107,0.6285,vacuuming,vacuuming,1,YELLOW
107_2188,107,0.7986,vacuuming,vacuuming,1,GREEN
107_2189,107,0.8122,vacuuming,vacuuming,1,GREEN
107_2190,107,0.8099,vacuuming,vacuuming,1,GREEN
107_2191,107,0.7996,vacuuming,vacuuming,1,GREEN
107_2192,107,0.906,vacuuming,vacuuming,1,GREEN
107_2193,107,0.9157,vacuuming,vacuuming,1,GREEN
107_2194,107,0.8464,vacuuming,vacuuming,1,GREEN
107_2195,107,0.8525,vacuuming,vacuuming,1,GREEN
107_2196,107,0.8351,vacuuming,vacuuming,1,GREEN
107_2197,107,0.7919,vacuuming,vacuuming,1,GREEN
107_2198,107,0.8278,vacuuming,vacuuming,1,GREEN
107_2199,107,0.76,vacuuming,vacuuming,1,GREEN
107_2200,107,0.8945,vacuuming,vacuuming,1,GREEN
107_2201,107,0.9051,vacuuming,vacuuming,1,GREEN
107_2202,107,0.8189,vacuuming,vacuuming,1,GREEN
107_2203,107,0.8762,vacuuming,vacuuming,1,GREEN
107_2204,107,0.8918,vacuuming,vacuuming,1,GREEN
107_2205,107,0.9163,vacuuming,vacuuming,1,GREEN
107_2206,107,0.7738,vacuuming,vacuuming,1,GREEN
107_2207,107,0.7176,vacuuming,vacuuming,1,YELLOW
107_2208,107,0.5871,vacuuming,vacuuming,1,YELLOW
107_2209,107,0.8805,vacuuming,vacuuming,1,GREEN
107_2210,107,0.7753,vacuuming,vacuuming,1,GREEN
107_2211,107,0.7522,vacuuming,vacuuming,1,GREEN
107_2212,107,0.9374,vacuuming,vacuuming,1,GREEN
107_2213,107,0.9346,vacuuming,vacuuming,1,GREEN
107_2214,107,0.8295,vacuuming,vacuuming,1,GREEN
107_2215,107,0.6173,vacuuming,vacuuming,1,YELLOW
107_2216,107,0.4536,vacuuming,vacuuming,1,YELLOW
107_2217,107,0.6028,vacuuming,vacuuming,1,YELLOW
107_2218,107,0.8551,vacuuming,vacuuming,1,GREEN
107_2219,107,0.7956,vacuuming,vacuuming,1,GREEN
107_2220,107,0.5759,vacuuming,vacuuming,1,YELLOW
107_2221,107,0.5366,ironing,vacuuming,0,YELLOW
107_2222,107,0.6582,vacuuming,vacuuming,1,YELLOW
107_2223,107,0.8116,vacuuming,vacuuming,1,GREEN
107_2224,107,0.8961,vacuuming,vacuuming,1,GREEN
107_2225,107,0.9066,vacuuming,vacuuming,1,GREEN
107_2226,107,0.956,vacuuming,vacuuming,1,GREEN
107_2227,107,0.8931,vacuuming,vacuuming,1,GREEN
107_2228,107,0.9236,vacuuming,vacuuming,1,GREEN
107_2229,107,0.9292,vacuuming,vacuuming,1,GREEN
107_2230,107,0.6463,vacuuming,vacuuming,1,YELLOW
107_2231,107,0.8306,vacuuming,vacuuming,1,GREEN
107_2232,107,0.919,vacuuming,vacuuming,1,GREEN
107_2233,107,0.8348,vacuuming,vacuuming,1,GREEN
107_2234,107,0.7842,vacuuming,vacuuming,1,GREEN
107_2235,107,0.9166,vacuuming,vacuuming,1,GREEN
107_2236,107,0.9333,vacuuming,vacuuming,1,GREEN
107_2237,107,0.7613,vacuuming,vacuuming,1,GREEN
107_2238,107,0.5987,vacuuming,vacuuming,1,YELLOW
107_2239,107,0.7202,vacuuming,vacuuming,1,YELLOW
107_2240,107,0.6918,vacuuming,vacuuming,1,YELLOW
107_2241,107,0.8118,vacuuming,vacuuming,1,GREEN
107_2242,107,0.782,vacuuming,vacuuming,1,GREEN
107_2243,107,0.5539,vacuuming,vacuuming,1,YELLOW
107_2244,107,0.5545,ironing,vacuuming,0,YELLOW
107_2245,107,0.5384,vacuuming,vacuuming,1,YELLOW
107_2246,107,0.8304,vacuuming,vacuuming,1,GREEN
107_2247,107,0.909,vacuuming,vacuuming,1,GREEN
107_2248,107,0.8857,vacuuming,vacuuming,1,GREEN
107_2249,107,0.7773,vacuuming,vacuuming,1,GREEN
107_2250,107,0.8563,vacuuming,vacuuming,1,GREEN
107_2251,107,0.6607,vacuuming,vacuuming,1,YELLOW
107_2252,107,0.7472,vacuuming,vacuuming,1,YELLOW
107_2253,107,0.9154,vacuuming,vacuuming,1,GREEN
107_2254,107,0.9172,vacuuming,vacuuming,1,GREEN
107_2255,107,0.9081,vacuuming,vacuuming,1,GREEN
107_2256,107,0.9496,vacuuming,vacuuming,1,GREEN
107_2257,107,0.9889,vacuuming,vacuuming,1,GREEN
107_2258,107,0.993,vacuuming,vacuuming,1,GREEN
107_2259,107,0.8792,vacuuming,vacuuming,1,GREEN
107_2260,107,0.7476,vacuuming,vacuuming,1,YELLOW
107_2261,107,0.7805,vacuuming,vacuuming,1,GREEN
107_2262,107,0.8679,vacuuming,vacuuming,1,GREEN
107_2263,107,0.8897,vacuuming,vacuuming,1,GREEN
107_2264,107,0.9073,vacuuming,vacuuming,1,GREEN
107_2265,107,0.6439,vacuuming,vacuuming,1,YELLOW
107_2266,107,0.6063,vacuuming,vacuuming,1,YELLOW
107_2267,107,0.83,vacuuming,vacuuming,1,GREEN
107_2268,107,0.8469,vacuuming,vacuuming,1,GREEN
107_2269,107,0.7386,vacuuming,vacuuming,1,YELLOW
107_2270,107,0.6911,vacuuming,vacuuming,1,YELLOW
107_2271,107,0.5806,vacuuming,vacuuming,1,YELLOW
107_2272,107,0.5318,vacuuming,vacuuming,1,YELLOW
107_2273,107,0.3887,standing,vacuuming,0,RED
107_2274,107,0.3711,vacuuming,vacuuming,1,RED
107_2275,107,0.341,ironing,vacuuming,0,RED
107_2276,107,0.4295,vacuuming,vacuuming,1,RED
107_2277,107,0.4624,ironing,vacuuming,0,YELLOW
107_2278,107,0.5066,vacuuming,vacuuming,1,YELLOW
107_2279,107,0.3748,vacuuming,vacuuming,1,RED
107_2280,107,0.2659,ironing,vacuuming,0,RED
107_2281,107,0.1918,sitting,stairs_up,0,RED
107_2282,107,0.384,stairs_up,stairs_up,1,RED
107_2283,107,0.4475,stairs_up,stairs_up,1,RED
107_2284,107,0.4089,stairs_up,stairs_up,1,RED
107_2285,107,0.3833,stairs_up,stairs_up,1,RED
107_2286,107,0.3514,stairs_up,stairs_up,1,RED
107_2287,107,0.3312,stairs_up,stairs_up,1,RED
107_2288,107,0.3127,stairs_up,stairs_up,1,RED
107_2289,107,0.4316,stairs_up,stairs_up,1,RED
107_2290,107,0.7729,stairs_up,stairs_up,1,GREEN
107_2291,107,0.8771,stairs_up,stairs_up,1,GREEN
107_2292,107,0.9352,stairs_up,stairs_up,1,GREEN
107_2293,107,0.9415,stairs_up,stairs_up,1,GREEN
107_2294,107,0.9652,stairs_up,stairs_up,1,GREEN
107_2295,107,0.8867,stairs_up,stairs_up,1,GREEN
107_2296,107,0.9292,stairs_up,stairs_up,1,GREEN
107_2297,107,0.911,stairs_up,stairs_up,1,GREEN
107_2298,107,0.8019,stairs_up,stairs_up,1,GREEN
107_2299,107,0.785,stairs_up,stairs_up,1,GREEN
107_2300,107,0.7578,stairs_up,stairs_up,1,GREEN
107_2301,107,0.8818,stairs_up,stairs_up,1,GREEN
107_2302,107,0.8622,stairs_up,stairs_up,1,GREEN
107_2303,107,0.9465,stairs_up,stairs_up,1,GREEN
107_2304,107,0.9341,stairs_up,stairs_up,1,GREEN
107_2305,107,0.9737,stairs_up,stairs_up,1,GREEN
107_2306,107,0.9318,stairs_up,stairs_up,1,GREEN
107_2307,107,0.9027,stairs_up,stairs_up,1,GREEN
107_2308,107,0.9126,stairs_up,stairs_up,1,GREEN
107_2309,107,0.8507,stairs_up,stairs_up,1,GREEN
107_2310,107,0.8726,stairs_up,stairs_up,1,GREEN
107_2311,107,0.8851,stairs_up,stairs_up,1,GREEN
107_2312,107,0.9199,stairs_up,stairs_up,1,GREEN
107_2313,107,0.9072,stairs_up,stairs_up,1,GREEN
107_2314,107,0.537,stairs_up,stairs_up,1,YELLOW
107_2315,107,0.5582,stairs_up,stairs_up,1,YELLOW
107_2316,107,0.7494,stairs_up,stairs_up,1,YELLOW
107_2317,107,0.4054,stairs_up,stairs_up,1,RED
107_2318,107,0.3029,stairs_up,stairs_up,1,RED
107_2319,107,0.8536,stairs_up,stairs_up,1,GREEN
107_2320,107,0.7847,stairs_up,stairs_up,1,GREEN
107_2321,107,0.8613,stairs_up,stairs_up,1,GREEN
107_2322,107,0.859,stairs_up,stairs_up,1,GREEN
107_2323,107,0.7188,stairs_up,stairs_up,1,YELLOW
107_2324,107,0.9419,stairs_up,stairs_up,1,GREEN
107_2325,107,0.9148,stairs_up,stairs_up,1,GREEN
107_2326,107,0.8112,stairs_up,stairs_up,1,GREEN
107_2327,107,0.8152,stairs_up,stairs_up,1,GREEN
107_2328,107,0.8989,stairs_up,stairs_up,1,GREEN
107_2329,107,0.8608,stairs_up,stairs_up,1,GREEN
107_2330,107,0.8631,stairs_up,stairs_up,1,GREEN
107_2331,107,0.8828,stairs_up,stairs_up,1,GREEN
107_2332,107,0.8192,stairs_up,stairs_up,1,GREEN
107_2333,107,0.8784,stairs_up,stairs_up,1,GREEN
107_2334,107,0.8948,stairs_up,stairs_up,1,GREEN
107_2335,107,0.9174,stairs_up,stairs_up,1,GREEN
107_2336,107,0.8889,stairs_up,stairs_up,1,GREEN
107_2337,107,0.8825,stairs_up,stairs_up,1,GREEN
107_2338,107,0.9037,stairs_up,stairs_up,1,GREEN
107_2339,107,0.9045,stairs_up,stairs_up,1,GREEN
107_2340,107,0.2869,stairs_up,stairs_up,1,RED
107_2341,107,0.3329,walking,stairs_up,0,RED
107_2342,107,0.7122,stairs_up,stairs_up,1,YELLOW
107_2343,107,0.6678,stairs_up,stairs_up,1,YELLOW
107_2344,107,0.5201,stairs_up,stairs_up,1,YELLOW
107_2345,107,0.8063,stairs_up,stairs_up,1,GREEN
107_2346,107,0.9121,stairs_up,stairs_up,1,GREEN
107_2347,107,0.9405,stairs_up,stairs_up,1,GREEN
107_2348,107,0.8871,stairs_up,stairs_up,1,GREEN
107_2349,107,0.8515,stairs_up,stairs_up,1,GREEN
107_2350,107,0.8397,stairs_up,stairs_up,1,GREEN
107_2351,107,0.7906,stairs_up,stairs_up,1,GREEN
107_2352,107,0.8566,stairs_up,stairs_up,1,GREEN
107_2353,107,0.8335,stairs_up,stairs_up,1,GREEN
107_2354,107,0.8587,stairs_up,stairs_up,1,GREEN
107_2355,107,0.8768,stairs_up,stairs_up,1,GREEN
107_2356,107,0.846,stairs_up,stairs_up,1,GREEN
107_2357,107,0.5392,walking,stairs_up,0,YELLOW
107_2358,107,0.5338,walking,stairs_up,0,YELLOW
107_2359,107,0.7037,stairs_up,stairs_up,1,YELLOW
107_2360,107,0.8248,stairs_up,stairs_up,1,GREEN
107_2361,107,0.8755,stairs_up,stairs_up,1,GREEN
107_2362,107,0.9161,stairs_up,stairs_up,1,GREEN
107_2363,107,0.7365,stairs_up,stairs_up,1,YELLOW
107_2364,107,0.8052,stairs_up,stairs_up,1,GREEN
107_2365,107,0.5764,stairs_up,stairs_up,1,YELLOW
107_2366,107,0.6114,stairs_up,stairs_up,1,YELLOW
107_2367,107,0.8248,stairs_up,stairs_up,1,GREEN
107_2368,107,0.7989,stairs_up,stairs_up,1,GREEN
107_2369,107,0.9116,stairs_up,stairs_up,1,GREEN
107_2370,107,0.8953,stairs_up,stairs_up,1,GREEN
107_2371,107,0.9428,stairs_up,stairs_up,1,GREEN
107_2372,107,0.9395,stairs_up,stairs_up,1,GREEN
107_2373,107,0.6972,stairs_up,stairs_up,1,YELLOW
107_2374,107,0.3768,stairs_up,stairs_up,1,RED
107_2375,107,0.4466,stairs_up,stairs_up,1,RED
107_2376,107,0.5825,stairs_up,stairs_up,1,YELLOW
107_2377,107,0.5565,walking,stairs_up,0,YELLOW
107_2378,107,0.5539,stairs_up,stairs_up,1,YELLOW
107_2379,107,0.8879,stairs_up,stairs_up,1,GREEN
107_2380,107,0.9172,stairs_up,stairs_up,1,GREEN
107_2381,107,0.9453,stairs_up,stairs_up,1,GREEN
107_2382,107,0.9367,stairs_up,stairs_up,1,GREEN
107_2383,107,0.9287,stairs_up,stairs_up,1,GREEN
107_2384,107,0.8937,stairs_up,stairs_up,1,GREEN
107_2385,107,0.8836,stairs_up,stairs_up,1,GREEN
107_2386,107,0.8889,stairs_up,stairs_up,1,GREEN
107_2387,107,0.9247,stairs_up,stairs_up,1,GREEN
107_2388,107,0.9413,stairs_up,stairs_up,1,GREEN
107_2389,107,0.8584,stairs_up,stairs_up,1,GREEN
107_2390,107,0.4057,walking,stairs_up,0,RED
107_2391,107,0.5294,walking,stairs_up,0,YELLOW
107_2392,107,0.5904,stairs_up,stairs_up,1,YELLOW
107_2393,107,0.6571,stairs_up,stairs_up,1,YELLOW
107_2394,107,0.9316,stairs_up,stairs_up,1,GREEN
107_2395,107,0.9362,stairs_up,stairs_up,1,GREEN
107_2396,107,0.9108,stairs_up,stairs_up,1,GREEN
107_2397,107,0.9368,stairs_up,stairs_up,1,GREEN
107_2398,107,0.9296,stairs_up,stairs_up,1,GREEN
107_2399,107,0.9111,stairs_up,stairs_up,1,GREEN
107_2400,107,0.8844,stairs_up,stairs_up,1,GREEN
107_2401,107,0.8217,stairs_up,stairs_up,1,GREEN
107_2402,107,0.867,stairs_up,stairs_up,1,GREEN
107_2403,107,0.8292,stairs_up,stairs_up,1,GREEN
107_2404,107,0.7984,stairs_up,stairs_up,1,GREEN
107_2405,107,0.8871,stairs_up,stairs_up,1,GREEN
107_2406,107,0.5565,stairs_up,stairs_up,1,YELLOW
107_2407,107,0.6475,stairs_up,stairs_up,1,YELLOW
107_2408,107,0.5901,stairs_up,stairs_up,1,YELLOW
107_2409,107,0.552,stairs_up,stairs_up,1,YELLOW
107_2410,107,0.873,stairs_up,stairs_up,1,GREEN
107_2411,107,0.894,stairs_up,stairs_up,1,GREEN
107_2412,107,0.8954,stairs_up,stairs_up,1,GREEN
107_2413,107,0.9033,stairs_up,stairs_up,1,GREEN
107_2414,107,0.8786,stairs_up,stairs_up,1,GREEN
107_2415,107,0.889,stairs_up,stairs_up,1,GREEN
107_2416,107,0.9314,stairs_up,stairs_up,1,GREEN
107_2417,107,0.8344,stairs_up,stairs_up,1,GREEN
107_2418,107,0.9092,stairs_up,stairs_up,1,GREEN
107_2419,107,0.9005,stairs_up,stairs_up,1,GREEN
107_2420,107,0.8886,stairs_up,stairs_up,1,GREEN
107_2421,107,0.9352,stairs_up,stairs_up,1,GREEN
107_2422,107,0.6543,stairs_up,stairs_up,1,YELLOW
107_2423,107,0.7575,stairs_up,stairs_up,1,GREEN
107_2424,107,0.6458,stairs_up,stairs_up,1,YELLOW
107_2425,107,0.6986,stairs_up,stairs_up,1,YELLOW
107_2426,107,0.4583,stairs_up,stairs_up,1,YELLOW
107_2427,107,0.9403,stairs_up,stairs_up,1,GREEN
107_2428,107,0.9661,stairs_up,stairs_up,1,GREEN
107_2429,107,0.9505,stairs_up,stairs_up,1,GREEN
107_2430,107,0.8846,stairs_up,stairs_up,1,GREEN
107_2431,107,0.7692,stairs_up,stairs_up,1,GREEN
107_2432,107,0.7901,stairs_up,stairs_up,1,GREEN
107_2433,107,0.8179,stairs_up,stairs_up,1,GREEN
107_2434,107,0.6984,stairs_up,stairs_up,1,YELLOW
107_2435,107,0.7951,stairs_up,stairs_up,1,GREEN
107_2436,107,0.8145,stairs_up,stairs_up,1,GREEN
107_2437,107,0.6581,stairs_up,stairs_up,1,YELLOW
107_2438,107,0.5116,vacuuming,stairs_up,0,YELLOW
107_2439,107,0.5427,stairs_up,stairs_up,1,YELLOW
107_2440,107,0.7588,stairs_up,stairs_up,1,GREEN
107_2441,107,0.8018,stairs_up,stairs_up,1,GREEN
107_2442,107,0.8549,stairs_up,stairs_up,1,GREEN
107_2443,107,0.9836,stairs_up,stairs_up,1,GREEN
107_2444,107,0.9069,stairs_up,stairs_up,1,GREEN
107_2445,107,0.959,stairs_up,stairs_up,1,GREEN
107_2446,107,0.8887,stairs_up,stairs_up,1,GREEN
107_2447,107,0.9219,stairs_up,stairs_up,1,GREEN
107_2448,107,0.9615,stairs_up,stairs_up,1,GREEN
107_2449,107,0.9353,stairs_up,stairs_up,1,GREEN
107_2450,107,0.9157,stairs_up,stairs_up,1,GREEN
107_2451,107,0.9242,stairs_up,stairs_up,1,GREEN
107_2452,107,0.8796,stairs_up,stairs_up,1,GREEN
107_2453,107,0.4558,stairs_up,stairs_up,1,YELLOW
107_2454,107,0.4328,walking,stairs_up,0,RED
107_2455,107,0.3172,stairs_up,stairs_up,1,RED
107_2456,107,0.4123,vacuuming,stairs_up,0,RED
107_2457,107,0.226,stairs_up,stairs_up,1,RED
107_2458,107,0.1733,vacuuming,stairs_up,0,RED
107_2459,107,0.279,standing,stairs_up,0,RED
107_2460,107,0.2246,vacuuming,stairs_up,0,RED
107_2461,107,0.2527,vacuuming,stairs_up,0,RED
107_2462,107,0.227,walking,stairs_down,0,RED
107_2463,107,0.5823,standing,stairs_down,0,YELLOW
107_2464,107,0.5079,standing,stairs_down,0,YELLOW
107_2465,107,0.5132,standing,stairs_down,0,YELLOW
107_2466,107,0.5199,standing,stairs_down,0,YELLOW
107_2467,107,0.4763,standing,stairs_down,0,YELLOW
107_2468,107,0.397,standing,stairs_down,0,RED
107_2469,107,0.2983,standing,stairs_down,0,RED
107_2470,107,0.4283,standing,stairs_down,0,RED
107_2471,107,0.4516,standing,stairs_down,0,YELLOW
107_2472,107,0.2937,standing,stairs_down,0,RED
107_2473,107,0.4531,stairs_up,stairs_down,0,YELLOW
107_2474,107,0.263,stairs_up,stairs_down,0,RED
107_2475,107,0.6834,stairs_down,stairs_down,1,YELLOW
107_2476,107,0.7268,stairs_down,stairs_down,1,YELLOW
107_2477,107,0.7923,stairs_down,stairs_down,1,GREEN
107_2478,107,0.9581,stairs_down,stairs_down,1,GREEN
107_2479,107,0.9244,stairs_down,stairs_down,1,GREEN
107_2480,107,0.9256,stairs_down,stairs_down,1,GREEN
107_2481,107,0.9766,stairs_down,stairs_down,1,GREEN
107_2482,107,0.9629,stairs_down,stairs_down,1,GREEN
107_2483,107,0.9461,stairs_down,stairs_down,1,GREEN
107_2484,107,0.8714,stairs_down,stairs_down,1,GREEN
107_2485,107,0.8904,stairs_down,stairs_down,1,GREEN
107_2486,107,0.9554,stairs_down,stairs_down,1,GREEN
107_2487,107,0.9314,stairs_down,stairs_down,1,GREEN
107_2488,107,0.9372,stairs_down,stairs_down,1,GREEN
107_2489,107,0.9507,stairs_down,stairs_down,1,GREEN
107_2490,107,0.8865,stairs_down,stairs_down,1,GREEN
107_2491,107,0.7749,stairs_down,stairs_down,1,GREEN
107_2492,107,0.8725,stairs_down,stairs_down,1,GREEN
107_2493,107,0.8746,stairs_down,stairs_down,1,GREEN
107_2494,107,0.8284,stairs_down,stairs_down,1,GREEN
107_2495,107,0.9476,stairs_down,stairs_down,1,GREEN
107_2496,107,0.9812,stairs_down,stairs_down,1,GREEN
107_2497,107,0.9723,stairs_down,stairs_down,1,GREEN
107_2498,107,0.9813,stairs_down,stairs_down,1,GREEN
107_2499,107,0.9637,stairs_down,stairs_down,1,GREEN
107_2500,107,0.8636,stairs_down,stairs_down,1,GREEN
107_2501,107,0.8753,stairs_down,stairs_down,1,GREEN
107_2502,107,0.8992,stairs_down,stairs_down,1,GREEN
107_2503,107,0.6775,stairs_down,stairs_down,1,YELLOW
107_2504,107,0.7031,stairs_down,stairs_down,1,YELLOW
107_2505,107,0.9477,stairs_down,stairs_down,1,GREEN
107_2506,107,0.9646,stairs_down,stairs_down,1,GREEN
107_2507,107,0.9845,stairs_down,stairs_down,1,GREEN
107_2508,107,0.9793,stairs_down,stairs_down,1,GREEN
107_2509,107,0.9306,stairs_down,stairs_down,1,GREEN
107_2510,107,0.9417,stairs_down,stairs_down,1,GREEN
107_2511,107,0.9284,stairs_down,stairs_down,1,GREEN
107_2512,107,0.8686,stairs_down,stairs_down,1,GREEN
107_2513,107,0.6372,stairs_down,stairs_down,1,YELLOW
107_2514,107,0.6666,stairs_down,stairs_down,1,YELLOW
107_2515,107,0.9631,stairs_down,stairs_down,1,GREEN
107_2516,107,0.9331,stairs_down,stairs_down,1,GREEN
107_2517,107,0.9391,stairs_down,stairs_down,1,GREEN
107_2518,107,0.9538,stairs_down,stairs_down,1,GREEN
107_2519,107,0.9092,stairs_down,stairs_down,1,GREEN
107_2520,107,0.9201,stairs_down,stairs_down,1,GREEN
107_2521,107,0.9266,stairs_down,stairs_down,1,GREEN
107_2522,107,0.8288,stairs_down,stairs_down,1,GREEN
107_2523,107,0.6388,stairs_down,stairs_down,1,YELLOW
107_2524,107,0.9111,stairs_down,stairs_down,1,GREEN
107_2525,107,0.9446,stairs_down,stairs_down,1,GREEN
107_2526,107,0.96,stairs_down,stairs_down,1,GREEN
107_2527,107,0.9543,stairs_down,stairs_down,1,GREEN
107_2528,107,0.9352,stairs_down,stairs_down,1,GREEN
107_2529,107,0.9481,stairs_down,stairs_down,1,GREEN
107_2530,107,0.9459,stairs_down,stairs_down,1,GREEN
107_2531,107,0.9331,stairs_down,stairs_down,1,GREEN
107_2532,107,0.9145,stairs_down,stairs_down,1,GREEN
107_2533,107,0.7958,stairs_down,stairs_down,1,GREEN
107_2534,107,0.7307,walking,stairs_down,0,YELLOW
107_2535,107,0.8618,stairs_down,stairs_down,1,GREEN
107_2536,107,0.9272,stairs_down,stairs_down,1,GREEN
107_2537,107,0.9555,stairs_down,stairs_down,1,GREEN
107_2538,107,0.9715,stairs_down,stairs_down,1,GREEN
107_2539,107,0.9619,stairs_down,stairs_down,1,GREEN
107_2540,107,0.9755,stairs_down,stairs_down,1,GREEN
107_2541,107,0.9458,stairs_down,stairs_down,1,GREEN
107_2542,107,0.9078,stairs_down,stairs_down,1,GREEN
107_2543,107,0.6938,stairs_down,stairs_down,1,YELLOW
107_2544,107,0.5344,stairs_down,stairs_down,1,YELLOW
107_2545,107,0.8152,stairs_down,stairs_down,1,GREEN
107_2546,107,0.9795,stairs_down,stairs_down,1,GREEN
107_2547,107,0.9869,stairs_down,stairs_down,1,GREEN
107_2548,107,0.9375,stairs_down,stairs_down,1,GREEN
107_2549,107,0.9316,stairs_down,stairs_down,1,GREEN
107_2550,107,0.9134,stairs_down,stairs_down,1,GREEN
107_2551,107,0.9577,stairs_down,stairs_down,1,GREEN
107_2552,107,0.9858,stairs_down,stairs_down,1,GREEN
107_2553,107,0.9536,stairs_down,stairs_down,1,GREEN
107_2554,107,0.9365,stairs_down,stairs_down,1,GREEN
107_2555,107,0.9351,stairs_down,stairs_down,1,GREEN
107_2556,107,0.6199,stairs_down,stairs_down,1,YELLOW
107_2557,107,0.5064,stairs_down,stairs_down,1,YELLOW
107_2558,107,0.4881,stairs_down,stairs_down,1,YELLOW
107_2559,107,0.6898,stairs_down,stairs_down,1,YELLOW
107_2560,107,0.6044,stairs_down,stairs_down,1,YELLOW
107_2561,107,0.9282,stairs_down,stairs_down,1,GREEN
107_2562,107,0.9557,stairs_down,stairs_down,1,GREEN
107_2563,107,0.9528,stairs_down,stairs_down,1,GREEN
107_2564,107,0.9614,stairs_down,stairs_down,1,GREEN
107_2565,107,0.9323,stairs_down,stairs_down,1,GREEN
107_2566,107,0.9487,stairs_down,stairs_down,1,GREEN
107_2567,107,0.9453,stairs_down,stairs_down,1,GREEN
107_2568,107,0.9402,stairs_down,stairs_down,1,GREEN
107_2569,107,0.7512,stairs_down,stairs_down,1,GREEN
107_2570,107,0.5355,stairs_down,stairs_down,1,YELLOW
107_2571,107,0.7519,stairs_down,stairs_down,1,GREEN
107_2572,107,0.9677,stairs_down,stairs_down,1,GREEN
107_2573,107,0.9774,stairs_down,stairs_down,1,GREEN
107_2574,107,0.9737,stairs_down,stairs_down,1,GREEN
107_2575,107,0.9682,stairs_down,stairs_down,1,GREEN
107_2576,107,0.9004,stairs_down,stairs_down,1,GREEN
107_2577,107,0.7847,stairs_down,stairs_down,1,GREEN
107_2578,107,0.7378,stairs_down,stairs_down,1,YELLOW
107_2579,107,0.6555,stairs_down,stairs_down,1,YELLOW
107_2580,107,0.4647,standing,stairs_down,0,YELLOW
107_2581,107,0.625,standing,stairs_down,0,YELLOW
107_2582,107,0.5523,standing,stairs_down,0,YELLOW
107_2583,107,0.5747,standing,stairs_down,0,YELLOW
107_2584,107,0.4968,standing,stairs_down,0,YELLOW
107_2585,107,0.4745,standing,stairs_down,0,YELLOW
107_2586,107,0.4996,standing,stairs_down,0,YELLOW
107_2587,107,0.5574,standing,stairs_up,0,YELLOW
107_2588,107,0.5471,standing,stairs_up,0,YELLOW
107_2589,107,0.6277,standing,stairs_up,0,YELLOW
107_2590,107,0.6228,standing,stairs_up,0,YELLOW
107_2591,107,0.548,standing,stairs_up,0,YELLOW
107_2592,107,0.5177,standing,stairs_up,0,YELLOW
107_2593,107,0.6284,standing,stairs_up,0,YELLOW
107_2594,107,0.7191,standing,stairs_up,0,YELLOW
107_2595,107,0.5136,stairs_up,stairs_up,1,YELLOW
107_2596,107,0.7952,stairs_up,stairs_up,1,GREEN
107_2597,107,0.8054,stairs_up,stairs_up,1,GREEN
107_2598,107,0.9682,stairs_up,stairs_up,1,GREEN
107_2599,107,0.9571,stairs_up,stairs_up,1,GREEN
107_2600,107,0.884,stairs_up,stairs_up,1,GREEN
107_2601,107,0.8865,stairs_up,stairs_up,1,GREEN
107_2602,107,0.9293,stairs_up,stairs_up,1,GREEN
107_2603,107,0.9333,stairs_up,stairs_up,1,GREEN
107_2604,107,0.5214,stairs_up,stairs_up,1,YELLOW
107_2605,107,0.7638,stairs_up,stairs_up,1,GREEN
107_2606,107,0.8694,stairs_up,stairs_up,1,GREEN
107_2607,107,0.8809,stairs_up,stairs_up,1,GREEN
107_2608,107,0.7352,stairs_up,stairs_up,1,YELLOW
107_2609,107,0.7501,stairs_up,stairs_up,1,GREEN
107_2610,107,0.7164,stairs_up,stairs_up,1,YELLOW
107_2611,107,0.9346,stairs_up,stairs_up,1,GREEN
107_2612,107,0.8696,stairs_up,stairs_up,1,GREEN
107_2613,107,0.8941,stairs_up,stairs_up,1,GREEN
107_2614,107,0.9127,stairs_up,stairs_up,1,GREEN
107_2615,107,0.8716,stairs_up,stairs_up,1,GREEN
107_2616,107,0.9259,stairs_up,stairs_up,1,GREEN
107_2617,107,0.9349,stairs_up,stairs_up,1,GREEN
107_2618,107,0.9478,stairs_up,stairs_up,1,GREEN
107_2619,107,0.5632,nordic_walk,stairs_up,0,YELLOW
107_2620,107,0.4609,nordic_walk,stairs_up,0,YELLOW
107_2621,107,0.4371,walking,stairs_up,0,RED
107_2622,107,0.3834,walking,stairs_up,0,RED
107_2623,107,0.8155,stairs_up,stairs_up,1,GREEN
107_2624,107,0.8085,stairs_up,stairs_up,1,GREEN
107_2625,107,0.7677,stairs_up,stairs_up,1,GREEN
107_2626,107,0.8624,stairs_up,stairs_up,1,GREEN
107_2627,107,0.9461,stairs_up,stairs_up,1,GREEN
107_2628,107,0.9628,stairs_up,stairs_up,1,GREEN
107_2629,107,0.7667,stairs_up,stairs_up,1,GREEN
107_2630,107,0.9482,stairs_up,stairs_up,1,GREEN
107_2631,107,0.9435,stairs_up,stairs_up,1,GREEN
107_2632,107,0.9153,stairs_up,stairs_up,1,GREEN
107_2633,107,0.96,stairs_up,stairs_up,1,GREEN
107_2634,107,0.9296,stairs_up,stairs_up,1,GREEN
107_2635,107,0.918,stairs_up,stairs_up,1,GREEN
107_2636,107,0.9487,stairs_up,stairs_up,1,GREEN
107_2637,107,0.9282,stairs_up,stairs_up,1,GREEN
107_2638,107,0.9342,stairs_up,stairs_up,1,GREEN
107_2639,107,0.9425,stairs_up,stairs_up,1,GREEN
107_2640,107,0.9317,stairs_up,stairs_up,1,GREEN
107_2641,107,0.6125,stairs_up,stairs_up,1,YELLOW
107_2642,107,0.4523,walking,stairs_up,0,YELLOW
107_2643,107,0.4074,stairs_up,stairs_up,1,RED
107_2644,107,0.7933,stairs_up,stairs_up,1,GREEN
107_2645,107,0.7998,stairs_up,stairs_up,1,GREEN
107_2646,107,0.8825,stairs_up,stairs_up,1,GREEN
107_2647,107,0.8242,stairs_up,stairs_up,1,GREEN
107_2648,107,0.9304,stairs_up,stairs_up,1,GREEN
107_2649,107,0.9184,stairs_up,stairs_up,1,GREEN
107_2650,107,0.9148,stairs_up,stairs_up,1,GREEN
107_2651,107,0.9285,stairs_up,stairs_up,1,GREEN
107_2652,107,0.8816,stairs_up,stairs_up,1,GREEN
107_2653,107,0.9316,stairs_up,stairs_up,1,GREEN
107_2654,107,0.8925,stairs_up,stairs_up,1,GREEN
107_2655,107,0.9106,stairs_up,stairs_up,1,GREEN
107_2656,107,0.947,stairs_up,stairs_up,1,GREEN
107_2657,107,0.5823,walking,stairs_up,0,YELLOW
107_2658,107,0.5467,stairs_up,stairs_up,1,YELLOW
107_2659,107,0.8176,stairs_up,stairs_up,1,GREEN
107_2660,107,0.8419,stairs_up,stairs_up,1,GREEN
107_2661,107,0.9452,stairs_up,stairs_up,1,GREEN
107_2662,107,0.927,stairs_up,stairs_up,1,GREEN
107_2663,107,0.9259,stairs_up,stairs_up,1,GREEN
107_2664,107,0.8988,stairs_up,stairs_up,1,GREEN
107_2665,107,0.8554,stairs_up,stairs_up,1,GREEN
107_2666,107,0.8775,stairs_up,stairs_up,1,GREEN
107_2667,107,0.9024,stairs_up,stairs_up,1,GREEN
107_2668,107,0.9477,stairs_up,stairs_up,1,GREEN
107_2669,107,0.8721,stairs_up,stairs_up,1,GREEN
107_2670,107,0.9097,stairs_up,stairs_up,1,GREEN
107_2671,107,0.8873,stairs_up,stairs_up,1,GREEN
107_2672,107,0.6653,walking,stairs_up,0,YELLOW
107_2673,107,0.5149,walking,stairs_up,0,YELLOW
107_2674,107,0.7504,stairs_up,stairs_up,1,GREEN
107_2675,107,0.8822,stairs_up,stairs_up,1,GREEN
107_2676,107,0.9497,stairs_up,stairs_up,1,GREEN
107_2677,107,0.9475,stairs_up,stairs_up,1,GREEN
107_2678,107,0.8315,stairs_up,stairs_up,1,GREEN
107_2679,107,0.8305,stairs_up,stairs_up,1,GREEN
107_2680,107,0.9164,stairs_up,stairs_up,1,GREEN
107_2681,107,0.9148,stairs_up,stairs_up,1,GREEN
107_2682,107,0.9293,stairs_up,stairs_up,1,GREEN
107_2683,107,0.8944,stairs_up,stairs_up,1,GREEN
107_2684,107,0.8968,stairs_up,stairs_up,1,GREEN
107_2685,107,0.8928,stairs_up,stairs_up,1,GREEN
107_2686,107,0.8199,stairs_up,stairs_up,1,GREEN
107_2687,107,0.6205,walking,stairs_up,0,YELLOW
107_2688,107,0.5829,stairs_up,stairs_up,1,YELLOW
107_2689,107,0.8705,stairs_up,stairs_up,1,GREEN
107_2690,107,0.751,stairs_up,stairs_up,1,GREEN
107_2691,107,0.9698,stairs_up,stairs_up,1,GREEN
107_2692,107,0.933,stairs_up,stairs_up,1,GREEN
107_2693,107,0.872,stairs_up,stairs_up,1,GREEN
107_2694,107,0.7655,stairs_up,stairs_up,1,GREEN
107_2695,107,0.8592,stairs_up,stairs_up,1,GREEN
107_2696,107,0.9185,stairs_up,stairs_up,1,GREEN
107_2697,107,0.9099,stairs_up,stairs_up,1,GREEN
107_2698,107,0.905,stairs_up,stairs_up,1,GREEN
107_2699,107,0.9087,stairs_up,stairs_up,1,GREEN
107_2700,107,0.8762,stairs_up,stairs_up,1,GREEN
107_2701,107,0.8721,stairs_up,stairs_up,1,GREEN
107_2702,107,0.4387,walking,stairs_up,0,RED
107_2703,107,0.6433,stairs_up,stairs_up,1,YELLOW
107_2704,107,0.7966,stairs_up,stairs_up,1,GREEN
107_2705,107,0.6965,stairs_up,stairs_up,1,YELLOW
107_2706,107,0.8912,stairs_up,stairs_up,1,GREEN
107_2707,107,0.8684,stairs_up,stairs_up,1,GREEN
107_2708,107,0.8931,stairs_up,stairs_up,1,GREEN
107_2709,107,0.8207,stairs_up,stairs_up,1,GREEN
107_2710,107,0.7921,stairs_up,stairs_up,1,GREEN
107_2711,107,0.8637,stairs_up,stairs_up,1,GREEN
107_2712,107,0.8793,stairs_up,stairs_up,1,GREEN
107_2713,107,0.8984,stairs_up,stairs_up,1,GREEN
107_2714,107,0.9016,stairs_up,stairs_up,1,GREEN
107_2715,107,0.8531,stairs_up,stairs_up,1,GREEN
107_2716,107,0.7385,stairs_up,stairs_up,1,YELLOW
107_2717,107,0.7599,stairs_up,stairs_up,1,GREEN
107_2718,107,0.6437,walking,stairs_up,0,YELLOW
107_2719,107,0.6065,walking,stairs_up,0,YELLOW
107_2720,107,0.4688,walking,stairs_up,0,YELLOW
107_2721,107,0.4338,stairs_up,stairs_up,1,RED
107_2722,107,0.8952,stairs_up,stairs_up,1,GREEN
107_2723,107,0.9678,stairs_up,stairs_up,1,GREEN
107_2724,107,0.9456,stairs_up,stairs_up,1,GREEN
107_2725,107,0.944,stairs_up,stairs_up,1,GREEN
107_2726,107,0.9404,stairs_up,stairs_up,1,GREEN
107_2727,107,0.8751,stairs_up,stairs_up,1,GREEN
107_2728,107,0.8791,stairs_up,stairs_up,1,GREEN
107_2729,107,0.9536,stairs_up,stairs_up,1,GREEN
107_2730,107,0.9581,stairs_up,stairs_up,1,GREEN
107_2731,107,0.5916,stairs_up,stairs_up,1,YELLOW
107_2732,107,0.7963,stairs_up,stairs_up,1,GREEN
107_2733,107,0.9539,stairs_up,stairs_up,1,GREEN
107_2734,107,0.6854,stairs_up,stairs_up,1,YELLOW
107_2735,107,0.7427,stairs_up,stairs_up,1,YELLOW
107_2736,107,0.8753,stairs_up,stairs_up,1,GREEN
107_2737,107,0.803,stairs_up,stairs_up,1,GREEN
107_2738,107,0.6717,stairs_up,stairs_up,1,YELLOW
107_2739,107,0.8792,stairs_up,stairs_up,1,GREEN
107_2740,107,0.8757,stairs_up,stairs_up,1,GREEN
107_2741,107,0.7486,stairs_up,stairs_up,1,YELLOW
107_2742,107,0.8157,stairs_up,stairs_up,1,GREEN
107_2743,107,0.8287,stairs_up,stairs_up,1,GREEN
107_2744,107,0.7905,stairs_up,stairs_up,1,GREEN
107_2745,107,0.8633,stairs_up,stairs_up,1,GREEN
107_2746,107,0.8208,stairs_up,stairs_up,1,GREEN
107_2747,107,0.81,stairs_up,stairs_up,1,GREEN
107_2748,107,0.5229,walking,stairs_up,0,YELLOW
107_2749,107,0.3815,vacuuming,stairs_up,0,RED
107_2750,107,0.3292,vacuuming,stairs_up,0,RED
107_2751,107,0.3457,stairs_up,stairs_up,1,RED
107_2752,107,0.5275,stairs_up,stairs_up,1,YELLOW
107_2753,107,0.3385,stairs_up,stairs_up,1,RED
107_2754,107,0.4549,stairs_down,stairs_up,0,YELLOW
107_2755,107,0.4092,stairs_down,stairs_up,0,RED
107_2756,107,0.3428,stairs_down,stairs_down,1,RED
107_2757,107,0.4308,stairs_down,stairs_down,1,RED
107_2758,107,0.3303,stairs_up,stairs_down,0,RED
107_2759,107,0.3394,stairs_up,stairs_down,0,RED
107_2760,107,0.3548,stairs_down,stairs_down,1,RED
107_2761,107,0.3418,stairs_down,stairs_down,1,RED
107_2762,107,0.3132,stairs_up,stairs_down,0,RED
107_2763,107,0.5079,stairs_up,stairs_down,0,YELLOW
107_2764,107,0.7481,stairs_up,stairs_down,0,YELLOW
107_2765,107,0.743,stairs_up,stairs_down,0,YELLOW
107_2766,107,0.8503,stairs_down,stairs_down,1,GREEN
107_2767,107,0.9713,stairs_down,stairs_down,1,GREEN
107_2768,107,0.9684,stairs_down,stairs_down,1,GREEN
107_2769,107,0.9862,stairs_down,stairs_down,1,GREEN
107_2770,107,0.9541,stairs_down,stairs_down,1,GREEN
107_2771,107,0.9522,stairs_down,stairs_down,1,GREEN
107_2772,107,0.9302,stairs_down,stairs_down,1,GREEN
107_2773,107,0.9258,stairs_down,stairs_down,1,GREEN
107_2774,107,0.9237,stairs_down,stairs_down,1,GREEN
107_2775,107,0.9596,stairs_down,stairs_down,1,GREEN
107_2776,107,0.9886,stairs_down,stairs_down,1,GREEN
107_2777,107,0.9801,stairs_down,stairs_down,1,GREEN
107_2778,107,0.9465,stairs_down,stairs_down,1,GREEN
107_2779,107,0.9248,stairs_down,stairs_down,1,GREEN
107_2780,107,0.9279,stairs_down,stairs_down,1,GREEN
107_2781,107,0.8457,stairs_down,stairs_down,1,GREEN
107_2782,107,0.9348,stairs_down,stairs_down,1,GREEN
107_2783,107,0.9421,stairs_down,stairs_down,1,GREEN
107_2784,107,0.9612,stairs_down,stairs_down,1,GREEN
107_2785,107,0.9866,stairs_down,stairs_down,1,GREEN
107_2786,107,0.9499,stairs_down,stairs_down,1,GREEN
107_2787,107,0.9501,stairs_down,stairs_down,1,GREEN
107_2788,107,0.9129,stairs_down,stairs_down,1,GREEN
107_2789,107,0.8744,stairs_down,stairs_down,1,GREEN
107_2790,107,0.9267,stairs_down,stairs_down,1,GREEN
107_2791,107,0.9721,stairs_down,stairs_down,1,GREEN
107_2792,107,0.9438,stairs_down,stairs_down,1,GREEN
107_2793,107,0.9736,stairs_down,stairs_down,1,GREEN
107_2794,107,0.9577,stairs_down,stairs_down,1,GREEN
107_2795,107,0.9295,stairs_down,stairs_down,1,GREEN
107_2796,107,0.8832,stairs_down,stairs_down,1,GREEN
107_2797,107,0.9089,stairs_down,stairs_down,1,GREEN
107_2798,107,0.9399,stairs_down,stairs_down,1,GREEN
107_2799,107,0.9289,stairs_down,stairs_down,1,GREEN
107_2800,107,0.9444,stairs_down,stairs_down,1,GREEN
107_2801,107,0.9098,stairs_down,stairs_down,1,GREEN
107_2802,107,0.9626,stairs_down,stairs_down,1,GREEN
107_2803,107,0.979,stairs_down,stairs_down,1,GREEN
107_2804,107,0.919,stairs_down,stairs_down,1,GREEN
107_2805,107,0.8035,stairs_down,stairs_down,1,GREEN
107_2806,107,0.8744,stairs_down,stairs_down,1,GREEN
107_2807,107,0.9627,stairs_down,stairs_down,1,GREEN
107_2808,107,0.9564,stairs_down,stairs_down,1,GREEN
107_2809,107,0.9437,stairs_down,stairs_down,1,GREEN
107_2810,107,0.9246,stairs_down,stairs_down,1,GREEN
107_2811,107,0.9127,stairs_down,stairs_down,1,GREEN
107_2812,107,0.919,stairs_down,stairs_down,1,GREEN
107_2813,107,0.9234,stairs_down,stairs_down,1,GREEN
107_2814,107,0.8126,stairs_down,stairs_down,1,GREEN
107_2815,107,0.8827,stairs_down,stairs_down,1,GREEN
107_2816,107,0.9369,stairs_down,stairs_down,1,GREEN
107_2817,107,0.8829,stairs_down,stairs_down,1,GREEN
107_2818,107,0.9405,stairs_down,stairs_down,1,GREEN
107_2819,107,0.94,stairs_down,stairs_down,1,GREEN
107_2820,107,0.9492,stairs_down,stairs_down,1,GREEN
107_2821,107,0.8998,stairs_down,stairs_down,1,GREEN
107_2822,107,0.8597,stairs_down,stairs_down,1,GREEN
107_2823,107,0.672,stairs_down,stairs_down,1,YELLOW
107_2824,107,0.9585,stairs_down,stairs_down,1,GREEN
107_2825,107,0.9441,stairs_down,stairs_down,1,GREEN
107_2826,107,0.8656,stairs_down,stairs_down,1,GREEN
107_2827,107,0.8696,stairs_down,stairs_down,1,GREEN
107_2828,107,0.948,stairs_down,stairs_down,1,GREEN
107_2829,107,0.9661,stairs_down,stairs_down,1,GREEN
107_2830,107,0.9338,stairs_down,stairs_down,1,GREEN
107_2831,107,0.8791,stairs_down,stairs_down,1,GREEN
107_2832,107,0.923,stairs_down,stairs_down,1,GREEN
107_2833,107,0.8739,stairs_down,stairs_down,1,GREEN
107_2834,107,0.7323,stairs_down,stairs_down,1,YELLOW
107_2835,107,0.5073,walking,stairs_down,0,YELLOW
107_2836,107,0.7052,stairs_down,stairs_down,1,YELLOW
107_2837,107,0.8813,stairs_down,stairs_down,1,GREEN
107_2838,107,0.987,stairs_down,stairs_down,1,GREEN
107_2839,107,0.9715,stairs_down,stairs_down,1,GREEN
107_2840,107,0.9871,stairs_down,stairs_down,1,GREEN
107_2841,107,0.9605,stairs_down,stairs_down,1,GREEN
107_2842,107,0.9654,stairs_down,stairs_down,1,GREEN
107_2843,107,0.9554,stairs_down,stairs_down,1,GREEN
107_2844,107,0.9123,stairs_down,stairs_down,1,GREEN
107_2845,107,0.8649,stairs_down,stairs_down,1,GREEN
107_2846,107,0.9103,stairs_down,stairs_down,1,GREEN
107_2847,107,0.9417,stairs_down,stairs_down,1,GREEN
107_2848,107,0.9767,stairs_down,stairs_down,1,GREEN
107_2849,107,0.9589,stairs_down,stairs_down,1,GREEN
107_2850,107,0.9431,stairs_down,stairs_down,1,GREEN
107_2851,107,0.879,stairs_down,stairs_down,1,GREEN
107_2852,107,0.6176,stairs_down,stairs_down,1,YELLOW
107_2853,107,0.3568,standing,stairs_down,0,RED
107_2854,107,0.5226,standing,stairs_down,0,YELLOW
107_2855,107,0.4487,standing,stairs_down,0,RED
107_2856,107,0.5897,standing,stairs_down,0,YELLOW
107_2857,107,0.5047,standing,stairs_down,0,YELLOW
107_2858,107,0.5492,standing,stairs_down,0,YELLOW
107_2859,107,0.5127,standing,stairs_down,0,YELLOW
107_2860,107,0.4519,standing,stairs_down,0,YELLOW
107_2861,107,0.4825,standing,stairs_down,0,YELLOW
107_2862,107,0.421,standing,walking,0,RED
107_2863,107,0.4319,standing,walking,0,RED
107_2864,107,0.4875,standing,walking,0,YELLOW
107_2865,107,0.4404,standing,walking,0,RED
107_2866,107,0.4542,standing,walking,0,YELLOW
107_2867,107,0.4359,walking,walking,1,RED
107_2868,107,0.4256,standing,walking,0,RED
107_2869,107,0.5125,standing,walking,0,YELLOW
107_2870,107,0.657,standing,walking,0,YELLOW
107_2871,107,0.5039,standing,walking,0,YELLOW
107_2872,107,0.4317,standing,walking,0,RED
107_2873,107,0.6881,stairs_down,walking,0,YELLOW
107_2874,107,0.9285,walking,walking,1,GREEN
107_2875,107,0.8782,walking,walking,1,GREEN
107_2876,107,0.9708,walking,walking,1,GREEN
107_2877,107,0.9224,walking,walking,1,GREEN
107_2878,107,0.9741,walking,walking,1,GREEN
107_2879,107,0.9089,walking,walking,1,GREEN
107_2880,107,0.9062,walking,walking,1,GREEN
107_2881,107,0.9513,walking,walking,1,GREEN
107_2882,107,0.8703,walking,walking,1,GREEN
107_2883,107,0.8636,walking,walking,1,GREEN
107_2884,107,0.8053,walking,walking,1,GREEN
107_2885,107,0.8081,walking,walking,1,GREEN
107_2886,107,0.8608,walking,walking,1,GREEN
107_2887,107,0.8622,walking,walking,1,GREEN
107_2888,107,0.8303,walking,walking,1,GREEN
107_2889,107,0.8611,walking,walking,1,GREEN
107_2890,107,0.9203,walking,walking,1,GREEN
107_2891,107,0.8802,walking,walking,1,GREEN
107_2892,107,0.8365,walking,walking,1,GREEN
107_2893,107,0.8618,walking,walking,1,GREEN
107_2894,107,0.8787,walking,walking,1,GREEN
107_2895,107,0.8671,walking,walking,1,GREEN
107_2896,107,0.8594,walking,walking,1,GREEN
107_2897,107,0.8322,walking,walking,1,GREEN
107_2898,107,0.862,walking,walking,1,GREEN
107_2899,107,0.8919,walking,walking,1,GREEN
107_2900,107,0.8401,walking,walking,1,GREEN
107_2901,107,0.8281,walking,walking,1,GREEN
107_2902,107,0.871,walking,walking,1,GREEN
107_2903,107,0.8065,walking,walking,1,GREEN
107_2904,107,0.7071,walking,walking,1,YELLOW
107_2905,107,0.7088,walking,walking,1,YELLOW
107_2906,107,0.8122,walking,walking,1,GREEN
107_2907,107,0.8273,walking,walking,1,GREEN
107_2908,107,0.873,walking,walking,1,GREEN
107_2909,107,0.872,walking,walking,1,GREEN
107_2910,107,0.8657,walking,walking,1,GREEN
107_2911,107,0.8979,walking,walking,1,GREEN
107_2912,107,0.8864,walking,walking,1,GREEN
107_2913,107,0.8666,walking,walking,1,GREEN
107_2914,107,0.9128,walking,walking,1,GREEN
107_2915,107,0.9164,walking,walking,1,GREEN
107_2916,107,0.8804,walking,walking,1,GREEN
107_2917,107,0.8707,walking,walking,1,GREEN
107_2918,107,0.92,walking,walking,1,GREEN
107_2919,107,0.902,walking,walking,1,GREEN
107_2920,107,0.892,walking,walking,1,GREEN
107_2921,107,0.8418,walking,walking,1,GREEN
107_2922,107,0.8476,walking,walking,1,GREEN
107_2923,107,0.8688,walking,walking,1,GREEN
107_2924,107,0.8871,walking,walking,1,GREEN
107_2925,107,0.9235,walking,walking,1,GREEN
107_2926,107,0.8702,walking,walking,1,GREEN
107_2927,107,0.8268,walking,walking,1,GREEN
107_2928,107,0.8656,walking,walking,1,GREEN
107_2929,107,0.906,walking,walking,1,GREEN
107_2930,107,0.8669,walking,walking,1,GREEN
107_2931,107,0.8629,walking,walking,1,GREEN
107_2932,107,0.8902,walking,walking,1,GREEN
107_2933,107,0.8417,walking,walking,1,GREEN
107_2934,107,0.8319,walking,walking,1,GREEN
107_2935,107,0.8656,walking,walking,1,GREEN
107_2936,107,0.8851,walking,walking,1,GREEN
107_2937,107,0.8587,walking,walking,1,GREEN
107_2938,107,0.9377,walking,walking,1,GREEN
107_2939,107,0.8837,walking,walking,1,GREEN
107_2940,107,0.8738,walking,walking,1,GREEN
107_2941,107,0.917,walking,walking,1,GREEN
107_2942,107,0.8809,walking,walking,1,GREEN
107_2943,107,0.8924,walking,walking,1,GREEN
107_2944,107,0.8908,walking,walking,1,GREEN
107_2945,107,0.8834,walking,walking,1,GREEN
107_2946,107,0.8605,walking,walking,1,GREEN
107_2947,107,0.8548,walking,walking,1,GREEN
107_2948,107,0.9391,walking,walking,1,GREEN
107_2949,107,0.8647,walking,walking,1,GREEN
107_2950,107,0.813,walking,walking,1,GREEN
107_2951,107,0.8196,walking,walking,1,GREEN
107_2952,107,0.8339,walking,walking,1,GREEN
107_2953,107,0.8533,walking,walking,1,GREEN
107_2954,107,0.8563,walking,walking,1,GREEN
107_2955,107,0.8263,walking,walking,1,GREEN
107_2956,107,0.8847,walking,walking,1,GREEN
107_2957,107,0.8755,walking,walking,1,GREEN
107_2958,107,0.9027,walking,walking,1,GREEN
107_2959,107,0.8994,walking,walking,1,GREEN
107_2960,107,0.8859,walking,walking,1,GREEN
107_2961,107,0.903,walking,walking,1,GREEN
107_2962,107,0.9173,walking,walking,1,GREEN
107_2963,107,0.8699,walking,walking,1,GREEN
107_2964,107,0.8016,walking,walking,1,GREEN
107_2965,107,0.6509,walking,walking,1,YELLOW
107_2966,107,0.5842,walking,walking,1,YELLOW
107_2967,107,0.698,walking,walking,1,YELLOW
107_2968,107,0.8535,walking,walking,1,GREEN
107_2969,107,0.9171,walking,walking,1,GREEN
107_2970,107,0.923,walking,walking,1,GREEN
107_2971,107,0.8798,walking,walking,1,GREEN
107_2972,107,0.933,walking,walking,1,GREEN
107_2973,107,0.9126,walking,walking,1,GREEN
107_2974,107,0.8825,walking,walking,1,GREEN
107_2975,107,0.8352,walking,walking,1,GREEN
107_2976,107,0.9269,walking,walking,1,GREEN
107_2977,107,0.888,walking,walking,1,GREEN
107_2978,107,0.8619,walking,walking,1,GREEN
107_2979,107,0.9328,walking,walking,1,GREEN
107_2980,107,0.8894,walking,walking,1,GREEN
107_2981,107,0.7783,walking,walking,1,GREEN
107_2982,107,0.8198,walking,walking,1,GREEN
107_2983,107,0.8569,walking,walking,1,GREEN
107_2984,107,0.7789,walking,walking,1,GREEN
107_2985,107,0.8324,walking,walking,1,GREEN
107_2986,107,0.9382,walking,walking,1,GREEN
107_2987,107,0.9089,walking,walking,1,GREEN
107_2988,107,0.8794,walking,walking,1,GREEN
107_2989,107,0.826,walking,walking,1,GREEN
107_2990,107,0.9251,walking,walking,1,GREEN
107_2991,107,0.8904,walking,walking,1,GREEN
107_2992,107,0.8279,walking,walking,1,GREEN
107_2993,107,0.8544,walking,walking,1,GREEN
107_2994,107,0.9025,walking,walking,1,GREEN
107_2995,107,0.8806,walking,walking,1,GREEN
107_2996,107,0.8616,walking,walking,1,GREEN
107_2997,107,0.9096,walking,walking,1,GREEN
107_2998,107,0.887,walking,walking,1,GREEN
107_2999,107,0.8661,walking,walking,1,GREEN
107_3000,107,0.9264,walking,walking,1,GREEN
107_3001,107,0.9286,walking,walking,1,GREEN
107_3002,107,0.8391,walking,walking,1,GREEN
107_3003,107,0.8339,walking,walking,1,GREEN
107_3004,107,0.875,walking,walking,1,GREEN
107_3005,107,0.8244,walking,walking,1,GREEN
107_3006,107,0.8412,walking,walking,1,GREEN
107_3007,107,0.8461,walking,walking,1,GREEN
107_3008,107,0.8245,walking,walking,1,GREEN
107_3009,107,0.8292,walking,walking,1,GREEN
107_3010,107,0.8357,walking,walking,1,GREEN
107_3011,107,0.8548,walking,walking,1,GREEN
107_3012,107,0.9087,walking,walking,1,GREEN
107_3013,107,0.9611,walking,walking,1,GREEN
107_3014,107,0.9088,walking,walking,1,GREEN
107_3015,107,0.8723,walking,walking,1,GREEN
107_3016,107,0.8144,walking,walking,1,GREEN
107_3017,107,0.7989,walking,walking,1,GREEN
107_3018,107,0.8897,walking,walking,1,GREEN
107_3019,107,0.8899,walking,walking,1,GREEN
107_3020,107,0.8784,walking,walking,1,GREEN
107_3021,107,0.9163,walking,walking,1,GREEN
107_3022,107,0.8358,walking,walking,1,GREEN
107_3023,107,0.8473,walking,walking,1,GREEN
107_3024,107,0.8843,walking,walking,1,GREEN
107_3025,107,0.8794,walking,walking,1,GREEN
107_3026,107,0.9307,walking,walking,1,GREEN
107_3027,107,0.9264,walking,walking,1,GREEN
107_3028,107,0.8721,walking,walking,1,GREEN
107_3029,107,0.8932,walking,walking,1,GREEN
107_3030,107,0.8993,walking,walking,1,GREEN
107_3031,107,0.8962,walking,walking,1,GREEN
107_3032,107,0.9112,walking,walking,1,GREEN
107_3033,107,0.8937,walking,walking,1,GREEN
107_3034,107,0.8256,walking,walking,1,GREEN
107_3035,107,0.8103,walking,walking,1,GREEN
107_3036,107,0.8091,walking,walking,1,GREEN
107_3037,107,0.8594,walking,walking,1,GREEN
107_3038,107,0.8519,walking,walking,1,GREEN
107_3039,107,0.8788,walking,walking,1,GREEN
107_3040,107,0.9189,walking,walking,1,GREEN
107_3041,107,0.9066,walking,walking,1,GREEN
107_3042,107,0.8545,walking,walking,1,GREEN
107_3043,107,0.9026,walking,walking,1,GREEN
107_3044,107,0.9132,walking,walking,1,GREEN
107_3045,107,0.8761,walking,walking,1,GREEN
107_3046,107,0.8391,walking,walking,1,GREEN
107_3047,107,0.8236,walking,walking,1,GREEN
107_3048,107,0.9378,walking,walking,1,GREEN
107_3049,107,0.9099,walking,walking,1,GREEN
107_3050,107,0.9196,walking,walking,1,GREEN
107_3051,107,0.8395,walking,walking,1,GREEN
107_3052,107,0.8489,walking,walking,1,GREEN
107_3053,107,0.8073,walking,walking,1,GREEN
107_3054,107,0.7966,walking,walking,1,GREEN
107_3055,107,0.8807,walking,walking,1,GREEN
107_3056,107,0.9386,walking,walking,1,GREEN
107_3057,107,0.9153,walking,walking,1,GREEN
107_3058,107,0.9179,walking,walking,1,GREEN
107_3059,107,0.9072,walking,walking,1,GREEN
107_3060,107,0.9047,walking,walking,1,GREEN
107_3061,107,0.9314,walking,walking,1,GREEN
107_3062,107,0.9263,walking,walking,1,GREEN
107_3063,107,0.9718,walking,walking,1,GREEN
107_3064,107,0.9599,walking,walking,1,GREEN
107_3065,107,0.8843,walking,walking,1,GREEN
107_3066,107,0.8765,walking,walking,1,GREEN
107_3067,107,0.8954,walking,walking,1,GREEN
107_3068,107,0.8727,walking,walking,1,GREEN
107_3069,107,0.8884,walking,walking,1,GREEN
107_3070,107,0.8767,walking,walking,1,GREEN
107_3071,107,0.9393,walking,walking,1,GREEN
107_3072,107,0.9688,walking,walking,1,GREEN
107_3073,107,0.8707,walking,walking,1,GREEN
107_3074,107,0.8877,walking,walking,1,GREEN
107_3075,107,0.9317,walking,walking,1,GREEN
107_3076,107,0.94,walking,walking,1,GREEN
107_3077,107,0.9091,walking,walking,1,GREEN
107_3078,107,0.9399,walking,walking,1,GREEN
107_3079,107,0.9298,walking,walking,1,GREEN
107_3080,107,0.9371,walking,walking,1,GREEN
107_3081,107,0.9362,walking,walking,1,GREEN
107_3082,107,0.9397,walking,walking,1,GREEN
107_3083,107,0.9352,walking,walking,1,GREEN
107_3084,107,0.9011,walking,walking,1,GREEN
107_3085,107,0.9327,walking,walking,1,GREEN
107_3086,107,0.8852,walking,walking,1,GREEN
107_3087,107,0.7839,walking,walking,1,GREEN
107_3088,107,0.8152,walking,walking,1,GREEN
107_3089,107,0.8858,walking,walking,1,GREEN
107_3090,107,0.9323,walking,walking,1,GREEN
107_3091,107,0.9424,walking,walking,1,GREEN
107_3092,107,0.9173,walking,walking,1,GREEN
107_3093,107,0.8539,walking,walking,1,GREEN
107_3094,107,0.9059,walking,walking,1,GREEN
107_3095,107,0.9228,walking,walking,1,GREEN
107_3096,107,0.8567,walking,walking,1,GREEN
107_3097,107,0.9162,walking,walking,1,GREEN
107_3098,107,0.9506,walking,walking,1,GREEN
107_3099,107,0.9614,walking,walking,1,GREEN
107_3100,107,0.9377,walking,walking,1,GREEN
107_3101,107,0.8827,walking,walking,1,GREEN
107_3102,107,0.9387,walking,walking,1,GREEN
107_3103,107,0.9043,walking,walking,1,GREEN
107_3104,107,0.9483,walking,walking,1,GREEN
107_3105,107,0.942,walking,walking,1,GREEN
107_3106,107,0.8928,walking,walking,1,GREEN
107_3107,107,0.9272,walking,walking,1,GREEN
107_3108,107,0.9589,walking,walking,1,GREEN
107_3109,107,0.9479,walking,walking,1,GREEN
107_3110,107,0.8804,walking,walking,1,GREEN
107_3111,107,0.8612,walking,walking,1,GREEN
107_3112,107,0.9164,walking,walking,1,GREEN
107_3113,107,0.9303,walking,walking,1,GREEN
107_3114,107,0.8765,walking,walking,1,GREEN
107_3115,107,0.8608,walking,walking,1,GREEN
107_3116,107,0.8467,walking,walking,1,GREEN
107_3117,107,0.8931,walking,walking,1,GREEN
107_3118,107,0.8654,walking,walking,1,GREEN
107_3119,107,0.8693,walking,walking,1,GREEN
107_3120,107,0.9045,walking,walking,1,GREEN
107_3121,107,0.8539,walking,walking,1,GREEN
107_3122,107,0.9077,walking,walking,1,GREEN
107_3123,107,0.8997,walking,walking,1,GREEN
107_3124,107,0.9283,walking,walking,1,GREEN
107_3125,107,0.9053,walking,walking,1,GREEN
107_3126,107,0.9151,walking,walking,1,GREEN
107_3127,107,0.8785,walking,walking,1,GREEN
107_3128,107,0.8559,walking,walking,1,GREEN
107_3129,107,0.8715,walking,walking,1,GREEN
107_3130,107,0.8423,walking,walking,1,GREEN
107_3131,107,0.9469,walking,walking,1,GREEN
107_3132,107,0.9185,walking,walking,1,GREEN
107_3133,107,0.9241,walking,walking,1,GREEN
107_3134,107,0.9385,walking,walking,1,GREEN
107_3135,107,0.8929,walking,walking,1,GREEN
107_3136,107,0.9106,walking,walking,1,GREEN
107_3137,107,0.9295,walking,walking,1,GREEN
107_3138,107,0.9409,walking,walking,1,GREEN
107_3139,107,0.9281,walking,walking,1,GREEN
107_3140,107,0.936,walking,walking,1,GREEN
107_3141,107,0.9332,walking,walking,1,GREEN
107_3142,107,0.9663,walking,walking,1,GREEN
107_3143,107,0.9381,walking,walking,1,GREEN
107_3144,107,0.8809,walking,walking,1,GREEN
107_3145,107,0.9412,walking,walking,1,GREEN
107_3146,107,0.8539,walking,walking,1,GREEN
107_3147,107,0.8591,walking,walking,1,GREEN
107_3148,107,0.9171,walking,walking,1,GREEN
107_3149,107,0.9654,walking,walking,1,GREEN
107_3150,107,0.9515,walking,walking,1,GREEN
107_3151,107,0.8719,walking,walking,1,GREEN
107_3152,107,0.8955,walking,walking,1,GREEN
107_3153,107,0.8518,walking,walking,1,GREEN
107_3154,107,0.8583,walking,walking,1,GREEN
107_3155,107,0.8793,walking,walking,1,GREEN
107_3156,107,0.8728,walking,walking,1,GREEN
107_3157,107,0.8915,walking,walking,1,GREEN
107_3158,107,0.8744,walking,walking,1,GREEN
107_3159,107,0.9542,walking,walking,1,GREEN
107_3160,107,0.9118,walking,walking,1,GREEN
107_3161,107,0.8172,walking,walking,1,GREEN
107_3162,107,0.8436,walking,walking,1,GREEN
107_3163,107,0.839,walking,walking,1,GREEN
107_3164,107,0.9073,walking,walking,1,GREEN
107_3165,107,0.8872,walking,walking,1,GREEN
107_3166,107,0.9166,walking,walking,1,GREEN
107_3167,107,0.8359,walking,walking,1,GREEN
107_3168,107,0.8364,walking,walking,1,GREEN
107_3169,107,0.8234,walking,walking,1,GREEN
107_3170,107,0.8246,walking,walking,1,GREEN
107_3171,107,0.8916,walking,walking,1,GREEN
107_3172,107,0.9372,walking,walking,1,GREEN
107_3173,107,0.9425,walking,walking,1,GREEN
107_3174,107,0.9629,walking,walking,1,GREEN
107_3175,107,0.9116,walking,walking,1,GREEN
107_3176,107,0.8869,walking,walking,1,GREEN
107_3177,107,0.9583,walking,walking,1,GREEN
107_3178,107,0.8497,walking,walking,1,GREEN
107_3179,107,0.911,walking,walking,1,GREEN
107_3180,107,0.9141,walking,walking,1,GREEN
107_3181,107,0.9596,walking,walking,1,GREEN
107_3182,107,0.9735,walking,walking,1,GREEN
107_3183,107,0.9561,walking,walking,1,GREEN
107_3184,107,0.9787,walking,walking,1,GREEN
107_3185,107,0.9403,walking,walking,1,GREEN
107_3186,107,0.9342,walking,walking,1,GREEN
107_3187,107,0.9526,walking,walking,1,GREEN
107_3188,107,0.8662,walking,walking,1,GREEN
107_3189,107,0.8825,walking,walking,1,GREEN
107_3190,107,0.9147,walking,walking,1,GREEN
107_3191,107,0.926,walking,walking,1,GREEN
107_3192,107,0.9778,walking,walking,1,GREEN
107_3193,107,0.8176,walking,walking,1,GREEN
107_3194,107,0.8293,walking,walking,1,GREEN
107_3195,107,0.8717,walking,walking,1,GREEN
107_3196,107,0.8926,walking,walking,1,GREEN
107_3197,107,0.8981,walking,walking,1,GREEN
107_3198,107,0.8615,walking,walking,1,GREEN
107_3199,107,0.8903,walking,walking,1,GREEN
107_3200,107,0.8741,walking,walking,1,GREEN
107_3201,107,0.8353,walking,walking,1,GREEN
107_3202,107,0.8475,walking,walking,1,GREEN
107_3203,107,0.866,walking,walking,1,GREEN
107_3204,107,0.8766,walking,walking,1,GREEN
107_3205,107,0.909,walking,walking,1,GREEN
107_3206,107,0.9223,walking,walking,1,GREEN
107_3207,107,0.8749,walking,walking,1,GREEN
107_3208,107,0.8837,walking,walking,1,GREEN
107_3209,107,0.8432,walking,walking,1,GREEN
107_3210,107,0.9113,walking,walking,1,GREEN
107_3211,107,0.844,walking,walking,1,GREEN
107_3212,107,0.8076,walking,walking,1,GREEN
107_3213,107,0.7818,walking,walking,1,GREEN
107_3214,107,0.7706,walking,walking,1,GREEN
107_3215,107,0.768,walking,walking,1,GREEN
107_3216,107,0.7539,walking,walking,1,GREEN
107_3217,107,0.8656,walking,walking,1,GREEN
107_3218,107,0.7844,walking,walking,1,GREEN
107_3219,107,0.7829,walking,walking,1,GREEN
107_3220,107,0.8623,walking,walking,1,GREEN
107_3221,107,0.8967,walking,walking,1,GREEN
107_3222,107,0.8388,walking,walking,1,GREEN
107_3223,107,0.8306,walking,walking,1,GREEN
107_3224,107,0.8989,walking,walking,1,GREEN
107_3225,107,0.9149,walking,walking,1,GREEN
107_3226,107,0.9029,walking,walking,1,GREEN
107_3227,107,0.899,walking,walking,1,GREEN
107_3228,107,0.8647,walking,walking,1,GREEN
107_3229,107,0.8536,walking,walking,1,GREEN
107_3230,107,0.9251,walking,walking,1,GREEN
107_3231,107,0.9215,walking,walking,1,GREEN
107_3232,107,0.9035,walking,walking,1,GREEN
107_3233,107,0.8723,walking,walking,1,GREEN
107_3234,107,0.851,walking,walking,1,GREEN
107_3235,107,0.9014,walking,walking,1,GREEN
107_3236,107,0.8836,walking,walking,1,GREEN
107_3237,107,0.8927,walking,walking,1,GREEN
107_3238,107,0.8785,walking,walking,1,GREEN
107_3239,107,0.8848,walking,walking,1,GREEN
107_3240,107,0.8517,walking,walking,1,GREEN
107_3241,107,0.8734,walking,walking,1,GREEN
107_3242,107,0.8826,walking,walking,1,GREEN
107_3243,107,0.8949,walking,walking,1,GREEN
107_3244,107,0.9352,walking,walking,1,GREEN
107_3245,107,0.9416,walking,walking,1,GREEN
107_3246,107,0.8723,walking,walking,1,GREEN
107_3247,107,0.8666,walking,walking,1,GREEN
107_3248,107,0.8865,walking,walking,1,GREEN
107_3249,107,0.8538,walking,walking,1,GREEN
107_3250,107,0.9757,walking,walking,1,GREEN
107_3251,107,0.9012,walking,walking,1,GREEN
107_3252,107,0.8945,walking,walking,1,GREEN
107_3253,107,0.9083,walking,walking,1,GREEN
107_3254,107,0.937,walking,walking,1,GREEN
107_3255,107,0.8911,walking,walking,1,GREEN
107_3256,107,0.9058,walking,walking,1,GREEN
107_3257,107,0.9045,walking,walking,1,GREEN
107_3258,107,0.843,walking,walking,1,GREEN
107_3259,107,0.8403,walking,walking,1,GREEN
107_3260,107,0.9077,walking,walking,1,GREEN
107_3261,107,0.87,walking,walking,1,GREEN
107_3262,107,0.861,walking,walking,1,GREEN
107_3263,107,0.7952,walking,walking,1,GREEN
107_3264,107,0.792,walking,walking,1,GREEN
107_3265,107,0.8391,walking,walking,1,GREEN
107_3266,107,0.8169,walking,walking,1,GREEN
107_3267,107,0.8586,walking,walking,1,GREEN
107_3268,107,0.898,walking,walking,1,GREEN
107_3269,107,0.8488,walking,walking,1,GREEN
107_3270,107,0.8347,walking,walking,1,GREEN
107_3271,107,0.8354,walking,walking,1,GREEN
107_3272,107,0.8472,walking,walking,1,GREEN
107_3273,107,0.9147,walking,walking,1,GREEN
107_3274,107,0.9319,walking,walking,1,GREEN
107_3275,107,0.8531,walking,walking,1,GREEN
107_3276,107,0.8422,walking,walking,1,GREEN
107_3277,107,0.8785,walking,walking,1,GREEN
107_3278,107,0.902,walking,walking,1,GREEN
107_3279,107,0.8325,walking,walking,1,GREEN
107_3280,107,0.8016,walking,walking,1,GREEN
107_3281,107,0.7808,walking,walking,1,GREEN
107_3282,107,0.6324,walking,walking,1,YELLOW
107_3283,107,0.539,walking,walking,1,YELLOW
107_3284,107,0.4325,walking,walking,1,RED
107_3285,107,0.6292,walking,walking,1,YELLOW
107_3286,107,0.6981,walking,walking,1,YELLOW
107_3287,107,0.7654,walking,walking,1,GREEN
107_3288,107,0.7867,walking,walking,1,GREEN
107_3289,107,0.9102,walking,walking,1,GREEN
107_3290,107,0.9123,walking,walking,1,GREEN
107_3291,107,0.9249,walking,walking,1,GREEN
107_3292,107,0.8063,walking,walking,1,GREEN
107_3293,107,0.8373,walking,walking,1,GREEN
107_3294,107,0.9031,walking,walking,1,GREEN
107_3295,107,0.7979,walking,walking,1,GREEN
107_3296,107,0.8692,walking,walking,1,GREEN
107_3297,107,0.9102,walking,walking,1,GREEN
107_3298,107,0.904,walking,walking,1,GREEN
107_3299,107,0.8372,walking,walking,1,GREEN
107_3300,107,0.8407,walking,walking,1,GREEN
107_3301,107,0.8383,walking,walking,1,GREEN
107_3302,107,0.8286,walking,walking,1,GREEN
107_3303,107,0.7433,walking,walking,1,YELLOW
107_3304,107,0.7804,walking,walking,1,GREEN
107_3305,107,0.8327,walking,walking,1,GREEN
107_3306,107,0.8176,walking,walking,1,GREEN
107_3307,107,0.9332,walking,walking,1,GREEN
107_3308,107,0.9557,walking,walking,1,GREEN
107_3309,107,0.8673,walking,walking,1,GREEN
107_3310,107,0.8799,walking,walking,1,GREEN
107_3311,107,0.8538,walking,walking,1,GREEN
107_3312,107,0.8445,walking,walking,1,GREEN
107_3313,107,0.9065,walking,walking,1,GREEN
107_3314,107,0.8866,walking,walking,1,GREEN
107_3315,107,0.8413,walking,walking,1,GREEN
107_3316,107,0.8731,walking,walking,1,GREEN
107_3317,107,0.9263,walking,walking,1,GREEN
107_3318,107,0.929,walking,walking,1,GREEN
107_3319,107,0.8024,walking,walking,1,GREEN
107_3320,107,0.8146,walking,walking,1,GREEN
107_3321,107,0.9747,walking,walking,1,GREEN
107_3322,107,0.9229,walking,walking,1,GREEN
107_3323,107,0.9544,walking,walking,1,GREEN
107_3324,107,0.9355,walking,walking,1,GREEN
107_3325,107,0.9591,walking,walking,1,GREEN
107_3326,107,0.9292,walking,walking,1,GREEN
107_3327,107,0.8701,walking,walking,1,GREEN
107_3328,107,0.7895,walking,walking,1,GREEN
107_3329,107,0.8332,walking,walking,1,GREEN
107_3330,107,0.8317,walking,walking,1,GREEN
107_3331,107,0.8076,walking,walking,1,GREEN
107_3332,107,0.8134,walking,walking,1,GREEN
107_3333,107,0.8596,walking,walking,1,GREEN
107_3334,107,0.9324,walking,walking,1,GREEN
107_3335,107,0.9268,walking,walking,1,GREEN
107_3336,107,0.9146,walking,walking,1,GREEN
107_3337,107,0.904,walking,walking,1,GREEN
107_3338,107,0.9086,walking,walking,1,GREEN
107_3339,107,0.8944,walking,walking,1,GREEN
107_3340,107,0.9004,walking,walking,1,GREEN
107_3341,107,0.9039,walking,walking,1,GREEN
107_3342,107,0.8154,walking,walking,1,GREEN
107_3343,107,0.8045,walking,walking,1,GREEN
107_3344,107,0.8704,walking,walking,1,GREEN
107_3345,107,0.9017,walking,walking,1,GREEN
107_3346,107,0.9354,walking,walking,1,GREEN
107_3347,107,0.9297,walking,walking,1,GREEN
107_3348,107,0.9516,walking,walking,1,GREEN
107_3349,107,0.9665,walking,walking,1,GREEN
107_3350,107,0.9216,walking,walking,1,GREEN
107_3351,107,0.8865,walking,walking,1,GREEN
107_3352,107,0.9019,walking,walking,1,GREEN
107_3353,107,0.8957,walking,walking,1,GREEN
107_3354,107,0.9541,walking,walking,1,GREEN
107_3355,107,0.9329,walking,walking,1,GREEN
107_3356,107,0.9237,walking,walking,1,GREEN
107_3357,107,0.9372,walking,walking,1,GREEN
107_3358,107,0.9646,walking,walking,1,GREEN
107_3359,107,0.9293,walking,walking,1,GREEN
107_3360,107,0.9215,walking,walking,1,GREEN
107_3361,107,0.8686,walking,walking,1,GREEN
107_3362,107,0.8721,walking,walking,1,GREEN
107_3363,107,0.8215,walking,walking,1,GREEN
107_3364,107,0.8101,walking,walking,1,GREEN
107_3365,107,0.8919,walking,walking,1,GREEN
107_3366,107,0.9148,walking,walking,1,GREEN
107_3367,107,0.944,walking,walking,1,GREEN
107_3368,107,0.9673,walking,walking,1,GREEN
107_3369,107,0.9621,walking,walking,1,GREEN
107_3370,107,0.9609,walking,walking,1,GREEN
107_3371,107,0.9429,walking,walking,1,GREEN
107_3372,107,0.9731,walking,walking,1,GREEN
107_3373,107,0.9526,walking,walking,1,GREEN
107_3374,107,0.9471,walking,walking,1,GREEN
107_3375,107,0.8595,walking,walking,1,GREEN
107_3376,107,0.8527,walking,walking,1,GREEN
107_3377,107,0.9636,walking,walking,1,GREEN
107_3378,107,0.9601,walking,walking,1,GREEN
107_3379,107,0.9613,walking,walking,1,GREEN
107_3380,107,0.9417,walking,walking,1,GREEN
107_3381,107,0.9531,walking,walking,1,GREEN
107_3382,107,0.9522,walking,walking,1,GREEN
107_3383,107,0.949,walking,walking,1,GREEN
107_3384,107,0.8351,walking,walking,1,GREEN
107_3385,107,0.8208,walking,walking,1,GREEN
107_3386,107,0.8777,walking,walking,1,GREEN
107_3387,107,0.9231,walking,walking,1,GREEN
107_3388,107,0.9411,walking,walking,1,GREEN
107_3389,107,0.8931,walking,walking,1,GREEN
107_3390,107,0.9087,walking,walking,1,GREEN
107_3391,107,0.9196,walking,walking,1,GREEN
107_3392,107,0.9484,walking,walking,1,GREEN
107_3393,107,0.9489,walking,walking,1,GREEN
107_3394,107,0.9478,walking,walking,1,GREEN
107_3395,107,0.9408,walking,walking,1,GREEN
107_3396,107,0.8887,walking,walking,1,GREEN
107_3397,107,0.9457,walking,walking,1,GREEN
107_3398,107,0.9122,walking,walking,1,GREEN
107_3399,107,0.9377,walking,walking,1,GREEN
107_3400,107,0.9078,walking,walking,1,GREEN
107_3401,107,0.9406,walking,walking,1,GREEN
107_3402,107,0.9408,walking,walking,1,GREEN
107_3403,107,0.8719,walking,walking,1,GREEN
107_3404,107,0.9403,walking,walking,1,GREEN
107_3405,107,0.9301,walking,walking,1,GREEN
107_3406,107,0.947,walking,walking,1,GREEN
107_3407,107,0.9502,walking,walking,1,GREEN
107_3408,107,0.9355,walking,walking,1,GREEN
107_3409,107,0.9518,walking,walking,1,GREEN
107_3410,107,0.9595,walking,walking,1,GREEN
107_3411,107,0.9781,walking,walking,1,GREEN
107_3412,107,0.8984,walking,walking,1,GREEN
107_3413,107,0.8873,walking,walking,1,GREEN
107_3414,107,0.9538,walking,walking,1,GREEN
107_3415,107,0.9541,walking,walking,1,GREEN
107_3416,107,0.9676,walking,walking,1,GREEN
107_3417,107,0.9586,walking,walking,1,GREEN
107_3418,107,0.8817,walking,walking,1,GREEN
107_3419,107,0.9034,walking,walking,1,GREEN
107_3420,107,0.9173,walking,walking,1,GREEN
107_3421,107,0.8596,walking,walking,1,GREEN
107_3422,107,0.9359,walking,walking,1,GREEN
107_3423,107,0.8914,walking,walking,1,GREEN
107_3424,107,0.9368,walking,walking,1,GREEN
107_3425,107,0.9225,walking,walking,1,GREEN
107_3426,107,0.901,walking,walking,1,GREEN
107_3427,107,0.8977,walking,walking,1,GREEN
107_3428,107,0.9127,walking,walking,1,GREEN
107_3429,107,0.8565,walking,walking,1,GREEN
107_3430,107,0.8284,walking,walking,1,GREEN
107_3431,107,0.8619,walking,walking,1,GREEN
107_3432,107,0.8543,walking,walking,1,GREEN
107_3433,107,0.94,walking,walking,1,GREEN
107_3434,107,0.9582,walking,walking,1,GREEN
107_3435,107,0.8932,walking,walking,1,GREEN
107_3436,107,0.8343,walking,walking,1,GREEN
107_3437,107,0.97,walking,walking,1,GREEN
107_3438,107,0.9663,walking,walking,1,GREEN
107_3439,107,0.9352,walking,walking,1,GREEN
107_3440,107,0.9576,walking,walking,1,GREEN
107_3441,107,0.9355,walking,walking,1,GREEN
107_3442,107,0.8727,walking,walking,1,GREEN
107_3443,107,0.9463,walking,walking,1,GREEN
107_3444,107,0.861,walking,walking,1,GREEN
107_3445,107,0.8833,walking,walking,1,GREEN
107_3446,107,0.8868,walking,walking,1,GREEN
107_3447,107,0.8467,walking,walking,1,GREEN
107_3448,107,0.9501,walking,walking,1,GREEN
107_3449,107,0.9693,walking,walking,1,GREEN
107_3450,107,0.9554,walking,walking,1,GREEN
107_3451,107,0.925,walking,walking,1,GREEN
107_3452,107,0.904,walking,walking,1,GREEN
107_3453,107,0.9217,walking,walking,1,GREEN
107_3454,107,0.9447,walking,walking,1,GREEN
107_3455,107,0.9593,walking,walking,1,GREEN
107_3456,107,0.9552,walking,walking,1,GREEN
107_3457,107,0.9219,walking,walking,1,GREEN
107_3458,107,0.8696,walking,walking,1,GREEN
107_3459,107,0.8217,walking,walking,1,GREEN
107_3460,107,0.8908,walking,walking,1,GREEN
107_3461,107,0.863,walking,walking,1,GREEN
107_3462,107,0.8415,walking,walking,1,GREEN
107_3463,107,0.9033,walking,walking,1,GREEN
107_3464,107,0.8433,walking,walking,1,GREEN
107_3465,107,0.8653,walking,walking,1,GREEN
107_3466,107,0.9148,walking,walking,1,GREEN
107_3467,107,0.8969,walking,walking,1,GREEN
107_3468,107,0.8895,walking,walking,1,GREEN
107_3469,107,0.8098,walking,walking,1,GREEN
107_3470,107,0.8236,walking,walking,1,GREEN
107_3471,107,0.9639,walking,walking,1,GREEN
107_3472,107,0.919,walking,walking,1,GREEN
107_3473,107,0.9151,walking,walking,1,GREEN
107_3474,107,0.8643,walking,walking,1,GREEN
107_3475,107,0.872,walking,walking,1,GREEN
107_3476,107,0.9215,walking,walking,1,GREEN
107_3477,107,0.857,walking,walking,1,GREEN
107_3478,107,0.9381,walking,walking,1,GREEN
107_3479,107,0.952,walking,walking,1,GREEN
107_3480,107,0.9655,walking,walking,1,GREEN
107_3481,107,0.9643,walking,walking,1,GREEN
107_3482,107,0.8206,walking,walking,1,GREEN
107_3483,107,0.8378,walking,walking,1,GREEN
107_3484,107,0.9553,walking,walking,1,GREEN
107_3485,107,0.9068,walking,walking,1,GREEN
107_3486,107,0.9058,walking,walking,1,GREEN
107_3487,107,0.9047,walking,walking,1,GREEN
107_3488,107,0.8902,walking,walking,1,GREEN
107_3489,107,0.9049,walking,walking,1,GREEN
107_3490,107,0.8899,walking,walking,1,GREEN
107_3491,107,0.9193,walking,walking,1,GREEN
107_3492,107,0.9523,walking,walking,1,GREEN
107_3493,107,0.7958,walking,walking,1,GREEN
107_3494,107,0.7899,walking,walking,1,GREEN
107_3495,107,0.5212,stairs_up,walking,0,YELLOW
107_3496,107,0.4809,vacuuming,walking,0,YELLOW
107_3497,107,0.1942,vacuuming,walking,0,RED
107_3498,107,0.2079,standing,walking,0,RED
107_3499,107,0.2868,standing,walking,0,RED
107_3500,107,0.3134,standing,walking,0,RED
107_3501,107,0.2345,standing,walking,0,RED
107_3502,107,0.2575,standing,walking,0,RED
107_3503,107,0.1819,sitting,walking,0,RED
107_3504,107,0.265,standing,walking,0,RED
107_3505,107,0.3951,ironing,walking,0,RED
107_3506,107,0.2371,nordic_walk,nordic_walk,1,RED
107_3507,107,0.3134,sitting,nordic_walk,0,RED
107_3508,107,0.3117,nordic_walk,nordic_walk,1,RED
107_3509,107,0.2926,standing,nordic_walk,0,RED
107_3510,107,0.3183,nordic_walk,nordic_walk,1,RED
107_3511,107,0.3327,sitting,nordic_walk,0,RED
107_3512,107,0.3239,nordic_walk,nordic_walk,1,RED
107_3513,107,0.2446,nordic_walk,nordic_walk,1,RED
107_3514,107,0.3145,nordic_walk,nordic_walk,1,RED
107_3515,107,0.3539,nordic_walk,nordic_walk,1,RED
107_3516,107,0.64,nordic_walk,nordic_walk,1,YELLOW
107_3517,107,0.8899,nordic_walk,nordic_walk,1,GREEN
107_3518,107,0.897,nordic_walk,nordic_walk,1,GREEN
107_3519,107,0.8549,nordic_walk,nordic_walk,1,GREEN
107_3520,107,0.9531,nordic_walk,nordic_walk,1,GREEN
107_3521,107,0.9789,nordic_walk,nordic_walk,1,GREEN
107_3522,107,0.9645,nordic_walk,nordic_walk,1,GREEN
107_3523,107,0.9702,nordic_walk,nordic_walk,1,GREEN
107_3524,107,0.8359,nordic_walk,nordic_walk,1,GREEN
107_3525,107,0.9519,nordic_walk,nordic_walk,1,GREEN
107_3526,107,0.9775,nordic_walk,nordic_walk,1,GREEN
107_3527,107,0.8437,nordic_walk,nordic_walk,1,GREEN
107_3528,107,0.9477,nordic_walk,nordic_walk,1,GREEN
107_3529,107,0.9903,nordic_walk,nordic_walk,1,GREEN
107_3530,107,0.991,nordic_walk,nordic_walk,1,GREEN
107_3531,107,0.9692,nordic_walk,nordic_walk,1,GREEN
107_3532,107,0.7959,nordic_walk,nordic_walk,1,GREEN
107_3533,107,0.9434,nordic_walk,nordic_walk,1,GREEN
107_3534,107,0.9673,nordic_walk,nordic_walk,1,GREEN
107_3535,107,0.9544,nordic_walk,nordic_walk,1,GREEN
107_3536,107,0.9559,nordic_walk,nordic_walk,1,GREEN
107_3537,107,0.8924,nordic_walk,nordic_walk,1,GREEN
107_3538,107,0.7737,nordic_walk,nordic_walk,1,GREEN
107_3539,107,0.9376,nordic_walk,nordic_walk,1,GREEN
107_3540,107,0.946,nordic_walk,nordic_walk,1,GREEN
107_3541,107,0.9962,nordic_walk,nordic_walk,1,GREEN
107_3542,107,0.9573,nordic_walk,nordic_walk,1,GREEN
107_3543,107,0.9503,nordic_walk,nordic_walk,1,GREEN
107_3544,107,0.9548,nordic_walk,nordic_walk,1,GREEN
107_3545,107,0.9364,nordic_walk,nordic_walk,1,GREEN
107_3546,107,0.7504,nordic_walk,nordic_walk,1,GREEN
107_3547,107,0.8406,nordic_walk,nordic_walk,1,GREEN
107_3548,107,0.9269,nordic_walk,nordic_walk,1,GREEN
107_3549,107,0.8839,nordic_walk,nordic_walk,1,GREEN
107_3550,107,0.9288,nordic_walk,nordic_walk,1,GREEN
107_3551,107,0.9165,nordic_walk,nordic_walk,1,GREEN
107_3552,107,0.9571,nordic_walk,nordic_walk,1,GREEN
107_3553,107,0.9615,nordic_walk,nordic_walk,1,GREEN
107_3554,107,0.9503,nordic_walk,nordic_walk,1,GREEN
107_3555,107,0.954,nordic_walk,nordic_walk,1,GREEN
107_3556,107,0.9057,nordic_walk,nordic_walk,1,GREEN
107_3557,107,0.9419,nordic_walk,nordic_walk,1,GREEN
107_3558,107,0.9436,nordic_walk,nordic_walk,1,GREEN
107_3559,107,0.9447,nordic_walk,nordic_walk,1,GREEN
107_3560,107,0.9426,nordic_walk,nordic_walk,1,GREEN
107_3561,107,0.7689,nordic_walk,nordic_walk,1,GREEN
107_3562,107,0.955,nordic_walk,nordic_walk,1,GREEN
107_3563,107,0.9795,nordic_walk,nordic_walk,1,GREEN
107_3564,107,0.8666,nordic_walk,nordic_walk,1,GREEN
107_3565,107,0.9746,nordic_walk,nordic_walk,1,GREEN
107_3566,107,0.9569,nordic_walk,nordic_walk,1,GREEN
107_3567,107,0.967,nordic_walk,nordic_walk,1,GREEN
107_3568,107,0.9366,nordic_walk,nordic_walk,1,GREEN
107_3569,107,0.9458,nordic_walk,nordic_walk,1,GREEN
107_3570,107,0.9582,nordic_walk,nordic_walk,1,GREEN
107_3571,107,0.9173,nordic_walk,nordic_walk,1,GREEN
107_3572,107,0.9436,nordic_walk,nordic_walk,1,GREEN
107_3573,107,0.9488,nordic_walk,nordic_walk,1,GREEN
107_3574,107,0.869,nordic_walk,nordic_walk,1,GREEN
107_3575,107,0.9429,nordic_walk,nordic_walk,1,GREEN
107_3576,107,0.9049,nordic_walk,nordic_walk,1,GREEN
107_3577,107,0.7847,nordic_walk,nordic_walk,1,GREEN
107_3578,107,0.9746,nordic_walk,nordic_walk,1,GREEN
107_3579,107,0.9393,nordic_walk,nordic_walk,1,GREEN
107_3580,107,0.8396,nordic_walk,nordic_walk,1,GREEN
107_3581,107,0.9321,nordic_walk,nordic_walk,1,GREEN
107_3582,107,0.9441,nordic_walk,nordic_walk,1,GREEN
107_3583,107,0.7589,nordic_walk,nordic_walk,1,GREEN
107_3584,107,0.9389,nordic_walk,nordic_walk,1,GREEN
107_3585,107,0.9138,nordic_walk,nordic_walk,1,GREEN
107_3586,107,0.9016,nordic_walk,nordic_walk,1,GREEN
107_3587,107,0.9706,nordic_walk,nordic_walk,1,GREEN
107_3588,107,0.962,nordic_walk,nordic_walk,1,GREEN
107_3589,107,0.9637,nordic_walk,nordic_walk,1,GREEN
107_3590,107,0.9658,nordic_walk,nordic_walk,1,GREEN
107_3591,107,0.9556,nordic_walk,nordic_walk,1,GREEN
107_3592,107,0.703,nordic_walk,nordic_walk,1,YELLOW
107_3593,107,0.9744,nordic_walk,nordic_walk,1,GREEN
107_3594,107,0.9295,nordic_walk,nordic_walk,1,GREEN
107_3595,107,0.7863,nordic_walk,nordic_walk,1,GREEN
107_3596,107,0.9898,nordic_walk,nordic_walk,1,GREEN
107_3597,107,0.9609,nordic_walk,nordic_walk,1,GREEN
107_3598,107,0.8124,nordic_walk,nordic_walk,1,GREEN
107_3599,107,0.7503,nordic_walk,nordic_walk,1,GREEN
107_3600,107,0.8944,nordic_walk,nordic_walk,1,GREEN
107_3601,107,0.9613,nordic_walk,nordic_walk,1,GREEN
107_3602,107,0.8604,nordic_walk,nordic_walk,1,GREEN
107_3603,107,0.9405,nordic_walk,nordic_walk,1,GREEN
107_3604,107,0.9739,nordic_walk,nordic_walk,1,GREEN
107_3605,107,0.7836,nordic_walk,nordic_walk,1,GREEN
107_3606,107,0.9436,nordic_walk,nordic_walk,1,GREEN
107_3607,107,0.9877,nordic_walk,nordic_walk,1,GREEN
107_3608,107,0.9873,nordic_walk,nordic_walk,1,GREEN
107_3609,107,0.9683,nordic_walk,nordic_walk,1,GREEN
107_3610,107,0.9321,nordic_walk,nordic_walk,1,GREEN
107_3611,107,0.9683,nordic_walk,nordic_walk,1,GREEN
107_3612,107,0.94,nordic_walk,nordic_walk,1,GREEN
107_3613,107,0.9445,nordic_walk,nordic_walk,1,GREEN
107_3614,107,0.7279,nordic_walk,nordic_walk,1,YELLOW
107_3615,107,0.8696,nordic_walk,nordic_walk,1,GREEN
107_3616,107,0.9284,nordic_walk,nordic_walk,1,GREEN
107_3617,107,0.6756,nordic_walk,nordic_walk,1,YELLOW
107_3618,107,0.9574,nordic_walk,nordic_walk,1,GREEN
107_3619,107,0.9287,nordic_walk,nordic_walk,1,GREEN
107_3620,107,0.9413,nordic_walk,nordic_walk,1,GREEN
107_3621,107,0.9408,nordic_walk,nordic_walk,1,GREEN
107_3622,107,0.934,nordic_walk,nordic_walk,1,GREEN
107_3623,107,0.8549,nordic_walk,nordic_walk,1,GREEN
107_3624,107,0.9727,nordic_walk,nordic_walk,1,GREEN
107_3625,107,0.9728,nordic_walk,nordic_walk,1,GREEN
107_3626,107,0.843,nordic_walk,nordic_walk,1,GREEN
107_3627,107,0.9734,nordic_walk,nordic_walk,1,GREEN
107_3628,107,0.9762,nordic_walk,nordic_walk,1,GREEN
107_3629,107,0.8102,nordic_walk,nordic_walk,1,GREEN
107_3630,107,0.917,nordic_walk,nordic_walk,1,GREEN
107_3631,107,0.9424,nordic_walk,nordic_walk,1,GREEN
107_3632,107,0.8141,nordic_walk,nordic_walk,1,GREEN
107_3633,107,0.9385,nordic_walk,nordic_walk,1,GREEN
107_3634,107,0.9304,nordic_walk,nordic_walk,1,GREEN
107_3635,107,0.9684,nordic_walk,nordic_walk,1,GREEN
107_3636,107,0.9423,nordic_walk,nordic_walk,1,GREEN
107_3637,107,0.8936,nordic_walk,nordic_walk,1,GREEN
107_3638,107,0.928,nordic_walk,nordic_walk,1,GREEN
107_3639,107,0.9306,nordic_walk,nordic_walk,1,GREEN
107_3640,107,0.8458,nordic_walk,nordic_walk,1,GREEN
107_3641,107,0.9306,nordic_walk,nordic_walk,1,GREEN
107_3642,107,0.945,nordic_walk,nordic_walk,1,GREEN
107_3643,107,0.8019,nordic_walk,nordic_walk,1,GREEN
107_3644,107,0.9573,nordic_walk,nordic_walk,1,GREEN
107_3645,107,0.9668,nordic_walk,nordic_walk,1,GREEN
107_3646,107,0.8262,nordic_walk,nordic_walk,1,GREEN
107_3647,107,0.9568,nordic_walk,nordic_walk,1,GREEN
107_3648,107,0.9743,nordic_walk,nordic_walk,1,GREEN
107_3649,107,0.8109,nordic_walk,nordic_walk,1,GREEN
107_3650,107,0.9534,nordic_walk,nordic_walk,1,GREEN
107_3651,107,0.8986,nordic_walk,nordic_walk,1,GREEN
107_3652,107,0.8606,nordic_walk,nordic_walk,1,GREEN
107_3653,107,0.9893,nordic_walk,nordic_walk,1,GREEN
107_3654,107,0.9343,nordic_walk,nordic_walk,1,GREEN
107_3655,107,0.7657,nordic_walk,nordic_walk,1,GREEN
107_3656,107,0.9293,nordic_walk,nordic_walk,1,GREEN
107_3657,107,0.9201,nordic_walk,nordic_walk,1,GREEN
107_3658,107,0.7453,nordic_walk,nordic_walk,1,YELLOW
107_3659,107,0.9941,nordic_walk,nordic_walk,1,GREEN
107_3660,107,0.9617,nordic_walk,nordic_walk,1,GREEN
107_3661,107,0.8436,nordic_walk,nordic_walk,1,GREEN
107_3662,107,0.9164,nordic_walk,nordic_walk,1,GREEN
107_3663,107,0.9644,nordic_walk,nordic_walk,1,GREEN
107_3664,107,0.838,nordic_walk,nordic_walk,1,GREEN
107_3665,107,0.9476,nordic_walk,nordic_walk,1,GREEN
107_3666,107,0.9597,nordic_walk,nordic_walk,1,GREEN
107_3667,107,0.8496,nordic_walk,nordic_walk,1,GREEN
107_3668,107,0.9364,nordic_walk,nordic_walk,1,GREEN
107_3669,107,0.9418,nordic_walk,nordic_walk,1,GREEN
107_3670,107,0.7101,nordic_walk,nordic_walk,1,YELLOW
107_3671,107,0.9556,nordic_walk,nordic_walk,1,GREEN
107_3672,107,0.9468,nordic_walk,nordic_walk,1,GREEN
107_3673,107,0.9616,nordic_walk,nordic_walk,1,GREEN
107_3674,107,0.734,nordic_walk,nordic_walk,1,YELLOW
107_3675,107,0.9418,nordic_walk,nordic_walk,1,GREEN
107_3676,107,0.9724,nordic_walk,nordic_walk,1,GREEN
107_3677,107,0.7287,nordic_walk,nordic_walk,1,YELLOW
107_3678,107,0.9637,nordic_walk,nordic_walk,1,GREEN
107_3679,107,0.9585,nordic_walk,nordic_walk,1,GREEN
107_3680,107,0.8482,nordic_walk,nordic_walk,1,GREEN
107_3681,107,0.983,nordic_walk,nordic_walk,1,GREEN
107_3682,107,0.9711,nordic_walk,nordic_walk,1,GREEN
107_3683,107,0.7642,nordic_walk,nordic_walk,1,GREEN
107_3684,107,0.8256,nordic_walk,nordic_walk,1,GREEN
107_3685,107,0.9598,nordic_walk,nordic_walk,1,GREEN
107_3686,107,0.9247,nordic_walk,nordic_walk,1,GREEN
107_3687,107,0.7366,nordic_walk,nordic_walk,1,YELLOW
107_3688,107,0.9285,nordic_walk,nordic_walk,1,GREEN
107_3689,107,0.9151,nordic_walk,nordic_walk,1,GREEN
107_3690,107,0.9541,nordic_walk,nordic_walk,1,GREEN
107_3691,107,0.9763,nordic_walk,nordic_walk,1,GREEN
107_3692,107,0.9823,nordic_walk,nordic_walk,1,GREEN
107_3693,107,0.8441,nordic_walk,nordic_walk,1,GREEN
107_3694,107,0.7948,nordic_walk,nordic_walk,1,GREEN
107_3695,107,0.9319,nordic_walk,nordic_walk,1,GREEN
107_3696,107,0.9442,nordic_walk,nordic_walk,1,GREEN
107_3697,107,0.7767,nordic_walk,nordic_walk,1,GREEN
107_3698,107,0.9879,nordic_walk,nordic_walk,1,GREEN
107_3699,107,0.9427,nordic_walk,nordic_walk,1,GREEN
107_3700,107,0.8328,nordic_walk,nordic_walk,1,GREEN
107_3701,107,0.9187,nordic_walk,nordic_walk,1,GREEN
107_3702,107,0.8822,nordic_walk,nordic_walk,1,GREEN
107_3703,107,0.7525,nordic_walk,nordic_walk,1,GREEN
107_3704,107,0.9345,nordic_walk,nordic_walk,1,GREEN
107_3705,107,0.9477,nordic_walk,nordic_walk,1,GREEN
107_3706,107,0.8108,nordic_walk,nordic_walk,1,GREEN
107_3707,107,0.9303,nordic_walk,nordic_walk,1,GREEN
107_3708,107,0.9322,nordic_walk,nordic_walk,1,GREEN
107_3709,107,0.987,nordic_walk,nordic_walk,1,GREEN
107_3710,107,0.9582,nordic_walk,nordic_walk,1,GREEN
107_3711,107,0.9022,nordic_walk,nordic_walk,1,GREEN
107_3712,107,0.9049,nordic_walk,nordic_walk,1,GREEN
107_3713,107,0.9279,nordic_walk,nordic_walk,1,GREEN
107_3714,107,0.9277,nordic_walk,nordic_walk,1,GREEN
107_3715,107,0.936,nordic_walk,nordic_walk,1,GREEN
107_3716,107,0.8379,nordic_walk,nordic_walk,1,GREEN
107_3717,107,0.9692,nordic_walk,nordic_walk,1,GREEN
107_3718,107,0.9307,nordic_walk,nordic_walk,1,GREEN
107_3719,107,0.8991,nordic_walk,nordic_walk,1,GREEN
107_3720,107,0.878,nordic_walk,nordic_walk,1,GREEN
107_3721,107,0.8864,nordic_walk,nordic_walk,1,GREEN
107_3722,107,0.9172,nordic_walk,nordic_walk,1,GREEN
107_3723,107,0.9448,nordic_walk,nordic_walk,1,GREEN
107_3724,107,0.9664,nordic_walk,nordic_walk,1,GREEN
107_3725,107,0.8564,nordic_walk,nordic_walk,1,GREEN
107_3726,107,0.9238,nordic_walk,nordic_walk,1,GREEN
107_3727,107,0.9652,nordic_walk,nordic_walk,1,GREEN
107_3728,107,0.9335,nordic_walk,nordic_walk,1,GREEN
107_3729,107,0.9095,nordic_walk,nordic_walk,1,GREEN
107_3730,107,0.9061,nordic_walk,nordic_walk,1,GREEN
107_3731,107,0.9765,nordic_walk,nordic_walk,1,GREEN
107_3732,107,0.9423,nordic_walk,nordic_walk,1,GREEN
107_3733,107,0.9469,nordic_walk,nordic_walk,1,GREEN
107_3734,107,0.9398,nordic_walk,nordic_walk,1,GREEN
107_3735,107,0.9086,nordic_walk,nordic_walk,1,GREEN
107_3736,107,0.9491,nordic_walk,nordic_walk,1,GREEN
107_3737,107,0.9515,nordic_walk,nordic_walk,1,GREEN
107_3738,107,0.934,nordic_walk,nordic_walk,1,GREEN
107_3739,107,0.8612,nordic_walk,nordic_walk,1,GREEN
107_3740,107,0.9569,nordic_walk,nordic_walk,1,GREEN
107_3741,107,0.9349,nordic_walk,nordic_walk,1,GREEN
107_3742,107,0.9081,nordic_walk,nordic_walk,1,GREEN
107_3743,107,0.9388,nordic_walk,nordic_walk,1,GREEN
107_3744,107,0.9102,nordic_walk,nordic_walk,1,GREEN
107_3745,107,0.9144,nordic_walk,nordic_walk,1,GREEN
107_3746,107,0.929,nordic_walk,nordic_walk,1,GREEN
107_3747,107,0.9117,nordic_walk,nordic_walk,1,GREEN
107_3748,107,0.7805,nordic_walk,nordic_walk,1,GREEN
107_3749,107,0.9693,nordic_walk,nordic_walk,1,GREEN
107_3750,107,0.958,nordic_walk,nordic_walk,1,GREEN
107_3751,107,0.9326,nordic_walk,nordic_walk,1,GREEN
107_3752,107,0.9295,nordic_walk,nordic_walk,1,GREEN
107_3753,107,0.9233,nordic_walk,nordic_walk,1,GREEN
107_3754,107,0.9286,nordic_walk,nordic_walk,1,GREEN
107_3755,107,0.9362,nordic_walk,nordic_walk,1,GREEN
107_3756,107,0.9377,nordic_walk,nordic_walk,1,GREEN
107_3757,107,0.8942,nordic_walk,nordic_walk,1,GREEN
107_3758,107,0.9847,nordic_walk,nordic_walk,1,GREEN
107_3759,107,0.9465,nordic_walk,nordic_walk,1,GREEN
107_3760,107,0.9485,nordic_walk,nordic_walk,1,GREEN
107_3761,107,0.929,nordic_walk,nordic_walk,1,GREEN
107_3762,107,0.8962,nordic_walk,nordic_walk,1,GREEN
107_3763,107,0.9156,nordic_walk,nordic_walk,1,GREEN
107_3764,107,0.8882,nordic_walk,nordic_walk,1,GREEN
107_3765,107,0.9588,nordic_walk,nordic_walk,1,GREEN
107_3766,107,0.9519,nordic_walk,nordic_walk,1,GREEN
107_3767,107,0.9383,nordic_walk,nordic_walk,1,GREEN
107_3768,107,0.9406,nordic_walk,nordic_walk,1,GREEN
107_3769,107,0.9209,nordic_walk,nordic_walk,1,GREEN
107_3770,107,0.8935,nordic_walk,nordic_walk,1,GREEN
107_3771,107,0.7872,nordic_walk,nordic_walk,1,GREEN
107_3772,107,0.9226,nordic_walk,nordic_walk,1,GREEN
107_3773,107,0.9063,nordic_walk,nordic_walk,1,GREEN
107_3774,107,0.9472,nordic_walk,nordic_walk,1,GREEN
107_3775,107,0.9167,nordic_walk,nordic_walk,1,GREEN
107_3776,107,0.9099,nordic_walk,nordic_walk,1,GREEN
107_3777,107,0.9115,nordic_walk,nordic_walk,1,GREEN
107_3778,107,0.9149,nordic_walk,nordic_walk,1,GREEN
107_3779,107,0.9612,nordic_walk,nordic_walk,1,GREEN
107_3780,107,0.885,nordic_walk,nordic_walk,1,GREEN
107_3781,107,0.9737,nordic_walk,nordic_walk,1,GREEN
107_3782,107,0.9321,nordic_walk,nordic_walk,1,GREEN
107_3783,107,0.6439,nordic_walk,nordic_walk,1,YELLOW
107_3784,107,0.9403,nordic_walk,nordic_walk,1,GREEN
107_3785,107,0.9061,nordic_walk,nordic_walk,1,GREEN
107_3786,107,0.7816,nordic_walk,nordic_walk,1,GREEN
107_3787,107,0.9886,nordic_walk,nordic_walk,1,GREEN
107_3788,107,0.963,nordic_walk,nordic_walk,1,GREEN
107_3789,107,0.9593,nordic_walk,nordic_walk,1,GREEN
107_3790,107,0.9327,nordic_walk,nordic_walk,1,GREEN
107_3791,107,0.884,nordic_walk,nordic_walk,1,GREEN
107_3792,107,0.9392,nordic_walk,nordic_walk,1,GREEN
107_3793,107,0.9082,nordic_walk,nordic_walk,1,GREEN
107_3794,107,0.6214,nordic_walk,nordic_walk,1,YELLOW
107_3795,107,0.9167,nordic_walk,nordic_walk,1,GREEN
107_3796,107,0.9132,nordic_walk,nordic_walk,1,GREEN
107_3797,107,0.7697,nordic_walk,nordic_walk,1,GREEN
107_3798,107,0.9864,nordic_walk,nordic_walk,1,GREEN
107_3799,107,0.9853,nordic_walk,nordic_walk,1,GREEN
107_3800,107,0.9649,nordic_walk,nordic_walk,1,GREEN
107_3801,107,0.8868,nordic_walk,nordic_walk,1,GREEN
107_3802,107,0.829,nordic_walk,nordic_walk,1,GREEN
107_3803,107,0.9479,nordic_walk,nordic_walk,1,GREEN
107_3804,107,0.907,nordic_walk,nordic_walk,1,GREEN
107_3805,107,0.8918,nordic_walk,nordic_walk,1,GREEN
107_3806,107,0.8881,nordic_walk,nordic_walk,1,GREEN
107_3807,107,0.8197,nordic_walk,nordic_walk,1,GREEN
107_3808,107,0.9537,nordic_walk,nordic_walk,1,GREEN
107_3809,107,0.9462,nordic_walk,nordic_walk,1,GREEN
107_3810,107,0.8228,nordic_walk,nordic_walk,1,GREEN
107_3811,107,0.9335,nordic_walk,nordic_walk,1,GREEN
107_3812,107,0.9002,nordic_walk,nordic_walk,1,GREEN
107_3813,107,0.9305,nordic_walk,nordic_walk,1,GREEN
107_3814,107,0.9094,nordic_walk,nordic_walk,1,GREEN
107_3815,107,0.8141,nordic_walk,nordic_walk,1,GREEN
107_3816,107,0.949,nordic_walk,nordic_walk,1,GREEN
107_3817,107,0.9139,nordic_walk,nordic_walk,1,GREEN
107_3818,107,0.9093,nordic_walk,nordic_walk,1,GREEN
107_3819,107,0.8611,nordic_walk,nordic_walk,1,GREEN
107_3820,107,0.8242,nordic_walk,nordic_walk,1,GREEN
107_3821,107,0.8083,nordic_walk,nordic_walk,1,GREEN
107_3822,107,0.9232,nordic_walk,nordic_walk,1,GREEN
107_3823,107,0.9203,nordic_walk,nordic_walk,1,GREEN
107_3824,107,0.954,nordic_walk,nordic_walk,1,GREEN
107_3825,107,0.9297,nordic_walk,nordic_walk,1,GREEN
107_3826,107,0.9267,nordic_walk,nordic_walk,1,GREEN
107_3827,107,0.9529,nordic_walk,nordic_walk,1,GREEN
107_3828,107,0.9237,nordic_walk,nordic_walk,1,GREEN
107_3829,107,0.9786,nordic_walk,nordic_walk,1,GREEN
107_3830,107,0.9684,nordic_walk,nordic_walk,1,GREEN
107_3831,107,0.9512,nordic_walk,nordic_walk,1,GREEN
107_3832,107,0.9223,nordic_walk,nordic_walk,1,GREEN
107_3833,107,0.9062,nordic_walk,nordic_walk,1,GREEN
107_3834,107,0.9077,nordic_walk,nordic_walk,1,GREEN
107_3835,107,0.8767,nordic_walk,nordic_walk,1,GREEN
107_3836,107,0.9677,nordic_walk,nordic_walk,1,GREEN
107_3837,107,0.916,nordic_walk,nordic_walk,1,GREEN
107_3838,107,0.9127,nordic_walk,nordic_walk,1,GREEN
107_3839,107,0.9449,nordic_walk,nordic_walk,1,GREEN
107_3840,107,0.9278,nordic_walk,nordic_walk,1,GREEN
107_3841,107,0.927,nordic_walk,nordic_walk,1,GREEN
107_3842,107,0.8506,nordic_walk,nordic_walk,1,GREEN
107_3843,107,0.9288,nordic_walk,nordic_walk,1,GREEN
107_3844,107,0.9448,nordic_walk,nordic_walk,1,GREEN
107_3845,107,0.9138,nordic_walk,nordic_walk,1,GREEN
107_3846,107,0.9388,nordic_walk,nordic_walk,1,GREEN
107_3847,107,0.8236,nordic_walk,nordic_walk,1,GREEN
107_3848,107,0.9433,nordic_walk,nordic_walk,1,GREEN
107_3849,107,0.9403,nordic_walk,nordic_walk,1,GREEN
107_3850,107,0.7872,nordic_walk,nordic_walk,1,GREEN
107_3851,107,0.9663,nordic_walk,nordic_walk,1,GREEN
107_3852,107,0.9387,nordic_walk,nordic_walk,1,GREEN
107_3853,107,0.9298,nordic_walk,nordic_walk,1,GREEN
107_3854,107,0.955,nordic_walk,nordic_walk,1,GREEN
107_3855,107,0.8669,nordic_walk,nordic_walk,1,GREEN
107_3856,107,0.9506,nordic_walk,nordic_walk,1,GREEN
107_3857,107,0.9506,nordic_walk,nordic_walk,1,GREEN
107_3858,107,0.9454,nordic_walk,nordic_walk,1,GREEN
107_3859,107,0.9296,nordic_walk,nordic_walk,1,GREEN
107_3860,107,0.7988,nordic_walk,nordic_walk,1,GREEN
107_3861,107,0.9002,nordic_walk,nordic_walk,1,GREEN
107_3862,107,0.9038,nordic_walk,nordic_walk,1,GREEN
107_3863,107,0.7856,nordic_walk,nordic_walk,1,GREEN
107_3864,107,0.9708,nordic_walk,nordic_walk,1,GREEN
107_3865,107,0.9589,nordic_walk,nordic_walk,1,GREEN
107_3866,107,0.9565,nordic_walk,nordic_walk,1,GREEN
107_3867,107,0.926,nordic_walk,nordic_walk,1,GREEN
107_3868,107,0.8543,nordic_walk,nordic_walk,1,GREEN
107_3869,107,0.9542,nordic_walk,nordic_walk,1,GREEN
107_3870,107,0.9299,nordic_walk,nordic_walk,1,GREEN
107_3871,107,0.9406,nordic_walk,nordic_walk,1,GREEN
107_3872,107,0.9477,nordic_walk,nordic_walk,1,GREEN
107_3873,107,0.917,nordic_walk,nordic_walk,1,GREEN
107_3874,107,0.9414,nordic_walk,nordic_walk,1,GREEN
107_3875,107,0.8196,nordic_walk,nordic_walk,1,GREEN
107_3876,107,0.8892,nordic_walk,nordic_walk,1,GREEN
107_3877,107,0.8793,nordic_walk,nordic_walk,1,GREEN
107_3878,107,0.9179,nordic_walk,nordic_walk,1,GREEN
107_3879,107,0.8643,nordic_walk,nordic_walk,1,GREEN
107_3880,107,0.8412,nordic_walk,nordic_walk,1,GREEN
107_3881,107,0.885,nordic_walk,nordic_walk,1,GREEN
107_3882,107,0.9534,nordic_walk,nordic_walk,1,GREEN
107_3883,107,0.9513,nordic_walk,nordic_walk,1,GREEN
107_3884,107,0.9492,nordic_walk,nordic_walk,1,GREEN
107_3885,107,0.9578,nordic_walk,nordic_walk,1,GREEN
107_3886,107,0.9488,nordic_walk,nordic_walk,1,GREEN
107_3887,107,0.9086,nordic_walk,nordic_walk,1,GREEN
107_3888,107,0.8476,nordic_walk,nordic_walk,1,GREEN
107_3889,107,0.9545,nordic_walk,nordic_walk,1,GREEN
107_3890,107,0.924,nordic_walk,nordic_walk,1,GREEN
107_3891,107,0.9234,nordic_walk,nordic_walk,1,GREEN
107_3892,107,0.9494,nordic_walk,nordic_walk,1,GREEN
107_3893,107,0.9127,nordic_walk,nordic_walk,1,GREEN
107_3894,107,0.8996,nordic_walk,nordic_walk,1,GREEN
107_3895,107,0.7956,nordic_walk,nordic_walk,1,GREEN
107_3896,107,0.9011,nordic_walk,nordic_walk,1,GREEN
107_3897,107,0.8918,nordic_walk,nordic_walk,1,GREEN
107_3898,107,0.9588,nordic_walk,nordic_walk,1,GREEN
107_3899,107,0.9141,nordic_walk,nordic_walk,1,GREEN
107_3900,107,0.7315,nordic_walk,nordic_walk,1,YELLOW
107_3901,107,0.9795,nordic_walk,nordic_walk,1,GREEN
107_3902,107,0.9382,nordic_walk,nordic_walk,1,GREEN
107_3903,107,0.8287,nordic_walk,nordic_walk,1,GREEN
107_3904,107,0.9732,nordic_walk,nordic_walk,1,GREEN
107_3905,107,0.929,nordic_walk,nordic_walk,1,GREEN
107_3906,107,0.8294,nordic_walk,nordic_walk,1,GREEN
107_3907,107,0.9442,nordic_walk,nordic_walk,1,GREEN
107_3908,107,0.9496,nordic_walk,nordic_walk,1,GREEN
107_3909,107,0.9809,nordic_walk,nordic_walk,1,GREEN
107_3910,107,0.9374,nordic_walk,nordic_walk,1,GREEN
107_3911,107,0.7829,nordic_walk,nordic_walk,1,GREEN
107_3912,107,0.9412,nordic_walk,nordic_walk,1,GREEN
107_3913,107,0.9453,nordic_walk,nordic_walk,1,GREEN
107_3914,107,0.8282,nordic_walk,nordic_walk,1,GREEN
107_3915,107,0.9759,nordic_walk,nordic_walk,1,GREEN
107_3916,107,0.9231,nordic_walk,nordic_walk,1,GREEN
107_3917,107,0.9464,nordic_walk,nordic_walk,1,GREEN
107_3918,107,0.965,nordic_walk,nordic_walk,1,GREEN
107_3919,107,0.8677,nordic_walk,nordic_walk,1,GREEN
107_3920,107,0.9569,nordic_walk,nordic_walk,1,GREEN
107_3921,107,0.9278,nordic_walk,nordic_walk,1,GREEN
107_3922,107,0.9251,nordic_walk,nordic_walk,1,GREEN
107_3923,107,0.942,nordic_walk,nordic_walk,1,GREEN
107_3924,107,0.9106,nordic_walk,nordic_walk,1,GREEN
107_3925,107,0.8981,nordic_walk,nordic_walk,1,GREEN
107_3926,107,0.8123,nordic_walk,nordic_walk,1,GREEN
107_3927,107,0.7376,nordic_walk,nordic_walk,1,YELLOW
107_3928,107,0.8543,nordic_walk,nordic_walk,1,GREEN
107_3929,107,0.9236,nordic_walk,nordic_walk,1,GREEN
107_3930,107,0.8155,nordic_walk,nordic_walk,1,GREEN
107_3931,107,0.968,nordic_walk,nordic_walk,1,GREEN
107_3932,107,0.9773,nordic_walk,nordic_walk,1,GREEN
107_3933,107,0.9477,nordic_walk,nordic_walk,1,GREEN
107_3934,107,0.9086,nordic_walk,nordic_walk,1,GREEN
107_3935,107,0.8246,nordic_walk,nordic_walk,1,GREEN
107_3936,107,0.9273,nordic_walk,nordic_walk,1,GREEN
107_3937,107,0.9102,nordic_walk,nordic_walk,1,GREEN
107_3938,107,0.7315,nordic_walk,nordic_walk,1,YELLOW
107_3939,107,0.9612,nordic_walk,nordic_walk,1,GREEN
107_3940,107,0.9367,nordic_walk,nordic_walk,1,GREEN
107_3941,107,0.856,nordic_walk,nordic_walk,1,GREEN
107_3942,107,0.97,nordic_walk,nordic_walk,1,GREEN
107_3943,107,0.9596,nordic_walk,nordic_walk,1,GREEN
107_3944,107,0.8869,nordic_walk,nordic_walk,1,GREEN
107_3945,107,0.944,nordic_walk,nordic_walk,1,GREEN
107_3946,107,0.958,nordic_walk,nordic_walk,1,GREEN
107_3947,107,0.6934,nordic_walk,nordic_walk,1,YELLOW
107_3948,107,0.9403,nordic_walk,nordic_walk,1,GREEN
107_3949,107,0.9075,nordic_walk,nordic_walk,1,GREEN
107_3950,107,0.8264,nordic_walk,nordic_walk,1,GREEN
107_3951,107,0.943,nordic_walk,nordic_walk,1,GREEN
107_3952,107,0.9453,nordic_walk,nordic_walk,1,GREEN
107_3953,107,0.94,nordic_walk,nordic_walk,1,GREEN
107_3954,107,0.981,nordic_walk,nordic_walk,1,GREEN
107_3955,107,0.9859,nordic_walk,nordic_walk,1,GREEN
107_3956,107,0.938,nordic_walk,nordic_walk,1,GREEN
107_3957,107,0.8894,nordic_walk,nordic_walk,1,GREEN
107_3958,107,0.9715,nordic_walk,nordic_walk,1,GREEN
107_3959,107,0.9472,nordic_walk,nordic_walk,1,GREEN
107_3960,107,0.9266,nordic_walk,nordic_walk,1,GREEN
107_3961,107,0.9461,nordic_walk,nordic_walk,1,GREEN
107_3962,107,0.7973,nordic_walk,nordic_walk,1,GREEN
107_3963,107,0.8916,nordic_walk,nordic_walk,1,GREEN
107_3964,107,0.8978,nordic_walk,nordic_walk,1,GREEN
107_3965,107,0.818,nordic_walk,nordic_walk,1,GREEN
107_3966,107,0.9343,nordic_walk,nordic_walk,1,GREEN
107_3967,107,0.9055,nordic_walk,nordic_walk,1,GREEN
107_3968,107,0.8432,nordic_walk,nordic_walk,1,GREEN
107_3969,107,0.9522,nordic_walk,nordic_walk,1,GREEN
107_3970,107,0.9237,nordic_walk,nordic_walk,1,GREEN
107_3971,107,0.9393,nordic_walk,nordic_walk,1,GREEN
107_3972,107,0.9465,nordic_walk,nordic_walk,1,GREEN
107_3973,107,0.9343,nordic_walk,nordic_walk,1,GREEN
107_3974,107,0.9714,nordic_walk,nordic_walk,1,GREEN
107_3975,107,0.876,nordic_walk,nordic_walk,1,GREEN
107_3976,107,0.9331,nordic_walk,nordic_walk,1,GREEN
107_3977,107,0.9358,nordic_walk,nordic_walk,1,GREEN
107_3978,107,0.9269,nordic_walk,nordic_walk,1,GREEN
107_3979,107,0.9303,nordic_walk,nordic_walk,1,GREEN
107_3980,107,0.7845,nordic_walk,nordic_walk,1,GREEN
107_3981,107,0.9038,nordic_walk,nordic_walk,1,GREEN
107_3982,107,0.9417,nordic_walk,nordic_walk,1,GREEN
107_3983,107,0.802,nordic_walk,nordic_walk,1,GREEN
107_3984,107,0.9483,nordic_walk,nordic_walk,1,GREEN
107_3985,107,0.9474,nordic_walk,nordic_walk,1,GREEN
107_3986,107,0.8617,nordic_walk,nordic_walk,1,GREEN
107_3987,107,0.9582,nordic_walk,nordic_walk,1,GREEN
107_3988,107,0.9787,nordic_walk,nordic_walk,1,GREEN
107_3989,107,0.9848,nordic_walk,nordic_walk,1,GREEN
107_3990,107,0.9822,nordic_walk,nordic_walk,1,GREEN
107_3991,107,0.9876,nordic_walk,nordic_walk,1,GREEN
107_3992,107,0.9715,nordic_walk,nordic_walk,1,GREEN
107_3993,107,0.8849,nordic_walk,nordic_walk,1,GREEN
107_3994,107,0.9743,nordic_walk,nordic_walk,1,GREEN
107_3995,107,0.9267,nordic_walk,nordic_walk,1,GREEN
107_3996,107,0.7787,nordic_walk,nordic_walk,1,GREEN
107_3997,107,0.9654,nordic_walk,nordic_walk,1,GREEN
107_3998,107,0.9643,nordic_walk,nordic_walk,1,GREEN
107_3999,107,0.7859,nordic_walk,nordic_walk,1,GREEN
107_4000,107,0.9783,nordic_walk,nordic_walk,1,GREEN
107_4001,107,0.9518,nordic_walk,nordic_walk,1,GREEN
107_4002,107,0.9668,nordic_walk,nordic_walk,1,GREEN
107_4003,107,0.984,nordic_walk,nordic_walk,1,GREEN
107_4004,107,0.8623,nordic_walk,nordic_walk,1,GREEN
107_4005,107,0.9941,nordic_walk,nordic_walk,1,GREEN
107_4006,107,0.972,nordic_walk,nordic_walk,1,GREEN
107_4007,107,0.9349,nordic_walk,nordic_walk,1,GREEN
107_4008,107,0.939,nordic_walk,nordic_walk,1,GREEN
107_4009,107,0.9755,nordic_walk,nordic_walk,1,GREEN
107_4010,107,0.9473,nordic_walk,nordic_walk,1,GREEN
107_4011,107,0.9047,nordic_walk,nordic_walk,1,GREEN
107_4012,107,0.9665,nordic_walk,nordic_walk,1,GREEN
107_4013,107,0.9648,nordic_walk,nordic_walk,1,GREEN
107_4014,107,0.9462,nordic_walk,nordic_walk,1,GREEN
107_4015,107,0.9683,nordic_walk,nordic_walk,1,GREEN
107_4016,107,0.9733,nordic_walk,nordic_walk,1,GREEN
107_4017,107,0.979,nordic_walk,nordic_walk,1,GREEN
107_4018,107,0.9771,nordic_walk,nordic_walk,1,GREEN
107_4019,107,0.9796,nordic_walk,nordic_walk,1,GREEN
107_4020,107,0.8886,nordic_walk,nordic_walk,1,GREEN
107_4021,107,0.9275,nordic_walk,nordic_walk,1,GREEN
107_4022,107,0.9595,nordic_walk,nordic_walk,1,GREEN
107_4023,107,0.9447,nordic_walk,nordic_walk,1,GREEN
107_4024,107,0.933,nordic_walk,nordic_walk,1,GREEN
107_4025,107,0.9504,nordic_walk,nordic_walk,1,GREEN
107_4026,107,0.9611,nordic_walk,nordic_walk,1,GREEN
107_4027,107,0.9291,nordic_walk,nordic_walk,1,GREEN
107_4028,107,0.9745,nordic_walk,nordic_walk,1,GREEN
107_4029,107,0.9786,nordic_walk,nordic_walk,1,GREEN
107_4030,107,0.9509,nordic_walk,nordic_walk,1,GREEN
107_4031,107,0.9866,nordic_walk,nordic_walk,1,GREEN
107_4032,107,0.9886,nordic_walk,nordic_walk,1,GREEN
107_4033,107,0.9768,nordic_walk,nordic_walk,1,GREEN
107_4034,107,0.9514,nordic_walk,nordic_walk,1,GREEN
107_4035,107,0.9698,nordic_walk,nordic_walk,1,GREEN
107_4036,107,0.8816,nordic_walk,nordic_walk,1,GREEN
107_4037,107,0.9132,nordic_walk,nordic_walk,1,GREEN
107_4038,107,0.9394,nordic_walk,nordic_walk,1,GREEN
107_4039,107,0.9248,nordic_walk,nordic_walk,1,GREEN
107_4040,107,0.9419,nordic_walk,nordic_walk,1,GREEN
107_4041,107,0.9317,nordic_walk,nordic_walk,1,GREEN
107_4042,107,0.9261,nordic_walk,nordic_walk,1,GREEN
107_4043,107,0.9601,nordic_walk,nordic_walk,1,GREEN
107_4044,107,0.9787,nordic_walk,nordic_walk,1,GREEN
107_4045,107,0.9398,nordic_walk,nordic_walk,1,GREEN
107_4046,107,0.9467,nordic_walk,nordic_walk,1,GREEN
107_4047,107,0.9836,nordic_walk,nordic_walk,1,GREEN
107_4048,107,0.9796,nordic_walk,nordic_walk,1,GREEN
107_4049,107,0.9594,nordic_walk,nordic_walk,1,GREEN
107_4050,107,0.977,nordic_walk,nordic_walk,1,GREEN
107_4051,107,0.9671,nordic_walk,nordic_walk,1,GREEN
107_4052,107,0.9032,nordic_walk,nordic_walk,1,GREEN
107_4053,107,0.9503,nordic_walk,nordic_walk,1,GREEN
107_4054,107,0.9724,nordic_walk,nordic_walk,1,GREEN
107_4055,107,0.9627,nordic_walk,nordic_walk,1,GREEN
107_4056,107,0.9699,nordic_walk,nordic_walk,1,GREEN
107_4057,107,0.9908,nordic_walk,nordic_walk,1,GREEN
107_4058,107,0.9889,nordic_walk,nordic_walk,1,GREEN
107_4059,107,0.9618,nordic_walk,nordic_walk,1,GREEN
107_4060,107,0.9659,nordic_walk,nordic_walk,1,GREEN
107_4061,107,0.8702,nordic_walk,nordic_walk,1,GREEN
107_4062,107,0.9199,nordic_walk,nordic_walk,1,GREEN
107_4063,107,0.8784,nordic_walk,nordic_walk,1,GREEN
107_4064,107,0.331,stairs_down,nordic_walk,0,RED
107_4065,107,0.5122,stairs_down,nordic_walk,0,YELLOW
107_4066,107,0.3971,vacuuming,nordic_walk,0,RED
107_4067,107,0.3069,ironing,nordic_walk,0,RED
107_4068,107,0.2754,running,nordic_walk,0,RED
107_4069,107,0.3163,running,nordic_walk,0,RED
107_4070,107,0.4371,running,nordic_walk,0,RED
107_4071,107,0.4374,running,nordic_walk,0,RED
107_4072,107,0.305,running,nordic_walk,0,RED
107_4073,107,0.6192,cycling,cycling,1,YELLOW
107_4074,107,0.6222,cycling,cycling,1,YELLOW
107_4075,107,0.5898,cycling,cycling,1,YELLOW
107_4076,107,0.5563,cycling,cycling,1,YELLOW
107_4077,107,0.5248,cycling,cycling,1,YELLOW
107_4078,107,0.4951,cycling,cycling,1,YELLOW
107_4079,107,0.5901,cycling,cycling,1,YELLOW
107_4080,107,0.5683,cycling,cycling,1,YELLOW
107_4081,107,0.4876,cycling,cycling,1,YELLOW
107_4082,107,0.494,cycling,cycling,1,YELLOW
107_4083,107,0.5362,cycling,cycling,1,YELLOW
107_4084,107,0.5285,cycling,cycling,1,YELLOW
107_4085,107,0.5615,cycling,cycling,1,YELLOW
107_4086,107,0.5805,cycling,cycling,1,YELLOW
107_4087,107,0.7075,cycling,cycling,1,YELLOW
107_4088,107,0.6546,cycling,cycling,1,YELLOW
107_4089,107,0.8679,cycling,cycling,1,GREEN
107_4090,107,0.8874,cycling,cycling,1,GREEN
107_4091,107,0.6778,cycling,cycling,1,YELLOW
107_4092,107,0.6811,cycling,cycling,1,YELLOW
107_4093,107,0.7598,cycling,cycling,1,GREEN
107_4094,107,0.6941,cycling,cycling,1,YELLOW
107_4095,107,0.8105,cycling,cycling,1,GREEN
107_4096,107,0.8476,cycling,cycling,1,GREEN
107_4097,107,0.882,cycling,cycling,1,GREEN
107_4098,107,0.912,cycling,cycling,1,GREEN
107_4099,107,0.8953,cycling,cycling,1,GREEN
107_4100,107,0.8756,cycling,cycling,1,GREEN
107_4101,107,0.91,cycling,cycling,1,GREEN
107_4102,107,0.8598,cycling,cycling,1,GREEN
107_4103,107,0.6894,cycling,cycling,1,YELLOW
107_4104,107,0.7671,cycling,cycling,1,GREEN
107_4105,107,0.8694,cycling,cycling,1,GREEN
107_4106,107,0.8769,cycling,cycling,1,GREEN
107_4107,107,0.8179,cycling,cycling,1,GREEN
107_4108,107,0.9313,cycling,cycling,1,GREEN
107_4109,107,0.9438,cycling,cycling,1,GREEN
107_4110,107,0.9392,cycling,cycling,1,GREEN
107_4111,107,0.9478,cycling,cycling,1,GREEN
107_4112,107,0.9645,cycling,cycling,1,GREEN
107_4113,107,0.9728,cycling,cycling,1,GREEN
107_4114,107,0.9142,cycling,cycling,1,GREEN
107_4115,107,0.9117,cycling,cycling,1,GREEN
107_4116,107,0.9885,cycling,cycling,1,GREEN
107_4117,107,0.997,cycling,cycling,1,GREEN
107_4118,107,0.997,cycling,cycling,1,GREEN
107_4119,107,0.9984,cycling,cycling,1,GREEN
107_4120,107,0.997,cycling,cycling,1,GREEN
107_4121,107,0.991,cycling,cycling,1,GREEN
107_4122,107,0.9873,cycling,cycling,1,GREEN
107_4123,107,0.9985,cycling,cycling,1,GREEN
107_4124,107,1.0,cycling,cycling,1,GREEN
107_4125,107,0.9996,cycling,cycling,1,GREEN
107_4126,107,0.9992,cycling,cycling,1,GREEN
107_4127,107,0.996,cycling,cycling,1,GREEN
107_4128,107,0.9926,cycling,cycling,1,GREEN
107_4129,107,0.9951,cycling,cycling,1,GREEN
107_4130,107,0.9881,cycling,cycling,1,GREEN
107_4131,107,0.9907,cycling,cycling,1,GREEN
107_4132,107,1.0,cycling,cycling,1,GREEN
107_4133,107,0.9955,cycling,cycling,1,GREEN
107_4134,107,0.9911,cycling,cycling,1,GREEN
107_4135,107,0.9955,cycling,cycling,1,GREEN
107_4136,107,0.9911,cycling,cycling,1,GREEN
107_4137,107,0.9921,cycling,cycling,1,GREEN
107_4138,107,0.9955,cycling,cycling,1,GREEN
107_4139,107,0.995,cycling,cycling,1,GREEN
107_4140,107,0.997,cycling,cycling,1,GREEN
107_4141,107,0.9984,cycling,cycling,1,GREEN
107_4142,107,0.9966,cycling,cycling,1,GREEN
107_4143,107,0.9951,cycling,cycling,1,GREEN
107_4144,107,0.9981,cycling,cycling,1,GREEN
107_4145,107,0.9911,cycling,cycling,1,GREEN
107_4146,107,0.9926,cycling,cycling,1,GREEN
107_4147,107,0.994,cycling,cycling,1,GREEN
107_4148,107,0.997,cycling,cycling,1,GREEN
107_4149,107,0.994,cycling,cycling,1,GREEN
107_4150,107,0.9955,cycling,cycling,1,GREEN
107_4151,107,0.993,cycling,cycling,1,GREEN
107_4152,107,0.997,cycling,cycling,1,GREEN
107_4153,107,0.994,cycling,cycling,1,GREEN
107_4154,107,0.9643,cycling,cycling,1,GREEN
107_4155,107,0.9507,cycling,cycling,1,GREEN
107_4156,107,0.9689,cycling,cycling,1,GREEN
107_4157,107,0.995,cycling,cycling,1,GREEN
107_4158,107,0.9921,cycling,cycling,1,GREEN
107_4159,107,0.9415,cycling,cycling,1,GREEN
107_4160,107,0.9529,cycling,cycling,1,GREEN
107_4161,107,0.9642,cycling,cycling,1,GREEN
107_4162,107,0.931,cycling,cycling,1,GREEN
107_4163,107,0.9314,cycling,cycling,1,GREEN
107_4164,107,0.9244,cycling,cycling,1,GREEN
107_4165,107,0.8857,cycling,cycling,1,GREEN
107_4166,107,0.9328,cycling,cycling,1,GREEN
107_4167,107,0.9728,cycling,cycling,1,GREEN
107_4168,107,0.9965,cycling,cycling,1,GREEN
107_4169,107,0.9985,cycling,cycling,1,GREEN
107_4170,107,0.9916,cycling,cycling,1,GREEN
107_4171,107,0.9959,cycling,cycling,1,GREEN
107_4172,107,0.9963,cycling,cycling,1,GREEN
107_4173,107,0.9963,cycling,cycling,1,GREEN
107_4174,107,0.9818,cycling,cycling,1,GREEN
107_4175,107,0.9911,cycling,cycling,1,GREEN
107_4176,107,0.9918,cycling,cycling,1,GREEN
107_4177,107,0.9901,cycling,cycling,1,GREEN
107_4178,107,1.0,cycling,cycling,1,GREEN
107_4179,107,1.0,cycling,cycling,1,GREEN
107_4180,107,0.9918,cycling,cycling,1,GREEN
107_4181,107,0.9941,cycling,cycling,1,GREEN
107_4182,107,0.997,cycling,cycling,1,GREEN
107_4183,107,1.0,cycling,cycling,1,GREEN
107_4184,107,1.0,cycling,cycling,1,GREEN
107_4185,107,0.9978,cycling,cycling,1,GREEN
107_4186,107,1.0,cycling,cycling,1,GREEN
107_4187,107,0.9985,cycling,cycling,1,GREEN
107_4188,107,0.9985,cycling,cycling,1,GREEN
107_4189,107,1.0,cycling,cycling,1,GREEN
107_4190,107,0.9985,cycling,cycling,1,GREEN
107_4191,107,0.9906,cycling,cycling,1,GREEN
107_4192,107,0.9904,cycling,cycling,1,GREEN
107_4193,107,0.9956,cycling,cycling,1,GREEN
107_4194,107,1.0,cycling,cycling,1,GREEN
107_4195,107,1.0,cycling,cycling,1,GREEN
107_4196,107,0.9985,cycling,cycling,1,GREEN
107_4197,107,1.0,cycling,cycling,1,GREEN
107_4198,107,0.9985,cycling,cycling,1,GREEN
107_4199,107,0.9944,cycling,cycling,1,GREEN
107_4200,107,0.9952,cycling,cycling,1,GREEN
107_4201,107,0.9911,cycling,cycling,1,GREEN
107_4202,107,0.9985,cycling,cycling,1,GREEN
107_4203,107,1.0,cycling,cycling,1,GREEN
107_4204,107,0.9939,cycling,cycling,1,GREEN
107_4205,107,0.9829,cycling,cycling,1,GREEN
107_4206,107,0.9847,cycling,cycling,1,GREEN
107_4207,107,0.9948,cycling,cycling,1,GREEN
107_4208,107,1.0,cycling,cycling,1,GREEN
107_4209,107,1.0,cycling,cycling,1,GREEN
107_4210,107,0.9974,cycling,cycling,1,GREEN
107_4211,107,0.9736,cycling,cycling,1,GREEN
107_4212,107,0.9762,cycling,cycling,1,GREEN
107_4213,107,0.9557,cycling,cycling,1,GREEN
107_4214,107,0.945,cycling,cycling,1,GREEN
107_4215,107,0.9224,cycling,cycling,1,GREEN
107_4216,107,0.9804,cycling,cycling,1,GREEN
107_4217,107,0.9908,cycling,cycling,1,GREEN
107_4218,107,0.9884,cycling,cycling,1,GREEN
107_4219,107,0.9922,cycling,cycling,1,GREEN
107_4220,107,0.9921,cycling,cycling,1,GREEN
107_4221,107,0.9864,cycling,cycling,1,GREEN
107_4222,107,0.987,cycling,cycling,1,GREEN
107_4223,107,0.994,cycling,cycling,1,GREEN
107_4224,107,1.0,cycling,cycling,1,GREEN
107_4225,107,1.0,cycling,cycling,1,GREEN
107_4226,107,0.9992,cycling,cycling,1,GREEN
107_4227,107,0.9992,cycling,cycling,1,GREEN
107_4228,107,0.997,cycling,cycling,1,GREEN
107_4229,107,0.9992,cycling,cycling,1,GREEN
107_4230,107,0.9911,cycling,cycling,1,GREEN
107_4231,107,1.0,cycling,cycling,1,GREEN
107_4232,107,0.9926,cycling,cycling,1,GREEN
107_4233,107,0.9896,cycling,cycling,1,GREEN
107_4234,107,0.9985,cycling,cycling,1,GREEN
107_4235,107,0.9985,cycling,cycling,1,GREEN
107_4236,107,0.9999,cycling,cycling,1,GREEN
107_4237,107,0.9992,cycling,cycling,1,GREEN
107_4238,107,0.9896,cycling,cycling,1,GREEN
107_4239,107,0.9911,cycling,cycling,1,GREEN
107_4240,107,0.9938,cycling,cycling,1,GREEN
107_4241,107,0.989,cycling,cycling,1,GREEN
107_4242,107,0.9965,cycling,cycling,1,GREEN
107_4243,107,0.9985,cycling,cycling,1,GREEN
107_4244,107,0.997,cycling,cycling,1,GREEN
107_4245,107,0.9933,cycling,cycling,1,GREEN
107_4246,107,0.9924,cycling,cycling,1,GREEN
107_4247,107,0.9916,cycling,cycling,1,GREEN
107_4248,107,0.9985,cycling,cycling,1,GREEN
107_4249,107,1.0,cycling,cycling,1,GREEN
107_4250,107,1.0,cycling,cycling,1,GREEN
107_4251,107,0.9974,cycling,cycling,1,GREEN
107_4252,107,0.997,cycling,cycling,1,GREEN
107_4253,107,0.9926,cycling,cycling,1,GREEN
107_4254,107,0.9852,cycling,cycling,1,GREEN
107_4255,107,0.9955,cycling,cycling,1,GREEN
107_4256,107,0.997,cycling,cycling,1,GREEN
107_4257,107,0.997,cycling,cycling,1,GREEN
107_4258,107,0.9985,cycling,cycling,1,GREEN
107_4259,107,1.0,cycling,cycling,1,GREEN
107_4260,107,0.9963,cycling,cycling,1,GREEN
107_4261,107,0.9559,cycling,cycling,1,GREEN
107_4262,107,0.9631,cycling,cycling,1,GREEN
107_4263,107,0.9735,cycling,cycling,1,GREEN
107_4264,107,0.9881,cycling,cycling,1,GREEN
107_4265,107,1.0,cycling,cycling,1,GREEN
107_4266,107,0.9992,cycling,cycling,1,GREEN
107_4267,107,0.9509,cycling,cycling,1,GREEN
107_4268,107,0.925,cycling,cycling,1,GREEN
107_4269,107,0.9562,cycling,cycling,1,GREEN
107_4270,107,0.9746,cycling,cycling,1,GREEN
107_4271,107,0.9686,cycling,cycling,1,GREEN
107_4272,107,0.9971,cycling,cycling,1,GREEN
107_4273,107,1.0,cycling,cycling,1,GREEN
107_4274,107,0.9944,cycling,cycling,1,GREEN
107_4275,107,0.9955,cycling,cycling,1,GREEN
107_4276,107,0.9985,cycling,cycling,1,GREEN
107_4277,107,0.989,cycling,cycling,1,GREEN
107_4278,107,0.9912,cycling,cycling,1,GREEN
107_4279,107,1.0,cycling,cycling,1,GREEN
107_4280,107,1.0,cycling,cycling,1,GREEN
107_4281,107,1.0,cycling,cycling,1,GREEN
107_4282,107,0.9993,cycling,cycling,1,GREEN
107_4283,107,0.9985,cycling,cycling,1,GREEN
107_4284,107,0.9956,cycling,cycling,1,GREEN
107_4285,107,0.9985,cycling,cycling,1,GREEN
107_4286,107,0.9963,cycling,cycling,1,GREEN
107_4287,107,1.0,cycling,cycling,1,GREEN
107_4288,107,0.9835,cycling,cycling,1,GREEN
107_4289,107,0.9848,cycling,cycling,1,GREEN
107_4290,107,0.9956,cycling,cycling,1,GREEN
107_4291,107,1.0,cycling,cycling,1,GREEN
107_4292,107,0.9985,cycling,cycling,1,GREEN
107_4293,107,0.9956,cycling,cycling,1,GREEN
107_4294,107,0.997,cycling,cycling,1,GREEN
107_4295,107,0.997,cycling,cycling,1,GREEN
107_4296,107,0.9985,cycling,cycling,1,GREEN
107_4297,107,1.0,cycling,cycling,1,GREEN
107_4298,107,1.0,cycling,cycling,1,GREEN
107_4299,107,0.997,cycling,cycling,1,GREEN
107_4300,107,0.9911,cycling,cycling,1,GREEN
107_4301,107,1.0,cycling,cycling,1,GREEN
107_4302,107,0.9985,cycling,cycling,1,GREEN
107_4303,107,0.9974,cycling,cycling,1,GREEN
107_4304,107,1.0,cycling,cycling,1,GREEN
107_4305,107,1.0,cycling,cycling,1,GREEN
107_4306,107,1.0,cycling,cycling,1,GREEN
107_4307,107,1.0,cycling,cycling,1,GREEN
107_4308,107,0.9985,cycling,cycling,1,GREEN
107_4309,107,0.9955,cycling,cycling,1,GREEN
107_4310,107,0.9985,cycling,cycling,1,GREEN
107_4311,107,0.995,cycling,cycling,1,GREEN
107_4312,107,0.9769,cycling,cycling,1,GREEN
107_4313,107,0.9614,cycling,cycling,1,GREEN
107_4314,107,0.9823,cycling,cycling,1,GREEN
107_4315,107,0.9582,cycling,cycling,1,GREEN
107_4316,107,0.9534,cycling,cycling,1,GREEN
107_4317,107,0.9329,cycling,cycling,1,GREEN
107_4318,107,0.9602,cycling,cycling,1,GREEN
107_4319,107,0.9664,cycling,cycling,1,GREEN
107_4320,107,0.9883,cycling,cycling,1,GREEN
107_4321,107,0.9952,cycling,cycling,1,GREEN
107_4322,107,0.9862,cycling,cycling,1,GREEN
107_4323,107,0.9798,cycling,cycling,1,GREEN
107_4324,107,0.9945,cycling,cycling,1,GREEN
107_4325,107,0.9985,cycling,cycling,1,GREEN
107_4326,107,0.997,cycling,cycling,1,GREEN
107_4327,107,0.994,cycling,cycling,1,GREEN
107_4328,107,0.994,cycling,cycling,1,GREEN
107_4329,107,0.9955,cycling,cycling,1,GREEN
107_4330,107,0.9985,cycling,cycling,1,GREEN
107_4331,107,0.9985,cycling,cycling,1,GREEN
107_4332,107,0.9864,cycling,cycling,1,GREEN
107_4333,107,0.9558,cycling,cycling,1,GREEN
107_4334,107,0.9658,cycling,cycling,1,GREEN
107_4335,107,0.9975,cycling,cycling,1,GREEN
107_4336,107,0.9975,cycling,cycling,1,GREEN
107_4337,107,0.999,cycling,cycling,1,GREEN
107_4338,107,0.9975,cycling,cycling,1,GREEN
107_4339,107,0.995,cycling,cycling,1,GREEN
107_4340,107,0.9975,cycling,cycling,1,GREEN
107_4341,107,0.9876,cycling,cycling,1,GREEN
107_4342,107,0.9935,cycling,cycling,1,GREEN
107_4343,107,0.9911,cycling,cycling,1,GREEN
107_4344,107,0.993,cycling,cycling,1,GREEN
107_4345,107,0.996,cycling,cycling,1,GREEN
107_4346,107,0.9908,cycling,cycling,1,GREEN
107_4347,107,0.994,cycling,cycling,1,GREEN
107_4348,107,0.9876,cycling,cycling,1,GREEN
107_4349,107,0.9924,cycling,cycling,1,GREEN
107_4350,107,0.996,cycling,cycling,1,GREEN
107_4351,107,0.9929,cycling,cycling,1,GREEN
107_4352,107,0.9874,cycling,cycling,1,GREEN
107_4353,107,0.994,cycling,cycling,1,GREEN
107_4354,107,0.9992,cycling,cycling,1,GREEN
107_4355,107,0.9855,cycling,cycling,1,GREEN
107_4356,107,0.9789,cycling,cycling,1,GREEN
107_4357,107,0.9295,cycling,cycling,1,GREEN
107_4358,107,0.9429,cycling,cycling,1,GREEN
107_4359,107,0.9452,cycling,cycling,1,GREEN
107_4360,107,0.9669,cycling,cycling,1,GREEN
107_4361,107,0.9911,cycling,cycling,1,GREEN
107_4362,107,0.9992,cycling,cycling,1,GREEN
107_4363,107,0.9992,cycling,cycling,1,GREEN
107_4364,107,0.9892,cycling,cycling,1,GREEN
107_4365,107,0.9777,cycling,cycling,1,GREEN
107_4366,107,0.9439,cycling,cycling,1,GREEN
107_4367,107,0.9683,cycling,cycling,1,GREEN
107_4368,107,0.9823,cycling,cycling,1,GREEN
107_4369,107,0.9911,cycling,cycling,1,GREEN
107_4370,107,0.9975,cycling,cycling,1,GREEN
107_4371,107,1.0,cycling,cycling,1,GREEN
107_4372,107,0.9563,cycling,cycling,1,GREEN
107_4373,107,0.9634,cycling,cycling,1,GREEN
107_4374,107,1.0,cycling,cycling,1,GREEN
107_4375,107,0.997,cycling,cycling,1,GREEN
107_4376,107,0.9993,cycling,cycling,1,GREEN
107_4377,107,0.9963,cycling,cycling,1,GREEN
107_4378,107,0.9968,cycling,cycling,1,GREEN
107_4379,107,0.9978,cycling,cycling,1,GREEN
107_4380,107,0.9933,cycling,cycling,1,GREEN
107_4381,107,0.9946,cycling,cycling,1,GREEN
107_4382,107,1.0,cycling,cycling,1,GREEN
107_4383,107,0.9905,cycling,cycling,1,GREEN
107_4384,107,1.0,cycling,cycling,1,GREEN
107_4385,107,0.9956,cycling,cycling,1,GREEN
107_4386,107,0.9481,cycling,cycling,1,GREEN
107_4387,107,0.9571,cycling,cycling,1,GREEN
107_4388,107,0.9883,cycling,cycling,1,GREEN
107_4389,107,0.9763,cycling,cycling,1,GREEN
107_4390,107,0.997,cycling,cycling,1,GREEN
107_4391,107,0.9963,cycling,cycling,1,GREEN
107_4392,107,0.9985,cycling,cycling,1,GREEN
107_4393,107,0.997,cycling,cycling,1,GREEN
107_4394,107,0.9953,cycling,cycling,1,GREEN
107_4395,107,0.997,cycling,cycling,1,GREEN
107_4396,107,0.9956,cycling,cycling,1,GREEN
107_4397,107,0.9956,cycling,cycling,1,GREEN
107_4398,107,0.9963,cycling,cycling,1,GREEN
107_4399,107,0.9965,cycling,cycling,1,GREEN
107_4400,107,0.997,cycling,cycling,1,GREEN
107_4401,107,0.997,cycling,cycling,1,GREEN
107_4402,107,0.9896,cycling,cycling,1,GREEN
107_4403,107,0.998,cycling,cycling,1,GREEN
107_4404,107,0.9911,cycling,cycling,1,GREEN
107_4405,107,0.992,cycling,cycling,1,GREEN
107_4406,107,0.989,cycling,cycling,1,GREEN
107_4407,107,0.9802,cycling,cycling,1,GREEN
107_4408,107,0.975,cycling,cycling,1,GREEN
107_4409,107,0.9886,cycling,cycling,1,GREEN
107_4410,107,0.9722,cycling,cycling,1,GREEN
107_4411,107,0.9093,cycling,cycling,1,GREEN
107_4412,107,0.8947,cycling,cycling,1,GREEN
107_4413,107,0.9625,cycling,cycling,1,GREEN
107_4414,107,0.9736,cycling,cycling,1,GREEN
107_4415,107,0.9893,cycling,cycling,1,GREEN
107_4416,107,0.9908,cycling,cycling,1,GREEN
107_4417,107,0.9807,cycling,cycling,1,GREEN
107_4418,107,0.9611,cycling,cycling,1,GREEN
107_4419,107,1.0,cycling,cycling,1,GREEN
107_4420,107,0.997,cycling,cycling,1,GREEN
107_4421,107,0.9972,cycling,cycling,1,GREEN
107_4422,107,0.9985,cycling,cycling,1,GREEN
107_4423,107,0.997,cycling,cycling,1,GREEN
107_4424,107,0.9874,cycling,cycling,1,GREEN
107_4425,107,0.9931,cycling,cycling,1,GREEN
107_4426,107,0.9936,cycling,cycling,1,GREEN
107_4427,107,0.9931,cycling,cycling,1,GREEN
107_4428,107,0.9931,cycling,cycling,1,GREEN
107_4429,107,0.9819,cycling,cycling,1,GREEN
107_4430,107,0.9715,cycling,cycling,1,GREEN
107_4431,107,0.9926,cycling,cycling,1,GREEN
107_4432,107,0.9911,cycling,cycling,1,GREEN
107_4433,107,0.9916,cycling,cycling,1,GREEN
107_4434,107,0.9889,cycling,cycling,1,GREEN
107_4435,107,0.9955,cycling,cycling,1,GREEN
107_4436,107,0.987,cycling,cycling,1,GREEN
107_4437,107,0.9863,cycling,cycling,1,GREEN
107_4438,107,0.9916,cycling,cycling,1,GREEN
107_4439,107,0.9871,cycling,cycling,1,GREEN
107_4440,107,0.9884,cycling,cycling,1,GREEN
107_4441,107,0.995,cycling,cycling,1,GREEN
107_4442,107,0.9977,cycling,cycling,1,GREEN
107_4443,107,0.99,cycling,cycling,1,GREEN
107_4444,107,0.9881,cycling,cycling,1,GREEN
107_4445,107,0.9886,cycling,cycling,1,GREEN
107_4446,107,0.984,cycling,cycling,1,GREEN
107_4447,107,0.977,cycling,cycling,1,GREEN
107_4448,107,0.9854,cycling,cycling,1,GREEN
107_4449,107,0.9921,cycling,cycling,1,GREEN
107_4450,107,0.9968,cycling,cycling,1,GREEN
107_4451,107,1.0,cycling,cycling,1,GREEN
107_4452,107,0.9985,cycling,cycling,1,GREEN
107_4453,107,0.9955,cycling,cycling,1,GREEN
107_4454,107,0.9849,cycling,cycling,1,GREEN
107_4455,107,0.9934,cycling,cycling,1,GREEN
107_4456,107,0.9878,cycling,cycling,1,GREEN
107_4457,107,0.9892,cycling,cycling,1,GREEN
107_4458,107,0.9843,cycling,cycling,1,GREEN
107_4459,107,0.9542,cycling,cycling,1,GREEN
107_4460,107,0.9683,cycling,cycling,1,GREEN
107_4461,107,0.9491,cycling,cycling,1,GREEN
107_4462,107,0.9166,cycling,cycling,1,GREEN
107_4463,107,0.9407,cycling,cycling,1,GREEN
107_4464,107,0.9543,cycling,cycling,1,GREEN
107_4465,107,0.9564,cycling,cycling,1,GREEN
107_4466,107,0.9846,cycling,cycling,1,GREEN
107_4467,107,0.9914,cycling,cycling,1,GREEN
107_4468,107,0.9633,cycling,cycling,1,GREEN
107_4469,107,0.9757,cycling,cycling,1,GREEN
107_4470,107,0.9978,cycling,cycling,1,GREEN
107_4471,107,0.9978,cycling,cycling,1,GREEN
107_4472,107,0.9945,cycling,cycling,1,GREEN
107_4473,107,0.997,cycling,cycling,1,GREEN
107_4474,107,0.9941,cycling,cycling,1,GREEN
107_4475,107,0.9951,cycling,cycling,1,GREEN
107_4476,107,0.9985,cycling,cycling,1,GREEN
107_4477,107,0.9955,cycling,cycling,1,GREEN
107_4478,107,0.997,cycling,cycling,1,GREEN
107_4479,107,1.0,cycling,cycling,1,GREEN
107_4480,107,0.997,cycling,cycling,1,GREEN
107_4481,107,0.9985,cycling,cycling,1,GREEN
107_4482,107,0.9985,cycling,cycling,1,GREEN
107_4483,107,0.9988,cycling,cycling,1,GREEN
107_4484,107,0.997,cycling,cycling,1,GREEN
107_4485,107,0.9985,cycling,cycling,1,GREEN
107_4486,107,0.9985,cycling,cycling,1,GREEN
107_4487,107,0.9948,cycling,cycling,1,GREEN
107_4488,107,0.9995,cycling,cycling,1,GREEN
107_4489,107,0.9837,cycling,cycling,1,GREEN
107_4490,107,0.9731,cycling,cycling,1,GREEN
107_4491,107,0.9794,cycling,cycling,1,GREEN
107_4492,107,0.9879,cycling,cycling,1,GREEN
107_4493,107,1.0,cycling,cycling,1,GREEN
107_4494,107,1.0,cycling,cycling,1,GREEN
107_4495,107,1.0,cycling,cycling,1,GREEN
107_4496,107,0.998,cycling,cycling,1,GREEN
107_4497,107,0.9928,cycling,cycling,1,GREEN
107_4498,107,0.9637,cycling,cycling,1,GREEN
107_4499,107,0.9358,cycling,cycling,1,GREEN
107_4500,107,0.8965,cycling,cycling,1,GREEN
107_4501,107,0.88,cycling,cycling,1,GREEN
107_4502,107,0.8945,cycling,cycling,1,GREEN
107_4503,107,0.9052,cycling,cycling,1,GREEN
107_4504,107,0.9083,cycling,cycling,1,GREEN
107_4505,107,0.9122,cycling,cycling,1,GREEN
107_4506,107,0.9377,cycling,cycling,1,GREEN
107_4507,107,0.9055,cycling,cycling,1,GREEN
107_4508,107,0.5425,cycling,cycling,1,YELLOW
107_4509,107,0.2598,cycling,cycling,1,RED
107_4510,107,0.4379,cycling,cycling,1,RED
107_4511,107,0.6581,vacuuming,cycling,0,YELLOW
107_4512,107,0.609,stairs_down,cycling,0,YELLOW
107_4513,107,0.8326,stairs_down,cycling,0,GREEN
107_4514,107,0.4224,stairs_down,cycling,0,RED
107_4515,107,0.3733,stairs_up,cycling,0,RED
107_4516,107,0.5562,vacuuming,cycling,0,YELLOW
107_4517,107,0.425,ironing,cycling,0,RED
107_4518,107,0.7526,ironing,cycling,0,GREEN
107_4519,107,0.6653,ironing,cycling,0,YELLOW
107_4520,107,0.6481,ironing,cycling,0,YELLOW
107_4521,107,0.5316,ironing,cycling,0,YELLOW
107_4522,107,0.5151,ironing,cycling,0,YELLOW
107_4523,107,0.2596,standing,running,0,RED
107_4524,107,0.2649,walking,running,0,RED
107_4525,107,0.2893,standing,running,0,RED
107_4526,107,0.305,walking,running,0,RED
107_4527,107,0.307,walking,running,0,RED
107_4528,107,0.2935,walking,running,0,RED
107_4529,107,0.2868,standing,running,0,RED
107_4530,107,0.3022,walking,running,0,RED
107_4531,107,0.3,walking,running,0,RED
107_4532,107,0.3036,walking,running,0,RED
107_4533,107,0.3762,standing,running,0,RED
107_4534,107,0.2564,walking,running,0,RED
107_4535,107,0.2818,walking,running,0,RED
107_4536,107,0.5443,walking,running,0,YELLOW
107_4537,107,0.3578,nordic_walk,running,0,RED
107_4538,107,0.8647,running,running,1,GREEN
107_4539,107,0.9722,running,running,1,GREEN
107_4540,107,0.9636,running,running,1,GREEN
107_4541,107,0.9925,running,running,1,GREEN
107_4542,107,0.9935,running,running,1,GREEN
107_4543,107,0.9811,running,running,1,GREEN
107_4544,107,0.9884,running,running,1,GREEN
107_4545,107,0.9894,running,running,1,GREEN
107_4546,107,0.9876,running,running,1,GREEN
107_4547,107,0.9898,running,running,1,GREEN
107_4548,107,0.994,running,running,1,GREEN
107_4549,107,0.9938,running,running,1,GREEN
107_4550,107,0.9823,running,running,1,GREEN
107_4551,107,0.9926,running,running,1,GREEN
107_4552,107,0.9899,running,running,1,GREEN
107_4553,107,0.9926,running,running,1,GREEN
107_4554,107,0.9999,running,running,1,GREEN
107_4555,107,0.9989,running,running,1,GREEN
107_4556,107,0.9999,running,running,1,GREEN
107_4557,107,0.9961,running,running,1,GREEN
107_4558,107,0.992,running,running,1,GREEN
107_4559,107,0.9951,running,running,1,GREEN
107_4560,107,0.9926,running,running,1,GREEN
107_4561,107,0.9903,running,running,1,GREEN
107_4562,107,0.997,running,running,1,GREEN
107_4563,107,0.9985,running,running,1,GREEN
107_4564,107,0.997,running,running,1,GREEN
107_4565,107,0.9926,running,running,1,GREEN
107_4566,107,0.9939,running,running,1,GREEN
107_4567,107,0.9983,running,running,1,GREEN
107_4568,107,0.9999,running,running,1,GREEN
107_4569,107,0.9994,running,running,1,GREEN
107_4570,107,0.9871,running,running,1,GREEN
107_4571,107,0.9926,running,running,1,GREEN
107_4572,107,0.9994,running,running,1,GREEN
107_4573,107,0.9993,running,running,1,GREEN
107_4574,107,0.9925,running,running,1,GREEN
107_4575,107,0.9925,running,running,1,GREEN
107_4576,107,0.9993,running,running,1,GREEN
107_4577,107,0.9994,running,running,1,GREEN
107_4578,107,0.9957,running,running,1,GREEN
107_4579,107,0.997,running,running,1,GREEN
107_4580,107,0.9967,running,running,1,GREEN
107_4581,107,0.9985,running,running,1,GREEN
107_4582,107,0.9995,running,running,1,GREEN
107_4583,107,0.9962,running,running,1,GREEN
107_4584,107,0.9999,running,running,1,GREEN
107_4585,107,0.9994,running,running,1,GREEN
107_4586,107,0.996,running,running,1,GREEN
107_4587,107,0.999,running,running,1,GREEN
107_4588,107,0.999,running,running,1,GREEN
107_4589,107,0.9836,running,running,1,GREEN
107_4590,107,0.9967,running,running,1,GREEN
