true_activity,pred_activity,confidence,is_correct,traffic_light,y_true_enc,y_pred_enc
lying,standing,0.013,0,RED,0,2
lying,standing,0.017,0,RED,0,2
lying,standing,0.02,0,RED,0,2
lying,standing,0.015,0,RED,0,2
lying,standing,0.013,0,RED,0,2
lying,standing,0.011,0,RED,0,2
lying,standing,0.008,0,RED,0,2
lying,standing,0.007,0,RED,0,2
lying,standing,0.007,0,RED,0,2
lying,lying,0.097,1,RED,0,0
lying,lying,0.466,1,YELLOW,0,0
lying,lying,0.207,1,RED,0,0
lying,lying,0.043,1,RED,0,0
lying,lying,0.306,1,RED,0,0
lying,lying,0.537,1,YELLOW,0,0
lying,lying,0.898,1,GREEN,0,0
lying,lying,0.949,1,GREEN,0,0
lying,lying,0.977,1,GREEN,0,0
lying,lying,0.991,1,GREEN,0,0
lying,lying,0.928,1,GREEN,0,0
lying,lying,0.968,1,GREEN,0,0
lying,lying,0.999,1,GREEN,0,0
lying,lying,0.998,1,GREEN,0,0
lying,lying,0.999,1,GREEN,0,0
lying,lying,0.999,1,GREEN,0,0
lying,lying,0.998,1,GREEN,0,0
lying,lying,0.99,1,GREEN,0,0
lying,lying,0.994,1,GREEN,0,0
lying,lying,0.999,1,GREEN,0,0
lying,lying,0.999,1,GREEN,0,0
lying,lying,0.999,1,GREEN,0,0
lying,lying,0.997,1,GREEN,0,0
lying,lying,0.997,1,GREEN,0,0
lying,lying,0.999,1,GREEN,0,0
lying,lying,0.999,1,GREEN,0,0
lying,lying,0.999,1,GREEN,0,0
lying,lying,0.999,1,GREEN,0,0
lying,lying,0.999,1,GREEN,0,0
lying,lying,0.999,1,GREEN,0,0
lying,lying,0.999,1,GREEN,0,0
lying,lying,0.999,1,GREEN,0,0
lying,lying,0.999,1,GREEN,0,0
lying,lying,0.999,1,GREEN,0,0
lying,lying,0.999,1,GREEN,0,0
lying,lying,0.999,1,GREEN,0,0
lying,lying,0.999,1,GREEN,0,0
lying,lying,0.999,1,GREEN,0,0
lying,lying,0.999,1,GREEN,0,0
lying,lying,0.999,1,GREEN,0,0
lying,lying,0.999,1,GREEN,0,0
lying,lying,0.999,1,GREEN,0,0
lying,lying,0.999,1,GREEN,0,0
lying,lying,0.999,1,GREEN,0,0
lying,lying,0.999,1,GREEN,0,0
lying,lying,0.999,1,GREEN,0,0
lying,lying,0.999,1,GREEN,0,0
lying,lying,0.999,1,GREEN,0,0
lying,lying,0.999,1,GREEN,0,0
lying,lying,0.999,1,GREEN,0,0
lying,lying,0.999,1,GREEN,0,0
lying,lying,0.999,1,GREEN,0,0
lying,lying,0.999,1,GREEN,0,0
lying,lying,0.999,1,GREEN,0,0
lying,lying,0.999,1,GREEN,0,0
lying,lying,0.999,1,GREEN,0,0
lying,lying,0.999,1,GREEN,0,0
lying,lying,0.999,1,GREEN,0,0
lying,lying,0.999,1,GREEN,0,0
lying,lying,0.999,1,GREEN,0,0
lying,lying,0.999,1,GREEN,0,0
lying,lying,0.999,1,GREEN,0,0
lying,lying,0.999,1,GREEN,0,0
lying,lying,0.999,1,GREEN,0,0
lying,lying,0.999,1,GREEN,0,0
lying,lying,0.999,1,GREEN,0,0
lying,lying,0.999,1,GREEN,0,0
lying,lying,0.999,1,GREEN,0,0
lying,lying,0.999,1,GREEN,0,0
lying,lying,0.999,1,GREEN,0,0
lying,lying,0.999,1,GREEN,0,0
lying,lying,0.999,1,GREEN,0,0
lying,lying,0.999,1,GREEN,0,0
lying,lying,0.999,1,GREEN,0,0
lying,lying,0.999,1,GREEN,0,0
lying,lying,0.999,1,GREEN,0,0
lying,lying,0.999,1,GREEN,0,0
lying,lying,0.999,1,GREEN,0,0
lying,lying,0.999,1,GREEN,0,0
lying,lying,0.999,1,GREEN,0,0
lying,lying,0.999,1,GREEN,0,0
lying,lying,0.999,1,GREEN,0,0
lying,lying,0.999,1,GREEN,0,0
lying,lying,0.999,1,GREEN,0,0
lying,lying,0.999,1,GREEN,0,0
lying,lying,0.999,1,GREEN,0,0
lying,lying,0.999,1,GREEN,0,0
lying,lying,0.999,1,GREEN,0,0
lying,lying,0.999,1,GREEN,0,0
lying,lying,0.999,1,GREEN,0,0
lying,lying,0.999,1,GREEN,0,0
lying,lying,0.999,1,GREEN,0,0
lying,lying,0.999,1,GREEN,0,0
lying,lying,0.999,1,GREEN,0,0
lying,lying,0.999,1,GREEN,0,0
lying,lying,0.999,1,GREEN,0,0
lying,lying,0.999,1,GREEN,0,0
lying,lying,0.999,1,GREEN,0,0
lying,lying,0.999,1,GREEN,0,0
lying,lying,0.999,1,GREEN,0,0
lying,lying,0.999,1,GREEN,0,0
lying,lying,0.999,1,GREEN,0,0
lying,lying,0.999,1,GREEN,0,0
lying,lying,0.999,1,GREEN,0,0
lying,lying,0.999,1,GREEN,0,0
lying,lying,0.999,1,GREEN,0,0
lying,lying,0.999,1,GREEN,0,0
lying,lying,0.999,1,GREEN,0,0
lying,lying,0.999,1,GREEN,0,0
lying,lying,0.999,1,GREEN,0,0
lying,lying,0.999,1,GREEN,0,0
lying,lying,0.999,1,GREEN,0,0
lying,lying,0.999,1,GREEN,0,0
lying,lying,0.999,1,GREEN,0,0
lying,lying,0.999,1,GREEN,0,0
lying,lying,0.999,1,GREEN,0,0
lying,lying,0.999,1,GREEN,0,0
lying,lying,0.999,1,GREEN,0,0
lying,lying,0.999,1,GREEN,0,0
lying,lying,0.999,1,GREEN,0,0
lying,lying,0.999,1,GREEN,0,0
lying,lying,0.999,1,GREEN,0,0
lying,lying,0.999,1,GREEN,0,0
lying,lying,0.999,1,GREEN,0,0
lying,lying,0.999,1,GREEN,0,0
lying,lying,0.999,1,GREEN,0,0
lying,lying,0.999,1,GREEN,0,0
lying,lying,0.999,1,GREEN,0,0
lying,lying,0.999,1,GREEN,0,0
lying,lying,0.999,1,GREEN,0,0
lying,lying,0.999,1,GREEN,0,0
lying,lying,0.999,1,GREEN,0,0
lying,lying,0.999,1,GREEN,0,0
lying,lying,0.999,1,GREEN,0,0
lying,lying,0.999,1,GREEN,0,0
lying,lying,0.999,1,GREEN,0,0
lying,lying,0.999,1,GREEN,0,0
lying,lying,0.999,1,GREEN,0,0
lying,lying,0.999,1,GREEN,0,0
lying,lying,0.999,1,GREEN,0,0
lying,lying,0.999,1,GREEN,0,0
lying,lying,0.999,1,GREEN,0,0
lying,lying,0.999,1,GREEN,0,0
lying,lying,0.999,1,GREEN,0,0
lying,lying,0.999,1,GREEN,0,0
lying,lying,0.999,1,GREEN,0,0
lying,lying,0.999,1,GREEN,0,0
lying,lying,0.999,1,GREEN,0,0
lying,lying,0.999,1,GREEN,0,0
lying,lying,0.999,1,GREEN,0,0
lying,lying,0.999,1,GREEN,0,0
lying,lying,0.999,1,GREEN,0,0
lying,lying,0.999,1,GREEN,0,0
lying,lying,0.999,1,GREEN,0,0
lying,lying,0.999,1,GREEN,0,0
lying,lying,0.999,1,GREEN,0,0
lying,lying,0.999,1,GREEN,0,0
lying,lying,0.999,1,GREEN,0,0
lying,lying,0.999,1,GREEN,0,0
lying,lying,0.999,1,GREEN,0,0
lying,lying,0.999,1,GREEN,0,0
lying,lying,0.999,1,GREEN,0,0
lying,lying,0.999,1,GREEN,0,0
lying,lying,0.999,1,GREEN,0,0
lying,lying,0.999,1,GREEN,0,0
lying,lying,0.999,1,GREEN,0,0
lying,lying,0.999,1,GREEN,0,0
lying,lying,0.999,1,GREEN,0,0
lying,lying,0.999,1,GREEN,0,0
lying,lying,0.999,1,GREEN,0,0
lying,lying,0.999,1,GREEN,0,0
lying,lying,0.999,1,GREEN,0,0
lying,lying,0.999,1,GREEN,0,0
lying,lying,0.999,1,GREEN,0,0
lying,lying,0.999,1,GREEN,0,0
lying,lying,0.999,1,GREEN,0,0
lying,lying,0.999,1,GREEN,0,0
lying,lying,0.999,1,GREEN,0,0
lying,lying,0.999,1,GREEN,0,0
lying,lying,0.999,1,GREEN,0,0
lying,lying,0.999,1,GREEN,0,0
lying,lying,0.999,1,GREEN,0,0
lying,lying,0.999,1,GREEN,0,0
lying,lying,0.999,1,GREEN,0,0
lying,lying,0.999,1,GREEN,0,0
lying,lying,0.999,1,GREEN,0,0
lying,lying,0.999,1,GREEN,0,0
lying,lying,0.999,1,GREEN,0,0
lying,lying,0.999,1,GREEN,0,0
lying,lying,0.999,1,GREEN,0,0
lying,lying,0.999,1,GREEN,0,0
lying,lying,0.999,1,GREEN,0,0
lying,lying,0.999,1,GREEN,0,0
lying,lying,0.999,1,GREEN,0,0
lying,lying,0.999,1,GREEN,0,0
lying,lying,0.999,1,GREEN,0,0
lying,lying,0.999,1,GREEN,0,0
lying,lying,0.999,1,GREEN,0,0
lying,lying,0.999,1,GREEN,0,0
lying,lying,0.999,1,GREEN,0,0
lying,lying,0.999,1,GREEN,0,0
lying,lying,0.999,1,GREEN,0,0
lying,lying,0.999,1,GREEN,0,0
lying,lying,0.999,1,GREEN,0,0
lying,lying,0.999,1,GREEN,0,0
lying,lying,0.999,1,GREEN,0,0
lying,lying,0.999,1,GREEN,0,0
lying,lying,0.999,1,GREEN,0,0
lying,lying,0.999,1,GREEN,0,0
lying,lying,0.999,1,GREEN,0,0
lying,lying,0.999,1,GREEN,0,0
lying,lying,0.999,1,GREEN,0,0
lying,lying,0.999,1,GREEN,0,0
lying,lying,0.999,1,GREEN,0,0
lying,lying,0.999,1,GREEN,0,0
lying,lying,0.999,1,GREEN,0,0
lying,lying,0.999,1,GREEN,0,0
lying,lying,0.999,1,GREEN,0,0
lying,lying,0.999,1,GREEN,0,0
lying,lying,0.999,1,GREEN,0,0
lying,lying,0.999,1,GREEN,0,0
lying,lying,0.999,1,GREEN,0,0
lying,lying,0.999,1,GREEN,0,0
lying,lying,0.999,1,GREEN,0,0
lying,lying,0.999,1,GREEN,0,0
lying,lying,0.999,1,GREEN,0,0
lying,lying,0.999,1,GREEN,0,0
lying,lying,0.999,1,GREEN,0,0
lying,lying,0.999,1,GREEN,0,0
lying,lying,0.999,1,GREEN,0,0
lying,lying,0.999,1,GREEN,0,0
lying,lying,0.999,1,GREEN,0,0
lying,lying,0.999,1,GREEN,0,0
lying,lying,0.999,1,GREEN,0,0
lying,lying,0.999,1,GREEN,0,0
lying,lying,0.999,1,GREEN,0,0
lying,lying,0.999,1,GREEN,0,0
lying,lying,0.999,1,GREEN,0,0
lying,lying,0.999,1,GREEN,0,0
lying,lying,0.999,1,GREEN,0,0
lying,lying,0.999,1,GREEN,0,0
lying,lying,0.999,1,GREEN,0,0
lying,lying,0.999,1,GREEN,0,0
lying,lying,0.999,1,GREEN,0,0
lying,lying,0.999,1,GREEN,0,0
lying,lying,0.999,1,GREEN,0,0
lying,lying,0.999,1,GREEN,0,0
lying,lying,0.999,1,GREEN,0,0
lying,lying,0.999,1,GREEN,0,0
lying,lying,0.999,1,GREEN,0,0
lying,lying,0.999,1,GREEN,0,0
lying,lying,0.999,1,GREEN,0,0
lying,lying,0.999,1,GREEN,0,0
lying,lying,0.999,1,GREEN,0,0
lying,lying,0.999,1,GREEN,0,0
lying,lying,0.999,1,GREEN,0,0
lying,lying,0.999,1,GREEN,0,0
lying,lying,0.999,1,GREEN,0,0
lying,lying,0.999,1,GREEN,0,0
lying,lying,0.999,1,GREEN,0,0
lying,lying,0.999,1,GREEN,0,0
lying,lying,0.999,1,GREEN,0,0
lying,lying,0.999,1,GREEN,0,0
lying,lying,0.999,1,GREEN,0,0
lying,lying,0.999,1,GREEN,0,0
lying,lying,0.999,1,GREEN,0,0
lying,lying,0.999,1,GREEN,0,0
lying,lying,0.999,1,GREEN,0,0
lying,lying,0.999,1,GREEN,0,0
lying,lying,0.999,1,GREEN,0,0
lying,lying,0.999,1,GREEN,0,0
lying,lying,0.999,1,GREEN,0,0
lying,lying,0.999,1,GREEN,0,0
lying,lying,0.999,1,GREEN,0,0
lying,lying,0.999,1,GREEN,0,0
lying,lying,0.999,1,GREEN,0,0
lying,lying,0.999,1,GREEN,0,0
lying,lying,0.999,1,GREEN,0,0
lying,lying,0.999,1,GREEN,0,0
lying,lying,0.999,1,GREEN,0,0
lying,lying,0.999,1,GREEN,0,0
lying,lying,0.999,1,GREEN,0,0
lying,lying,0.999,1,GREEN,0,0
lying,lying,0.999,1,GREEN,0,0
lying,lying,0.999,1,GREEN,0,0
lying,lying,0.999,1,GREEN,0,0
lying,lying,0.999,1,GREEN,0,0
lying,lying,0.999,1,GREEN,0,0
lying,lying,0.999,1,GREEN,0,0
lying,lying,0.999,1,GREEN,0,0
lying,lying,0.999,1,GREEN,0,0
lying,lying,0.999,1,GREEN,0,0
lying,lying,0.999,1,GREEN,0,0
lying,lying,0.999,1,GREEN,0,0
lying,lying,0.999,1,GREEN,0,0
lying,lying,0.999,1,GREEN,0,0
lying,lying,0.999,1,GREEN,0,0
lying,lying,0.999,1,GREEN,0,0
lying,lying,0.999,1,GREEN,0,0
lying,lying,0.999,1,GREEN,0,0
lying,lying,0.999,1,GREEN,0,0
lying,lying,0.999,1,GREEN,0,0
lying,lying,0.999,1,GREEN,0,0
lying,lying,0.999,1,GREEN,0,0
lying,lying,0.999,1,GREEN,0,0
lying,lying,0.999,1,GREEN,0,0
lying,lying,0.999,1,GREEN,0,0
lying,lying,0.999,1,GREEN,0,0
lying,lying,0.999,1,GREEN,0,0
lying,lying,0.999,1,GREEN,0,0
lying,lying,0.999,1,GREEN,0,0
lying,lying,0.999,1,GREEN,0,0
lying,lying,0.999,1,GREEN,0,0
lying,lying,0.999,1,GREEN,0,0
lying,lying,0.999,1,GREEN,0,0
lying,lying,0.999,1,GREEN,0,0
lying,lying,0.999,1,GREEN,0,0
lying,lying,0.999,1,GREEN,0,0
lying,lying,0.999,1,GREEN,0,0
lying,lying,0.999,1,GREEN,0,0
lying,lying,0.999,1,GREEN,0,0
lying,lying,0.999,1,GREEN,0,0
lying,lying,0.999,1,GREEN,0,0
lying,lying,0.999,1,GREEN,0,0
lying,lying,0.999,1,GREEN,0,0
lying,lying,0.999,1,GREEN,0,0
lying,lying,0.999,1,GREEN,0,0
lying,lying,0.999,1,GREEN,0,0
lying,lying,0.999,1,GREEN,0,0
lying,lying,0.999,1,GREEN,0,0
lying,lying,0.999,1,GREEN,0,0
lying,lying,0.999,1,GREEN,0,0
lying,lying,0.999,1,GREEN,0,0
lying,lying,0.999,1,GREEN,0,0
lying,lying,0.999,1,GREEN,0,0
lying,lying,0.999,1,GREEN,0,0
lying,lying,0.999,1,GREEN,0,0
lying,lying,0.999,1,GREEN,0,0
lying,lying,0.999,1,GREEN,0,0
lying,lying,0.999,1,GREEN,0,0
lying,lying,0.999,1,GREEN,0,0
lying,lying,0.999,1,GREEN,0,0
lying,lying,0.999,1,GREEN,0,0
lying,lying,0.999,1,GREEN,0,0
lying,lying,0.999,1,GREEN,0,0
lying,lying,0.999,1,GREEN,0,0
lying,lying,0.999,1,GREEN,0,0
lying,lying,0.999,1,GREEN,0,0
lying,lying,0.999,1,GREEN,0,0
lying,lying,0.999,1,GREEN,0,0
lying,lying,0.999,1,GREEN,0,0
lying,lying,0.999,1,GREEN,0,0
lying,lying,0.999,1,GREEN,0,0
lying,lying,0.999,1,GREEN,0,0
lying,lying,0.999,1,GREEN,0,0
lying,lying,0.999,1,GREEN,0,0
lying,lying,0.999,1,GREEN,0,0
lying,lying,0.999,1,GREEN,0,0
lying,lying,0.999,1,GREEN,0,0
lying,lying,0.999,1,GREEN,0,0
lying,lying,0.999,1,GREEN,0,0
lying,lying,0.999,1,GREEN,0,0
lying,lying,0.999,1,GREEN,0,0
lying,lying,0.999,1,GREEN,0,0
lying,lying,0.999,1,GREEN,0,0
lying,lying,0.999,1,GREEN,0,0
lying,lying,0.999,1,GREEN,0,0
lying,lying,0.999,1,GREEN,0,0
lying,lying,0.999,1,GREEN,0,0
lying,lying,0.999,1,GREEN,0,0
lying,lying,0.999,1,GREEN,0,0
lying,lying,0.999,1,GREEN,0,0
lying,lying,0.999,1,GREEN,0,0
lying,lying,0.999,1,GREEN,0,0
lying,lying,0.999,1,GREEN,0,0
lying,lying,0.999,1,GREEN,0,0
lying,lying,0.999,1,GREEN,0,0
lying,lying,0.999,1,GREEN,0,0
lying,lying,0.999,1,GREEN,0,0
lying,lying,0.999,1,GREEN,0,0
lying,lying,0.999,1,GREEN,0,0
lying,lying,0.999,1,GREEN,0,0
lying,lying,0.999,1,GREEN,0,0
lying,lying,0.999,1,GREEN,0,0
lying,lying,0.999,1,GREEN,0,0
lying,lying,0.999,1,GREEN,0,0
lying,lying,0.999,1,GREEN,0,0
lying,lying,0.999,1,GREEN,0,0
lying,lying,0.999,1,GREEN,0,0
lying,lying,0.999,1,GREEN,0,0
lying,lying,0.999,1,GREEN,0,0
lying,lying,0.999,1,GREEN,0,0
lying,lying,0.999,1,GREEN,0,0
lying,lying,0.999,1,GREEN,0,0
lying,lying,0.999,1,GREEN,0,0
lying,lying,0.999,1,GREEN,0,0
lying,lying,0.999,1,GREEN,0,0
lying,lying,0.999,1,GREEN,0,0
lying,lying,0.999,1,GREEN,0,0
lying,lying,0.999,1,GREEN,0,0
lying,lying,0.999,1,GREEN,0,0
lying,lying,0.999,1,GREEN,0,0
lying,lying,0.999,1,GREEN,0,0
lying,lying,0.999,1,GREEN,0,0
lying,lying,0.999,1,GREEN,0,0
lying,lying,0.999,1,GREEN,0,0
lying,lying,0.999,1,GREEN,0,0
lying,lying,0.999,1,GREEN,0,0
lying,lying,0.999,1,GREEN,0,0
lying,lying,0.999,1,GREEN,0,0
lying,lying,0.999,1,GREEN,0,0
lying,lying,0.999,1,GREEN,0,0
lying,lying,0.999,1,GREEN,0,0
lying,lying,0.999,1,GREEN,0,0
lying,lying,0.999,1,GREEN,0,0
lying,lying,0.999,1,GREEN,0,0
lying,lying,0.999,1,GREEN,0,0
lying,lying,0.999,1,GREEN,0,0
lying,lying,0.999,1,GREEN,0,0
lying,lying,0.999,1,GREEN,0,0
lying,lying,0.999,1,GREEN,0,0
lying,lying,0.999,1,GREEN,0,0
lying,lying,0.999,1,GREEN,0,0
lying,lying,0.999,1,GREEN,0,0
lying,lying,0.999,1,GREEN,0,0
lying,lying,0.999,1,GREEN,0,0
lying,lying,0.999,1,GREEN,0,0
lying,lying,0.999,1,GREEN,0,0
lying,lying,0.999,1,GREEN,0,0
lying,lying,0.999,1,GREEN,0,0
lying,lying,0.999,1,GREEN,0,0
lying,lying,0.999,1,GREEN,0,0
lying,lying,0.999,1,GREEN,0,0
lying,lying,0.999,1,GREEN,0,0
lying,lying,0.999,1,GREEN,0,0
lying,lying,0.999,1,GREEN,0,0
lying,lying,0.999,1,GREEN,0,0
lying,lying,0.999,1,GREEN,0,0
lying,lying,0.997,1,GREEN,0,0
lying,lying,0.994,1,GREEN,0,0
lying,lying,0.986,1,GREEN,0,0
lying,lying,0.913,1,GREEN,0,0
lying,lying,0.455,1,YELLOW,0,0
lying,lying,0.546,1,YELLOW,0,0
lying,lying,0.314,1,RED,0,0
lying,lying,0.491,1,YELLOW,0,0
lying,lying,0.717,1,YELLOW,0,0
lying,lying,0.098,1,RED,0,0
lying,lying,0.035,1,RED,0,0
lying,lying,0.02,1,RED,0,0
lying,lying,0.114,1,RED,0,0
lying,lying,0.114,1,RED,0,0
lying,lying,0.705,1,YELLOW,0,0
lying,lying,0.745,1,YELLOW,0,0
lying,lying,0.799,1,GREEN,0,0
lying,lying,0.693,1,YELLOW,0,0
sitting,lying,0.687,0,YELLOW,1,0
sitting,lying,0.724,0,YELLOW,1,0
sitting,lying,0.208,0,RED,1,0
sitting,standing,0.089,0,RED,1,2
sitting,vacuuming,0.176,0,RED,1,9
sitting,vacuuming,0.477,0,YELLOW,1,9
sitting,sitting,0.283,1,RED,1,1
sitting,sitting,0.193,1,RED,1,1
sitting,sitting,0.145,1,RED,1,1
sitting,sitting,0.111,1,RED,1,1
sitting,sitting,0.078,1,RED,1,1
sitting,sitting,0.14,1,RED,1,1
sitting,sitting,0.028,1,RED,1,1
sitting,sitting,0.014,1,RED,1,1
sitting,sitting,0.161,1,RED,1,1
sitting,sitting,0.169,1,RED,1,1
sitting,sitting,0.112,1,RED,1,1
sitting,sitting,0.337,1,RED,1,1
sitting,sitting,0.335,1,RED,1,1
sitting,sitting,0.459,1,YELLOW,1,1
sitting,sitting,0.85,1,GREEN,1,1
sitting,sitting,0.973,1,GREEN,1,1
sitting,sitting,0.994,1,GREEN,1,1
sitting,sitting,0.991,1,GREEN,1,1
sitting,sitting,0.993,1,GREEN,1,1
sitting,sitting,0.995,1,GREEN,1,1
sitting,sitting,0.991,1,GREEN,1,1
sitting,sitting,0.987,1,GREEN,1,1
sitting,sitting,0.985,1,GREEN,1,1
sitting,sitting,0.991,1,GREEN,1,1
sitting,sitting,0.993,1,GREEN,1,1
sitting,sitting,0.993,1,GREEN,1,1
sitting,sitting,0.993,1,GREEN,1,1
sitting,sitting,0.997,1,GREEN,1,1
sitting,sitting,0.995,1,GREEN,1,1
sitting,sitting,0.992,1,GREEN,1,1
sitting,sitting,0.991,1,GREEN,1,1
sitting,sitting,0.995,1,GREEN,1,1
sitting,sitting,0.997,1,GREEN,1,1
sitting,sitting,0.997,1,GREEN,1,1
sitting,sitting,0.997,1,GREEN,1,1
sitting,sitting,0.996,1,GREEN,1,1
sitting,sitting,0.996,1,GREEN,1,1
sitting,sitting,0.996,1,GREEN,1,1
sitting,sitting,0.996,1,GREEN,1,1
sitting,sitting,0.996,1,GREEN,1,1
sitting,sitting,0.997,1,GREEN,1,1
sitting,sitting,0.997,1,GREEN,1,1
sitting,sitting,0.997,1,GREEN,1,1
sitting,sitting,0.997,1,GREEN,1,1
sitting,sitting,0.997,1,GREEN,1,1
sitting,sitting,0.995,1,GREEN,1,1
sitting,sitting,0.994,1,GREEN,1,1
sitting,sitting,0.994,1,GREEN,1,1
sitting,sitting,0.994,1,GREEN,1,1
sitting,sitting,0.994,1,GREEN,1,1
sitting,sitting,0.994,1,GREEN,1,1
sitting,sitting,0.995,1,GREEN,1,1
sitting,sitting,0.996,1,GREEN,1,1
sitting,sitting,0.996,1,GREEN,1,1
sitting,sitting,0.997,1,GREEN,1,1
sitting,sitting,0.996,1,GREEN,1,1
sitting,sitting,0.996,1,GREEN,1,1
sitting,sitting,0.995,1,GREEN,1,1
sitting,sitting,0.996,1,GREEN,1,1
sitting,sitting,0.996,1,GREEN,1,1
sitting,sitting,0.993,1,GREEN,1,1
sitting,sitting,0.967,1,GREEN,1,1
sitting,sitting,0.977,1,GREEN,1,1
sitting,sitting,0.952,1,GREEN,1,1
sitting,sitting,0.982,1,GREEN,1,1
sitting,sitting,0.994,1,GREEN,1,1
sitting,sitting,0.991,1,GREEN,1,1
sitting,sitting,0.989,1,GREEN,1,1
sitting,sitting,0.984,1,GREEN,1,1
sitting,sitting,0.978,1,GREEN,1,1
sitting,sitting,0.977,1,GREEN,1,1
sitting,sitting,0.985,1,GREEN,1,1
sitting,sitting,0.991,1,GREEN,1,1
sitting,sitting,0.995,1,GREEN,1,1
sitting,sitting,0.993,1,GREEN,1,1
sitting,sitting,0.996,1,GREEN,1,1
sitting,sitting,0.997,1,GREEN,1,1
sitting,sitting,0.997,1,GREEN,1,1
sitting,sitting,0.994,1,GREEN,1,1
sitting,sitting,0.995,1,GREEN,1,1
sitting,sitting,0.995,1,GREEN,1,1
sitting,sitting,0.995,1,GREEN,1,1
sitting,sitting,0.992,1,GREEN,1,1
sitting,sitting,0.993,1,GREEN,1,1
sitting,sitting,0.989,1,GREEN,1,1
sitting,sitting,0.991,1,GREEN,1,1
sitting,sitting,0.993,1,GREEN,1,1
sitting,sitting,0.994,1,GREEN,1,1
sitting,sitting,0.996,1,GREEN,1,1
sitting,sitting,0.996,1,GREEN,1,1
sitting,sitting,0.996,1,GREEN,1,1
sitting,sitting,0.996,1,GREEN,1,1
sitting,sitting,0.996,1,GREEN,1,1
sitting,sitting,0.996,1,GREEN,1,1
sitting,sitting,0.996,1,GREEN,1,1
sitting,sitting,0.995,1,GREEN,1,1
sitting,sitting,0.994,1,GREEN,1,1
sitting,sitting,0.995,1,GREEN,1,1
sitting,sitting,0.996,1,GREEN,1,1
sitting,sitting,0.996,1,GREEN,1,1
sitting,sitting,0.996,1,GREEN,1,1
sitting,sitting,0.995,1,GREEN,1,1
sitting,sitting,0.995,1,GREEN,1,1
sitting,sitting,0.994,1,GREEN,1,1
sitting,sitting,0.994,1,GREEN,1,1
sitting,sitting,0.993,1,GREEN,1,1
sitting,sitting,0.995,1,GREEN,1,1
sitting,sitting,0.996,1,GREEN,1,1
sitting,sitting,0.995,1,GREEN,1,1
sitting,sitting,0.996,1,GREEN,1,1
sitting,sitting,0.996,1,GREEN,1,1
sitting,sitting,0.993,1,GREEN,1,1
sitting,sitting,0.992,1,GREEN,1,1
sitting,sitting,0.993,1,GREEN,1,1
sitting,sitting,0.993,1,GREEN,1,1
sitting,sitting,0.994,1,GREEN,1,1
sitting,sitting,0.995,1,GREEN,1,1
sitting,sitting,0.996,1,GREEN,1,1
sitting,sitting,0.996,1,GREEN,1,1
sitting,sitting,0.995,1,GREEN,1,1
sitting,sitting,0.995,1,GREEN,1,1
sitting,sitting,0.995,1,GREEN,1,1
sitting,sitting,0.995,1,GREEN,1,1
sitting,sitting,0.994,1,GREEN,1,1
sitting,sitting,0.995,1,GREEN,1,1
sitting,sitting,0.995,1,GREEN,1,1
sitting,sitting,0.997,1,GREEN,1,1
sitting,sitting,0.995,1,GREEN,1,1
sitting,sitting,0.991,1,GREEN,1,1
sitting,sitting,0.988,1,GREEN,1,1
sitting,sitting,0.991,1,GREEN,1,1
sitting,sitting,0.989,1,GREEN,1,1
sitting,sitting,0.987,1,GREEN,1,1
sitting,sitting,0.982,1,GREEN,1,1
sitting,sitting,0.986,1,GREEN,1,1
sitting,sitting,0.988,1,GREEN,1,1
sitting,sitting,0.993,1,GREEN,1,1
sitting,sitting,0.994,1,GREEN,1,1
sitting,sitting,0.994,1,GREEN,1,1
sitting,sitting,0.995,1,GREEN,1,1
sitting,sitting,0.994,1,GREEN,1,1
sitting,sitting,0.995,1,GREEN,1,1
sitting,sitting,0.995,1,GREEN,1,1
sitting,sitting,0.994,1,GREEN,1,1
sitting,sitting,0.995,1,GREEN,1,1
sitting,sitting,0.994,1,GREEN,1,1
sitting,sitting,0.995,1,GREEN,1,1
sitting,sitting,0.976,1,GREEN,1,1
sitting,sitting,0.967,1,GREEN,1,1
sitting,sitting,0.98,1,GREEN,1,1
sitting,sitting,0.952,1,GREEN,1,1
sitting,sitting,0.963,1,GREEN,1,1
sitting,sitting,0.909,1,GREEN,1,1
sitting,sitting,0.979,1,GREEN,1,1
sitting,sitting,0.991,1,GREEN,1,1
sitting,sitting,0.993,1,GREEN,1,1
sitting,sitting,0.982,1,GREEN,1,1
sitting,sitting,0.882,1,GREEN,1,1
sitting,sitting,0.852,1,GREEN,1,1
sitting,sitting,0.888,1,GREEN,1,1
sitting,sitting,0.919,1,GREEN,1,1
sitting,sitting,0.94,1,GREEN,1,1
sitting,sitting,0.972,1,GREEN,1,1
sitting,sitting,0.995,1,GREEN,1,1
sitting,sitting,0.997,1,GREEN,1,1
sitting,sitting,0.996,1,GREEN,1,1
sitting,sitting,0.996,1,GREEN,1,1
sitting,sitting,0.997,1,GREEN,1,1
sitting,sitting,0.997,1,GREEN,1,1
sitting,sitting,0.997,1,GREEN,1,1
sitting,sitting,0.997,1,GREEN,1,1
sitting,sitting,0.996,1,GREEN,1,1
sitting,sitting,0.996,1,GREEN,1,1
sitting,sitting,0.996,1,GREEN,1,1
sitting,sitting,0.994,1,GREEN,1,1
sitting,sitting,0.995,1,GREEN,1,1
sitting,sitting,0.994,1,GREEN,1,1
sitting,sitting,0.996,1,GREEN,1,1
sitting,sitting,0.997,1,GREEN,1,1
sitting,sitting,0.997,1,GREEN,1,1
sitting,sitting,0.997,1,GREEN,1,1
sitting,sitting,0.998,1,GREEN,1,1
sitting,sitting,0.998,1,GREEN,1,1
sitting,sitting,0.998,1,GREEN,1,1
sitting,sitting,0.997,1,GREEN,1,1
sitting,sitting,0.997,1,GREEN,1,1
sitting,sitting,0.997,1,GREEN,1,1
sitting,sitting,0.997,1,GREEN,1,1
sitting,sitting,0.997,1,GREEN,1,1
sitting,sitting,0.998,1,GREEN,1,1
sitting,sitting,0.998,1,GREEN,1,1
sitting,sitting,0.998,1,GREEN,1,1
sitting,sitting,0.997,1,GREEN,1,1
sitting,sitting,0.997,1,GREEN,1,1
sitting,sitting,0.993,1,GREEN,1,1
sitting,sitting,0.988,1,GREEN,1,1
sitting,sitting,0.985,1,GREEN,1,1
sitting,sitting,0.972,1,GREEN,1,1
sitting,sitting,0.909,1,GREEN,1,1
sitting,sitting,0.912,1,GREEN,1,1
sitting,sitting,0.982,1,GREEN,1,1
sitting,sitting,0.99,1,GREEN,1,1
sitting,sitting,0.994,1,GREEN,1,1
sitting,sitting,0.986,1,GREEN,1,1
sitting,sitting,0.981,1,GREEN,1,1
sitting,sitting,0.987,1,GREEN,1,1
sitting,sitting,0.956,1,GREEN,1,1
sitting,sitting,0.902,1,GREEN,1,1
sitting,sitting,0.973,1,GREEN,1,1
sitting,sitting,0.99,1,GREEN,1,1
sitting,sitting,0.992,1,GREEN,1,1
sitting,sitting,0.982,1,GREEN,1,1
sitting,sitting,0.988,1,GREEN,1,1
sitting,sitting,0.992,1,GREEN,1,1
sitting,sitting,0.991,1,GREEN,1,1
sitting,sitting,0.991,1,GREEN,1,1
sitting,sitting,0.988,1,GREEN,1,1
sitting,sitting,0.988,1,GREEN,1,1
sitting,sitting,0.989,1,GREEN,1,1
sitting,sitting,0.992,1,GREEN,1,1
sitting,sitting,0.991,1,GREEN,1,1
sitting,sitting,0.99,1,GREEN,1,1
sitting,sitting,0.987,1,GREEN,1,1
sitting,sitting,0.988,1,GREEN,1,1
sitting,sitting,0.992,1,GREEN,1,1
sitting,sitting,0.992,1,GREEN,1,1
sitting,sitting,0.99,1,GREEN,1,1
sitting,sitting,0.987,1,GREEN,1,1
sitting,sitting,0.989,1,GREEN,1,1
sitting,sitting,0.991,1,GREEN,1,1
sitting,sitting,0.993,1,GREEN,1,1
sitting,sitting,0.991,1,GREEN,1,1
sitting,sitting,0.99,1,GREEN,1,1
sitting,sitting,0.993,1,GREEN,1,1
sitting,sitting,0.994,1,GREEN,1,1
sitting,sitting,0.993,1,GREEN,1,1
sitting,sitting,0.994,1,GREEN,1,1
sitting,sitting,0.995,1,GREEN,1,1
sitting,sitting,0.995,1,GREEN,1,1
sitting,sitting,0.994,1,GREEN,1,1
sitting,sitting,0.995,1,GREEN,1,1
sitting,sitting,0.993,1,GREEN,1,1
sitting,sitting,0.989,1,GREEN,1,1
sitting,sitting,0.987,1,GREEN,1,1
sitting,sitting,0.984,1,GREEN,1,1
sitting,sitting,0.986,1,GREEN,1,1
sitting,sitting,0.991,1,GREEN,1,1
sitting,sitting,0.993,1,GREEN,1,1
sitting,sitting,0.992,1,GREEN,1,1
sitting,sitting,0.994,1,GREEN,1,1
sitting,sitting,0.994,1,GREEN,1,1
sitting,sitting,0.995,1,GREEN,1,1
sitting,sitting,0.996,1,GREEN,1,1
sitting,sitting,0.996,1,GREEN,1,1
sitting,sitting,0.996,1,GREEN,1,1
sitting,sitting,0.996,1,GREEN,1,1
sitting,sitting,0.996,1,GREEN,1,1
sitting,sitting,0.997,1,GREEN,1,1
sitting,sitting,0.996,1,GREEN,1,1
sitting,sitting,0.997,1,GREEN,1,1
sitting,sitting,0.997,1,GREEN,1,1
sitting,sitting,0.997,1,GREEN,1,1
sitting,sitting,0.996,1,GREEN,1,1
sitting,sitting,0.996,1,GREEN,1,1
sitting,sitting,0.994,1,GREEN,1,1
sitting,sitting,0.985,1,GREEN,1,1
sitting,sitting,0.984,1,GREEN,1,1
sitting,sitting,0.986,1,GREEN,1,1
sitting,sitting,0.982,1,GREEN,1,1
sitting,sitting,0.988,1,GREEN,1,1
sitting,sitting,0.99,1,GREEN,1,1
sitting,sitting,0.822,1,GREEN,1,1
sitting,sitting,0.745,1,YELLOW,1,1
sitting,sitting,0.855,1,GREEN,1,1
sitting,sitting,0.962,1,GREEN,1,1
sitting,sitting,0.986,1,GREEN,1,1
sitting,sitting,0.993,1,GREEN,1,1
sitting,sitting,0.992,1,GREEN,1,1
sitting,sitting,0.993,1,GREEN,1,1
sitting,sitting,0.995,1,GREEN,1,1
sitting,sitting,0.993,1,GREEN,1,1
sitting,sitting,0.993,1,GREEN,1,1
sitting,sitting,0.993,1,GREEN,1,1
sitting,sitting,0.993,1,GREEN,1,1
sitting,sitting,0.994,1,GREEN,1,1
sitting,sitting,0.992,1,GREEN,1,1
sitting,sitting,0.992,1,GREEN,1,1
sitting,sitting,0.99,1,GREEN,1,1
sitting,sitting,0.991,1,GREEN,1,1
sitting,sitting,0.99,1,GREEN,1,1
sitting,sitting,0.99,1,GREEN,1,1
sitting,sitting,0.978,1,GREEN,1,1
sitting,sitting,0.947,1,GREEN,1,1
sitting,sitting,0.958,1,GREEN,1,1
sitting,sitting,0.977,1,GREEN,1,1
sitting,sitting,0.988,1,GREEN,1,1
sitting,sitting,0.977,1,GREEN,1,1
sitting,sitting,0.955,1,GREEN,1,1
sitting,sitting,0.992,1,GREEN,1,1
sitting,sitting,0.995,1,GREEN,1,1
sitting,sitting,0.994,1,GREEN,1,1
sitting,sitting,0.993,1,GREEN,1,1
sitting,sitting,0.993,1,GREEN,1,1
sitting,sitting,0.994,1,GREEN,1,1
sitting,sitting,0.993,1,GREEN,1,1
sitting,sitting,0.994,1,GREEN,1,1
sitting,sitting,0.995,1,GREEN,1,1
sitting,sitting,0.994,1,GREEN,1,1
sitting,sitting,0.994,1,GREEN,1,1
sitting,sitting,0.994,1,GREEN,1,1
sitting,sitting,0.994,1,GREEN,1,1
sitting,sitting,0.996,1,GREEN,1,1
sitting,sitting,0.995,1,GREEN,1,1
sitting,sitting,0.991,1,GREEN,1,1
sitting,sitting,0.991,1,GREEN,1,1
sitting,sitting,0.995,1,GREEN,1,1
sitting,sitting,0.995,1,GREEN,1,1
sitting,sitting,0.995,1,GREEN,1,1
sitting,sitting,0.995,1,GREEN,1,1
sitting,sitting,0.995,1,GREEN,1,1
sitting,sitting,0.995,1,GREEN,1,1
sitting,sitting,0.994,1,GREEN,1,1
sitting,sitting,0.991,1,GREEN,1,1
sitting,sitting,0.994,1,GREEN,1,1
sitting,sitting,0.99,1,GREEN,1,1
sitting,sitting,0.978,1,GREEN,1,1
sitting,sitting,0.982,1,GREEN,1,1
sitting,sitting,0.993,1,GREEN,1,1
sitting,sitting,0.992,1,GREEN,1,1
sitting,sitting,0.993,1,GREEN,1,1
sitting,sitting,0.991,1,GREEN,1,1
sitting,sitting,0.989,1,GREEN,1,1
sitting,sitting,0.991,1,GREEN,1,1
sitting,sitting,0.995,1,GREEN,1,1
sitting,sitting,0.994,1,GREEN,1,1
sitting,sitting,0.99,1,GREEN,1,1
sitting,sitting,0.97,1,GREEN,1,1
sitting,sitting,0.978,1,GREEN,1,1
sitting,sitting,0.989,1,GREEN,1,1
sitting,sitting,0.985,1,GREEN,1,1
sitting,sitting,0.983,1,GREEN,1,1
sitting,sitting,0.993,1,GREEN,1,1
sitting,sitting,0.988,1,GREEN,1,1
sitting,sitting,0.978,1,GREEN,1,1
sitting,sitting,0.981,1,GREEN,1,1
sitting,sitting,0.984,1,GREEN,1,1
sitting,sitting,0.989,1,GREEN,1,1
sitting,sitting,0.988,1,GREEN,1,1
sitting,sitting,0.983,1,GREEN,1,1
sitting,sitting,0.983,1,GREEN,1,1
sitting,sitting,0.989,1,GREEN,1,1
sitting,sitting,0.985,1,GREEN,1,1
sitting,sitting,0.983,1,GREEN,1,1
sitting,sitting,0.985,1,GREEN,1,1
sitting,sitting,0.991,1,GREEN,1,1
sitting,sitting,0.993,1,GREEN,1,1
sitting,sitting,0.993,1,GREEN,1,1
sitting,sitting,0.86,1,GREEN,1,1
sitting,sitting,0.859,1,GREEN,1,1
sitting,sitting,0.925,1,GREEN,1,1
sitting,sitting,0.896,1,GREEN,1,1
sitting,sitting,0.843,1,GREEN,1,1
sitting,sitting,0.959,1,GREEN,1,1
sitting,sitting,0.953,1,GREEN,1,1
sitting,sitting,0.923,1,GREEN,1,1
sitting,sitting,0.946,1,GREEN,1,1
sitting,sitting,0.966,1,GREEN,1,1
sitting,sitting,0.946,1,GREEN,1,1
sitting,sitting,0.946,1,GREEN,1,1
sitting,sitting,0.977,1,GREEN,1,1
sitting,sitting,0.973,1,GREEN,1,1
sitting,sitting,0.973,1,GREEN,1,1
sitting,sitting,0.976,1,GREEN,1,1
sitting,sitting,0.975,1,GREEN,1,1
sitting,sitting,0.975,1,GREEN,1,1
sitting,sitting,0.972,1,GREEN,1,1
sitting,sitting,0.974,1,GREEN,1,1
sitting,sitting,0.972,1,GREEN,1,1
sitting,sitting,0.977,1,GREEN,1,1
sitting,sitting,0.971,1,GREEN,1,1
sitting,sitting,0.972,1,GREEN,1,1
sitting,sitting,0.969,1,GREEN,1,1
sitting,sitting,0.963,1,GREEN,1,1
sitting,sitting,0.92,1,GREEN,1,1
sitting,sitting,0.934,1,GREEN,1,1
sitting,sitting,0.97,1,GREEN,1,1
sitting,sitting,0.976,1,GREEN,1,1
sitting,sitting,0.977,1,GREEN,1,1
sitting,sitting,0.973,1,GREEN,1,1
sitting,sitting,0.974,1,GREEN,1,1
sitting,sitting,0.972,1,GREEN,1,1
sitting,sitting,0.974,1,GREEN,1,1
sitting,sitting,0.972,1,GREEN,1,1
sitting,sitting,0.972,1,GREEN,1,1
sitting,sitting,0.973,1,GREEN,1,1
sitting,sitting,0.974,1,GREEN,1,1
sitting,sitting,0.973,1,GREEN,1,1
sitting,sitting,0.972,1,GREEN,1,1
sitting,sitting,0.975,1,GREEN,1,1
sitting,sitting,0.976,1,GREEN,1,1
sitting,sitting,0.975,1,GREEN,1,1
sitting,sitting,0.973,1,GREEN,1,1
sitting,sitting,0.977,1,GREEN,1,1
sitting,sitting,0.973,1,GREEN,1,1
sitting,sitting,0.967,1,GREEN,1,1
sitting,sitting,0.969,1,GREEN,1,1
sitting,sitting,0.972,1,GREEN,1,1
sitting,sitting,0.965,1,GREEN,1,1
sitting,sitting,0.97,1,GREEN,1,1
sitting,sitting,0.968,1,GREEN,1,1
sitting,sitting,0.972,1,GREEN,1,1
sitting,sitting,0.974,1,GREEN,1,1
sitting,sitting,0.985,1,GREEN,1,1
sitting,sitting,0.976,1,GREEN,1,1
sitting,sitting,0.968,1,GREEN,1,1
sitting,sitting,0.977,1,GREEN,1,1
sitting,sitting,0.988,1,GREEN,1,1
sitting,sitting,0.979,1,GREEN,1,1
sitting,sitting,0.982,1,GREEN,1,1
sitting,sitting,0.988,1,GREEN,1,1
sitting,sitting,0.991,1,GREEN,1,1
sitting,sitting,0.991,1,GREEN,1,1
sitting,sitting,0.989,1,GREEN,1,1
sitting,sitting,0.99,1,GREEN,1,1
sitting,sitting,0.99,1,GREEN,1,1
sitting,sitting,0.968,1,GREEN,1,1
sitting,sitting,0.936,1,GREEN,1,1
sitting,sitting,0.973,1,GREEN,1,1
sitting,sitting,0.977,1,GREEN,1,1
sitting,sitting,0.974,1,GREEN,1,1
sitting,sitting,0.982,1,GREEN,1,1
sitting,sitting,0.988,1,GREEN,1,1
sitting,sitting,0.889,1,GREEN,1,1
sitting,sitting,0.847,1,GREEN,1,1
sitting,sitting,0.933,1,GREEN,1,1
sitting,sitting,0.933,1,GREEN,1,1
sitting,sitting,0.965,1,GREEN,1,1
sitting,sitting,0.981,1,GREEN,1,1
sitting,sitting,0.955,1,GREEN,1,1
sitting,sitting,0.62,1,YELLOW,1,1
sitting,sitting,0.356,1,RED,1,1
sitting,sitting,0.364,1,RED,1,1
sitting,sitting,0.161,1,RED,1,1
sitting,sitting,0.041,1,RED,1,1
sitting,sitting,0.031,1,RED,1,1
sitting,sitting,0.068,1,RED,1,1
sitting,sitting,0.126,1,RED,1,1
sitting,standing,0.121,0,RED,1,2
standing,standing,0.275,1,RED,2,2
standing,standing,0.35,1,RED,2,2
standing,standing,0.28,1,RED,2,2
standing,standing,0.358,1,RED,2,2
standing,standing,0.257,1,RED,2,2
standing,standing,0.392,1,RED,2,2
standing,standing,0.39,1,RED,2,2
standing,standing,0.36,1,RED,2,2
standing,standing,0.405,1,RED,2,2
standing,standing,0.264,1,RED,2,2
standing,standing,0.229,1,RED,2,2
standing,standing,0.402,1,RED,2,2
standing,standing,0.118,1,RED,2,2
standing,standing,0.186,1,RED,2,2
standing,standing,0.297,1,RED,2,2
standing,standing,0.182,1,RED,2,2
standing,standing,0.427,1,RED,2,2
standing,standing,0.18,1,RED,2,2
standing,standing,0.259,1,RED,2,2
standing,standing,0.293,1,RED,2,2
standing,standing,0.417,1,RED,2,2
standing,standing,0.63,1,YELLOW,2,2
standing,standing,0.653,1,YELLOW,2,2
standing,standing,0.544,1,YELLOW,2,2
standing,standing,0.174,1,RED,2,2
standing,standing,0.073,1,RED,2,2
standing,standing,0.06,1,RED,2,2
standing,standing,0.345,1,RED,2,2
standing,standing,0.804,1,GREEN,2,2
standing,standing,0.193,1,RED,2,2
standing,standing,0.02,1,RED,2,2
standing,standing,0.028,1,RED,2,2
standing,standing,0.138,1,RED,2,2
standing,standing,0.067,1,RED,2,2
standing,standing,0.069,1,RED,2,2
standing,standing,0.118,1,RED,2,2
standing,standing,0.281,1,RED,2,2
standing,standing,0.745,1,YELLOW,2,2
standing,standing,0.759,1,GREEN,2,2
standing,standing,0.753,1,GREEN,2,2
standing,standing,0.777,1,GREEN,2,2
standing,standing,0.795,1,GREEN,2,2
standing,standing,0.752,1,GREEN,2,2
standing,standing,0.73,1,YELLOW,2,2
standing,standing,0.696,1,YELLOW,2,2
standing,standing,0.714,1,YELLOW,2,2
standing,standing,0.744,1,YELLOW,2,2
standing,standing,0.728,1,YELLOW,2,2
standing,standing,0.693,1,YELLOW,2,2
standing,standing,0.655,1,YELLOW,2,2
standing,standing,0.719,1,YELLOW,2,2
standing,standing,0.638,1,YELLOW,2,2
standing,standing,0.731,1,YELLOW,2,2
standing,standing,0.698,1,YELLOW,2,2
standing,standing,0.465,1,YELLOW,2,2
standing,standing,0.436,1,RED,2,2
standing,standing,0.64,1,YELLOW,2,2
standing,standing,0.284,1,RED,2,2
standing,standing,0.45,1,RED,2,2
standing,standing,0.89,1,GREEN,2,2
standing,standing,0.801,1,GREEN,2,2
standing,standing,0.72,1,YELLOW,2,2
standing,standing,0.666,1,YELLOW,2,2
standing,standing,0.711,1,YELLOW,2,2
standing,standing,0.709,1,YELLOW,2,2
standing,standing,0.69,1,YELLOW,2,2
standing,standing,0.732,1,YELLOW,2,2
standing,standing,0.704,1,YELLOW,2,2
standing,standing,0.732,1,YELLOW,2,2
standing,standing,0.72,1,YELLOW,2,2
standing,standing,0.671,1,YELLOW,2,2
standing,standing,0.545,1,YELLOW,2,2
standing,standing,0.597,1,YELLOW,2,2
standing,standing,0.746,1,YELLOW,2,2
standing,standing,0.806,1,GREEN,2,2
standing,standing,0.87,1,GREEN,2,2
standing,standing,0.884,1,GREEN,2,2
standing,standing,0.842,1,GREEN,2,2
standing,standing,0.763,1,GREEN,2,2
standing,standing,0.699,1,YELLOW,2,2
standing,standing,0.667,1,YELLOW,2,2
standing,standing,0.653,1,YELLOW,2,2
standing,standing,0.658,1,YELLOW,2,2
standing,standing,0.633,1,YELLOW,2,2
standing,standing,0.538,1,YELLOW,2,2
standing,standing,0.559,1,YELLOW,2,2
standing,standing,0.549,1,YELLOW,2,2
standing,standing,0.513,1,YELLOW,2,2
standing,standing,0.495,1,YELLOW,2,2
standing,standing,0.518,1,YELLOW,2,2
standing,standing,0.561,1,YELLOW,2,2
standing,standing,0.483,1,YELLOW,2,2
standing,standing,0.587,1,YELLOW,2,2
standing,standing,0.574,1,YELLOW,2,2
standing,standing,0.506,1,YELLOW,2,2
standing,standing,0.53,1,YELLOW,2,2
standing,standing,0.59,1,YELLOW,2,2
standing,standing,0.68,1,YELLOW,2,2
standing,standing,0.711,1,YELLOW,2,2
standing,standing,0.587,1,YELLOW,2,2
standing,standing,0.623,1,YELLOW,2,2
standing,standing,0.596,1,YELLOW,2,2
standing,standing,0.616,1,YELLOW,2,2
standing,standing,0.692,1,YELLOW,2,2
standing,standing,0.714,1,YELLOW,2,2
standing,standing,0.614,1,YELLOW,2,2
standing,standing,0.572,1,YELLOW,2,2
standing,standing,0.683,1,YELLOW,2,2
standing,standing,0.643,1,YELLOW,2,2
standing,standing,0.618,1,YELLOW,2,2
standing,standing,0.626,1,YELLOW,2,2
standing,standing,0.574,1,YELLOW,2,2
standing,standing,0.627,1,YELLOW,2,2
standing,standing,0.633,1,YELLOW,2,2
standing,standing,0.538,1,YELLOW,2,2
standing,standing,0.588,1,YELLOW,2,2
standing,standing,0.576,1,YELLOW,2,2
standing,standing,0.551,1,YELLOW,2,2
standing,standing,0.554,1,YELLOW,2,2
standing,standing,0.519,1,YELLOW,2,2
standing,standing,0.589,1,YELLOW,2,2
standing,standing,0.538,1,YELLOW,2,2
standing,standing,0.525,1,YELLOW,2,2
standing,standing,0.546,1,YELLOW,2,2
standing,standing,0.569,1,YELLOW,2,2
standing,standing,0.518,1,YELLOW,2,2
standing,standing,0.477,1,YELLOW,2,2
standing,standing,0.564,1,YELLOW,2,2
standing,standing,0.614,1,YELLOW,2,2
standing,standing,0.544,1,YELLOW,2,2
standing,standing,0.669,1,YELLOW,2,2
standing,standing,0.627,1,YELLOW,2,2
standing,standing,0.586,1,YELLOW,2,2
standing,standing,0.589,1,YELLOW,2,2
standing,standing,0.569,1,YELLOW,2,2
standing,standing,0.596,1,YELLOW,2,2
standing,standing,0.584,1,YELLOW,2,2
standing,standing,0.589,1,YELLOW,2,2
standing,standing,0.644,1,YELLOW,2,2
standing,standing,0.739,1,YELLOW,2,2
standing,standing,0.722,1,YELLOW,2,2
standing,standing,0.722,1,YELLOW,2,2
standing,standing,0.407,1,RED,2,2
standing,ironing,0.193,0,RED,2,10
standing,ironing,0.103,0,RED,2,10
standing,ironing,0.01,0,RED,2,10
standing,ironing,0.008,0,RED,2,10
standing,ironing,0.005,0,RED,2,10
standing,ironing,0.007,0,RED,2,10
standing,ironing,0.015,0,RED,2,10
standing,ironing,0.051,0,RED,2,10
standing,ironing,0.087,0,RED,2,10
standing,ironing,0.117,0,RED,2,10
standing,ironing,0.121,0,RED,2,10
standing,ironing,0.077,0,RED,2,10
standing,ironing,0.062,0,RED,2,10
standing,ironing,0.075,0,RED,2,10
standing,ironing,0.115,0,RED,2,10
standing,ironing,0.084,0,RED,2,10
standing,ironing,0.06,0,RED,2,10
standing,ironing,0.005,0,RED,2,10
standing,ironing,0.003,0,RED,2,10
standing,ironing,0.014,0,RED,2,10
standing,ironing,0.125,0,RED,2,10
standing,ironing,0.53,0,YELLOW,2,10
standing,ironing,0.613,0,YELLOW,2,10
standing,ironing,0.537,0,YELLOW,2,10
standing,ironing,0.494,0,YELLOW,2,10
standing,ironing,0.444,0,RED,2,10
standing,ironing,0.467,0,YELLOW,2,10
standing,standing,0.53,1,YELLOW,2,2
standing,standing,0.179,1,RED,2,2
standing,standing,0.051,1,RED,2,2
standing,standing,0.047,1,RED,2,2
standing,standing,0.106,1,RED,2,2
standing,standing,0.557,1,YELLOW,2,2
standing,standing,0.588,1,YELLOW,2,2
standing,standing,0.514,1,YELLOW,2,2
standing,standing,0.569,1,YELLOW,2,2
standing,standing,0.52,1,YELLOW,2,2
standing,standing,0.597,1,YELLOW,2,2
standing,standing,0.585,1,YELLOW,2,2
standing,standing,0.56,1,YELLOW,2,2
standing,standing,0.628,1,YELLOW,2,2
standing,standing,0.587,1,YELLOW,2,2
standing,standing,0.561,1,YELLOW,2,2
standing,standing,0.606,1,YELLOW,2,2
standing,standing,0.66,1,YELLOW,2,2
standing,standing,0.664,1,YELLOW,2,2
standing,standing,0.621,1,YELLOW,2,2
standing,standing,0.596,1,YELLOW,2,2
standing,standing,0.625,1,YELLOW,2,2
standing,standing,0.565,1,YELLOW,2,2
standing,standing,0.558,1,YELLOW,2,2
standing,standing,0.581,1,YELLOW,2,2
standing,standing,0.419,1,RED,2,2
standing,standing,0.371,1,RED,2,2
standing,standing,0.168,1,RED,2,2
standing,standing,0.254,1,RED,2,2
standing,standing,0.226,1,RED,2,2
standing,standing,0.114,1,RED,2,2
standing,standing,0.063,1,RED,2,2
standing,standing,0.194,1,RED,2,2
standing,ironing,0.294,0,RED,2,10
standing,ironing,0.347,0,RED,2,10
standing,ironing,0.268,0,RED,2,10
standing,ironing,0.215,0,RED,2,10
standing,ironing,0.222,0,RED,2,10
standing,ironing,0.162,0,RED,2,10
standing,ironing,0.136,0,RED,2,10
standing,ironing,0.359,0,RED,2,10
standing,ironing,0.381,0,RED,2,10
standing,ironing,0.402,0,RED,2,10
standing,ironing,0.121,0,RED,2,10
standing,ironing,0.02,0,RED,2,10
standing,ironing,0.017,0,RED,2,10
standing,ironing,0.044,0,RED,2,10
standing,ironing,0.019,0,RED,2,10
standing,ironing,0.019,0,RED,2,10
standing,ironing,0.021,0,RED,2,10
standing,ironing,0.039,0,RED,2,10
standing,ironing,0.095,0,RED,2,10
standing,ironing,0.18,0,RED,2,10
standing,ironing,0.206,0,RED,2,10
standing,ironing,0.228,0,RED,2,10
standing,ironing,0.225,0,RED,2,10
standing,ironing,0.231,0,RED,2,10
standing,ironing,0.27,0,RED,2,10
standing,ironing,0.307,0,RED,2,10
standing,ironing,0.312,0,RED,2,10
standing,ironing,0.291,0,RED,2,10
standing,ironing,0.405,0,RED,2,10
standing,ironing,0.469,0,YELLOW,2,10
standing,ironing,0.036,0,RED,2,10
standing,ironing,0.005,0,RED,2,10
standing,ironing,0.004,0,RED,2,10
standing,ironing,0.011,0,RED,2,10
standing,ironing,0.026,0,RED,2,10
standing,ironing,0.048,0,RED,2,10
standing,ironing,0.056,0,RED,2,10
standing,ironing,0.293,0,RED,2,10
standing,ironing,0.288,0,RED,2,10
standing,ironing,0.211,0,RED,2,10
standing,ironing,0.186,0,RED,2,10
standing,ironing,0.163,0,RED,2,10
standing,ironing,0.214,0,RED,2,10
standing,ironing,0.244,0,RED,2,10
standing,ironing,0.253,0,RED,2,10
standing,ironing,0.072,0,RED,2,10
standing,ironing,0.018,0,RED,2,10
standing,ironing,0.02,0,RED,2,10
standing,ironing,0.061,0,RED,2,10
standing,ironing,0.336,0,RED,2,10
standing,ironing,0.223,0,RED,2,10
standing,ironing,0.182,0,RED,2,10
standing,ironing,0.177,0,RED,2,10
standing,ironing,0.147,0,RED,2,10
standing,ironing,0.16,0,RED,2,10
standing,ironing,0.222,0,RED,2,10
standing,ironing,0.305,0,RED,2,10
standing,ironing,0.22,0,RED,2,10
standing,ironing,0.276,0,RED,2,10
standing,ironing,0.199,0,RED,2,10
standing,ironing,0.158,0,RED,2,10
standing,ironing,0.153,0,RED,2,10
standing,ironing,0.209,0,RED,2,10
standing,ironing,0.261,0,RED,2,10
standing,ironing,0.269,0,RED,2,10
standing,ironing,0.215,0,RED,2,10
standing,ironing,0.228,0,RED,2,10
standing,ironing,0.238,0,RED,2,10
standing,ironing,0.217,0,RED,2,10
standing,ironing,0.229,0,RED,2,10
standing,ironing,0.203,0,RED,2,10
standing,ironing,0.141,0,RED,2,10
standing,ironing,0.201,0,RED,2,10
standing,ironing,0.177,0,RED,2,10
standing,standing,0.189,1,RED,2,2
standing,standing,0.063,1,RED,2,2
standing,standing,0.04,1,RED,2,2
standing,standing,0.049,1,RED,2,2
standing,standing,0.141,1,RED,2,2
standing,standing,0.142,1,RED,2,2
standing,standing,0.155,1,RED,2,2
standing,standing,0.26,1,RED,2,2
standing,standing,0.315,1,RED,2,2
standing,standing,0.259,1,RED,2,2
standing,standing,0.284,1,RED,2,2
standing,standing,0.328,1,RED,2,2
standing,standing,0.329,1,RED,2,2
standing,standing,0.363,1,RED,2,2
standing,standing,0.351,1,RED,2,2
standing,standing,0.311,1,RED,2,2
standing,standing,0.295,1,RED,2,2
standing,standing,0.294,1,RED,2,2
standing,standing,0.236,1,RED,2,2
standing,standing,0.247,1,RED,2,2
standing,standing,0.201,1,RED,2,2
standing,standing,0.258,1,RED,2,2
standing,standing,0.222,1,RED,2,2
standing,standing,0.263,1,RED,2,2
standing,standing,0.3,1,RED,2,2
standing,standing,0.291,1,RED,2,2
standing,standing,0.301,1,RED,2,2
standing,standing,0.274,1,RED,2,2
standing,standing,0.36,1,RED,2,2
standing,standing,0.446,1,RED,2,2
standing,standing,0.514,1,YELLOW,2,2
standing,standing,0.319,1,RED,2,2
standing,standing,0.182,1,RED,2,2
standing,standing,0.23,1,RED,2,2
standing,standing,0.292,1,RED,2,2
standing,standing,0.366,1,RED,2,2
standing,standing,0.387,1,RED,2,2
standing,standing,0.369,1,RED,2,2
standing,standing,0.376,1,RED,2,2
standing,standing,0.348,1,RED,2,2
standing,standing,0.352,1,RED,2,2
standing,standing,0.309,1,RED,2,2
standing,standing,0.272,1,RED,2,2
standing,standing,0.334,1,RED,2,2
standing,standing,0.336,1,RED,2,2
standing,standing,0.364,1,RED,2,2
standing,standing,0.321,1,RED,2,2
standing,standing,0.256,1,RED,2,2
standing,standing,0.227,1,RED,2,2
standing,standing,0.299,1,RED,2,2
standing,standing,0.371,1,RED,2,2
standing,standing,0.418,1,RED,2,2
standing,standing,0.364,1,RED,2,2
standing,standing,0.35,1,RED,2,2
standing,standing,0.206,1,RED,2,2
standing,ironing,0.136,0,RED,2,10
standing,ironing,0.167,0,RED,2,10
standing,ironing,0.245,0,RED,2,10
standing,ironing,0.275,0,RED,2,10
standing,ironing,0.236,0,RED,2,10
standing,ironing,0.224,0,RED,2,10
standing,ironing,0.255,0,RED,2,10
standing,ironing,0.255,0,RED,2,10
standing,ironing,0.224,0,RED,2,10
standing,ironing,0.273,0,RED,2,10
standing,ironing,0.235,0,RED,2,10
standing,ironing,0.147,0,RED,2,10
standing,ironing,0.227,0,RED,2,10
standing,ironing,0.333,0,RED,2,10
standing,ironing,0.31,0,RED,2,10
standing,ironing,0.228,0,RED,2,10
standing,ironing,0.294,0,RED,2,10
standing,ironing,0.281,0,RED,2,10
standing,ironing,0.392,0,RED,2,10
standing,ironing,0.307,0,RED,2,10
standing,ironing,0.224,0,RED,2,10
standing,ironing,0.054,0,RED,2,10
standing,ironing,0.063,0,RED,2,10
standing,ironing,0.048,0,RED,2,10
standing,ironing,0.025,0,RED,2,10
standing,ironing,0.057,0,RED,2,10
standing,ironing,0.042,0,RED,2,10
standing,ironing,0.098,0,RED,2,10
standing,ironing,0.071,0,RED,2,10
standing,ironing,0.055,0,RED,2,10
standing,ironing,0.1,0,RED,2,10
standing,ironing,0.226,0,RED,2,10
standing,ironing,0.189,0,RED,2,10
standing,ironing,0.154,0,RED,2,10
standing,ironing,0.187,0,RED,2,10
standing,ironing,0.13,0,RED,2,10
standing,ironing,0.013,0,RED,2,10
standing,ironing,0.005,0,RED,2,10
standing,ironing,0.008,0,RED,2,10
standing,ironing,0.105,0,RED,2,10
standing,ironing,0.446,0,RED,2,10
standing,ironing,0.376,0,RED,2,10
standing,ironing,0.631,0,YELLOW,2,10
standing,ironing,0.558,0,YELLOW,2,10
standing,ironing,0.359,0,RED,2,10
standing,ironing,0.197,0,RED,2,10
standing,ironing,0.042,0,RED,2,10
standing,ironing,0.012,0,RED,2,10
standing,ironing,0.007,0,RED,2,10
standing,ironing,0.008,0,RED,2,10
standing,ironing,0.006,0,RED,2,10
standing,ironing,0.006,0,RED,2,10
standing,ironing,0.009,0,RED,2,10
standing,ironing,0.009,0,RED,2,10
standing,ironing,0.01,0,RED,2,10
standing,ironing,0.015,0,RED,2,10
standing,ironing,0.025,0,RED,2,10
standing,ironing,0.045,0,RED,2,10
standing,ironing,0.076,0,RED,2,10
standing,ironing,0.093,0,RED,2,10
standing,ironing,0.083,0,RED,2,10
standing,ironing,0.109,0,RED,2,10
standing,ironing,0.071,0,RED,2,10
standing,ironing,0.05,0,RED,2,10
standing,ironing,0.072,0,RED,2,10
standing,ironing,0.089,0,RED,2,10
standing,ironing,0.076,0,RED,2,10
standing,ironing,0.062,0,RED,2,10
standing,ironing,0.053,0,RED,2,10
standing,ironing,0.032,0,RED,2,10
standing,ironing,0.044,0,RED,2,10
standing,ironing,0.09,0,RED,2,10
standing,ironing,0.095,0,RED,2,10
standing,ironing,0.08,0,RED,2,10
standing,ironing,0.122,0,RED,2,10
standing,ironing,0.128,0,RED,2,10
standing,ironing,0.116,0,RED,2,10
standing,ironing,0.117,0,RED,2,10
standing,ironing,0.094,0,RED,2,10
standing,ironing,0.069,0,RED,2,10
standing,ironing,0.073,0,RED,2,10
standing,ironing,0.059,0,RED,2,10
standing,ironing,0.085,0,RED,2,10
standing,ironing,0.098,0,RED,2,10
standing,ironing,0.104,0,RED,2,10
standing,ironing,0.08,0,RED,2,10
standing,ironing,0.086,0,RED,2,10
standing,ironing,0.092,0,RED,2,10
standing,ironing,0.097,0,RED,2,10
standing,ironing,0.093,0,RED,2,10
standing,ironing,0.071,0,RED,2,10
standing,ironing,0.087,0,RED,2,10
standing,ironing,0.092,0,RED,2,10
standing,ironing,0.101,0,RED,2,10
standing,ironing,0.115,0,RED,2,10
standing,ironing,0.1,0,RED,2,10
standing,ironing,0.105,0,RED,2,10
standing,ironing,0.106,0,RED,2,10
standing,ironing,0.099,0,RED,2,10
standing,ironing,0.107,0,RED,2,10
standing,ironing,0.102,0,RED,2,10
standing,ironing,0.09,0,RED,2,10
standing,ironing,0.1,0,RED,2,10
standing,ironing,0.106,0,RED,2,10
standing,ironing,0.088,0,RED,2,10
standing,ironing,0.098,0,RED,2,10
standing,ironing,0.112,0,RED,2,10
standing,ironing,0.117,0,RED,2,10
standing,ironing,0.114,0,RED,2,10
standing,ironing,0.106,0,RED,2,10
standing,ironing,0.1,0,RED,2,10
standing,sitting,0.086,0,RED,2,1
standing,sitting,0.074,0,RED,2,1
standing,sitting,0.094,0,RED,2,1
standing,sitting,0.098,0,RED,2,1
standing,sitting,0.081,0,RED,2,1
standing,sitting,0.075,0,RED,2,1
standing,sitting,0.093,0,RED,2,1
standing,sitting,0.096,0,RED,2,1
standing,sitting,0.088,0,RED,2,1
standing,sitting,0.099,0,RED,2,1
standing,sitting,0.083,0,RED,2,1
standing,sitting,0.09,0,RED,2,1
standing,sitting,0.113,0,RED,2,1
standing,sitting,0.102,0,RED,2,1
standing,sitting,0.1,0,RED,2,1
standing,sitting,0.108,0,RED,2,1
standing,sitting,0.101,0,RED,2,1
standing,sitting,0.086,0,RED,2,1
standing,sitting,0.104,0,RED,2,1
standing,sitting,0.114,0,RED,2,1
standing,sitting,0.108,0,RED,2,1
standing,sitting,0.111,0,RED,2,1
standing,sitting,0.093,0,RED,2,1
standing,sitting,0.075,0,RED,2,1
standing,sitting,0.092,0,RED,2,1
standing,sitting,0.102,0,RED,2,1
standing,sitting,0.109,0,RED,2,1
standing,sitting,0.096,0,RED,2,1
standing,sitting,0.077,0,RED,2,1
standing,sitting,0.074,0,RED,2,1
standing,sitting,0.104,0,RED,2,1
standing,sitting,0.105,0,RED,2,1
standing,ironing,0.099,0,RED,2,10
standing,ironing,0.094,0,RED,2,10
standing,ironing,0.096,0,RED,2,10
standing,ironing,0.104,0,RED,2,10
standing,ironing,0.075,0,RED,2,10
ironing,ironing,0.203,1,RED,10,10
ironing,ironing,0.285,1,RED,10,10
ironing,ironing,0.141,1,RED,10,10
ironing,ironing,0.117,1,RED,10,10
ironing,ironing,0.205,1,RED,10,10
ironing,ironing,0.88,1,GREEN,10,10
ironing,ironing,0.636,1,YELLOW,10,10
ironing,ironing,0.477,1,YELLOW,10,10
ironing,ironing,0.52,1,YELLOW,10,10
ironing,ironing,0.85,1,GREEN,10,10
ironing,ironing,0.812,1,GREEN,10,10
ironing,ironing,0.955,1,GREEN,10,10
ironing,ironing,0.975,1,GREEN,10,10
ironing,ironing,0.978,1,GREEN,10,10
ironing,ironing,0.98,1,GREEN,10,10
ironing,ironing,0.974,1,GREEN,10,10
ironing,ironing,0.938,1,GREEN,10,10
ironing,ironing,0.951,1,GREEN,10,10
ironing,ironing,0.977,1,GREEN,10,10
ironing,ironing,0.981,1,GREEN,10,10
ironing,ironing,0.983,1,GREEN,10,10
ironing,ironing,0.963,1,GREEN,10,10
ironing,ironing,0.963,1,GREEN,10,10
ironing,ironing,0.987,1,GREEN,10,10
ironing,ironing,0.985,1,GREEN,10,10
ironing,ironing,0.98,1,GREEN,10,10
ironing,ironing,0.977,1,GREEN,10,10
ironing,ironing,0.961,1,GREEN,10,10
ironing,ironing,0.952,1,GREEN,10,10
ironing,ironing,0.941,1,GREEN,10,10
ironing,ironing,0.962,1,GREEN,10,10
ironing,ironing,0.982,1,GREEN,10,10
ironing,ironing,0.985,1,GREEN,10,10
ironing,ironing,0.986,1,GREEN,10,10
ironing,ironing,0.985,1,GREEN,10,10
ironing,ironing,0.979,1,GREEN,10,10
ironing,ironing,0.973,1,GREEN,10,10
ironing,ironing,0.956,1,GREEN,10,10
ironing,ironing,0.917,1,GREEN,10,10
ironing,ironing,0.891,1,GREEN,10,10
ironing,ironing,0.948,1,GREEN,10,10
ironing,ironing,0.924,1,GREEN,10,10
ironing,ironing,0.832,1,GREEN,10,10
ironing,ironing,0.891,1,GREEN,10,10
ironing,ironing,0.931,1,GREEN,10,10
ironing,ironing,0.948,1,GREEN,10,10
ironing,ironing,0.978,1,GREEN,10,10
ironing,ironing,0.961,1,GREEN,10,10
ironing,ironing,0.917,1,GREEN,10,10
ironing,ironing,0.947,1,GREEN,10,10
ironing,ironing,0.86,1,GREEN,10,10
ironing,ironing,0.896,1,GREEN,10,10
ironing,ironing,0.955,1,GREEN,10,10
ironing,ironing,0.971,1,GREEN,10,10
ironing,ironing,0.967,1,GREEN,10,10
ironing,ironing,0.95,1,GREEN,10,10
ironing,ironing,0.953,1,GREEN,10,10
ironing,ironing,0.972,1,GREEN,10,10
ironing,ironing,0.948,1,GREEN,10,10
ironing,ironing,0.949,1,GREEN,10,10
ironing,ironing,0.963,1,GREEN,10,10
ironing,ironing,0.945,1,GREEN,10,10
ironing,ironing,0.938,1,GREEN,10,10
ironing,ironing,0.945,1,GREEN,10,10
ironing,ironing,0.97,1,GREEN,10,10
ironing,ironing,0.958,1,GREEN,10,10
ironing,ironing,0.923,1,GREEN,10,10
ironing,ironing,0.887,1,GREEN,10,10
ironing,ironing,0.847,1,GREEN,10,10
ironing,ironing,0.906,1,GREEN,10,10
ironing,ironing,0.945,1,GREEN,10,10
ironing,ironing,0.958,1,GREEN,10,10
ironing,ironing,0.972,1,GREEN,10,10
ironing,ironing,0.977,1,GREEN,10,10
ironing,ironing,0.969,1,GREEN,10,10
ironing,ironing,0.934,1,GREEN,10,10
ironing,ironing,0.966,1,GREEN,10,10
ironing,ironing,0.972,1,GREEN,10,10
ironing,ironing,0.956,1,GREEN,10,10
ironing,ironing,0.958,1,GREEN,10,10
ironing,ironing,0.969,1,GREEN,10,10
ironing,ironing,0.954,1,GREEN,10,10
ironing,ironing,0.92,1,GREEN,10,10
ironing,ironing,0.933,1,GREEN,10,10
ironing,ironing,0.947,1,GREEN,10,10
ironing,ironing,0.969,1,GREEN,10,10
ironing,ironing,0.971,1,GREEN,10,10
ironing,ironing,0.967,1,GREEN,10,10
ironing,ironing,0.963,1,GREEN,10,10
ironing,ironing,0.957,1,GREEN,10,10
ironing,ironing,0.971,1,GREEN,10,10
ironing,ironing,0.977,1,GREEN,10,10
ironing,ironing,0.961,1,GREEN,10,10
ironing,ironing,0.94,1,GREEN,10,10
ironing,ironing,0.949,1,GREEN,10,10
ironing,ironing,0.976,1,GREEN,10,10
ironing,ironing,0.977,1,GREEN,10,10
ironing,ironing,0.98,1,GREEN,10,10
ironing,ironing,0.973,1,GREEN,10,10
ironing,ironing,0.973,1,GREEN,10,10
ironing,ironing,0.972,1,GREEN,10,10
ironing,ironing,0.972,1,GREEN,10,10
ironing,ironing,0.934,1,GREEN,10,10
ironing,ironing,0.935,1,GREEN,10,10
ironing,ironing,0.973,1,GREEN,10,10
ironing,ironing,0.971,1,GREEN,10,10
ironing,ironing,0.952,1,GREEN,10,10
ironing,ironing,0.894,1,GREEN,10,10
ironing,ironing,0.938,1,GREEN,10,10
ironing,ironing,0.958,1,GREEN,10,10
ironing,ironing,0.97,1,GREEN,10,10
ironing,ironing,0.956,1,GREEN,10,10
ironing,ironing,0.963,1,GREEN,10,10
ironing,ironing,0.97,1,GREEN,10,10
ironing,ironing,0.961,1,GREEN,10,10
ironing,ironing,0.945,1,GREEN,10,10
ironing,ironing,0.972,1,GREEN,10,10
ironing,ironing,0.964,1,GREEN,10,10
ironing,ironing,0.948,1,GREEN,10,10
ironing,ironing,0.972,1,GREEN,10,10
ironing,ironing,0.977,1,GREEN,10,10
ironing,ironing,0.979,1,GREEN,10,10
ironing,ironing,0.984,1,GREEN,10,10
ironing,ironing,0.972,1,GREEN,10,10
ironing,ironing,0.978,1,GREEN,10,10
ironing,ironing,0.984,1,GREEN,10,10
ironing,ironing,0.982,1,GREEN,10,10
ironing,ironing,0.982,1,GREEN,10,10
ironing,ironing,0.984,1,GREEN,10,10
ironing,ironing,0.983,1,GREEN,10,10
ironing,ironing,0.973,1,GREEN,10,10
ironing,ironing,0.944,1,GREEN,10,10
ironing,ironing,0.951,1,GREEN,10,10
ironing,ironing,0.976,1,GREEN,10,10
ironing,ironing,0.978,1,GREEN,10,10
ironing,ironing,0.978,1,GREEN,10,10
ironing,ironing,0.935,1,GREEN,10,10
ironing,ironing,0.951,1,GREEN,10,10
ironing,ironing,0.963,1,GREEN,10,10
ironing,ironing,0.966,1,GREEN,10,10
ironing,ironing,0.97,1,GREEN,10,10
ironing,ironing,0.979,1,GREEN,10,10
ironing,ironing,0.981,1,GREEN,10,10
ironing,ironing,0.98,1,GREEN,10,10
ironing,ironing,0.975,1,GREEN,10,10
ironing,ironing,0.983,1,GREEN,10,10
ironing,ironing,0.984,1,GREEN,10,10
ironing,ironing,0.974,1,GREEN,10,10
ironing,ironing,0.98,1,GREEN,10,10
ironing,ironing,0.986,1,GREEN,10,10
ironing,ironing,0.987,1,GREEN,10,10
ironing,ironing,0.987,1,GREEN,10,10
ironing,ironing,0.984,1,GREEN,10,10
ironing,ironing,0.983,1,GREEN,10,10
ironing,ironing,0.984,1,GREEN,10,10
ironing,ironing,0.977,1,GREEN,10,10
ironing,ironing,0.937,1,GREEN,10,10
ironing,ironing,0.919,1,GREEN,10,10
ironing,ironing,0.912,1,GREEN,10,10
ironing,ironing,0.955,1,GREEN,10,10
ironing,ironing,0.961,1,GREEN,10,10
ironing,ironing,0.98,1,GREEN,10,10
ironing,ironing,0.984,1,GREEN,10,10
ironing,ironing,0.98,1,GREEN,10,10
ironing,ironing,0.972,1,GREEN,10,10
ironing,ironing,0.97,1,GREEN,10,10
ironing,ironing,0.968,1,GREEN,10,10
ironing,ironing,0.972,1,GREEN,10,10
ironing,ironing,0.967,1,GREEN,10,10
ironing,ironing,0.971,1,GREEN,10,10
ironing,ironing,0.97,1,GREEN,10,10
ironing,ironing,0.97,1,GREEN,10,10
ironing,ironing,0.97,1,GREEN,10,10
ironing,ironing,0.961,1,GREEN,10,10
ironing,ironing,0.968,1,GREEN,10,10
ironing,ironing,0.951,1,GREEN,10,10
ironing,ironing,0.929,1,GREEN,10,10
ironing,ironing,0.932,1,GREEN,10,10
ironing,ironing,0.968,1,GREEN,10,10
ironing,ironing,0.966,1,GREEN,10,10
ironing,ironing,0.971,1,GREEN,10,10
ironing,ironing,0.984,1,GREEN,10,10
ironing,ironing,0.982,1,GREEN,10,10
ironing,ironing,0.973,1,GREEN,10,10
ironing,ironing,0.951,1,GREEN,10,10
ironing,ironing,0.931,1,GREEN,10,10
ironing,ironing,0.899,1,GREEN,10,10
ironing,ironing,0.966,1,GREEN,10,10
ironing,ironing,0.983,1,GREEN,10,10
ironing,ironing,0.983,1,GREEN,10,10
ironing,ironing,0.982,1,GREEN,10,10
ironing,ironing,0.976,1,GREEN,10,10
ironing,ironing,0.985,1,GREEN,10,10
ironing,ironing,0.986,1,GREEN,10,10
ironing,ironing,0.976,1,GREEN,10,10
ironing,ironing,0.975,1,GREEN,10,10
ironing,ironing,0.977,1,GREEN,10,10
ironing,ironing,0.981,1,GREEN,10,10
ironing,ironing,0.977,1,GREEN,10,10
ironing,ironing,0.957,1,GREEN,10,10
ironing,ironing,0.925,1,GREEN,10,10
ironing,ironing,0.925,1,GREEN,10,10
ironing,ironing,0.959,1,GREEN,10,10
ironing,ironing,0.908,1,GREEN,10,10
ironing,ironing,0.859,1,GREEN,10,10
ironing,ironing,0.954,1,GREEN,10,10
ironing,ironing,0.955,1,GREEN,10,10
ironing,ironing,0.981,1,GREEN,10,10
ironing,ironing,0.981,1,GREEN,10,10
ironing,ironing,0.985,1,GREEN,10,10
ironing,ironing,0.98,1,GREEN,10,10
ironing,ironing,0.983,1,GREEN,10,10
ironing,ironing,0.981,1,GREEN,10,10
ironing,ironing,0.982,1,GREEN,10,10
ironing,ironing,0.985,1,GREEN,10,10
ironing,ironing,0.985,1,GREEN,10,10
ironing,ironing,0.98,1,GREEN,10,10
ironing,ironing,0.979,1,GREEN,10,10
ironing,ironing,0.974,1,GREEN,10,10
ironing,ironing,0.977,1,GREEN,10,10
ironing,ironing,0.952,1,GREEN,10,10
ironing,ironing,0.921,1,GREEN,10,10
ironing,ironing,0.972,1,GREEN,10,10
ironing,ironing,0.95,1,GREEN,10,10
ironing,ironing,0.961,1,GREEN,10,10
ironing,ironing,0.981,1,GREEN,10,10
ironing,ironing,0.984,1,GREEN,10,10
ironing,ironing,0.982,1,GREEN,10,10
ironing,ironing,0.971,1,GREEN,10,10
ironing,ironing,0.965,1,GREEN,10,10
ironing,ironing,0.969,1,GREEN,10,10
ironing,ironing,0.976,1,GREEN,10,10
ironing,ironing,0.97,1,GREEN,10,10
ironing,ironing,0.975,1,GREEN,10,10
ironing,ironing,0.981,1,GREEN,10,10
ironing,ironing,0.98,1,GREEN,10,10
ironing,ironing,0.983,1,GREEN,10,10
ironing,ironing,0.979,1,GREEN,10,10
ironing,ironing,0.964,1,GREEN,10,10
ironing,ironing,0.883,1,GREEN,10,10
ironing,ironing,0.91,1,GREEN,10,10
ironing,ironing,0.617,1,YELLOW,10,10
ironing,ironing,0.05,1,RED,10,10
ironing,ironing,0.028,1,RED,10,10
ironing,ironing,0.924,1,GREEN,10,10
ironing,ironing,0.976,1,GREEN,10,10
ironing,ironing,0.971,1,GREEN,10,10
ironing,ironing,0.967,1,GREEN,10,10
ironing,ironing,0.967,1,GREEN,10,10
ironing,ironing,0.939,1,GREEN,10,10
ironing,ironing,0.941,1,GREEN,10,10
ironing,ironing,0.932,1,GREEN,10,10
ironing,ironing,0.949,1,GREEN,10,10
ironing,ironing,0.96,1,GREEN,10,10
ironing,ironing,0.965,1,GREEN,10,10
ironing,ironing,0.936,1,GREEN,10,10
ironing,ironing,0.927,1,GREEN,10,10
ironing,ironing,0.904,1,GREEN,10,10
ironing,ironing,0.928,1,GREEN,10,10
ironing,ironing,0.944,1,GREEN,10,10
ironing,ironing,0.952,1,GREEN,10,10
ironing,ironing,0.956,1,GREEN,10,10
ironing,ironing,0.973,1,GREEN,10,10
ironing,ironing,0.961,1,GREEN,10,10
ironing,ironing,0.933,1,GREEN,10,10
ironing,ironing,0.935,1,GREEN,10,10
ironing,ironing,0.86,1,GREEN,10,10
ironing,ironing,0.843,1,GREEN,10,10
ironing,ironing,0.959,1,GREEN,10,10
ironing,ironing,0.958,1,GREEN,10,10
ironing,ironing,0.884,1,GREEN,10,10
ironing,ironing,0.947,1,GREEN,10,10
ironing,ironing,0.974,1,GREEN,10,10
ironing,ironing,0.963,1,GREEN,10,10
ironing,ironing,0.961,1,GREEN,10,10
ironing,ironing,0.95,1,GREEN,10,10
ironing,ironing,0.938,1,GREEN,10,10
ironing,ironing,0.976,1,GREEN,10,10
ironing,ironing,0.984,1,GREEN,10,10
ironing,ironing,0.98,1,GREEN,10,10
ironing,ironing,0.969,1,GREEN,10,10
ironing,ironing,0.981,1,GREEN,10,10
ironing,ironing,0.954,1,GREEN,10,10
ironing,ironing,0.777,1,GREEN,10,10
ironing,ironing,0.531,1,YELLOW,10,10
ironing,ironing,0.533,1,YELLOW,10,10
ironing,ironing,0.93,1,GREEN,10,10
ironing,ironing,0.981,1,GREEN,10,10
ironing,ironing,0.98,1,GREEN,10,10
ironing,ironing,0.967,1,GREEN,10,10
ironing,ironing,0.959,1,GREEN,10,10
ironing,ironing,0.967,1,GREEN,10,10
ironing,ironing,0.968,1,GREEN,10,10
ironing,ironing,0.972,1,GREEN,10,10
ironing,ironing,0.981,1,GREEN,10,10
ironing,ironing,0.983,1,GREEN,10,10
ironing,ironing,0.987,1,GREEN,10,10
ironing,ironing,0.987,1,GREEN,10,10
ironing,ironing,0.985,1,GREEN,10,10
ironing,ironing,0.986,1,GREEN,10,10
ironing,ironing,0.983,1,GREEN,10,10
ironing,ironing,0.981,1,GREEN,10,10
ironing,ironing,0.98,1,GREEN,10,10
ironing,ironing,0.982,1,GREEN,10,10
ironing,ironing,0.984,1,GREEN,10,10
ironing,ironing,0.981,1,GREEN,10,10
ironing,ironing,0.984,1,GREEN,10,10
ironing,ironing,0.983,1,GREEN,10,10
ironing,ironing,0.983,1,GREEN,10,10
ironing,ironing,0.979,1,GREEN,10,10
ironing,ironing,0.967,1,GREEN,10,10
ironing,ironing,0.976,1,GREEN,10,10
ironing,ironing,0.981,1,GREEN,10,10
ironing,ironing,0.983,1,GREEN,10,10
ironing,ironing,0.982,1,GREEN,10,10
ironing,ironing,0.98,1,GREEN,10,10
ironing,ironing,0.977,1,GREEN,10,10
ironing,ironing,0.96,1,GREEN,10,10
ironing,ironing,0.958,1,GREEN,10,10
ironing,ironing,0.966,1,GREEN,10,10
ironing,ironing,0.969,1,GREEN,10,10
ironing,ironing,0.82,1,GREEN,10,10
ironing,ironing,0.753,1,GREEN,10,10
ironing,ironing,0.982,1,GREEN,10,10
ironing,ironing,0.978,1,GREEN,10,10
ironing,ironing,0.977,1,GREEN,10,10
ironing,ironing,0.975,1,GREEN,10,10
ironing,ironing,0.716,1,YELLOW,10,10
ironing,ironing,0.755,1,GREEN,10,10
ironing,ironing,0.937,1,GREEN,10,10
ironing,ironing,0.944,1,GREEN,10,10
ironing,ironing,0.864,1,GREEN,10,10
ironing,ironing,0.801,1,GREEN,10,10
ironing,ironing,0.341,1,RED,10,10
ironing,ironing,0.082,1,RED,10,10
ironing,ironing,0.879,1,GREEN,10,10
ironing,ironing,0.947,1,GREEN,10,10
ironing,ironing,0.933,1,GREEN,10,10
ironing,ironing,0.928,1,GREEN,10,10
ironing,ironing,0.815,1,GREEN,10,10
ironing,ironing,0.827,1,GREEN,10,10
ironing,ironing,0.938,1,GREEN,10,10
ironing,ironing,0.4,1,RED,10,10
ironing,ironing,0.284,1,RED,10,10
ironing,ironing,0.861,1,GREEN,10,10
ironing,ironing,0.946,1,GREEN,10,10
ironing,ironing,0.978,1,GREEN,10,10
ironing,ironing,0.97,1,GREEN,10,10
ironing,ironing,0.967,1,GREEN,10,10
ironing,ironing,0.964,1,GREEN,10,10
ironing,ironing,0.977,1,GREEN,10,10
ironing,ironing,0.971,1,GREEN,10,10
ironing,ironing,0.875,1,GREEN,10,10
ironing,ironing,0.585,1,YELLOW,10,10
ironing,ironing,0.888,1,GREEN,10,10
ironing,ironing,0.951,1,GREEN,10,10
ironing,ironing,0.953,1,GREEN,10,10
ironing,ironing,0.974,1,GREEN,10,10
ironing,ironing,0.979,1,GREEN,10,10
ironing,ironing,0.971,1,GREEN,10,10
ironing,ironing,0.973,1,GREEN,10,10
ironing,ironing,0.98,1,GREEN,10,10
ironing,ironing,0.976,1,GREEN,10,10
ironing,ironing,0.973,1,GREEN,10,10
ironing,ironing,0.89,1,GREEN,10,10
ironing,ironing,0.348,1,RED,10,10
ironing,ironing,0.409,1,RED,10,10
ironing,ironing,0.962,1,GREEN,10,10
ironing,ironing,0.962,1,GREEN,10,10
ironing,ironing,0.975,1,GREEN,10,10
ironing,ironing,0.975,1,GREEN,10,10
ironing,ironing,0.977,1,GREEN,10,10
ironing,ironing,0.976,1,GREEN,10,10
ironing,ironing,0.964,1,GREEN,10,10
ironing,ironing,0.967,1,GREEN,10,10
ironing,ironing,0.925,1,GREEN,10,10
ironing,ironing,0.037,1,RED,10,10
ironing,ironing,0.386,1,RED,10,10
ironing,ironing,0.979,1,GREEN,10,10
ironing,ironing,0.969,1,GREEN,10,10
ironing,ironing,0.949,1,GREEN,10,10
ironing,ironing,0.967,1,GREEN,10,10
ironing,ironing,0.979,1,GREEN,10,10
ironing,ironing,0.982,1,GREEN,10,10
ironing,ironing,0.98,1,GREEN,10,10
ironing,ironing,0.98,1,GREEN,10,10
ironing,ironing,0.914,1,GREEN,10,10
ironing,ironing,0.787,1,GREEN,10,10
ironing,ironing,0.931,1,GREEN,10,10
ironing,ironing,0.927,1,GREEN,10,10
ironing,ironing,0.791,1,GREEN,10,10
ironing,ironing,0.816,1,GREEN,10,10
ironing,ironing,0.845,1,GREEN,10,10
ironing,ironing,0.941,1,GREEN,10,10
ironing,ironing,0.961,1,GREEN,10,10
ironing,ironing,0.758,1,GREEN,10,10
ironing,ironing,0.766,1,GREEN,10,10
ironing,ironing,0.955,1,GREEN,10,10
ironing,ironing,0.921,1,GREEN,10,10
ironing,ironing,0.944,1,GREEN,10,10
ironing,ironing,0.963,1,GREEN,10,10
ironing,ironing,0.953,1,GREEN,10,10
ironing,ironing,0.915,1,GREEN,10,10
ironing,ironing,0.951,1,GREEN,10,10
ironing,ironing,0.948,1,GREEN,10,10
ironing,ironing,0.544,1,YELLOW,10,10
ironing,ironing,0.902,1,GREEN,10,10
ironing,ironing,0.983,1,GREEN,10,10
ironing,ironing,0.686,1,YELLOW,10,10
ironing,ironing,0.915,1,GREEN,10,10
ironing,ironing,0.957,1,GREEN,10,10
ironing,ironing,0.962,1,GREEN,10,10
ironing,ironing,0.91,1,GREEN,10,10
ironing,ironing,0.927,1,GREEN,10,10
ironing,ironing,0.973,1,GREEN,10,10
ironing,ironing,0.962,1,GREEN,10,10
ironing,ironing,0.958,1,GREEN,10,10
ironing,ironing,0.965,1,GREEN,10,10
ironing,ironing,0.943,1,GREEN,10,10
ironing,ironing,0.943,1,GREEN,10,10
ironing,ironing,0.929,1,GREEN,10,10
ironing,ironing,0.907,1,GREEN,10,10
ironing,ironing,0.771,1,GREEN,10,10
ironing,ironing,0.694,1,YELLOW,10,10
ironing,ironing,0.776,1,GREEN,10,10
ironing,ironing,0.925,1,GREEN,10,10
ironing,ironing,0.926,1,GREEN,10,10
ironing,ironing,0.959,1,GREEN,10,10
ironing,ironing,0.976,1,GREEN,10,10
ironing,ironing,0.978,1,GREEN,10,10
ironing,ironing,0.96,1,GREEN,10,10
ironing,ironing,0.933,1,GREEN,10,10
ironing,ironing,0.927,1,GREEN,10,10
ironing,ironing,0.977,1,GREEN,10,10
ironing,ironing,0.925,1,GREEN,10,10
ironing,ironing,0.846,1,GREEN,10,10
ironing,ironing,0.948,1,GREEN,10,10
ironing,ironing,0.976,1,GREEN,10,10
ironing,ironing,0.981,1,GREEN,10,10
ironing,ironing,0.982,1,GREEN,10,10
ironing,ironing,0.981,1,GREEN,10,10
ironing,ironing,0.977,1,GREEN,10,10
ironing,ironing,0.904,1,GREEN,10,10
ironing,ironing,0.549,1,YELLOW,10,10
ironing,ironing,0.204,1,RED,10,10
ironing,ironing,0.622,1,YELLOW,10,10
ironing,ironing,0.949,1,GREEN,10,10
ironing,ironing,0.917,1,GREEN,10,10
ironing,ironing,0.87,1,GREEN,10,10
ironing,ironing,0.235,1,RED,10,10
ironing,ironing,0.029,1,RED,10,10
ironing,ironing,0.794,1,GREEN,10,10
ironing,ironing,0.969,1,GREEN,10,10
ironing,ironing,0.753,1,GREEN,10,10
ironing,ironing,0.76,1,GREEN,10,10
ironing,ironing,0.904,1,GREEN,10,10
ironing,ironing,0.865,1,GREEN,10,10
ironing,ironing,0.884,1,GREEN,10,10
ironing,ironing,0.889,1,GREEN,10,10
ironing,ironing,0.838,1,GREEN,10,10
ironing,ironing,0.797,1,GREEN,10,10
ironing,ironing,0.638,1,YELLOW,10,10
ironing,ironing,0.818,1,GREEN,10,10
ironing,ironing,0.892,1,GREEN,10,10
ironing,ironing,0.973,1,GREEN,10,10
ironing,ironing,0.976,1,GREEN,10,10
ironing,ironing,0.981,1,GREEN,10,10
ironing,ironing,0.977,1,GREEN,10,10
ironing,ironing,0.939,1,GREEN,10,10
ironing,ironing,0.9,1,GREEN,10,10
ironing,ironing,0.916,1,GREEN,10,10
ironing,ironing,0.906,1,GREEN,10,10
ironing,ironing,0.961,1,GREEN,10,10
ironing,ironing,0.971,1,GREEN,10,10
ironing,ironing,0.955,1,GREEN,10,10
ironing,ironing,0.925,1,GREEN,10,10
ironing,ironing,0.934,1,GREEN,10,10
ironing,ironing,0.818,1,GREEN,10,10
ironing,ironing,0.825,1,GREEN,10,10
ironing,ironing,0.874,1,GREEN,10,10
ironing,ironing,0.966,1,GREEN,10,10
ironing,ironing,0.949,1,GREEN,10,10
ironing,ironing,0.961,1,GREEN,10,10
ironing,ironing,0.917,1,GREEN,10,10
ironing,ironing,0.837,1,GREEN,10,10
ironing,ironing,0.848,1,GREEN,10,10
ironing,ironing,0.901,1,GREEN,10,10
ironing,ironing,0.817,1,GREEN,10,10
ironing,ironing,0.893,1,GREEN,10,10
ironing,ironing,0.898,1,GREEN,10,10
ironing,ironing,0.905,1,GREEN,10,10
ironing,ironing,0.909,1,GREEN,10,10
ironing,ironing,0.952,1,GREEN,10,10
ironing,ironing,0.954,1,GREEN,10,10
ironing,ironing,0.964,1,GREEN,10,10
ironing,ironing,0.932,1,GREEN,10,10
ironing,ironing,0.967,1,GREEN,10,10
ironing,ironing,0.964,1,GREEN,10,10
ironing,ironing,0.943,1,GREEN,10,10
ironing,ironing,0.907,1,GREEN,10,10
ironing,ironing,0.943,1,GREEN,10,10
ironing,ironing,0.962,1,GREEN,10,10
ironing,ironing,0.979,1,GREEN,10,10
ironing,ironing,0.986,1,GREEN,10,10
ironing,ironing,0.982,1,GREEN,10,10
ironing,ironing,0.979,1,GREEN,10,10
ironing,ironing,0.835,1,GREEN,10,10
ironing,ironing,0.203,1,RED,10,10
ironing,ironing,0.321,1,RED,10,10
ironing,ironing,0.954,1,GREEN,10,10
ironing,ironing,0.967,1,GREEN,10,10
ironing,ironing,0.931,1,GREEN,10,10
ironing,ironing,0.926,1,GREEN,10,10
ironing,ironing,0.88,1,GREEN,10,10
ironing,ironing,0.836,1,GREEN,10,10
ironing,ironing,0.952,1,GREEN,10,10
ironing,ironing,0.555,1,YELLOW,10,10
ironing,ironing,0.046,1,RED,10,10
ironing,ironing,0.946,1,GREEN,10,10
ironing,ironing,0.971,1,GREEN,10,10
ironing,ironing,0.968,1,GREEN,10,10
ironing,ironing,0.87,1,GREEN,10,10
ironing,ironing,0.892,1,GREEN,10,10
ironing,ironing,0.968,1,GREEN,10,10
ironing,ironing,0.975,1,GREEN,10,10
ironing,ironing,0.981,1,GREEN,10,10
ironing,ironing,0.977,1,GREEN,10,10
ironing,ironing,0.941,1,GREEN,10,10
ironing,ironing,0.905,1,GREEN,10,10
ironing,ironing,0.875,1,GREEN,10,10
ironing,ironing,0.916,1,GREEN,10,10
ironing,ironing,0.971,1,GREEN,10,10
ironing,ironing,0.982,1,GREEN,10,10
ironing,ironing,0.984,1,GREEN,10,10
ironing,ironing,0.983,1,GREEN,10,10
ironing,ironing,0.984,1,GREEN,10,10
ironing,ironing,0.984,1,GREEN,10,10
ironing,ironing,0.983,1,GREEN,10,10
ironing,ironing,0.981,1,GREEN,10,10
ironing,ironing,0.973,1,GREEN,10,10
ironing,ironing,0.962,1,GREEN,10,10
ironing,ironing,0.8,1,GREEN,10,10
ironing,ironing,0.706,1,YELLOW,10,10
ironing,ironing,0.892,1,GREEN,10,10
ironing,ironing,0.959,1,GREEN,10,10
ironing,ironing,0.979,1,GREEN,10,10
ironing,ironing,0.981,1,GREEN,10,10
ironing,ironing,0.954,1,GREEN,10,10
ironing,ironing,0.938,1,GREEN,10,10
ironing,ironing,0.96,1,GREEN,10,10
ironing,ironing,0.986,1,GREEN,10,10
ironing,ironing,0.982,1,GREEN,10,10
ironing,ironing,0.942,1,GREEN,10,10
ironing,ironing,0.953,1,GREEN,10,10
ironing,ironing,0.983,1,GREEN,10,10
ironing,ironing,0.979,1,GREEN,10,10
ironing,ironing,0.985,1,GREEN,10,10
ironing,ironing,0.985,1,GREEN,10,10
ironing,ironing,0.982,1,GREEN,10,10
ironing,ironing,0.928,1,GREEN,10,10
ironing,ironing,0.855,1,GREEN,10,10
ironing,ironing,0.863,1,GREEN,10,10
ironing,ironing,0.881,1,GREEN,10,10
ironing,ironing,0.905,1,GREEN,10,10
ironing,ironing,0.83,1,GREEN,10,10
ironing,ironing,0.94,1,GREEN,10,10
ironing,ironing,0.98,1,GREEN,10,10
ironing,ironing,0.984,1,GREEN,10,10
ironing,ironing,0.749,1,YELLOW,10,10
ironing,ironing,0.591,1,YELLOW,10,10
ironing,ironing,0.924,1,GREEN,10,10
ironing,ironing,0.948,1,GREEN,10,10
ironing,ironing,0.939,1,GREEN,10,10
ironing,ironing,0.815,1,GREEN,10,10
ironing,ironing,0.815,1,GREEN,10,10
ironing,ironing,0.893,1,GREEN,10,10
ironing,ironing,0.972,1,GREEN,10,10
ironing,ironing,0.98,1,GREEN,10,10
ironing,ironing,0.98,1,GREEN,10,10
ironing,ironing,0.938,1,GREEN,10,10
ironing,ironing,0.732,1,YELLOW,10,10
ironing,ironing,0.869,1,GREEN,10,10
ironing,ironing,0.961,1,GREEN,10,10
ironing,ironing,0.97,1,GREEN,10,10
ironing,ironing,0.968,1,GREEN,10,10
ironing,ironing,0.97,1,GREEN,10,10
ironing,ironing,0.971,1,GREEN,10,10
ironing,ironing,0.97,1,GREEN,10,10
ironing,ironing,0.972,1,GREEN,10,10
ironing,ironing,0.971,1,GREEN,10,10
ironing,ironing,0.97,1,GREEN,10,10
ironing,ironing,0.981,1,GREEN,10,10
ironing,ironing,0.978,1,GREEN,10,10
ironing,ironing,0.961,1,GREEN,10,10
ironing,ironing,0.984,1,GREEN,10,10
ironing,ironing,0.985,1,GREEN,10,10
ironing,ironing,0.985,1,GREEN,10,10
ironing,ironing,0.985,1,GREEN,10,10
ironing,ironing,0.983,1,GREEN,10,10
ironing,ironing,0.985,1,GREEN,10,10
ironing,ironing,0.982,1,GREEN,10,10
ironing,ironing,0.903,1,GREEN,10,10
ironing,ironing,0.962,1,GREEN,10,10
ironing,ironing,0.947,1,GREEN,10,10
ironing,ironing,0.927,1,GREEN,10,10
ironing,ironing,0.905,1,GREEN,10,10
ironing,ironing,0.961,1,GREEN,10,10
ironing,ironing,0.968,1,GREEN,10,10
ironing,ironing,0.972,1,GREEN,10,10
ironing,ironing,0.972,1,GREEN,10,10
ironing,ironing,0.975,1,GREEN,10,10
ironing,ironing,0.974,1,GREEN,10,10
ironing,ironing,0.98,1,GREEN,10,10
ironing,ironing,0.971,1,GREEN,10,10
ironing,ironing,0.93,1,GREEN,10,10
ironing,ironing,0.942,1,GREEN,10,10
ironing,ironing,0.909,1,GREEN,10,10
ironing,ironing,0.741,1,YELLOW,10,10
ironing,ironing,0.731,1,YELLOW,10,10
ironing,ironing,0.882,1,GREEN,10,10
ironing,ironing,0.781,1,GREEN,10,10
ironing,ironing,0.88,1,GREEN,10,10
ironing,ironing,0.97,1,GREEN,10,10
ironing,ironing,0.883,1,GREEN,10,10
ironing,ironing,0.909,1,GREEN,10,10
ironing,ironing,0.975,1,GREEN,10,10
ironing,ironing,0.982,1,GREEN,10,10
ironing,ironing,0.981,1,GREEN,10,10
ironing,ironing,0.98,1,GREEN,10,10
ironing,ironing,0.977,1,GREEN,10,10
ironing,ironing,0.964,1,GREEN,10,10
ironing,ironing,0.964,1,GREEN,10,10
ironing,ironing,0.951,1,GREEN,10,10
ironing,ironing,0.941,1,GREEN,10,10
ironing,ironing,0.957,1,GREEN,10,10
ironing,ironing,0.949,1,GREEN,10,10
ironing,ironing,0.978,1,GREEN,10,10
ironing,ironing,0.946,1,GREEN,10,10
ironing,ironing,0.927,1,GREEN,10,10
ironing,ironing,0.935,1,GREEN,10,10
ironing,ironing,0.911,1,GREEN,10,10
ironing,ironing,0.948,1,GREEN,10,10
ironing,ironing,0.94,1,GREEN,10,10
ironing,ironing,0.913,1,GREEN,10,10
ironing,ironing,0.916,1,GREEN,10,10
ironing,ironing,0.882,1,GREEN,10,10
ironing,ironing,0.778,1,GREEN,10,10
ironing,ironing,0.807,1,GREEN,10,10
ironing,ironing,0.911,1,GREEN,10,10
ironing,ironing,0.846,1,GREEN,10,10
ironing,ironing,0.932,1,GREEN,10,10
ironing,ironing,0.877,1,GREEN,10,10
ironing,ironing,0.651,1,YELLOW,10,10
ironing,ironing,0.565,1,YELLOW,10,10
ironing,ironing,0.482,1,YELLOW,10,10
ironing,ironing,0.912,1,GREEN,10,10
ironing,ironing,0.953,1,GREEN,10,10
ironing,ironing,0.957,1,GREEN,10,10
ironing,ironing,0.944,1,GREEN,10,10
ironing,ironing,0.867,1,GREEN,10,10
ironing,ironing,0.75,1,YELLOW,10,10
ironing,ironing,0.847,1,GREEN,10,10
ironing,ironing,0.279,1,RED,10,10
ironing,ironing,0.376,1,RED,10,10
ironing,ironing,0.874,1,GREEN,10,10
ironing,ironing,0.953,1,GREEN,10,10
ironing,ironing,0.972,1,GREEN,10,10
ironing,ironing,0.965,1,GREEN,10,10
ironing,ironing,0.933,1,GREEN,10,10
ironing,ironing,0.933,1,GREEN,10,10
ironing,ironing,0.923,1,GREEN,10,10
ironing,ironing,0.759,1,GREEN,10,10
ironing,ironing,0.933,1,GREEN,10,10
ironing,ironing,0.914,1,GREEN,10,10
ironing,ironing,0.946,1,GREEN,10,10
ironing,ironing,0.958,1,GREEN,10,10
ironing,ironing,0.954,1,GREEN,10,10
ironing,ironing,0.944,1,GREEN,10,10
ironing,ironing,0.959,1,GREEN,10,10
ironing,ironing,0.942,1,GREEN,10,10
ironing,ironing,0.821,1,GREEN,10,10
ironing,ironing,0.53,1,YELLOW,10,10
ironing,ironing,0.936,1,GREEN,10,10
ironing,ironing,0.982,1,GREEN,10,10
ironing,ironing,0.981,1,GREEN,10,10
ironing,ironing,0.981,1,GREEN,10,10
ironing,ironing,0.982,1,GREEN,10,10
ironing,ironing,0.957,1,GREEN,10,10
ironing,ironing,0.976,1,GREEN,10,10
ironing,ironing,0.979,1,GREEN,10,10
ironing,ironing,0.98,1,GREEN,10,10
ironing,ironing,0.971,1,GREEN,10,10
ironing,ironing,0.953,1,GREEN,10,10
ironing,ironing,0.94,1,GREEN,10,10
ironing,ironing,0.942,1,GREEN,10,10
ironing,ironing,0.914,1,GREEN,10,10
ironing,ironing,0.849,1,GREEN,10,10
ironing,ironing,0.917,1,GREEN,10,10
ironing,ironing,0.951,1,GREEN,10,10
ironing,ironing,0.951,1,GREEN,10,10
ironing,ironing,0.937,1,GREEN,10,10
ironing,ironing,0.911,1,GREEN,10,10
ironing,ironing,0.899,1,GREEN,10,10
ironing,ironing,0.907,1,GREEN,10,10
ironing,ironing,0.86,1,GREEN,10,10
ironing,ironing,0.895,1,GREEN,10,10
ironing,ironing,0.808,1,GREEN,10,10
ironing,ironing,0.766,1,GREEN,10,10
ironing,ironing,0.814,1,GREEN,10,10
ironing,ironing,0.83,1,GREEN,10,10
ironing,ironing,0.807,1,GREEN,10,10
ironing,ironing,0.855,1,GREEN,10,10
ironing,ironing,0.85,1,GREEN,10,10
ironing,ironing,0.858,1,GREEN,10,10
ironing,ironing,0.853,1,GREEN,10,10
ironing,ironing,0.809,1,GREEN,10,10
ironing,ironing,0.844,1,GREEN,10,10
ironing,ironing,0.83,1,GREEN,10,10
ironing,ironing,0.734,1,YELLOW,10,10
ironing,ironing,0.805,1,GREEN,10,10
ironing,ironing,0.889,1,GREEN,10,10
ironing,ironing,0.91,1,GREEN,10,10
ironing,ironing,0.91,1,GREEN,10,10
ironing,ironing,0.914,1,GREEN,10,10
ironing,ironing,0.886,1,GREEN,10,10
ironing,ironing,0.934,1,GREEN,10,10
ironing,ironing,0.981,1,GREEN,10,10
ironing,ironing,0.983,1,GREEN,10,10
ironing,ironing,0.984,1,GREEN,10,10
ironing,ironing,0.982,1,GREEN,10,10
ironing,ironing,0.98,1,GREEN,10,10
ironing,ironing,0.97,1,GREEN,10,10
ironing,ironing,0.965,1,GREEN,10,10
ironing,ironing,0.964,1,GREEN,10,10
ironing,ironing,0.966,1,GREEN,10,10
ironing,ironing,0.961,1,GREEN,10,10
ironing,ironing,0.938,1,GREEN,10,10
ironing,ironing,0.976,1,GREEN,10,10
ironing,ironing,0.974,1,GREEN,10,10
ironing,ironing,0.961,1,GREEN,10,10
ironing,ironing,0.916,1,GREEN,10,10
ironing,ironing,0.879,1,GREEN,10,10
ironing,ironing,0.808,1,GREEN,10,10
ironing,ironing,0.74,1,YELLOW,10,10
ironing,ironing,0.674,1,YELLOW,10,10
ironing,ironing,0.555,1,YELLOW,10,10
ironing,ironing,0.29,1,RED,10,10
ironing,ironing,0.182,1,RED,10,10
ironing,ironing,0.701,1,YELLOW,10,10
ironing,ironing,0.817,1,GREEN,10,10
vacuuming,ironing,0.018,0,RED,9,10
vacuuming,ironing,0.015,0,RED,9,10
vacuuming,ironing,0.018,0,RED,9,10
vacuuming,vacuuming,0.027,1,RED,9,9
vacuuming,vacuuming,0.023,1,RED,9,9
vacuuming,vacuuming,0.016,1,RED,9,9
vacuuming,vacuuming,0.097,1,RED,9,9
vacuuming,vacuuming,0.28,1,RED,9,9
vacuuming,vacuuming,0.541,1,YELLOW,9,9
vacuuming,vacuuming,0.436,1,RED,9,9
vacuuming,vacuuming,0.494,1,YELLOW,9,9
vacuuming,vacuuming,0.754,1,GREEN,9,9
vacuuming,vacuuming,0.892,1,GREEN,9,9
vacuuming,vacuuming,0.946,1,GREEN,9,9
vacuuming,vacuuming,0.968,1,GREEN,9,9
vacuuming,vacuuming,0.872,1,GREEN,9,9
vacuuming,vacuuming,0.892,1,GREEN,9,9
vacuuming,vacuuming,0.004,1,RED,9,9
vacuuming,vacuuming,0.01,1,RED,9,9
vacuuming,vacuuming,0.449,1,RED,9,9
vacuuming,vacuuming,0.693,1,YELLOW,9,9
vacuuming,vacuuming,0.873,1,GREEN,9,9
vacuuming,vacuuming,0.851,1,GREEN,9,9
vacuuming,vacuuming,0.911,1,GREEN,9,9
vacuuming,vacuuming,0.89,1,GREEN,9,9
vacuuming,vacuuming,0.856,1,GREEN,9,9
vacuuming,vacuuming,0.934,1,GREEN,9,9
vacuuming,vacuuming,0.953,1,GREEN,9,9
vacuuming,vacuuming,0.961,1,GREEN,9,9
vacuuming,vacuuming,0.969,1,GREEN,9,9
vacuuming,vacuuming,0.969,1,GREEN,9,9
vacuuming,vacuuming,0.914,1,GREEN,9,9
vacuuming,vacuuming,0.937,1,GREEN,9,9
vacuuming,vacuuming,0.914,1,GREEN,9,9
vacuuming,vacuuming,0.955,1,GREEN,9,9
vacuuming,vacuuming,0.97,1,GREEN,9,9
vacuuming,vacuuming,0.899,1,GREEN,9,9
vacuuming,vacuuming,0.948,1,GREEN,9,9
vacuuming,vacuuming,0.951,1,GREEN,9,9
vacuuming,vacuuming,0.948,1,GREEN,9,9
vacuuming,vacuuming,0.963,1,GREEN,9,9
vacuuming,vacuuming,0.969,1,GREEN,9,9
vacuuming,vacuuming,0.951,1,GREEN,9,9
vacuuming,vacuuming,0.98,1,GREEN,9,9
vacuuming,vacuuming,0.98,1,GREEN,9,9
vacuuming,vacuuming,0.979,1,GREEN,9,9
vacuuming,vacuuming,0.945,1,GREEN,9,9
vacuuming,vacuuming,0.822,1,GREEN,9,9
vacuuming,vacuuming,0.891,1,GREEN,9,9
vacuuming,vacuuming,0.976,1,GREEN,9,9
vacuuming,vacuuming,0.981,1,GREEN,9,9
vacuuming,vacuuming,0.983,1,GREEN,9,9
vacuuming,vacuuming,0.979,1,GREEN,9,9
vacuuming,vacuuming,0.941,1,GREEN,9,9
vacuuming,vacuuming,0.899,1,GREEN,9,9
vacuuming,vacuuming,0.959,1,GREEN,9,9
vacuuming,vacuuming,0.95,1,GREEN,9,9
vacuuming,vacuuming,0.87,1,GREEN,9,9
vacuuming,vacuuming,0.021,1,RED,9,9
vacuuming,vacuuming,0.047,1,RED,9,9
vacuuming,vacuuming,0.032,1,RED,9,9
vacuuming,vacuuming,0.367,1,RED,9,9
vacuuming,vacuuming,0.924,1,GREEN,9,9
vacuuming,vacuuming,0.946,1,GREEN,9,9
vacuuming,vacuuming,0.905,1,GREEN,9,9
vacuuming,vacuuming,0.954,1,GREEN,9,9
vacuuming,vacuuming,0.955,1,GREEN,9,9
vacuuming,vacuuming,0.975,1,GREEN,9,9
vacuuming,vacuuming,0.982,1,GREEN,9,9
vacuuming,vacuuming,0.98,1,GREEN,9,9
vacuuming,vacuuming,0.942,1,GREEN,9,9
vacuuming,vacuuming,0.952,1,GREEN,9,9
vacuuming,vacuuming,0.98,1,GREEN,9,9
vacuuming,vacuuming,0.97,1,GREEN,9,9
vacuuming,vacuuming,0.602,1,YELLOW,9,9
vacuuming,vacuuming,0.152,1,RED,9,9
vacuuming,vacuuming,0.38,1,RED,9,9
vacuuming,vacuuming,0.983,1,GREEN,9,9
vacuuming,vacuuming,0.967,1,GREEN,9,9
vacuuming,vacuuming,0.972,1,GREEN,9,9
vacuuming,vacuuming,0.98,1,GREEN,9,9
vacuuming,vacuuming,0.965,1,GREEN,9,9
vacuuming,vacuuming,0.935,1,GREEN,9,9
vacuuming,vacuuming,0.259,1,RED,9,9
vacuuming,vacuuming,0.047,1,RED,9,9
vacuuming,vacuuming,0.445,1,RED,9,9
vacuuming,vacuuming,0.095,1,RED,9,9
vacuuming,vacuuming,0.008,1,RED,9,9
vacuuming,vacuuming,0.028,1,RED,9,9
vacuuming,vacuuming,0.316,1,RED,9,9
vacuuming,vacuuming,0.79,1,GREEN,9,9
vacuuming,vacuuming,0.888,1,GREEN,9,9
vacuuming,vacuuming,0.956,1,GREEN,9,9
vacuuming,vacuuming,0.434,1,RED,9,9
vacuuming,vacuuming,0.008,1,RED,9,9
vacuuming,vacuuming,0.019,1,RED,9,9
vacuuming,vacuuming,0.331,1,RED,9,9
vacuuming,vacuuming,0.429,1,RED,9,9
vacuuming,vacuuming,0.544,1,YELLOW,9,9
vacuuming,vacuuming,0.579,1,YELLOW,9,9
vacuuming,vacuuming,0.377,1,RED,9,9
vacuuming,vacuuming,0.449,1,RED,9,9
vacuuming,vacuuming,0.54,1,YELLOW,9,9
vacuuming,vacuuming,0.858,1,GREEN,9,9
vacuuming,vacuuming,0.928,1,GREEN,9,9
vacuuming,vacuuming,0.826,1,GREEN,9,9
vacuuming,vacuuming,0.869,1,GREEN,9,9
vacuuming,vacuuming,0.902,1,GREEN,9,9
vacuuming,vacuuming,0.958,1,GREEN,9,9
vacuuming,vacuuming,0.98,1,GREEN,9,9
vacuuming,vacuuming,0.986,1,GREEN,9,9
vacuuming,vacuuming,0.986,1,GREEN,9,9
vacuuming,vacuuming,0.985,1,GREEN,9,9
vacuuming,vacuuming,0.981,1,GREEN,9,9
vacuuming,vacuuming,0.98,1,GREEN,9,9
vacuuming,vacuuming,0.98,1,GREEN,9,9
vacuuming,vacuuming,0.976,1,GREEN,9,9
vacuuming,vacuuming,0.985,1,GREEN,9,9
vacuuming,vacuuming,0.943,1,GREEN,9,9
vacuuming,vacuuming,0.84,1,GREEN,9,9
vacuuming,vacuuming,0.808,1,GREEN,9,9
vacuuming,vacuuming,0.86,1,GREEN,9,9
vacuuming,vacuuming,0.877,1,GREEN,9,9
vacuuming,vacuuming,0.928,1,GREEN,9,9
vacuuming,vacuuming,0.929,1,GREEN,9,9
vacuuming,vacuuming,0.629,1,YELLOW,9,9
vacuuming,vacuuming,0.595,1,YELLOW,9,9
vacuuming,vacuuming,0.537,1,YELLOW,9,9
vacuuming,vacuuming,0.562,1,YELLOW,9,9
vacuuming,vacuuming,0.587,1,YELLOW,9,9
vacuuming,vacuuming,0.828,1,GREEN,9,9
vacuuming,vacuuming,0.496,1,YELLOW,9,9
vacuuming,vacuuming,0.501,1,YELLOW,9,9
vacuuming,vacuuming,0.974,1,GREEN,9,9
vacuuming,vacuuming,0.978,1,GREEN,9,9
vacuuming,vacuuming,0.939,1,GREEN,9,9
vacuuming,vacuuming,0.83,1,GREEN,9,9
vacuuming,vacuuming,0.827,1,GREEN,9,9
vacuuming,vacuuming,0.571,1,YELLOW,9,9
vacuuming,vacuuming,0.455,1,YELLOW,9,9
vacuuming,vacuuming,0.463,1,YELLOW,9,9
vacuuming,vacuuming,0.588,1,YELLOW,9,9
vacuuming,vacuuming,0.765,1,GREEN,9,9
vacuuming,vacuuming,0.737,1,YELLOW,9,9
vacuuming,vacuuming,0.735,1,YELLOW,9,9
vacuuming,vacuuming,0.602,1,YELLOW,9,9
vacuuming,vacuuming,0.045,1,RED,9,9
vacuuming,vacuuming,0.016,1,RED,9,9
vacuuming,vacuuming,0.02,1,RED,9,9
vacuuming,vacuuming,0.014,1,RED,9,9
vacuuming,vacuuming,0.013,1,RED,9,9
vacuuming,vacuuming,0.025,1,RED,9,9
vacuuming,vacuuming,0.111,1,RED,9,9
vacuuming,vacuuming,0.827,1,GREEN,9,9
vacuuming,vacuuming,0.927,1,GREEN,9,9
vacuuming,vacuuming,0.934,1,GREEN,9,9
vacuuming,vacuuming,0.753,1,GREEN,9,9
vacuuming,vacuuming,0.523,1,YELLOW,9,9
vacuuming,vacuuming,0.628,1,YELLOW,9,9
vacuuming,vacuuming,0.846,1,GREEN,9,9
vacuuming,vacuuming,0.722,1,YELLOW,9,9
vacuuming,vacuuming,0.813,1,GREEN,9,9
vacuuming,vacuuming,0.962,1,GREEN,9,9
vacuuming,vacuuming,0.336,1,RED,9,9
vacuuming,vacuuming,0.244,1,RED,9,9
vacuuming,vacuuming,0.547,1,YELLOW,9,9
vacuuming,vacuuming,0.537,1,YELLOW,9,9
vacuuming,vacuuming,0.81,1,GREEN,9,9
vacuuming,vacuuming,0.884,1,GREEN,9,9
vacuuming,vacuuming,0.916,1,GREEN,9,9
vacuuming,vacuuming,0.878,1,GREEN,9,9
vacuuming,vacuuming,0.885,1,GREEN,9,9
vacuuming,vacuuming,0.651,1,YELLOW,9,9
vacuuming,vacuuming,0.509,1,YELLOW,9,9
vacuuming,vacuuming,0.549,1,YELLOW,9,9
vacuuming,vacuuming,0.624,1,YELLOW,9,9
vacuuming,vacuuming,0.771,1,GREEN,9,9
vacuuming,vacuuming,0.934,1,GREEN,9,9
vacuuming,vacuuming,0.966,1,GREEN,9,9
vacuuming,vacuuming,0.968,1,GREEN,9,9
vacuuming,vacuuming,0.951,1,GREEN,9,9
vacuuming,vacuuming,0.95,1,GREEN,9,9
vacuuming,vacuuming,0.94,1,GREEN,9,9
vacuuming,vacuuming,0.954,1,GREEN,9,9
vacuuming,vacuuming,0.004,1,RED,9,9
vacuuming,vacuuming,0.002,1,RED,9,9
vacuuming,vacuuming,0.003,1,RED,9,9
vacuuming,vacuuming,0.139,1,RED,9,9
vacuuming,vacuuming,0.4,1,RED,9,9
vacuuming,vacuuming,0.447,1,RED,9,9
vacuuming,vacuuming,0.944,1,GREEN,9,9
vacuuming,vacuuming,0.972,1,GREEN,9,9
vacuuming,vacuuming,0.975,1,GREEN,9,9
vacuuming,vacuuming,0.974,1,GREEN,9,9
vacuuming,vacuuming,0.945,1,GREEN,9,9
vacuuming,vacuuming,0.952,1,GREEN,9,9
vacuuming,vacuuming,0.932,1,GREEN,9,9
vacuuming,vacuuming,0.878,1,GREEN,9,9
vacuuming,vacuuming,0.883,1,GREEN,9,9
vacuuming,vacuuming,0.893,1,GREEN,9,9
vacuuming,vacuuming,0.727,1,YELLOW,9,9
vacuuming,vacuuming,0.736,1,YELLOW,9,9
vacuuming,vacuuming,0.471,1,YELLOW,9,9
vacuuming,vacuuming,0.316,1,RED,9,9
vacuuming,vacuuming,0.744,1,YELLOW,9,9
vacuuming,vacuuming,0.035,1,RED,9,9
vacuuming,vacuuming,0.007,1,RED,9,9
vacuuming,vacuuming,0.012,1,RED,9,9
vacuuming,vacuuming,0.484,1,YELLOW,9,9
vacuuming,vacuuming,0.465,1,YELLOW,9,9
vacuuming,vacuuming,0.049,1,RED,9,9
vacuuming,vacuuming,0.614,1,YELLOW,9,9
vacuuming,vacuuming,0.741,1,YELLOW,9,9
vacuuming,vacuuming,0.082,1,RED,9,9
vacuuming,vacuuming,0.367,1,RED,9,9
vacuuming,vacuuming,0.677,1,YELLOW,9,9
vacuuming,vacuuming,0.478,1,YELLOW,9,9
vacuuming,vacuuming,0.32,1,RED,9,9
vacuuming,vacuuming,0.755,1,GREEN,9,9
vacuuming,vacuuming,0.971,1,GREEN,9,9
vacuuming,vacuuming,0.977,1,GREEN,9,9
vacuuming,vacuuming,0.969,1,GREEN,9,9
vacuuming,vacuuming,0.968,1,GREEN,9,9
vacuuming,vacuuming,0.944,1,GREEN,9,9
vacuuming,vacuuming,0.934,1,GREEN,9,9
vacuuming,vacuuming,0.904,1,GREEN,9,9
vacuuming,vacuuming,0.186,1,RED,9,9
vacuuming,vacuuming,0.191,1,RED,9,9
vacuuming,vacuuming,0.94,1,GREEN,9,9
vacuuming,vacuuming,0.911,1,GREEN,9,9
vacuuming,vacuuming,0.961,1,GREEN,9,9
vacuuming,vacuuming,0.968,1,GREEN,9,9
vacuuming,vacuuming,0.925,1,GREEN,9,9
vacuuming,vacuuming,0.959,1,GREEN,9,9
vacuuming,vacuuming,0.936,1,GREEN,9,9
vacuuming,vacuuming,0.876,1,GREEN,9,9
vacuuming,vacuuming,0.969,1,GREEN,9,9
vacuuming,vacuuming,0.976,1,GREEN,9,9
vacuuming,vacuuming,0.955,1,GREEN,9,9
vacuuming,vacuuming,0.968,1,GREEN,9,9
vacuuming,vacuuming,0.967,1,GREEN,9,9
vacuuming,vacuuming,0.948,1,GREEN,9,9
vacuuming,vacuuming,0.959,1,GREEN,9,9
vacuuming,vacuuming,0.968,1,GREEN,9,9
vacuuming,vacuuming,0.964,1,GREEN,9,9
vacuuming,vacuuming,0.98,1,GREEN,9,9
vacuuming,vacuuming,0.462,1,YELLOW,9,9
vacuuming,vacuuming,0.012,1,RED,9,9
vacuuming,vacuuming,0.253,1,RED,9,9
vacuuming,vacuuming,0.521,1,YELLOW,9,9
vacuuming,vacuuming,0.808,1,GREEN,9,9
vacuuming,vacuuming,0.886,1,GREEN,9,9
vacuuming,vacuuming,0.971,1,GREEN,9,9
vacuuming,vacuuming,0.971,1,GREEN,9,9
vacuuming,vacuuming,0.969,1,GREEN,9,9
vacuuming,vacuuming,0.951,1,GREEN,9,9
vacuuming,vacuuming,0.941,1,GREEN,9,9
vacuuming,vacuuming,0.921,1,GREEN,9,9
vacuuming,vacuuming,0.957,1,GREEN,9,9
vacuuming,vacuuming,0.974,1,GREEN,9,9
vacuuming,vacuuming,0.957,1,GREEN,9,9
vacuuming,vacuuming,0.898,1,GREEN,9,9
vacuuming,vacuuming,0.919,1,GREEN,9,9
vacuuming,vacuuming,0.936,1,GREEN,9,9
vacuuming,vacuuming,0.951,1,GREEN,9,9
vacuuming,vacuuming,0.966,1,GREEN,9,9
vacuuming,vacuuming,0.978,1,GREEN,9,9
vacuuming,vacuuming,0.981,1,GREEN,9,9
vacuuming,vacuuming,0.978,1,GREEN,9,9
vacuuming,vacuuming,0.98,1,GREEN,9,9
vacuuming,vacuuming,0.983,1,GREEN,9,9
vacuuming,vacuuming,0.978,1,GREEN,9,9
vacuuming,vacuuming,0.966,1,GREEN,9,9
vacuuming,vacuuming,0.972,1,GREEN,9,9
vacuuming,vacuuming,0.933,1,GREEN,9,9
vacuuming,vacuuming,0.899,1,GREEN,9,9
vacuuming,vacuuming,0.917,1,GREEN,9,9
vacuuming,vacuuming,0.805,1,GREEN,9,9
vacuuming,vacuuming,0.86,1,GREEN,9,9
vacuuming,vacuuming,0.936,1,GREEN,9,9
vacuuming,vacuuming,0.928,1,GREEN,9,9
vacuuming,vacuuming,0.965,1,GREEN,9,9
vacuuming,vacuuming,0.953,1,GREEN,9,9
vacuuming,vacuuming,0.904,1,GREEN,9,9
vacuuming,vacuuming,0.852,1,GREEN,9,9
vacuuming,vacuuming,0.872,1,GREEN,9,9
vacuuming,vacuuming,0.909,1,GREEN,9,9
vacuuming,vacuuming,0.941,1,GREEN,9,9
vacuuming,vacuuming,0.876,1,GREEN,9,9
vacuuming,vacuuming,0.779,1,GREEN,9,9
vacuuming,vacuuming,0.716,1,YELLOW,9,9
vacuuming,vacuuming,0.455,1,YELLOW,9,9
vacuuming,vacuuming,0.193,1,RED,9,9
vacuuming,vacuuming,0.007,1,RED,9,9
vacuuming,vacuuming,0.003,1,RED,9,9
vacuuming,vacuuming,0.011,1,RED,9,9
vacuuming,vacuuming,0.0,1,RED,9,9
vacuuming,vacuuming,0.001,1,RED,9,9
vacuuming,vacuuming,0.001,1,RED,9,9
vacuuming,vacuuming,0.001,1,RED,9,9
vacuuming,vacuuming,0.001,1,RED,9,9
vacuuming,vacuuming,0.001,1,RED,9,9
vacuuming,vacuuming,0.003,1,RED,9,9
vacuuming,vacuuming,0.219,1,RED,9,9
vacuuming,vacuuming,0.271,1,RED,9,9
vacuuming,vacuuming,0.367,1,RED,9,9
vacuuming,vacuuming,0.561,1,YELLOW,9,9
vacuuming,vacuuming,0.777,1,GREEN,9,9
vacuuming,vacuuming,0.93,1,GREEN,9,9
vacuuming,vacuuming,0.895,1,GREEN,9,9
vacuuming,vacuuming,0.9,1,GREEN,9,9
vacuuming,vacuuming,0.681,1,YELLOW,9,9
vacuuming,vacuuming,0.827,1,GREEN,9,9
vacuuming,vacuuming,0.844,1,GREEN,9,9
vacuuming,vacuuming,0.906,1,GREEN,9,9
vacuuming,vacuuming,0.941,1,GREEN,9,9
vacuuming,vacuuming,0.945,1,GREEN,9,9
vacuuming,vacuuming,0.913,1,GREEN,9,9
vacuuming,vacuuming,0.922,1,GREEN,9,9
vacuuming,vacuuming,0.914,1,GREEN,9,9
vacuuming,vacuuming,0.873,1,GREEN,9,9
vacuuming,vacuuming,0.868,1,GREEN,9,9
vacuuming,vacuuming,0.777,1,GREEN,9,9
vacuuming,vacuuming,0.536,1,YELLOW,9,9
vacuuming,vacuuming,0.893,1,GREEN,9,9
vacuuming,vacuuming,0.984,1,GREEN,9,9
vacuuming,vacuuming,0.979,1,GREEN,9,9
vacuuming,vacuuming,0.974,1,GREEN,9,9
vacuuming,vacuuming,0.97,1,GREEN,9,9
vacuuming,vacuuming,0.845,1,GREEN,9,9
vacuuming,vacuuming,0.823,1,GREEN,9,9
vacuuming,vacuuming,0.861,1,GREEN,9,9
vacuuming,vacuuming,0.86,1,GREEN,9,9
vacuuming,vacuuming,0.864,1,GREEN,9,9
vacuuming,vacuuming,0.805,1,GREEN,9,9
vacuuming,vacuuming,0.811,1,GREEN,9,9
vacuuming,vacuuming,0.899,1,GREEN,9,9
vacuuming,vacuuming,0.934,1,GREEN,9,9
vacuuming,vacuuming,0.958,1,GREEN,9,9
vacuuming,vacuuming,0.98,1,GREEN,9,9
vacuuming,vacuuming,0.928,1,GREEN,9,9
vacuuming,vacuuming,0.876,1,GREEN,9,9
vacuuming,vacuuming,0.874,1,GREEN,9,9
vacuuming,vacuuming,0.95,1,GREEN,9,9
vacuuming,vacuuming,0.937,1,GREEN,9,9
vacuuming,vacuuming,0.963,1,GREEN,9,9
vacuuming,vacuuming,0.964,1,GREEN,9,9
vacuuming,vacuuming,0.914,1,GREEN,9,9
vacuuming,vacuuming,0.922,1,GREEN,9,9
vacuuming,vacuuming,0.95,1,GREEN,9,9
vacuuming,vacuuming,0.792,1,GREEN,9,9
vacuuming,vacuuming,0.737,1,YELLOW,9,9
vacuuming,vacuuming,0.882,1,GREEN,9,9
vacuuming,vacuuming,0.631,1,YELLOW,9,9
vacuuming,vacuuming,0.091,1,RED,9,9
vacuuming,vacuuming,0.049,1,RED,9,9
vacuuming,vacuuming,0.732,1,YELLOW,9,9
vacuuming,vacuuming,0.794,1,GREEN,9,9
vacuuming,vacuuming,0.514,1,YELLOW,9,9
vacuuming,vacuuming,0.772,1,GREEN,9,9
vacuuming,vacuuming,0.771,1,GREEN,9,9
vacuuming,vacuuming,0.952,1,GREEN,9,9
vacuuming,vacuuming,0.979,1,GREEN,9,9
vacuuming,vacuuming,0.967,1,GREEN,9,9
vacuuming,vacuuming,0.963,1,GREEN,9,9
vacuuming,vacuuming,0.943,1,GREEN,9,9
vacuuming,vacuuming,0.914,1,GREEN,9,9
vacuuming,vacuuming,0.911,1,GREEN,9,9
vacuuming,vacuuming,0.926,1,GREEN,9,9
vacuuming,vacuuming,0.93,1,GREEN,9,9
vacuuming,vacuuming,0.832,1,GREEN,9,9
vacuuming,vacuuming,0.726,1,YELLOW,9,9
vacuuming,vacuuming,0.468,1,YELLOW,9,9
vacuuming,vacuuming,0.847,1,GREEN,9,9
vacuuming,vacuuming,0.953,1,GREEN,9,9
vacuuming,vacuuming,0.969,1,GREEN,9,9
vacuuming,vacuuming,0.969,1,GREEN,9,9
vacuuming,vacuuming,0.946,1,GREEN,9,9
vacuuming,vacuuming,0.851,1,GREEN,9,9
vacuuming,vacuuming,0.801,1,GREEN,9,9
vacuuming,vacuuming,0.941,1,GREEN,9,9
vacuuming,vacuuming,0.961,1,GREEN,9,9
vacuuming,vacuuming,0.924,1,GREEN,9,9
vacuuming,vacuuming,0.948,1,GREEN,9,9
vacuuming,vacuuming,0.969,1,GREEN,9,9
vacuuming,vacuuming,0.968,1,GREEN,9,9
vacuuming,vacuuming,0.956,1,GREEN,9,9
vacuuming,vacuuming,0.958,1,GREEN,9,9
vacuuming,vacuuming,0.947,1,GREEN,9,9
vacuuming,vacuuming,0.943,1,GREEN,9,9
vacuuming,vacuuming,0.96,1,GREEN,9,9
vacuuming,vacuuming,0.968,1,GREEN,9,9
vacuuming,vacuuming,0.953,1,GREEN,9,9
vacuuming,vacuuming,0.842,1,GREEN,9,9
vacuuming,vacuuming,0.856,1,GREEN,9,9
vacuuming,vacuuming,0.773,1,GREEN,9,9
vacuuming,vacuuming,0.681,1,YELLOW,9,9
vacuuming,vacuuming,0.633,1,YELLOW,9,9
vacuuming,vacuuming,0.765,1,GREEN,9,9
vacuuming,vacuuming,0.63,1,YELLOW,9,9
vacuuming,vacuuming,0.022,1,RED,9,9
vacuuming,vacuuming,0.005,1,RED,9,9
vacuuming,vacuuming,0.006,1,RED,9,9
vacuuming,vacuuming,0.478,1,YELLOW,9,9
vacuuming,vacuuming,0.005,1,RED,9,9
vacuuming,vacuuming,0.001,1,RED,9,9
vacuuming,vacuuming,0.815,1,GREEN,9,9
vacuuming,vacuuming,0.916,1,GREEN,9,9
vacuuming,vacuuming,0.927,1,GREEN,9,9
vacuuming,stairs_down,0.785,0,GREEN,9,8
vacuuming,stairs_down,0.022,0,RED,9,8
vacuuming,stairs_down,0.004,0,RED,9,8
vacuuming,stairs_down,0.17,0,RED,9,8
vacuuming,stairs_down,0.369,0,RED,9,8
vacuuming,stairs_down,0.144,0,RED,9,8
vacuuming,stairs_down,0.127,0,RED,9,8
vacuuming,stairs_down,0.028,0,RED,9,8
vacuuming,stairs_down,0.02,0,RED,9,8
vacuuming,stairs_down,0.023,0,RED,9,8
stairs_up,stairs_down,0.085,0,RED,7,8
stairs_up,stairs_down,0.036,0,RED,7,8
stairs_up,stairs_up,0.019,1,RED,7,7
stairs_up,stairs_up,0.024,1,RED,7,7
stairs_up,stairs_up,0.03,1,RED,7,7
stairs_up,stairs_up,0.023,1,RED,7,7
stairs_up,stairs_up,0.017,1,RED,7,7
stairs_up,stairs_up,0.069,1,RED,7,7
stairs_up,stairs_up,0.386,1,RED,7,7
stairs_up,stairs_up,0.969,1,GREEN,7,7
stairs_up,stairs_up,0.991,1,GREEN,7,7
stairs_up,stairs_up,0.983,1,GREEN,7,7
stairs_up,stairs_up,0.976,1,GREEN,7,7
stairs_up,stairs_up,0.988,1,GREEN,7,7
stairs_up,stairs_up,0.993,1,GREEN,7,7
stairs_up,stairs_up,0.981,1,GREEN,7,7
stairs_up,stairs_up,0.983,1,GREEN,7,7
stairs_up,stairs_up,0.971,1,GREEN,7,7
stairs_up,stairs_up,0.967,1,GREEN,7,7
stairs_up,stairs_up,0.976,1,GREEN,7,7
stairs_up,stairs_up,0.989,1,GREEN,7,7
stairs_up,stairs_up,0.985,1,GREEN,7,7
stairs_up,stairs_up,0.921,1,GREEN,7,7
stairs_up,stairs_up,0.942,1,GREEN,7,7
stairs_up,stairs_up,0.975,1,GREEN,7,7
stairs_up,stairs_up,0.46,1,YELLOW,7,7
stairs_up,stairs_up,0.232,1,RED,7,7
stairs_up,stairs_up,0.155,1,RED,7,7
stairs_up,stairs_up,0.825,1,GREEN,7,7
stairs_up,stairs_up,0.984,1,GREEN,7,7
stairs_up,stairs_up,0.985,1,GREEN,7,7
stairs_up,stairs_up,0.984,1,GREEN,7,7
stairs_up,stairs_up,0.948,1,GREEN,7,7
stairs_up,stairs_up,0.953,1,GREEN,7,7
stairs_up,stairs_up,0.986,1,GREEN,7,7
stairs_up,stairs_up,0.981,1,GREEN,7,7
stairs_up,stairs_up,0.926,1,GREEN,7,7
stairs_up,stairs_up,0.912,1,GREEN,7,7
stairs_up,stairs_up,0.965,1,GREEN,7,7
stairs_up,stairs_up,0.959,1,GREEN,7,7
stairs_up,stairs_up,0.857,1,GREEN,7,7
stairs_up,stairs_up,0.907,1,GREEN,7,7
stairs_up,stairs_up,0.986,1,GREEN,7,7
stairs_up,stairs_up,0.99,1,GREEN,7,7
stairs_up,stairs_up,0.982,1,GREEN,7,7
stairs_up,stairs_up,0.953,1,GREEN,7,7
stairs_up,stairs_up,0.945,1,GREEN,7,7
stairs_up,stairs_up,0.973,1,GREEN,7,7
stairs_up,stairs_up,0.965,1,GREEN,7,7
stairs_up,stairs_up,0.98,1,GREEN,7,7
stairs_up,stairs_up,0.958,1,GREEN,7,7
stairs_up,stairs_up,0.904,1,GREEN,7,7
stairs_up,stairs_up,0.977,1,GREEN,7,7
stairs_up,stairs_up,0.992,1,GREEN,7,7
stairs_up,stairs_up,0.993,1,GREEN,7,7
stairs_up,stairs_up,0.983,1,GREEN,7,7
stairs_up,stairs_up,0.857,1,GREEN,7,7
stairs_up,stairs_up,0.888,1,GREEN,7,7
stairs_up,stairs_up,0.982,1,GREEN,7,7
stairs_up,stairs_up,0.924,1,GREEN,7,7
stairs_up,stairs_up,0.965,1,GREEN,7,7
stairs_up,stairs_up,0.991,1,GREEN,7,7
stairs_up,stairs_up,0.969,1,GREEN,7,7
stairs_up,stairs_up,0.883,1,GREEN,7,7
stairs_up,stairs_up,0.891,1,GREEN,7,7
stairs_up,stairs_up,0.976,1,GREEN,7,7
stairs_up,stairs_up,0.922,1,GREEN,7,7
stairs_up,stairs_up,0.749,1,YELLOW,7,7
stairs_up,stairs_up,0.985,1,GREEN,7,7
stairs_up,stairs_up,0.982,1,GREEN,7,7
stairs_up,stairs_up,0.978,1,GREEN,7,7
stairs_up,stairs_up,0.954,1,GREEN,7,7
stairs_up,stairs_up,0.926,1,GREEN,7,7
stairs_up,stairs_up,0.953,1,GREEN,7,7
stairs_up,stairs_up,0.957,1,GREEN,7,7
stairs_up,stairs_up,0.975,1,GREEN,7,7
stairs_up,stairs_up,0.982,1,GREEN,7,7
stairs_up,stairs_up,0.988,1,GREEN,7,7
stairs_up,stairs_up,0.91,1,GREEN,7,7
stairs_up,stairs_up,0.936,1,GREEN,7,7
stairs_up,stairs_up,0.991,1,GREEN,7,7
stairs_up,stairs_up,0.993,1,GREEN,7,7
stairs_up,stairs_up,0.992,1,GREEN,7,7
stairs_up,stairs_up,0.976,1,GREEN,7,7
stairs_up,stairs_up,0.965,1,GREEN,7,7
stairs_up,stairs_up,0.974,1,GREEN,7,7
stairs_up,stairs_up,0.985,1,GREEN,7,7
stairs_up,stairs_up,0.963,1,GREEN,7,7
stairs_up,stairs_up,0.961,1,GREEN,7,7
stairs_up,stairs_up,0.974,1,GREEN,7,7
stairs_up,stairs_up,0.958,1,GREEN,7,7
stairs_up,stairs_up,0.972,1,GREEN,7,7
stairs_up,stairs_up,0.955,1,GREEN,7,7
stairs_up,stairs_up,0.984,1,GREEN,7,7
stairs_up,stairs_up,0.977,1,GREEN,7,7
stairs_up,stairs_up,0.972,1,GREEN,7,7
stairs_up,stairs_up,0.979,1,GREEN,7,7
stairs_up,stairs_up,0.954,1,GREEN,7,7
stairs_up,stairs_up,0.977,1,GREEN,7,7
stairs_up,stairs_up,0.991,1,GREEN,7,7
stairs_up,stairs_up,0.992,1,GREEN,7,7
stairs_up,stairs_up,0.99,1,GREEN,7,7
stairs_up,stairs_up,0.991,1,GREEN,7,7
stairs_up,stairs_up,0.912,1,GREEN,7,7
stairs_up,stairs_up,0.633,1,YELLOW,7,7
stairs_up,stairs_up,0.644,1,YELLOW,7,7
stairs_up,stairs_up,0.64,1,YELLOW,7,7
stairs_up,stairs_up,0.827,1,GREEN,7,7
stairs_up,stairs_up,0.911,1,GREEN,7,7
stairs_up,stairs_up,0.365,1,RED,7,7
stairs_up,stairs_up,0.077,1,RED,7,7
stairs_up,stairs_up,0.038,1,RED,7,7
stairs_up,stairs_up,0.053,1,RED,7,7
stairs_up,stairs_up,0.118,1,RED,7,7
stairs_up,stairs_up,0.139,1,RED,7,7
stairs_up,stairs_up,0.124,1,RED,7,7
stairs_up,sitting,0.111,0,RED,7,1
stairs_up,sitting,0.12,0,RED,7,1
stairs_up,sitting,0.091,0,RED,7,1
stairs_up,sitting,0.077,0,RED,7,1
stairs_up,sitting,0.09,0,RED,7,1
stairs_up,sitting,0.092,0,RED,7,1
stairs_up,sitting,0.093,0,RED,7,1
stairs_up,sitting,0.175,0,RED,7,1
stairs_down,sitting,0.005,0,RED,8,1
stairs_down,sitting,0.005,0,RED,8,1
stairs_down,sitting,0.006,0,RED,8,1
stairs_down,sitting,0.007,0,RED,8,1
stairs_down,sitting,0.003,0,RED,8,1
stairs_down,sitting,0.006,0,RED,8,1
stairs_down,stairs_down,0.016,1,RED,8,8
stairs_down,stairs_down,0.04,1,RED,8,8
stairs_down,stairs_down,0.048,1,RED,8,8
stairs_down,stairs_down,0.118,1,RED,8,8
stairs_down,stairs_down,0.085,1,RED,8,8
stairs_down,stairs_down,0.895,1,GREEN,8,8
stairs_down,stairs_down,0.993,1,GREEN,8,8
stairs_down,stairs_down,0.999,1,GREEN,8,8
stairs_down,stairs_down,0.999,1,GREEN,8,8
stairs_down,stairs_down,0.999,1,GREEN,8,8
stairs_down,stairs_down,0.999,1,GREEN,8,8
stairs_down,stairs_down,0.998,1,GREEN,8,8
stairs_down,stairs_down,0.998,1,GREEN,8,8
stairs_down,stairs_down,0.999,1,GREEN,8,8
stairs_down,stairs_down,0.998,1,GREEN,8,8
stairs_down,stairs_down,0.997,1,GREEN,8,8
stairs_down,stairs_down,0.998,1,GREEN,8,8
stairs_down,stairs_down,0.989,1,GREEN,8,8
stairs_down,stairs_down,0.965,1,GREEN,8,8
stairs_down,stairs_down,0.998,1,GREEN,8,8
stairs_down,stairs_down,0.999,1,GREEN,8,8
stairs_down,stairs_down,0.999,1,GREEN,8,8
stairs_down,stairs_down,0.999,1,GREEN,8,8
stairs_down,stairs_down,0.998,1,GREEN,8,8
stairs_down,stairs_down,0.999,1,GREEN,8,8
stairs_down,stairs_down,0.997,1,GREEN,8,8
stairs_down,stairs_down,0.997,1,GREEN,8,8
stairs_down,stairs_down,0.996,1,GREEN,8,8
stairs_down,stairs_down,0.997,1,GREEN,8,8
stairs_down,stairs_down,0.998,1,GREEN,8,8
stairs_down,stairs_down,0.998,1,GREEN,8,8
stairs_down,stairs_down,0.998,1,GREEN,8,8
stairs_down,stairs_down,0.999,1,GREEN,8,8
stairs_down,stairs_down,0.998,1,GREEN,8,8
stairs_down,stairs_down,0.997,1,GREEN,8,8
stairs_down,stairs_down,0.993,1,GREEN,8,8
stairs_down,stairs_down,0.998,1,GREEN,8,8
stairs_down,stairs_down,0.996,1,GREEN,8,8
stairs_down,stairs_down,0.997,1,GREEN,8,8
stairs_down,stairs_down,0.998,1,GREEN,8,8
stairs_down,stairs_down,0.998,1,GREEN,8,8
stairs_down,stairs_down,0.997,1,GREEN,8,8
stairs_down,stairs_down,0.999,1,GREEN,8,8
stairs_down,stairs_down,0.998,1,GREEN,8,8
stairs_down,stairs_down,0.995,1,GREEN,8,8
stairs_down,stairs_down,0.997,1,GREEN,8,8
stairs_down,stairs_down,0.994,1,GREEN,8,8
stairs_down,stairs_down,0.991,1,GREEN,8,8
stairs_down,stairs_down,0.997,1,GREEN,8,8
stairs_down,stairs_down,0.999,1,GREEN,8,8
stairs_down,stairs_down,0.998,1,GREEN,8,8
stairs_down,stairs_down,0.998,1,GREEN,8,8
stairs_down,stairs_down,0.995,1,GREEN,8,8
stairs_down,stairs_down,0.99,1,GREEN,8,8
stairs_down,stairs_down,0.996,1,GREEN,8,8
stairs_down,stairs_down,0.997,1,GREEN,8,8
stairs_down,stairs_down,0.996,1,GREEN,8,8
stairs_down,stairs_down,0.998,1,GREEN,8,8
stairs_down,stairs_down,0.999,1,GREEN,8,8
stairs_down,stairs_down,0.999,1,GREEN,8,8
stairs_down,stairs_down,0.998,1,GREEN,8,8
stairs_down,stairs_down,0.999,1,GREEN,8,8
stairs_down,stairs_down,0.997,1,GREEN,8,8
stairs_down,stairs_down,0.997,1,GREEN,8,8
stairs_down,stairs_down,0.997,1,GREEN,8,8
stairs_down,stairs_down,0.997,1,GREEN,8,8
stairs_down,stairs_down,0.996,1,GREEN,8,8
stairs_down,stairs_down,0.997,1,GREEN,8,8
stairs_down,stairs_down,0.998,1,GREEN,8,8
stairs_down,stairs_down,0.999,1,GREEN,8,8
stairs_down,stairs_down,0.999,1,GREEN,8,8
stairs_down,stairs_down,0.998,1,GREEN,8,8
stairs_down,stairs_down,0.994,1,GREEN,8,8
stairs_down,stairs_down,0.995,1,GREEN,8,8
stairs_down,stairs_down,0.998,1,GREEN,8,8
stairs_down,stairs_down,0.998,1,GREEN,8,8
stairs_down,stairs_down,0.997,1,GREEN,8,8
stairs_down,stairs_down,0.998,1,GREEN,8,8
stairs_down,stairs_down,0.999,1,GREEN,8,8
stairs_down,stairs_down,0.999,1,GREEN,8,8
stairs_down,stairs_down,0.999,1,GREEN,8,8
stairs_down,stairs_down,0.999,1,GREEN,8,8
stairs_down,stairs_down,0.999,1,GREEN,8,8
stairs_down,stairs_down,0.999,1,GREEN,8,8
stairs_down,stairs_down,0.999,1,GREEN,8,8
stairs_down,stairs_down,0.997,1,GREEN,8,8
stairs_down,stairs_down,0.997,1,GREEN,8,8
stairs_down,stairs_down,0.994,1,GREEN,8,8
stairs_down,stairs_down,0.964,1,GREEN,8,8
stairs_down,stairs_down,0.918,1,GREEN,8,8
stairs_down,stairs_down,0.988,1,GREEN,8,8
stairs_down,stairs_down,0.997,1,GREEN,8,8
stairs_down,stairs_down,0.999,1,GREEN,8,8
stairs_down,stairs_down,0.998,1,GREEN,8,8
stairs_down,stairs_down,0.998,1,GREEN,8,8
stairs_down,stairs_down,0.999,1,GREEN,8,8
stairs_down,stairs_down,0.998,1,GREEN,8,8
stairs_down,stairs_down,0.997,1,GREEN,8,8
stairs_down,stairs_down,0.998,1,GREEN,8,8
stairs_down,stairs_down,0.999,1,GREEN,8,8
stairs_down,stairs_down,0.995,1,GREEN,8,8
stairs_down,stairs_down,0.994,1,GREEN,8,8
stairs_down,stairs_down,0.997,1,GREEN,8,8
stairs_down,stairs_down,0.999,1,GREEN,8,8
stairs_down,stairs_down,0.999,1,GREEN,8,8
stairs_down,stairs_down,0.998,1,GREEN,8,8
stairs_down,stairs_down,0.992,1,GREEN,8,8
stairs_down,stairs_down,0.219,1,RED,8,8
stairs_down,stairs_down,0.004,1,RED,8,8
stairs_down,stairs_down,0.009,1,RED,8,8
stairs_down,stairs_down,0.023,1,RED,8,8
stairs_down,stairs_down,0.087,1,RED,8,8
stairs_down,stairs_down,0.023,1,RED,8,8
stairs_down,stairs_down,0.743,1,YELLOW,8,8
stairs_down,stairs_down,0.886,1,GREEN,8,8
stairs_down,stairs_down,0.769,1,GREEN,8,8
stairs_up,stairs_down,0.126,0,RED,7,8
stairs_up,stairs_down,0.098,0,RED,7,8
stairs_up,stairs_down,0.084,0,RED,7,8
stairs_up,stairs_down,0.061,0,RED,7,8
stairs_up,stairs_down,0.062,0,RED,7,8
stairs_up,stairs_down,0.055,0,RED,7,8
stairs_up,stairs_down,0.038,0,RED,7,8
stairs_up,stairs_down,0.039,0,RED,7,8
stairs_up,stairs_up,0.074,1,RED,7,7
stairs_up,stairs_up,0.05,1,RED,7,7
stairs_up,stairs_up,0.562,1,YELLOW,7,7
stairs_up,stairs_up,0.974,1,GREEN,7,7
stairs_up,stairs_up,0.993,1,GREEN,7,7
stairs_up,stairs_up,0.995,1,GREEN,7,7
stairs_up,stairs_up,0.995,1,GREEN,7,7
stairs_up,stairs_up,0.992,1,GREEN,7,7
stairs_up,stairs_up,0.99,1,GREEN,7,7
stairs_up,stairs_up,0.986,1,GREEN,7,7
stairs_up,stairs_up,0.977,1,GREEN,7,7
stairs_up,stairs_up,0.95,1,GREEN,7,7
stairs_up,stairs_up,0.964,1,GREEN,7,7
stairs_up,stairs_up,0.982,1,GREEN,7,7
stairs_up,stairs_up,0.988,1,GREEN,7,7
stairs_up,stairs_up,0.964,1,GREEN,7,7
stairs_up,stairs_up,0.961,1,GREEN,7,7
stairs_up,stairs_up,0.962,1,GREEN,7,7
stairs_up,stairs_up,0.954,1,GREEN,7,7
stairs_up,stairs_up,0.972,1,GREEN,7,7
stairs_up,stairs_up,0.924,1,GREEN,7,7
stairs_up,stairs_up,0.96,1,GREEN,7,7
stairs_up,stairs_up,0.646,1,YELLOW,7,7
stairs_up,stairs_up,0.169,1,RED,7,7
stairs_up,stairs_up,0.209,1,RED,7,7
stairs_up,stairs_up,0.848,1,GREEN,7,7
stairs_up,stairs_up,0.938,1,GREEN,7,7
stairs_up,stairs_up,0.978,1,GREEN,7,7
stairs_up,stairs_up,0.987,1,GREEN,7,7
stairs_up,stairs_up,0.989,1,GREEN,7,7
stairs_up,stairs_up,0.971,1,GREEN,7,7
stairs_up,stairs_up,0.98,1,GREEN,7,7
stairs_up,stairs_up,0.98,1,GREEN,7,7
stairs_up,stairs_up,0.964,1,GREEN,7,7
stairs_up,stairs_up,0.97,1,GREEN,7,7
stairs_up,stairs_up,0.975,1,GREEN,7,7
stairs_up,stairs_up,0.981,1,GREEN,7,7
stairs_up,stairs_up,0.896,1,GREEN,7,7
stairs_up,stairs_up,0.95,1,GREEN,7,7
stairs_up,stairs_up,0.952,1,GREEN,7,7
stairs_up,stairs_up,0.903,1,GREEN,7,7
stairs_up,stairs_up,0.978,1,GREEN,7,7
stairs_up,stairs_up,0.913,1,GREEN,7,7
stairs_up,stairs_up,0.96,1,GREEN,7,7
stairs_up,stairs_up,0.985,1,GREEN,7,7
stairs_up,stairs_up,0.967,1,GREEN,7,7
stairs_up,stairs_up,0.971,1,GREEN,7,7
stairs_up,stairs_up,0.974,1,GREEN,7,7
stairs_up,stairs_up,0.959,1,GREEN,7,7
stairs_up,stairs_up,0.922,1,GREEN,7,7
stairs_up,stairs_up,0.938,1,GREEN,7,7
stairs_up,stairs_up,0.976,1,GREEN,7,7
stairs_up,stairs_up,0.987,1,GREEN,7,7
stairs_up,stairs_up,0.986,1,GREEN,7,7
stairs_up,stairs_up,0.925,1,GREEN,7,7
stairs_up,stairs_up,0.98,1,GREEN,7,7
stairs_up,stairs_up,0.967,1,GREEN,7,7
stairs_up,stairs_up,0.964,1,GREEN,7,7
stairs_up,stairs_up,0.991,1,GREEN,7,7
stairs_up,stairs_up,0.988,1,GREEN,7,7
stairs_up,stairs_up,0.949,1,GREEN,7,7
stairs_up,stairs_up,0.946,1,GREEN,7,7
stairs_up,stairs_up,0.948,1,GREEN,7,7
stairs_up,stairs_up,0.938,1,GREEN,7,7
stairs_up,stairs_up,0.98,1,GREEN,7,7
stairs_up,stairs_up,0.921,1,GREEN,7,7
stairs_up,stairs_up,0.487,1,YELLOW,7,7
stairs_up,stairs_up,0.953,1,GREEN,7,7
stairs_up,stairs_up,0.991,1,GREEN,7,7
stairs_up,stairs_up,0.977,1,GREEN,7,7
stairs_up,stairs_up,0.987,1,GREEN,7,7
stairs_up,stairs_up,0.962,1,GREEN,7,7
stairs_up,stairs_up,0.946,1,GREEN,7,7
stairs_up,stairs_up,0.915,1,GREEN,7,7
stairs_up,stairs_up,0.976,1,GREEN,7,7
stairs_up,stairs_up,0.971,1,GREEN,7,7
stairs_up,stairs_up,0.986,1,GREEN,7,7
stairs_up,stairs_up,0.967,1,GREEN,7,7
stairs_up,stairs_up,0.904,1,GREEN,7,7
stairs_up,stairs_up,0.985,1,GREEN,7,7
stairs_up,stairs_up,0.975,1,GREEN,7,7
stairs_up,stairs_up,0.991,1,GREEN,7,7
stairs_up,stairs_up,0.953,1,GREEN,7,7
stairs_up,stairs_up,0.943,1,GREEN,7,7
stairs_up,stairs_up,0.96,1,GREEN,7,7
stairs_up,stairs_up,0.938,1,GREEN,7,7
stairs_up,stairs_up,0.979,1,GREEN,7,7
stairs_up,stairs_up,0.934,1,GREEN,7,7
stairs_up,stairs_up,0.904,1,GREEN,7,7
stairs_up,stairs_up,0.928,1,GREEN,7,7
stairs_up,stairs_up,0.947,1,GREEN,7,7
stairs_up,stairs_up,0.976,1,GREEN,7,7
stairs_up,stairs_up,0.988,1,GREEN,7,7
stairs_up,stairs_up,0.817,1,GREEN,7,7
stairs_up,stairs_up,0.971,1,GREEN,7,7
stairs_up,stairs_up,0.977,1,GREEN,7,7
stairs_up,stairs_up,0.957,1,GREEN,7,7
stairs_up,stairs_up,0.974,1,GREEN,7,7
stairs_up,stairs_up,0.988,1,GREEN,7,7
stairs_up,stairs_up,0.986,1,GREEN,7,7
stairs_up,stairs_up,0.834,1,GREEN,7,7
stairs_up,stairs_up,0.948,1,GREEN,7,7
stairs_up,stairs_up,0.963,1,GREEN,7,7
stairs_up,stairs_up,0.889,1,GREEN,7,7
stairs_up,stairs_up,0.979,1,GREEN,7,7
stairs_up,stairs_up,0.987,1,GREEN,7,7
stairs_up,stairs_up,0.981,1,GREEN,7,7
stairs_up,stairs_up,0.969,1,GREEN,7,7
stairs_up,stairs_up,0.968,1,GREEN,7,7
stairs_up,stairs_up,0.963,1,GREEN,7,7
stairs_up,stairs_up,0.978,1,GREEN,7,7
stairs_up,stairs_up,0.96,1,GREEN,7,7
stairs_up,stairs_up,0.779,1,GREEN,7,7
stairs_up,stairs_up,0.952,1,GREEN,7,7
stairs_up,stairs_up,0.916,1,GREEN,7,7
stairs_up,stairs_up,0.986,1,GREEN,7,7
stairs_up,stairs_up,0.98,1,GREEN,7,7
stairs_up,stairs_up,0.976,1,GREEN,7,7
stairs_up,stairs_up,0.988,1,GREEN,7,7
stairs_up,stairs_up,0.961,1,GREEN,7,7
stairs_up,stairs_up,0.656,1,YELLOW,7,7
stairs_up,stairs_up,0.883,1,GREEN,7,7
stairs_up,stairs_up,0.452,1,YELLOW,7,7
stairs_up,stairs_up,0.898,1,GREEN,7,7
stairs_up,stairs_up,0.938,1,GREEN,7,7
stairs_up,stairs_up,0.502,1,YELLOW,7,7
stairs_up,stairs_up,0.083,1,RED,7,7
stairs_up,stairs_up,0.028,1,RED,7,7
stairs_up,stairs_up,0.059,1,RED,7,7
stairs_up,stairs_up,0.147,1,RED,7,7
stairs_up,stairs_up,0.139,1,RED,7,7
stairs_up,stairs_up,0.097,1,RED,7,7
stairs_down,stairs_down,0.12,1,RED,8,8
stairs_down,stairs_down,0.119,1,RED,8,8
stairs_down,stairs_down,0.073,1,RED,8,8
stairs_down,stairs_down,0.032,1,RED,8,8
stairs_down,stairs_down,0.078,1,RED,8,8
stairs_down,stairs_down,0.095,1,RED,8,8
stairs_down,stairs_down,0.146,1,RED,8,8
stairs_down,stairs_down,0.153,1,RED,8,8
stairs_down,stairs_down,0.326,1,RED,8,8
stairs_down,stairs_down,0.904,1,GREEN,8,8
stairs_down,stairs_down,0.857,1,GREEN,8,8
stairs_down,stairs_down,0.888,1,GREEN,8,8
stairs_down,stairs_down,0.988,1,GREEN,8,8
stairs_down,stairs_down,0.999,1,GREEN,8,8
stairs_down,stairs_down,0.999,1,GREEN,8,8
stairs_down,stairs_down,0.999,1,GREEN,8,8
stairs_down,stairs_down,0.999,1,GREEN,8,8
stairs_down,stairs_down,0.998,1,GREEN,8,8
stairs_down,stairs_down,0.998,1,GREEN,8,8
stairs_down,stairs_down,0.997,1,GREEN,8,8
stairs_down,stairs_down,0.996,1,GREEN,8,8
stairs_down,stairs_down,0.998,1,GREEN,8,8
stairs_down,stairs_down,0.998,1,GREEN,8,8
stairs_down,stairs_down,0.999,1,GREEN,8,8
stairs_down,stairs_down,0.998,1,GREEN,8,8
stairs_down,stairs_down,0.998,1,GREEN,8,8
stairs_down,stairs_down,0.998,1,GREEN,8,8
stairs_down,stairs_down,0.996,1,GREEN,8,8
stairs_down,stairs_down,0.999,1,GREEN,8,8
stairs_down,stairs_down,0.998,1,GREEN,8,8
stairs_down,stairs_down,0.994,1,GREEN,8,8
stairs_down,stairs_down,0.998,1,GREEN,8,8
stairs_down,stairs_down,0.998,1,GREEN,8,8
stairs_down,stairs_down,0.997,1,GREEN,8,8
stairs_down,stairs_down,0.998,1,GREEN,8,8
stairs_down,stairs_down,0.998,1,GREEN,8,8
stairs_down,stairs_down,0.998,1,GREEN,8,8
stairs_down,stairs_down,0.999,1,GREEN,8,8
stairs_down,stairs_down,0.999,1,GREEN,8,8
stairs_down,stairs_down,0.999,1,GREEN,8,8
stairs_down,stairs_down,0.997,1,GREEN,8,8
stairs_down,stairs_down,0.99,1,GREEN,8,8
stairs_down,stairs_down,0.996,1,GREEN,8,8
stairs_down,stairs_down,0.999,1,GREEN,8,8
stairs_down,stairs_down,0.998,1,GREEN,8,8
stairs_down,stairs_down,0.998,1,GREEN,8,8
stairs_down,stairs_down,0.999,1,GREEN,8,8
stairs_down,stairs_down,0.998,1,GREEN,8,8
stairs_down,stairs_down,0.999,1,GREEN,8,8
stairs_down,stairs_down,0.999,1,GREEN,8,8
stairs_down,stairs_down,0.997,1,GREEN,8,8
stairs_down,stairs_down,0.99,1,GREEN,8,8
stairs_down,stairs_down,0.983,1,GREEN,8,8
stairs_down,stairs_down,0.998,1,GREEN,8,8
stairs_down,stairs_down,0.998,1,GREEN,8,8
stairs_down,stairs_down,0.999,1,GREEN,8,8
stairs_down,stairs_down,0.999,1,GREEN,8,8
stairs_down,stairs_down,0.998,1,GREEN,8,8
stairs_down,stairs_down,0.997,1,GREEN,8,8
stairs_down,stairs_down,0.997,1,GREEN,8,8
stairs_down,stairs_down,0.999,1,GREEN,8,8
stairs_down,stairs_down,0.999,1,GREEN,8,8
stairs_down,stairs_down,0.998,1,GREEN,8,8
stairs_down,stairs_down,0.998,1,GREEN,8,8
stairs_down,stairs_down,0.998,1,GREEN,8,8
stairs_down,stairs_down,0.997,1,GREEN,8,8
stairs_down,stairs_down,0.997,1,GREEN,8,8
stairs_down,stairs_down,0.999,1,GREEN,8,8
stairs_down,stairs_down,0.999,1,GREEN,8,8
stairs_down,stairs_down,0.999,1,GREEN,8,8
stairs_down,stairs_down,0.999,1,GREEN,8,8
stairs_down,stairs_down,0.999,1,GREEN,8,8
stairs_down,stairs_down,0.999,1,GREEN,8,8
stairs_down,stairs_down,0.998,1,GREEN,8,8
stairs_down,stairs_down,0.999,1,GREEN,8,8
stairs_down,stairs_down,0.998,1,GREEN,8,8
stairs_down,stairs_down,0.994,1,GREEN,8,8
stairs_down,stairs_down,0.921,1,GREEN,8,8
stairs_down,stairs_down,0.033,1,RED,8,8
stairs_down,stairs_down,0.98,1,GREEN,8,8
stairs_down,stairs_down,0.997,1,GREEN,8,8
stairs_down,stairs_down,0.999,1,GREEN,8,8
stairs_down,stairs_down,0.999,1,GREEN,8,8
stairs_down,stairs_down,0.998,1,GREEN,8,8
stairs_down,stairs_down,0.994,1,GREEN,8,8
stairs_down,stairs_down,0.998,1,GREEN,8,8
stairs_down,stairs_down,0.997,1,GREEN,8,8
stairs_down,stairs_down,0.996,1,GREEN,8,8
stairs_down,stairs_down,0.992,1,GREEN,8,8
stairs_down,stairs_down,0.836,1,GREEN,8,8
stairs_down,stairs_down,0.115,1,RED,8,8
stairs_down,stairs_down,0.883,1,GREEN,8,8
stairs_down,stairs_down,0.312,1,RED,8,8
stairs_down,stairs_down,0.121,1,RED,8,8
stairs_down,stairs_down,0.547,1,YELLOW,8,8
stairs_down,stairs_down,0.049,1,RED,8,8
stairs_down,stairs_down,0.787,1,GREEN,8,8
stairs_down,stairs_down,0.736,1,YELLOW,8,8
stairs_down,stairs_down,0.727,1,YELLOW,8,8
stairs_down,stairs_down,0.706,1,YELLOW,8,8
stairs_down,stairs_down,0.717,1,YELLOW,8,8
walking,stairs_down,0.068,0,RED,3,8
walking,stairs_down,0.07,0,RED,3,8
walking,stairs_down,0.086,0,RED,3,8
walking,walking,0.081,1,RED,3,3
walking,walking,0.09,1,RED,3,3
walking,walking,0.074,1,RED,3,3
walking,walking,0.083,1,RED,3,3
walking,walking,0.099,1,RED,3,3
walking,walking,0.045,1,RED,3,3
walking,walking,0.168,1,RED,3,3
walking,walking,0.394,1,RED,3,3
walking,walking,0.729,1,YELLOW,3,3
walking,walking,0.742,1,YELLOW,3,3
walking,walking,0.995,1,GREEN,3,3
walking,walking,0.992,1,GREEN,3,3
walking,walking,0.987,1,GREEN,3,3
walking,walking,0.978,1,GREEN,3,3
walking,walking,0.987,1,GREEN,3,3
walking,walking,0.985,1,GREEN,3,3
walking,walking,0.952,1,GREEN,3,3
walking,walking,0.993,1,GREEN,3,3
walking,walking,0.994,1,GREEN,3,3
walking,walking,0.997,1,GREEN,3,3
walking,walking,0.996,1,GREEN,3,3
walking,walking,0.992,1,GREEN,3,3
walking,walking,0.988,1,GREEN,3,3
walking,walking,0.958,1,GREEN,3,3
walking,walking,0.996,1,GREEN,3,3
walking,walking,0.996,1,GREEN,3,3
walking,walking,0.998,1,GREEN,3,3
walking,walking,0.997,1,GREEN,3,3
walking,walking,0.995,1,GREEN,3,3
walking,walking,0.997,1,GREEN,3,3
walking,walking,0.997,1,GREEN,3,3
walking,walking,0.997,1,GREEN,3,3
walking,walking,0.993,1,GREEN,3,3
walking,walking,0.997,1,GREEN,3,3
walking,walking,0.993,1,GREEN,3,3
walking,walking,0.998,1,GREEN,3,3
walking,walking,0.999,1,GREEN,3,3
walking,walking,0.998,1,GREEN,3,3
walking,walking,0.998,1,GREEN,3,3
walking,walking,0.999,1,GREEN,3,3
walking,walking,0.998,1,GREEN,3,3
walking,walking,0.996,1,GREEN,3,3
walking,walking,0.989,1,GREEN,3,3
walking,walking,0.982,1,GREEN,3,3
walking,walking,0.996,1,GREEN,3,3
walking,walking,0.991,1,GREEN,3,3
walking,walking,0.997,1,GREEN,3,3
walking,walking,0.998,1,GREEN,3,3
walking,walking,0.998,1,GREEN,3,3
walking,walking,0.998,1,GREEN,3,3
walking,walking,0.995,1,GREEN,3,3
walking,walking,0.996,1,GREEN,3,3
walking,walking,0.998,1,GREEN,3,3
walking,walking,0.991,1,GREEN,3,3
walking,walking,0.989,1,GREEN,3,3
walking,walking,0.995,1,GREEN,3,3
walking,walking,0.988,1,GREEN,3,3
walking,walking,0.995,1,GREEN,3,3
walking,walking,0.994,1,GREEN,3,3
walking,walking,0.997,1,GREEN,3,3
walking,walking,0.998,1,GREEN,3,3
walking,walking,0.997,1,GREEN,3,3
walking,walking,0.989,1,GREEN,3,3
walking,walking,0.987,1,GREEN,3,3
walking,walking,0.997,1,GREEN,3,3
walking,walking,0.975,1,GREEN,3,3
walking,walking,0.997,1,GREEN,3,3
walking,walking,0.997,1,GREEN,3,3
walking,walking,0.998,1,GREEN,3,3
walking,walking,0.997,1,GREEN,3,3
walking,walking,0.995,1,GREEN,3,3
walking,walking,0.992,1,GREEN,3,3
walking,walking,0.331,1,RED,3,3
walking,walking,0.409,1,RED,3,3
walking,walking,0.642,1,YELLOW,3,3
walking,walking,0.993,1,GREEN,3,3
walking,walking,0.995,1,GREEN,3,3
walking,walking,0.995,1,GREEN,3,3
walking,walking,0.992,1,GREEN,3,3
walking,walking,0.997,1,GREEN,3,3
walking,walking,0.996,1,GREEN,3,3
walking,walking,0.998,1,GREEN,3,3
walking,walking,0.997,1,GREEN,3,3
walking,walking,0.995,1,GREEN,3,3
walking,walking,0.992,1,GREEN,3,3
walking,walking,0.988,1,GREEN,3,3
walking,walking,0.997,1,GREEN,3,3
walking,walking,0.998,1,GREEN,3,3
walking,walking,0.998,1,GREEN,3,3
walking,walking,0.998,1,GREEN,3,3
walking,walking,0.998,1,GREEN,3,3
walking,walking,0.996,1,GREEN,3,3
walking,walking,0.993,1,GREEN,3,3
walking,walking,0.997,1,GREEN,3,3
walking,walking,0.99,1,GREEN,3,3
walking,walking,0.998,1,GREEN,3,3
walking,walking,0.998,1,GREEN,3,3
walking,walking,0.998,1,GREEN,3,3
walking,walking,0.998,1,GREEN,3,3
walking,walking,0.998,1,GREEN,3,3
walking,walking,0.995,1,GREEN,3,3
walking,walking,0.994,1,GREEN,3,3
walking,walking,0.997,1,GREEN,3,3
walking,walking,0.982,1,GREEN,3,3
walking,walking,0.996,1,GREEN,3,3
walking,walking,0.996,1,GREEN,3,3
walking,walking,0.998,1,GREEN,3,3
walking,walking,0.998,1,GREEN,3,3
walking,walking,0.998,1,GREEN,3,3
walking,walking,0.998,1,GREEN,3,3
walking,walking,0.998,1,GREEN,3,3
walking,walking,0.996,1,GREEN,3,3
walking,walking,0.99,1,GREEN,3,3
walking,walking,0.997,1,GREEN,3,3
walking,walking,0.993,1,GREEN,3,3
walking,walking,0.998,1,GREEN,3,3
walking,walking,0.998,1,GREEN,3,3
walking,walking,0.998,1,GREEN,3,3
walking,walking,0.997,1,GREEN,3,3
walking,walking,0.996,1,GREEN,3,3
walking,walking,0.996,1,GREEN,3,3
walking,walking,0.996,1,GREEN,3,3
walking,walking,0.998,1,GREEN,3,3
walking,walking,0.997,1,GREEN,3,3
walking,walking,0.998,1,GREEN,3,3
walking,walking,0.996,1,GREEN,3,3
walking,walking,0.998,1,GREEN,3,3
walking,walking,0.996,1,GREEN,3,3
walking,walking,0.994,1,GREEN,3,3
walking,walking,0.996,1,GREEN,3,3
walking,walking,0.995,1,GREEN,3,3
walking,walking,0.998,1,GREEN,3,3
walking,walking,0.997,1,GREEN,3,3
walking,walking,0.998,1,GREEN,3,3
walking,walking,0.997,1,GREEN,3,3
walking,walking,0.998,1,GREEN,3,3
walking,walking,0.997,1,GREEN,3,3
walking,walking,0.995,1,GREEN,3,3
walking,walking,0.997,1,GREEN,3,3
walking,walking,0.996,1,GREEN,3,3
walking,walking,0.997,1,GREEN,3,3
walking,walking,0.993,1,GREEN,3,3
walking,walking,0.997,1,GREEN,3,3
walking,walking,0.998,1,GREEN,3,3
walking,walking,0.998,1,GREEN,3,3
walking,walking,0.998,1,GREEN,3,3
walking,walking,0.998,1,GREEN,3,3
walking,walking,0.996,1,GREEN,3,3
walking,walking,0.997,1,GREEN,3,3
walking,walking,0.998,1,GREEN,3,3
walking,walking,0.997,1,GREEN,3,3
walking,walking,0.997,1,GREEN,3,3
walking,walking,0.996,1,GREEN,3,3
walking,walking,0.998,1,GREEN,3,3
walking,walking,0.998,1,GREEN,3,3
walking,walking,0.997,1,GREEN,3,3
walking,walking,0.995,1,GREEN,3,3
walking,walking,0.995,1,GREEN,3,3
walking,walking,0.998,1,GREEN,3,3
walking,walking,0.998,1,GREEN,3,3
walking,walking,0.996,1,GREEN,3,3
walking,walking,0.965,1,GREEN,3,3
walking,walking,0.988,1,GREEN,3,3
walking,walking,0.996,1,GREEN,3,3
walking,walking,0.996,1,GREEN,3,3
walking,walking,0.994,1,GREEN,3,3
walking,walking,0.992,1,GREEN,3,3
walking,walking,0.997,1,GREEN,3,3
walking,walking,0.977,1,GREEN,3,3
walking,walking,0.997,1,GREEN,3,3
walking,walking,0.996,1,GREEN,3,3
walking,walking,0.997,1,GREEN,3,3
walking,walking,0.997,1,GREEN,3,3
walking,walking,0.996,1,GREEN,3,3
walking,walking,0.997,1,GREEN,3,3
walking,walking,0.994,1,GREEN,3,3
walking,walking,0.998,1,GREEN,3,3
walking,walking,0.996,1,GREEN,3,3
walking,walking,0.997,1,GREEN,3,3
walking,walking,0.996,1,GREEN,3,3
walking,walking,0.996,1,GREEN,3,3
walking,walking,0.994,1,GREEN,3,3
walking,walking,0.975,1,GREEN,3,3
walking,walking,0.996,1,GREEN,3,3
walking,walking,0.993,1,GREEN,3,3
walking,walking,0.997,1,GREEN,3,3
walking,walking,0.996,1,GREEN,3,3
walking,walking,0.996,1,GREEN,3,3
walking,walking,0.994,1,GREEN,3,3
walking,walking,0.987,1,GREEN,3,3
walking,walking,0.997,1,GREEN,3,3
walking,walking,0.995,1,GREEN,3,3
walking,walking,0.997,1,GREEN,3,3
walking,walking,0.996,1,GREEN,3,3
walking,walking,0.997,1,GREEN,3,3
walking,walking,0.994,1,GREEN,3,3
walking,walking,0.985,1,GREEN,3,3
walking,walking,0.996,1,GREEN,3,3
walking,walking,0.99,1,GREEN,3,3
walking,walking,0.996,1,GREEN,3,3
walking,walking,0.991,1,GREEN,3,3
walking,walking,0.968,1,GREEN,3,3
walking,walking,0.982,1,GREEN,3,3
walking,walking,0.972,1,GREEN,3,3
walking,walking,0.995,1,GREEN,3,3
walking,walking,0.993,1,GREEN,3,3
walking,walking,0.996,1,GREEN,3,3
walking,walking,0.988,1,GREEN,3,3
walking,walking,0.968,1,GREEN,3,3
walking,walking,0.993,1,GREEN,3,3
walking,walking,0.968,1,GREEN,3,3
walking,walking,0.992,1,GREEN,3,3
walking,walking,0.991,1,GREEN,3,3
walking,walking,0.985,1,GREEN,3,3
walking,walking,0.988,1,GREEN,3,3
walking,walking,0.318,1,RED,3,3
walking,walking,0.655,1,YELLOW,3,3
walking,walking,0.828,1,GREEN,3,3
walking,walking,0.958,1,GREEN,3,3
walking,walking,0.957,1,GREEN,3,3
walking,walking,0.598,1,YELLOW,3,3
walking,walking,0.957,1,GREEN,3,3
walking,walking,0.954,1,GREEN,3,3
walking,walking,0.978,1,GREEN,3,3
walking,walking,0.987,1,GREEN,3,3
walking,walking,0.991,1,GREEN,3,3
walking,walking,0.981,1,GREEN,3,3
walking,walking,0.06,1,RED,3,3
walking,walking,0.913,1,GREEN,3,3
walking,walking,0.986,1,GREEN,3,3
walking,walking,0.166,1,RED,3,3
walking,walking,0.537,1,YELLOW,3,3
walking,walking,0.981,1,GREEN,3,3
walking,walking,0.942,1,GREEN,3,3
walking,walking,0.625,1,YELLOW,3,3
walking,walking,0.562,1,YELLOW,3,3
walking,walking,0.108,1,RED,3,3
walking,walking,0.945,1,GREEN,3,3
walking,walking,0.958,1,GREEN,3,3
walking,walking,0.992,1,GREEN,3,3
walking,walking,0.989,1,GREEN,3,3
walking,walking,0.984,1,GREEN,3,3
walking,walking,0.992,1,GREEN,3,3
walking,walking,0.384,1,RED,3,3
walking,walking,0.986,1,GREEN,3,3
walking,walking,0.985,1,GREEN,3,3
walking,walking,0.984,1,GREEN,3,3
walking,walking,0.985,1,GREEN,3,3
walking,walking,0.968,1,GREEN,3,3
walking,walking,0.807,1,GREEN,3,3
walking,walking,0.259,1,RED,3,3
walking,walking,0.96,1,GREEN,3,3
walking,walking,0.969,1,GREEN,3,3
walking,walking,0.991,1,GREEN,3,3
walking,walking,0.985,1,GREEN,3,3
walking,walking,0.984,1,GREEN,3,3
walking,walking,0.96,1,GREEN,3,3
walking,walking,0.236,1,RED,3,3
walking,walking,0.993,1,GREEN,3,3
walking,walking,0.993,1,GREEN,3,3
walking,walking,0.995,1,GREEN,3,3
walking,walking,0.966,1,GREEN,3,3
walking,walking,0.046,1,RED,3,3
walking,walking,0.524,1,YELLOW,3,3
walking,walking,0.331,1,RED,3,3
walking,walking,0.99,1,GREEN,3,3
walking,walking,0.99,1,GREEN,3,3
walking,walking,0.996,1,GREEN,3,3
walking,walking,0.992,1,GREEN,3,3
walking,walking,0.99,1,GREEN,3,3
walking,walking,0.991,1,GREEN,3,3
walking,walking,0.233,1,RED,3,3
walking,walking,0.664,1,YELLOW,3,3
walking,walking,0.991,1,GREEN,3,3
walking,walking,0.994,1,GREEN,3,3
walking,walking,0.997,1,GREEN,3,3
walking,walking,0.998,1,GREEN,3,3
walking,walking,0.998,1,GREEN,3,3
walking,walking,0.998,1,GREEN,3,3
walking,walking,0.998,1,GREEN,3,3
walking,walking,0.997,1,GREEN,3,3
walking,walking,0.996,1,GREEN,3,3
walking,walking,0.996,1,GREEN,3,3
walking,walking,0.996,1,GREEN,3,3
walking,walking,0.991,1,GREEN,3,3
walking,walking,0.993,1,GREEN,3,3
walking,walking,0.988,1,GREEN,3,3
walking,walking,0.994,1,GREEN,3,3
walking,walking,0.994,1,GREEN,3,3
walking,walking,0.997,1,GREEN,3,3
walking,walking,0.998,1,GREEN,3,3
walking,walking,0.998,1,GREEN,3,3
walking,walking,0.997,1,GREEN,3,3
walking,walking,0.996,1,GREEN,3,3
walking,walking,0.997,1,GREEN,3,3
walking,walking,0.997,1,GREEN,3,3
walking,walking,0.998,1,GREEN,3,3
walking,walking,0.997,1,GREEN,3,3
walking,walking,0.998,1,GREEN,3,3
walking,walking,0.995,1,GREEN,3,3
walking,walking,0.993,1,GREEN,3,3
walking,walking,0.997,1,GREEN,3,3
walking,walking,0.998,1,GREEN,3,3
walking,walking,0.997,1,GREEN,3,3
walking,walking,0.997,1,GREEN,3,3
walking,walking,0.997,1,GREEN,3,3
walking,walking,0.995,1,GREEN,3,3
walking,walking,0.998,1,GREEN,3,3
walking,walking,0.996,1,GREEN,3,3
walking,walking,0.998,1,GREEN,3,3
walking,walking,0.997,1,GREEN,3,3
walking,walking,0.998,1,GREEN,3,3
walking,walking,0.998,1,GREEN,3,3
walking,walking,0.998,1,GREEN,3,3
walking,walking,0.998,1,GREEN,3,3
walking,walking,0.997,1,GREEN,3,3
walking,walking,0.997,1,GREEN,3,3
walking,walking,0.998,1,GREEN,3,3
walking,walking,0.998,1,GREEN,3,3
walking,walking,0.997,1,GREEN,3,3
walking,walking,0.998,1,GREEN,3,3
walking,walking,0.997,1,GREEN,3,3
walking,walking,0.997,1,GREEN,3,3
walking,walking,0.997,1,GREEN,3,3
walking,walking,0.992,1,GREEN,3,3
walking,walking,0.993,1,GREEN,3,3
walking,walking,0.998,1,GREEN,3,3
walking,walking,0.998,1,GREEN,3,3
walking,walking,0.997,1,GREEN,3,3
walking,walking,0.995,1,GREEN,3,3
walking,walking,0.997,1,GREEN,3,3
walking,walking,0.999,1,GREEN,3,3
walking,walking,0.997,1,GREEN,3,3
walking,walking,0.997,1,GREEN,3,3
walking,walking,0.998,1,GREEN,3,3
walking,walking,0.998,1,GREEN,3,3
walking,walking,0.993,1,GREEN,3,3
walking,walking,0.997,1,GREEN,3,3
walking,walking,0.998,1,GREEN,3,3
walking,walking,0.997,1,GREEN,3,3
walking,walking,0.996,1,GREEN,3,3
walking,walking,0.997,1,GREEN,3,3
walking,walking,0.997,1,GREEN,3,3
walking,walking,0.998,1,GREEN,3,3
walking,walking,0.997,1,GREEN,3,3
walking,walking,0.998,1,GREEN,3,3
walking,walking,0.997,1,GREEN,3,3
walking,walking,0.997,1,GREEN,3,3
walking,walking,0.996,1,GREEN,3,3
walking,walking,0.995,1,GREEN,3,3
walking,walking,0.971,1,GREEN,3,3
walking,walking,0.34,1,RED,3,3
walking,walking,0.235,1,RED,3,3
walking,walking,0.031,1,RED,3,3
walking,walking,0.958,1,GREEN,3,3
walking,walking,0.995,1,GREEN,3,3
walking,walking,0.997,1,GREEN,3,3
walking,walking,0.995,1,GREEN,3,3
walking,walking,0.992,1,GREEN,3,3
walking,walking,0.998,1,GREEN,3,3
walking,walking,0.997,1,GREEN,3,3
walking,walking,0.997,1,GREEN,3,3
walking,walking,0.996,1,GREEN,3,3
walking,walking,0.995,1,GREEN,3,3
walking,walking,0.961,1,GREEN,3,3
walking,walking,0.903,1,GREEN,3,3
walking,walking,0.967,1,GREEN,3,3
walking,walking,0.977,1,GREEN,3,3
walking,walking,0.988,1,GREEN,3,3
walking,walking,0.98,1,GREEN,3,3
walking,walking,0.984,1,GREEN,3,3
walking,walking,0.997,1,GREEN,3,3
walking,walking,0.998,1,GREEN,3,3
walking,walking,0.997,1,GREEN,3,3
walking,walking,0.997,1,GREEN,3,3
walking,walking,0.997,1,GREEN,3,3
walking,walking,0.997,1,GREEN,3,3
walking,walking,0.997,1,GREEN,3,3
walking,walking,0.998,1,GREEN,3,3
walking,walking,0.997,1,GREEN,3,3
walking,walking,0.996,1,GREEN,3,3
walking,walking,0.994,1,GREEN,3,3
walking,walking,0.991,1,GREEN,3,3
walking,walking,0.996,1,GREEN,3,3
walking,walking,0.986,1,GREEN,3,3
walking,walking,0.997,1,GREEN,3,3
walking,walking,0.996,1,GREEN,3,3
walking,walking,0.996,1,GREEN,3,3
walking,walking,0.986,1,GREEN,3,3
walking,walking,0.973,1,GREEN,3,3
walking,walking,0.986,1,GREEN,3,3
walking,walking,0.873,1,GREEN,3,3
walking,walking,0.987,1,GREEN,3,3
walking,walking,0.975,1,GREEN,3,3
walking,walking,0.981,1,GREEN,3,3
walking,walking,0.963,1,GREEN,3,3
walking,walking,0.986,1,GREEN,3,3
walking,walking,0.981,1,GREEN,3,3
walking,walking,0.989,1,GREEN,3,3
walking,walking,0.997,1,GREEN,3,3
walking,walking,0.996,1,GREEN,3,3
walking,walking,0.998,1,GREEN,3,3
walking,walking,0.998,1,GREEN,3,3
walking,walking,0.998,1,GREEN,3,3
walking,walking,0.998,1,GREEN,3,3
walking,walking,0.998,1,GREEN,3,3
walking,walking,0.998,1,GREEN,3,3
walking,walking,0.998,1,GREEN,3,3
walking,walking,0.997,1,GREEN,3,3
walking,walking,0.99,1,GREEN,3,3
walking,walking,0.996,1,GREEN,3,3
walking,walking,0.99,1,GREEN,3,3
walking,walking,0.998,1,GREEN,3,3
walking,walking,0.993,1,GREEN,3,3
walking,walking,0.993,1,GREEN,3,3
walking,walking,0.997,1,GREEN,3,3
walking,walking,0.998,1,GREEN,3,3
walking,walking,0.998,1,GREEN,3,3
walking,walking,0.998,1,GREEN,3,3
walking,walking,0.998,1,GREEN,3,3
walking,walking,0.997,1,GREEN,3,3
walking,walking,0.998,1,GREEN,3,3
walking,walking,0.994,1,GREEN,3,3
walking,walking,0.995,1,GREEN,3,3
walking,walking,0.995,1,GREEN,3,3
walking,walking,0.997,1,GREEN,3,3
walking,walking,0.998,1,GREEN,3,3
walking,walking,0.988,1,GREEN,3,3
walking,walking,0.99,1,GREEN,3,3
walking,walking,0.997,1,GREEN,3,3
walking,walking,0.996,1,GREEN,3,3
walking,walking,0.996,1,GREEN,3,3
walking,walking,0.998,1,GREEN,3,3
walking,walking,0.997,1,GREEN,3,3
walking,walking,0.998,1,GREEN,3,3
walking,walking,0.998,1,GREEN,3,3
walking,walking,0.998,1,GREEN,3,3
walking,walking,0.998,1,GREEN,3,3
walking,walking,0.997,1,GREEN,3,3
walking,walking,0.997,1,GREEN,3,3
walking,walking,0.998,1,GREEN,3,3
walking,walking,0.995,1,GREEN,3,3
walking,walking,0.982,1,GREEN,3,3
walking,walking,0.997,1,GREEN,3,3
walking,walking,0.998,1,GREEN,3,3
walking,walking,0.998,1,GREEN,3,3
walking,walking,0.998,1,GREEN,3,3
walking,walking,0.998,1,GREEN,3,3
walking,walking,0.998,1,GREEN,3,3
walking,walking,0.998,1,GREEN,3,3
walking,walking,0.997,1,GREEN,3,3
walking,walking,0.998,1,GREEN,3,3
walking,walking,0.996,1,GREEN,3,3
walking,walking,0.997,1,GREEN,3,3
walking,walking,0.999,1,GREEN,3,3
walking,walking,0.997,1,GREEN,3,3
walking,walking,0.991,1,GREEN,3,3
walking,walking,0.98,1,GREEN,3,3
walking,walking,0.997,1,GREEN,3,3
walking,walking,0.994,1,GREEN,3,3
walking,walking,0.997,1,GREEN,3,3
walking,walking,0.998,1,GREEN,3,3
walking,walking,0.998,1,GREEN,3,3
walking,walking,0.998,1,GREEN,3,3
walking,walking,0.998,1,GREEN,3,3
walking,walking,0.997,1,GREEN,3,3
walking,walking,0.996,1,GREEN,3,3
walking,walking,0.996,1,GREEN,3,3
walking,walking,0.994,1,GREEN,3,3
walking,walking,0.997,1,GREEN,3,3
walking,walking,0.988,1,GREEN,3,3
walking,walking,0.997,1,GREEN,3,3
walking,walking,0.997,1,GREEN,3,3
walking,walking,0.997,1,GREEN,3,3
walking,walking,0.998,1,GREEN,3,3
walking,walking,0.998,1,GREEN,3,3
walking,walking,0.996,1,GREEN,3,3
walking,walking,0.991,1,GREEN,3,3
walking,walking,0.992,1,GREEN,3,3
walking,walking,0.827,1,GREEN,3,3
walking,walking,0.988,1,GREEN,3,3
walking,walking,0.995,1,GREEN,3,3
walking,walking,0.998,1,GREEN,3,3
walking,walking,0.998,1,GREEN,3,3
walking,walking,0.997,1,GREEN,3,3
walking,walking,0.996,1,GREEN,3,3
walking,walking,0.993,1,GREEN,3,3
walking,walking,0.997,1,GREEN,3,3
walking,walking,0.982,1,GREEN,3,3
walking,walking,0.996,1,GREEN,3,3
walking,walking,0.995,1,GREEN,3,3
walking,walking,0.996,1,GREEN,3,3
walking,walking,0.997,1,GREEN,3,3
walking,walking,0.994,1,GREEN,3,3
walking,walking,0.993,1,GREEN,3,3
walking,walking,0.954,1,GREEN,3,3
walking,walking,0.785,1,GREEN,3,3
walking,walking,0.629,1,YELLOW,3,3
walking,walking,0.508,1,YELLOW,3,3
walking,walking,0.803,1,GREEN,3,3
walking,walking,0.821,1,GREEN,3,3
walking,walking,0.84,1,GREEN,3,3
walking,walking,0.821,1,GREEN,3,3
nordic_walk,walking,0.404,0,RED,6,3
nordic_walk,walking,0.423,0,RED,6,3
nordic_walk,walking,0.443,0,RED,6,3
nordic_walk,nordic_walk,0.514,1,YELLOW,6,6
nordic_walk,nordic_walk,0.488,1,YELLOW,6,6
nordic_walk,nordic_walk,0.289,1,RED,6,6
nordic_walk,nordic_walk,0.153,1,RED,6,6
nordic_walk,nordic_walk,0.041,1,RED,6,6
nordic_walk,nordic_walk,0.031,1,RED,6,6
nordic_walk,nordic_walk,0.039,1,RED,6,6
nordic_walk,nordic_walk,0.853,1,GREEN,6,6
nordic_walk,nordic_walk,0.998,1,GREEN,6,6
nordic_walk,nordic_walk,0.999,1,GREEN,6,6
nordic_walk,nordic_walk,0.999,1,GREEN,6,6
nordic_walk,nordic_walk,0.999,1,GREEN,6,6
nordic_walk,nordic_walk,0.999,1,GREEN,6,6
nordic_walk,nordic_walk,0.998,1,GREEN,6,6
nordic_walk,nordic_walk,0.998,1,GREEN,6,6
nordic_walk,nordic_walk,0.997,1,GREEN,6,6
nordic_walk,nordic_walk,0.997,1,GREEN,6,6
nordic_walk,nordic_walk,0.998,1,GREEN,6,6
nordic_walk,nordic_walk,0.997,1,GREEN,6,6
nordic_walk,nordic_walk,0.996,1,GREEN,6,6
nordic_walk,nordic_walk,0.996,1,GREEN,6,6
nordic_walk,nordic_walk,0.997,1,GREEN,6,6
nordic_walk,nordic_walk,0.997,1,GREEN,6,6
nordic_walk,nordic_walk,0.998,1,GREEN,6,6
nordic_walk,nordic_walk,0.997,1,GREEN,6,6
nordic_walk,nordic_walk,0.998,1,GREEN,6,6
nordic_walk,nordic_walk,0.998,1,GREEN,6,6
nordic_walk,nordic_walk,0.998,1,GREEN,6,6
nordic_walk,nordic_walk,0.998,1,GREEN,6,6
nordic_walk,nordic_walk,0.999,1,GREEN,6,6
nordic_walk,nordic_walk,0.999,1,GREEN,6,6
nordic_walk,nordic_walk,0.998,1,GREEN,6,6
nordic_walk,nordic_walk,0.997,1,GREEN,6,6
nordic_walk,nordic_walk,0.997,1,GREEN,6,6
nordic_walk,nordic_walk,0.998,1,GREEN,6,6
nordic_walk,nordic_walk,0.998,1,GREEN,6,6
nordic_walk,nordic_walk,0.999,1,GREEN,6,6
nordic_walk,nordic_walk,0.999,1,GREEN,6,6
nordic_walk,nordic_walk,0.999,1,GREEN,6,6
nordic_walk,nordic_walk,0.999,1,GREEN,6,6
nordic_walk,nordic_walk,0.999,1,GREEN,6,6
nordic_walk,nordic_walk,0.999,1,GREEN,6,6
nordic_walk,nordic_walk,0.999,1,GREEN,6,6
nordic_walk,nordic_walk,0.999,1,GREEN,6,6
nordic_walk,nordic_walk,0.999,1,GREEN,6,6
nordic_walk,nordic_walk,0.999,1,GREEN,6,6
nordic_walk,nordic_walk,0.999,1,GREEN,6,6
nordic_walk,nordic_walk,0.999,1,GREEN,6,6
nordic_walk,nordic_walk,0.999,1,GREEN,6,6
nordic_walk,nordic_walk,0.999,1,GREEN,6,6
nordic_walk,nordic_walk,0.999,1,GREEN,6,6
nordic_walk,nordic_walk,0.999,1,GREEN,6,6
nordic_walk,nordic_walk,0.998,1,GREEN,6,6
nordic_walk,nordic_walk,0.998,1,GREEN,6,6
nordic_walk,nordic_walk,0.999,1,GREEN,6,6
nordic_walk,nordic_walk,0.999,1,GREEN,6,6
nordic_walk,nordic_walk,0.999,1,GREEN,6,6
nordic_walk,nordic_walk,0.999,1,GREEN,6,6
nordic_walk,nordic_walk,0.999,1,GREEN,6,6
nordic_walk,nordic_walk,0.999,1,GREEN,6,6
nordic_walk,nordic_walk,0.999,1,GREEN,6,6
nordic_walk,nordic_walk,0.998,1,GREEN,6,6
nordic_walk,nordic_walk,0.999,1,GREEN,6,6
nordic_walk,nordic_walk,0.998,1,GREEN,6,6
nordic_walk,nordic_walk,0.999,1,GREEN,6,6
nordic_walk,nordic_walk,0.999,1,GREEN,6,6
nordic_walk,nordic_walk,0.999,1,GREEN,6,6
nordic_walk,nordic_walk,0.999,1,GREEN,6,6
nordic_walk,nordic_walk,0.999,1,GREEN,6,6
nordic_walk,nordic_walk,0.999,1,GREEN,6,6
nordic_walk,nordic_walk,0.998,1,GREEN,6,6
nordic_walk,nordic_walk,0.998,1,GREEN,6,6
nordic_walk,nordic_walk,0.999,1,GREEN,6,6
nordic_walk,nordic_walk,0.999,1,GREEN,6,6
nordic_walk,nordic_walk,0.999,1,GREEN,6,6
nordic_walk,nordic_walk,0.999,1,GREEN,6,6
nordic_walk,nordic_walk,0.999,1,GREEN,6,6
nordic_walk,nordic_walk,0.999,1,GREEN,6,6
nordic_walk,nordic_walk,0.999,1,GREEN,6,6
nordic_walk,nordic_walk,0.999,1,GREEN,6,6
nordic_walk,nordic_walk,0.999,1,GREEN,6,6
nordic_walk,nordic_walk,0.999,1,GREEN,6,6
nordic_walk,nordic_walk,0.999,1,GREEN,6,6
nordic_walk,nordic_walk,0.999,1,GREEN,6,6
nordic_walk,nordic_walk,0.999,1,GREEN,6,6
nordic_walk,nordic_walk,0.999,1,GREEN,6,6
nordic_walk,nordic_walk,0.999,1,GREEN,6,6
nordic_walk,nordic_walk,0.999,1,GREEN,6,6
nordic_walk,nordic_walk,0.999,1,GREEN,6,6
nordic_walk,nordic_walk,0.999,1,GREEN,6,6
nordic_walk,nordic_walk,0.999,1,GREEN,6,6
nordic_walk,nordic_walk,0.999,1,GREEN,6,6
nordic_walk,nordic_walk,0.999,1,GREEN,6,6
nordic_walk,nordic_walk,0.998,1,GREEN,6,6
nordic_walk,nordic_walk,0.999,1,GREEN,6,6
nordic_walk,nordic_walk,0.999,1,GREEN,6,6
nordic_walk,nordic_walk,0.999,1,GREEN,6,6
nordic_walk,nordic_walk,0.999,1,GREEN,6,6
nordic_walk,nordic_walk,0.999,1,GREEN,6,6
nordic_walk,nordic_walk,0.999,1,GREEN,6,6
nordic_walk,nordic_walk,0.999,1,GREEN,6,6
nordic_walk,nordic_walk,0.998,1,GREEN,6,6
nordic_walk,nordic_walk,0.999,1,GREEN,6,6
nordic_walk,nordic_walk,0.999,1,GREEN,6,6
nordic_walk,nordic_walk,0.999,1,GREEN,6,6
nordic_walk,nordic_walk,0.998,1,GREEN,6,6
nordic_walk,nordic_walk,0.998,1,GREEN,6,6
nordic_walk,nordic_walk,0.999,1,GREEN,6,6
nordic_walk,nordic_walk,0.999,1,GREEN,6,6
nordic_walk,nordic_walk,0.999,1,GREEN,6,6
nordic_walk,nordic_walk,0.998,1,GREEN,6,6
nordic_walk,nordic_walk,0.999,1,GREEN,6,6
nordic_walk,nordic_walk,0.999,1,GREEN,6,6
nordic_walk,nordic_walk,0.998,1,GREEN,6,6
nordic_walk,nordic_walk,0.998,1,GREEN,6,6
nordic_walk,nordic_walk,0.998,1,GREEN,6,6
nordic_walk,nordic_walk,0.997,1,GREEN,6,6
nordic_walk,nordic_walk,0.998,1,GREEN,6,6
nordic_walk,nordic_walk,0.997,1,GREEN,6,6
nordic_walk,nordic_walk,0.998,1,GREEN,6,6
nordic_walk,nordic_walk,0.998,1,GREEN,6,6
nordic_walk,nordic_walk,0.998,1,GREEN,6,6
nordic_walk,nordic_walk,0.998,1,GREEN,6,6
nordic_walk,nordic_walk,0.998,1,GREEN,6,6
nordic_walk,nordic_walk,0.999,1,GREEN,6,6
nordic_walk,nordic_walk,0.998,1,GREEN,6,6
nordic_walk,nordic_walk,0.996,1,GREEN,6,6
nordic_walk,nordic_walk,0.994,1,GREEN,6,6
nordic_walk,nordic_walk,0.995,1,GREEN,6,6
nordic_walk,nordic_walk,0.997,1,GREEN,6,6
nordic_walk,nordic_walk,0.996,1,GREEN,6,6
nordic_walk,nordic_walk,0.993,1,GREEN,6,6
nordic_walk,nordic_walk,0.997,1,GREEN,6,6
nordic_walk,nordic_walk,0.998,1,GREEN,6,6
nordic_walk,nordic_walk,0.997,1,GREEN,6,6
nordic_walk,nordic_walk,0.995,1,GREEN,6,6
nordic_walk,nordic_walk,0.997,1,GREEN,6,6
nordic_walk,nordic_walk,0.998,1,GREEN,6,6
nordic_walk,nordic_walk,0.997,1,GREEN,6,6
nordic_walk,nordic_walk,0.997,1,GREEN,6,6
nordic_walk,nordic_walk,0.998,1,GREEN,6,6
nordic_walk,nordic_walk,0.998,1,GREEN,6,6
nordic_walk,nordic_walk,0.998,1,GREEN,6,6
nordic_walk,nordic_walk,0.998,1,GREEN,6,6
nordic_walk,nordic_walk,0.998,1,GREEN,6,6
nordic_walk,nordic_walk,0.998,1,GREEN,6,6
nordic_walk,nordic_walk,0.999,1,GREEN,6,6
nordic_walk,nordic_walk,0.999,1,GREEN,6,6
nordic_walk,nordic_walk,0.998,1,GREEN,6,6
nordic_walk,nordic_walk,0.998,1,GREEN,6,6
nordic_walk,nordic_walk,0.998,1,GREEN,6,6
nordic_walk,nordic_walk,0.996,1,GREEN,6,6
nordic_walk,nordic_walk,0.997,1,GREEN,6,6
nordic_walk,nordic_walk,0.998,1,GREEN,6,6
nordic_walk,nordic_walk,0.999,1,GREEN,6,6
nordic_walk,nordic_walk,0.999,1,GREEN,6,6
nordic_walk,nordic_walk,0.999,1,GREEN,6,6
nordic_walk,nordic_walk,0.999,1,GREEN,6,6
nordic_walk,nordic_walk,0.998,1,GREEN,6,6
nordic_walk,nordic_walk,0.999,1,GREEN,6,6
nordic_walk,nordic_walk,0.999,1,GREEN,6,6
nordic_walk,nordic_walk,0.998,1,GREEN,6,6
nordic_walk,nordic_walk,0.998,1,GREEN,6,6
nordic_walk,nordic_walk,0.998,1,GREEN,6,6
nordic_walk,nordic_walk,0.998,1,GREEN,6,6
nordic_walk,nordic_walk,0.998,1,GREEN,6,6
nordic_walk,nordic_walk,0.998,1,GREEN,6,6
nordic_walk,nordic_walk,0.998,1,GREEN,6,6
nordic_walk,nordic_walk,0.998,1,GREEN,6,6
nordic_walk,nordic_walk,0.998,1,GREEN,6,6
nordic_walk,nordic_walk,0.998,1,GREEN,6,6
nordic_walk,nordic_walk,0.998,1,GREEN,6,6
nordic_walk,nordic_walk,0.997,1,GREEN,6,6
nordic_walk,nordic_walk,0.998,1,GREEN,6,6
nordic_walk,nordic_walk,0.998,1,GREEN,6,6
nordic_walk,nordic_walk,0.998,1,GREEN,6,6
nordic_walk,nordic_walk,0.998,1,GREEN,6,6
nordic_walk,nordic_walk,0.999,1,GREEN,6,6
nordic_walk,nordic_walk,0.999,1,GREEN,6,6
nordic_walk,nordic_walk,0.999,1,GREEN,6,6
nordic_walk,nordic_walk,0.998,1,GREEN,6,6
nordic_walk,nordic_walk,0.998,1,GREEN,6,6
nordic_walk,nordic_walk,0.997,1,GREEN,6,6
nordic_walk,nordic_walk,0.998,1,GREEN,6,6
nordic_walk,nordic_walk,0.999,1,GREEN,6,6
nordic_walk,nordic_walk,0.999,1,GREEN,6,6
nordic_walk,nordic_walk,0.999,1,GREEN,6,6
nordic_walk,nordic_walk,0.998,1,GREEN,6,6
nordic_walk,nordic_walk,0.999,1,GREEN,6,6
nordic_walk,nordic_walk,0.996,1,GREEN,6,6
nordic_walk,nordic_walk,0.999,1,GREEN,6,6
nordic_walk,nordic_walk,0.998,1,GREEN,6,6
nordic_walk,nordic_walk,0.999,1,GREEN,6,6
nordic_walk,nordic_walk,0.999,1,GREEN,6,6
nordic_walk,nordic_walk,0.999,1,GREEN,6,6
nordic_walk,nordic_walk,0.998,1,GREEN,6,6
nordic_walk,nordic_walk,0.999,1,GREEN,6,6
nordic_walk,nordic_walk,0.999,1,GREEN,6,6
nordic_walk,nordic_walk,0.998,1,GREEN,6,6
nordic_walk,nordic_walk,0.998,1,GREEN,6,6
nordic_walk,nordic_walk,0.998,1,GREEN,6,6
nordic_walk,nordic_walk,0.998,1,GREEN,6,6
nordic_walk,nordic_walk,0.999,1,GREEN,6,6
nordic_walk,nordic_walk,0.999,1,GREEN,6,6
nordic_walk,nordic_walk,0.999,1,GREEN,6,6
nordic_walk,nordic_walk,0.998,1,GREEN,6,6
nordic_walk,nordic_walk,0.998,1,GREEN,6,6
nordic_walk,nordic_walk,0.998,1,GREEN,6,6
nordic_walk,nordic_walk,0.998,1,GREEN,6,6
nordic_walk,nordic_walk,0.998,1,GREEN,6,6
nordic_walk,nordic_walk,0.998,1,GREEN,6,6
nordic_walk,nordic_walk,0.999,1,GREEN,6,6
nordic_walk,nordic_walk,0.997,1,GREEN,6,6
nordic_walk,nordic_walk,0.996,1,GREEN,6,6
nordic_walk,nordic_walk,0.998,1,GREEN,6,6
nordic_walk,nordic_walk,0.999,1,GREEN,6,6
nordic_walk,nordic_walk,0.999,1,GREEN,6,6
nordic_walk,nordic_walk,0.999,1,GREEN,6,6
nordic_walk,nordic_walk,0.998,1,GREEN,6,6
nordic_walk,nordic_walk,0.998,1,GREEN,6,6
nordic_walk,nordic_walk,0.998,1,GREEN,6,6
nordic_walk,nordic_walk,0.999,1,GREEN,6,6
nordic_walk,nordic_walk,0.999,1,GREEN,6,6
nordic_walk,nordic_walk,0.999,1,GREEN,6,6
nordic_walk,nordic_walk,0.998,1,GREEN,6,6
nordic_walk,nordic_walk,0.999,1,GREEN,6,6
nordic_walk,nordic_walk,0.999,1,GREEN,6,6
nordic_walk,nordic_walk,0.999,1,GREEN,6,6
nordic_walk,nordic_walk,0.998,1,GREEN,6,6
nordic_walk,nordic_walk,0.999,1,GREEN,6,6
nordic_walk,nordic_walk,0.999,1,GREEN,6,6
nordic_walk,nordic_walk,0.999,1,GREEN,6,6
nordic_walk,nordic_walk,0.999,1,GREEN,6,6
nordic_walk,nordic_walk,0.998,1,GREEN,6,6
nordic_walk,nordic_walk,0.998,1,GREEN,6,6
nordic_walk,nordic_walk,0.998,1,GREEN,6,6
nordic_walk,nordic_walk,0.999,1,GREEN,6,6
nordic_walk,nordic_walk,0.999,1,GREEN,6,6
nordic_walk,nordic_walk,0.999,1,GREEN,6,6
nordic_walk,nordic_walk,0.999,1,GREEN,6,6
nordic_walk,nordic_walk,0.999,1,GREEN,6,6
nordic_walk,nordic_walk,0.999,1,GREEN,6,6
nordic_walk,nordic_walk,0.999,1,GREEN,6,6
nordic_walk,nordic_walk,0.999,1,GREEN,6,6
nordic_walk,nordic_walk,0.999,1,GREEN,6,6
nordic_walk,nordic_walk,0.998,1,GREEN,6,6
nordic_walk,nordic_walk,0.998,1,GREEN,6,6
nordic_walk,nordic_walk,0.998,1,GREEN,6,6
nordic_walk,nordic_walk,0.999,1,GREEN,6,6
nordic_walk,nordic_walk,0.999,1,GREEN,6,6
nordic_walk,nordic_walk,0.999,1,GREEN,6,6
nordic_walk,nordic_walk,0.998,1,GREEN,6,6
nordic_walk,nordic_walk,0.998,1,GREEN,6,6
nordic_walk,nordic_walk,0.998,1,GREEN,6,6
nordic_walk,nordic_walk,0.999,1,GREEN,6,6
nordic_walk,nordic_walk,0.999,1,GREEN,6,6
nordic_walk,nordic_walk,0.998,1,GREEN,6,6
nordic_walk,nordic_walk,0.998,1,GREEN,6,6
nordic_walk,nordic_walk,0.998,1,GREEN,6,6
nordic_walk,nordic_walk,0.999,1,GREEN,6,6
nordic_walk,nordic_walk,0.999,1,GREEN,6,6
nordic_walk,nordic_walk,0.998,1,GREEN,6,6
nordic_walk,nordic_walk,0.997,1,GREEN,6,6
nordic_walk,nordic_walk,0.998,1,GREEN,6,6
nordic_walk,nordic_walk,0.999,1,GREEN,6,6
nordic_walk,nordic_walk,0.998,1,GREEN,6,6
nordic_walk,nordic_walk,0.999,1,GREEN,6,6
nordic_walk,nordic_walk,0.999,1,GREEN,6,6
nordic_walk,nordic_walk,0.999,1,GREEN,6,6
nordic_walk,nordic_walk,0.998,1,GREEN,6,6
nordic_walk,nordic_walk,0.999,1,GREEN,6,6
nordic_walk,nordic_walk,0.998,1,GREEN,6,6
nordic_walk,nordic_walk,0.998,1,GREEN,6,6
nordic_walk,nordic_walk,0.998,1,GREEN,6,6
nordic_walk,nordic_walk,0.998,1,GREEN,6,6
nordic_walk,nordic_walk,0.999,1,GREEN,6,6
nordic_walk,nordic_walk,0.995,1,GREEN,6,6
nordic_walk,nordic_walk,0.981,1,GREEN,6,6
nordic_walk,nordic_walk,0.932,1,GREEN,6,6
nordic_walk,nordic_walk,0.997,1,GREEN,6,6
nordic_walk,nordic_walk,0.998,1,GREEN,6,6
nordic_walk,nordic_walk,0.998,1,GREEN,6,6
nordic_walk,nordic_walk,0.999,1,GREEN,6,6
nordic_walk,nordic_walk,0.999,1,GREEN,6,6
nordic_walk,nordic_walk,0.999,1,GREEN,6,6
nordic_walk,nordic_walk,0.999,1,GREEN,6,6
nordic_walk,nordic_walk,0.999,1,GREEN,6,6
nordic_walk,nordic_walk,0.999,1,GREEN,6,6
nordic_walk,nordic_walk,0.999,1,GREEN,6,6
nordic_walk,nordic_walk,0.998,1,GREEN,6,6
nordic_walk,nordic_walk,0.998,1,GREEN,6,6
nordic_walk,nordic_walk,0.999,1,GREEN,6,6
nordic_walk,nordic_walk,0.999,1,GREEN,6,6
nordic_walk,nordic_walk,0.998,1,GREEN,6,6
nordic_walk,nordic_walk,0.998,1,GREEN,6,6
nordic_walk,nordic_walk,0.998,1,GREEN,6,6
nordic_walk,nordic_walk,0.997,1,GREEN,6,6
nordic_walk,nordic_walk,0.999,1,GREEN,6,6
nordic_walk,nordic_walk,0.999,1,GREEN,6,6
nordic_walk,nordic_walk,0.999,1,GREEN,6,6
nordic_walk,nordic_walk,0.999,1,GREEN,6,6
nordic_walk,nordic_walk,0.999,1,GREEN,6,6
nordic_walk,nordic_walk,0.998,1,GREEN,6,6
nordic_walk,nordic_walk,0.998,1,GREEN,6,6
nordic_walk,nordic_walk,0.998,1,GREEN,6,6
nordic_walk,nordic_walk,0.999,1,GREEN,6,6
nordic_walk,nordic_walk,0.998,1,GREEN,6,6
nordic_walk,nordic_walk,0.999,1,GREEN,6,6
nordic_walk,nordic_walk,0.998,1,GREEN,6,6
nordic_walk,nordic_walk,0.998,1,GREEN,6,6
nordic_walk,nordic_walk,0.998,1,GREEN,6,6
nordic_walk,nordic_walk,0.998,1,GREEN,6,6
nordic_walk,nordic_walk,0.999,1,GREEN,6,6
nordic_walk,nordic_walk,0.998,1,GREEN,6,6
nordic_walk,nordic_walk,0.998,1,GREEN,6,6
nordic_walk,nordic_walk,0.999,1,GREEN,6,6
nordic_walk,nordic_walk,0.999,1,GREEN,6,6
nordic_walk,nordic_walk,0.999,1,GREEN,6,6
nordic_walk,nordic_walk,0.999,1,GREEN,6,6
nordic_walk,nordic_walk,0.998,1,GREEN,6,6
nordic_walk,nordic_walk,0.999,1,GREEN,6,6
nordic_walk,nordic_walk,0.999,1,GREEN,6,6
nordic_walk,nordic_walk,0.999,1,GREEN,6,6
nordic_walk,nordic_walk,0.998,1,GREEN,6,6
nordic_walk,nordic_walk,0.999,1,GREEN,6,6
nordic_walk,nordic_walk,0.999,1,GREEN,6,6
nordic_walk,nordic_walk,0.998,1,GREEN,6,6
nordic_walk,nordic_walk,0.998,1,GREEN,6,6
nordic_walk,nordic_walk,0.998,1,GREEN,6,6
nordic_walk,nordic_walk,0.998,1,GREEN,6,6
nordic_walk,nordic_walk,0.998,1,GREEN,6,6
nordic_walk,nordic_walk,0.998,1,GREEN,6,6
nordic_walk,nordic_walk,0.997,1,GREEN,6,6
nordic_walk,nordic_walk,0.998,1,GREEN,6,6
nordic_walk,nordic_walk,0.999,1,GREEN,6,6
nordic_walk,nordic_walk,0.998,1,GREEN,6,6
nordic_walk,nordic_walk,0.998,1,GREEN,6,6
nordic_walk,nordic_walk,0.999,1,GREEN,6,6
nordic_walk,nordic_walk,0.999,1,GREEN,6,6
nordic_walk,nordic_walk,0.999,1,GREEN,6,6
nordic_walk,nordic_walk,0.999,1,GREEN,6,6
nordic_walk,nordic_walk,0.999,1,GREEN,6,6
nordic_walk,nordic_walk,0.999,1,GREEN,6,6
nordic_walk,nordic_walk,0.999,1,GREEN,6,6
nordic_walk,nordic_walk,0.999,1,GREEN,6,6
nordic_walk,nordic_walk,0.999,1,GREEN,6,6
nordic_walk,nordic_walk,0.999,1,GREEN,6,6
nordic_walk,nordic_walk,0.999,1,GREEN,6,6
nordic_walk,nordic_walk,0.999,1,GREEN,6,6
nordic_walk,nordic_walk,0.999,1,GREEN,6,6
nordic_walk,nordic_walk,0.999,1,GREEN,6,6
nordic_walk,nordic_walk,0.999,1,GREEN,6,6
nordic_walk,nordic_walk,0.999,1,GREEN,6,6
nordic_walk,nordic_walk,0.998,1,GREEN,6,6
nordic_walk,nordic_walk,0.998,1,GREEN,6,6
nordic_walk,nordic_walk,0.998,1,GREEN,6,6
nordic_walk,nordic_walk,0.998,1,GREEN,6,6
nordic_walk,nordic_walk,0.999,1,GREEN,6,6
nordic_walk,nordic_walk,0.999,1,GREEN,6,6
nordic_walk,nordic_walk,0.999,1,GREEN,6,6
nordic_walk,nordic_walk,0.998,1,GREEN,6,6
nordic_walk,nordic_walk,0.998,1,GREEN,6,6
nordic_walk,nordic_walk,0.999,1,GREEN,6,6
nordic_walk,nordic_walk,0.998,1,GREEN,6,6
nordic_walk,nordic_walk,0.998,1,GREEN,6,6
nordic_walk,nordic_walk,0.999,1,GREEN,6,6
nordic_walk,nordic_walk,0.998,1,GREEN,6,6
nordic_walk,nordic_walk,0.998,1,GREEN,6,6
nordic_walk,nordic_walk,0.998,1,GREEN,6,6
nordic_walk,nordic_walk,0.998,1,GREEN,6,6
nordic_walk,nordic_walk,0.998,1,GREEN,6,6
nordic_walk,nordic_walk,0.999,1,GREEN,6,6
nordic_walk,nordic_walk,0.999,1,GREEN,6,6
nordic_walk,nordic_walk,0.998,1,GREEN,6,6
nordic_walk,nordic_walk,0.998,1,GREEN,6,6
nordic_walk,nordic_walk,0.998,1,GREEN,6,6
nordic_walk,nordic_walk,0.998,1,GREEN,6,6
nordic_walk,nordic_walk,0.999,1,GREEN,6,6
nordic_walk,nordic_walk,0.999,1,GREEN,6,6
nordic_walk,nordic_walk,0.999,1,GREEN,6,6
nordic_walk,nordic_walk,0.998,1,GREEN,6,6
nordic_walk,nordic_walk,0.999,1,GREEN,6,6
nordic_walk,nordic_walk,0.998,1,GREEN,6,6
nordic_walk,nordic_walk,0.998,1,GREEN,6,6
nordic_walk,nordic_walk,0.998,1,GREEN,6,6
nordic_walk,nordic_walk,0.997,1,GREEN,6,6
nordic_walk,nordic_walk,0.998,1,GREEN,6,6
nordic_walk,nordic_walk,0.998,1,GREEN,6,6
nordic_walk,nordic_walk,0.998,1,GREEN,6,6
nordic_walk,nordic_walk,0.999,1,GREEN,6,6
nordic_walk,nordic_walk,0.999,1,GREEN,6,6
nordic_walk,nordic_walk,0.999,1,GREEN,6,6
nordic_walk,nordic_walk,0.999,1,GREEN,6,6
nordic_walk,nordic_walk,0.999,1,GREEN,6,6
nordic_walk,nordic_walk,0.999,1,GREEN,6,6
nordic_walk,nordic_walk,0.999,1,GREEN,6,6
nordic_walk,nordic_walk,0.999,1,GREEN,6,6
nordic_walk,nordic_walk,0.999,1,GREEN,6,6
nordic_walk,nordic_walk,0.999,1,GREEN,6,6
nordic_walk,nordic_walk,0.999,1,GREEN,6,6
nordic_walk,nordic_walk,0.991,1,GREEN,6,6
nordic_walk,nordic_walk,0.998,1,GREEN,6,6
nordic_walk,nordic_walk,0.999,1,GREEN,6,6
nordic_walk,nordic_walk,0.998,1,GREEN,6,6
nordic_walk,nordic_walk,0.997,1,GREEN,6,6
nordic_walk,nordic_walk,0.998,1,GREEN,6,6
nordic_walk,nordic_walk,0.999,1,GREEN,6,6
nordic_walk,nordic_walk,0.999,1,GREEN,6,6
nordic_walk,nordic_walk,0.999,1,GREEN,6,6
nordic_walk,nordic_walk,0.998,1,GREEN,6,6
nordic_walk,nordic_walk,0.998,1,GREEN,6,6
nordic_walk,nordic_walk,0.999,1,GREEN,6,6
nordic_walk,nordic_walk,0.999,1,GREEN,6,6
nordic_walk,nordic_walk,0.999,1,GREEN,6,6
nordic_walk,nordic_walk,0.998,1,GREEN,6,6
nordic_walk,nordic_walk,0.998,1,GREEN,6,6
nordic_walk,nordic_walk,0.998,1,GREEN,6,6
nordic_walk,nordic_walk,0.998,1,GREEN,6,6
nordic_walk,nordic_walk,0.997,1,GREEN,6,6
nordic_walk,nordic_walk,0.996,1,GREEN,6,6
nordic_walk,nordic_walk,0.994,1,GREEN,6,6
nordic_walk,nordic_walk,0.998,1,GREEN,6,6
nordic_walk,nordic_walk,0.998,1,GREEN,6,6
nordic_walk,nordic_walk,0.997,1,GREEN,6,6
nordic_walk,nordic_walk,0.997,1,GREEN,6,6
nordic_walk,nordic_walk,0.997,1,GREEN,6,6
nordic_walk,nordic_walk,0.995,1,GREEN,6,6
nordic_walk,nordic_walk,0.995,1,GREEN,6,6
nordic_walk,nordic_walk,0.997,1,GREEN,6,6
nordic_walk,nordic_walk,0.998,1,GREEN,6,6
nordic_walk,nordic_walk,0.997,1,GREEN,6,6
nordic_walk,nordic_walk,0.998,1,GREEN,6,6
nordic_walk,nordic_walk,0.998,1,GREEN,6,6
nordic_walk,nordic_walk,0.997,1,GREEN,6,6
nordic_walk,nordic_walk,0.998,1,GREEN,6,6
nordic_walk,nordic_walk,0.998,1,GREEN,6,6
nordic_walk,nordic_walk,0.983,1,GREEN,6,6
nordic_walk,nordic_walk,0.994,1,GREEN,6,6
nordic_walk,nordic_walk,0.996,1,GREEN,6,6
nordic_walk,nordic_walk,0.999,1,GREEN,6,6
nordic_walk,nordic_walk,0.999,1,GREEN,6,6
nordic_walk,nordic_walk,0.998,1,GREEN,6,6
nordic_walk,nordic_walk,0.993,1,GREEN,6,6
nordic_walk,nordic_walk,0.999,1,GREEN,6,6
nordic_walk,nordic_walk,0.999,1,GREEN,6,6
nordic_walk,nordic_walk,0.998,1,GREEN,6,6
nordic_walk,nordic_walk,0.998,1,GREEN,6,6
nordic_walk,nordic_walk,0.998,1,GREEN,6,6
nordic_walk,nordic_walk,0.998,1,GREEN,6,6
nordic_walk,nordic_walk,0.998,1,GREEN,6,6
nordic_walk,nordic_walk,0.997,1,GREEN,6,6
nordic_walk,nordic_walk,0.998,1,GREEN,6,6
nordic_walk,nordic_walk,0.997,1,GREEN,6,6
nordic_walk,nordic_walk,0.998,1,GREEN,6,6
nordic_walk,nordic_walk,0.998,1,GREEN,6,6
nordic_walk,nordic_walk,0.998,1,GREEN,6,6
nordic_walk,nordic_walk,0.998,1,GREEN,6,6
nordic_walk,nordic_walk,0.998,1,GREEN,6,6
nordic_walk,nordic_walk,0.999,1,GREEN,6,6
nordic_walk,nordic_walk,0.999,1,GREEN,6,6
nordic_walk,nordic_walk,0.998,1,GREEN,6,6
nordic_walk,nordic_walk,0.998,1,GREEN,6,6
nordic_walk,nordic_walk,0.998,1,GREEN,6,6
nordic_walk,nordic_walk,0.997,1,GREEN,6,6
nordic_walk,nordic_walk,0.937,1,GREEN,6,6
nordic_walk,nordic_walk,0.072,1,RED,6,6
nordic_walk,nordic_walk,0.782,1,GREEN,6,6
nordic_walk,nordic_walk,0.996,1,GREEN,6,6
nordic_walk,nordic_walk,0.996,1,GREEN,6,6
nordic_walk,nordic_walk,0.998,1,GREEN,6,6
nordic_walk,nordic_walk,0.999,1,GREEN,6,6
nordic_walk,nordic_walk,0.996,1,GREEN,6,6
nordic_walk,nordic_walk,0.995,1,GREEN,6,6
nordic_walk,nordic_walk,0.998,1,GREEN,6,6
nordic_walk,nordic_walk,0.998,1,GREEN,6,6
nordic_walk,nordic_walk,0.998,1,GREEN,6,6
nordic_walk,nordic_walk,0.998,1,GREEN,6,6
nordic_walk,nordic_walk,0.998,1,GREEN,6,6
nordic_walk,nordic_walk,0.998,1,GREEN,6,6
nordic_walk,nordic_walk,0.998,1,GREEN,6,6
nordic_walk,nordic_walk,0.997,1,GREEN,6,6
nordic_walk,nordic_walk,0.995,1,GREEN,6,6
nordic_walk,nordic_walk,0.995,1,GREEN,6,6
nordic_walk,nordic_walk,0.997,1,GREEN,6,6
nordic_walk,nordic_walk,0.997,1,GREEN,6,6
nordic_walk,nordic_walk,0.998,1,GREEN,6,6
nordic_walk,nordic_walk,0.998,1,GREEN,6,6
nordic_walk,nordic_walk,0.998,1,GREEN,6,6
nordic_walk,nordic_walk,0.998,1,GREEN,6,6
nordic_walk,nordic_walk,0.999,1,GREEN,6,6
nordic_walk,nordic_walk,0.999,1,GREEN,6,6
nordic_walk,nordic_walk,0.999,1,GREEN,6,6
nordic_walk,nordic_walk,0.998,1,GREEN,6,6
nordic_walk,nordic_walk,0.999,1,GREEN,6,6
nordic_walk,nordic_walk,0.999,1,GREEN,6,6
nordic_walk,nordic_walk,0.999,1,GREEN,6,6
nordic_walk,nordic_walk,0.999,1,GREEN,6,6
nordic_walk,nordic_walk,0.997,1,GREEN,6,6
nordic_walk,nordic_walk,0.998,1,GREEN,6,6
nordic_walk,nordic_walk,0.999,1,GREEN,6,6
nordic_walk,nordic_walk,0.998,1,GREEN,6,6
nordic_walk,nordic_walk,0.998,1,GREEN,6,6
nordic_walk,nordic_walk,0.998,1,GREEN,6,6
nordic_walk,nordic_walk,0.997,1,GREEN,6,6
nordic_walk,nordic_walk,0.998,1,GREEN,6,6
nordic_walk,nordic_walk,0.996,1,GREEN,6,6
nordic_walk,nordic_walk,0.998,1,GREEN,6,6
nordic_walk,nordic_walk,0.978,1,GREEN,6,6
nordic_walk,nordic_walk,0.998,1,GREEN,6,6
nordic_walk,nordic_walk,0.998,1,GREEN,6,6
nordic_walk,nordic_walk,0.999,1,GREEN,6,6
nordic_walk,nordic_walk,0.998,1,GREEN,6,6
nordic_walk,nordic_walk,0.997,1,GREEN,6,6
nordic_walk,nordic_walk,0.956,1,GREEN,6,6
nordic_walk,nordic_walk,0.994,1,GREEN,6,6
nordic_walk,nordic_walk,0.996,1,GREEN,6,6
nordic_walk,nordic_walk,0.946,1,GREEN,6,6
nordic_walk,nordic_walk,0.99,1,GREEN,6,6
nordic_walk,nordic_walk,0.956,1,GREEN,6,6
nordic_walk,nordic_walk,0.268,1,RED,6,6
nordic_walk,nordic_walk,0.753,1,GREEN,6,6
nordic_walk,nordic_walk,0.826,1,GREEN,6,6
nordic_walk,nordic_walk,0.762,1,GREEN,6,6
nordic_walk,nordic_walk,0.535,1,YELLOW,6,6
nordic_walk,nordic_walk,0.473,1,YELLOW,6,6
nordic_walk,cycling,0.586,0,YELLOW,6,5
cycling,cycling,0.949,1,GREEN,5,5
cycling,cycling,0.938,1,GREEN,5,5
cycling,cycling,0.938,1,GREEN,5,5
cycling,cycling,0.932,1,GREEN,5,5
cycling,cycling,0.934,1,GREEN,5,5
cycling,cycling,0.921,1,GREEN,5,5
cycling,cycling,0.934,1,GREEN,5,5
cycling,cycling,0.95,1,GREEN,5,5
cycling,cycling,0.919,1,GREEN,5,5
cycling,cycling,0.994,1,GREEN,5,5
cycling,cycling,0.996,1,GREEN,5,5
cycling,cycling,0.986,1,GREEN,5,5
cycling,cycling,0.992,1,GREEN,5,5
cycling,cycling,0.992,1,GREEN,5,5
cycling,cycling,0.996,1,GREEN,5,5
cycling,cycling,0.995,1,GREEN,5,5
cycling,cycling,0.996,1,GREEN,5,5
cycling,cycling,0.999,1,GREEN,5,5
cycling,cycling,0.999,1,GREEN,5,5
cycling,cycling,0.999,1,GREEN,5,5
cycling,cycling,1.0,1,GREEN,5,5
cycling,cycling,1.0,1,GREEN,5,5
cycling,cycling,1.0,1,GREEN,5,5
cycling,cycling,1.0,1,GREEN,5,5
cycling,cycling,1.0,1,GREEN,5,5
cycling,cycling,1.0,1,GREEN,5,5
cycling,cycling,1.0,1,GREEN,5,5
cycling,cycling,1.0,1,GREEN,5,5
cycling,cycling,1.0,1,GREEN,5,5
cycling,cycling,1.0,1,GREEN,5,5
cycling,cycling,1.0,1,GREEN,5,5
cycling,cycling,1.0,1,GREEN,5,5
cycling,cycling,1.0,1,GREEN,5,5
cycling,cycling,1.0,1,GREEN,5,5
cycling,cycling,1.0,1,GREEN,5,5
cycling,cycling,1.0,1,GREEN,5,5
cycling,cycling,1.0,1,GREEN,5,5
cycling,cycling,1.0,1,GREEN,5,5
cycling,cycling,0.994,1,GREEN,5,5
cycling,cycling,0.995,1,GREEN,5,5
cycling,cycling,1.0,1,GREEN,5,5
cycling,cycling,1.0,1,GREEN,5,5
cycling,cycling,1.0,1,GREEN,5,5
cycling,cycling,1.0,1,GREEN,5,5
cycling,cycling,1.0,1,GREEN,5,5
cycling,cycling,1.0,1,GREEN,5,5
cycling,cycling,1.0,1,GREEN,5,5
cycling,cycling,1.0,1,GREEN,5,5
cycling,cycling,1.0,1,GREEN,5,5
cycling,cycling,1.0,1,GREEN,5,5
cycling,cycling,1.0,1,GREEN,5,5
cycling,cycling,1.0,1,GREEN,5,5
cycling,cycling,1.0,1,GREEN,5,5
cycling,cycling,1.0,1,GREEN,5,5
cycling,cycling,1.0,1,GREEN,5,5
cycling,cycling,1.0,1,GREEN,5,5
cycling,cycling,1.0,1,GREEN,5,5
cycling,cycling,1.0,1,GREEN,5,5
cycling,cycling,1.0,1,GREEN,5,5
cycling,cycling,1.0,1,GREEN,5,5
cycling,cycling,1.0,1,GREEN,5,5
cycling,cycling,1.0,1,GREEN,5,5
cycling,cycling,0.999,1,GREEN,5,5
cycling,cycling,0.999,1,GREEN,5,5
cycling,cycling,0.999,1,GREEN,5,5
cycling,cycling,0.991,1,GREEN,5,5
cycling,cycling,0.991,1,GREEN,5,5
cycling,cycling,0.999,1,GREEN,5,5
cycling,cycling,1.0,1,GREEN,5,5
cycling,cycling,1.0,1,GREEN,5,5
cycling,cycling,0.999,1,GREEN,5,5
cycling,cycling,1.0,1,GREEN,5,5
cycling,cycling,1.0,1,GREEN,5,5
cycling,cycling,1.0,1,GREEN,5,5
cycling,cycling,1.0,1,GREEN,5,5
cycling,cycling,1.0,1,GREEN,5,5
cycling,cycling,1.0,1,GREEN,5,5
cycling,cycling,1.0,1,GREEN,5,5
cycling,cycling,1.0,1,GREEN,5,5
cycling,cycling,1.0,1,GREEN,5,5
cycling,cycling,1.0,1,GREEN,5,5
cycling,cycling,1.0,1,GREEN,5,5
cycling,cycling,1.0,1,GREEN,5,5
cycling,cycling,1.0,1,GREEN,5,5
cycling,cycling,1.0,1,GREEN,5,5
cycling,cycling,1.0,1,GREEN,5,5
cycling,cycling,1.0,1,GREEN,5,5
cycling,cycling,1.0,1,GREEN,5,5
cycling,cycling,0.999,1,GREEN,5,5
cycling,cycling,0.999,1,GREEN,5,5
cycling,cycling,1.0,1,GREEN,5,5
cycling,cycling,0.999,1,GREEN,5,5
cycling,cycling,0.997,1,GREEN,5,5
cycling,cycling,0.998,1,GREEN,5,5
cycling,cycling,1.0,1,GREEN,5,5
cycling,cycling,0.999,1,GREEN,5,5
cycling,cycling,0.999,1,GREEN,5,5
cycling,cycling,0.999,1,GREEN,5,5
cycling,cycling,0.998,1,GREEN,5,5
cycling,cycling,0.997,1,GREEN,5,5
cycling,cycling,0.999,1,GREEN,5,5
cycling,cycling,1.0,1,GREEN,5,5
cycling,cycling,0.999,1,GREEN,5,5
cycling,cycling,0.999,1,GREEN,5,5
cycling,cycling,1.0,1,GREEN,5,5
cycling,cycling,0.999,1,GREEN,5,5
cycling,cycling,0.999,1,GREEN,5,5
cycling,cycling,0.999,1,GREEN,5,5
cycling,cycling,0.999,1,GREEN,5,5
cycling,cycling,0.999,1,GREEN,5,5
cycling,cycling,1.0,1,GREEN,5,5
cycling,cycling,1.0,1,GREEN,5,5
cycling,cycling,1.0,1,GREEN,5,5
cycling,cycling,1.0,1,GREEN,5,5
cycling,cycling,1.0,1,GREEN,5,5
cycling,cycling,1.0,1,GREEN,5,5
cycling,cycling,1.0,1,GREEN,5,5
cycling,cycling,1.0,1,GREEN,5,5
cycling,cycling,1.0,1,GREEN,5,5
cycling,cycling,1.0,1,GREEN,5,5
cycling,cycling,1.0,1,GREEN,5,5
cycling,cycling,1.0,1,GREEN,5,5
cycling,cycling,1.0,1,GREEN,5,5
cycling,cycling,1.0,1,GREEN,5,5
cycling,cycling,1.0,1,GREEN,5,5
cycling,cycling,0.999,1,GREEN,5,5
cycling,cycling,0.999,1,GREEN,5,5
cycling,cycling,1.0,1,GREEN,5,5
cycling,cycling,0.999,1,GREEN,5,5
cycling,cycling,0.999,1,GREEN,5,5
cycling,cycling,0.999,1,GREEN,5,5
cycling,cycling,0.999,1,GREEN,5,5
cycling,cycling,0.999,1,GREEN,5,5
cycling,cycling,1.0,1,GREEN,5,5
cycling,cycling,1.0,1,GREEN,5,5
cycling,cycling,1.0,1,GREEN,5,5
cycling,cycling,1.0,1,GREEN,5,5
cycling,cycling,1.0,1,GREEN,5,5
cycling,cycling,1.0,1,GREEN,5,5
cycling,cycling,0.991,1,GREEN,5,5
cycling,cycling,0.974,1,GREEN,5,5
cycling,cycling,0.976,1,GREEN,5,5
cycling,cycling,0.99,1,GREEN,5,5
cycling,cycling,0.995,1,GREEN,5,5
cycling,cycling,0.99,1,GREEN,5,5
cycling,cycling,0.984,1,GREEN,5,5
cycling,cycling,0.994,1,GREEN,5,5
cycling,cycling,0.993,1,GREEN,5,5
cycling,cycling,0.999,1,GREEN,5,5
cycling,cycling,1.0,1,GREEN,5,5
cycling,cycling,1.0,1,GREEN,5,5
cycling,cycling,1.0,1,GREEN,5,5
cycling,cycling,1.0,1,GREEN,5,5
cycling,cycling,1.0,1,GREEN,5,5
cycling,cycling,1.0,1,GREEN,5,5
cycling,cycling,1.0,1,GREEN,5,5
cycling,cycling,1.0,1,GREEN,5,5
cycling,cycling,1.0,1,GREEN,5,5
cycling,cycling,1.0,1,GREEN,5,5
cycling,cycling,1.0,1,GREEN,5,5
cycling,cycling,1.0,1,GREEN,5,5
cycling,cycling,1.0,1,GREEN,5,5
cycling,cycling,1.0,1,GREEN,5,5
cycling,cycling,1.0,1,GREEN,5,5
cycling,cycling,1.0,1,GREEN,5,5
cycling,cycling,1.0,1,GREEN,5,5
cycling,cycling,0.999,1,GREEN,5,5
cycling,cycling,0.999,1,GREEN,5,5
cycling,cycling,0.999,1,GREEN,5,5
cycling,cycling,0.999,1,GREEN,5,5
cycling,cycling,0.999,1,GREEN,5,5
cycling,cycling,0.998,1,GREEN,5,5
cycling,cycling,0.994,1,GREEN,5,5
cycling,cycling,0.998,1,GREEN,5,5
cycling,cycling,0.995,1,GREEN,5,5
cycling,cycling,0.99,1,GREEN,5,5
cycling,cycling,1.0,1,GREEN,5,5
cycling,cycling,1.0,1,GREEN,5,5
cycling,cycling,1.0,1,GREEN,5,5
cycling,cycling,1.0,1,GREEN,5,5
cycling,cycling,1.0,1,GREEN,5,5
cycling,cycling,1.0,1,GREEN,5,5
cycling,cycling,1.0,1,GREEN,5,5
cycling,cycling,1.0,1,GREEN,5,5
cycling,cycling,1.0,1,GREEN,5,5
cycling,cycling,1.0,1,GREEN,5,5
cycling,cycling,1.0,1,GREEN,5,5
cycling,cycling,1.0,1,GREEN,5,5
cycling,cycling,1.0,1,GREEN,5,5
cycling,cycling,1.0,1,GREEN,5,5
cycling,cycling,1.0,1,GREEN,5,5
cycling,cycling,1.0,1,GREEN,5,5
cycling,cycling,1.0,1,GREEN,5,5
cycling,cycling,1.0,1,GREEN,5,5
cycling,cycling,1.0,1,GREEN,5,5
cycling,cycling,1.0,1,GREEN,5,5
cycling,cycling,1.0,1,GREEN,5,5
cycling,cycling,1.0,1,GREEN,5,5
cycling,cycling,1.0,1,GREEN,5,5
cycling,cycling,1.0,1,GREEN,5,5
cycling,cycling,1.0,1,GREEN,5,5
cycling,cycling,1.0,1,GREEN,5,5
cycling,cycling,1.0,1,GREEN,5,5
cycling,cycling,1.0,1,GREEN,5,5
cycling,cycling,0.999,1,GREEN,5,5
cycling,cycling,0.999,1,GREEN,5,5
cycling,cycling,0.999,1,GREEN,5,5
cycling,cycling,0.999,1,GREEN,5,5
cycling,cycling,1.0,1,GREEN,5,5
cycling,cycling,1.0,1,GREEN,5,5
cycling,cycling,1.0,1,GREEN,5,5
cycling,cycling,0.999,1,GREEN,5,5
cycling,cycling,0.997,1,GREEN,5,5
cycling,cycling,0.997,1,GREEN,5,5
cycling,cycling,0.996,1,GREEN,5,5
cycling,cycling,0.997,1,GREEN,5,5
cycling,cycling,0.987,1,GREEN,5,5
cycling,cycling,0.978,1,GREEN,5,5
cycling,cycling,0.979,1,GREEN,5,5
cycling,cycling,0.99,1,GREEN,5,5
cycling,cycling,0.998,1,GREEN,5,5
cycling,cycling,1.0,1,GREEN,5,5
cycling,cycling,1.0,1,GREEN,5,5
cycling,cycling,0.999,1,GREEN,5,5
cycling,cycling,1.0,1,GREEN,5,5
cycling,cycling,1.0,1,GREEN,5,5
cycling,cycling,1.0,1,GREEN,5,5
cycling,cycling,1.0,1,GREEN,5,5
cycling,cycling,1.0,1,GREEN,5,5
cycling,cycling,1.0,1,GREEN,5,5
cycling,cycling,1.0,1,GREEN,5,5
cycling,cycling,1.0,1,GREEN,5,5
cycling,cycling,1.0,1,GREEN,5,5
cycling,cycling,1.0,1,GREEN,5,5
cycling,cycling,1.0,1,GREEN,5,5
cycling,cycling,1.0,1,GREEN,5,5
cycling,cycling,1.0,1,GREEN,5,5
cycling,cycling,1.0,1,GREEN,5,5
cycling,cycling,1.0,1,GREEN,5,5
cycling,cycling,1.0,1,GREEN,5,5
cycling,cycling,0.999,1,GREEN,5,5
cycling,cycling,0.998,1,GREEN,5,5
cycling,cycling,0.999,1,GREEN,5,5
cycling,cycling,1.0,1,GREEN,5,5
cycling,cycling,1.0,1,GREEN,5,5
cycling,cycling,1.0,1,GREEN,5,5
cycling,cycling,1.0,1,GREEN,5,5
cycling,cycling,1.0,1,GREEN,5,5
cycling,cycling,0.998,1,GREEN,5,5
cycling,cycling,0.993,1,GREEN,5,5
cycling,cycling,0.997,1,GREEN,5,5
cycling,cycling,0.993,1,GREEN,5,5
cycling,cycling,0.998,1,GREEN,5,5
cycling,cycling,1.0,1,GREEN,5,5
cycling,cycling,1.0,1,GREEN,5,5
cycling,cycling,1.0,1,GREEN,5,5
cycling,cycling,0.999,1,GREEN,5,5
cycling,cycling,0.999,1,GREEN,5,5
cycling,cycling,0.999,1,GREEN,5,5
cycling,cycling,0.999,1,GREEN,5,5
cycling,cycling,0.999,1,GREEN,5,5
cycling,cycling,1.0,1,GREEN,5,5
cycling,cycling,1.0,1,GREEN,5,5
cycling,cycling,0.999,1,GREEN,5,5
cycling,cycling,1.0,1,GREEN,5,5
cycling,cycling,1.0,1,GREEN,5,5
cycling,cycling,1.0,1,GREEN,5,5
cycling,cycling,1.0,1,GREEN,5,5
cycling,cycling,1.0,1,GREEN,5,5
cycling,cycling,0.999,1,GREEN,5,5
cycling,cycling,1.0,1,GREEN,5,5
cycling,cycling,1.0,1,GREEN,5,5
cycling,cycling,1.0,1,GREEN,5,5
cycling,cycling,1.0,1,GREEN,5,5
cycling,cycling,0.999,1,GREEN,5,5
cycling,cycling,0.999,1,GREEN,5,5
cycling,cycling,0.999,1,GREEN,5,5
cycling,cycling,0.999,1,GREEN,5,5
cycling,cycling,0.999,1,GREEN,5,5
cycling,cycling,0.999,1,GREEN,5,5
cycling,cycling,0.998,1,GREEN,5,5
cycling,cycling,0.999,1,GREEN,5,5
cycling,cycling,1.0,1,GREEN,5,5
cycling,cycling,1.0,1,GREEN,5,5
cycling,cycling,1.0,1,GREEN,5,5
cycling,cycling,1.0,1,GREEN,5,5
cycling,cycling,1.0,1,GREEN,5,5
cycling,cycling,1.0,1,GREEN,5,5
cycling,cycling,0.997,1,GREEN,5,5
cycling,cycling,0.992,1,GREEN,5,5
cycling,cycling,0.987,1,GREEN,5,5
cycling,cycling,0.988,1,GREEN,5,5
cycling,cycling,0.994,1,GREEN,5,5
cycling,cycling,0.999,1,GREEN,5,5
cycling,cycling,0.999,1,GREEN,5,5
cycling,cycling,0.999,1,GREEN,5,5
cycling,cycling,1.0,1,GREEN,5,5
cycling,cycling,1.0,1,GREEN,5,5
cycling,cycling,0.999,1,GREEN,5,5
cycling,cycling,1.0,1,GREEN,5,5
cycling,cycling,0.999,1,GREEN,5,5
cycling,cycling,1.0,1,GREEN,5,5
cycling,cycling,1.0,1,GREEN,5,5
cycling,cycling,1.0,1,GREEN,5,5
cycling,cycling,1.0,1,GREEN,5,5
cycling,cycling,1.0,1,GREEN,5,5
cycling,cycling,1.0,1,GREEN,5,5
cycling,cycling,1.0,1,GREEN,5,5
cycling,cycling,1.0,1,GREEN,5,5
cycling,cycling,1.0,1,GREEN,5,5
cycling,cycling,1.0,1,GREEN,5,5
cycling,cycling,1.0,1,GREEN,5,5
cycling,cycling,1.0,1,GREEN,5,5
cycling,cycling,0.999,1,GREEN,5,5
cycling,cycling,0.999,1,GREEN,5,5
cycling,cycling,1.0,1,GREEN,5,5
cycling,cycling,0.999,1,GREEN,5,5
cycling,cycling,0.999,1,GREEN,5,5
cycling,cycling,1.0,1,GREEN,5,5
cycling,cycling,1.0,1,GREEN,5,5
cycling,cycling,1.0,1,GREEN,5,5
cycling,cycling,0.998,1,GREEN,5,5
cycling,cycling,0.994,1,GREEN,5,5
cycling,cycling,0.998,1,GREEN,5,5
cycling,cycling,1.0,1,GREEN,5,5
cycling,cycling,0.999,1,GREEN,5,5
cycling,cycling,0.999,1,GREEN,5,5
cycling,cycling,0.999,1,GREEN,5,5
cycling,cycling,0.999,1,GREEN,5,5
cycling,cycling,0.999,1,GREEN,5,5
cycling,cycling,0.999,1,GREEN,5,5
cycling,cycling,0.999,1,GREEN,5,5
cycling,cycling,0.999,1,GREEN,5,5
cycling,cycling,0.999,1,GREEN,5,5
cycling,cycling,0.999,1,GREEN,5,5
cycling,cycling,0.999,1,GREEN,5,5
cycling,cycling,0.999,1,GREEN,5,5
cycling,cycling,0.999,1,GREEN,5,5
cycling,cycling,0.999,1,GREEN,5,5
cycling,cycling,0.999,1,GREEN,5,5
cycling,cycling,1.0,1,GREEN,5,5
cycling,cycling,0.999,1,GREEN,5,5
cycling,cycling,1.0,1,GREEN,5,5
cycling,cycling,1.0,1,GREEN,5,5
cycling,cycling,1.0,1,GREEN,5,5
cycling,cycling,1.0,1,GREEN,5,5
cycling,cycling,1.0,1,GREEN,5,5
cycling,cycling,1.0,1,GREEN,5,5
cycling,cycling,0.999,1,GREEN,5,5
cycling,cycling,0.999,1,GREEN,5,5
cycling,cycling,0.999,1,GREEN,5,5
cycling,cycling,1.0,1,GREEN,5,5
cycling,cycling,0.999,1,GREEN,5,5
cycling,cycling,0.999,1,GREEN,5,5
cycling,cycling,0.999,1,GREEN,5,5
cycling,cycling,0.999,1,GREEN,5,5
cycling,cycling,1.0,1,GREEN,5,5
cycling,cycling,1.0,1,GREEN,5,5
cycling,cycling,1.0,1,GREEN,5,5
cycling,cycling,1.0,1,GREEN,5,5
cycling,cycling,0.998,1,GREEN,5,5
cycling,cycling,0.991,1,GREEN,5,5
cycling,cycling,0.989,1,GREEN,5,5
cycling,cycling,0.976,1,GREEN,5,5
cycling,cycling,0.978,1,GREEN,5,5
cycling,cycling,0.96,1,GREEN,5,5
cycling,cycling,0.961,1,GREEN,5,5
cycling,cycling,0.976,1,GREEN,5,5
cycling,cycling,0.999,1,GREEN,5,5
cycling,cycling,1.0,1,GREEN,5,5
cycling,cycling,1.0,1,GREEN,5,5
cycling,cycling,1.0,1,GREEN,5,5
cycling,cycling,1.0,1,GREEN,5,5
cycling,cycling,1.0,1,GREEN,5,5
cycling,cycling,1.0,1,GREEN,5,5
cycling,cycling,1.0,1,GREEN,5,5
cycling,cycling,1.0,1,GREEN,5,5
cycling,cycling,1.0,1,GREEN,5,5
cycling,cycling,1.0,1,GREEN,5,5
cycling,cycling,1.0,1,GREEN,5,5
cycling,cycling,1.0,1,GREEN,5,5
cycling,cycling,1.0,1,GREEN,5,5
cycling,cycling,1.0,1,GREEN,5,5
cycling,cycling,1.0,1,GREEN,5,5
cycling,cycling,1.0,1,GREEN,5,5
cycling,cycling,0.999,1,GREEN,5,5
cycling,cycling,0.999,1,GREEN,5,5
cycling,cycling,0.999,1,GREEN,5,5
cycling,cycling,0.999,1,GREEN,5,5
cycling,cycling,0.962,1,GREEN,5,5
cycling,cycling,0.866,1,GREEN,5,5
cycling,cycling,0.96,1,GREEN,5,5
cycling,cycling,0.996,1,GREEN,5,5
cycling,cycling,0.991,1,GREEN,5,5
cycling,cycling,0.979,1,GREEN,5,5
cycling,cycling,0.974,1,GREEN,5,5
cycling,cycling,0.199,1,RED,5,5
cycling,cycling,0.007,1,RED,5,5
cycling,cycling,0.189,1,RED,5,5
cycling,cycling,0.017,1,RED,5,5
cycling,cycling,0.008,1,RED,5,5
cycling,cycling,0.017,1,RED,5,5
cycling,cycling,0.019,1,RED,5,5
cycling,standing,0.007,0,RED,5,2
cycling,standing,0.009,0,RED,5,2
cycling,standing,0.004,0,RED,5,2
cycling,standing,0.011,0,RED,5,2
running,standing,0.009,0,RED,4,2
running,standing,0.006,0,RED,4,2
running,standing,0.007,0,RED,4,2
running,standing,0.005,0,RED,4,2
running,standing,0.006,0,RED,4,2
running,standing,0.006,0,RED,4,2
running,standing,0.008,0,RED,4,2
running,standing,0.009,0,RED,4,2
running,running,0.01,1,RED,4,4
running,running,0.009,1,RED,4,4
running,running,0.008,1,RED,4,4
running,running,0.008,1,RED,4,4
running,running,0.013,1,RED,4,4
running,running,0.008,1,RED,4,4
running,running,0.034,1,RED,4,4
running,running,0.968,1,GREEN,4,4
running,running,0.988,1,GREEN,4,4
running,running,0.988,1,GREEN,4,4
running,running,0.987,1,GREEN,4,4
running,running,0.992,1,GREEN,4,4
running,running,0.992,1,GREEN,4,4
running,running,0.99,1,GREEN,4,4
running,running,0.991,1,GREEN,4,4
running,running,0.988,1,GREEN,4,4
running,running,0.99,1,GREEN,4,4
running,running,0.99,1,GREEN,4,4
running,running,0.99,1,GREEN,4,4
running,running,0.991,1,GREEN,4,4
running,running,0.991,1,GREEN,4,4
running,running,0.989,1,GREEN,4,4
running,running,0.992,1,GREEN,4,4
running,running,0.992,1,GREEN,4,4
running,running,0.988,1,GREEN,4,4
running,running,0.991,1,GREEN,4,4
running,running,0.992,1,GREEN,4,4
running,running,0.99,1,GREEN,4,4
running,running,0.99,1,GREEN,4,4
running,running,0.991,1,GREEN,4,4
running,running,0.99,1,GREEN,4,4
running,running,0.989,1,GREEN,4,4
running,running,0.991,1,GREEN,4,4
running,running,0.992,1,GREEN,4,4
running,running,0.989,1,GREEN,4,4
running,running,0.991,1,GREEN,4,4
running,running,0.991,1,GREEN,4,4
running,running,0.99,1,GREEN,4,4
running,running,0.991,1,GREEN,4,4
running,running,0.991,1,GREEN,4,4
running,running,0.99,1,GREEN,4,4
running,running,0.99,1,GREEN,4,4
running,running,0.99,1,GREEN,4,4
running,running,0.992,1,GREEN,4,4
running,running,0.993,1,GREEN,4,4
running,running,0.991,1,GREEN,4,4
running,running,0.991,1,GREEN,4,4
running,running,0.992,1,GREEN,4,4
running,running,0.992,1,GREEN,4,4
running,running,0.991,1,GREEN,4,4
running,running,0.992,1,GREEN,4,4
running,running,0.993,1,GREEN,4,4
running,running,0.992,1,GREEN,4,4
running,running,0.99,1,GREEN,4,4
running,running,0.992,1,GREEN,4,4
running,running,0.992,1,GREEN,4,4
running,running,0.992,1,GREEN,4,4
running,running,0.993,1,GREEN,4,4
running,running,0.993,1,GREEN,4,4
running,running,0.991,1,GREEN,4,4
running,running,0.991,1,GREEN,4,4
running,running,0.992,1,GREEN,4,4
running,running,0.988,1,GREEN,4,4
running,running,0.991,1,GREEN,4,4
running,running,0.992,1,GREEN,4,4
running,running,0.99,1,GREEN,4,4
running,running,0.99,1,GREEN,4,4
running,running,0.991,1,GREEN,4,4
running,running,0.99,1,GREEN,4,4
running,running,0.993,1,GREEN,4,4
running,running,0.994,1,GREEN,4,4
running,running,0.993,1,GREEN,4,4
running,running,0.991,1,GREEN,4,4
running,running,0.992,1,GREEN,4,4
running,running,0.992,1,GREEN,4,4
running,running,0.991,1,GREEN,4,4
running,running,0.992,1,GREEN,4,4
running,running,0.992,1,GREEN,4,4
running,running,0.99,1,GREEN,4,4
running,running,0.991,1,GREEN,4,4
running,running,0.992,1,GREEN,4,4
running,running,0.989,1,GREEN,4,4
running,running,0.99,1,GREEN,4,4
running,running,0.988,1,GREEN,4,4
running,running,0.99,1,GREEN,4,4
running,running,0.992,1,GREEN,4,4
running,running,0.99,1,GREEN,4,4
running,running,0.989,1,GREEN,4,4
running,running,0.988,1,GREEN,4,4
running,running,0.99,1,GREEN,4,4
running,running,0.992,1,GREEN,4,4
running,running,0.985,1,GREEN,4,4
running,running,0.989,1,GREEN,4,4
running,running,0.99,1,GREEN,4,4
running,running,0.989,1,GREEN,4,4
running,running,0.991,1,GREEN,4,4
running,running,0.99,1,GREEN,4,4
running,running,0.992,1,GREEN,4,4
running,running,0.992,1,GREEN,4,4
running,running,0.986,1,GREEN,4,4
running,running,0.992,1,GREEN,4,4
running,running,0.992,1,GREEN,4,4
running,running,0.989,1,GREEN,4,4
running,running,0.991,1,GREEN,4,4
running,running,0.992,1,GREEN,4,4
running,running,0.991,1,GREEN,4,4
running,running,0.991,1,GREEN,4,4
running,running,0.993,1,GREEN,4,4
running,running,0.991,1,GREEN,4,4
running,running,0.989,1,GREEN,4,4
running,running,0.992,1,GREEN,4,4
running,running,0.991,1,GREEN,4,4
running,running,0.99,1,GREEN,4,4
running,running,0.993,1,GREEN,4,4
running,running,0.993,1,GREEN,4,4
running,running,0.992,1,GREEN,4,4
running,running,0.993,1,GREEN,4,4
running,running,0.992,1,GREEN,4,4
running,running,0.99,1,GREEN,4,4
running,running,0.992,1,GREEN,4,4
running,running,0.992,1,GREEN,4,4
running,running,0.991,1,GREEN,4,4
running,running,0.992,1,GREEN,4,4
running,running,0.992,1,GREEN,4,4
running,running,0.99,1,GREEN,4,4
running,running,0.992,1,GREEN,4,4
running,running,0.992,1,GREEN,4,4
running,running,0.99,1,GREEN,4,4
running,running,0.992,1,GREEN,4,4
running,running,0.992,1,GREEN,4,4
running,running,0.991,1,GREEN,4,4
running,running,0.991,1,GREEN,4,4
running,running,0.992,1,GREEN,4,4
running,running,0.99,1,GREEN,4,4
running,running,0.991,1,GREEN,4,4
running,running,0.992,1,GREEN,4,4
running,running,0.991,1,GREEN,4,4
running,running,0.991,1,GREEN,4,4
running,running,0.992,1,GREEN,4,4
running,running,0.991,1,GREEN,4,4
running,running,0.991,1,GREEN,4,4
running,running,0.991,1,GREEN,4,4
running,running,0.992,1,GREEN,4,4
running,running,0.992,1,GREEN,4,4
running,running,0.993,1,GREEN,4,4
running,running,0.992,1,GREEN,4,4
running,running,0.993,1,GREEN,4,4
running,running,0.993,1,GREEN,4,4
running,running,0.992,1,GREEN,4,4
running,running,0.992,1,GREEN,4,4
running,running,0.993,1,GREEN,4,4
running,running,0.991,1,GREEN,4,4
running,running,0.991,1,GREEN,4,4
running,running,0.992,1,GREEN,4,4
running,running,0.991,1,GREEN,4,4
running,running,0.99,1,GREEN,4,4
running,running,0.992,1,GREEN,4,4
running,running,0.992,1,GREEN,4,4
running,running,0.991,1,GREEN,4,4
running,running,0.992,1,GREEN,4,4
running,running,0.991,1,GREEN,4,4
running,running,0.99,1,GREEN,4,4
running,running,0.993,1,GREEN,4,4
running,running,0.993,1,GREEN,4,4
running,running,0.991,1,GREEN,4,4
running,running,0.992,1,GREEN,4,4
running,running,0.993,1,GREEN,4,4
running,running,0.99,1,GREEN,4,4
running,running,0.992,1,GREEN,4,4
running,running,0.992,1,GREEN,4,4
running,running,0.993,1,GREEN,4,4
running,running,0.993,1,GREEN,4,4
running,running,0.992,1,GREEN,4,4
running,running,0.992,1,GREEN,4,4
running,running,0.99,1,GREEN,4,4
running,running,0.99,1,GREEN,4,4
running,running,0.992,1,GREEN,4,4
running,running,0.992,1,GREEN,4,4
running,running,0.992,1,GREEN,4,4
running,running,0.992,1,GREEN,4,4
running,running,0.993,1,GREEN,4,4
running,running,0.99,1,GREEN,4,4
running,running,0.99,1,GREEN,4,4
running,running,0.992,1,GREEN,4,4
running,running,0.992,1,GREEN,4,4
running,running,0.993,1,GREEN,4,4
running,running,0.993,1,GREEN,4,4
running,running,0.993,1,GREEN,4,4
running,running,0.992,1,GREEN,4,4
running,running,0.99,1,GREEN,4,4
running,running,0.991,1,GREEN,4,4
running,running,0.992,1,GREEN,4,4
running,running,0.99,1,GREEN,4,4
running,running,0.991,1,GREEN,4,4
running,running,0.992,1,GREEN,4,4
running,running,0.993,1,GREEN,4,4
running,running,0.99,1,GREEN,4,4
running,running,0.991,1,GREEN,4,4
running,running,0.992,1,GREEN,4,4
running,running,0.992,1,GREEN,4,4
running,running,0.991,1,GREEN,4,4
running,running,0.993,1,GREEN,4,4
running,running,0.993,1,GREEN,4,4
running,running,0.991,1,GREEN,4,4
running,running,0.993,1,GREEN,4,4
running,running,0.993,1,GREEN,4,4
running,running,0.99,1,GREEN,4,4
running,running,0.993,1,GREEN,4,4
running,running,0.993,1,GREEN,4,4
running,running,0.991,1,GREEN,4,4
running,running,0.993,1,GREEN,4,4
running,running,0.993,1,GREEN,4,4
running,running,0.991,1,GREEN,4,4
running,running,0.992,1,GREEN,4,4
running,running,0.993,1,GREEN,4,4
running,running,0.991,1,GREEN,4,4
running,running,0.99,1,GREEN,4,4
running,running,0.992,1,GREEN,4,4
running,running,0.992,1,GREEN,4,4
running,running,0.989,1,GREEN,4,4
running,running,0.992,1,GREEN,4,4
running,running,0.992,1,GREEN,4,4
running,running,0.99,1,GREEN,4,4
running,running,0.992,1,GREEN,4,4
running,running,0.992,1,GREEN,4,4
running,running,0.991,1,GREEN,4,4
running,running,0.992,1,GREEN,4,4
running,running,0.992,1,GREEN,4,4
running,running,0.99,1,GREEN,4,4
running,running,0.992,1,GREEN,4,4
running,running,0.992,1,GREEN,4,4
running,running,0.992,1,GREEN,4,4
running,running,0.991,1,GREEN,4,4
running,running,0.99,1,GREEN,4,4
running,running,0.991,1,GREEN,4,4
running,running,0.992,1,GREEN,4,4
running,running,0.991,1,GREEN,4,4
running,running,0.989,1,GREEN,4,4
running,running,0.992,1,GREEN,4,4
running,running,0.993,1,GREEN,4,4
running,running,0.992,1,GREEN,4,4
running,running,0.992,1,GREEN,4,4
running,running,0.992,1,GREEN,4,4
running,running,0.992,1,GREEN,4,4
running,running,0.991,1,GREEN,4,4
running,running,0.993,1,GREEN,4,4
running,running,0.993,1,GREEN,4,4
running,running,0.992,1,GREEN,4,4
running,running,0.992,1,GREEN,4,4
running,running,0.993,1,GREEN,4,4
running,running,0.993,1,GREEN,4,4
running,running,0.992,1,GREEN,4,4
running,running,0.993,1,GREEN,4,4
running,running,0.992,1,GREEN,4,4
running,running,0.992,1,GREEN,4,4
running,running,0.992,1,GREEN,4,4
running,running,0.992,1,GREEN,4,4
running,running,0.991,1,GREEN,4,4
running,running,0.992,1,GREEN,4,4
running,running,0.992,1,GREEN,4,4
running,running,0.992,1,GREEN,4,4
running,running,0.992,1,GREEN,4,4
running,running,0.992,1,GREEN,4,4
running,running,0.993,1,GREEN,4,4
running,running,0.993,1,GREEN,4,4
running,running,0.993,1,GREEN,4,4
running,running,0.993,1,GREEN,4,4
running,running,0.992,1,GREEN,4,4
running,running,0.994,1,GREEN,4,4
running,running,0.993,1,GREEN,4,4
running,running,0.991,1,GREEN,4,4
running,running,0.993,1,GREEN,4,4
running,running,0.993,1,GREEN,4,4
running,running,0.992,1,GREEN,4,4
running,running,0.993,1,GREEN,4,4
running,running,0.993,1,GREEN,4,4
running,running,0.991,1,GREEN,4,4
running,running,0.992,1,GREEN,4,4
running,running,0.992,1,GREEN,4,4
running,running,0.989,1,GREEN,4,4
running,running,0.99,1,GREEN,4,4
running,running,0.992,1,GREEN,4,4
running,running,0.992,1,GREEN,4,4
running,running,0.992,1,GREEN,4,4
running,running,0.993,1,GREEN,4,4
running,running,0.992,1,GREEN,4,4
running,running,0.991,1,GREEN,4,4
running,running,0.993,1,GREEN,4,4
running,running,0.993,1,GREEN,4,4
running,running,0.991,1,GREEN,4,4
running,running,0.992,1,GREEN,4,4
running,running,0.993,1,GREEN,4,4
running,running,0.992,1,GREEN,4,4
running,running,0.993,1,GREEN,4,4
running,running,0.993,1,GREEN,4,4
running,running,0.991,1,GREEN,4,4
running,running,0.992,1,GREEN,4,4
running,running,0.993,1,GREEN,4,4
running,running,0.992,1,GREEN,4,4
running,running,0.991,1,GREEN,4,4
running,running,0.993,1,GREEN,4,4
running,running,0.992,1,GREEN,4,4
running,running,0.99,1,GREEN,4,4
running,running,0.992,1,GREEN,4,4
running,running,0.992,1,GREEN,4,4
running,running,0.992,1,GREEN,4,4
running,running,0.992,1,GREEN,4,4
running,running,0.993,1,GREEN,4,4
running,running,0.993,1,GREEN,4,4
running,running,0.991,1,GREEN,4,4
running,running,0.992,1,GREEN,4,4
running,running,0.993,1,GREEN,4,4
running,running,0.992,1,GREEN,4,4
running,running,0.99,1,GREEN,4,4
running,running,0.993,1,GREEN,4,4
running,running,0.994,1,GREEN,4,4
running,running,0.992,1,GREEN,4,4
running,running,0.992,1,GREEN,4,4
running,running,0.992,1,GREEN,4,4
running,running,0.992,1,GREEN,4,4
running,running,0.992,1,GREEN,4,4
running,running,0.993,1,GREEN,4,4
running,running,0.993,1,GREEN,4,4
running,running,0.992,1,GREEN,4,4
running,running,0.991,1,GREEN,4,4
running,running,0.992,1,GREEN,4,4
running,running,0.991,1,GREEN,4,4
running,running,0.992,1,GREEN,4,4
running,running,0.992,1,GREEN,4,4
running,running,0.993,1,GREEN,4,4
running,running,0.993,1,GREEN,4,4
running,running,0.988,1,GREEN,4,4
running,running,0.992,1,GREEN,4,4
running,running,0.993,1,GREEN,4,4
running,running,0.993,1,GREEN,4,4
running,running,0.992,1,GREEN,4,4
running,running,0.992,1,GREEN,4,4
running,running,0.993,1,GREEN,4,4
running,running,0.993,1,GREEN,4,4
running,running,0.991,1,GREEN,4,4
running,running,0.993,1,GREEN,4,4
running,running,0.993,1,GREEN,4,4
running,running,0.992,1,GREEN,4,4
running,running,0.992,1,GREEN,4,4
running,running,0.993,1,GREEN,4,4
running,running,0.993,1,GREEN,4,4
running,running,0.992,1,GREEN,4,4
running,running,0.993,1,GREEN,4,4
running,running,0.993,1,GREEN,4,4
running,running,0.992,1,GREEN,4,4
running,running,0.993,1,GREEN,4,4
running,running,0.993,1,GREEN,4,4
running,running,0.991,1,GREEN,4,4
running,running,0.993,1,GREEN,4,4
running,running,0.992,1,GREEN,4,4
running,running,0.991,1,GREEN,4,4
running,running,0.992,1,GREEN,4,4
running,running,0.993,1,GREEN,4,4
running,running,0.991,1,GREEN,4,4
running,running,0.992,1,GREEN,4,4
running,running,0.993,1,GREEN,4,4
running,running,0.992,1,GREEN,4,4
running,running,0.991,1,GREEN,4,4
running,running,0.992,1,GREEN,4,4
running,running,0.992,1,GREEN,4,4
running,running,0.99,1,GREEN,4,4
running,running,0.992,1,GREEN,4,4
running,running,0.991,1,GREEN,4,4
running,running,0.992,1,GREEN,4,4
running,running,0.992,1,GREEN,4,4
running,running,0.992,1,GREEN,4,4
running,running,0.993,1,GREEN,4,4
running,running,0.993,1,GREEN,4,4
running,running,0.992,1,GREEN,4,4
running,running,0.992,1,GREEN,4,4
running,running,0.992,1,GREEN,4,4
running,running,0.993,1,GREEN,4,4
running,running,0.992,1,GREEN,4,4
running,running,0.993,1,GREEN,4,4
running,running,0.993,1,GREEN,4,4
running,running,0.993,1,GREEN,4,4
running,running,0.993,1,GREEN,4,4
running,running,0.993,1,GREEN,4,4
running,running,0.992,1,GREEN,4,4
running,running,0.992,1,GREEN,4,4
running,running,0.992,1,GREEN,4,4
running,running,0.992,1,GREEN,4,4
running,running,0.991,1,GREEN,4,4
running,running,0.992,1,GREEN,4,4
running,running,0.992,1,GREEN,4,4
running,running,0.99,1,GREEN,4,4
running,running,0.992,1,GREEN,4,4
running,running,0.992,1,GREEN,4,4
running,running,0.992,1,GREEN,4,4
running,running,0.992,1,GREEN,4,4
running,running,0.992,1,GREEN,4,4
running,running,0.992,1,GREEN,4,4
running,running,0.992,1,GREEN,4,4
running,running,0.993,1,GREEN,4,4
running,running,0.993,1,GREEN,4,4
running,running,0.992,1,GREEN,4,4
running,running,0.993,1,GREEN,4,4
running,running,0.993,1,GREEN,4,4
running,running,0.992,1,GREEN,4,4
running,running,0.993,1,GREEN,4,4
running,running,0.993,1,GREEN,4,4
running,running,0.992,1,GREEN,4,4
running,running,0.992,1,GREEN,4,4
running,running,0.992,1,GREEN,4,4
running,running,0.991,1,GREEN,4,4
running,running,0.993,1,GREEN,4,4
running,running,0.992,1,GREEN,4,4
running,running,0.993,1,GREEN,4,4
running,running,0.993,1,GREEN,4,4
running,running,0.989,1,GREEN,4,4
running,running,0.959,1,GREEN,4,4
running,running,0.006,1,RED,4,4
running,running,0.005,1,RED,4,4
running,running,0.003,1,RED,4,4
running,running,0.007,1,RED,4,4
running,standing,0.005,0,RED,4,2
running,standing,0.002,0,RED,4,2
running,standing,0.002,0,RED,4,2
running,standing,0.002,0,RED,4,2
running,standing,0.002,0,RED,4,2
running,standing,0.002,0,RED,4,2
running,standing,0.002,0,RED,4,2
running,standing,0.002,0,RED,4,2
running,standing,0.002,0,RED,4,2
running,standing,0.001,0,RED,4,2
running,standing,0.001,0,RED,4,2
running,standing,0.002,0,RED,4,2
running,standing,0.001,0,RED,4,2
running,standing,0.002,0,RED,4,2
