true_activity,pred_activity,confidence,is_correct,traffic_light,y_true_enc,y_pred_enc
lying,stairs_down,0.091,0,RED,0,8
lying,stairs_down,0.091,0,RED,0,8
lying,stairs_down,0.091,0,RED,0,8
lying,sitting,0.091,0,RED,0,1
lying,stairs_down,0.091,0,RED,0,8
lying,stairs_down,0.091,0,RED,0,8
lying,stairs_down,0.091,0,RED,0,8
lying,stairs_down,0.091,0,RED,0,8
lying,stairs_down,0.091,0,RED,0,8
lying,stairs_down,0.091,0,RED,0,8
lying,stairs_down,0.091,0,RED,0,8
lying,stairs_down,0.091,0,RED,0,8
lying,stairs_down,0.091,0,RED,0,8
lying,vacuuming,0.091,0,RED,0,9
lying,stairs_down,0.091,0,RED,0,8
lying,stairs_down,0.091,0,RED,0,8
lying,sitting,0.091,0,RED,0,1
lying,stairs_down,0.091,0,RED,0,8
lying,cycling,0.091,0,RED,0,5
lying,running,0.091,0,RED,0,4
lying,stairs_down,0.091,0,RED,0,8
lying,stairs_down,0.091,0,RED,0,8
lying,stairs_down,0.091,0,RED,0,8
lying,stairs_down,0.091,0,RED,0,8
lying,stairs_down,0.091,0,RED,0,8
lying,stairs_down,0.091,0,RED,0,8
lying,stairs_down,0.091,0,RED,0,8
lying,stairs_down,0.091,0,RED,0,8
lying,stairs_down,0.091,0,RED,0,8
lying,stairs_down,0.091,0,RED,0,8
lying,stairs_down,0.091,0,RED,0,8
lying,stairs_down,0.091,0,RED,0,8
lying,sitting,0.091,0,RED,0,1
lying,stairs_down,0.091,0,RED,0,8
lying,stairs_down,0.091,0,RED,0,8
lying,stairs_down,0.09,0,RED,0,8
lying,stairs_down,0.091,0,RED,0,8
lying,stairs_down,0.091,0,RED,0,8
lying,stairs_down,0.091,0,RED,0,8
lying,stairs_down,0.091,0,RED,0,8
lying,stairs_down,0.091,0,RED,0,8
lying,stairs_down,0.091,0,RED,0,8
lying,stairs_down,0.091,0,RED,0,8
lying,stairs_down,0.091,0,RED,0,8
lying,stairs_down,0.091,0,RED,0,8
lying,sitting,0.091,0,RED,0,1
lying,stairs_down,0.091,0,RED,0,8
lying,stairs_down,0.091,0,RED,0,8
lying,stairs_down,0.091,0,RED,0,8
lying,stairs_down,0.091,0,RED,0,8
lying,stairs_down,0.091,0,RED,0,8
lying,stairs_down,0.091,0,RED,0,8
lying,stairs_down,0.091,0,RED,0,8
lying,stairs_down,0.091,0,RED,0,8
lying,stairs_down,0.091,0,RED,0,8
lying,stairs_down,0.09,0,RED,0,8
lying,stairs_down,0.091,0,RED,0,8
lying,stairs_down,0.091,0,RED,0,8
lying,stairs_down,0.091,0,RED,0,8
lying,stairs_down,0.091,0,RED,0,8
lying,sitting,0.091,0,RED,0,1
lying,stairs_down,0.091,0,RED,0,8
lying,stairs_down,0.091,0,RED,0,8
lying,stairs_down,0.091,0,RED,0,8
lying,stairs_down,0.091,0,RED,0,8
lying,stairs_down,0.091,0,RED,0,8
lying,stairs_down,0.091,0,RED,0,8
lying,stairs_down,0.091,0,RED,0,8
lying,stairs_down,0.091,0,RED,0,8
lying,sitting,0.091,0,RED,0,1
lying,stairs_down,0.091,0,RED,0,8
lying,stairs_down,0.091,0,RED,0,8
lying,stairs_down,0.091,0,RED,0,8
lying,stairs_down,0.091,0,RED,0,8
lying,stairs_down,0.091,0,RED,0,8
lying,stairs_down,0.091,0,RED,0,8
lying,stairs_down,0.091,0,RED,0,8
lying,sitting,0.091,0,RED,0,1
lying,stairs_down,0.091,0,RED,0,8
lying,stairs_down,0.091,0,RED,0,8
lying,stairs_down,0.091,0,RED,0,8
lying,sitting,0.091,0,RED,0,1
lying,stairs_down,0.091,0,RED,0,8
lying,stairs_down,0.091,0,RED,0,8
lying,sitting,0.091,0,RED,0,1
lying,stairs_down,0.091,0,RED,0,8
lying,stairs_down,0.091,0,RED,0,8
lying,stairs_down,0.09,0,RED,0,8
lying,stairs_down,0.091,0,RED,0,8
lying,standing,0.091,0,RED,0,2
lying,stairs_down,0.091,0,RED,0,8
lying,stairs_down,0.091,0,RED,0,8
lying,stairs_down,0.091,0,RED,0,8
lying,stairs_down,0.091,0,RED,0,8
lying,stairs_down,0.091,0,RED,0,8
lying,stairs_down,0.091,0,RED,0,8
lying,stairs_down,0.091,0,RED,0,8
lying,stairs_down,0.091,0,RED,0,8
lying,stairs_down,0.091,0,RED,0,8
lying,stairs_down,0.091,0,RED,0,8
lying,stairs_down,0.091,0,RED,0,8
lying,stairs_down,0.091,0,RED,0,8
lying,stairs_down,0.091,0,RED,0,8
lying,stairs_down,0.091,0,RED,0,8
lying,stairs_down,0.091,0,RED,0,8
lying,stairs_down,0.091,0,RED,0,8
lying,sitting,0.091,0,RED,0,1
lying,stairs_down,0.091,0,RED,0,8
lying,stairs_down,0.091,0,RED,0,8
lying,stairs_down,0.091,0,RED,0,8
lying,stairs_down,0.091,0,RED,0,8
lying,stairs_down,0.091,0,RED,0,8
lying,stairs_down,0.091,0,RED,0,8
lying,stairs_down,0.091,0,RED,0,8
lying,stairs_down,0.091,0,RED,0,8
lying,stairs_down,0.091,0,RED,0,8
lying,stairs_down,0.091,0,RED,0,8
lying,stairs_down,0.091,0,RED,0,8
lying,stairs_down,0.091,0,RED,0,8
lying,stairs_down,0.091,0,RED,0,8
lying,stairs_down,0.091,0,RED,0,8
lying,stairs_down,0.091,0,RED,0,8
lying,stairs_down,0.091,0,RED,0,8
lying,sitting,0.091,0,RED,0,1
lying,stairs_down,0.091,0,RED,0,8
lying,sitting,0.091,0,RED,0,1
lying,stairs_down,0.091,0,RED,0,8
lying,stairs_down,0.091,0,RED,0,8
lying,stairs_down,0.091,0,RED,0,8
lying,sitting,0.091,0,RED,0,1
lying,stairs_down,0.091,0,RED,0,8
lying,sitting,0.091,0,RED,0,1
lying,stairs_down,0.091,0,RED,0,8
lying,standing,0.091,0,RED,0,2
lying,stairs_down,0.091,0,RED,0,8
lying,stairs_down,0.091,0,RED,0,8
lying,stairs_down,0.091,0,RED,0,8
lying,stairs_down,0.091,0,RED,0,8
lying,stairs_down,0.091,0,RED,0,8
lying,stairs_down,0.091,0,RED,0,8
lying,stairs_down,0.091,0,RED,0,8
lying,stairs_down,0.091,0,RED,0,8
lying,stairs_down,0.091,0,RED,0,8
lying,stairs_down,0.091,0,RED,0,8
lying,stairs_down,0.091,0,RED,0,8
lying,stairs_down,0.091,0,RED,0,8
lying,sitting,0.091,0,RED,0,1
lying,stairs_down,0.091,0,RED,0,8
lying,stairs_down,0.091,0,RED,0,8
lying,stairs_down,0.091,0,RED,0,8
lying,stairs_down,0.091,0,RED,0,8
lying,stairs_down,0.091,0,RED,0,8
lying,vacuuming,0.091,0,RED,0,9
lying,stairs_down,0.09,0,RED,0,8
lying,stairs_down,0.091,0,RED,0,8
lying,sitting,0.091,0,RED,0,1
lying,stairs_down,0.091,0,RED,0,8
lying,sitting,0.09,0,RED,0,1
lying,stairs_down,0.091,0,RED,0,8
lying,stairs_down,0.091,0,RED,0,8
lying,stairs_down,0.091,0,RED,0,8
lying,stairs_down,0.091,0,RED,0,8
lying,stairs_down,0.091,0,RED,0,8
lying,sitting,0.091,0,RED,0,1
lying,stairs_down,0.091,0,RED,0,8
lying,stairs_down,0.091,0,RED,0,8
lying,stairs_down,0.091,0,RED,0,8
lying,stairs_down,0.091,0,RED,0,8
lying,stairs_down,0.091,0,RED,0,8
lying,stairs_down,0.091,0,RED,0,8
lying,stairs_down,0.091,0,RED,0,8
lying,stairs_down,0.091,0,RED,0,8
lying,stairs_down,0.091,0,RED,0,8
lying,stairs_down,0.091,0,RED,0,8
lying,stairs_down,0.091,0,RED,0,8
lying,standing,0.091,0,RED,0,2
lying,vacuuming,0.091,0,RED,0,9
lying,sitting,0.091,0,RED,0,1
lying,stairs_down,0.091,0,RED,0,8
lying,stairs_down,0.091,0,RED,0,8
lying,stairs_down,0.091,0,RED,0,8
lying,stairs_down,0.091,0,RED,0,8
lying,stairs_down,0.091,0,RED,0,8
lying,stairs_down,0.091,0,RED,0,8
lying,stairs_down,0.091,0,RED,0,8
lying,stairs_down,0.091,0,RED,0,8
lying,stairs_down,0.091,0,RED,0,8
lying,stairs_down,0.091,0,RED,0,8
lying,stairs_down,0.091,0,RED,0,8
lying,stairs_down,0.091,0,RED,0,8
lying,stairs_down,0.091,0,RED,0,8
lying,stairs_down,0.091,0,RED,0,8
lying,stairs_down,0.091,0,RED,0,8
lying,stairs_down,0.091,0,RED,0,8
lying,stairs_down,0.091,0,RED,0,8
lying,stairs_down,0.091,0,RED,0,8
lying,stairs_down,0.091,0,RED,0,8
lying,stairs_down,0.091,0,RED,0,8
lying,stairs_down,0.091,0,RED,0,8
lying,stairs_down,0.091,0,RED,0,8
lying,sitting,0.091,0,RED,0,1
lying,stairs_down,0.091,0,RED,0,8
lying,stairs_down,0.091,0,RED,0,8
lying,stairs_down,0.091,0,RED,0,8
lying,stairs_down,0.091,0,RED,0,8
lying,stairs_down,0.091,0,RED,0,8
lying,stairs_down,0.091,0,RED,0,8
lying,stairs_down,0.091,0,RED,0,8
lying,stairs_down,0.091,0,RED,0,8
lying,stairs_down,0.091,0,RED,0,8
lying,sitting,0.091,0,RED,0,1
lying,stairs_down,0.091,0,RED,0,8
lying,stairs_down,0.091,0,RED,0,8
lying,stairs_down,0.091,0,RED,0,8
lying,stairs_down,0.091,0,RED,0,8
lying,stairs_down,0.09,0,RED,0,8
lying,stairs_down,0.091,0,RED,0,8
lying,sitting,0.091,0,RED,0,1
lying,stairs_down,0.091,0,RED,0,8
lying,stairs_down,0.091,0,RED,0,8
lying,stairs_down,0.091,0,RED,0,8
lying,stairs_down,0.091,0,RED,0,8
lying,stairs_down,0.09,0,RED,0,8
lying,sitting,0.091,0,RED,0,1
lying,sitting,0.091,0,RED,0,1
lying,stairs_down,0.091,0,RED,0,8
lying,stairs_down,0.091,0,RED,0,8
lying,stairs_down,0.091,0,RED,0,8
lying,stairs_down,0.091,0,RED,0,8
lying,stairs_down,0.091,0,RED,0,8
lying,stairs_down,0.091,0,RED,0,8
lying,stairs_down,0.091,0,RED,0,8
lying,stairs_down,0.091,0,RED,0,8
lying,stairs_down,0.091,0,RED,0,8
lying,stairs_down,0.091,0,RED,0,8
lying,stairs_down,0.091,0,RED,0,8
lying,stairs_down,0.091,0,RED,0,8
lying,stairs_down,0.091,0,RED,0,8
lying,stairs_down,0.091,0,RED,0,8
lying,stairs_down,0.091,0,RED,0,8
lying,stairs_down,0.091,0,RED,0,8
lying,stairs_down,0.091,0,RED,0,8
lying,stairs_down,0.091,0,RED,0,8
lying,vacuuming,0.091,0,RED,0,9
lying,stairs_down,0.091,0,RED,0,8
lying,stairs_down,0.091,0,RED,0,8
lying,stairs_down,0.091,0,RED,0,8
lying,stairs_down,0.091,0,RED,0,8
lying,stairs_down,0.091,0,RED,0,8
lying,stairs_down,0.091,0,RED,0,8
lying,stairs_down,0.091,0,RED,0,8
lying,stairs_down,0.091,0,RED,0,8
lying,sitting,0.091,0,RED,0,1
lying,sitting,0.091,0,RED,0,1
lying,stairs_down,0.091,0,RED,0,8
lying,sitting,0.091,0,RED,0,1
lying,stairs_down,0.091,0,RED,0,8
lying,stairs_down,0.091,0,RED,0,8
lying,walking,0.091,0,RED,0,3
lying,stairs_down,0.091,0,RED,0,8
lying,stairs_down,0.091,0,RED,0,8
lying,stairs_down,0.091,0,RED,0,8
lying,stairs_down,0.091,0,RED,0,8
lying,sitting,0.091,0,RED,0,1
lying,stairs_down,0.091,0,RED,0,8
lying,stairs_down,0.091,0,RED,0,8
lying,stairs_down,0.091,0,RED,0,8
lying,stairs_down,0.091,0,RED,0,8
lying,stairs_down,0.091,0,RED,0,8
lying,stairs_down,0.091,0,RED,0,8
lying,sitting,0.091,0,RED,0,1
lying,stairs_down,0.091,0,RED,0,8
lying,stairs_down,0.091,0,RED,0,8
lying,stairs_down,0.091,0,RED,0,8
lying,stairs_down,0.091,0,RED,0,8
lying,stairs_down,0.091,0,RED,0,8
lying,stairs_down,0.091,0,RED,0,8
lying,stairs_down,0.09,0,RED,0,8
lying,stairs_down,0.091,0,RED,0,8
lying,stairs_down,0.091,0,RED,0,8
lying,stairs_down,0.091,0,RED,0,8
lying,stairs_down,0.091,0,RED,0,8
lying,stairs_down,0.091,0,RED,0,8
lying,stairs_down,0.091,0,RED,0,8
lying,stairs_down,0.091,0,RED,0,8
lying,stairs_down,0.091,0,RED,0,8
lying,stairs_down,0.091,0,RED,0,8
lying,stairs_down,0.091,0,RED,0,8
lying,stairs_down,0.091,0,RED,0,8
lying,sitting,0.091,0,RED,0,1
lying,stairs_down,0.091,0,RED,0,8
lying,stairs_down,0.091,0,RED,0,8
lying,stairs_down,0.091,0,RED,0,8
lying,stairs_down,0.091,0,RED,0,8
lying,stairs_down,0.091,0,RED,0,8
lying,stairs_down,0.091,0,RED,0,8
lying,stairs_down,0.091,0,RED,0,8
lying,stairs_down,0.091,0,RED,0,8
lying,stairs_down,0.091,0,RED,0,8
lying,sitting,0.091,0,RED,0,1
lying,stairs_down,0.091,0,RED,0,8
lying,stairs_down,0.091,0,RED,0,8
lying,stairs_down,0.091,0,RED,0,8
lying,stairs_down,0.091,0,RED,0,8
lying,stairs_down,0.091,0,RED,0,8
lying,stairs_down,0.091,0,RED,0,8
lying,stairs_down,0.091,0,RED,0,8
lying,stairs_down,0.091,0,RED,0,8
lying,stairs_down,0.091,0,RED,0,8
lying,stairs_down,0.091,0,RED,0,8
lying,stairs_down,0.091,0,RED,0,8
lying,stairs_down,0.091,0,RED,0,8
lying,stairs_down,0.091,0,RED,0,8
lying,stairs_down,0.091,0,RED,0,8
lying,stairs_down,0.091,0,RED,0,8
lying,stairs_down,0.091,0,RED,0,8
lying,sitting,0.091,0,RED,0,1
lying,nordic_walk,0.091,0,RED,0,6
lying,stairs_down,0.091,0,RED,0,8
lying,stairs_down,0.091,0,RED,0,8
lying,stairs_down,0.091,0,RED,0,8
lying,stairs_down,0.09,0,RED,0,8
lying,stairs_down,0.091,0,RED,0,8
lying,stairs_down,0.091,0,RED,0,8
lying,stairs_down,0.091,0,RED,0,8
lying,stairs_down,0.091,0,RED,0,8
lying,stairs_down,0.091,0,RED,0,8
lying,stairs_down,0.091,0,RED,0,8
lying,sitting,0.091,0,RED,0,1
lying,stairs_down,0.091,0,RED,0,8
lying,sitting,0.091,0,RED,0,1
lying,sitting,0.091,0,RED,0,1
lying,stairs_down,0.091,0,RED,0,8
lying,stairs_down,0.091,0,RED,0,8
lying,running,0.091,0,RED,0,4
lying,stairs_down,0.091,0,RED,0,8
lying,stairs_down,0.091,0,RED,0,8
lying,sitting,0.091,0,RED,0,1
lying,stairs_down,0.091,0,RED,0,8
lying,stairs_down,0.091,0,RED,0,8
lying,stairs_down,0.091,0,RED,0,8
lying,sitting,0.091,0,RED,0,1
lying,stairs_down,0.091,0,RED,0,8
lying,stairs_down,0.091,0,RED,0,8
lying,stairs_down,0.091,0,RED,0,8
lying,stairs_down,0.091,0,RED,0,8
lying,stairs_down,0.091,0,RED,0,8
lying,stairs_down,0.091,0,RED,0,8
lying,stairs_down,0.091,0,RED,0,8
lying,stairs_down,0.091,0,RED,0,8
lying,stairs_down,0.091,0,RED,0,8
lying,running,0.091,0,RED,0,4
lying,stairs_down,0.091,0,RED,0,8
lying,stairs_down,0.091,0,RED,0,8
lying,sitting,0.091,0,RED,0,1
lying,stairs_down,0.091,0,RED,0,8
lying,sitting,0.091,0,RED,0,1
lying,stairs_down,0.091,0,RED,0,8
lying,sitting,0.091,0,RED,0,1
lying,sitting,0.091,0,RED,0,1
lying,stairs_down,0.091,0,RED,0,8
lying,stairs_down,0.091,0,RED,0,8
lying,stairs_down,0.091,0,RED,0,8
lying,stairs_down,0.091,0,RED,0,8
lying,stairs_down,0.091,0,RED,0,8
lying,stairs_down,0.091,0,RED,0,8
lying,stairs_down,0.091,0,RED,0,8
lying,stairs_down,0.091,0,RED,0,8
lying,stairs_down,0.091,0,RED,0,8
lying,sitting,0.091,0,RED,0,1
lying,stairs_down,0.091,0,RED,0,8
lying,stairs_down,0.091,0,RED,0,8
lying,stairs_down,0.091,0,RED,0,8
lying,stairs_down,0.091,0,RED,0,8
lying,stairs_down,0.091,0,RED,0,8
lying,stairs_down,0.091,0,RED,0,8
lying,stairs_down,0.091,0,RED,0,8
lying,stairs_down,0.091,0,RED,0,8
lying,sitting,0.091,0,RED,0,1
lying,stairs_down,0.091,0,RED,0,8
lying,stairs_down,0.091,0,RED,0,8
lying,stairs_down,0.091,0,RED,0,8
lying,stairs_down,0.091,0,RED,0,8
lying,stairs_down,0.091,0,RED,0,8
lying,stairs_down,0.091,0,RED,0,8
lying,sitting,0.091,0,RED,0,1
lying,stairs_down,0.091,0,RED,0,8
lying,stairs_down,0.091,0,RED,0,8
lying,stairs_down,0.091,0,RED,0,8
lying,stairs_down,0.091,0,RED,0,8
lying,sitting,0.091,0,RED,0,1
lying,stairs_down,0.091,0,RED,0,8
lying,stairs_down,0.091,0,RED,0,8
lying,stairs_down,0.091,0,RED,0,8
lying,stairs_down,0.09,0,RED,0,8
lying,running,0.091,0,RED,0,4
lying,stairs_down,0.091,0,RED,0,8
lying,sitting,0.091,0,RED,0,1
lying,stairs_down,0.091,0,RED,0,8
lying,stairs_down,0.091,0,RED,0,8
lying,stairs_down,0.091,0,RED,0,8
lying,stairs_down,0.091,0,RED,0,8
lying,stairs_down,0.091,0,RED,0,8
lying,stairs_down,0.091,0,RED,0,8
lying,stairs_down,0.091,0,RED,0,8
lying,stairs_down,0.091,0,RED,0,8
lying,sitting,0.091,0,RED,0,1
lying,stairs_down,0.091,0,RED,0,8
lying,stairs_down,0.091,0,RED,0,8
lying,stairs_down,0.091,0,RED,0,8
lying,stairs_down,0.091,0,RED,0,8
lying,stairs_down,0.091,0,RED,0,8
lying,stairs_down,0.091,0,RED,0,8
lying,stairs_down,0.09,0,RED,0,8
lying,stairs_down,0.091,0,RED,0,8
lying,stairs_down,0.091,0,RED,0,8
lying,cycling,0.091,0,RED,0,5
lying,stairs_down,0.091,0,RED,0,8
lying,stairs_down,0.091,0,RED,0,8
lying,sitting,0.091,0,RED,0,1
lying,stairs_down,0.091,0,RED,0,8
lying,stairs_down,0.091,0,RED,0,8
lying,stairs_down,0.091,0,RED,0,8
lying,stairs_down,0.091,0,RED,0,8
lying,stairs_down,0.091,0,RED,0,8
lying,stairs_down,0.091,0,RED,0,8
lying,stairs_down,0.09,0,RED,0,8
lying,stairs_down,0.091,0,RED,0,8
lying,stairs_down,0.091,0,RED,0,8
lying,stairs_down,0.091,0,RED,0,8
lying,stairs_down,0.091,0,RED,0,8
lying,stairs_down,0.091,0,RED,0,8
lying,stairs_down,0.091,0,RED,0,8
lying,stairs_down,0.091,0,RED,0,8
lying,stairs_down,0.091,0,RED,0,8
lying,stairs_down,0.091,0,RED,0,8
lying,stairs_down,0.091,0,RED,0,8
lying,stairs_down,0.091,0,RED,0,8
lying,sitting,0.091,0,RED,0,1
lying,stairs_down,0.091,0,RED,0,8
lying,stairs_down,0.091,0,RED,0,8
lying,stairs_down,0.091,0,RED,0,8
lying,stairs_down,0.091,0,RED,0,8
lying,stairs_down,0.091,0,RED,0,8
lying,stairs_down,0.091,0,RED,0,8
lying,stairs_down,0.091,0,RED,0,8
lying,stairs_down,0.091,0,RED,0,8
lying,stairs_down,0.091,0,RED,0,8
lying,stairs_down,0.091,0,RED,0,8
lying,stairs_down,0.091,0,RED,0,8
lying,stairs_down,0.091,0,RED,0,8
lying,stairs_down,0.091,0,RED,0,8
lying,stairs_down,0.091,0,RED,0,8
lying,stairs_down,0.091,0,RED,0,8
lying,stairs_down,0.091,0,RED,0,8
lying,stairs_down,0.091,0,RED,0,8
lying,stairs_down,0.091,0,RED,0,8
lying,stairs_down,0.091,0,RED,0,8
lying,stairs_down,0.091,0,RED,0,8
lying,stairs_down,0.091,0,RED,0,8
lying,stairs_down,0.091,0,RED,0,8
lying,stairs_down,0.091,0,RED,0,8
lying,stairs_down,0.091,0,RED,0,8
lying,stairs_down,0.091,0,RED,0,8
lying,stairs_down,0.091,0,RED,0,8
sitting,walking,0.091,0,RED,1,3
sitting,stairs_down,0.092,0,RED,1,8
sitting,stairs_down,0.091,0,RED,1,8
sitting,stairs_down,0.091,0,RED,1,8
sitting,stairs_down,0.092,0,RED,1,8
sitting,stairs_down,0.091,0,RED,1,8
sitting,stairs_down,0.091,0,RED,1,8
sitting,stairs_down,0.091,0,RED,1,8
sitting,stairs_down,0.091,0,RED,1,8
sitting,stairs_down,0.091,0,RED,1,8
sitting,stairs_down,0.091,0,RED,1,8
sitting,stairs_down,0.091,0,RED,1,8
sitting,stairs_down,0.091,0,RED,1,8
sitting,stairs_down,0.091,0,RED,1,8
sitting,stairs_down,0.091,0,RED,1,8
sitting,stairs_down,0.091,0,RED,1,8
sitting,stairs_down,0.092,0,RED,1,8
sitting,stairs_down,0.091,0,RED,1,8
sitting,stairs_down,0.091,0,RED,1,8
sitting,stairs_down,0.091,0,RED,1,8
sitting,stairs_down,0.091,0,RED,1,8
sitting,stairs_down,0.091,0,RED,1,8
sitting,stairs_down,0.092,0,RED,1,8
sitting,stairs_down,0.091,0,RED,1,8
sitting,stairs_down,0.091,0,RED,1,8
sitting,stairs_down,0.091,0,RED,1,8
sitting,stairs_down,0.091,0,RED,1,8
sitting,stairs_down,0.091,0,RED,1,8
sitting,stairs_down,0.092,0,RED,1,8
sitting,stairs_down,0.091,0,RED,1,8
sitting,stairs_down,0.092,0,RED,1,8
sitting,stairs_down,0.091,0,RED,1,8
sitting,stairs_down,0.091,0,RED,1,8
sitting,stairs_down,0.091,0,RED,1,8
sitting,stairs_down,0.091,0,RED,1,8
sitting,stairs_down,0.091,0,RED,1,8
sitting,stairs_down,0.091,0,RED,1,8
sitting,stairs_down,0.092,0,RED,1,8
sitting,stairs_down,0.091,0,RED,1,8
sitting,stairs_down,0.091,0,RED,1,8
sitting,vacuuming,0.091,0,RED,1,9
sitting,ironing,0.091,0,RED,1,10
sitting,stairs_down,0.091,0,RED,1,8
sitting,stairs_down,0.092,0,RED,1,8
sitting,stairs_down,0.092,0,RED,1,8
sitting,stairs_down,0.092,0,RED,1,8
sitting,stairs_down,0.092,0,RED,1,8
sitting,stairs_down,0.091,0,RED,1,8
sitting,stairs_down,0.091,0,RED,1,8
sitting,stairs_down,0.091,0,RED,1,8
sitting,stairs_down,0.091,0,RED,1,8
sitting,stairs_down,0.091,0,RED,1,8
sitting,stairs_down,0.091,0,RED,1,8
sitting,stairs_down,0.091,0,RED,1,8
sitting,stairs_down,0.092,0,RED,1,8
sitting,stairs_down,0.091,0,RED,1,8
sitting,stairs_down,0.091,0,RED,1,8
sitting,stairs_down,0.091,0,RED,1,8
sitting,stairs_down,0.091,0,RED,1,8
sitting,stairs_down,0.091,0,RED,1,8
sitting,stairs_down,0.091,0,RED,1,8
sitting,stairs_down,0.091,0,RED,1,8
sitting,stairs_down,0.091,0,RED,1,8
sitting,stairs_down,0.091,0,RED,1,8
sitting,stairs_down,0.091,0,RED,1,8
sitting,stairs_down,0.091,0,RED,1,8
sitting,stairs_down,0.091,0,RED,1,8
sitting,stairs_down,0.092,0,RED,1,8
sitting,stairs_down,0.092,0,RED,1,8
sitting,stairs_down,0.092,0,RED,1,8
sitting,stairs_down,0.091,0,RED,1,8
sitting,stairs_down,0.091,0,RED,1,8
sitting,stairs_down,0.091,0,RED,1,8
sitting,stairs_down,0.091,0,RED,1,8
sitting,stairs_down,0.091,0,RED,1,8
sitting,stairs_down,0.091,0,RED,1,8
sitting,stairs_down,0.091,0,RED,1,8
sitting,stairs_down,0.091,0,RED,1,8
sitting,stairs_down,0.091,0,RED,1,8
sitting,stairs_down,0.091,0,RED,1,8
sitting,stairs_down,0.091,0,RED,1,8
sitting,stairs_down,0.091,0,RED,1,8
sitting,stairs_down,0.091,0,RED,1,8
sitting,stairs_down,0.091,0,RED,1,8
sitting,stairs_down,0.091,0,RED,1,8
sitting,stairs_down,0.091,0,RED,1,8
sitting,stairs_down,0.091,0,RED,1,8
sitting,stairs_down,0.091,0,RED,1,8
sitting,stairs_down,0.091,0,RED,1,8
sitting,stairs_down,0.091,0,RED,1,8
sitting,stairs_down,0.092,0,RED,1,8
sitting,stairs_down,0.091,0,RED,1,8
sitting,stairs_down,0.091,0,RED,1,8
sitting,stairs_down,0.092,0,RED,1,8
sitting,stairs_down,0.091,0,RED,1,8
sitting,stairs_down,0.091,0,RED,1,8
sitting,stairs_down,0.091,0,RED,1,8
sitting,stairs_down,0.091,0,RED,1,8
sitting,stairs_down,0.091,0,RED,1,8
sitting,stairs_down,0.091,0,RED,1,8
sitting,stairs_down,0.091,0,RED,1,8
sitting,stairs_down,0.091,0,RED,1,8
sitting,stairs_down,0.091,0,RED,1,8
sitting,stairs_down,0.091,0,RED,1,8
sitting,stairs_down,0.092,0,RED,1,8
sitting,stairs_down,0.092,0,RED,1,8
sitting,stairs_down,0.091,0,RED,1,8
sitting,stairs_down,0.091,0,RED,1,8
sitting,stairs_down,0.091,0,RED,1,8
sitting,stairs_down,0.092,0,RED,1,8
sitting,stairs_down,0.091,0,RED,1,8
sitting,stairs_down,0.091,0,RED,1,8
sitting,stairs_down,0.091,0,RED,1,8
sitting,stairs_down,0.091,0,RED,1,8
sitting,stairs_down,0.091,0,RED,1,8
sitting,stairs_down,0.092,0,RED,1,8
sitting,stairs_down,0.091,0,RED,1,8
sitting,stairs_down,0.091,0,RED,1,8
sitting,stairs_down,0.091,0,RED,1,8
sitting,stairs_down,0.091,0,RED,1,8
sitting,stairs_down,0.091,0,RED,1,8
sitting,stairs_down,0.091,0,RED,1,8
sitting,stairs_down,0.091,0,RED,1,8
sitting,stairs_down,0.091,0,RED,1,8
sitting,stairs_down,0.091,0,RED,1,8
sitting,stairs_down,0.091,0,RED,1,8
sitting,stairs_down,0.091,0,RED,1,8
sitting,stairs_down,0.091,0,RED,1,8
sitting,stairs_down,0.092,0,RED,1,8
sitting,stairs_down,0.091,0,RED,1,8
sitting,stairs_down,0.091,0,RED,1,8
sitting,stairs_down,0.091,0,RED,1,8
sitting,stairs_down,0.091,0,RED,1,8
sitting,stairs_down,0.091,0,RED,1,8
sitting,stairs_down,0.091,0,RED,1,8
sitting,stairs_down,0.092,0,RED,1,8
sitting,stairs_down,0.091,0,RED,1,8
sitting,stairs_down,0.091,0,RED,1,8
sitting,stairs_down,0.091,0,RED,1,8
sitting,stairs_down,0.091,0,RED,1,8
sitting,stairs_down,0.091,0,RED,1,8
sitting,stairs_down,0.092,0,RED,1,8
sitting,stairs_down,0.092,0,RED,1,8
sitting,stairs_down,0.092,0,RED,1,8
sitting,stairs_down,0.091,0,RED,1,8
sitting,stairs_down,0.091,0,RED,1,8
sitting,stairs_down,0.091,0,RED,1,8
sitting,stairs_down,0.091,0,RED,1,8
sitting,stairs_down,0.092,0,RED,1,8
sitting,stairs_down,0.091,0,RED,1,8
sitting,vacuuming,0.091,0,RED,1,9
sitting,stairs_down,0.091,0,RED,1,8
sitting,stairs_down,0.092,0,RED,1,8
sitting,stairs_down,0.092,0,RED,1,8
sitting,stairs_down,0.091,0,RED,1,8
sitting,stairs_down,0.091,0,RED,1,8
sitting,stairs_down,0.092,0,RED,1,8
sitting,stairs_down,0.092,0,RED,1,8
sitting,stairs_down,0.091,0,RED,1,8
sitting,stairs_down,0.091,0,RED,1,8
sitting,stairs_down,0.091,0,RED,1,8
sitting,stairs_down,0.091,0,RED,1,8
sitting,stairs_down,0.092,0,RED,1,8
sitting,stairs_down,0.091,0,RED,1,8
sitting,stairs_down,0.091,0,RED,1,8
sitting,stairs_down,0.092,0,RED,1,8
sitting,stairs_down,0.092,0,RED,1,8
sitting,stairs_down,0.091,0,RED,1,8
sitting,stairs_down,0.091,0,RED,1,8
sitting,stairs_down,0.092,0,RED,1,8
sitting,stairs_down,0.091,0,RED,1,8
sitting,stairs_down,0.091,0,RED,1,8
sitting,stairs_down,0.091,0,RED,1,8
sitting,stairs_down,0.091,0,RED,1,8
sitting,stairs_down,0.091,0,RED,1,8
sitting,stairs_down,0.091,0,RED,1,8
sitting,stairs_down,0.091,0,RED,1,8
sitting,stairs_down,0.091,0,RED,1,8
sitting,stairs_down,0.091,0,RED,1,8
sitting,stairs_down,0.091,0,RED,1,8
sitting,stairs_down,0.092,0,RED,1,8
sitting,stairs_down,0.091,0,RED,1,8
sitting,stairs_down,0.091,0,RED,1,8
sitting,stairs_down,0.091,0,RED,1,8
sitting,stairs_down,0.091,0,RED,1,8
sitting,stairs_down,0.092,0,RED,1,8
sitting,stairs_down,0.091,0,RED,1,8
sitting,stairs_down,0.091,0,RED,1,8
sitting,stairs_down,0.091,0,RED,1,8
sitting,stairs_down,0.091,0,RED,1,8
sitting,stairs_down,0.091,0,RED,1,8
sitting,stairs_down,0.091,0,RED,1,8
sitting,stairs_down,0.091,0,RED,1,8
sitting,stairs_down,0.091,0,RED,1,8
sitting,stairs_down,0.092,0,RED,1,8
sitting,stairs_down,0.091,0,RED,1,8
sitting,stairs_down,0.091,0,RED,1,8
sitting,stairs_down,0.091,0,RED,1,8
sitting,stairs_down,0.091,0,RED,1,8
sitting,stairs_down,0.091,0,RED,1,8
sitting,stairs_down,0.091,0,RED,1,8
sitting,stairs_down,0.091,0,RED,1,8
sitting,stairs_down,0.091,0,RED,1,8
sitting,stairs_down,0.092,0,RED,1,8
sitting,stairs_down,0.091,0,RED,1,8
sitting,stairs_down,0.092,0,RED,1,8
sitting,stairs_down,0.091,0,RED,1,8
sitting,vacuuming,0.091,0,RED,1,9
sitting,stairs_down,0.092,0,RED,1,8
sitting,stairs_down,0.091,0,RED,1,8
sitting,stairs_down,0.091,0,RED,1,8
sitting,stairs_down,0.092,0,RED,1,8
sitting,stairs_down,0.091,0,RED,1,8
sitting,stairs_down,0.091,0,RED,1,8
sitting,stairs_down,0.091,0,RED,1,8
sitting,stairs_down,0.091,0,RED,1,8
sitting,stairs_down,0.091,0,RED,1,8
sitting,stairs_down,0.092,0,RED,1,8
sitting,stairs_down,0.091,0,RED,1,8
sitting,stairs_down,0.091,0,RED,1,8
sitting,stairs_down,0.091,0,RED,1,8
sitting,stairs_down,0.091,0,RED,1,8
sitting,stairs_down,0.091,0,RED,1,8
sitting,stairs_down,0.091,0,RED,1,8
sitting,stairs_down,0.091,0,RED,1,8
sitting,stairs_down,0.091,0,RED,1,8
sitting,stairs_down,0.092,0,RED,1,8
sitting,stairs_down,0.091,0,RED,1,8
sitting,stairs_down,0.091,0,RED,1,8
sitting,stairs_down,0.091,0,RED,1,8
sitting,stairs_down,0.091,0,RED,1,8
sitting,stairs_down,0.092,0,RED,1,8
sitting,stairs_down,0.092,0,RED,1,8
sitting,stairs_down,0.091,0,RED,1,8
sitting,stairs_down,0.091,0,RED,1,8
sitting,stairs_down,0.091,0,RED,1,8
sitting,stairs_down,0.091,0,RED,1,8
sitting,stairs_down,0.091,0,RED,1,8
sitting,stairs_down,0.092,0,RED,1,8
sitting,stairs_down,0.091,0,RED,1,8
sitting,stairs_down,0.091,0,RED,1,8
sitting,stairs_down,0.091,0,RED,1,8
sitting,stairs_down,0.092,0,RED,1,8
sitting,stairs_down,0.091,0,RED,1,8
sitting,stairs_down,0.091,0,RED,1,8
sitting,stairs_down,0.091,0,RED,1,8
sitting,stairs_down,0.091,0,RED,1,8
sitting,stairs_down,0.091,0,RED,1,8
sitting,stairs_down,0.092,0,RED,1,8
sitting,stairs_down,0.091,0,RED,1,8
sitting,stairs_down,0.091,0,RED,1,8
sitting,stairs_down,0.092,0,RED,1,8
sitting,stairs_down,0.091,0,RED,1,8
sitting,stairs_down,0.092,0,RED,1,8
sitting,stairs_down,0.091,0,RED,1,8
sitting,stairs_down,0.091,0,RED,1,8
sitting,stairs_down,0.091,0,RED,1,8
sitting,stairs_down,0.091,0,RED,1,8
sitting,stairs_down,0.092,0,RED,1,8
sitting,stairs_down,0.091,0,RED,1,8
sitting,stairs_down,0.091,0,RED,1,8
sitting,stairs_down,0.092,0,RED,1,8
sitting,stairs_down,0.091,0,RED,1,8
sitting,stairs_down,0.091,0,RED,1,8
sitting,stairs_down,0.092,0,RED,1,8
sitting,stairs_down,0.091,0,RED,1,8
sitting,stairs_down,0.091,0,RED,1,8
sitting,stairs_down,0.091,0,RED,1,8
sitting,stairs_down,0.091,0,RED,1,8
sitting,stairs_down,0.092,0,RED,1,8
sitting,stairs_down,0.091,0,RED,1,8
sitting,stairs_down,0.091,0,RED,1,8
sitting,stairs_down,0.092,0,RED,1,8
sitting,stairs_down,0.091,0,RED,1,8
sitting,stairs_down,0.091,0,RED,1,8
sitting,stairs_down,0.091,0,RED,1,8
sitting,stairs_down,0.091,0,RED,1,8
sitting,stairs_down,0.091,0,RED,1,8
sitting,stairs_down,0.091,0,RED,1,8
sitting,stairs_down,0.091,0,RED,1,8
sitting,stairs_down,0.091,0,RED,1,8
sitting,stairs_down,0.091,0,RED,1,8
sitting,stairs_down,0.091,0,RED,1,8
sitting,stairs_down,0.091,0,RED,1,8
sitting,stairs_down,0.091,0,RED,1,8
sitting,stairs_down,0.091,0,RED,1,8
sitting,stairs_down,0.091,0,RED,1,8
sitting,stairs_down,0.091,0,RED,1,8
sitting,stairs_down,0.091,0,RED,1,8
sitting,stairs_down,0.091,0,RED,1,8
sitting,stairs_down,0.092,0,RED,1,8
sitting,stairs_down,0.092,0,RED,1,8
sitting,stairs_down,0.091,0,RED,1,8
sitting,stairs_down,0.091,0,RED,1,8
sitting,stairs_down,0.091,0,RED,1,8
sitting,stairs_down,0.091,0,RED,1,8
sitting,stairs_down,0.091,0,RED,1,8
sitting,stairs_down,0.091,0,RED,1,8
sitting,stairs_down,0.091,0,RED,1,8
sitting,stairs_down,0.092,0,RED,1,8
sitting,stairs_down,0.091,0,RED,1,8
sitting,stairs_down,0.091,0,RED,1,8
sitting,stairs_down,0.091,0,RED,1,8
sitting,stairs_down,0.091,0,RED,1,8
sitting,stairs_down,0.092,0,RED,1,8
sitting,stairs_down,0.091,0,RED,1,8
sitting,stairs_down,0.091,0,RED,1,8
sitting,stairs_down,0.091,0,RED,1,8
sitting,stairs_down,0.091,0,RED,1,8
sitting,stairs_down,0.092,0,RED,1,8
sitting,stairs_down,0.092,0,RED,1,8
sitting,stairs_down,0.091,0,RED,1,8
sitting,stairs_down,0.091,0,RED,1,8
sitting,stairs_down,0.091,0,RED,1,8
sitting,stairs_down,0.091,0,RED,1,8
sitting,stairs_down,0.091,0,RED,1,8
sitting,stairs_down,0.091,0,RED,1,8
sitting,stairs_down,0.091,0,RED,1,8
sitting,stairs_down,0.091,0,RED,1,8
sitting,stairs_down,0.091,0,RED,1,8
sitting,stairs_down,0.091,0,RED,1,8
sitting,stairs_down,0.092,0,RED,1,8
sitting,stairs_down,0.091,0,RED,1,8
sitting,stairs_down,0.092,0,RED,1,8
sitting,stairs_down,0.092,0,RED,1,8
sitting,stairs_down,0.091,0,RED,1,8
sitting,stairs_down,0.091,0,RED,1,8
sitting,stairs_down,0.091,0,RED,1,8
sitting,stairs_down,0.092,0,RED,1,8
sitting,stairs_down,0.091,0,RED,1,8
sitting,stairs_down,0.091,0,RED,1,8
sitting,stairs_down,0.091,0,RED,1,8
sitting,stairs_down,0.092,0,RED,1,8
sitting,stairs_down,0.091,0,RED,1,8
sitting,stairs_down,0.092,0,RED,1,8
sitting,stairs_down,0.091,0,RED,1,8
sitting,stairs_down,0.091,0,RED,1,8
sitting,stairs_down,0.091,0,RED,1,8
sitting,stairs_down,0.091,0,RED,1,8
sitting,stairs_down,0.091,0,RED,1,8
sitting,stairs_down,0.091,0,RED,1,8
sitting,stairs_down,0.091,0,RED,1,8
sitting,stairs_down,0.091,0,RED,1,8
sitting,stairs_down,0.091,0,RED,1,8
sitting,stairs_down,0.091,0,RED,1,8
sitting,stairs_down,0.091,0,RED,1,8
sitting,stairs_down,0.091,0,RED,1,8
sitting,stairs_down,0.091,0,RED,1,8
sitting,stairs_down,0.091,0,RED,1,8
sitting,stairs_down,0.091,0,RED,1,8
sitting,stairs_down,0.091,0,RED,1,8
sitting,sitting,0.092,1,RED,1,1
sitting,stairs_down,0.092,0,RED,1,8
sitting,stairs_down,0.091,0,RED,1,8
sitting,stairs_down,0.091,0,RED,1,8
sitting,stairs_down,0.092,0,RED,1,8
sitting,stairs_down,0.091,0,RED,1,8
sitting,stairs_down,0.091,0,RED,1,8
sitting,stairs_down,0.091,0,RED,1,8
sitting,stairs_down,0.091,0,RED,1,8
sitting,stairs_down,0.091,0,RED,1,8
sitting,stairs_down,0.091,0,RED,1,8
sitting,stairs_down,0.091,0,RED,1,8
sitting,stairs_down,0.091,0,RED,1,8
sitting,stairs_down,0.091,0,RED,1,8
sitting,stairs_down,0.091,0,RED,1,8
sitting,stairs_down,0.091,0,RED,1,8
sitting,stairs_down,0.091,0,RED,1,8
sitting,stairs_down,0.091,0,RED,1,8
sitting,stairs_down,0.091,0,RED,1,8
sitting,stairs_down,0.091,0,RED,1,8
sitting,stairs_down,0.091,0,RED,1,8
sitting,stairs_down,0.091,0,RED,1,8
sitting,stairs_down,0.091,0,RED,1,8
sitting,stairs_down,0.091,0,RED,1,8
sitting,stairs_down,0.091,0,RED,1,8
sitting,stairs_down,0.091,0,RED,1,8
sitting,stairs_down,0.091,0,RED,1,8
sitting,stairs_down,0.092,0,RED,1,8
sitting,stairs_down,0.091,0,RED,1,8
sitting,stairs_down,0.091,0,RED,1,8
sitting,stairs_down,0.091,0,RED,1,8
sitting,stairs_down,0.091,0,RED,1,8
sitting,stairs_down,0.091,0,RED,1,8
sitting,stairs_down,0.091,0,RED,1,8
sitting,stairs_down,0.092,0,RED,1,8
sitting,stairs_down,0.091,0,RED,1,8
sitting,stairs_down,0.092,0,RED,1,8
sitting,stairs_down,0.092,0,RED,1,8
sitting,stairs_down,0.091,0,RED,1,8
sitting,stairs_down,0.091,0,RED,1,8
sitting,stairs_down,0.091,0,RED,1,8
sitting,stairs_down,0.091,0,RED,1,8
sitting,stairs_down,0.091,0,RED,1,8
sitting,stairs_down,0.091,0,RED,1,8
sitting,stairs_down,0.091,0,RED,1,8
sitting,stairs_down,0.091,0,RED,1,8
sitting,stairs_down,0.091,0,RED,1,8
sitting,stairs_down,0.091,0,RED,1,8
sitting,stairs_down,0.091,0,RED,1,8
sitting,stairs_down,0.091,0,RED,1,8
sitting,stairs_down,0.092,0,RED,1,8
sitting,stairs_down,0.091,0,RED,1,8
sitting,stairs_down,0.091,0,RED,1,8
sitting,stairs_down,0.091,0,RED,1,8
sitting,stairs_down,0.091,0,RED,1,8
sitting,stairs_down,0.091,0,RED,1,8
sitting,stairs_down,0.091,0,RED,1,8
sitting,stairs_down,0.091,0,RED,1,8
sitting,stairs_down,0.091,0,RED,1,8
sitting,stairs_down,0.091,0,RED,1,8
sitting,stairs_down,0.091,0,RED,1,8
sitting,stairs_down,0.091,0,RED,1,8
sitting,stairs_down,0.092,0,RED,1,8
sitting,stairs_down,0.091,0,RED,1,8
sitting,stairs_down,0.092,0,RED,1,8
sitting,stairs_down,0.091,0,RED,1,8
sitting,stairs_down,0.091,0,RED,1,8
sitting,stairs_down,0.091,0,RED,1,8
sitting,stairs_down,0.092,0,RED,1,8
sitting,stairs_down,0.091,0,RED,1,8
sitting,stairs_down,0.091,0,RED,1,8
sitting,stairs_down,0.091,0,RED,1,8
sitting,stairs_down,0.092,0,RED,1,8
sitting,stairs_down,0.091,0,RED,1,8
sitting,stairs_down,0.091,0,RED,1,8
sitting,stairs_down,0.091,0,RED,1,8
sitting,stairs_down,0.091,0,RED,1,8
sitting,stairs_down,0.091,0,RED,1,8
sitting,stairs_down,0.092,0,RED,1,8
sitting,stairs_down,0.091,0,RED,1,8
sitting,stairs_down,0.091,0,RED,1,8
sitting,stairs_down,0.091,0,RED,1,8
sitting,stairs_down,0.091,0,RED,1,8
sitting,stairs_down,0.091,0,RED,1,8
sitting,stairs_down,0.091,0,RED,1,8
sitting,stairs_down,0.091,0,RED,1,8
sitting,stairs_down,0.091,0,RED,1,8
sitting,stairs_down,0.091,0,RED,1,8
sitting,stairs_down,0.091,0,RED,1,8
sitting,stairs_down,0.092,0,RED,1,8
sitting,stairs_down,0.091,0,RED,1,8
sitting,stairs_down,0.091,0,RED,1,8
sitting,stairs_down,0.092,0,RED,1,8
sitting,stairs_down,0.091,0,RED,1,8
sitting,stairs_down,0.091,0,RED,1,8
sitting,stairs_down,0.091,0,RED,1,8
sitting,stairs_down,0.091,0,RED,1,8
sitting,stairs_down,0.091,0,RED,1,8
sitting,stairs_down,0.091,0,RED,1,8
sitting,stairs_down,0.091,0,RED,1,8
sitting,stairs_down,0.091,0,RED,1,8
sitting,stairs_down,0.091,0,RED,1,8
sitting,stairs_down,0.091,0,RED,1,8
standing,stairs_down,0.091,0,RED,2,8
standing,stairs_down,0.091,0,RED,2,8
standing,stairs_down,0.091,0,RED,2,8
standing,stairs_down,0.091,0,RED,2,8
standing,stairs_down,0.091,0,RED,2,8
standing,stairs_down,0.091,0,RED,2,8
standing,stairs_down,0.091,0,RED,2,8
standing,stairs_down,0.091,0,RED,2,8
standing,stairs_down,0.091,0,RED,2,8
standing,stairs_down,0.091,0,RED,2,8
standing,stairs_down,0.091,0,RED,2,8
standing,stairs_down,0.091,0,RED,2,8
standing,stairs_down,0.091,0,RED,2,8
standing,stairs_down,0.091,0,RED,2,8
standing,stairs_down,0.091,0,RED,2,8
standing,stairs_down,0.091,0,RED,2,8
standing,stairs_down,0.091,0,RED,2,8
standing,stairs_down,0.09,0,RED,2,8
standing,stairs_down,0.091,0,RED,2,8
standing,stairs_down,0.091,0,RED,2,8
standing,stairs_down,0.091,0,RED,2,8
standing,stairs_down,0.091,0,RED,2,8
standing,stairs_down,0.091,0,RED,2,8
standing,stairs_down,0.091,0,RED,2,8
standing,stairs_down,0.091,0,RED,2,8
standing,stairs_down,0.091,0,RED,2,8
standing,stairs_down,0.091,0,RED,2,8
standing,stairs_down,0.091,0,RED,2,8
standing,stairs_down,0.091,0,RED,2,8
standing,stairs_down,0.091,0,RED,2,8
standing,stairs_down,0.091,0,RED,2,8
standing,stairs_down,0.091,0,RED,2,8
standing,stairs_down,0.091,0,RED,2,8
standing,stairs_down,0.091,0,RED,2,8
standing,stairs_down,0.091,0,RED,2,8
standing,stairs_down,0.091,0,RED,2,8
standing,stairs_down,0.091,0,RED,2,8
standing,stairs_down,0.091,0,RED,2,8
standing,stairs_down,0.091,0,RED,2,8
standing,stairs_down,0.091,0,RED,2,8
standing,stairs_down,0.091,0,RED,2,8
standing,stairs_down,0.091,0,RED,2,8
standing,stairs_down,0.091,0,RED,2,8
standing,stairs_down,0.091,0,RED,2,8
standing,stairs_down,0.091,0,RED,2,8
standing,stairs_down,0.091,0,RED,2,8
standing,stairs_down,0.091,0,RED,2,8
standing,stairs_down,0.091,0,RED,2,8
standing,stairs_down,0.091,0,RED,2,8
standing,stairs_down,0.091,0,RED,2,8
standing,stairs_down,0.091,0,RED,2,8
standing,stairs_down,0.091,0,RED,2,8
standing,stairs_down,0.091,0,RED,2,8
standing,stairs_down,0.091,0,RED,2,8
standing,stairs_down,0.091,0,RED,2,8
standing,stairs_down,0.091,0,RED,2,8
standing,stairs_down,0.091,0,RED,2,8
standing,stairs_down,0.091,0,RED,2,8
standing,stairs_down,0.091,0,RED,2,8
standing,stairs_down,0.091,0,RED,2,8
standing,stairs_down,0.091,0,RED,2,8
standing,stairs_down,0.091,0,RED,2,8
standing,stairs_down,0.091,0,RED,2,8
standing,stairs_down,0.091,0,RED,2,8
standing,stairs_down,0.091,0,RED,2,8
standing,stairs_down,0.091,0,RED,2,8
standing,stairs_down,0.091,0,RED,2,8
standing,stairs_down,0.091,0,RED,2,8
standing,stairs_down,0.091,0,RED,2,8
standing,stairs_down,0.091,0,RED,2,8
standing,stairs_down,0.091,0,RED,2,8
standing,stairs_down,0.091,0,RED,2,8
standing,stairs_down,0.09,0,RED,2,8
standing,stairs_down,0.091,0,RED,2,8
standing,stairs_down,0.091,0,RED,2,8
standing,stairs_down,0.091,0,RED,2,8
standing,stairs_down,0.091,0,RED,2,8
standing,stairs_down,0.091,0,RED,2,8
standing,stairs_down,0.091,0,RED,2,8
standing,stairs_down,0.091,0,RED,2,8
standing,stairs_down,0.091,0,RED,2,8
standing,stairs_down,0.091,0,RED,2,8
standing,stairs_down,0.091,0,RED,2,8
standing,nordic_walk,0.09,0,RED,2,6
standing,stairs_down,0.091,0,RED,2,8
standing,stairs_down,0.091,0,RED,2,8
standing,stairs_down,0.091,0,RED,2,8
standing,stairs_down,0.091,0,RED,2,8
standing,stairs_down,0.091,0,RED,2,8
standing,stairs_down,0.091,0,RED,2,8
standing,stairs_down,0.091,0,RED,2,8
standing,stairs_down,0.091,0,RED,2,8
standing,stairs_down,0.091,0,RED,2,8
standing,stairs_down,0.091,0,RED,2,8
standing,stairs_down,0.091,0,RED,2,8
standing,stairs_down,0.091,0,RED,2,8
standing,stairs_down,0.091,0,RED,2,8
standing,stairs_down,0.091,0,RED,2,8
standing,stairs_down,0.09,0,RED,2,8
standing,stairs_down,0.091,0,RED,2,8
standing,stairs_down,0.091,0,RED,2,8
standing,stairs_down,0.09,0,RED,2,8
standing,stairs_down,0.091,0,RED,2,8
standing,stairs_down,0.091,0,RED,2,8
standing,stairs_down,0.091,0,RED,2,8
standing,stairs_down,0.091,0,RED,2,8
standing,stairs_down,0.091,0,RED,2,8
standing,stairs_down,0.091,0,RED,2,8
standing,stairs_down,0.091,0,RED,2,8
standing,stairs_down,0.091,0,RED,2,8
standing,stairs_down,0.091,0,RED,2,8
standing,stairs_down,0.091,0,RED,2,8
standing,stairs_down,0.09,0,RED,2,8
standing,stairs_down,0.091,0,RED,2,8
standing,stairs_down,0.091,0,RED,2,8
standing,stairs_down,0.09,0,RED,2,8
standing,stairs_down,0.091,0,RED,2,8
standing,stairs_down,0.091,0,RED,2,8
standing,vacuuming,0.091,0,RED,2,9
standing,stairs_down,0.091,0,RED,2,8
standing,stairs_down,0.091,0,RED,2,8
standing,stairs_down,0.091,0,RED,2,8
standing,stairs_down,0.091,0,RED,2,8
standing,stairs_down,0.091,0,RED,2,8
standing,stairs_down,0.091,0,RED,2,8
standing,stairs_down,0.091,0,RED,2,8
standing,stairs_down,0.091,0,RED,2,8
standing,stairs_down,0.091,0,RED,2,8
standing,stairs_down,0.091,0,RED,2,8
standing,stairs_down,0.091,0,RED,2,8
standing,stairs_down,0.091,0,RED,2,8
standing,stairs_down,0.091,0,RED,2,8
standing,stairs_down,0.091,0,RED,2,8
standing,stairs_down,0.091,0,RED,2,8
standing,stairs_down,0.091,0,RED,2,8
standing,stairs_down,0.091,0,RED,2,8
standing,stairs_down,0.091,0,RED,2,8
standing,stairs_down,0.091,0,RED,2,8
standing,stairs_down,0.091,0,RED,2,8
standing,stairs_down,0.091,0,RED,2,8
standing,stairs_down,0.091,0,RED,2,8
standing,stairs_down,0.091,0,RED,2,8
standing,stairs_down,0.091,0,RED,2,8
standing,stairs_down,0.091,0,RED,2,8
standing,stairs_down,0.091,0,RED,2,8
standing,stairs_down,0.091,0,RED,2,8
standing,stairs_down,0.091,0,RED,2,8
standing,stairs_down,0.091,0,RED,2,8
standing,stairs_down,0.091,0,RED,2,8
standing,stairs_down,0.091,0,RED,2,8
standing,stairs_down,0.091,0,RED,2,8
standing,stairs_down,0.091,0,RED,2,8
standing,stairs_down,0.091,0,RED,2,8
standing,stairs_down,0.091,0,RED,2,8
standing,stairs_down,0.091,0,RED,2,8
standing,stairs_down,0.091,0,RED,2,8
standing,stairs_down,0.091,0,RED,2,8
standing,stairs_down,0.091,0,RED,2,8
standing,vacuuming,0.09,0,RED,2,9
standing,vacuuming,0.091,0,RED,2,9
standing,stairs_down,0.091,0,RED,2,8
standing,stairs_down,0.091,0,RED,2,8
standing,stairs_down,0.091,0,RED,2,8
standing,stairs_down,0.091,0,RED,2,8
standing,stairs_down,0.091,0,RED,2,8
standing,stairs_down,0.091,0,RED,2,8
standing,stairs_down,0.091,0,RED,2,8
standing,stairs_down,0.091,0,RED,2,8
standing,stairs_down,0.091,0,RED,2,8
standing,stairs_down,0.091,0,RED,2,8
standing,stairs_down,0.091,0,RED,2,8
standing,stairs_down,0.091,0,RED,2,8
standing,stairs_down,0.091,0,RED,2,8
standing,stairs_down,0.091,0,RED,2,8
standing,stairs_down,0.091,0,RED,2,8
standing,stairs_down,0.091,0,RED,2,8
standing,stairs_down,0.091,0,RED,2,8
standing,stairs_down,0.091,0,RED,2,8
standing,stairs_down,0.091,0,RED,2,8
standing,stairs_down,0.091,0,RED,2,8
standing,stairs_down,0.091,0,RED,2,8
standing,stairs_down,0.091,0,RED,2,8
standing,stairs_down,0.091,0,RED,2,8
standing,stairs_down,0.091,0,RED,2,8
standing,stairs_down,0.091,0,RED,2,8
standing,stairs_down,0.091,0,RED,2,8
standing,stairs_down,0.091,0,RED,2,8
standing,stairs_down,0.091,0,RED,2,8
standing,stairs_down,0.091,0,RED,2,8
standing,stairs_down,0.091,0,RED,2,8
standing,stairs_down,0.091,0,RED,2,8
standing,stairs_down,0.091,0,RED,2,8
standing,stairs_down,0.091,0,RED,2,8
standing,stairs_down,0.091,0,RED,2,8
standing,stairs_down,0.091,0,RED,2,8
standing,stairs_down,0.091,0,RED,2,8
standing,stairs_down,0.091,0,RED,2,8
standing,stairs_down,0.091,0,RED,2,8
standing,stairs_down,0.091,0,RED,2,8
standing,stairs_down,0.091,0,RED,2,8
standing,stairs_down,0.091,0,RED,2,8
standing,stairs_down,0.091,0,RED,2,8
standing,stairs_down,0.091,0,RED,2,8
standing,stairs_down,0.091,0,RED,2,8
standing,stairs_down,0.091,0,RED,2,8
standing,stairs_down,0.091,0,RED,2,8
standing,stairs_down,0.091,0,RED,2,8
standing,stairs_down,0.091,0,RED,2,8
standing,stairs_down,0.091,0,RED,2,8
standing,stairs_down,0.091,0,RED,2,8
standing,stairs_down,0.091,0,RED,2,8
standing,stairs_down,0.091,0,RED,2,8
standing,stairs_down,0.091,0,RED,2,8
standing,stairs_down,0.091,0,RED,2,8
standing,stairs_down,0.091,0,RED,2,8
standing,stairs_down,0.091,0,RED,2,8
standing,stairs_down,0.091,0,RED,2,8
standing,stairs_down,0.091,0,RED,2,8
standing,stairs_down,0.091,0,RED,2,8
standing,stairs_down,0.091,0,RED,2,8
standing,stairs_down,0.091,0,RED,2,8
standing,stairs_down,0.091,0,RED,2,8
standing,stairs_down,0.091,0,RED,2,8
standing,stairs_down,0.091,0,RED,2,8
standing,stairs_down,0.091,0,RED,2,8
standing,stairs_down,0.091,0,RED,2,8
standing,stairs_down,0.091,0,RED,2,8
standing,stairs_down,0.091,0,RED,2,8
standing,stairs_down,0.091,0,RED,2,8
standing,stairs_down,0.091,0,RED,2,8
standing,stairs_down,0.091,0,RED,2,8
standing,stairs_down,0.091,0,RED,2,8
standing,stairs_down,0.091,0,RED,2,8
standing,stairs_down,0.091,0,RED,2,8
standing,stairs_down,0.091,0,RED,2,8
standing,stairs_down,0.091,0,RED,2,8
standing,stairs_down,0.091,0,RED,2,8
standing,stairs_down,0.091,0,RED,2,8
standing,stairs_down,0.091,0,RED,2,8
standing,stairs_down,0.091,0,RED,2,8
standing,stairs_down,0.091,0,RED,2,8
standing,stairs_down,0.091,0,RED,2,8
standing,stairs_down,0.091,0,RED,2,8
standing,stairs_down,0.091,0,RED,2,8
standing,stairs_down,0.091,0,RED,2,8
standing,stairs_down,0.091,0,RED,2,8
standing,stairs_down,0.091,0,RED,2,8
standing,stairs_down,0.091,0,RED,2,8
standing,stairs_down,0.091,0,RED,2,8
standing,stairs_down,0.091,0,RED,2,8
standing,stairs_down,0.091,0,RED,2,8
standing,stairs_down,0.091,0,RED,2,8
standing,stairs_down,0.091,0,RED,2,8
standing,stairs_down,0.09,0,RED,2,8
standing,stairs_down,0.091,0,RED,2,8
standing,stairs_down,0.091,0,RED,2,8
standing,stairs_down,0.091,0,RED,2,8
standing,stairs_down,0.091,0,RED,2,8
standing,stairs_down,0.091,0,RED,2,8
standing,stairs_down,0.091,0,RED,2,8
standing,stairs_down,0.091,0,RED,2,8
standing,stairs_down,0.091,0,RED,2,8
standing,stairs_down,0.091,0,RED,2,8
standing,stairs_down,0.091,0,RED,2,8
standing,stairs_down,0.091,0,RED,2,8
standing,stairs_down,0.09,0,RED,2,8
standing,stairs_down,0.091,0,RED,2,8
standing,stairs_down,0.091,0,RED,2,8
standing,stairs_down,0.091,0,RED,2,8
standing,stairs_down,0.091,0,RED,2,8
standing,stairs_down,0.091,0,RED,2,8
standing,stairs_down,0.091,0,RED,2,8
standing,stairs_down,0.091,0,RED,2,8
standing,stairs_down,0.091,0,RED,2,8
standing,stairs_down,0.091,0,RED,2,8
standing,stairs_down,0.091,0,RED,2,8
standing,stairs_down,0.091,0,RED,2,8
standing,stairs_down,0.091,0,RED,2,8
standing,stairs_down,0.091,0,RED,2,8
standing,stairs_down,0.091,0,RED,2,8
standing,stairs_down,0.091,0,RED,2,8
standing,stairs_down,0.091,0,RED,2,8
standing,stairs_down,0.091,0,RED,2,8
standing,stairs_down,0.091,0,RED,2,8
standing,stairs_down,0.091,0,RED,2,8
standing,stairs_down,0.091,0,RED,2,8
standing,stairs_down,0.091,0,RED,2,8
standing,stairs_down,0.091,0,RED,2,8
standing,stairs_down,0.091,0,RED,2,8
standing,stairs_down,0.091,0,RED,2,8
standing,stairs_down,0.091,0,RED,2,8
standing,stairs_down,0.091,0,RED,2,8
standing,stairs_down,0.091,0,RED,2,8
standing,stairs_down,0.091,0,RED,2,8
standing,stairs_down,0.091,0,RED,2,8
standing,stairs_down,0.091,0,RED,2,8
standing,stairs_down,0.091,0,RED,2,8
standing,stairs_down,0.091,0,RED,2,8
standing,stairs_down,0.091,0,RED,2,8
standing,stairs_down,0.091,0,RED,2,8
standing,stairs_down,0.091,0,RED,2,8
standing,stairs_down,0.091,0,RED,2,8
standing,stairs_down,0.091,0,RED,2,8
standing,stairs_down,0.091,0,RED,2,8
standing,stairs_down,0.091,0,RED,2,8
standing,stairs_down,0.091,0,RED,2,8
standing,stairs_down,0.091,0,RED,2,8
standing,stairs_down,0.09,0,RED,2,8
standing,stairs_down,0.091,0,RED,2,8
standing,stairs_down,0.091,0,RED,2,8
standing,stairs_down,0.091,0,RED,2,8
standing,stairs_down,0.091,0,RED,2,8
standing,stairs_down,0.091,0,RED,2,8
standing,stairs_down,0.091,0,RED,2,8
standing,stairs_down,0.091,0,RED,2,8
standing,stairs_down,0.091,0,RED,2,8
standing,stairs_down,0.091,0,RED,2,8
standing,stairs_down,0.091,0,RED,2,8
standing,stairs_down,0.091,0,RED,2,8
standing,stairs_down,0.09,0,RED,2,8
standing,stairs_down,0.091,0,RED,2,8
standing,stairs_down,0.091,0,RED,2,8
standing,stairs_down,0.091,0,RED,2,8
standing,stairs_down,0.091,0,RED,2,8
standing,stairs_down,0.091,0,RED,2,8
standing,stairs_down,0.091,0,RED,2,8
standing,stairs_down,0.091,0,RED,2,8
standing,stairs_down,0.091,0,RED,2,8
standing,stairs_down,0.091,0,RED,2,8
standing,stairs_down,0.091,0,RED,2,8
standing,stairs_down,0.091,0,RED,2,8
standing,stairs_down,0.091,0,RED,2,8
standing,stairs_down,0.091,0,RED,2,8
standing,stairs_down,0.091,0,RED,2,8
standing,stairs_down,0.091,0,RED,2,8
standing,stairs_down,0.091,0,RED,2,8
standing,stairs_down,0.091,0,RED,2,8
standing,stairs_down,0.091,0,RED,2,8
standing,stairs_down,0.091,0,RED,2,8
standing,stairs_down,0.091,0,RED,2,8
standing,stairs_down,0.091,0,RED,2,8
standing,stairs_down,0.091,0,RED,2,8
standing,stairs_down,0.091,0,RED,2,8
standing,stairs_down,0.091,0,RED,2,8
standing,stairs_down,0.091,0,RED,2,8
standing,stairs_down,0.091,0,RED,2,8
standing,stairs_down,0.091,0,RED,2,8
standing,stairs_down,0.091,0,RED,2,8
standing,stairs_down,0.091,0,RED,2,8
standing,stairs_down,0.091,0,RED,2,8
standing,stairs_down,0.091,0,RED,2,8
standing,stairs_down,0.091,0,RED,2,8
standing,stairs_down,0.091,0,RED,2,8
standing,stairs_down,0.091,0,RED,2,8
standing,stairs_down,0.091,0,RED,2,8
standing,stairs_down,0.091,0,RED,2,8
standing,stairs_down,0.091,0,RED,2,8
standing,stairs_down,0.091,0,RED,2,8
standing,stairs_down,0.091,0,RED,2,8
standing,stairs_down,0.091,0,RED,2,8
standing,stairs_down,0.091,0,RED,2,8
standing,stairs_down,0.091,0,RED,2,8
standing,stairs_down,0.091,0,RED,2,8
standing,stairs_down,0.091,0,RED,2,8
standing,stairs_down,0.091,0,RED,2,8
standing,stairs_down,0.091,0,RED,2,8
standing,stairs_down,0.091,0,RED,2,8
standing,stairs_down,0.091,0,RED,2,8
standing,stairs_down,0.091,0,RED,2,8
standing,stairs_down,0.091,0,RED,2,8
standing,stairs_down,0.091,0,RED,2,8
standing,stairs_down,0.091,0,RED,2,8
standing,stairs_down,0.091,0,RED,2,8
standing,stairs_down,0.091,0,RED,2,8
standing,stairs_down,0.091,0,RED,2,8
standing,stairs_down,0.091,0,RED,2,8
standing,stairs_down,0.091,0,RED,2,8
standing,stairs_down,0.091,0,RED,2,8
standing,stairs_down,0.09,0,RED,2,8
standing,stairs_down,0.091,0,RED,2,8
standing,stairs_down,0.091,0,RED,2,8
standing,stairs_down,0.091,0,RED,2,8
standing,stairs_down,0.091,0,RED,2,8
standing,stairs_down,0.091,0,RED,2,8
standing,stairs_down,0.091,0,RED,2,8
standing,stairs_down,0.091,0,RED,2,8
standing,stairs_down,0.091,0,RED,2,8
standing,stairs_down,0.091,0,RED,2,8
standing,stairs_up,0.09,0,RED,2,7
standing,stairs_down,0.091,0,RED,2,8
standing,stairs_down,0.091,0,RED,2,8
standing,stairs_down,0.091,0,RED,2,8
standing,sitting,0.091,0,RED,2,1
standing,stairs_down,0.091,0,RED,2,8
standing,stairs_down,0.091,0,RED,2,8
standing,stairs_down,0.091,0,RED,2,8
standing,stairs_down,0.091,0,RED,2,8
standing,stairs_down,0.091,0,RED,2,8
standing,stairs_down,0.091,0,RED,2,8
standing,stairs_down,0.091,0,RED,2,8
standing,stairs_down,0.091,0,RED,2,8
standing,stairs_down,0.091,0,RED,2,8
standing,stairs_down,0.091,0,RED,2,8
standing,stairs_down,0.091,0,RED,2,8
standing,stairs_down,0.091,0,RED,2,8
standing,stairs_down,0.091,0,RED,2,8
standing,stairs_down,0.091,0,RED,2,8
standing,stairs_down,0.091,0,RED,2,8
standing,stairs_down,0.091,0,RED,2,8
standing,stairs_down,0.091,0,RED,2,8
standing,stairs_down,0.091,0,RED,2,8
standing,stairs_down,0.091,0,RED,2,8
standing,stairs_down,0.091,0,RED,2,8
standing,stairs_down,0.091,0,RED,2,8
standing,stairs_down,0.091,0,RED,2,8
standing,stairs_down,0.091,0,RED,2,8
standing,stairs_down,0.091,0,RED,2,8
standing,stairs_down,0.091,0,RED,2,8
standing,stairs_down,0.091,0,RED,2,8
standing,stairs_down,0.091,0,RED,2,8
standing,walking,0.091,0,RED,2,3
standing,stairs_down,0.091,0,RED,2,8
standing,stairs_down,0.091,0,RED,2,8
standing,stairs_down,0.091,0,RED,2,8
standing,stairs_down,0.091,0,RED,2,8
standing,stairs_down,0.091,0,RED,2,8
standing,stairs_down,0.091,0,RED,2,8
standing,stairs_down,0.091,0,RED,2,8
standing,stairs_down,0.091,0,RED,2,8
standing,stairs_down,0.091,0,RED,2,8
standing,stairs_down,0.091,0,RED,2,8
standing,stairs_down,0.091,0,RED,2,8
standing,stairs_down,0.091,0,RED,2,8
standing,stairs_down,0.091,0,RED,2,8
standing,stairs_down,0.091,0,RED,2,8
standing,stairs_down,0.091,0,RED,2,8
standing,stairs_down,0.091,0,RED,2,8
standing,stairs_down,0.091,0,RED,2,8
standing,stairs_down,0.091,0,RED,2,8
standing,stairs_down,0.091,0,RED,2,8
standing,stairs_down,0.091,0,RED,2,8
standing,stairs_down,0.09,0,RED,2,8
standing,stairs_down,0.091,0,RED,2,8
standing,stairs_down,0.091,0,RED,2,8
standing,stairs_down,0.091,0,RED,2,8
standing,stairs_down,0.091,0,RED,2,8
standing,stairs_down,0.091,0,RED,2,8
standing,stairs_down,0.091,0,RED,2,8
standing,stairs_down,0.091,0,RED,2,8
standing,stairs_down,0.091,0,RED,2,8
standing,stairs_down,0.091,0,RED,2,8
standing,stairs_down,0.091,0,RED,2,8
standing,stairs_down,0.091,0,RED,2,8
standing,stairs_down,0.091,0,RED,2,8
standing,stairs_down,0.091,0,RED,2,8
standing,stairs_down,0.091,0,RED,2,8
standing,stairs_down,0.091,0,RED,2,8
standing,stairs_down,0.091,0,RED,2,8
standing,stairs_down,0.091,0,RED,2,8
standing,stairs_down,0.091,0,RED,2,8
standing,stairs_down,0.091,0,RED,2,8
standing,stairs_down,0.09,0,RED,2,8
standing,stairs_down,0.091,0,RED,2,8
standing,stairs_down,0.091,0,RED,2,8
standing,stairs_down,0.091,0,RED,2,8
standing,stairs_down,0.091,0,RED,2,8
standing,stairs_down,0.091,0,RED,2,8
standing,stairs_down,0.091,0,RED,2,8
standing,stairs_down,0.091,0,RED,2,8
standing,stairs_down,0.091,0,RED,2,8
standing,stairs_down,0.091,0,RED,2,8
standing,stairs_down,0.091,0,RED,2,8
standing,stairs_down,0.091,0,RED,2,8
standing,stairs_down,0.091,0,RED,2,8
standing,stairs_down,0.091,0,RED,2,8
standing,stairs_down,0.091,0,RED,2,8
standing,stairs_down,0.091,0,RED,2,8
standing,stairs_down,0.091,0,RED,2,8
standing,stairs_down,0.091,0,RED,2,8
standing,stairs_down,0.091,0,RED,2,8
walking,stairs_down,0.091,0,RED,3,8
walking,stairs_down,0.091,0,RED,3,8
walking,stairs_down,0.091,0,RED,3,8
walking,stairs_down,0.091,0,RED,3,8
walking,stairs_down,0.091,0,RED,3,8
walking,stairs_down,0.091,0,RED,3,8
walking,stairs_down,0.091,0,RED,3,8
walking,sitting,0.091,0,RED,3,1
walking,sitting,0.091,0,RED,3,1
walking,stairs_down,0.091,0,RED,3,8
walking,sitting,0.091,0,RED,3,1
walking,stairs_down,0.091,0,RED,3,8
walking,stairs_down,0.091,0,RED,3,8
walking,stairs_down,0.091,0,RED,3,8
walking,sitting,0.091,0,RED,3,1
walking,stairs_down,0.091,0,RED,3,8
walking,stairs_down,0.091,0,RED,3,8
walking,stairs_down,0.091,0,RED,3,8
walking,stairs_down,0.091,0,RED,3,8
walking,sitting,0.091,0,RED,3,1
walking,stairs_down,0.091,0,RED,3,8
walking,stairs_down,0.091,0,RED,3,8
walking,stairs_down,0.091,0,RED,3,8
walking,sitting,0.091,0,RED,3,1
walking,sitting,0.091,0,RED,3,1
walking,stairs_down,0.091,0,RED,3,8
walking,stairs_down,0.091,0,RED,3,8
walking,sitting,0.091,0,RED,3,1
walking,standing,0.091,0,RED,3,2
walking,sitting,0.091,0,RED,3,1
walking,stairs_down,0.091,0,RED,3,8
walking,stairs_down,0.091,0,RED,3,8
walking,stairs_down,0.091,0,RED,3,8
walking,stairs_down,0.091,0,RED,3,8
walking,vacuuming,0.09,0,RED,3,9
walking,stairs_down,0.091,0,RED,3,8
walking,stairs_down,0.091,0,RED,3,8
walking,stairs_down,0.091,0,RED,3,8
walking,cycling,0.091,0,RED,3,5
walking,sitting,0.091,0,RED,3,1
walking,stairs_down,0.091,0,RED,3,8
walking,stairs_down,0.091,0,RED,3,8
walking,cycling,0.091,0,RED,3,5
walking,stairs_down,0.091,0,RED,3,8
walking,stairs_down,0.091,0,RED,3,8
walking,stairs_down,0.091,0,RED,3,8
walking,sitting,0.091,0,RED,3,1
walking,sitting,0.091,0,RED,3,1
walking,stairs_down,0.091,0,RED,3,8
walking,stairs_down,0.091,0,RED,3,8
walking,stairs_down,0.091,0,RED,3,8
walking,stairs_down,0.091,0,RED,3,8
walking,stairs_down,0.091,0,RED,3,8
walking,stairs_down,0.091,0,RED,3,8
walking,stairs_down,0.091,0,RED,3,8
walking,stairs_down,0.091,0,RED,3,8
walking,sitting,0.091,0,RED,3,1
walking,stairs_down,0.091,0,RED,3,8
walking,stairs_down,0.091,0,RED,3,8
walking,sitting,0.091,0,RED,3,1
walking,vacuuming,0.091,0,RED,3,9
walking,sitting,0.091,0,RED,3,1
walking,stairs_down,0.091,0,RED,3,8
walking,stairs_down,0.091,0,RED,3,8
walking,stairs_down,0.091,0,RED,3,8
walking,sitting,0.091,0,RED,3,1
walking,stairs_down,0.091,0,RED,3,8
walking,sitting,0.091,0,RED,3,1
walking,sitting,0.091,0,RED,3,1
walking,stairs_down,0.091,0,RED,3,8
walking,cycling,0.091,0,RED,3,5
walking,stairs_down,0.091,0,RED,3,8
walking,stairs_down,0.091,0,RED,3,8
walking,stairs_down,0.091,0,RED,3,8
walking,sitting,0.091,0,RED,3,1
walking,stairs_down,0.091,0,RED,3,8
walking,stairs_down,0.091,0,RED,3,8
walking,stairs_down,0.091,0,RED,3,8
walking,stairs_down,0.091,0,RED,3,8
walking,sitting,0.091,0,RED,3,1
walking,stairs_down,0.091,0,RED,3,8
walking,stairs_down,0.091,0,RED,3,8
walking,stairs_down,0.091,0,RED,3,8
walking,nordic_walk,0.09,0,RED,3,6
walking,sitting,0.091,0,RED,3,1
walking,stairs_down,0.091,0,RED,3,8
walking,stairs_down,0.091,0,RED,3,8
walking,vacuuming,0.091,0,RED,3,9
walking,stairs_down,0.091,0,RED,3,8
walking,sitting,0.091,0,RED,3,1
walking,stairs_down,0.091,0,RED,3,8
walking,stairs_down,0.091,0,RED,3,8
walking,sitting,0.091,0,RED,3,1
walking,stairs_down,0.091,0,RED,3,8
walking,sitting,0.091,0,RED,3,1
walking,stairs_down,0.091,0,RED,3,8
walking,stairs_down,0.091,0,RED,3,8
walking,stairs_down,0.091,0,RED,3,8
walking,stairs_down,0.091,0,RED,3,8
walking,stairs_down,0.091,0,RED,3,8
walking,stairs_down,0.091,0,RED,3,8
walking,stairs_down,0.091,0,RED,3,8
walking,stairs_down,0.091,0,RED,3,8
walking,stairs_down,0.091,0,RED,3,8
walking,stairs_down,0.091,0,RED,3,8
walking,stairs_down,0.091,0,RED,3,8
walking,vacuuming,0.091,0,RED,3,9
walking,stairs_down,0.091,0,RED,3,8
walking,stairs_down,0.091,0,RED,3,8
walking,vacuuming,0.09,0,RED,3,9
walking,sitting,0.091,0,RED,3,1
walking,stairs_down,0.091,0,RED,3,8
walking,stairs_down,0.091,0,RED,3,8
walking,stairs_down,0.091,0,RED,3,8
walking,stairs_down,0.091,0,RED,3,8
walking,stairs_down,0.091,0,RED,3,8
walking,stairs_down,0.091,0,RED,3,8
walking,stairs_down,0.091,0,RED,3,8
walking,vacuuming,0.091,0,RED,3,9
walking,stairs_down,0.091,0,RED,3,8
walking,stairs_down,0.091,0,RED,3,8
walking,stairs_down,0.091,0,RED,3,8
walking,stairs_down,0.091,0,RED,3,8
walking,stairs_down,0.091,0,RED,3,8
walking,stairs_down,0.091,0,RED,3,8
walking,stairs_down,0.091,0,RED,3,8
walking,stairs_down,0.091,0,RED,3,8
walking,sitting,0.091,0,RED,3,1
walking,walking,0.091,1,RED,3,3
walking,stairs_down,0.091,0,RED,3,8
walking,sitting,0.091,0,RED,3,1
walking,stairs_down,0.091,0,RED,3,8
walking,stairs_down,0.091,0,RED,3,8
walking,stairs_down,0.091,0,RED,3,8
walking,stairs_down,0.091,0,RED,3,8
walking,stairs_down,0.091,0,RED,3,8
walking,stairs_down,0.091,0,RED,3,8
walking,stairs_down,0.091,0,RED,3,8
walking,stairs_down,0.091,0,RED,3,8
walking,stairs_down,0.091,0,RED,3,8
walking,vacuuming,0.091,0,RED,3,9
walking,stairs_down,0.091,0,RED,3,8
walking,stairs_up,0.091,0,RED,3,7
walking,sitting,0.091,0,RED,3,1
walking,stairs_down,0.091,0,RED,3,8
walking,stairs_down,0.09,0,RED,3,8
walking,stairs_down,0.091,0,RED,3,8
walking,stairs_down,0.091,0,RED,3,8
walking,stairs_down,0.09,0,RED,3,8
walking,stairs_down,0.091,0,RED,3,8
walking,stairs_down,0.091,0,RED,3,8
walking,stairs_down,0.091,0,RED,3,8
walking,sitting,0.091,0,RED,3,1
walking,sitting,0.091,0,RED,3,1
walking,sitting,0.091,0,RED,3,1
walking,stairs_down,0.091,0,RED,3,8
walking,stairs_down,0.091,0,RED,3,8
walking,stairs_down,0.091,0,RED,3,8
walking,vacuuming,0.091,0,RED,3,9
walking,stairs_down,0.09,0,RED,3,8
walking,sitting,0.091,0,RED,3,1
walking,stairs_down,0.091,0,RED,3,8
walking,stairs_down,0.091,0,RED,3,8
walking,sitting,0.091,0,RED,3,1
walking,vacuuming,0.091,0,RED,3,9
walking,stairs_down,0.091,0,RED,3,8
walking,cycling,0.091,0,RED,3,5
walking,standing,0.091,0,RED,3,2
walking,stairs_down,0.091,0,RED,3,8
walking,sitting,0.091,0,RED,3,1
walking,stairs_down,0.091,0,RED,3,8
walking,cycling,0.091,0,RED,3,5
walking,stairs_down,0.091,0,RED,3,8
walking,stairs_down,0.091,0,RED,3,8
walking,vacuuming,0.091,0,RED,3,9
walking,stairs_down,0.091,0,RED,3,8
walking,sitting,0.091,0,RED,3,1
walking,sitting,0.091,0,RED,3,1
walking,stairs_down,0.091,0,RED,3,8
walking,stairs_down,0.091,0,RED,3,8
walking,stairs_down,0.091,0,RED,3,8
walking,stairs_down,0.091,0,RED,3,8
walking,stairs_down,0.091,0,RED,3,8
walking,stairs_down,0.09,0,RED,3,8
walking,stairs_down,0.091,0,RED,3,8
walking,vacuuming,0.091,0,RED,3,9
walking,stairs_down,0.091,0,RED,3,8
walking,stairs_down,0.091,0,RED,3,8
walking,stairs_down,0.091,0,RED,3,8
walking,stairs_down,0.091,0,RED,3,8
walking,stairs_down,0.091,0,RED,3,8
walking,stairs_down,0.09,0,RED,3,8
walking,stairs_down,0.091,0,RED,3,8
walking,stairs_down,0.091,0,RED,3,8
walking,stairs_down,0.091,0,RED,3,8
walking,stairs_down,0.091,0,RED,3,8
walking,stairs_down,0.091,0,RED,3,8
walking,sitting,0.091,0,RED,3,1
walking,vacuuming,0.091,0,RED,3,9
walking,sitting,0.091,0,RED,3,1
walking,sitting,0.091,0,RED,3,1
walking,vacuuming,0.091,0,RED,3,9
walking,stairs_down,0.091,0,RED,3,8
walking,sitting,0.091,0,RED,3,1
walking,sitting,0.091,0,RED,3,1
walking,vacuuming,0.091,0,RED,3,9
walking,stairs_down,0.091,0,RED,3,8
walking,stairs_down,0.091,0,RED,3,8
walking,sitting,0.091,0,RED,3,1
walking,stairs_down,0.091,0,RED,3,8
walking,sitting,0.091,0,RED,3,1
walking,stairs_down,0.09,0,RED,3,8
walking,stairs_down,0.091,0,RED,3,8
walking,stairs_down,0.091,0,RED,3,8
walking,stairs_down,0.091,0,RED,3,8
walking,sitting,0.091,0,RED,3,1
walking,sitting,0.091,0,RED,3,1
walking,stairs_down,0.091,0,RED,3,8
walking,stairs_down,0.091,0,RED,3,8
walking,stairs_down,0.091,0,RED,3,8
walking,stairs_down,0.091,0,RED,3,8
walking,stairs_down,0.091,0,RED,3,8
walking,stairs_down,0.091,0,RED,3,8
walking,stairs_down,0.091,0,RED,3,8
walking,stairs_down,0.091,0,RED,3,8
walking,vacuuming,0.091,0,RED,3,9
walking,vacuuming,0.091,0,RED,3,9
walking,stairs_down,0.091,0,RED,3,8
walking,stairs_down,0.091,0,RED,3,8
walking,stairs_down,0.091,0,RED,3,8
walking,stairs_down,0.091,0,RED,3,8
walking,sitting,0.091,0,RED,3,1
walking,cycling,0.091,0,RED,3,5
walking,sitting,0.091,0,RED,3,1
walking,sitting,0.091,0,RED,3,1
walking,stairs_down,0.091,0,RED,3,8
walking,stairs_down,0.091,0,RED,3,8
walking,stairs_down,0.091,0,RED,3,8
walking,stairs_down,0.091,0,RED,3,8
walking,stairs_down,0.091,0,RED,3,8
walking,stairs_down,0.091,0,RED,3,8
walking,stairs_down,0.091,0,RED,3,8
walking,stairs_down,0.091,0,RED,3,8
walking,stairs_down,0.091,0,RED,3,8
walking,walking,0.091,1,RED,3,3
walking,stairs_down,0.091,0,RED,3,8
walking,stairs_down,0.091,0,RED,3,8
walking,stairs_down,0.091,0,RED,3,8
walking,stairs_down,0.091,0,RED,3,8
walking,stairs_down,0.091,0,RED,3,8
walking,stairs_down,0.091,0,RED,3,8
walking,stairs_down,0.091,0,RED,3,8
walking,stairs_down,0.091,0,RED,3,8
walking,vacuuming,0.091,0,RED,3,9
walking,stairs_down,0.09,0,RED,3,8
walking,stairs_down,0.091,0,RED,3,8
walking,sitting,0.091,0,RED,3,1
walking,stairs_down,0.091,0,RED,3,8
walking,stairs_down,0.091,0,RED,3,8
walking,vacuuming,0.091,0,RED,3,9
walking,stairs_down,0.091,0,RED,3,8
walking,stairs_down,0.091,0,RED,3,8
walking,stairs_down,0.091,0,RED,3,8
walking,stairs_down,0.091,0,RED,3,8
walking,stairs_down,0.091,0,RED,3,8
walking,stairs_down,0.091,0,RED,3,8
walking,stairs_down,0.091,0,RED,3,8
walking,stairs_down,0.09,0,RED,3,8
walking,stairs_down,0.091,0,RED,3,8
walking,stairs_down,0.091,0,RED,3,8
walking,stairs_down,0.091,0,RED,3,8
walking,stairs_down,0.091,0,RED,3,8
walking,stairs_down,0.091,0,RED,3,8
walking,stairs_down,0.091,0,RED,3,8
walking,stairs_down,0.091,0,RED,3,8
walking,stairs_down,0.091,0,RED,3,8
walking,stairs_down,0.091,0,RED,3,8
walking,sitting,0.091,0,RED,3,1
walking,stairs_down,0.091,0,RED,3,8
walking,stairs_down,0.091,0,RED,3,8
walking,stairs_down,0.091,0,RED,3,8
walking,stairs_down,0.091,0,RED,3,8
walking,stairs_down,0.091,0,RED,3,8
walking,stairs_down,0.091,0,RED,3,8
walking,stairs_down,0.091,0,RED,3,8
walking,sitting,0.091,0,RED,3,1
walking,stairs_down,0.091,0,RED,3,8
walking,stairs_up,0.091,0,RED,3,7
walking,stairs_down,0.091,0,RED,3,8
walking,sitting,0.091,0,RED,3,1
walking,stairs_down,0.091,0,RED,3,8
walking,stairs_down,0.091,0,RED,3,8
walking,sitting,0.091,0,RED,3,1
walking,walking,0.091,1,RED,3,3
walking,stairs_down,0.091,0,RED,3,8
walking,stairs_down,0.091,0,RED,3,8
walking,sitting,0.091,0,RED,3,1
walking,stairs_down,0.091,0,RED,3,8
walking,stairs_down,0.091,0,RED,3,8
walking,sitting,0.091,0,RED,3,1
walking,sitting,0.091,0,RED,3,1
walking,stairs_down,0.091,0,RED,3,8
walking,stairs_down,0.091,0,RED,3,8
walking,sitting,0.091,0,RED,3,1
walking,sitting,0.091,0,RED,3,1
walking,cycling,0.091,0,RED,3,5
walking,stairs_down,0.091,0,RED,3,8
walking,stairs_down,0.091,0,RED,3,8
walking,stairs_down,0.091,0,RED,3,8
walking,stairs_down,0.091,0,RED,3,8
walking,stairs_down,0.091,0,RED,3,8
walking,stairs_down,0.091,0,RED,3,8
walking,cycling,0.091,0,RED,3,5
walking,stairs_down,0.091,0,RED,3,8
walking,sitting,0.091,0,RED,3,1
walking,stairs_down,0.091,0,RED,3,8
walking,sitting,0.091,0,RED,3,1
walking,walking,0.091,1,RED,3,3
walking,stairs_down,0.091,0,RED,3,8
walking,stairs_down,0.091,0,RED,3,8
walking,stairs_down,0.091,0,RED,3,8
walking,stairs_down,0.091,0,RED,3,8
walking,stairs_down,0.091,0,RED,3,8
walking,stairs_down,0.091,0,RED,3,8
walking,stairs_down,0.091,0,RED,3,8
walking,vacuuming,0.091,0,RED,3,9
walking,stairs_down,0.091,0,RED,3,8
walking,cycling,0.091,0,RED,3,5
walking,stairs_down,0.091,0,RED,3,8
walking,stairs_down,0.091,0,RED,3,8
walking,stairs_down,0.091,0,RED,3,8
walking,vacuuming,0.091,0,RED,3,9
walking,stairs_down,0.091,0,RED,3,8
walking,stairs_down,0.091,0,RED,3,8
walking,stairs_down,0.091,0,RED,3,8
walking,stairs_down,0.09,0,RED,3,8
walking,stairs_down,0.091,0,RED,3,8
walking,sitting,0.091,0,RED,3,1
walking,sitting,0.091,0,RED,3,1
walking,stairs_down,0.091,0,RED,3,8
walking,vacuuming,0.091,0,RED,3,9
walking,stairs_down,0.091,0,RED,3,8
walking,stairs_down,0.09,0,RED,3,8
walking,stairs_down,0.091,0,RED,3,8
walking,sitting,0.091,0,RED,3,1
walking,stairs_down,0.091,0,RED,3,8
walking,running,0.091,0,RED,3,4
walking,stairs_down,0.091,0,RED,3,8
walking,stairs_down,0.091,0,RED,3,8
walking,stairs_down,0.091,0,RED,3,8
walking,stairs_down,0.091,0,RED,3,8
walking,stairs_down,0.091,0,RED,3,8
walking,stairs_down,0.091,0,RED,3,8
walking,stairs_down,0.091,0,RED,3,8
walking,vacuuming,0.091,0,RED,3,9
walking,sitting,0.091,0,RED,3,1
walking,stairs_down,0.091,0,RED,3,8
walking,stairs_down,0.091,0,RED,3,8
walking,stairs_down,0.091,0,RED,3,8
walking,stairs_down,0.091,0,RED,3,8
walking,stairs_down,0.091,0,RED,3,8
walking,stairs_down,0.091,0,RED,3,8
walking,sitting,0.091,0,RED,3,1
walking,stairs_down,0.091,0,RED,3,8
walking,stairs_down,0.091,0,RED,3,8
walking,stairs_down,0.091,0,RED,3,8
walking,stairs_down,0.091,0,RED,3,8
walking,stairs_up,0.091,0,RED,3,7
walking,stairs_down,0.091,0,RED,3,8
walking,stairs_down,0.091,0,RED,3,8
walking,stairs_down,0.091,0,RED,3,8
walking,sitting,0.091,0,RED,3,1
walking,stairs_down,0.091,0,RED,3,8
walking,sitting,0.091,0,RED,3,1
walking,stairs_up,0.091,0,RED,3,7
walking,stairs_down,0.091,0,RED,3,8
walking,stairs_down,0.091,0,RED,3,8
walking,sitting,0.091,0,RED,3,1
walking,stairs_down,0.091,0,RED,3,8
walking,stairs_down,0.091,0,RED,3,8
walking,stairs_down,0.091,0,RED,3,8
walking,stairs_down,0.091,0,RED,3,8
walking,stairs_down,0.091,0,RED,3,8
walking,stairs_up,0.091,0,RED,3,7
walking,vacuuming,0.091,0,RED,3,9
walking,stairs_down,0.091,0,RED,3,8
walking,stairs_down,0.091,0,RED,3,8
walking,stairs_down,0.091,0,RED,3,8
walking,stairs_down,0.091,0,RED,3,8
walking,stairs_down,0.091,0,RED,3,8
walking,stairs_down,0.091,0,RED,3,8
walking,stairs_down,0.091,0,RED,3,8
walking,stairs_down,0.091,0,RED,3,8
walking,sitting,0.091,0,RED,3,1
walking,stairs_down,0.091,0,RED,3,8
walking,sitting,0.091,0,RED,3,1
walking,vacuuming,0.091,0,RED,3,9
walking,stairs_down,0.091,0,RED,3,8
walking,sitting,0.091,0,RED,3,1
walking,stairs_down,0.091,0,RED,3,8
walking,sitting,0.091,0,RED,3,1
walking,stairs_down,0.091,0,RED,3,8
walking,stairs_down,0.091,0,RED,3,8
walking,stairs_down,0.091,0,RED,3,8
walking,stairs_down,0.091,0,RED,3,8
walking,stairs_down,0.091,0,RED,3,8
walking,stairs_down,0.091,0,RED,3,8
walking,sitting,0.091,0,RED,3,1
walking,vacuuming,0.091,0,RED,3,9
walking,stairs_down,0.091,0,RED,3,8
walking,stairs_down,0.091,0,RED,3,8
walking,stairs_down,0.091,0,RED,3,8
walking,stairs_down,0.091,0,RED,3,8
walking,stairs_down,0.091,0,RED,3,8
walking,stairs_down,0.091,0,RED,3,8
walking,stairs_down,0.091,0,RED,3,8
walking,sitting,0.091,0,RED,3,1
walking,sitting,0.091,0,RED,3,1
walking,stairs_down,0.091,0,RED,3,8
walking,sitting,0.091,0,RED,3,1
walking,cycling,0.091,0,RED,3,5
walking,stairs_down,0.091,0,RED,3,8
walking,vacuuming,0.091,0,RED,3,9
walking,stairs_down,0.091,0,RED,3,8
walking,stairs_down,0.091,0,RED,3,8
walking,stairs_down,0.091,0,RED,3,8
walking,stairs_down,0.091,0,RED,3,8
walking,stairs_down,0.091,0,RED,3,8
walking,stairs_down,0.091,0,RED,3,8
walking,sitting,0.091,0,RED,3,1
walking,stairs_down,0.091,0,RED,3,8
walking,sitting,0.091,0,RED,3,1
walking,stairs_down,0.091,0,RED,3,8
walking,stairs_down,0.091,0,RED,3,8
walking,stairs_down,0.091,0,RED,3,8
walking,sitting,0.091,0,RED,3,1
walking,stairs_down,0.091,0,RED,3,8
walking,sitting,0.091,0,RED,3,1
walking,stairs_down,0.091,0,RED,3,8
walking,stairs_down,0.091,0,RED,3,8
walking,stairs_down,0.091,0,RED,3,8
walking,stairs_down,0.091,0,RED,3,8
walking,stairs_down,0.091,0,RED,3,8
walking,stairs_down,0.091,0,RED,3,8
walking,vacuuming,0.091,0,RED,3,9
walking,stairs_down,0.091,0,RED,3,8
walking,cycling,0.091,0,RED,3,5
walking,stairs_down,0.091,0,RED,3,8
walking,sitting,0.091,0,RED,3,1
walking,stairs_down,0.091,0,RED,3,8
walking,sitting,0.091,0,RED,3,1
walking,sitting,0.091,0,RED,3,1
walking,stairs_down,0.091,0,RED,3,8
walking,cycling,0.091,0,RED,3,5
walking,stairs_down,0.091,0,RED,3,8
walking,stairs_down,0.091,0,RED,3,8
walking,cycling,0.091,0,RED,3,5
walking,stairs_down,0.091,0,RED,3,8
walking,sitting,0.091,0,RED,3,1
walking,stairs_down,0.091,0,RED,3,8
walking,stairs_down,0.091,0,RED,3,8
walking,stairs_down,0.091,0,RED,3,8
walking,stairs_down,0.091,0,RED,3,8
walking,stairs_down,0.091,0,RED,3,8
walking,stairs_down,0.09,0,RED,3,8
walking,stairs_down,0.091,0,RED,3,8
walking,sitting,0.091,0,RED,3,1
walking,stairs_down,0.091,0,RED,3,8
walking,stairs_down,0.091,0,RED,3,8
walking,stairs_down,0.091,0,RED,3,8
walking,stairs_down,0.091,0,RED,3,8
walking,stairs_down,0.091,0,RED,3,8
walking,stairs_down,0.091,0,RED,3,8
walking,stairs_down,0.091,0,RED,3,8
walking,stairs_down,0.091,0,RED,3,8
walking,stairs_down,0.091,0,RED,3,8
walking,stairs_down,0.091,0,RED,3,8
walking,cycling,0.091,0,RED,3,5
walking,sitting,0.091,0,RED,3,1
walking,cycling,0.091,0,RED,3,5
walking,stairs_down,0.091,0,RED,3,8
walking,sitting,0.091,0,RED,3,1
walking,stairs_down,0.091,0,RED,3,8
walking,stairs_down,0.091,0,RED,3,8
walking,sitting,0.091,0,RED,3,1
walking,stairs_down,0.091,0,RED,3,8
walking,stairs_down,0.091,0,RED,3,8
walking,sitting,0.091,0,RED,3,1
walking,stairs_down,0.09,0,RED,3,8
walking,stairs_down,0.091,0,RED,3,8
walking,stairs_down,0.091,0,RED,3,8
walking,stairs_down,0.091,0,RED,3,8
walking,stairs_down,0.091,0,RED,3,8
walking,stairs_down,0.091,0,RED,3,8
walking,sitting,0.091,0,RED,3,1
walking,stairs_down,0.091,0,RED,3,8
walking,stairs_down,0.091,0,RED,3,8
walking,sitting,0.091,0,RED,3,1
walking,stairs_down,0.091,0,RED,3,8
walking,stairs_down,0.091,0,RED,3,8
running,stairs_down,0.091,0,RED,4,8
running,cycling,0.091,0,RED,4,5
running,stairs_up,0.091,0,RED,4,7
running,cycling,0.091,0,RED,4,5
running,stairs_down,0.091,0,RED,4,8
running,lying,0.091,0,RED,4,0
running,lying,0.091,0,RED,4,0
running,cycling,0.091,0,RED,4,5
running,walking,0.091,0,RED,4,3
running,cycling,0.091,0,RED,4,5
running,cycling,0.091,0,RED,4,5
running,nordic_walk,0.091,0,RED,4,6
running,standing,0.091,0,RED,4,2
running,stairs_up,0.091,0,RED,4,7
running,cycling,0.091,0,RED,4,5
running,cycling,0.091,0,RED,4,5
running,stairs_down,0.091,0,RED,4,8
running,vacuuming,0.091,0,RED,4,9
running,cycling,0.091,0,RED,4,5
running,vacuuming,0.091,0,RED,4,9
running,stairs_down,0.091,0,RED,4,8
running,lying,0.091,0,RED,4,0
running,walking,0.091,0,RED,4,3
running,vacuuming,0.091,0,RED,4,9
running,walking,0.091,0,RED,4,3
running,stairs_down,0.091,0,RED,4,8
running,vacuuming,0.091,0,RED,4,9
running,sitting,0.091,0,RED,4,1
running,cycling,0.091,0,RED,4,5
running,nordic_walk,0.091,0,RED,4,6
running,cycling,0.091,0,RED,4,5
running,vacuuming,0.091,0,RED,4,9
running,lying,0.091,0,RED,4,0
running,cycling,0.091,0,RED,4,5
running,vacuuming,0.091,0,RED,4,9
running,cycling,0.091,0,RED,4,5
running,nordic_walk,0.091,0,RED,4,6
running,walking,0.09,0,RED,4,3
running,nordic_walk,0.091,0,RED,4,6
running,walking,0.091,0,RED,4,3
running,vacuuming,0.091,0,RED,4,9
running,stairs_down,0.091,0,RED,4,8
running,stairs_down,0.091,0,RED,4,8
running,stairs_down,0.091,0,RED,4,8
running,stairs_up,0.091,0,RED,4,7
running,stairs_up,0.091,0,RED,4,7
running,vacuuming,0.091,0,RED,4,9
running,vacuuming,0.091,0,RED,4,9
running,stairs_up,0.091,0,RED,4,7
running,cycling,0.091,0,RED,4,5
running,vacuuming,0.091,0,RED,4,9
running,walking,0.091,0,RED,4,3
running,stairs_down,0.091,0,RED,4,8
running,vacuuming,0.091,0,RED,4,9
running,vacuuming,0.091,0,RED,4,9
running,walking,0.091,0,RED,4,3
running,cycling,0.091,0,RED,4,5
running,vacuuming,0.091,0,RED,4,9
running,stairs_up,0.091,0,RED,4,7
running,cycling,0.091,0,RED,4,5
running,cycling,0.091,0,RED,4,5
running,walking,0.091,0,RED,4,3
running,cycling,0.091,0,RED,4,5
running,cycling,0.091,0,RED,4,5
running,vacuuming,0.091,0,RED,4,9
running,walking,0.091,0,RED,4,3
running,cycling,0.091,0,RED,4,5
running,walking,0.091,0,RED,4,3
running,cycling,0.091,0,RED,4,5
running,vacuuming,0.091,0,RED,4,9
running,cycling,0.091,0,RED,4,5
running,cycling,0.091,0,RED,4,5
running,cycling,0.091,0,RED,4,5
running,stairs_up,0.091,0,RED,4,7
running,stairs_up,0.091,0,RED,4,7
running,nordic_walk,0.091,0,RED,4,6
running,cycling,0.091,0,RED,4,5
running,walking,0.091,0,RED,4,3
running,cycling,0.091,0,RED,4,5
running,cycling,0.091,0,RED,4,5
running,cycling,0.091,0,RED,4,5
running,stairs_up,0.091,0,RED,4,7
running,vacuuming,0.091,0,RED,4,9
running,vacuuming,0.091,0,RED,4,9
running,sitting,0.091,0,RED,4,1
running,cycling,0.091,0,RED,4,5
running,stairs_down,0.091,0,RED,4,8
running,cycling,0.091,0,RED,4,5
running,stairs_up,0.091,0,RED,4,7
running,cycling,0.091,0,RED,4,5
running,cycling,0.091,0,RED,4,5
running,stairs_down,0.091,0,RED,4,8
running,stairs_up,0.091,0,RED,4,7
running,walking,0.091,0,RED,4,3
running,walking,0.091,0,RED,4,3
running,nordic_walk,0.091,0,RED,4,6
running,stairs_down,0.091,0,RED,4,8
running,vacuuming,0.091,0,RED,4,9
running,vacuuming,0.091,0,RED,4,9
running,vacuuming,0.091,0,RED,4,9
running,cycling,0.091,0,RED,4,5
running,walking,0.09,0,RED,4,3
running,cycling,0.091,0,RED,4,5
running,cycling,0.091,0,RED,4,5
running,cycling,0.091,0,RED,4,5
running,stairs_up,0.091,0,RED,4,7
running,cycling,0.091,0,RED,4,5
running,stairs_down,0.091,0,RED,4,8
running,vacuuming,0.091,0,RED,4,9
running,stairs_up,0.091,0,RED,4,7
running,cycling,0.091,0,RED,4,5
running,nordic_walk,0.091,0,RED,4,6
running,sitting,0.091,0,RED,4,1
running,standing,0.091,0,RED,4,2
running,cycling,0.091,0,RED,4,5
running,vacuuming,0.091,0,RED,4,9
running,vacuuming,0.091,0,RED,4,9
running,vacuuming,0.091,0,RED,4,9
running,walking,0.091,0,RED,4,3
running,cycling,0.091,0,RED,4,5
running,cycling,0.091,0,RED,4,5
running,cycling,0.091,0,RED,4,5
running,lying,0.091,0,RED,4,0
running,walking,0.091,0,RED,4,3
running,stairs_down,0.091,0,RED,4,8
running,vacuuming,0.091,0,RED,4,9
running,standing,0.091,0,RED,4,2
running,vacuuming,0.091,0,RED,4,9
running,cycling,0.091,0,RED,4,5
running,lying,0.091,0,RED,4,0
running,cycling,0.091,0,RED,4,5
running,stairs_down,0.091,0,RED,4,8
running,vacuuming,0.091,0,RED,4,9
running,walking,0.091,0,RED,4,3
running,cycling,0.091,0,RED,4,5
running,cycling,0.091,0,RED,4,5
running,stairs_down,0.091,0,RED,4,8
running,lying,0.091,0,RED,4,0
running,nordic_walk,0.091,0,RED,4,6
running,vacuuming,0.091,0,RED,4,9
running,vacuuming,0.091,0,RED,4,9
running,stairs_down,0.091,0,RED,4,8
running,sitting,0.091,0,RED,4,1
running,stairs_up,0.091,0,RED,4,7
running,stairs_down,0.091,0,RED,4,8
running,cycling,0.091,0,RED,4,5
running,walking,0.091,0,RED,4,3
running,vacuuming,0.091,0,RED,4,9
running,cycling,0.091,0,RED,4,5
running,vacuuming,0.091,0,RED,4,9
running,stairs_down,0.091,0,RED,4,8
running,vacuuming,0.091,0,RED,4,9
running,vacuuming,0.091,0,RED,4,9
running,nordic_walk,0.091,0,RED,4,6
running,cycling,0.091,0,RED,4,5
running,stairs_up,0.091,0,RED,4,7
running,walking,0.091,0,RED,4,3
running,standing,0.091,0,RED,4,2
running,stairs_down,0.091,0,RED,4,8
running,stairs_up,0.091,0,RED,4,7
running,stairs_down,0.091,0,RED,4,8
running,cycling,0.091,0,RED,4,5
running,cycling,0.091,0,RED,4,5
running,walking,0.091,0,RED,4,3
running,stairs_up,0.091,0,RED,4,7
running,ironing,0.091,0,RED,4,10
running,cycling,0.091,0,RED,4,5
running,lying,0.091,0,RED,4,0
running,vacuuming,0.091,0,RED,4,9
running,walking,0.091,0,RED,4,3
running,walking,0.091,0,RED,4,3
running,walking,0.091,0,RED,4,3
running,stairs_up,0.091,0,RED,4,7
running,stairs_down,0.091,0,RED,4,8
running,cycling,0.091,0,RED,4,5
running,cycling,0.091,0,RED,4,5
running,cycling,0.091,0,RED,4,5
running,cycling,0.091,0,RED,4,5
running,sitting,0.091,0,RED,4,1
running,vacuuming,0.091,0,RED,4,9
running,stairs_down,0.091,0,RED,4,8
running,walking,0.091,0,RED,4,3
running,walking,0.091,0,RED,4,3
running,cycling,0.091,0,RED,4,5
running,stairs_down,0.091,0,RED,4,8
running,cycling,0.091,0,RED,4,5
running,stairs_down,0.091,0,RED,4,8
running,cycling,0.091,0,RED,4,5
running,vacuuming,0.091,0,RED,4,9
running,cycling,0.091,0,RED,4,5
running,stairs_up,0.091,0,RED,4,7
running,nordic_walk,0.091,0,RED,4,6
running,stairs_down,0.091,0,RED,4,8
running,stairs_down,0.091,0,RED,4,8
running,vacuuming,0.091,0,RED,4,9
running,cycling,0.091,0,RED,4,5
running,stairs_up,0.091,0,RED,4,7
running,cycling,0.091,0,RED,4,5
running,stairs_down,0.091,0,RED,4,8
running,stairs_down,0.091,0,RED,4,8
running,cycling,0.091,0,RED,4,5
running,vacuuming,0.091,0,RED,4,9
running,vacuuming,0.091,0,RED,4,9
running,walking,0.091,0,RED,4,3
running,walking,0.091,0,RED,4,3
running,stairs_down,0.091,0,RED,4,8
running,cycling,0.091,0,RED,4,5
running,cycling,0.091,0,RED,4,5
running,vacuuming,0.091,0,RED,4,9
running,vacuuming,0.091,0,RED,4,9
running,stairs_up,0.091,0,RED,4,7
running,stairs_up,0.091,0,RED,4,7
running,vacuuming,0.091,0,RED,4,9
running,cycling,0.091,0,RED,4,5
running,cycling,0.091,0,RED,4,5
running,walking,0.091,0,RED,4,3
running,vacuuming,0.091,0,RED,4,9
running,cycling,0.091,0,RED,4,5
running,vacuuming,0.091,0,RED,4,9
running,stairs_down,0.091,0,RED,4,8
running,walking,0.09,0,RED,4,3
running,cycling,0.091,0,RED,4,5
running,cycling,0.091,0,RED,4,5
running,walking,0.091,0,RED,4,3
running,vacuuming,0.091,0,RED,4,9
running,walking,0.091,0,RED,4,3
running,stairs_down,0.091,0,RED,4,8
running,vacuuming,0.091,0,RED,4,9
running,stairs_up,0.091,0,RED,4,7
running,walking,0.091,0,RED,4,3
running,cycling,0.091,0,RED,4,5
running,vacuuming,0.091,0,RED,4,9
running,standing,0.091,0,RED,4,2
running,cycling,0.091,0,RED,4,5
running,cycling,0.091,0,RED,4,5
running,cycling,0.091,0,RED,4,5
running,stairs_up,0.091,0,RED,4,7
running,cycling,0.091,0,RED,4,5
running,walking,0.091,0,RED,4,3
running,cycling,0.091,0,RED,4,5
running,walking,0.091,0,RED,4,3
running,stairs_down,0.091,0,RED,4,8
running,lying,0.091,0,RED,4,0
running,vacuuming,0.091,0,RED,4,9
running,cycling,0.091,0,RED,4,5
running,nordic_walk,0.091,0,RED,4,6
running,cycling,0.091,0,RED,4,5
running,cycling,0.091,0,RED,4,5
running,vacuuming,0.091,0,RED,4,9
running,cycling,0.091,0,RED,4,5
running,vacuuming,0.091,0,RED,4,9
running,vacuuming,0.091,0,RED,4,9
running,cycling,0.091,0,RED,4,5
running,cycling,0.091,0,RED,4,5
running,stairs_down,0.091,0,RED,4,8
running,stairs_down,0.091,0,RED,4,8
running,stairs_down,0.091,0,RED,4,8
running,stairs_up,0.091,0,RED,4,7
running,cycling,0.091,0,RED,4,5
running,cycling,0.091,0,RED,4,5
running,cycling,0.091,0,RED,4,5
running,vacuuming,0.091,0,RED,4,9
running,nordic_walk,0.091,0,RED,4,6
running,cycling,0.091,0,RED,4,5
running,stairs_down,0.091,0,RED,4,8
running,cycling,0.091,0,RED,4,5
running,cycling,0.091,0,RED,4,5
running,nordic_walk,0.091,0,RED,4,6
running,cycling,0.091,0,RED,4,5
running,vacuuming,0.091,0,RED,4,9
running,cycling,0.091,0,RED,4,5
running,cycling,0.091,0,RED,4,5
running,nordic_walk,0.091,0,RED,4,6
running,walking,0.091,0,RED,4,3
running,vacuuming,0.091,0,RED,4,9
running,nordic_walk,0.091,0,RED,4,6
running,cycling,0.091,0,RED,4,5
running,cycling,0.091,0,RED,4,5
running,vacuuming,0.091,0,RED,4,9
running,cycling,0.091,0,RED,4,5
running,ironing,0.091,0,RED,4,10
running,vacuuming,0.091,0,RED,4,9
running,stairs_down,0.091,0,RED,4,8
running,cycling,0.091,0,RED,4,5
running,vacuuming,0.091,0,RED,4,9
running,cycling,0.091,0,RED,4,5
running,vacuuming,0.091,0,RED,4,9
running,stairs_down,0.091,0,RED,4,8
running,nordic_walk,0.091,0,RED,4,6
running,vacuuming,0.091,0,RED,4,9
running,cycling,0.091,0,RED,4,5
running,nordic_walk,0.091,0,RED,4,6
running,nordic_walk,0.091,0,RED,4,6
running,cycling,0.091,0,RED,4,5
running,stairs_down,0.091,0,RED,4,8
running,nordic_walk,0.091,0,RED,4,6
running,walking,0.091,0,RED,4,3
running,cycling,0.091,0,RED,4,5
running,cycling,0.091,0,RED,4,5
running,vacuuming,0.091,0,RED,4,9
running,vacuuming,0.091,0,RED,4,9
running,walking,0.091,0,RED,4,3
running,walking,0.091,0,RED,4,3
running,cycling,0.091,0,RED,4,5
running,running,0.091,1,RED,4,4
running,nordic_walk,0.091,0,RED,4,6
running,cycling,0.091,0,RED,4,5
running,sitting,0.091,0,RED,4,1
running,stairs_down,0.091,0,RED,4,8
running,cycling,0.091,0,RED,4,5
running,vacuuming,0.091,0,RED,4,9
running,cycling,0.091,0,RED,4,5
running,nordic_walk,0.091,0,RED,4,6
running,cycling,0.091,0,RED,4,5
running,cycling,0.091,0,RED,4,5
running,vacuuming,0.091,0,RED,4,9
running,stairs_down,0.091,0,RED,4,8
running,walking,0.091,0,RED,4,3
running,vacuuming,0.091,0,RED,4,9
running,cycling,0.091,0,RED,4,5
running,standing,0.091,0,RED,4,2
running,stairs_up,0.091,0,RED,4,7
running,stairs_up,0.091,0,RED,4,7
running,vacuuming,0.091,0,RED,4,9
running,cycling,0.091,0,RED,4,5
running,cycling,0.091,0,RED,4,5
running,stairs_down,0.091,0,RED,4,8
running,cycling,0.091,0,RED,4,5
running,cycling,0.091,0,RED,4,5
running,sitting,0.091,0,RED,4,1
running,nordic_walk,0.091,0,RED,4,6
running,cycling,0.091,0,RED,4,5
running,cycling,0.091,0,RED,4,5
running,walking,0.091,0,RED,4,3
running,walking,0.091,0,RED,4,3
running,cycling,0.091,0,RED,4,5
running,walking,0.091,0,RED,4,3
running,cycling,0.091,0,RED,4,5
running,stairs_down,0.091,0,RED,4,8
running,walking,0.091,0,RED,4,3
running,walking,0.09,0,RED,4,3
running,stairs_down,0.091,0,RED,4,8
running,cycling,0.091,0,RED,4,5
running,walking,0.091,0,RED,4,3
running,vacuuming,0.091,0,RED,4,9
running,walking,0.091,0,RED,4,3
running,cycling,0.091,0,RED,4,5
running,sitting,0.091,0,RED,4,1
running,cycling,0.091,0,RED,4,5
running,cycling,0.091,0,RED,4,5
running,sitting,0.091,0,RED,4,1
running,cycling,0.091,0,RED,4,5
running,stairs_up,0.091,0,RED,4,7
running,standing,0.091,0,RED,4,2
running,vacuuming,0.091,0,RED,4,9
running,cycling,0.091,0,RED,4,5
running,cycling,0.091,0,RED,4,5
running,cycling,0.091,0,RED,4,5
running,vacuuming,0.091,0,RED,4,9
running,cycling,0.091,0,RED,4,5
running,cycling,0.091,0,RED,4,5
running,cycling,0.091,0,RED,4,5
running,cycling,0.091,0,RED,4,5
running,cycling,0.091,0,RED,4,5
running,walking,0.091,0,RED,4,3
running,stairs_down,0.091,0,RED,4,8
running,nordic_walk,0.091,0,RED,4,6
running,cycling,0.091,0,RED,4,5
running,cycling,0.091,0,RED,4,5
running,stairs_up,0.091,0,RED,4,7
running,stairs_up,0.091,0,RED,4,7
running,stairs_down,0.091,0,RED,4,8
running,cycling,0.091,0,RED,4,5
running,cycling,0.091,0,RED,4,5
running,vacuuming,0.091,0,RED,4,9
running,walking,0.091,0,RED,4,3
running,sitting,0.091,0,RED,4,1
running,cycling,0.091,0,RED,4,5
running,vacuuming,0.091,0,RED,4,9
running,stairs_up,0.091,0,RED,4,7
running,cycling,0.091,0,RED,4,5
running,stairs_down,0.091,0,RED,4,8
running,nordic_walk,0.091,0,RED,4,6
running,cycling,0.091,0,RED,4,5
running,cycling,0.091,0,RED,4,5
running,stairs_up,0.091,0,RED,4,7
running,stairs_up,0.091,0,RED,4,7
running,walking,0.091,0,RED,4,3
running,sitting,0.091,0,RED,4,1
running,walking,0.091,0,RED,4,3
running,walking,0.091,0,RED,4,3
running,cycling,0.091,0,RED,4,5
running,cycling,0.091,0,RED,4,5
running,standing,0.091,0,RED,4,2
running,stairs_down,0.091,0,RED,4,8
running,vacuuming,0.091,0,RED,4,9
running,cycling,0.091,0,RED,4,5
running,vacuuming,0.091,0,RED,4,9
running,stairs_down,0.091,0,RED,4,8
running,cycling,0.091,0,RED,4,5
running,vacuuming,0.091,0,RED,4,9
running,stairs_up,0.091,0,RED,4,7
running,vacuuming,0.091,0,RED,4,9
running,nordic_walk,0.091,0,RED,4,6
running,cycling,0.091,0,RED,4,5
running,vacuuming,0.091,0,RED,4,9
running,cycling,0.091,0,RED,4,5
running,stairs_down,0.091,0,RED,4,8
running,walking,0.091,0,RED,4,3
running,cycling,0.091,0,RED,4,5
running,walking,0.091,0,RED,4,3
running,walking,0.091,0,RED,4,3
running,nordic_walk,0.091,0,RED,4,6
running,vacuuming,0.091,0,RED,4,9
running,cycling,0.091,0,RED,4,5
running,cycling,0.091,0,RED,4,5
running,cycling,0.091,0,RED,4,5
running,cycling,0.091,0,RED,4,5
running,stairs_down,0.091,0,RED,4,8
running,cycling,0.091,0,RED,4,5
running,standing,0.091,0,RED,4,2
running,stairs_up,0.091,0,RED,4,7
running,lying,0.091,0,RED,4,0
running,stairs_down,0.091,0,RED,4,8
running,vacuuming,0.091,0,RED,4,9
running,stairs_up,0.091,0,RED,4,7
running,stairs_down,0.091,0,RED,4,8
running,stairs_down,0.091,0,RED,4,8
running,nordic_walk,0.091,0,RED,4,6
running,vacuuming,0.091,0,RED,4,9
running,sitting,0.091,0,RED,4,1
running,cycling,0.091,0,RED,4,5
running,vacuuming,0.091,0,RED,4,9
running,cycling,0.091,0,RED,4,5
running,running,0.091,1,RED,4,4
running,cycling,0.091,0,RED,4,5
running,stairs_down,0.091,0,RED,4,8
running,cycling,0.091,0,RED,4,5
running,stairs_up,0.091,0,RED,4,7
running,cycling,0.091,0,RED,4,5
running,stairs_down,0.091,0,RED,4,8
running,cycling,0.091,0,RED,4,5
cycling,nordic_walk,0.091,0,RED,5,6
cycling,cycling,0.091,1,RED,5,5
cycling,stairs_down,0.091,0,RED,5,8
cycling,nordic_walk,0.091,0,RED,5,6
cycling,vacuuming,0.091,0,RED,5,9
cycling,vacuuming,0.091,0,RED,5,9
cycling,vacuuming,0.091,0,RED,5,9
cycling,nordic_walk,0.091,0,RED,5,6
cycling,stairs_down,0.091,0,RED,5,8
cycling,cycling,0.091,1,RED,5,5
cycling,stairs_down,0.091,0,RED,5,8
cycling,vacuuming,0.091,0,RED,5,9
cycling,nordic_walk,0.091,0,RED,5,6
cycling,sitting,0.091,0,RED,5,1
cycling,stairs_down,0.091,0,RED,5,8
cycling,stairs_down,0.091,0,RED,5,8
cycling,vacuuming,0.091,0,RED,5,9
cycling,running,0.091,0,RED,5,4
cycling,stairs_down,0.091,0,RED,5,8
cycling,walking,0.091,0,RED,5,3
cycling,nordic_walk,0.091,0,RED,5,6
cycling,vacuuming,0.091,0,RED,5,9
cycling,vacuuming,0.091,0,RED,5,9
cycling,stairs_down,0.091,0,RED,5,8
cycling,vacuuming,0.091,0,RED,5,9
cycling,vacuuming,0.091,0,RED,5,9
cycling,stairs_down,0.091,0,RED,5,8
cycling,running,0.091,0,RED,5,4
cycling,nordic_walk,0.091,0,RED,5,6
cycling,cycling,0.091,1,RED,5,5
cycling,stairs_down,0.091,0,RED,5,8
cycling,vacuuming,0.091,0,RED,5,9
cycling,vacuuming,0.091,0,RED,5,9
cycling,stairs_down,0.091,0,RED,5,8
cycling,stairs_down,0.091,0,RED,5,8
cycling,stairs_down,0.091,0,RED,5,8
cycling,walking,0.091,0,RED,5,3
cycling,vacuuming,0.091,0,RED,5,9
cycling,vacuuming,0.091,0,RED,5,9
cycling,standing,0.091,0,RED,5,2
cycling,vacuuming,0.091,0,RED,5,9
cycling,vacuuming,0.091,0,RED,5,9
cycling,stairs_down,0.091,0,RED,5,8
cycling,vacuuming,0.091,0,RED,5,9
cycling,vacuuming,0.091,0,RED,5,9
cycling,vacuuming,0.091,0,RED,5,9
cycling,nordic_walk,0.091,0,RED,5,6
cycling,vacuuming,0.091,0,RED,5,9
cycling,stairs_down,0.091,0,RED,5,8
cycling,stairs_down,0.091,0,RED,5,8
cycling,vacuuming,0.091,0,RED,5,9
cycling,nordic_walk,0.091,0,RED,5,6
cycling,nordic_walk,0.091,0,RED,5,6
cycling,stairs_up,0.091,0,RED,5,7
cycling,nordic_walk,0.091,0,RED,5,6
cycling,nordic_walk,0.091,0,RED,5,6
cycling,nordic_walk,0.091,0,RED,5,6
cycling,stairs_down,0.091,0,RED,5,8
cycling,stairs_down,0.091,0,RED,5,8
cycling,stairs_down,0.091,0,RED,5,8
cycling,stairs_down,0.091,0,RED,5,8
cycling,stairs_down,0.091,0,RED,5,8
cycling,stairs_down,0.091,0,RED,5,8
cycling,nordic_walk,0.091,0,RED,5,6
cycling,stairs_down,0.091,0,RED,5,8
cycling,nordic_walk,0.091,0,RED,5,6
cycling,stairs_down,0.091,0,RED,5,8
cycling,nordic_walk,0.091,0,RED,5,6
cycling,cycling,0.091,1,RED,5,5
cycling,vacuuming,0.091,0,RED,5,9
cycling,nordic_walk,0.091,0,RED,5,6
cycling,vacuuming,0.091,0,RED,5,9
cycling,vacuuming,0.091,0,RED,5,9
cycling,stairs_down,0.091,0,RED,5,8
cycling,lying,0.091,0,RED,5,0
cycling,cycling,0.091,1,RED,5,5
cycling,nordic_walk,0.091,0,RED,5,6
cycling,nordic_walk,0.091,0,RED,5,6
cycling,nordic_walk,0.091,0,RED,5,6
cycling,vacuuming,0.091,0,RED,5,9
cycling,vacuuming,0.091,0,RED,5,9
cycling,stairs_down,0.091,0,RED,5,8
cycling,stairs_down,0.091,0,RED,5,8
cycling,stairs_down,0.091,0,RED,5,8
cycling,nordic_walk,0.091,0,RED,5,6
cycling,nordic_walk,0.091,0,RED,5,6
cycling,nordic_walk,0.091,0,RED,5,6
cycling,vacuuming,0.091,0,RED,5,9
cycling,nordic_walk,0.091,0,RED,5,6
cycling,vacuuming,0.091,0,RED,5,9
cycling,sitting,0.091,0,RED,5,1
cycling,vacuuming,0.091,0,RED,5,9
cycling,stairs_down,0.091,0,RED,5,8
cycling,stairs_down,0.091,0,RED,5,8
cycling,stairs_down,0.091,0,RED,5,8
cycling,stairs_down,0.091,0,RED,5,8
cycling,stairs_down,0.091,0,RED,5,8
cycling,nordic_walk,0.091,0,RED,5,6
cycling,stairs_down,0.091,0,RED,5,8
cycling,stairs_down,0.091,0,RED,5,8
cycling,stairs_down,0.091,0,RED,5,8
cycling,stairs_down,0.091,0,RED,5,8
cycling,vacuuming,0.091,0,RED,5,9
cycling,nordic_walk,0.091,0,RED,5,6
cycling,vacuuming,0.091,0,RED,5,9
cycling,vacuuming,0.091,0,RED,5,9
cycling,nordic_walk,0.091,0,RED,5,6
cycling,nordic_walk,0.091,0,RED,5,6
cycling,vacuuming,0.091,0,RED,5,9
cycling,vacuuming,0.091,0,RED,5,9
cycling,vacuuming,0.091,0,RED,5,9
cycling,stairs_down,0.091,0,RED,5,8
cycling,nordic_walk,0.091,0,RED,5,6
cycling,vacuuming,0.091,0,RED,5,9
cycling,stairs_down,0.091,0,RED,5,8
cycling,stairs_down,0.091,0,RED,5,8
cycling,stairs_down,0.091,0,RED,5,8
cycling,vacuuming,0.091,0,RED,5,9
cycling,vacuuming,0.091,0,RED,5,9
cycling,stairs_down,0.091,0,RED,5,8
cycling,nordic_walk,0.091,0,RED,5,6
cycling,stairs_down,0.091,0,RED,5,8
cycling,vacuuming,0.091,0,RED,5,9
cycling,stairs_down,0.091,0,RED,5,8
cycling,nordic_walk,0.091,0,RED,5,6
cycling,vacuuming,0.091,0,RED,5,9
cycling,stairs_down,0.091,0,RED,5,8
cycling,sitting,0.091,0,RED,5,1
cycling,vacuuming,0.091,0,RED,5,9
cycling,nordic_walk,0.091,0,RED,5,6
cycling,nordic_walk,0.091,0,RED,5,6
cycling,nordic_walk,0.091,0,RED,5,6
cycling,stairs_down,0.091,0,RED,5,8
cycling,vacuuming,0.091,0,RED,5,9
cycling,nordic_walk,0.091,0,RED,5,6
cycling,cycling,0.092,1,RED,5,5
cycling,vacuuming,0.091,0,RED,5,9
cycling,stairs_down,0.091,0,RED,5,8
cycling,stairs_down,0.091,0,RED,5,8
cycling,lying,0.091,0,RED,5,0
cycling,stairs_down,0.091,0,RED,5,8
cycling,ironing,0.091,0,RED,5,10
cycling,stairs_down,0.091,0,RED,5,8
cycling,vacuuming,0.091,0,RED,5,9
cycling,vacuuming,0.091,0,RED,5,9
cycling,sitting,0.091,0,RED,5,1
cycling,cycling,0.091,1,RED,5,5
cycling,stairs_down,0.091,0,RED,5,8
cycling,stairs_down,0.091,0,RED,5,8
cycling,vacuuming,0.091,0,RED,5,9
cycling,vacuuming,0.091,0,RED,5,9
cycling,stairs_down,0.091,0,RED,5,8
cycling,stairs_down,0.091,0,RED,5,8
cycling,stairs_down,0.091,0,RED,5,8
cycling,stairs_down,0.091,0,RED,5,8
cycling,lying,0.091,0,RED,5,0
cycling,nordic_walk,0.091,0,RED,5,6
cycling,cycling,0.091,1,RED,5,5
cycling,vacuuming,0.091,0,RED,5,9
cycling,vacuuming,0.091,0,RED,5,9
cycling,vacuuming,0.091,0,RED,5,9
cycling,vacuuming,0.091,0,RED,5,9
cycling,nordic_walk,0.091,0,RED,5,6
cycling,vacuuming,0.091,0,RED,5,9
cycling,vacuuming,0.091,0,RED,5,9
cycling,nordic_walk,0.091,0,RED,5,6
cycling,cycling,0.091,1,RED,5,5
cycling,vacuuming,0.091,0,RED,5,9
cycling,sitting,0.091,0,RED,5,1
cycling,stairs_down,0.091,0,RED,5,8
cycling,nordic_walk,0.091,0,RED,5,6
cycling,nordic_walk,0.091,0,RED,5,6
cycling,nordic_walk,0.091,0,RED,5,6
cycling,stairs_down,0.091,0,RED,5,8
cycling,vacuuming,0.091,0,RED,5,9
cycling,nordic_walk,0.091,0,RED,5,6
cycling,lying,0.091,0,RED,5,0
cycling,vacuuming,0.091,0,RED,5,9
cycling,vacuuming,0.091,0,RED,5,9
cycling,stairs_down,0.091,0,RED,5,8
cycling,stairs_down,0.091,0,RED,5,8
cycling,stairs_down,0.091,0,RED,5,8
cycling,nordic_walk,0.091,0,RED,5,6
cycling,vacuuming,0.091,0,RED,5,9
cycling,vacuuming,0.091,0,RED,5,9
cycling,vacuuming,0.091,0,RED,5,9
cycling,stairs_down,0.091,0,RED,5,8
cycling,stairs_down,0.091,0,RED,5,8
cycling,walking,0.091,0,RED,5,3
cycling,nordic_walk,0.091,0,RED,5,6
cycling,vacuuming,0.091,0,RED,5,9
cycling,nordic_walk,0.091,0,RED,5,6
cycling,vacuuming,0.091,0,RED,5,9
cycling,stairs_down,0.091,0,RED,5,8
cycling,vacuuming,0.091,0,RED,5,9
cycling,stairs_up,0.091,0,RED,5,7
cycling,vacuuming,0.091,0,RED,5,9
cycling,stairs_down,0.091,0,RED,5,8
cycling,stairs_down,0.091,0,RED,5,8
cycling,nordic_walk,0.091,0,RED,5,6
cycling,vacuuming,0.091,0,RED,5,9
cycling,nordic_walk,0.091,0,RED,5,6
cycling,standing,0.091,0,RED,5,2
cycling,stairs_down,0.091,0,RED,5,8
cycling,stairs_down,0.091,0,RED,5,8
cycling,stairs_down,0.091,0,RED,5,8
cycling,nordic_walk,0.091,0,RED,5,6
cycling,vacuuming,0.091,0,RED,5,9
cycling,stairs_down,0.091,0,RED,5,8
cycling,stairs_down,0.091,0,RED,5,8
cycling,stairs_down,0.091,0,RED,5,8
cycling,vacuuming,0.091,0,RED,5,9
cycling,nordic_walk,0.091,0,RED,5,6
cycling,sitting,0.091,0,RED,5,1
cycling,vacuuming,0.091,0,RED,5,9
cycling,vacuuming,0.091,0,RED,5,9
cycling,nordic_walk,0.091,0,RED,5,6
cycling,stairs_down,0.091,0,RED,5,8
cycling,cycling,0.091,1,RED,5,5
cycling,lying,0.091,0,RED,5,0
cycling,cycling,0.091,1,RED,5,5
cycling,stairs_down,0.091,0,RED,5,8
cycling,cycling,0.091,1,RED,5,5
cycling,vacuuming,0.091,0,RED,5,9
cycling,vacuuming,0.091,0,RED,5,9
cycling,stairs_down,0.091,0,RED,5,8
cycling,cycling,0.091,1,RED,5,5
cycling,sitting,0.091,0,RED,5,1
cycling,standing,0.091,0,RED,5,2
cycling,stairs_down,0.091,0,RED,5,8
cycling,stairs_down,0.091,0,RED,5,8
cycling,nordic_walk,0.091,0,RED,5,6
cycling,vacuuming,0.091,0,RED,5,9
cycling,nordic_walk,0.091,0,RED,5,6
cycling,stairs_down,0.091,0,RED,5,8
cycling,vacuuming,0.091,0,RED,5,9
cycling,ironing,0.091,0,RED,5,10
cycling,walking,0.091,0,RED,5,3
cycling,vacuuming,0.091,0,RED,5,9
cycling,nordic_walk,0.091,0,RED,5,6
cycling,vacuuming,0.091,0,RED,5,9
cycling,nordic_walk,0.091,0,RED,5,6
cycling,stairs_down,0.091,0,RED,5,8
cycling,nordic_walk,0.091,0,RED,5,6
cycling,vacuuming,0.091,0,RED,5,9
cycling,stairs_down,0.091,0,RED,5,8
cycling,standing,0.091,0,RED,5,2
cycling,stairs_down,0.091,0,RED,5,8
cycling,nordic_walk,0.091,0,RED,5,6
cycling,nordic_walk,0.091,0,RED,5,6
cycling,stairs_down,0.091,0,RED,5,8
cycling,nordic_walk,0.091,0,RED,5,6
cycling,vacuuming,0.091,0,RED,5,9
cycling,vacuuming,0.091,0,RED,5,9
cycling,stairs_down,0.091,0,RED,5,8
cycling,stairs_down,0.091,0,RED,5,8
cycling,stairs_down,0.091,0,RED,5,8
cycling,stairs_down,0.091,0,RED,5,8
cycling,nordic_walk,0.091,0,RED,5,6
cycling,vacuuming,0.091,0,RED,5,9
cycling,walking,0.091,0,RED,5,3
cycling,walking,0.091,0,RED,5,3
cycling,vacuuming,0.091,0,RED,5,9
cycling,nordic_walk,0.091,0,RED,5,6
cycling,vacuuming,0.091,0,RED,5,9
cycling,nordic_walk,0.091,0,RED,5,6
cycling,stairs_down,0.091,0,RED,5,8
cycling,stairs_down,0.091,0,RED,5,8
cycling,vacuuming,0.091,0,RED,5,9
cycling,nordic_walk,0.091,0,RED,5,6
cycling,lying,0.091,0,RED,5,0
cycling,stairs_down,0.091,0,RED,5,8
cycling,nordic_walk,0.091,0,RED,5,6
cycling,ironing,0.091,0,RED,5,10
cycling,nordic_walk,0.091,0,RED,5,6
cycling,nordic_walk,0.091,0,RED,5,6
cycling,stairs_down,0.091,0,RED,5,8
cycling,stairs_down,0.091,0,RED,5,8
cycling,nordic_walk,0.091,0,RED,5,6
cycling,stairs_down,0.091,0,RED,5,8
cycling,stairs_down,0.091,0,RED,5,8
cycling,vacuuming,0.091,0,RED,5,9
cycling,vacuuming,0.091,0,RED,5,9
cycling,vacuuming,0.091,0,RED,5,9
cycling,vacuuming,0.091,0,RED,5,9
cycling,vacuuming,0.091,0,RED,5,9
cycling,nordic_walk,0.091,0,RED,5,6
cycling,nordic_walk,0.091,0,RED,5,6
cycling,vacuuming,0.091,0,RED,5,9
cycling,vacuuming,0.091,0,RED,5,9
cycling,stairs_down,0.091,0,RED,5,8
cycling,stairs_down,0.091,0,RED,5,8
cycling,nordic_walk,0.091,0,RED,5,6
cycling,stairs_down,0.091,0,RED,5,8
cycling,sitting,0.091,0,RED,5,1
cycling,stairs_down,0.091,0,RED,5,8
cycling,stairs_down,0.091,0,RED,5,8
cycling,vacuuming,0.091,0,RED,5,9
cycling,vacuuming,0.091,0,RED,5,9
cycling,stairs_down,0.091,0,RED,5,8
cycling,nordic_walk,0.091,0,RED,5,6
cycling,vacuuming,0.091,0,RED,5,9
cycling,vacuuming,0.091,0,RED,5,9
cycling,vacuuming,0.091,0,RED,5,9
cycling,nordic_walk,0.091,0,RED,5,6
cycling,stairs_down,0.091,0,RED,5,8
cycling,stairs_down,0.091,0,RED,5,8
cycling,vacuuming,0.091,0,RED,5,9
cycling,stairs_down,0.091,0,RED,5,8
cycling,sitting,0.091,0,RED,5,1
cycling,cycling,0.091,1,RED,5,5
cycling,vacuuming,0.091,0,RED,5,9
cycling,stairs_down,0.091,0,RED,5,8
cycling,vacuuming,0.091,0,RED,5,9
cycling,stairs_down,0.091,0,RED,5,8
cycling,stairs_down,0.091,0,RED,5,8
cycling,stairs_down,0.091,0,RED,5,8
cycling,stairs_down,0.091,0,RED,5,8
cycling,stairs_down,0.091,0,RED,5,8
cycling,vacuuming,0.091,0,RED,5,9
cycling,vacuuming,0.091,0,RED,5,9
cycling,vacuuming,0.091,0,RED,5,9
cycling,nordic_walk,0.091,0,RED,5,6
cycling,cycling,0.091,1,RED,5,5
cycling,nordic_walk,0.091,0,RED,5,6
cycling,nordic_walk,0.091,0,RED,5,6
cycling,vacuuming,0.091,0,RED,5,9
cycling,vacuuming,0.091,0,RED,5,9
cycling,ironing,0.091,0,RED,5,10
cycling,stairs_down,0.091,0,RED,5,8
cycling,vacuuming,0.091,0,RED,5,9
cycling,vacuuming,0.091,0,RED,5,9
cycling,nordic_walk,0.091,0,RED,5,6
cycling,vacuuming,0.091,0,RED,5,9
cycling,vacuuming,0.091,0,RED,5,9
cycling,stairs_down,0.091,0,RED,5,8
cycling,vacuuming,0.091,0,RED,5,9
cycling,stairs_down,0.091,0,RED,5,8
cycling,nordic_walk,0.091,0,RED,5,6
cycling,sitting,0.091,0,RED,5,1
cycling,vacuuming,0.091,0,RED,5,9
cycling,nordic_walk,0.091,0,RED,5,6
cycling,stairs_down,0.091,0,RED,5,8
cycling,vacuuming,0.091,0,RED,5,9
cycling,stairs_down,0.091,0,RED,5,8
cycling,stairs_down,0.091,0,RED,5,8
cycling,vacuuming,0.091,0,RED,5,9
cycling,nordic_walk,0.091,0,RED,5,6
cycling,stairs_down,0.091,0,RED,5,8
cycling,cycling,0.091,1,RED,5,5
cycling,vacuuming,0.091,0,RED,5,9
cycling,nordic_walk,0.091,0,RED,5,6
cycling,nordic_walk,0.091,0,RED,5,6
cycling,vacuuming,0.091,0,RED,5,9
cycling,vacuuming,0.091,0,RED,5,9
cycling,stairs_down,0.091,0,RED,5,8
cycling,nordic_walk,0.091,0,RED,5,6
cycling,vacuuming,0.091,0,RED,5,9
cycling,nordic_walk,0.091,0,RED,5,6
cycling,nordic_walk,0.091,0,RED,5,6
cycling,stairs_down,0.091,0,RED,5,8
cycling,stairs_down,0.091,0,RED,5,8
cycling,vacuuming,0.091,0,RED,5,9
cycling,standing,0.091,0,RED,5,2
cycling,stairs_down,0.091,0,RED,5,8
cycling,sitting,0.091,0,RED,5,1
cycling,nordic_walk,0.091,0,RED,5,6
cycling,vacuuming,0.091,0,RED,5,9
cycling,stairs_down,0.091,0,RED,5,8
cycling,vacuuming,0.091,0,RED,5,9
cycling,stairs_down,0.091,0,RED,5,8
cycling,vacuuming,0.091,0,RED,5,9
cycling,vacuuming,0.091,0,RED,5,9
cycling,cycling,0.091,1,RED,5,5
cycling,vacuuming,0.091,0,RED,5,9
cycling,vacuuming,0.091,0,RED,5,9
cycling,cycling,0.091,1,RED,5,5
cycling,vacuuming,0.091,0,RED,5,9
cycling,vacuuming,0.091,0,RED,5,9
cycling,nordic_walk,0.091,0,RED,5,6
cycling,vacuuming,0.091,0,RED,5,9
cycling,vacuuming,0.091,0,RED,5,9
cycling,vacuuming,0.091,0,RED,5,9
cycling,vacuuming,0.091,0,RED,5,9
cycling,stairs_down,0.091,0,RED,5,8
cycling,nordic_walk,0.091,0,RED,5,6
cycling,nordic_walk,0.091,0,RED,5,6
cycling,nordic_walk,0.091,0,RED,5,6
cycling,vacuuming,0.091,0,RED,5,9
cycling,stairs_down,0.091,0,RED,5,8
cycling,vacuuming,0.091,0,RED,5,9
cycling,nordic_walk,0.091,0,RED,5,6
cycling,cycling,0.091,1,RED,5,5
cycling,stairs_down,0.091,0,RED,5,8
cycling,stairs_down,0.091,0,RED,5,8
cycling,stairs_down,0.091,0,RED,5,8
cycling,vacuuming,0.091,0,RED,5,9
cycling,vacuuming,0.091,0,RED,5,9
cycling,vacuuming,0.091,0,RED,5,9
cycling,stairs_down,0.091,0,RED,5,8
cycling,stairs_down,0.091,0,RED,5,8
cycling,nordic_walk,0.091,0,RED,5,6
cycling,stairs_down,0.091,0,RED,5,8
cycling,nordic_walk,0.091,0,RED,5,6
cycling,vacuuming,0.091,0,RED,5,9
cycling,nordic_walk,0.091,0,RED,5,6
cycling,vacuuming,0.091,0,RED,5,9
nordic_walk,stairs_down,0.091,0,RED,6,8
nordic_walk,stairs_down,0.091,0,RED,6,8
nordic_walk,stairs_down,0.091,0,RED,6,8
nordic_walk,stairs_down,0.091,0,RED,6,8
nordic_walk,stairs_up,0.091,0,RED,6,7
nordic_walk,stairs_down,0.091,0,RED,6,8
nordic_walk,nordic_walk,0.092,1,RED,6,6
nordic_walk,nordic_walk,0.091,1,RED,6,6
nordic_walk,stairs_down,0.091,0,RED,6,8
nordic_walk,nordic_walk,0.091,1,RED,6,6
nordic_walk,stairs_down,0.092,0,RED,6,8
nordic_walk,stairs_down,0.091,0,RED,6,8
nordic_walk,stairs_down,0.091,0,RED,6,8
nordic_walk,nordic_walk,0.092,1,RED,6,6
nordic_walk,nordic_walk,0.091,1,RED,6,6
nordic_walk,stairs_down,0.091,0,RED,6,8
nordic_walk,stairs_down,0.091,0,RED,6,8
nordic_walk,stairs_down,0.091,0,RED,6,8
nordic_walk,stairs_down,0.091,0,RED,6,8
nordic_walk,stairs_down,0.091,0,RED,6,8
nordic_walk,stairs_down,0.092,0,RED,6,8
nordic_walk,nordic_walk,0.091,1,RED,6,6
nordic_walk,stairs_down,0.091,0,RED,6,8
nordic_walk,stairs_down,0.091,0,RED,6,8
nordic_walk,stairs_down,0.092,0,RED,6,8
nordic_walk,cycling,0.091,0,RED,6,5
nordic_walk,stairs_up,0.091,0,RED,6,7
nordic_walk,stairs_down,0.091,0,RED,6,8
nordic_walk,nordic_walk,0.092,1,RED,6,6
nordic_walk,stairs_down,0.091,0,RED,6,8
nordic_walk,stairs_down,0.091,0,RED,6,8
nordic_walk,stairs_down,0.091,0,RED,6,8
nordic_walk,stairs_down,0.091,0,RED,6,8
nordic_walk,stairs_down,0.091,0,RED,6,8
nordic_walk,stairs_down,0.091,0,RED,6,8
nordic_walk,nordic_walk,0.091,1,RED,6,6
nordic_walk,nordic_walk,0.091,1,RED,6,6
nordic_walk,stairs_down,0.091,0,RED,6,8
nordic_walk,stairs_down,0.091,0,RED,6,8
nordic_walk,stairs_down,0.091,0,RED,6,8
nordic_walk,nordic_walk,0.091,1,RED,6,6
nordic_walk,stairs_down,0.091,0,RED,6,8
nordic_walk,stairs_down,0.091,0,RED,6,8
nordic_walk,stairs_down,0.091,0,RED,6,8
nordic_walk,stairs_down,0.091,0,RED,6,8
nordic_walk,nordic_walk,0.091,1,RED,6,6
nordic_walk,stairs_down,0.091,0,RED,6,8
nordic_walk,stairs_down,0.091,0,RED,6,8
nordic_walk,stairs_down,0.091,0,RED,6,8
nordic_walk,cycling,0.091,0,RED,6,5
nordic_walk,nordic_walk,0.091,1,RED,6,6
nordic_walk,stairs_down,0.091,0,RED,6,8
nordic_walk,stairs_down,0.091,0,RED,6,8
nordic_walk,stairs_down,0.091,0,RED,6,8
nordic_walk,stairs_down,0.091,0,RED,6,8
nordic_walk,nordic_walk,0.091,1,RED,6,6
nordic_walk,stairs_down,0.091,0,RED,6,8
nordic_walk,stairs_down,0.091,0,RED,6,8
nordic_walk,stairs_down,0.092,0,RED,6,8
nordic_walk,stairs_down,0.091,0,RED,6,8
nordic_walk,nordic_walk,0.091,1,RED,6,6
nordic_walk,stairs_down,0.092,0,RED,6,8
nordic_walk,stairs_down,0.091,0,RED,6,8
nordic_walk,nordic_walk,0.091,1,RED,6,6
nordic_walk,stairs_down,0.091,0,RED,6,8
nordic_walk,stairs_down,0.091,0,RED,6,8
nordic_walk,stairs_down,0.091,0,RED,6,8
nordic_walk,stairs_up,0.091,0,RED,6,7
nordic_walk,stairs_down,0.091,0,RED,6,8
nordic_walk,stairs_down,0.092,0,RED,6,8
nordic_walk,stairs_down,0.091,0,RED,6,8
nordic_walk,stairs_down,0.091,0,RED,6,8
nordic_walk,stairs_down,0.092,0,RED,6,8
nordic_walk,stairs_down,0.091,0,RED,6,8
nordic_walk,nordic_walk,0.091,1,RED,6,6
nordic_walk,nordic_walk,0.091,1,RED,6,6
nordic_walk,stairs_down,0.091,0,RED,6,8
nordic_walk,nordic_walk,0.091,1,RED,6,6
nordic_walk,cycling,0.091,0,RED,6,5
nordic_walk,stairs_down,0.091,0,RED,6,8
nordic_walk,stairs_down,0.091,0,RED,6,8
nordic_walk,cycling,0.091,0,RED,6,5
nordic_walk,nordic_walk,0.092,1,RED,6,6
nordic_walk,stairs_up,0.091,0,RED,6,7
nordic_walk,nordic_walk,0.091,1,RED,6,6
nordic_walk,stairs_down,0.091,0,RED,6,8
nordic_walk,stairs_down,0.091,0,RED,6,8
nordic_walk,nordic_walk,0.091,1,RED,6,6
nordic_walk,nordic_walk,0.091,1,RED,6,6
nordic_walk,stairs_down,0.091,0,RED,6,8
nordic_walk,stairs_down,0.091,0,RED,6,8
nordic_walk,cycling,0.091,0,RED,6,5
nordic_walk,standing,0.091,0,RED,6,2
nordic_walk,stairs_down,0.091,0,RED,6,8
nordic_walk,stairs_down,0.091,0,RED,6,8
nordic_walk,stairs_down,0.091,0,RED,6,8
nordic_walk,stairs_down,0.091,0,RED,6,8
nordic_walk,stairs_down,0.091,0,RED,6,8
nordic_walk,nordic_walk,0.091,1,RED,6,6
nordic_walk,stairs_down,0.091,0,RED,6,8
nordic_walk,nordic_walk,0.092,1,RED,6,6
nordic_walk,stairs_down,0.091,0,RED,6,8
nordic_walk,stairs_down,0.092,0,RED,6,8
nordic_walk,nordic_walk,0.091,1,RED,6,6
nordic_walk,vacuuming,0.091,0,RED,6,9
nordic_walk,cycling,0.091,0,RED,6,5
nordic_walk,stairs_down,0.091,0,RED,6,8
nordic_walk,stairs_down,0.091,0,RED,6,8
nordic_walk,stairs_down,0.091,0,RED,6,8
nordic_walk,stairs_down,0.091,0,RED,6,8
nordic_walk,stairs_down,0.091,0,RED,6,8
nordic_walk,stairs_down,0.091,0,RED,6,8
nordic_walk,stairs_down,0.091,0,RED,6,8
nordic_walk,stairs_down,0.091,0,RED,6,8
nordic_walk,nordic_walk,0.091,1,RED,6,6
nordic_walk,stairs_up,0.091,0,RED,6,7
nordic_walk,stairs_up,0.092,0,RED,6,7
nordic_walk,stairs_down,0.091,0,RED,6,8
nordic_walk,stairs_down,0.091,0,RED,6,8
nordic_walk,cycling,0.091,0,RED,6,5
nordic_walk,nordic_walk,0.091,1,RED,6,6
nordic_walk,stairs_down,0.091,0,RED,6,8
nordic_walk,stairs_down,0.091,0,RED,6,8
nordic_walk,nordic_walk,0.092,1,RED,6,6
nordic_walk,stairs_down,0.091,0,RED,6,8
nordic_walk,stairs_down,0.091,0,RED,6,8
nordic_walk,stairs_down,0.091,0,RED,6,8
nordic_walk,stairs_down,0.091,0,RED,6,8
nordic_walk,stairs_down,0.091,0,RED,6,8
nordic_walk,stairs_down,0.091,0,RED,6,8
nordic_walk,stairs_down,0.091,0,RED,6,8
nordic_walk,stairs_down,0.091,0,RED,6,8
nordic_walk,stairs_up,0.091,0,RED,6,7
nordic_walk,stairs_down,0.092,0,RED,6,8
nordic_walk,stairs_down,0.091,0,RED,6,8
nordic_walk,stairs_down,0.091,0,RED,6,8
nordic_walk,stairs_down,0.091,0,RED,6,8
nordic_walk,nordic_walk,0.092,1,RED,6,6
nordic_walk,stairs_down,0.091,0,RED,6,8
nordic_walk,stairs_up,0.091,0,RED,6,7
nordic_walk,stairs_down,0.091,0,RED,6,8
nordic_walk,stairs_down,0.091,0,RED,6,8
nordic_walk,stairs_down,0.091,0,RED,6,8
nordic_walk,stairs_down,0.091,0,RED,6,8
nordic_walk,stairs_down,0.091,0,RED,6,8
nordic_walk,nordic_walk,0.091,1,RED,6,6
nordic_walk,stairs_down,0.091,0,RED,6,8
nordic_walk,stairs_down,0.091,0,RED,6,8
nordic_walk,stairs_down,0.092,0,RED,6,8
nordic_walk,stairs_down,0.091,0,RED,6,8
nordic_walk,nordic_walk,0.091,1,RED,6,6
nordic_walk,nordic_walk,0.092,1,RED,6,6
nordic_walk,stairs_down,0.091,0,RED,6,8
nordic_walk,stairs_down,0.091,0,RED,6,8
nordic_walk,stairs_down,0.091,0,RED,6,8
nordic_walk,stairs_down,0.091,0,RED,6,8
nordic_walk,stairs_down,0.091,0,RED,6,8
nordic_walk,stairs_down,0.091,0,RED,6,8
nordic_walk,stairs_down,0.091,0,RED,6,8
nordic_walk,stairs_down,0.091,0,RED,6,8
nordic_walk,nordic_walk,0.092,1,RED,6,6
nordic_walk,stairs_down,0.091,0,RED,6,8
nordic_walk,stairs_down,0.091,0,RED,6,8
nordic_walk,cycling,0.091,0,RED,6,5
nordic_walk,nordic_walk,0.091,1,RED,6,6
nordic_walk,cycling,0.091,0,RED,6,5
nordic_walk,cycling,0.091,0,RED,6,5
nordic_walk,stairs_down,0.091,0,RED,6,8
nordic_walk,stairs_down,0.091,0,RED,6,8
nordic_walk,stairs_down,0.091,0,RED,6,8
nordic_walk,cycling,0.091,0,RED,6,5
nordic_walk,stairs_down,0.091,0,RED,6,8
nordic_walk,stairs_down,0.091,0,RED,6,8
nordic_walk,stairs_down,0.091,0,RED,6,8
nordic_walk,nordic_walk,0.091,1,RED,6,6
nordic_walk,stairs_down,0.091,0,RED,6,8
nordic_walk,stairs_down,0.091,0,RED,6,8
nordic_walk,stairs_down,0.091,0,RED,6,8
nordic_walk,stairs_down,0.091,0,RED,6,8
nordic_walk,stairs_down,0.091,0,RED,6,8
nordic_walk,stairs_down,0.091,0,RED,6,8
nordic_walk,stairs_down,0.091,0,RED,6,8
nordic_walk,stairs_down,0.091,0,RED,6,8
nordic_walk,nordic_walk,0.092,1,RED,6,6
nordic_walk,stairs_down,0.091,0,RED,6,8
nordic_walk,stairs_down,0.091,0,RED,6,8
nordic_walk,stairs_down,0.091,0,RED,6,8
nordic_walk,stairs_down,0.091,0,RED,6,8
nordic_walk,stairs_down,0.091,0,RED,6,8
nordic_walk,nordic_walk,0.091,1,RED,6,6
nordic_walk,stairs_down,0.092,0,RED,6,8
nordic_walk,stairs_down,0.092,0,RED,6,8
nordic_walk,vacuuming,0.091,0,RED,6,9
nordic_walk,stairs_down,0.091,0,RED,6,8
nordic_walk,stairs_down,0.091,0,RED,6,8
nordic_walk,standing,0.091,0,RED,6,2
nordic_walk,standing,0.091,0,RED,6,2
nordic_walk,stairs_down,0.091,0,RED,6,8
nordic_walk,stairs_down,0.091,0,RED,6,8
nordic_walk,nordic_walk,0.091,1,RED,6,6
nordic_walk,stairs_down,0.091,0,RED,6,8
nordic_walk,stairs_down,0.091,0,RED,6,8
nordic_walk,stairs_down,0.091,0,RED,6,8
nordic_walk,stairs_up,0.091,0,RED,6,7
nordic_walk,nordic_walk,0.091,1,RED,6,6
nordic_walk,stairs_down,0.091,0,RED,6,8
nordic_walk,stairs_down,0.091,0,RED,6,8
nordic_walk,stairs_down,0.091,0,RED,6,8
nordic_walk,nordic_walk,0.092,1,RED,6,6
nordic_walk,cycling,0.091,0,RED,6,5
nordic_walk,stairs_down,0.091,0,RED,6,8
nordic_walk,stairs_down,0.091,0,RED,6,8
nordic_walk,stairs_down,0.091,0,RED,6,8
nordic_walk,stairs_down,0.091,0,RED,6,8
nordic_walk,stairs_down,0.091,0,RED,6,8
nordic_walk,nordic_walk,0.091,1,RED,6,6
nordic_walk,stairs_down,0.092,0,RED,6,8
nordic_walk,stairs_down,0.091,0,RED,6,8
nordic_walk,stairs_down,0.091,0,RED,6,8
nordic_walk,nordic_walk,0.092,1,RED,6,6
nordic_walk,stairs_down,0.091,0,RED,6,8
nordic_walk,stairs_down,0.091,0,RED,6,8
nordic_walk,cycling,0.091,0,RED,6,5
nordic_walk,stairs_down,0.091,0,RED,6,8
nordic_walk,nordic_walk,0.091,1,RED,6,6
nordic_walk,nordic_walk,0.091,1,RED,6,6
nordic_walk,stairs_down,0.091,0,RED,6,8
nordic_walk,stairs_up,0.091,0,RED,6,7
nordic_walk,stairs_down,0.091,0,RED,6,8
nordic_walk,nordic_walk,0.091,1,RED,6,6
nordic_walk,stairs_down,0.091,0,RED,6,8
nordic_walk,stairs_down,0.091,0,RED,6,8
nordic_walk,nordic_walk,0.091,1,RED,6,6
nordic_walk,stairs_down,0.091,0,RED,6,8
nordic_walk,stairs_down,0.091,0,RED,6,8
nordic_walk,stairs_down,0.091,0,RED,6,8
nordic_walk,nordic_walk,0.092,1,RED,6,6
nordic_walk,stairs_down,0.091,0,RED,6,8
nordic_walk,cycling,0.091,0,RED,6,5
nordic_walk,stairs_down,0.091,0,RED,6,8
nordic_walk,stairs_down,0.091,0,RED,6,8
nordic_walk,nordic_walk,0.092,1,RED,6,6
nordic_walk,stairs_down,0.091,0,RED,6,8
nordic_walk,stairs_down,0.091,0,RED,6,8
nordic_walk,stairs_down,0.091,0,RED,6,8
nordic_walk,stairs_down,0.091,0,RED,6,8
nordic_walk,stairs_down,0.091,0,RED,6,8
nordic_walk,stairs_down,0.091,0,RED,6,8
nordic_walk,stairs_down,0.091,0,RED,6,8
nordic_walk,stairs_down,0.091,0,RED,6,8
nordic_walk,nordic_walk,0.091,1,RED,6,6
nordic_walk,stairs_down,0.091,0,RED,6,8
nordic_walk,stairs_down,0.091,0,RED,6,8
nordic_walk,stairs_down,0.091,0,RED,6,8
nordic_walk,stairs_down,0.091,0,RED,6,8
nordic_walk,nordic_walk,0.091,1,RED,6,6
nordic_walk,nordic_walk,0.091,1,RED,6,6
nordic_walk,nordic_walk,0.091,1,RED,6,6
nordic_walk,stairs_down,0.091,0,RED,6,8
nordic_walk,stairs_down,0.091,0,RED,6,8
nordic_walk,stairs_down,0.091,0,RED,6,8
nordic_walk,nordic_walk,0.091,1,RED,6,6
nordic_walk,stairs_down,0.091,0,RED,6,8
nordic_walk,cycling,0.091,0,RED,6,5
nordic_walk,nordic_walk,0.092,1,RED,6,6
nordic_walk,stairs_down,0.091,0,RED,6,8
nordic_walk,nordic_walk,0.092,1,RED,6,6
nordic_walk,stairs_down,0.091,0,RED,6,8
nordic_walk,nordic_walk,0.091,1,RED,6,6
nordic_walk,stairs_down,0.091,0,RED,6,8
nordic_walk,stairs_down,0.091,0,RED,6,8
nordic_walk,stairs_down,0.091,0,RED,6,8
nordic_walk,cycling,0.091,0,RED,6,5
nordic_walk,stairs_down,0.091,0,RED,6,8
nordic_walk,vacuuming,0.091,0,RED,6,9
nordic_walk,nordic_walk,0.092,1,RED,6,6
nordic_walk,stairs_down,0.091,0,RED,6,8
nordic_walk,stairs_down,0.091,0,RED,6,8
nordic_walk,stairs_down,0.091,0,RED,6,8
nordic_walk,stairs_down,0.091,0,RED,6,8
nordic_walk,stairs_down,0.091,0,RED,6,8
nordic_walk,stairs_down,0.091,0,RED,6,8
nordic_walk,stairs_down,0.091,0,RED,6,8
nordic_walk,stairs_down,0.091,0,RED,6,8
nordic_walk,nordic_walk,0.091,1,RED,6,6
nordic_walk,stairs_down,0.091,0,RED,6,8
nordic_walk,stairs_down,0.091,0,RED,6,8
nordic_walk,stairs_down,0.091,0,RED,6,8
nordic_walk,nordic_walk,0.091,1,RED,6,6
nordic_walk,stairs_down,0.091,0,RED,6,8
nordic_walk,stairs_down,0.091,0,RED,6,8
nordic_walk,stairs_up,0.091,0,RED,6,7
nordic_walk,stairs_down,0.091,0,RED,6,8
nordic_walk,stairs_down,0.092,0,RED,6,8
nordic_walk,stairs_down,0.091,0,RED,6,8
nordic_walk,nordic_walk,0.092,1,RED,6,6
nordic_walk,stairs_down,0.092,0,RED,6,8
nordic_walk,stairs_down,0.092,0,RED,6,8
nordic_walk,stairs_down,0.091,0,RED,6,8
nordic_walk,stairs_down,0.091,0,RED,6,8
nordic_walk,stairs_down,0.091,0,RED,6,8
nordic_walk,standing,0.091,0,RED,6,2
nordic_walk,cycling,0.091,0,RED,6,5
nordic_walk,stairs_down,0.091,0,RED,6,8
nordic_walk,stairs_down,0.092,0,RED,6,8
nordic_walk,stairs_down,0.091,0,RED,6,8
nordic_walk,nordic_walk,0.091,1,RED,6,6
nordic_walk,stairs_down,0.092,0,RED,6,8
nordic_walk,stairs_down,0.091,0,RED,6,8
nordic_walk,stairs_down,0.091,0,RED,6,8
nordic_walk,stairs_down,0.091,0,RED,6,8
nordic_walk,cycling,0.091,0,RED,6,5
nordic_walk,nordic_walk,0.092,1,RED,6,6
nordic_walk,nordic_walk,0.092,1,RED,6,6
nordic_walk,stairs_down,0.091,0,RED,6,8
nordic_walk,stairs_down,0.092,0,RED,6,8
nordic_walk,stairs_down,0.091,0,RED,6,8
nordic_walk,stairs_down,0.091,0,RED,6,8
nordic_walk,nordic_walk,0.092,1,RED,6,6
nordic_walk,stairs_down,0.091,0,RED,6,8
nordic_walk,cycling,0.091,0,RED,6,5
nordic_walk,stairs_down,0.091,0,RED,6,8
nordic_walk,stairs_down,0.091,0,RED,6,8
nordic_walk,stairs_down,0.091,0,RED,6,8
nordic_walk,stairs_down,0.091,0,RED,6,8
nordic_walk,stairs_down,0.092,0,RED,6,8
nordic_walk,stairs_down,0.091,0,RED,6,8
nordic_walk,stairs_down,0.091,0,RED,6,8
nordic_walk,stairs_down,0.091,0,RED,6,8
nordic_walk,stairs_down,0.091,0,RED,6,8
nordic_walk,stairs_down,0.091,0,RED,6,8
nordic_walk,stairs_down,0.091,0,RED,6,8
nordic_walk,stairs_down,0.091,0,RED,6,8
nordic_walk,stairs_down,0.091,0,RED,6,8
nordic_walk,stairs_down,0.091,0,RED,6,8
nordic_walk,stairs_down,0.091,0,RED,6,8
nordic_walk,nordic_walk,0.091,1,RED,6,6
nordic_walk,stairs_down,0.091,0,RED,6,8
nordic_walk,nordic_walk,0.091,1,RED,6,6
nordic_walk,stairs_down,0.091,0,RED,6,8
nordic_walk,standing,0.091,0,RED,6,2
nordic_walk,nordic_walk,0.092,1,RED,6,6
nordic_walk,cycling,0.091,0,RED,6,5
nordic_walk,stairs_down,0.091,0,RED,6,8
nordic_walk,standing,0.091,0,RED,6,2
nordic_walk,stairs_down,0.091,0,RED,6,8
nordic_walk,stairs_up,0.091,0,RED,6,7
nordic_walk,stairs_down,0.091,0,RED,6,8
nordic_walk,stairs_down,0.091,0,RED,6,8
nordic_walk,stairs_down,0.091,0,RED,6,8
nordic_walk,stairs_down,0.091,0,RED,6,8
nordic_walk,stairs_down,0.091,0,RED,6,8
nordic_walk,stairs_down,0.091,0,RED,6,8
nordic_walk,stairs_down,0.091,0,RED,6,8
nordic_walk,stairs_down,0.091,0,RED,6,8
nordic_walk,stairs_down,0.091,0,RED,6,8
nordic_walk,cycling,0.091,0,RED,6,5
nordic_walk,stairs_down,0.091,0,RED,6,8
nordic_walk,stairs_down,0.091,0,RED,6,8
nordic_walk,stairs_down,0.091,0,RED,6,8
nordic_walk,cycling,0.091,0,RED,6,5
nordic_walk,stairs_down,0.091,0,RED,6,8
nordic_walk,stairs_down,0.091,0,RED,6,8
nordic_walk,stairs_down,0.091,0,RED,6,8
nordic_walk,stairs_down,0.091,0,RED,6,8
nordic_walk,cycling,0.09,0,RED,6,5
nordic_walk,stairs_down,0.091,0,RED,6,8
nordic_walk,stairs_down,0.091,0,RED,6,8
nordic_walk,stairs_down,0.091,0,RED,6,8
nordic_walk,nordic_walk,0.091,1,RED,6,6
nordic_walk,stairs_up,0.091,0,RED,6,7
nordic_walk,stairs_down,0.091,0,RED,6,8
nordic_walk,stairs_down,0.091,0,RED,6,8
nordic_walk,stairs_up,0.091,0,RED,6,7
nordic_walk,stairs_down,0.091,0,RED,6,8
nordic_walk,stairs_down,0.092,0,RED,6,8
nordic_walk,nordic_walk,0.091,1,RED,6,6
nordic_walk,stairs_down,0.091,0,RED,6,8
nordic_walk,stairs_down,0.091,0,RED,6,8
nordic_walk,stairs_down,0.091,0,RED,6,8
nordic_walk,stairs_down,0.091,0,RED,6,8
nordic_walk,stairs_down,0.091,0,RED,6,8
nordic_walk,stairs_down,0.091,0,RED,6,8
nordic_walk,nordic_walk,0.091,1,RED,6,6
nordic_walk,stairs_down,0.092,0,RED,6,8
nordic_walk,nordic_walk,0.092,1,RED,6,6
nordic_walk,stairs_down,0.091,0,RED,6,8
nordic_walk,stairs_down,0.091,0,RED,6,8
nordic_walk,stairs_down,0.092,0,RED,6,8
nordic_walk,nordic_walk,0.091,1,RED,6,6
nordic_walk,cycling,0.091,0,RED,6,5
nordic_walk,stairs_down,0.091,0,RED,6,8
nordic_walk,nordic_walk,0.091,1,RED,6,6
nordic_walk,vacuuming,0.091,0,RED,6,9
nordic_walk,stairs_down,0.091,0,RED,6,8
nordic_walk,stairs_down,0.091,0,RED,6,8
nordic_walk,stairs_down,0.092,0,RED,6,8
nordic_walk,stairs_down,0.091,0,RED,6,8
nordic_walk,nordic_walk,0.091,1,RED,6,6
nordic_walk,nordic_walk,0.091,1,RED,6,6
nordic_walk,stairs_down,0.092,0,RED,6,8
nordic_walk,stairs_down,0.091,0,RED,6,8
nordic_walk,stairs_down,0.091,0,RED,6,8
nordic_walk,stairs_down,0.091,0,RED,6,8
nordic_walk,stairs_up,0.091,0,RED,6,7
nordic_walk,stairs_down,0.092,0,RED,6,8
nordic_walk,stairs_down,0.091,0,RED,6,8
nordic_walk,stairs_down,0.091,0,RED,6,8
nordic_walk,stairs_down,0.091,0,RED,6,8
nordic_walk,stairs_down,0.091,0,RED,6,8
nordic_walk,nordic_walk,0.091,1,RED,6,6
nordic_walk,stairs_down,0.091,0,RED,6,8
nordic_walk,stairs_down,0.091,0,RED,6,8
nordic_walk,stairs_down,0.091,0,RED,6,8
nordic_walk,stairs_down,0.091,0,RED,6,8
nordic_walk,stairs_down,0.091,0,RED,6,8
nordic_walk,stairs_down,0.091,0,RED,6,8
nordic_walk,stairs_down,0.091,0,RED,6,8
nordic_walk,stairs_down,0.091,0,RED,6,8
nordic_walk,nordic_walk,0.091,1,RED,6,6
nordic_walk,stairs_down,0.091,0,RED,6,8
nordic_walk,stairs_up,0.091,0,RED,6,7
nordic_walk,stairs_down,0.091,0,RED,6,8
nordic_walk,stairs_up,0.091,0,RED,6,7
nordic_walk,nordic_walk,0.092,1,RED,6,6
nordic_walk,stairs_down,0.091,0,RED,6,8
nordic_walk,stairs_down,0.092,0,RED,6,8
nordic_walk,stairs_down,0.091,0,RED,6,8
nordic_walk,nordic_walk,0.091,1,RED,6,6
nordic_walk,stairs_down,0.091,0,RED,6,8
nordic_walk,vacuuming,0.091,0,RED,6,9
nordic_walk,stairs_down,0.092,0,RED,6,8
nordic_walk,stairs_down,0.091,0,RED,6,8
nordic_walk,nordic_walk,0.092,1,RED,6,6
nordic_walk,stairs_down,0.091,0,RED,6,8
nordic_walk,stairs_down,0.091,0,RED,6,8
nordic_walk,stairs_down,0.091,0,RED,6,8
nordic_walk,stairs_down,0.091,0,RED,6,8
nordic_walk,stairs_down,0.091,0,RED,6,8
nordic_walk,stairs_down,0.091,0,RED,6,8
nordic_walk,stairs_down,0.091,0,RED,6,8
nordic_walk,stairs_down,0.092,0,RED,6,8
nordic_walk,ironing,0.091,0,RED,6,10
nordic_walk,stairs_down,0.091,0,RED,6,8
nordic_walk,stairs_down,0.091,0,RED,6,8
nordic_walk,stairs_down,0.091,0,RED,6,8
nordic_walk,nordic_walk,0.091,1,RED,6,6
nordic_walk,stairs_down,0.091,0,RED,6,8
nordic_walk,stairs_down,0.091,0,RED,6,8
nordic_walk,stairs_down,0.091,0,RED,6,8
nordic_walk,stairs_down,0.091,0,RED,6,8
nordic_walk,stairs_down,0.091,0,RED,6,8
nordic_walk,stairs_down,0.091,0,RED,6,8
nordic_walk,stairs_down,0.092,0,RED,6,8
nordic_walk,stairs_down,0.091,0,RED,6,8
nordic_walk,stairs_down,0.092,0,RED,6,8
nordic_walk,stairs_down,0.091,0,RED,6,8
nordic_walk,stairs_down,0.091,0,RED,6,8
nordic_walk,cycling,0.091,0,RED,6,5
nordic_walk,stairs_down,0.091,0,RED,6,8
nordic_walk,nordic_walk,0.091,1,RED,6,6
nordic_walk,stairs_down,0.092,0,RED,6,8
nordic_walk,stairs_down,0.091,0,RED,6,8
nordic_walk,stairs_down,0.091,0,RED,6,8
nordic_walk,stairs_down,0.091,0,RED,6,8
nordic_walk,stairs_down,0.091,0,RED,6,8
nordic_walk,stairs_down,0.091,0,RED,6,8
nordic_walk,nordic_walk,0.091,1,RED,6,6
nordic_walk,stairs_down,0.091,0,RED,6,8
nordic_walk,stairs_down,0.091,0,RED,6,8
nordic_walk,stairs_down,0.091,0,RED,6,8
nordic_walk,stairs_down,0.091,0,RED,6,8
nordic_walk,stairs_down,0.091,0,RED,6,8
nordic_walk,stairs_up,0.091,0,RED,6,7
nordic_walk,stairs_down,0.091,0,RED,6,8
nordic_walk,cycling,0.091,0,RED,6,5
nordic_walk,stairs_down,0.091,0,RED,6,8
nordic_walk,stairs_down,0.091,0,RED,6,8
nordic_walk,stairs_down,0.091,0,RED,6,8
nordic_walk,ironing,0.091,0,RED,6,10
nordic_walk,stairs_down,0.091,0,RED,6,8
nordic_walk,stairs_down,0.091,0,RED,6,8
nordic_walk,standing,0.091,0,RED,6,2
nordic_walk,nordic_walk,0.092,1,RED,6,6
nordic_walk,nordic_walk,0.092,1,RED,6,6
nordic_walk,stairs_down,0.091,0,RED,6,8
nordic_walk,stairs_down,0.091,0,RED,6,8
nordic_walk,stairs_down,0.091,0,RED,6,8
nordic_walk,stairs_down,0.091,0,RED,6,8
nordic_walk,stairs_down,0.091,0,RED,6,8
nordic_walk,stairs_down,0.091,0,RED,6,8
nordic_walk,nordic_walk,0.091,1,RED,6,6
nordic_walk,nordic_walk,0.091,1,RED,6,6
nordic_walk,stairs_down,0.091,0,RED,6,8
nordic_walk,stairs_down,0.091,0,RED,6,8
nordic_walk,cycling,0.091,0,RED,6,5
nordic_walk,stairs_down,0.091,0,RED,6,8
nordic_walk,stairs_down,0.091,0,RED,6,8
nordic_walk,stairs_down,0.091,0,RED,6,8
nordic_walk,stairs_down,0.091,0,RED,6,8
stairs_up,stairs_down,0.091,0,RED,7,8
stairs_up,stairs_down,0.091,0,RED,7,8
stairs_up,stairs_down,0.091,0,RED,7,8
stairs_up,stairs_down,0.091,0,RED,7,8
stairs_up,stairs_down,0.091,0,RED,7,8
stairs_up,stairs_up,0.091,1,RED,7,7
stairs_up,stairs_down,0.091,0,RED,7,8
stairs_up,cycling,0.091,0,RED,7,5
stairs_up,stairs_down,0.091,0,RED,7,8
stairs_up,cycling,0.091,0,RED,7,5
stairs_up,stairs_down,0.091,0,RED,7,8
stairs_up,stairs_down,0.091,0,RED,7,8
stairs_up,stairs_down,0.091,0,RED,7,8
stairs_up,cycling,0.091,0,RED,7,5
stairs_up,stairs_down,0.091,0,RED,7,8
stairs_up,walking,0.091,0,RED,7,3
stairs_up,vacuuming,0.091,0,RED,7,9
stairs_up,stairs_down,0.091,0,RED,7,8
stairs_up,sitting,0.091,0,RED,7,1
stairs_up,stairs_down,0.091,0,RED,7,8
stairs_up,sitting,0.091,0,RED,7,1
stairs_up,stairs_down,0.091,0,RED,7,8
stairs_up,sitting,0.091,0,RED,7,1
stairs_up,stairs_up,0.091,1,RED,7,7
stairs_up,stairs_down,0.091,0,RED,7,8
stairs_up,standing,0.09,0,RED,7,2
stairs_up,walking,0.091,0,RED,7,3
stairs_up,stairs_down,0.091,0,RED,7,8
stairs_up,stairs_down,0.091,0,RED,7,8
stairs_up,sitting,0.091,0,RED,7,1
stairs_up,stairs_up,0.091,1,RED,7,7
stairs_up,stairs_down,0.091,0,RED,7,8
stairs_up,stairs_down,0.091,0,RED,7,8
stairs_up,sitting,0.091,0,RED,7,1
stairs_up,stairs_up,0.091,1,RED,7,7
stairs_up,stairs_down,0.091,0,RED,7,8
stairs_up,cycling,0.091,0,RED,7,5
stairs_up,cycling,0.091,0,RED,7,5
stairs_up,vacuuming,0.091,0,RED,7,9
stairs_up,stairs_down,0.091,0,RED,7,8
stairs_up,nordic_walk,0.091,0,RED,7,6
stairs_up,stairs_down,0.091,0,RED,7,8
stairs_up,stairs_up,0.091,1,RED,7,7
stairs_up,cycling,0.09,0,RED,7,5
stairs_up,sitting,0.091,0,RED,7,1
stairs_up,stairs_down,0.091,0,RED,7,8
stairs_up,cycling,0.091,0,RED,7,5
stairs_up,stairs_down,0.091,0,RED,7,8
stairs_up,stairs_down,0.091,0,RED,7,8
stairs_up,sitting,0.091,0,RED,7,1
stairs_up,stairs_down,0.091,0,RED,7,8
stairs_up,vacuuming,0.091,0,RED,7,9
stairs_up,stairs_down,0.091,0,RED,7,8
stairs_up,vacuuming,0.091,0,RED,7,9
stairs_up,cycling,0.091,0,RED,7,5
stairs_up,stairs_up,0.092,1,RED,7,7
stairs_up,stairs_down,0.091,0,RED,7,8
stairs_up,stairs_down,0.091,0,RED,7,8
stairs_up,stairs_down,0.091,0,RED,7,8
stairs_up,cycling,0.091,0,RED,7,5
stairs_up,stairs_down,0.091,0,RED,7,8
stairs_up,stairs_down,0.091,0,RED,7,8
stairs_up,stairs_down,0.091,0,RED,7,8
stairs_up,stairs_down,0.091,0,RED,7,8
stairs_up,stairs_down,0.091,0,RED,7,8
stairs_up,stairs_down,0.091,0,RED,7,8
stairs_up,stairs_down,0.091,0,RED,7,8
stairs_up,stairs_down,0.091,0,RED,7,8
stairs_up,stairs_down,0.091,0,RED,7,8
stairs_up,sitting,0.091,0,RED,7,1
stairs_up,stairs_down,0.091,0,RED,7,8
stairs_up,stairs_down,0.091,0,RED,7,8
stairs_up,cycling,0.091,0,RED,7,5
stairs_up,sitting,0.091,0,RED,7,1
stairs_up,stairs_down,0.091,0,RED,7,8
stairs_up,stairs_down,0.091,0,RED,7,8
stairs_up,stairs_down,0.091,0,RED,7,8
stairs_up,cycling,0.091,0,RED,7,5
stairs_up,stairs_down,0.091,0,RED,7,8
stairs_up,stairs_up,0.091,1,RED,7,7
stairs_up,cycling,0.091,0,RED,7,5
stairs_up,cycling,0.091,0,RED,7,5
stairs_up,ironing,0.091,0,RED,7,10
stairs_up,stairs_down,0.091,0,RED,7,8
stairs_up,stairs_down,0.091,0,RED,7,8
stairs_up,stairs_down,0.091,0,RED,7,8
stairs_up,stairs_down,0.091,0,RED,7,8
stairs_up,stairs_down,0.091,0,RED,7,8
stairs_up,stairs_up,0.091,1,RED,7,7
stairs_up,sitting,0.091,0,RED,7,1
stairs_up,cycling,0.091,0,RED,7,5
stairs_up,stairs_up,0.091,1,RED,7,7
stairs_up,cycling,0.091,0,RED,7,5
stairs_up,stairs_down,0.091,0,RED,7,8
stairs_up,sitting,0.091,0,RED,7,1
stairs_up,stairs_down,0.091,0,RED,7,8
stairs_up,cycling,0.091,0,RED,7,5
stairs_up,stairs_down,0.091,0,RED,7,8
stairs_up,cycling,0.09,0,RED,7,5
stairs_up,ironing,0.091,0,RED,7,10
stairs_up,stairs_down,0.091,0,RED,7,8
stairs_up,cycling,0.091,0,RED,7,5
stairs_up,stairs_down,0.091,0,RED,7,8
stairs_up,stairs_down,0.091,0,RED,7,8
stairs_up,stairs_down,0.091,0,RED,7,8
stairs_up,stairs_down,0.091,0,RED,7,8
stairs_up,standing,0.091,0,RED,7,2
stairs_up,vacuuming,0.091,0,RED,7,9
stairs_up,stairs_down,0.091,0,RED,7,8
stairs_up,stairs_down,0.091,0,RED,7,8
stairs_up,ironing,0.091,0,RED,7,10
stairs_up,stairs_down,0.091,0,RED,7,8
stairs_up,cycling,0.09,0,RED,7,5
stairs_up,stairs_down,0.091,0,RED,7,8
stairs_up,cycling,0.091,0,RED,7,5
stairs_up,stairs_down,0.091,0,RED,7,8
stairs_up,stairs_down,0.091,0,RED,7,8
stairs_up,stairs_down,0.091,0,RED,7,8
stairs_up,stairs_down,0.09,0,RED,7,8
stairs_up,stairs_down,0.091,0,RED,7,8
stairs_up,cycling,0.091,0,RED,7,5
stairs_up,sitting,0.091,0,RED,7,1
stairs_up,stairs_down,0.091,0,RED,7,8
stairs_up,stairs_down,0.091,0,RED,7,8
stairs_up,cycling,0.091,0,RED,7,5
stairs_up,ironing,0.091,0,RED,7,10
stairs_up,stairs_down,0.091,0,RED,7,8
stairs_up,stairs_down,0.091,0,RED,7,8
stairs_up,stairs_down,0.091,0,RED,7,8
stairs_up,cycling,0.091,0,RED,7,5
stairs_up,stairs_down,0.091,0,RED,7,8
stairs_up,stairs_down,0.091,0,RED,7,8
stairs_up,stairs_down,0.091,0,RED,7,8
stairs_up,stairs_down,0.091,0,RED,7,8
stairs_up,cycling,0.091,0,RED,7,5
stairs_up,stairs_down,0.091,0,RED,7,8
stairs_up,stairs_down,0.091,0,RED,7,8
stairs_up,stairs_down,0.091,0,RED,7,8
stairs_up,stairs_down,0.091,0,RED,7,8
stairs_up,nordic_walk,0.091,0,RED,7,6
stairs_up,stairs_down,0.091,0,RED,7,8
stairs_up,stairs_down,0.091,0,RED,7,8
stairs_up,ironing,0.091,0,RED,7,10
stairs_up,stairs_down,0.091,0,RED,7,8
stairs_up,stairs_down,0.091,0,RED,7,8
stairs_up,vacuuming,0.091,0,RED,7,9
stairs_up,stairs_down,0.091,0,RED,7,8
stairs_up,cycling,0.091,0,RED,7,5
stairs_up,stairs_down,0.091,0,RED,7,8
stairs_up,walking,0.091,0,RED,7,3
stairs_up,cycling,0.091,0,RED,7,5
stairs_up,stairs_down,0.091,0,RED,7,8
stairs_up,stairs_down,0.091,0,RED,7,8
stairs_up,cycling,0.091,0,RED,7,5
stairs_up,stairs_up,0.091,1,RED,7,7
stairs_up,stairs_up,0.091,1,RED,7,7
stairs_up,vacuuming,0.091,0,RED,7,9
stairs_up,vacuuming,0.091,0,RED,7,9
stairs_up,stairs_down,0.091,0,RED,7,8
stairs_up,cycling,0.091,0,RED,7,5
stairs_up,stairs_down,0.091,0,RED,7,8
stairs_up,stairs_down,0.091,0,RED,7,8
stairs_up,stairs_down,0.091,0,RED,7,8
stairs_up,cycling,0.091,0,RED,7,5
stairs_up,stairs_down,0.091,0,RED,7,8
stairs_up,stairs_down,0.091,0,RED,7,8
stairs_up,cycling,0.091,0,RED,7,5
stairs_up,stairs_down,0.091,0,RED,7,8
stairs_up,sitting,0.091,0,RED,7,1
stairs_up,stairs_down,0.091,0,RED,7,8
stairs_up,cycling,0.09,0,RED,7,5
stairs_up,stairs_up,0.091,1,RED,7,7
stairs_up,stairs_down,0.091,0,RED,7,8
stairs_up,stairs_down,0.091,0,RED,7,8
stairs_up,stairs_down,0.091,0,RED,7,8
stairs_up,ironing,0.091,0,RED,7,10
stairs_up,stairs_down,0.091,0,RED,7,8
stairs_up,walking,0.091,0,RED,7,3
stairs_up,stairs_down,0.091,0,RED,7,8
stairs_up,stairs_down,0.091,0,RED,7,8
stairs_up,stairs_down,0.091,0,RED,7,8
stairs_up,stairs_down,0.091,0,RED,7,8
stairs_up,stairs_down,0.091,0,RED,7,8
stairs_up,stairs_down,0.09,0,RED,7,8
stairs_up,cycling,0.091,0,RED,7,5
stairs_up,stairs_down,0.091,0,RED,7,8
stairs_up,stairs_down,0.091,0,RED,7,8
stairs_up,stairs_down,0.091,0,RED,7,8
stairs_up,stairs_down,0.091,0,RED,7,8
stairs_up,stairs_down,0.091,0,RED,7,8
stairs_up,walking,0.091,0,RED,7,3
stairs_up,stairs_down,0.091,0,RED,7,8
stairs_up,stairs_down,0.091,0,RED,7,8
stairs_up,sitting,0.091,0,RED,7,1
stairs_up,vacuuming,0.091,0,RED,7,9
stairs_up,cycling,0.091,0,RED,7,5
stairs_up,cycling,0.091,0,RED,7,5
stairs_up,walking,0.091,0,RED,7,3
stairs_up,stairs_up,0.091,1,RED,7,7
stairs_up,stairs_down,0.091,0,RED,7,8
stairs_up,cycling,0.091,0,RED,7,5
stairs_up,stairs_down,0.091,0,RED,7,8
stairs_up,nordic_walk,0.091,0,RED,7,6
stairs_up,stairs_down,0.091,0,RED,7,8
stairs_up,vacuuming,0.091,0,RED,7,9
stairs_up,stairs_down,0.091,0,RED,7,8
stairs_up,nordic_walk,0.091,0,RED,7,6
stairs_up,stairs_down,0.091,0,RED,7,8
stairs_up,stairs_down,0.091,0,RED,7,8
stairs_up,stairs_up,0.092,1,RED,7,7
stairs_up,stairs_down,0.091,0,RED,7,8
stairs_up,stairs_down,0.091,0,RED,7,8
stairs_up,cycling,0.091,0,RED,7,5
stairs_up,stairs_down,0.091,0,RED,7,8
stairs_up,vacuuming,0.091,0,RED,7,9
stairs_up,stairs_down,0.091,0,RED,7,8
stairs_up,stairs_up,0.091,1,RED,7,7
stairs_up,standing,0.091,0,RED,7,2
stairs_up,nordic_walk,0.091,0,RED,7,6
stairs_up,stairs_down,0.091,0,RED,7,8
stairs_up,stairs_down,0.091,0,RED,7,8
stairs_up,cycling,0.091,0,RED,7,5
stairs_up,stairs_down,0.091,0,RED,7,8
stairs_up,stairs_up,0.091,1,RED,7,7
stairs_up,stairs_down,0.091,0,RED,7,8
stairs_up,nordic_walk,0.091,0,RED,7,6
stairs_up,stairs_down,0.091,0,RED,7,8
stairs_up,cycling,0.091,0,RED,7,5
stairs_up,stairs_down,0.091,0,RED,7,8
stairs_up,stairs_down,0.091,0,RED,7,8
stairs_up,cycling,0.091,0,RED,7,5
stairs_up,stairs_up,0.092,1,RED,7,7
stairs_up,sitting,0.091,0,RED,7,1
stairs_up,lying,0.091,0,RED,7,0
stairs_up,stairs_down,0.091,0,RED,7,8
stairs_up,stairs_down,0.091,0,RED,7,8
stairs_up,cycling,0.091,0,RED,7,5
stairs_up,walking,0.091,0,RED,7,3
stairs_up,vacuuming,0.091,0,RED,7,9
stairs_up,cycling,0.091,0,RED,7,5
stairs_up,stairs_down,0.091,0,RED,7,8
stairs_up,cycling,0.091,0,RED,7,5
stairs_up,stairs_down,0.091,0,RED,7,8
stairs_up,stairs_down,0.091,0,RED,7,8
stairs_up,vacuuming,0.091,0,RED,7,9
stairs_up,stairs_down,0.091,0,RED,7,8
stairs_up,stairs_down,0.091,0,RED,7,8
stairs_up,cycling,0.091,0,RED,7,5
stairs_up,cycling,0.091,0,RED,7,5
stairs_up,stairs_down,0.091,0,RED,7,8
stairs_up,standing,0.091,0,RED,7,2
stairs_up,stairs_down,0.091,0,RED,7,8
stairs_up,stairs_down,0.091,0,RED,7,8
stairs_up,stairs_down,0.091,0,RED,7,8
stairs_up,stairs_down,0.091,0,RED,7,8
stairs_up,stairs_down,0.091,0,RED,7,8
stairs_up,cycling,0.091,0,RED,7,5
stairs_up,stairs_down,0.091,0,RED,7,8
stairs_up,cycling,0.091,0,RED,7,5
stairs_up,sitting,0.091,0,RED,7,1
stairs_up,cycling,0.091,0,RED,7,5
stairs_up,stairs_up,0.091,1,RED,7,7
stairs_up,stairs_down,0.091,0,RED,7,8
stairs_up,stairs_down,0.091,0,RED,7,8
stairs_down,nordic_walk,0.091,0,RED,8,6
stairs_down,stairs_down,0.092,1,RED,8,8
stairs_down,stairs_down,0.093,1,RED,8,8
stairs_down,stairs_down,0.092,1,RED,8,8
stairs_down,lying,0.091,0,RED,8,0
stairs_down,sitting,0.091,0,RED,8,1
stairs_down,stairs_down,0.092,1,RED,8,8
stairs_down,stairs_down,0.092,1,RED,8,8
stairs_down,stairs_down,0.092,1,RED,8,8
stairs_down,stairs_down,0.091,1,RED,8,8
stairs_down,stairs_up,0.091,0,RED,8,7
stairs_down,stairs_down,0.092,1,RED,8,8
stairs_down,stairs_down,0.092,1,RED,8,8
stairs_down,sitting,0.091,0,RED,8,1
stairs_down,stairs_down,0.091,1,RED,8,8
stairs_down,stairs_down,0.091,1,RED,8,8
stairs_down,nordic_walk,0.091,0,RED,8,6
stairs_down,vacuuming,0.091,0,RED,8,9
stairs_down,stairs_up,0.091,0,RED,8,7
stairs_down,vacuuming,0.091,0,RED,8,9
stairs_down,stairs_down,0.092,1,RED,8,8
stairs_down,stairs_down,0.091,1,RED,8,8
stairs_down,cycling,0.09,0,RED,8,5
stairs_down,stairs_down,0.091,1,RED,8,8
stairs_down,stairs_down,0.091,1,RED,8,8
stairs_down,stairs_down,0.092,1,RED,8,8
stairs_down,stairs_down,0.092,1,RED,8,8
stairs_down,stairs_down,0.092,1,RED,8,8
stairs_down,stairs_down,0.091,1,RED,8,8
stairs_down,vacuuming,0.091,0,RED,8,9
stairs_down,stairs_down,0.092,1,RED,8,8
stairs_down,nordic_walk,0.091,0,RED,8,6
stairs_down,stairs_down,0.091,1,RED,8,8
stairs_down,stairs_down,0.091,1,RED,8,8
stairs_down,stairs_down,0.091,1,RED,8,8
stairs_down,stairs_down,0.091,1,RED,8,8
stairs_down,nordic_walk,0.091,0,RED,8,6
stairs_down,stairs_down,0.091,1,RED,8,8
stairs_down,stairs_down,0.091,1,RED,8,8
stairs_down,stairs_down,0.092,1,RED,8,8
stairs_down,stairs_down,0.092,1,RED,8,8
stairs_down,stairs_down,0.092,1,RED,8,8
stairs_down,stairs_down,0.091,1,RED,8,8
stairs_down,stairs_down,0.092,1,RED,8,8
stairs_down,stairs_down,0.092,1,RED,8,8
stairs_down,stairs_down,0.092,1,RED,8,8
stairs_down,stairs_down,0.091,1,RED,8,8
stairs_down,stairs_down,0.091,1,RED,8,8
stairs_down,stairs_down,0.091,1,RED,8,8
stairs_down,stairs_down,0.092,1,RED,8,8
stairs_down,nordic_walk,0.091,0,RED,8,6
stairs_down,stairs_down,0.091,1,RED,8,8
stairs_down,stairs_down,0.091,1,RED,8,8
stairs_down,stairs_down,0.091,1,RED,8,8
stairs_down,stairs_down,0.092,1,RED,8,8
stairs_down,stairs_down,0.092,1,RED,8,8
stairs_down,stairs_down,0.092,1,RED,8,8
stairs_down,standing,0.091,0,RED,8,2
stairs_down,walking,0.091,0,RED,8,3
stairs_down,stairs_down,0.092,1,RED,8,8
stairs_down,stairs_down,0.091,1,RED,8,8
stairs_down,sitting,0.091,0,RED,8,1
stairs_down,lying,0.09,0,RED,8,0
stairs_down,stairs_down,0.092,1,RED,8,8
stairs_down,stairs_down,0.092,1,RED,8,8
stairs_down,stairs_down,0.091,1,RED,8,8
stairs_down,stairs_down,0.092,1,RED,8,8
stairs_down,walking,0.091,0,RED,8,3
stairs_down,stairs_down,0.092,1,RED,8,8
stairs_down,walking,0.091,0,RED,8,3
stairs_down,stairs_down,0.092,1,RED,8,8
stairs_down,vacuuming,0.091,0,RED,8,9
stairs_down,stairs_down,0.091,1,RED,8,8
stairs_down,stairs_up,0.091,0,RED,8,7
stairs_down,stairs_down,0.091,1,RED,8,8
stairs_down,stairs_down,0.091,1,RED,8,8
stairs_down,nordic_walk,0.091,0,RED,8,6
stairs_down,stairs_down,0.092,1,RED,8,8
stairs_down,stairs_down,0.092,1,RED,8,8
stairs_down,stairs_down,0.092,1,RED,8,8
stairs_down,stairs_down,0.092,1,RED,8,8
stairs_down,vacuuming,0.091,0,RED,8,9
stairs_down,stairs_down,0.092,1,RED,8,8
stairs_down,stairs_down,0.091,1,RED,8,8
stairs_down,stairs_up,0.09,0,RED,8,7
stairs_down,standing,0.09,0,RED,8,2
stairs_down,stairs_down,0.092,1,RED,8,8
stairs_down,stairs_down,0.091,1,RED,8,8
stairs_down,stairs_down,0.091,1,RED,8,8
stairs_down,sitting,0.091,0,RED,8,1
stairs_down,vacuuming,0.091,0,RED,8,9
stairs_down,stairs_up,0.091,0,RED,8,7
stairs_down,stairs_down,0.092,1,RED,8,8
stairs_down,stairs_down,0.091,1,RED,8,8
stairs_down,stairs_up,0.091,0,RED,8,7
stairs_down,stairs_down,0.092,1,RED,8,8
stairs_down,stairs_down,0.092,1,RED,8,8
stairs_down,stairs_up,0.091,0,RED,8,7
stairs_down,stairs_down,0.092,1,RED,8,8
stairs_down,sitting,0.091,0,RED,8,1
stairs_down,stairs_down,0.092,1,RED,8,8
stairs_down,standing,0.091,0,RED,8,2
stairs_down,stairs_down,0.091,1,RED,8,8
stairs_down,nordic_walk,0.092,0,RED,8,6
stairs_down,stairs_down,0.091,1,RED,8,8
stairs_down,stairs_down,0.092,1,RED,8,8
stairs_down,stairs_down,0.092,1,RED,8,8
stairs_down,standing,0.091,0,RED,8,2
stairs_down,nordic_walk,0.091,0,RED,8,6
stairs_down,stairs_down,0.091,1,RED,8,8
stairs_down,nordic_walk,0.091,0,RED,8,6
stairs_down,stairs_down,0.091,1,RED,8,8
stairs_down,stairs_down,0.091,1,RED,8,8
stairs_down,standing,0.091,0,RED,8,2
stairs_down,stairs_up,0.091,0,RED,8,7
stairs_down,standing,0.091,0,RED,8,2
stairs_down,stairs_up,0.091,0,RED,8,7
stairs_down,walking,0.091,0,RED,8,3
stairs_down,stairs_down,0.092,1,RED,8,8
stairs_down,stairs_down,0.093,1,RED,8,8
stairs_down,stairs_down,0.091,1,RED,8,8
stairs_down,stairs_down,0.092,1,RED,8,8
stairs_down,stairs_down,0.092,1,RED,8,8
stairs_down,stairs_down,0.091,1,RED,8,8
stairs_down,stairs_up,0.091,0,RED,8,7
stairs_down,stairs_down,0.091,1,RED,8,8
stairs_down,nordic_walk,0.091,0,RED,8,6
stairs_down,nordic_walk,0.091,0,RED,8,6
stairs_down,stairs_up,0.091,0,RED,8,7
stairs_down,walking,0.091,0,RED,8,3
stairs_down,stairs_down,0.091,1,RED,8,8
stairs_down,stairs_down,0.091,1,RED,8,8
stairs_down,stairs_up,0.091,0,RED,8,7
stairs_down,stairs_down,0.091,1,RED,8,8
stairs_down,standing,0.091,0,RED,8,2
stairs_down,nordic_walk,0.091,0,RED,8,6
stairs_down,stairs_down,0.092,1,RED,8,8
stairs_down,stairs_down,0.092,1,RED,8,8
stairs_down,stairs_down,0.092,1,RED,8,8
stairs_down,stairs_down,0.091,1,RED,8,8
stairs_down,stairs_down,0.092,1,RED,8,8
stairs_down,stairs_down,0.091,1,RED,8,8
stairs_down,stairs_down,0.091,1,RED,8,8
stairs_down,stairs_up,0.091,0,RED,8,7
stairs_down,ironing,0.091,0,RED,8,10
stairs_down,stairs_down,0.091,1,RED,8,8
stairs_down,stairs_down,0.092,1,RED,8,8
stairs_down,stairs_down,0.091,1,RED,8,8
stairs_down,standing,0.091,0,RED,8,2
stairs_down,stairs_down,0.091,1,RED,8,8
stairs_down,cycling,0.091,0,RED,8,5
stairs_down,stairs_down,0.092,1,RED,8,8
stairs_down,stairs_down,0.092,1,RED,8,8
stairs_down,stairs_down,0.091,1,RED,8,8
stairs_down,stairs_up,0.091,0,RED,8,7
stairs_down,stairs_down,0.092,1,RED,8,8
stairs_down,walking,0.091,0,RED,8,3
stairs_down,walking,0.091,0,RED,8,3
stairs_down,stairs_down,0.091,1,RED,8,8
stairs_down,stairs_down,0.091,1,RED,8,8
stairs_down,stairs_down,0.091,1,RED,8,8
stairs_down,cycling,0.091,0,RED,8,5
stairs_down,stairs_up,0.091,0,RED,8,7
stairs_down,stairs_down,0.091,1,RED,8,8
stairs_down,stairs_down,0.092,1,RED,8,8
stairs_down,stairs_down,0.091,1,RED,8,8
stairs_down,stairs_down,0.091,1,RED,8,8
stairs_down,walking,0.091,0,RED,8,3
stairs_down,stairs_down,0.091,1,RED,8,8
stairs_down,stairs_down,0.093,1,RED,8,8
stairs_down,stairs_down,0.092,1,RED,8,8
stairs_down,stairs_down,0.091,1,RED,8,8
stairs_down,vacuuming,0.091,0,RED,8,9
stairs_down,stairs_down,0.092,1,RED,8,8
stairs_down,stairs_down,0.091,1,RED,8,8
stairs_down,stairs_down,0.092,1,RED,8,8
stairs_down,sitting,0.091,0,RED,8,1
stairs_down,stairs_down,0.092,1,RED,8,8
stairs_down,standing,0.091,0,RED,8,2
stairs_down,stairs_down,0.092,1,RED,8,8
stairs_down,stairs_down,0.091,1,RED,8,8
stairs_down,vacuuming,0.091,0,RED,8,9
stairs_down,stairs_down,0.091,1,RED,8,8
stairs_down,stairs_down,0.092,1,RED,8,8
stairs_down,stairs_down,0.091,1,RED,8,8
stairs_down,stairs_down,0.091,1,RED,8,8
stairs_down,stairs_down,0.092,1,RED,8,8
stairs_down,stairs_down,0.092,1,RED,8,8
stairs_down,stairs_down,0.091,1,RED,8,8
stairs_down,stairs_down,0.091,1,RED,8,8
stairs_down,nordic_walk,0.091,0,RED,8,6
stairs_down,vacuuming,0.091,0,RED,8,9
stairs_down,stairs_up,0.091,0,RED,8,7
stairs_down,stairs_down,0.092,1,RED,8,8
stairs_down,stairs_down,0.091,1,RED,8,8
stairs_down,stairs_down,0.091,1,RED,8,8
stairs_down,lying,0.091,0,RED,8,0
stairs_down,stairs_up,0.091,0,RED,8,7
stairs_down,stairs_down,0.092,1,RED,8,8
stairs_down,stairs_down,0.092,1,RED,8,8
stairs_down,stairs_down,0.092,1,RED,8,8
stairs_down,stairs_down,0.091,1,RED,8,8
stairs_down,stairs_down,0.091,1,RED,8,8
stairs_down,stairs_down,0.092,1,RED,8,8
stairs_down,stairs_down,0.091,1,RED,8,8
stairs_down,stairs_down,0.091,1,RED,8,8
stairs_down,stairs_down,0.092,1,RED,8,8
stairs_down,stairs_down,0.091,1,RED,8,8
stairs_down,stairs_down,0.091,1,RED,8,8
stairs_down,nordic_walk,0.091,0,RED,8,6
stairs_down,stairs_down,0.091,1,RED,8,8
stairs_down,stairs_down,0.092,1,RED,8,8
stairs_down,lying,0.091,0,RED,8,0
stairs_down,stairs_down,0.091,1,RED,8,8
stairs_down,stairs_down,0.091,1,RED,8,8
stairs_down,stairs_down,0.092,1,RED,8,8
stairs_down,walking,0.091,0,RED,8,3
stairs_down,stairs_down,0.092,1,RED,8,8
stairs_down,stairs_down,0.091,1,RED,8,8
stairs_down,stairs_down,0.092,1,RED,8,8
stairs_down,stairs_down,0.091,1,RED,8,8
stairs_down,stairs_up,0.091,0,RED,8,7
stairs_down,nordic_walk,0.091,0,RED,8,6
vacuuming,stairs_down,0.09,0,RED,9,8
vacuuming,stairs_down,0.091,0,RED,9,8
vacuuming,stairs_down,0.091,0,RED,9,8
vacuuming,stairs_down,0.09,0,RED,9,8
vacuuming,stairs_down,0.09,0,RED,9,8
vacuuming,stairs_down,0.09,0,RED,9,8
vacuuming,stairs_down,0.09,0,RED,9,8
vacuuming,stairs_down,0.09,0,RED,9,8
vacuuming,stairs_down,0.09,0,RED,9,8
vacuuming,stairs_down,0.091,0,RED,9,8
vacuuming,stairs_down,0.09,0,RED,9,8
vacuuming,stairs_down,0.091,0,RED,9,8
vacuuming,stairs_down,0.09,0,RED,9,8
vacuuming,stairs_down,0.091,0,RED,9,8
vacuuming,stairs_down,0.091,0,RED,9,8
vacuuming,stairs_down,0.09,0,RED,9,8
vacuuming,stairs_down,0.091,0,RED,9,8
vacuuming,stairs_down,0.09,0,RED,9,8
vacuuming,stairs_down,0.091,0,RED,9,8
vacuuming,stairs_down,0.09,0,RED,9,8
vacuuming,sitting,0.091,0,RED,9,1
vacuuming,sitting,0.091,0,RED,9,1
vacuuming,stairs_down,0.091,0,RED,9,8
vacuuming,stairs_down,0.091,0,RED,9,8
vacuuming,stairs_down,0.091,0,RED,9,8
vacuuming,stairs_down,0.091,0,RED,9,8
vacuuming,stairs_down,0.091,0,RED,9,8
vacuuming,stairs_down,0.091,0,RED,9,8
vacuuming,stairs_down,0.09,0,RED,9,8
vacuuming,stairs_down,0.091,0,RED,9,8
vacuuming,stairs_down,0.091,0,RED,9,8
vacuuming,sitting,0.091,0,RED,9,1
vacuuming,stairs_down,0.091,0,RED,9,8
vacuuming,stairs_down,0.091,0,RED,9,8
vacuuming,sitting,0.091,0,RED,9,1
vacuuming,stairs_down,0.09,0,RED,9,8
vacuuming,stairs_down,0.091,0,RED,9,8
vacuuming,stairs_down,0.091,0,RED,9,8
vacuuming,stairs_down,0.091,0,RED,9,8
vacuuming,stairs_down,0.09,0,RED,9,8
vacuuming,stairs_down,0.091,0,RED,9,8
vacuuming,stairs_down,0.091,0,RED,9,8
vacuuming,stairs_down,0.091,0,RED,9,8
vacuuming,stairs_down,0.091,0,RED,9,8
vacuuming,stairs_down,0.091,0,RED,9,8
vacuuming,stairs_down,0.091,0,RED,9,8
vacuuming,stairs_down,0.09,0,RED,9,8
vacuuming,nordic_walk,0.091,0,RED,9,6
vacuuming,stairs_down,0.091,0,RED,9,8
vacuuming,stairs_down,0.091,0,RED,9,8
vacuuming,stairs_down,0.091,0,RED,9,8
vacuuming,stairs_down,0.091,0,RED,9,8
vacuuming,stairs_down,0.091,0,RED,9,8
vacuuming,stairs_down,0.091,0,RED,9,8
vacuuming,stairs_down,0.09,0,RED,9,8
vacuuming,stairs_down,0.091,0,RED,9,8
vacuuming,stairs_down,0.091,0,RED,9,8
vacuuming,stairs_up,0.091,0,RED,9,7
vacuuming,stairs_down,0.091,0,RED,9,8
vacuuming,stairs_down,0.09,0,RED,9,8
vacuuming,stairs_down,0.091,0,RED,9,8
vacuuming,stairs_down,0.091,0,RED,9,8
vacuuming,stairs_down,0.091,0,RED,9,8
vacuuming,stairs_down,0.09,0,RED,9,8
vacuuming,stairs_down,0.09,0,RED,9,8
vacuuming,stairs_down,0.091,0,RED,9,8
vacuuming,stairs_down,0.09,0,RED,9,8
vacuuming,stairs_down,0.09,0,RED,9,8
vacuuming,stairs_down,0.09,0,RED,9,8
vacuuming,stairs_down,0.091,0,RED,9,8
vacuuming,stairs_down,0.091,0,RED,9,8
vacuuming,stairs_down,0.091,0,RED,9,8
vacuuming,stairs_down,0.09,0,RED,9,8
vacuuming,stairs_down,0.091,0,RED,9,8
vacuuming,stairs_down,0.091,0,RED,9,8
vacuuming,stairs_down,0.09,0,RED,9,8
vacuuming,stairs_down,0.091,0,RED,9,8
vacuuming,sitting,0.091,0,RED,9,1
vacuuming,stairs_down,0.091,0,RED,9,8
vacuuming,stairs_down,0.09,0,RED,9,8
vacuuming,stairs_down,0.09,0,RED,9,8
vacuuming,stairs_down,0.091,0,RED,9,8
vacuuming,stairs_down,0.091,0,RED,9,8
vacuuming,stairs_down,0.091,0,RED,9,8
vacuuming,stairs_down,0.091,0,RED,9,8
vacuuming,stairs_down,0.091,0,RED,9,8
vacuuming,sitting,0.091,0,RED,9,1
vacuuming,stairs_down,0.09,0,RED,9,8
vacuuming,stairs_down,0.091,0,RED,9,8
vacuuming,stairs_down,0.091,0,RED,9,8
vacuuming,vacuuming,0.091,1,RED,9,9
vacuuming,nordic_walk,0.091,0,RED,9,6
vacuuming,stairs_down,0.091,0,RED,9,8
vacuuming,stairs_down,0.09,0,RED,9,8
vacuuming,stairs_up,0.091,0,RED,9,7
vacuuming,nordic_walk,0.09,0,RED,9,6
vacuuming,stairs_down,0.09,0,RED,9,8
vacuuming,stairs_down,0.091,0,RED,9,8
vacuuming,stairs_down,0.091,0,RED,9,8
vacuuming,stairs_down,0.091,0,RED,9,8
vacuuming,sitting,0.091,0,RED,9,1
vacuuming,standing,0.091,0,RED,9,2
vacuuming,stairs_down,0.091,0,RED,9,8
vacuuming,stairs_down,0.091,0,RED,9,8
vacuuming,stairs_down,0.09,0,RED,9,8
vacuuming,stairs_down,0.091,0,RED,9,8
vacuuming,stairs_down,0.091,0,RED,9,8
vacuuming,stairs_down,0.091,0,RED,9,8
vacuuming,stairs_down,0.091,0,RED,9,8
vacuuming,stairs_down,0.091,0,RED,9,8
vacuuming,nordic_walk,0.091,0,RED,9,6
vacuuming,stairs_down,0.09,0,RED,9,8
vacuuming,stairs_down,0.091,0,RED,9,8
vacuuming,stairs_down,0.091,0,RED,9,8
vacuuming,stairs_down,0.09,0,RED,9,8
vacuuming,stairs_down,0.09,0,RED,9,8
vacuuming,stairs_down,0.091,0,RED,9,8
vacuuming,stairs_down,0.091,0,RED,9,8
vacuuming,stairs_down,0.091,0,RED,9,8
vacuuming,stairs_down,0.091,0,RED,9,8
vacuuming,sitting,0.091,0,RED,9,1
vacuuming,stairs_down,0.091,0,RED,9,8
vacuuming,stairs_down,0.091,0,RED,9,8
vacuuming,stairs_down,0.09,0,RED,9,8
vacuuming,sitting,0.091,0,RED,9,1
vacuuming,stairs_down,0.09,0,RED,9,8
vacuuming,stairs_down,0.091,0,RED,9,8
vacuuming,sitting,0.091,0,RED,9,1
vacuuming,stairs_down,0.09,0,RED,9,8
vacuuming,stairs_down,0.091,0,RED,9,8
vacuuming,stairs_down,0.091,0,RED,9,8
vacuuming,stairs_down,0.091,0,RED,9,8
vacuuming,stairs_down,0.091,0,RED,9,8
vacuuming,lying,0.091,0,RED,9,0
vacuuming,stairs_down,0.091,0,RED,9,8
vacuuming,stairs_down,0.09,0,RED,9,8
vacuuming,stairs_down,0.091,0,RED,9,8
vacuuming,stairs_down,0.091,0,RED,9,8
vacuuming,stairs_down,0.091,0,RED,9,8
vacuuming,stairs_down,0.09,0,RED,9,8
vacuuming,nordic_walk,0.09,0,RED,9,6
vacuuming,sitting,0.091,0,RED,9,1
vacuuming,stairs_down,0.091,0,RED,9,8
vacuuming,stairs_down,0.091,0,RED,9,8
vacuuming,stairs_down,0.091,0,RED,9,8
vacuuming,stairs_down,0.09,0,RED,9,8
vacuuming,stairs_down,0.09,0,RED,9,8
vacuuming,stairs_down,0.09,0,RED,9,8
vacuuming,stairs_down,0.091,0,RED,9,8
vacuuming,sitting,0.091,0,RED,9,1
vacuuming,stairs_down,0.09,0,RED,9,8
vacuuming,stairs_down,0.09,0,RED,9,8
vacuuming,sitting,0.091,0,RED,9,1
vacuuming,stairs_down,0.091,0,RED,9,8
vacuuming,stairs_down,0.091,0,RED,9,8
vacuuming,stairs_down,0.091,0,RED,9,8
vacuuming,stairs_down,0.09,0,RED,9,8
vacuuming,stairs_down,0.09,0,RED,9,8
vacuuming,stairs_down,0.091,0,RED,9,8
vacuuming,stairs_down,0.091,0,RED,9,8
vacuuming,stairs_down,0.091,0,RED,9,8
vacuuming,stairs_down,0.09,0,RED,9,8
vacuuming,stairs_down,0.09,0,RED,9,8
vacuuming,stairs_down,0.09,0,RED,9,8
vacuuming,stairs_down,0.09,0,RED,9,8
vacuuming,stairs_down,0.091,0,RED,9,8
vacuuming,stairs_down,0.091,0,RED,9,8
vacuuming,stairs_down,0.091,0,RED,9,8
vacuuming,stairs_down,0.09,0,RED,9,8
vacuuming,stairs_down,0.09,0,RED,9,8
vacuuming,stairs_down,0.091,0,RED,9,8
vacuuming,stairs_down,0.09,0,RED,9,8
vacuuming,stairs_down,0.091,0,RED,9,8
vacuuming,stairs_down,0.091,0,RED,9,8
vacuuming,stairs_down,0.09,0,RED,9,8
vacuuming,sitting,0.091,0,RED,9,1
vacuuming,stairs_down,0.091,0,RED,9,8
vacuuming,stairs_down,0.09,0,RED,9,8
vacuuming,stairs_down,0.09,0,RED,9,8
vacuuming,stairs_down,0.09,0,RED,9,8
vacuuming,stairs_down,0.091,0,RED,9,8
vacuuming,stairs_down,0.091,0,RED,9,8
vacuuming,nordic_walk,0.091,0,RED,9,6
vacuuming,stairs_down,0.09,0,RED,9,8
vacuuming,stairs_down,0.09,0,RED,9,8
vacuuming,stairs_down,0.09,0,RED,9,8
vacuuming,stairs_down,0.091,0,RED,9,8
vacuuming,stairs_down,0.091,0,RED,9,8
vacuuming,stairs_down,0.09,0,RED,9,8
vacuuming,stairs_down,0.09,0,RED,9,8
vacuuming,stairs_down,0.091,0,RED,9,8
vacuuming,stairs_down,0.09,0,RED,9,8
vacuuming,stairs_down,0.091,0,RED,9,8
vacuuming,stairs_down,0.091,0,RED,9,8
vacuuming,stairs_down,0.091,0,RED,9,8
vacuuming,cycling,0.091,0,RED,9,5
vacuuming,stairs_down,0.091,0,RED,9,8
vacuuming,stairs_down,0.091,0,RED,9,8
vacuuming,stairs_down,0.091,0,RED,9,8
vacuuming,stairs_down,0.091,0,RED,9,8
vacuuming,stairs_down,0.09,0,RED,9,8
vacuuming,stairs_down,0.091,0,RED,9,8
vacuuming,stairs_down,0.091,0,RED,9,8
vacuuming,walking,0.091,0,RED,9,3
vacuuming,stairs_down,0.09,0,RED,9,8
vacuuming,stairs_down,0.09,0,RED,9,8
vacuuming,stairs_down,0.091,0,RED,9,8
vacuuming,stairs_down,0.091,0,RED,9,8
vacuuming,stairs_down,0.091,0,RED,9,8
vacuuming,stairs_down,0.09,0,RED,9,8
vacuuming,nordic_walk,0.091,0,RED,9,6
vacuuming,stairs_down,0.091,0,RED,9,8
vacuuming,stairs_down,0.09,0,RED,9,8
vacuuming,stairs_down,0.091,0,RED,9,8
vacuuming,stairs_down,0.091,0,RED,9,8
vacuuming,stairs_down,0.09,0,RED,9,8
vacuuming,stairs_down,0.09,0,RED,9,8
vacuuming,stairs_down,0.09,0,RED,9,8
vacuuming,walking,0.091,0,RED,9,3
vacuuming,stairs_down,0.091,0,RED,9,8
vacuuming,stairs_down,0.091,0,RED,9,8
vacuuming,stairs_down,0.091,0,RED,9,8
vacuuming,stairs_down,0.091,0,RED,9,8
vacuuming,stairs_down,0.091,0,RED,9,8
vacuuming,stairs_down,0.091,0,RED,9,8
vacuuming,stairs_down,0.091,0,RED,9,8
vacuuming,stairs_down,0.091,0,RED,9,8
vacuuming,stairs_down,0.09,0,RED,9,8
vacuuming,nordic_walk,0.09,0,RED,9,6
vacuuming,stairs_up,0.09,0,RED,9,7
vacuuming,stairs_down,0.091,0,RED,9,8
vacuuming,stairs_down,0.09,0,RED,9,8
vacuuming,stairs_down,0.091,0,RED,9,8
vacuuming,stairs_down,0.09,0,RED,9,8
vacuuming,stairs_down,0.091,0,RED,9,8
vacuuming,stairs_down,0.091,0,RED,9,8
vacuuming,stairs_down,0.09,0,RED,9,8
vacuuming,nordic_walk,0.091,0,RED,9,6
vacuuming,stairs_down,0.091,0,RED,9,8
vacuuming,stairs_down,0.09,0,RED,9,8
vacuuming,stairs_down,0.09,0,RED,9,8
vacuuming,stairs_down,0.09,0,RED,9,8
vacuuming,sitting,0.091,0,RED,9,1
vacuuming,sitting,0.091,0,RED,9,1
vacuuming,stairs_down,0.09,0,RED,9,8
vacuuming,stairs_down,0.091,0,RED,9,8
vacuuming,stairs_down,0.091,0,RED,9,8
vacuuming,nordic_walk,0.091,0,RED,9,6
vacuuming,sitting,0.09,0,RED,9,1
vacuuming,stairs_down,0.091,0,RED,9,8
vacuuming,stairs_down,0.09,0,RED,9,8
vacuuming,stairs_down,0.091,0,RED,9,8
vacuuming,stairs_down,0.09,0,RED,9,8
vacuuming,stairs_down,0.09,0,RED,9,8
vacuuming,stairs_down,0.09,0,RED,9,8
vacuuming,stairs_down,0.09,0,RED,9,8
vacuuming,stairs_down,0.091,0,RED,9,8
vacuuming,stairs_down,0.091,0,RED,9,8
vacuuming,stairs_down,0.091,0,RED,9,8
vacuuming,stairs_down,0.09,0,RED,9,8
vacuuming,stairs_down,0.09,0,RED,9,8
vacuuming,stairs_down,0.091,0,RED,9,8
vacuuming,stairs_down,0.09,0,RED,9,8
vacuuming,stairs_down,0.091,0,RED,9,8
vacuuming,stairs_down,0.09,0,RED,9,8
vacuuming,stairs_down,0.091,0,RED,9,8
vacuuming,stairs_down,0.091,0,RED,9,8
vacuuming,stairs_up,0.091,0,RED,9,7
vacuuming,stairs_down,0.09,0,RED,9,8
vacuuming,stairs_down,0.091,0,RED,9,8
vacuuming,stairs_down,0.091,0,RED,9,8
vacuuming,stairs_down,0.091,0,RED,9,8
vacuuming,stairs_down,0.091,0,RED,9,8
vacuuming,stairs_down,0.09,0,RED,9,8
vacuuming,stairs_down,0.09,0,RED,9,8
vacuuming,stairs_down,0.09,0,RED,9,8
vacuuming,stairs_up,0.091,0,RED,9,7
vacuuming,stairs_down,0.091,0,RED,9,8
vacuuming,stairs_down,0.091,0,RED,9,8
vacuuming,cycling,0.091,0,RED,9,5
vacuuming,stairs_down,0.09,0,RED,9,8
vacuuming,cycling,0.091,0,RED,9,5
vacuuming,stairs_down,0.09,0,RED,9,8
vacuuming,stairs_down,0.091,0,RED,9,8
vacuuming,stairs_down,0.09,0,RED,9,8
vacuuming,stairs_down,0.091,0,RED,9,8
vacuuming,stairs_down,0.091,0,RED,9,8
vacuuming,stairs_down,0.09,0,RED,9,8
vacuuming,stairs_down,0.091,0,RED,9,8
vacuuming,stairs_down,0.091,0,RED,9,8
vacuuming,stairs_down,0.091,0,RED,9,8
vacuuming,nordic_walk,0.091,0,RED,9,6
vacuuming,stairs_down,0.091,0,RED,9,8
vacuuming,nordic_walk,0.091,0,RED,9,6
vacuuming,stairs_down,0.091,0,RED,9,8
vacuuming,stairs_down,0.091,0,RED,9,8
vacuuming,stairs_down,0.091,0,RED,9,8
vacuuming,stairs_down,0.091,0,RED,9,8
vacuuming,stairs_down,0.09,0,RED,9,8
vacuuming,stairs_down,0.091,0,RED,9,8
vacuuming,stairs_down,0.091,0,RED,9,8
vacuuming,stairs_down,0.091,0,RED,9,8
vacuuming,stairs_down,0.091,0,RED,9,8
vacuuming,stairs_down,0.091,0,RED,9,8
vacuuming,stairs_down,0.091,0,RED,9,8
vacuuming,stairs_down,0.09,0,RED,9,8
vacuuming,stairs_down,0.091,0,RED,9,8
vacuuming,stairs_down,0.09,0,RED,9,8
vacuuming,stairs_down,0.091,0,RED,9,8
vacuuming,stairs_down,0.091,0,RED,9,8
vacuuming,stairs_down,0.09,0,RED,9,8
vacuuming,stairs_down,0.09,0,RED,9,8
vacuuming,stairs_down,0.09,0,RED,9,8
vacuuming,stairs_down,0.091,0,RED,9,8
vacuuming,stairs_down,0.091,0,RED,9,8
vacuuming,stairs_down,0.09,0,RED,9,8
vacuuming,stairs_up,0.091,0,RED,9,7
vacuuming,stairs_down,0.091,0,RED,9,8
vacuuming,lying,0.091,0,RED,9,0
vacuuming,stairs_down,0.091,0,RED,9,8
vacuuming,stairs_down,0.09,0,RED,9,8
vacuuming,stairs_down,0.09,0,RED,9,8
vacuuming,stairs_down,0.09,0,RED,9,8
vacuuming,stairs_down,0.09,0,RED,9,8
vacuuming,stairs_down,0.091,0,RED,9,8
vacuuming,stairs_down,0.09,0,RED,9,8
vacuuming,stairs_down,0.09,0,RED,9,8
vacuuming,stairs_down,0.091,0,RED,9,8
vacuuming,sitting,0.091,0,RED,9,1
vacuuming,stairs_down,0.091,0,RED,9,8
vacuuming,stairs_down,0.09,0,RED,9,8
vacuuming,stairs_down,0.09,0,RED,9,8
vacuuming,stairs_down,0.091,0,RED,9,8
vacuuming,stairs_down,0.091,0,RED,9,8
vacuuming,stairs_down,0.09,0,RED,9,8
vacuuming,stairs_down,0.09,0,RED,9,8
vacuuming,stairs_up,0.091,0,RED,9,7
vacuuming,stairs_down,0.09,0,RED,9,8
vacuuming,stairs_down,0.091,0,RED,9,8
vacuuming,stairs_down,0.091,0,RED,9,8
vacuuming,stairs_down,0.091,0,RED,9,8
vacuuming,stairs_down,0.091,0,RED,9,8
vacuuming,stairs_down,0.091,0,RED,9,8
vacuuming,stairs_down,0.091,0,RED,9,8
vacuuming,stairs_down,0.091,0,RED,9,8
vacuuming,stairs_down,0.091,0,RED,9,8
vacuuming,stairs_down,0.091,0,RED,9,8
vacuuming,stairs_down,0.09,0,RED,9,8
vacuuming,stairs_down,0.09,0,RED,9,8
vacuuming,vacuuming,0.091,1,RED,9,9
vacuuming,stairs_down,0.091,0,RED,9,8
vacuuming,stairs_down,0.09,0,RED,9,8
vacuuming,stairs_down,0.091,0,RED,9,8
vacuuming,stairs_down,0.091,0,RED,9,8
vacuuming,stairs_down,0.09,0,RED,9,8
vacuuming,sitting,0.091,0,RED,9,1
vacuuming,stairs_down,0.09,0,RED,9,8
vacuuming,stairs_down,0.091,0,RED,9,8
vacuuming,stairs_down,0.091,0,RED,9,8
vacuuming,stairs_down,0.091,0,RED,9,8
vacuuming,walking,0.091,0,RED,9,3
vacuuming,stairs_down,0.09,0,RED,9,8
vacuuming,walking,0.091,0,RED,9,3
vacuuming,nordic_walk,0.091,0,RED,9,6
vacuuming,stairs_down,0.09,0,RED,9,8
vacuuming,vacuuming,0.092,1,RED,9,9
vacuuming,stairs_down,0.091,0,RED,9,8
vacuuming,stairs_down,0.09,0,RED,9,8
vacuuming,stairs_down,0.091,0,RED,9,8
vacuuming,stairs_down,0.091,0,RED,9,8
vacuuming,lying,0.091,0,RED,9,0
vacuuming,stairs_down,0.091,0,RED,9,8
vacuuming,stairs_down,0.09,0,RED,9,8
vacuuming,stairs_up,0.091,0,RED,9,7
vacuuming,stairs_down,0.09,0,RED,9,8
vacuuming,sitting,0.09,0,RED,9,1
vacuuming,stairs_down,0.091,0,RED,9,8
vacuuming,stairs_down,0.09,0,RED,9,8
vacuuming,running,0.091,0,RED,9,4
vacuuming,stairs_down,0.09,0,RED,9,8
vacuuming,stairs_down,0.091,0,RED,9,8
vacuuming,nordic_walk,0.09,0,RED,9,6
vacuuming,stairs_down,0.09,0,RED,9,8
vacuuming,stairs_down,0.091,0,RED,9,8
vacuuming,stairs_down,0.09,0,RED,9,8
vacuuming,stairs_down,0.09,0,RED,9,8
vacuuming,stairs_down,0.09,0,RED,9,8
vacuuming,stairs_down,0.091,0,RED,9,8
vacuuming,sitting,0.091,0,RED,9,1
vacuuming,stairs_down,0.09,0,RED,9,8
vacuuming,stairs_down,0.09,0,RED,9,8
vacuuming,stairs_down,0.091,0,RED,9,8
vacuuming,stairs_down,0.09,0,RED,9,8
vacuuming,stairs_down,0.091,0,RED,9,8
vacuuming,stairs_down,0.09,0,RED,9,8
vacuuming,stairs_down,0.09,0,RED,9,8
vacuuming,stairs_down,0.091,0,RED,9,8
vacuuming,stairs_down,0.091,0,RED,9,8
vacuuming,sitting,0.091,0,RED,9,1
vacuuming,stairs_down,0.09,0,RED,9,8
vacuuming,stairs_down,0.09,0,RED,9,8
vacuuming,stairs_down,0.091,0,RED,9,8
vacuuming,stairs_down,0.091,0,RED,9,8
vacuuming,stairs_down,0.09,0,RED,9,8
vacuuming,stairs_down,0.09,0,RED,9,8
vacuuming,stairs_down,0.09,0,RED,9,8
vacuuming,nordic_walk,0.091,0,RED,9,6
vacuuming,stairs_down,0.09,0,RED,9,8
vacuuming,nordic_walk,0.091,0,RED,9,6
vacuuming,stairs_down,0.091,0,RED,9,8
vacuuming,vacuuming,0.091,1,RED,9,9
vacuuming,cycling,0.091,0,RED,9,5
vacuuming,stairs_down,0.091,0,RED,9,8
vacuuming,stairs_down,0.09,0,RED,9,8
vacuuming,stairs_down,0.091,0,RED,9,8
vacuuming,stairs_down,0.09,0,RED,9,8
vacuuming,running,0.091,0,RED,9,4
vacuuming,stairs_down,0.09,0,RED,9,8
vacuuming,stairs_down,0.091,0,RED,9,8
ironing,stairs_down,0.09,0,RED,10,8
ironing,stairs_down,0.09,0,RED,10,8
ironing,stairs_down,0.09,0,RED,10,8
ironing,stairs_down,0.09,0,RED,10,8
ironing,stairs_down,0.09,0,RED,10,8
ironing,stairs_down,0.09,0,RED,10,8
ironing,stairs_down,0.09,0,RED,10,8
ironing,stairs_down,0.09,0,RED,10,8
ironing,stairs_down,0.09,0,RED,10,8
ironing,stairs_down,0.091,0,RED,10,8
ironing,stairs_down,0.09,0,RED,10,8
ironing,stairs_down,0.09,0,RED,10,8
ironing,stairs_down,0.09,0,RED,10,8
ironing,sitting,0.091,0,RED,10,1
ironing,stairs_down,0.09,0,RED,10,8
ironing,stairs_down,0.09,0,RED,10,8
ironing,stairs_down,0.09,0,RED,10,8
ironing,stairs_down,0.09,0,RED,10,8
ironing,stairs_down,0.09,0,RED,10,8
ironing,stairs_down,0.09,0,RED,10,8
ironing,stairs_up,0.091,0,RED,10,7
ironing,sitting,0.091,0,RED,10,1
ironing,stairs_down,0.09,0,RED,10,8
ironing,stairs_down,0.09,0,RED,10,8
ironing,stairs_down,0.091,0,RED,10,8
ironing,stairs_up,0.091,0,RED,10,7
ironing,stairs_down,0.09,0,RED,10,8
ironing,stairs_down,0.09,0,RED,10,8
ironing,stairs_down,0.09,0,RED,10,8
ironing,stairs_down,0.09,0,RED,10,8
ironing,stairs_down,0.09,0,RED,10,8
ironing,stairs_down,0.091,0,RED,10,8
ironing,stairs_down,0.09,0,RED,10,8
ironing,stairs_down,0.09,0,RED,10,8
ironing,sitting,0.091,0,RED,10,1
ironing,sitting,0.091,0,RED,10,1
ironing,stairs_down,0.09,0,RED,10,8
ironing,stairs_down,0.091,0,RED,10,8
ironing,stairs_down,0.09,0,RED,10,8
ironing,stairs_down,0.09,0,RED,10,8
ironing,stairs_down,0.09,0,RED,10,8
ironing,stairs_down,0.09,0,RED,10,8
ironing,stairs_down,0.09,0,RED,10,8
ironing,sitting,0.091,0,RED,10,1
ironing,stairs_down,0.09,0,RED,10,8
ironing,stairs_down,0.09,0,RED,10,8
ironing,stairs_down,0.09,0,RED,10,8
ironing,stairs_down,0.09,0,RED,10,8
ironing,stairs_down,0.091,0,RED,10,8
ironing,stairs_down,0.09,0,RED,10,8
ironing,stairs_down,0.09,0,RED,10,8
ironing,stairs_down,0.09,0,RED,10,8
ironing,stairs_down,0.09,0,RED,10,8
ironing,stairs_down,0.091,0,RED,10,8
ironing,stairs_down,0.09,0,RED,10,8
ironing,stairs_down,0.09,0,RED,10,8
ironing,stairs_down,0.09,0,RED,10,8
ironing,stairs_down,0.09,0,RED,10,8
ironing,stairs_down,0.091,0,RED,10,8
ironing,stairs_down,0.09,0,RED,10,8
ironing,stairs_down,0.09,0,RED,10,8
ironing,stairs_down,0.091,0,RED,10,8
ironing,stairs_down,0.09,0,RED,10,8
ironing,stairs_down,0.09,0,RED,10,8
ironing,stairs_down,0.09,0,RED,10,8
ironing,stairs_down,0.09,0,RED,10,8
ironing,stairs_down,0.091,0,RED,10,8
ironing,stairs_down,0.091,0,RED,10,8
ironing,stairs_down,0.09,0,RED,10,8
ironing,stairs_down,0.09,0,RED,10,8
ironing,stairs_down,0.091,0,RED,10,8
ironing,stairs_down,0.091,0,RED,10,8
ironing,stairs_down,0.09,0,RED,10,8
ironing,stairs_down,0.09,0,RED,10,8
ironing,stairs_down,0.091,0,RED,10,8
ironing,stairs_down,0.09,0,RED,10,8
ironing,stairs_down,0.09,0,RED,10,8
ironing,stairs_down,0.09,0,RED,10,8
ironing,sitting,0.091,0,RED,10,1
ironing,stairs_down,0.091,0,RED,10,8
ironing,stairs_down,0.09,0,RED,10,8
ironing,stairs_down,0.09,0,RED,10,8
ironing,stairs_down,0.09,0,RED,10,8
ironing,stairs_down,0.09,0,RED,10,8
ironing,stairs_down,0.09,0,RED,10,8
ironing,stairs_down,0.091,0,RED,10,8
ironing,stairs_down,0.09,0,RED,10,8
ironing,stairs_down,0.09,0,RED,10,8
ironing,stairs_down,0.09,0,RED,10,8
ironing,stairs_down,0.09,0,RED,10,8
ironing,stairs_down,0.09,0,RED,10,8
ironing,stairs_down,0.09,0,RED,10,8
ironing,stairs_down,0.09,0,RED,10,8
ironing,stairs_down,0.09,0,RED,10,8
ironing,stairs_down,0.09,0,RED,10,8
ironing,stairs_down,0.09,0,RED,10,8
ironing,stairs_down,0.09,0,RED,10,8
ironing,stairs_down,0.09,0,RED,10,8
ironing,stairs_down,0.09,0,RED,10,8
ironing,stairs_down,0.09,0,RED,10,8
ironing,stairs_down,0.09,0,RED,10,8
ironing,stairs_down,0.09,0,RED,10,8
ironing,stairs_down,0.091,0,RED,10,8
ironing,stairs_down,0.09,0,RED,10,8
ironing,stairs_down,0.09,0,RED,10,8
ironing,sitting,0.091,0,RED,10,1
ironing,stairs_down,0.091,0,RED,10,8
ironing,stairs_down,0.09,0,RED,10,8
ironing,stairs_down,0.09,0,RED,10,8
ironing,stairs_down,0.09,0,RED,10,8
ironing,stairs_down,0.09,0,RED,10,8
ironing,stairs_down,0.09,0,RED,10,8
ironing,sitting,0.091,0,RED,10,1
ironing,stairs_down,0.091,0,RED,10,8
ironing,stairs_down,0.09,0,RED,10,8
ironing,stairs_down,0.091,0,RED,10,8
ironing,stairs_down,0.09,0,RED,10,8
ironing,stairs_down,0.09,0,RED,10,8
ironing,stairs_down,0.091,0,RED,10,8
ironing,sitting,0.091,0,RED,10,1
ironing,stairs_down,0.091,0,RED,10,8
ironing,stairs_down,0.09,0,RED,10,8
ironing,stairs_down,0.09,0,RED,10,8
ironing,stairs_down,0.09,0,RED,10,8
ironing,stairs_down,0.09,0,RED,10,8
ironing,stairs_down,0.09,0,RED,10,8
ironing,sitting,0.09,0,RED,10,1
ironing,stairs_down,0.09,0,RED,10,8
ironing,stairs_down,0.09,0,RED,10,8
ironing,stairs_down,0.091,0,RED,10,8
ironing,stairs_down,0.091,0,RED,10,8
ironing,stairs_down,0.09,0,RED,10,8
ironing,stairs_down,0.09,0,RED,10,8
ironing,stairs_down,0.09,0,RED,10,8
ironing,stairs_down,0.09,0,RED,10,8
ironing,stairs_down,0.091,0,RED,10,8
ironing,stairs_down,0.091,0,RED,10,8
ironing,stairs_down,0.09,0,RED,10,8
ironing,stairs_up,0.091,0,RED,10,7
ironing,sitting,0.091,0,RED,10,1
ironing,stairs_down,0.09,0,RED,10,8
ironing,nordic_walk,0.091,0,RED,10,6
ironing,stairs_down,0.09,0,RED,10,8
ironing,stairs_down,0.091,0,RED,10,8
ironing,stairs_down,0.091,0,RED,10,8
ironing,stairs_down,0.09,0,RED,10,8
ironing,stairs_down,0.09,0,RED,10,8
ironing,nordic_walk,0.091,0,RED,10,6
ironing,stairs_down,0.09,0,RED,10,8
ironing,stairs_down,0.091,0,RED,10,8
ironing,stairs_down,0.09,0,RED,10,8
ironing,stairs_down,0.09,0,RED,10,8
ironing,stairs_down,0.091,0,RED,10,8
ironing,sitting,0.091,0,RED,10,1
ironing,stairs_down,0.09,0,RED,10,8
ironing,stairs_down,0.09,0,RED,10,8
ironing,stairs_down,0.09,0,RED,10,8
ironing,stairs_down,0.09,0,RED,10,8
ironing,stairs_down,0.09,0,RED,10,8
ironing,stairs_down,0.091,0,RED,10,8
ironing,stairs_down,0.09,0,RED,10,8
ironing,stairs_down,0.09,0,RED,10,8
ironing,stairs_down,0.09,0,RED,10,8
ironing,stairs_down,0.09,0,RED,10,8
ironing,stairs_down,0.091,0,RED,10,8
ironing,stairs_down,0.09,0,RED,10,8
ironing,stairs_down,0.09,0,RED,10,8
ironing,stairs_down,0.091,0,RED,10,8
ironing,stairs_down,0.09,0,RED,10,8
ironing,stairs_down,0.091,0,RED,10,8
ironing,stairs_down,0.09,0,RED,10,8
ironing,stairs_down,0.09,0,RED,10,8
ironing,stairs_down,0.091,0,RED,10,8
ironing,stairs_down,0.09,0,RED,10,8
ironing,stairs_down,0.09,0,RED,10,8
ironing,stairs_down,0.09,0,RED,10,8
ironing,stairs_down,0.091,0,RED,10,8
ironing,stairs_down,0.09,0,RED,10,8
ironing,stairs_down,0.09,0,RED,10,8
ironing,stairs_down,0.09,0,RED,10,8
ironing,stairs_down,0.09,0,RED,10,8
ironing,stairs_up,0.091,0,RED,10,7
ironing,stairs_down,0.091,0,RED,10,8
ironing,stairs_down,0.091,0,RED,10,8
ironing,stairs_down,0.09,0,RED,10,8
ironing,stairs_down,0.09,0,RED,10,8
ironing,stairs_down,0.091,0,RED,10,8
ironing,stairs_down,0.09,0,RED,10,8
ironing,stairs_down,0.09,0,RED,10,8
ironing,stairs_down,0.091,0,RED,10,8
ironing,stairs_down,0.091,0,RED,10,8
ironing,stairs_down,0.09,0,RED,10,8
ironing,sitting,0.091,0,RED,10,1
ironing,stairs_down,0.091,0,RED,10,8
ironing,stairs_down,0.09,0,RED,10,8
ironing,stairs_down,0.09,0,RED,10,8
ironing,stairs_down,0.091,0,RED,10,8
ironing,sitting,0.091,0,RED,10,1
ironing,stairs_down,0.09,0,RED,10,8
ironing,stairs_down,0.09,0,RED,10,8
ironing,stairs_down,0.09,0,RED,10,8
ironing,stairs_down,0.091,0,RED,10,8
ironing,stairs_down,0.09,0,RED,10,8
ironing,stairs_down,0.09,0,RED,10,8
ironing,stairs_down,0.09,0,RED,10,8
ironing,stairs_down,0.091,0,RED,10,8
ironing,stairs_down,0.09,0,RED,10,8
ironing,stairs_down,0.09,0,RED,10,8
ironing,stairs_down,0.091,0,RED,10,8
ironing,stairs_down,0.09,0,RED,10,8
ironing,stairs_down,0.09,0,RED,10,8
ironing,stairs_down,0.091,0,RED,10,8
ironing,stairs_down,0.09,0,RED,10,8
ironing,stairs_down,0.091,0,RED,10,8
ironing,stairs_down,0.091,0,RED,10,8
ironing,stairs_down,0.091,0,RED,10,8
ironing,stairs_down,0.091,0,RED,10,8
ironing,stairs_down,0.09,0,RED,10,8
ironing,stairs_down,0.09,0,RED,10,8
ironing,stairs_down,0.09,0,RED,10,8
ironing,stairs_down,0.09,0,RED,10,8
ironing,stairs_down,0.09,0,RED,10,8
ironing,stairs_down,0.09,0,RED,10,8
ironing,stairs_down,0.09,0,RED,10,8
ironing,stairs_down,0.09,0,RED,10,8
ironing,stairs_down,0.091,0,RED,10,8
ironing,sitting,0.091,0,RED,10,1
ironing,stairs_down,0.091,0,RED,10,8
ironing,stairs_up,0.091,0,RED,10,7
ironing,stairs_down,0.09,0,RED,10,8
ironing,stairs_down,0.09,0,RED,10,8
ironing,stairs_down,0.091,0,RED,10,8
ironing,stairs_down,0.091,0,RED,10,8
ironing,stairs_down,0.091,0,RED,10,8
ironing,stairs_down,0.091,0,RED,10,8
ironing,stairs_down,0.091,0,RED,10,8
ironing,stairs_down,0.091,0,RED,10,8
ironing,stairs_down,0.09,0,RED,10,8
ironing,stairs_down,0.09,0,RED,10,8
ironing,stairs_down,0.091,0,RED,10,8
ironing,stairs_down,0.09,0,RED,10,8
ironing,stairs_down,0.09,0,RED,10,8
ironing,stairs_down,0.09,0,RED,10,8
ironing,stairs_down,0.09,0,RED,10,8
ironing,stairs_down,0.09,0,RED,10,8
ironing,walking,0.091,0,RED,10,3
ironing,sitting,0.091,0,RED,10,1
ironing,stairs_down,0.09,0,RED,10,8
ironing,stairs_down,0.091,0,RED,10,8
ironing,stairs_down,0.09,0,RED,10,8
ironing,stairs_down,0.09,0,RED,10,8
ironing,stairs_down,0.09,0,RED,10,8
ironing,stairs_down,0.091,0,RED,10,8
ironing,stairs_down,0.09,0,RED,10,8
ironing,stairs_down,0.09,0,RED,10,8
ironing,stairs_down,0.091,0,RED,10,8
ironing,stairs_down,0.09,0,RED,10,8
ironing,stairs_down,0.09,0,RED,10,8
ironing,stairs_down,0.091,0,RED,10,8
ironing,stairs_down,0.091,0,RED,10,8
ironing,stairs_down,0.09,0,RED,10,8
ironing,stairs_down,0.09,0,RED,10,8
ironing,stairs_down,0.09,0,RED,10,8
ironing,stairs_down,0.091,0,RED,10,8
ironing,stairs_down,0.09,0,RED,10,8
ironing,stairs_down,0.09,0,RED,10,8
ironing,stairs_down,0.09,0,RED,10,8
ironing,stairs_down,0.091,0,RED,10,8
ironing,stairs_down,0.09,0,RED,10,8
ironing,sitting,0.09,0,RED,10,1
ironing,stairs_down,0.09,0,RED,10,8
ironing,stairs_down,0.09,0,RED,10,8
ironing,stairs_down,0.09,0,RED,10,8
ironing,stairs_down,0.09,0,RED,10,8
ironing,stairs_down,0.09,0,RED,10,8
ironing,stairs_down,0.09,0,RED,10,8
ironing,stairs_down,0.09,0,RED,10,8
ironing,stairs_down,0.09,0,RED,10,8
ironing,stairs_down,0.09,0,RED,10,8
ironing,stairs_down,0.09,0,RED,10,8
ironing,stairs_down,0.09,0,RED,10,8
ironing,stairs_down,0.09,0,RED,10,8
ironing,stairs_down,0.09,0,RED,10,8
ironing,stairs_down,0.091,0,RED,10,8
ironing,stairs_down,0.091,0,RED,10,8
ironing,stairs_down,0.091,0,RED,10,8
ironing,stairs_down,0.09,0,RED,10,8
ironing,stairs_down,0.09,0,RED,10,8
ironing,stairs_down,0.091,0,RED,10,8
ironing,sitting,0.091,0,RED,10,1
ironing,stairs_down,0.09,0,RED,10,8
ironing,stairs_down,0.09,0,RED,10,8
ironing,stairs_down,0.091,0,RED,10,8
ironing,stairs_down,0.09,0,RED,10,8
ironing,stairs_down,0.091,0,RED,10,8
ironing,stairs_down,0.09,0,RED,10,8
ironing,stairs_down,0.09,0,RED,10,8
ironing,stairs_down,0.09,0,RED,10,8
ironing,stairs_down,0.09,0,RED,10,8
ironing,stairs_down,0.091,0,RED,10,8
ironing,stairs_down,0.09,0,RED,10,8
ironing,stairs_down,0.09,0,RED,10,8
ironing,stairs_down,0.09,0,RED,10,8
ironing,stairs_down,0.09,0,RED,10,8
ironing,sitting,0.091,0,RED,10,1
ironing,stairs_down,0.09,0,RED,10,8
ironing,stairs_down,0.091,0,RED,10,8
ironing,stairs_down,0.09,0,RED,10,8
ironing,stairs_down,0.09,0,RED,10,8
ironing,stairs_down,0.09,0,RED,10,8
ironing,stairs_down,0.09,0,RED,10,8
ironing,stairs_down,0.09,0,RED,10,8
ironing,stairs_down,0.09,0,RED,10,8
ironing,stairs_down,0.09,0,RED,10,8
ironing,stairs_down,0.09,0,RED,10,8
ironing,stairs_down,0.09,0,RED,10,8
ironing,stairs_down,0.09,0,RED,10,8
ironing,stairs_down,0.09,0,RED,10,8
ironing,sitting,0.091,0,RED,10,1
ironing,stairs_down,0.09,0,RED,10,8
ironing,stairs_down,0.09,0,RED,10,8
ironing,stairs_down,0.091,0,RED,10,8
ironing,stairs_down,0.09,0,RED,10,8
ironing,stairs_down,0.09,0,RED,10,8
ironing,stairs_down,0.09,0,RED,10,8
ironing,stairs_down,0.09,0,RED,10,8
ironing,stairs_down,0.09,0,RED,10,8
ironing,stairs_down,0.09,0,RED,10,8
ironing,stairs_down,0.09,0,RED,10,8
ironing,stairs_down,0.091,0,RED,10,8
ironing,stairs_down,0.09,0,RED,10,8
ironing,stairs_down,0.091,0,RED,10,8
ironing,stairs_down,0.091,0,RED,10,8
ironing,stairs_down,0.09,0,RED,10,8
ironing,stairs_down,0.09,0,RED,10,8
ironing,stairs_down,0.09,0,RED,10,8
ironing,stairs_down,0.09,0,RED,10,8
ironing,stairs_down,0.09,0,RED,10,8
ironing,stairs_down,0.09,0,RED,10,8
ironing,stairs_down,0.09,0,RED,10,8
ironing,stairs_down,0.09,0,RED,10,8
ironing,stairs_down,0.09,0,RED,10,8
ironing,stairs_down,0.09,0,RED,10,8
ironing,stairs_down,0.091,0,RED,10,8
ironing,stairs_down,0.09,0,RED,10,8
ironing,stairs_down,0.09,0,RED,10,8
ironing,stairs_down,0.09,0,RED,10,8
ironing,stairs_down,0.091,0,RED,10,8
ironing,stairs_down,0.09,0,RED,10,8
ironing,stairs_down,0.09,0,RED,10,8
ironing,stairs_down,0.09,0,RED,10,8
ironing,stairs_down,0.091,0,RED,10,8
ironing,stairs_down,0.09,0,RED,10,8
ironing,stairs_down,0.09,0,RED,10,8
ironing,stairs_down,0.09,0,RED,10,8
ironing,stairs_down,0.09,0,RED,10,8
ironing,stairs_down,0.091,0,RED,10,8
ironing,stairs_down,0.09,0,RED,10,8
ironing,stairs_down,0.09,0,RED,10,8
ironing,stairs_down,0.09,0,RED,10,8
ironing,sitting,0.091,0,RED,10,1
ironing,stairs_down,0.09,0,RED,10,8
ironing,stairs_down,0.09,0,RED,10,8
ironing,stairs_down,0.09,0,RED,10,8
ironing,stairs_down,0.09,0,RED,10,8
ironing,stairs_down,0.09,0,RED,10,8
ironing,stairs_down,0.091,0,RED,10,8
ironing,stairs_down,0.09,0,RED,10,8
ironing,stairs_down,0.09,0,RED,10,8
ironing,stairs_down,0.091,0,RED,10,8
ironing,stairs_down,0.09,0,RED,10,8
ironing,stairs_down,0.09,0,RED,10,8
ironing,stairs_down,0.091,0,RED,10,8
ironing,stairs_down,0.09,0,RED,10,8
ironing,stairs_down,0.091,0,RED,10,8
ironing,stairs_down,0.09,0,RED,10,8
ironing,stairs_down,0.09,0,RED,10,8
ironing,stairs_down,0.091,0,RED,10,8
ironing,stairs_down,0.091,0,RED,10,8
ironing,stairs_down,0.09,0,RED,10,8
ironing,stairs_down,0.09,0,RED,10,8
ironing,stairs_down,0.09,0,RED,10,8
ironing,stairs_down,0.09,0,RED,10,8
ironing,stairs_down,0.09,0,RED,10,8
ironing,stairs_down,0.09,0,RED,10,8
ironing,stairs_down,0.091,0,RED,10,8
ironing,stairs_down,0.09,0,RED,10,8
ironing,sitting,0.091,0,RED,10,1
ironing,stairs_down,0.09,0,RED,10,8
ironing,stairs_down,0.09,0,RED,10,8
ironing,stairs_down,0.09,0,RED,10,8
ironing,stairs_down,0.091,0,RED,10,8
ironing,stairs_down,0.091,0,RED,10,8
ironing,stairs_down,0.09,0,RED,10,8
ironing,stairs_down,0.091,0,RED,10,8
ironing,stairs_down,0.091,0,RED,10,8
ironing,stairs_down,0.09,0,RED,10,8
ironing,stairs_down,0.091,0,RED,10,8
ironing,stairs_down,0.09,0,RED,10,8
ironing,stairs_down,0.09,0,RED,10,8
ironing,stairs_down,0.09,0,RED,10,8
ironing,stairs_down,0.09,0,RED,10,8
ironing,stairs_down,0.09,0,RED,10,8
ironing,stairs_down,0.09,0,RED,10,8
ironing,stairs_down,0.09,0,RED,10,8
ironing,stairs_down,0.09,0,RED,10,8
ironing,stairs_down,0.09,0,RED,10,8
ironing,stairs_down,0.09,0,RED,10,8
ironing,sitting,0.091,0,RED,10,1
ironing,sitting,0.091,0,RED,10,1
ironing,stairs_down,0.09,0,RED,10,8
ironing,stairs_down,0.09,0,RED,10,8
ironing,stairs_down,0.091,0,RED,10,8
ironing,stairs_down,0.09,0,RED,10,8
ironing,stairs_down,0.09,0,RED,10,8
ironing,sitting,0.091,0,RED,10,1
ironing,stairs_up,0.091,0,RED,10,7
ironing,stairs_down,0.09,0,RED,10,8
ironing,stairs_down,0.09,0,RED,10,8
ironing,stairs_down,0.09,0,RED,10,8
ironing,stairs_down,0.09,0,RED,10,8
ironing,stairs_down,0.09,0,RED,10,8
ironing,stairs_down,0.09,0,RED,10,8
ironing,stairs_down,0.09,0,RED,10,8
ironing,stairs_down,0.09,0,RED,10,8
ironing,stairs_down,0.09,0,RED,10,8
ironing,stairs_down,0.09,0,RED,10,8
ironing,stairs_down,0.09,0,RED,10,8
ironing,stairs_down,0.09,0,RED,10,8
ironing,sitting,0.09,0,RED,10,1
ironing,stairs_down,0.09,0,RED,10,8
ironing,stairs_down,0.09,0,RED,10,8
ironing,stairs_down,0.09,0,RED,10,8
ironing,stairs_down,0.09,0,RED,10,8
ironing,stairs_down,0.091,0,RED,10,8
ironing,stairs_down,0.09,0,RED,10,8
ironing,stairs_down,0.09,0,RED,10,8
ironing,stairs_down,0.09,0,RED,10,8
ironing,stairs_down,0.09,0,RED,10,8
ironing,stairs_down,0.09,0,RED,10,8
ironing,stairs_down,0.09,0,RED,10,8
ironing,stairs_down,0.09,0,RED,10,8
ironing,stairs_down,0.091,0,RED,10,8
ironing,stairs_down,0.09,0,RED,10,8
ironing,stairs_down,0.09,0,RED,10,8
ironing,stairs_down,0.09,0,RED,10,8
ironing,stairs_down,0.091,0,RED,10,8
ironing,stairs_down,0.09,0,RED,10,8
ironing,stairs_down,0.091,0,RED,10,8
ironing,stairs_down,0.09,0,RED,10,8
ironing,stairs_up,0.091,0,RED,10,7
ironing,stairs_down,0.09,0,RED,10,8
ironing,stairs_down,0.091,0,RED,10,8
ironing,stairs_down,0.09,0,RED,10,8
ironing,stairs_down,0.09,0,RED,10,8
ironing,stairs_down,0.09,0,RED,10,8
ironing,sitting,0.091,0,RED,10,1
ironing,stairs_down,0.09,0,RED,10,8
ironing,stairs_down,0.091,0,RED,10,8
ironing,stairs_down,0.09,0,RED,10,8
ironing,nordic_walk,0.091,0,RED,10,6
ironing,stairs_down,0.09,0,RED,10,8
ironing,stairs_down,0.09,0,RED,10,8
ironing,stairs_down,0.09,0,RED,10,8
ironing,stairs_down,0.09,0,RED,10,8
ironing,stairs_down,0.091,0,RED,10,8
ironing,stairs_down,0.09,0,RED,10,8
ironing,stairs_down,0.091,0,RED,10,8
ironing,stairs_down,0.091,0,RED,10,8
ironing,stairs_down,0.09,0,RED,10,8
ironing,stairs_down,0.09,0,RED,10,8
ironing,stairs_down,0.091,0,RED,10,8
ironing,stairs_down,0.09,0,RED,10,8
ironing,stairs_up,0.091,0,RED,10,7
ironing,stairs_up,0.091,0,RED,10,7
ironing,stairs_down,0.09,0,RED,10,8
ironing,stairs_down,0.09,0,RED,10,8
ironing,stairs_down,0.09,0,RED,10,8
ironing,stairs_down,0.09,0,RED,10,8
ironing,stairs_down,0.09,0,RED,10,8
ironing,stairs_down,0.091,0,RED,10,8
ironing,stairs_down,0.091,0,RED,10,8
ironing,stairs_up,0.091,0,RED,10,7
ironing,stairs_down,0.09,0,RED,10,8
ironing,stairs_down,0.09,0,RED,10,8
ironing,stairs_down,0.09,0,RED,10,8
ironing,stairs_down,0.09,0,RED,10,8
ironing,stairs_down,0.09,0,RED,10,8
ironing,stairs_down,0.09,0,RED,10,8
ironing,stairs_down,0.09,0,RED,10,8
ironing,stairs_down,0.091,0,RED,10,8
ironing,stairs_down,0.091,0,RED,10,8
ironing,stairs_down,0.09,0,RED,10,8
ironing,stairs_down,0.09,0,RED,10,8
ironing,stairs_down,0.091,0,RED,10,8
ironing,stairs_down,0.09,0,RED,10,8
ironing,stairs_up,0.091,0,RED,10,7
ironing,stairs_down,0.09,0,RED,10,8
ironing,stairs_down,0.09,0,RED,10,8
ironing,stairs_down,0.091,0,RED,10,8
